scenario,policy_scenario,policy_severity,events,wind_shares,total_damage_usd,wind_total_usd,water_total_usd,underinsured_wind_usd,uninsured_wind_usd,nfip_policyholder_shortfall_usd,wind_insured_private_usd,wind_insured_citizens_usd,wind_underinsured_usd,wind_uninsured_usd,flood_insured_capped_usd,flood_un_derinsured_usd,wind_insured_private_pct,wind_insured_citizens_pct,wind_underinsured_pct,wind_uninsured_pct,flood_insured_capped_pct,flood_un_derinsured_pct,insured_private_wind_pre_usd,insured_citizens_wind_pre_usd,insured_flood_pre_usd,defaults_pre,defaults_post,rescued_defaults,default_companies_pre,default_companies_post,group_contrib_total_usd,group_supported_companies,defaulted_premium_base_pct,largest_entity_deficit_usd,diag_group_shortfall_total_usd,diag_groups_with_shortfall,diag_groups_fully_funded_share,figa_residual_deficit_usd,figa_collected_usd,citizens_residual_deficit_usd,citizens_tier1_usd,citizens_tier2_usd,citizens_tier1_capacity_usd,citizens_tier2_capacity_usd,nfip_borrowed_usd,nfip_claims_paid_usd,nfip_pool_used_usd,nfip_fl_premium_base_usd,nfip_fl_premium_depletion_usd,underinsured_flood_usd,fhcf_cap_binding,fhcf_total_precap_usd,fhcf_total_postcap_usd,fhcf_shortfall_usd,fhcf_scaling_factor,fhcf_recovery_private_usd,fhcf_recovery_citizens_usd,catbond_payout_usd,catbond_unfilled_usd,catbond_triggers,catbond_limit_in_force_usd,catbond_issue_volume_year_usd,iter
lake_okeechobee,baseline,,1928250N14343,"{""1928250N14343"": 0.26095116444867733}",156882125783.81442,40938573404.47023,115943552379.3442,6868833996.303007,16306057250.469997,0.0,15259919632.78467,2503762524.9125576,6868833996.303007,16306057250.469997,17988602597.980812,97954949781.36337,9.726996977216535,1.5959514268456396,4.378340720451703,10.393827320353852,11.46631747122635,62.438566083905926,15259919632.78467,2503762524.9125576,17988602597.980812,12,8,4,Universal P&C Insurance Co.;First Protective Insurance Co.;Cypress P&C Insurance Co.;Tower Hill Insurance Exchange;Kin Interinsurance Network;TypTap Insurance Co.;Homeowners Choice P&C Ins Co.;GeoVera Specialty Insurance Co;FL Farm Bureau General Ins Co.;AIG Property Casualty Co.;ASI Preferred Insurance Corp.;Castle Key Indemnity Co.,Universal P&C Insurance Co.;First Protective Insurance Co.;Cypress P&C Insurance Co.;Tower Hill Insurance Exchange;Kin Interinsurance Network;TypTap Insurance Co.;Homeowners Choice P&C Ins Co.;GeoVera Specialty Insurance Co,243954831.1130888,4,24.017115967979795,201697374.02141368,0.0,0,1.0,221361111.54474878,434615760.0,1313695521.9930153,539937478.65,359958319.1,539937478.65,359958319.1,14547602597.980812,17988602597.980812,3441000000.0,1395853723.0,1395853723.0,0.0,False,7240212877.83276,7240212877.83276,0.0,1.0,7205813379.438156,34399498.3946034,1452074407.0023332,0.0,11,9464500000.0,9464500000.0,1
lake_okeechobee,baseline,,1928250N14343,"{""1928250N14343"": 0.13322657908223748}",156882125783.81442,20900868937.326874,135981256846.48755,5160410656.971483,8483923056.608635,0.0,6257293539.807962,999241683.938795,5160410656.971483,8483923056.608635,21086487003.491734,114894769842.99582,3.9885318410528123,0.6369378786438442,3.289355387804086,5.4078328007230025,13.440974807129516,73.23636728464675,6257293539.807962,999241683.938795,21086487003.491734,7,4,3,Universal P&C Insurance Co.;First Protective Insurance Co.;Kin Interinsurance Network;Homeowners Choice P&C Ins Co.;FL Farm Bureau General Ins Co.;ASI Preferred Insurance Corp.;Castle Key Indemnity Co.,Universal P&C Insurance Co.;First Protective Insurance Co.;Kin Interinsurance Network;Homeowners Choice P&C Ins Co.,64818096.81832293,3,16.162888892523068,108300741.61242294,0.0,0,1.0,0.0,206255624.02317518,0.0,539937478.65,295088253.48916495,539937478.65,359958319.1,17645487003.491734,21086487003.491734,3441000000.0,1395853723.0,1395853723.0,0.0,False,623967415.5824603,623967415.5824603,0.0,1.0,623967415.5824603,0.0,1350675668.9709616,0.0,10,9464500000.0,9464500000.0,2
lake_okeechobee,baseline,,1928250N14343,"{""1928250N14343"": 0.12811408457395326}",156882125783.81442,20098809930.80917,136783315853.00525,4805082753.074918,7735554782.408622,0.0,6466118399.441499,1092053995.884132,4805082753.074918,7735554782.408622,21210487539.215023,115572828313.79022,4.121641243153406,0.6960984181136073,3.0628618327727044,4.9308069633556055,13.520015383042008,73.66857615956266,6466118399.441499,1092053995.884132,21210487539.215023,7,3,4,Universal P&C Insurance Co.;First Protective Insurance Co.;Kin Interinsurance Network;FL Farm Bureau General Ins Co.;AIG Property Casualty Co.;ASI Preferred Insurance Corp.;Castle Key Indemnity Co.,Universal P&C Insurance Co.;First Protective Insurance Co.;Kin Interinsurance Network,66490915.48036018,4,13.812836302273293,110850443.27393955,0.0,0,1.0,0.0,232514529.94119328,17893493.95664668,539937478.65,359958319.1,539937478.65,359958319.1,17769487539.215023,21210487539.215023,3441000000.0,1395853723.0,1395853723.0,0.0,False,727535858.0417154,727535858.0417154,0.0,1.0,727535858.0417154,0.0,1370924516.0493064,0.0,10,9464500000.0,9464500000.0,3
lake_okeechobee,baseline,,1928250N14343,"{""1928250N14343"": 0.31362398747126313}",156882125783.8144,49201997851.28813,107680127932.52628,8209647546.161752,23105354462.55037,0.0,15530732217.656065,2356263624.9199495,8209647546.161752,23105354462.55037,16711054375.2345,90969073557.29178,9.899618672338502,1.5019324943154526,5.233003763267941,14.72784381720442,10.65198109200952,57.98562016086418,15530732217.656065,2356263624.9199495,16711054375.2345,14,10,4,Universal P&C Insurance Co.;First Protective Insurance Co.;Cypress P&C Insurance Co.;Tower Hill Insurance Exchange;Kin Interinsurance Network;TypTap Insurance Co.;Homeowners Choice P&C Ins Co.;Edison Insurance Co.;Safe Harbor Insurance Co.;GeoVera Specialty Insurance Co;FL Farm Bureau General Ins Co.;AIG Property Casualty Co.;ASI Preferred Insurance Corp.;Castle Key Indemnity Co.,Universal P&C Insurance Co.;First Protective Insurance Co.;Cypress P&C Insurance Co.;Tower Hill Insurance Exchange;Kin Interinsurance Network;TypTap Insurance Co.;Homeowners Choice P&C Ins Co.;Edison Insurance Co.;Safe Harbor Insurance Co.;GeoVera Specialty Insurance Co,265944116.1157241,4,27.73228202456624,201579983.875754,0.0,0,1.0,297680584.51910174,393588060.0,1213866278.0000777,539937478.65,359958319.1,539937478.65,359958319.1,13270054375.2345,16711054375.2345,3441000000.0,1395853723.0,1395853723.0,0.0,False,7296022877.848121,7296022877.848121,0.0,1.0,7296022877.848121,0.0,1452693801.3115516,0.0,11,9464500000.0,9464500000.0,4
lake_okeechobee,baseline,,1928250N14343,"{""1928250N14343"": 0.42613410770513405}",156882125783.81442,66852824685.77035,90029301098.04407,10244352341.128206,33505689498.738785,0.0,20028696201.213047,3074086644.6903,10244352341.128206,33505689498.738785,13982187838.422485,76047113259.62158,12.766716476555684,1.9594881375628672,6.529967827721212,21.357238328673628,8.91254358555169,48.47404564393491,20028696201.213047,3074086644.6903,13982187838.422485,19,12,7,Universal P&C Insurance Co.;Florida Family Insurance Co.;First Protective Insurance Co.;Cypress P&C Insurance Co.;Tower Hill Insurance Exchange;Kin Interinsurance Network;Florida Family Home Ins Co.;TypTap Insurance Co.;Homeowners Choice P&C Ins Co.;Edison Insurance Co.;Safe Harbor Insurance Co.;GeoVera Specialty Insurance Co;FL Farm Bureau General Ins Co.;Homesite Insurance Co.;State Farm FL Ins Co;AIG Property Casualty Co.;ASI Preferred Insurance Corp.;Castle Key Indemnity Co.;First Liberty Insurance Corp.,Universal P&C Insurance Co.;Florida Family Insurance Co.;First Protective Insurance Co.;Cypress P&C Insurance Co.;Tower Hill Insurance Exchange;Kin Interinsurance Network;Florida Family Home Ins Co.;TypTap Insurance Co.;Homeowners Choice P&C Ins Co.;Edison Insurance Co.;Safe Harbor Insurance Co.;GeoVera Specialty Insurance Co,682007759.9981363,7,28.525995730733356,217920963.82063246,0.0,0,1.0,765273893.0075948,384822840.0,1372184060.362947,539937478.65,359958319.1,539937478.65,359958319.1,10541187838.422485,13982187838.422485,3441000000.0,1395853723.0,1395853723.0,0.0,False,9812128377.511082,9812128377.511082,0.0,1.0,9213108000.536512,599020376.9745691,1594812070.5797255,0.0,13,9464500000.0,9464500000.0,5
lake_okeechobee,baseline,,1928250N14343,"{""1928250N14343"": 0.29164207797586006}",156882125783.8144,45753429160.86188,111128696622.95253,10206895659.863766,19628014820.011734,0.0,13522985414.010473,2395533266.9759045,10206895659.863766,19628014820.011734,17244212611.24514,93884484011.7074,8.61983820428678,1.5269637984616427,6.506092143300633,12.511313651536945,10.991827478809082,59.84396472360493,13522985414.010473,2395533266.9759045,17244212611.24514,12,8,4,Universal P&C Insurance Co.;First Protective Insurance Co.;Cypress P&C Insurance Co.;Tower Hill Insurance Exchange;Kin Interinsurance Network;TypTap Insurance Co.;Homeowners Choice P&C Ins Co.;GeoVera Specialty Insurance Co;FL Farm Bureau General Ins Co.;AIG Property Casualty Co.;ASI Preferred Insurance Corp.;Castle Key Indemnity Co.,Universal P&C Insurance Co.;First Protective Insurance Co.;Cypress P&C Insurance Co.;Tower Hill Insurance Exchange;Kin Interinsurance Network;TypTap Insurance Co.;Homeowners Choice P&C Ins Co.;GeoVera Specialty Insurance Co,209407073.2316823,4,24.017115967979795,195882151.6993249,0.0,0,1.0,167864926.13589072,434615760.0,1234728465.0450625,539937478.65,359958319.1,539937478.65,359958319.1,13803212611.24514,17244212611.24514,3441000000.0,1395853723.0,1395853723.0,0.0,False,5910695190.180736,5910695190.180736,0.0,1.0,5910695190.180736,0.0,1446775991.0013657,0.0,11,9464500000.0,9464500000.0,6
lake_okeechobee,baseline,,1928250N14343,"{""1928250N14343"": 0.29451802125709925}",156882125783.81442,46204613256.45637,110677512527.35805,6726669294.685119,24277813543.345978,0.0,13264816154.222395,1935314264.202872,6726669294.685119,24277813543.345978,17174458305.004694,93503054222.35335,8.455275633185568,1.2336104285517906,4.287721919292804,15.475194144679755,10.947364602052447,59.60083327223763,13264816154.222395,1935314264.202872,17174458305.004694,12,8,4,Universal P&C Insurance Co.;First Protective Insurance Co.;Cypress P&C Insurance Co.;Tower Hill Insurance Exchange;Kin Interinsurance Network;TypTap Insurance Co.;Homeowners Choice P&C Ins Co.;GeoVera Specialty Insurance Co;FL Farm Bureau General Ins Co.;AIG Property Casualty Co.;ASI Preferred Insurance Corp.;Castle Key Indemnity Co.,Universal P&C Insurance Co.;First Protective Insurance Co.;Cypress P&C Insurance Co.;Tower Hill Insurance Exchange;Kin Interinsurance Network;TypTap Insurance Co.;Homeowners Choice P&C Ins Co.;GeoVera Specialty Insurance Co,174746126.76593292,4,24.017115967979795,193872710.06250077,0.0,0,1.0,169011121.93489587,434615760.0,812593988.7441963,539937478.65,359958319.1,539937478.65,359958319.1,13733458305.004694,17174458305.004694,3441000000.0,1395853723.0,1395853723.0,0.0,False,5733071100.377111,5733071100.377111,0.0,1.0,5733071100.377111,0.0,1448691742.4352534,0.0,11,9464500000.0,9464500000.0,7
lake_okeechobee,baseline,,1928250N14343,"{""1928250N14343"": 0.17195196456979114}",156882125783.8144,26976189734.411964,129905936049.40244,5158781518.434769,12407359161.171688,0.0,8255706597.121641,1154342457.6838715,5158781518.434769,12407359161.171688,20147225643.15841,109758710406.24403,5.262362780893288,0.7358024070087948,3.2883169402890653,7.908714328787965,12.842269661058486,69.9625338819624,8255706597.121641,1154342457.6838715,20147225643.15841,8,4,4,Universal P&C Insurance Co.;First Protective Insurance Co.;Kin Interinsurance Network;Homeowners Choice P&C Ins Co.;FL Farm Bureau General Ins Co.;AIG Property Casualty Co.;ASI Preferred Insurance Corp.;Castle Key Indemnity Co.,Universal P&C Insurance Co.;First Protective Insurance Co.;Kin Interinsurance Network;Homeowners Choice P&C Ins Co.,90124767.07019565,4,16.162888892523068,179365591.24140888,0.0,0,1.0,0.0,401964351.14985585,87353620.39512312,539937478.65,359958319.1,539937478.65,359958319.1,16706225643.15841,20147225643.15841,3441000000.0,1395853723.0,1395853723.0,0.0,False,1879913255.3209386,1879913255.3209386,0.0,1.0,1879913255.3209386,0.0,1420362146.3341258,0.0,10,9464500000.0,9464500000.0,8
lake_okeechobee,baseline,,1928250N14343,"{""1928250N14343"": 0.34680199743072626}",156882125783.8144,54407034583.005264,102475091200.80914,12374651123.093124,18696841671.23632,0.0,20220919335.17245,3114622453.5033712,12374651123.093124,18696841671.23632,15906341332.99265,86568749867.8165,12.889243586001085,1.985326523300278,7.887865530420944,11.917764103350315,10.139039902424445,55.180760354502944,20220919335.17245,3114622453.5033712,15906341332.99265,18,12,6,Universal P&C Insurance Co.;Florida Family Insurance Co.;First Protective Insurance Co.;Cypress P&C Insurance Co.;Tower Hill Insurance Exchange;Kin Interinsurance Network;Florida Family Home Ins Co.;TypTap Insurance Co.;Homeowners Choice P&C Ins Co.;Edison Insurance Co.;Safe Harbor Insurance Co.;GeoVera Specialty Insurance Co;FL Farm Bureau General Ins Co.;Homesite Insurance Co.;State Farm FL Ins Co;AIG Property Casualty Co.;ASI Preferred Insurance Corp.;Castle Key Indemnity Co.,Universal P&C Insurance Co.;Florida Family Insurance Co.;First Protective Insurance Co.;Cypress P&C Insurance Co.;Tower Hill Insurance Exchange;Kin Interinsurance Network;Florida Family Home Ins Co.;TypTap Insurance Co.;Homeowners Choice P&C Ins Co.;Edison Insurance Co.;Safe Harbor Insurance Co.;GeoVera Specialty Insurance Co,629657086.1521654,6,28.525995730733356,239649475.16573584,0.0,0,1.0,751792977.9545946,384822840.0,1374833394.9348826,539937478.65,359958319.1,539937478.65,359958319.1,12465341332.99265,15906341332.99265,3441000000.0,1395853723.0,1395853723.0,0.0,False,9894118218.16966,9894118218.16966,0.0,1.0,9254967390.470152,639150827.6995091,1631899813.3061016,0.0,13,9464500000.0,9464500000.0,9
lake_okeechobee,baseline,,1928250N14343,"{""1928250N14343"": 0.33646256587658135}",156882125783.81442,52784962581.394775,104097163202.41965,8003361231.730739,24174764981.114124,0.0,17741290475.23167,2865545893.318239,8003361231.730739,24174764981.114124,16157118140.61773,87940045061.80191,11.308675469938109,1.8265598321041354,5.101512483811874,15.409508801804012,10.298890367461265,56.0548530448806,17741290475.23167,2865545893.318239,16157118140.61773,16,11,5,Universal P&C Insurance Co.;Florida Family Insurance Co.;First Protective Insurance Co.;Cypress P&C Insurance Co.;Tower Hill Insurance Exchange;Kin Interinsurance Network;TypTap Insurance Co.;Homeowners Choice P&C Ins Co.;Edison Insurance Co.;Safe Harbor Insurance Co.;GeoVera Specialty Insurance Co;FL Farm Bureau General Ins Co.;State Farm FL Ins Co;AIG Property Casualty Co.;ASI Preferred Insurance Corp.;Castle Key Indemnity Co.,Universal P&C Insurance Co.;Florida Family Insurance Co.;First Protective Insurance Co.;Cypress P&C Insurance Co.;Tower Hill Insurance Exchange;Kin Interinsurance Network;TypTap Insurance Co.;Homeowners Choice P&C Ins Co.;Edison Insurance Co.;Safe Harbor Insurance Co.;GeoVera Specialty Insurance Co,334666533.50471145,5,28.176154707643686,209693055.10965657,0.0,0,1.0,504725332.75493693,388686240.0,1341967157.9108171,539937478.65,359958319.1,539937478.65,359958319.1,12716118140.61773,16157118140.61773,3441000000.0,1395853723.0,1395853723.0,0.0,False,8943745432.469936,8943745432.469936,0.0,1.0,8551180399.353708,392565033.11622876,1507645509.927422,0.0,12,9464500000.0,9464500000.0,10
lake_okeechobee,baseline,,1928250N14343,"{""1928250N14343"": 0.2925663960325385}",156882125783.81442,45898438142.49396,110983687641.32047,7612447528.452284,19345032490.064274,0.0,16384636539.42121,2556321584.5561905,7612447528.452284,19345032490.064274,17221793822.52642,93761893818.79404,10.443915428580722,1.6294536881013673,4.852335784219506,12.330934702352247,10.977537266583367,59.76582313016279,16384636539.42121,2556321584.5561905,17221793822.52642,14,10,4,Universal P&C Insurance Co.;Florida Family Insurance Co.;First Protective Insurance Co.;Cypress P&C Insurance Co.;Tower Hill Insurance Exchange;Kin Interinsurance Network;TypTap Insurance Co.;Homeowners Choice P&C Ins Co.;Edison Insurance Co.;GeoVera Specialty Insurance Co;FL Farm Bureau General Ins Co.;AIG Property Casualty Co.;ASI Preferred Insurance Corp.;Castle Key Indemnity Co.,Universal P&C Insurance Co.;Florida Family Insurance Co.;First Protective Insurance Co.;Cypress P&C Insurance Co.;Tower Hill Insurance Exchange;Kin Interinsurance Network;TypTap Insurance Co.;Homeowners Choice P&C Ins Co.;Edison Insurance Co.;GeoVera Specialty Insurance Co,292065719.37837344,4,27.56350641435879,204948321.74365592,0.0,0,1.0,342236313.69592845,395451900.0,1323598334.5418692,539937478.65,359958319.1,539937478.65,359958319.1,13780793822.52642,17221793822.52642,3441000000.0,1395853723.0,1395853723.0,0.0,False,8014664077.282827,8014664077.282827,0.0,1.0,7928231109.841027,86432967.44180042,1466746575.313304,0.0,11,9464500000.0,9464500000.0,11
lake_okeechobee,baseline,,1928250N14343,"{""1928250N14343"": 0.49315934506732817}",156882125783.8144,77367886404.3161,79514239379.4983,16049602638.746264,24393265758.15194,0.0,31074710488.20302,5850307519.214886,16049602638.746264,24393265758.15194,12356530279.97903,67157709099.51927,19.80768066020751,3.729110304941103,10.230357702357262,15.548785839226948,7.876314920035243,42.80775057323195,31074710488.20302,5850307519.214886,12356530279.97903,26,17,9,Universal P&C Insurance Co.;Florida Family Insurance Co.;First Protective Insurance Co.;Cypress P&C Insurance Co.;Florida Peninsula Insurance Co;Tower Hill Insurance Exchange;Kin Interinsurance Network;Florida Family Home Ins Co.;US Coastal P&C Insurance Co.;TypTap Insurance Co.;Homeowners Choice P&C Ins Co.;Edison Insurance Co.;Safe Harbor Insurance Co.;GeoVera Specialty Insurance Co;Florida Farm Bureau Cas Ins Co;Universal North America Ins Co;Auto Club Insurance Co. of FL;American Platinum P&C Ins Co.;FL Farm Bureau General Ins Co.;Homesite Insurance Co.;State Farm FL Ins Co;AIG Property Casualty Co.;ASI Preferred Insurance Corp.;ACE Ins Co. of the Midwest;Castle Key Indemnity Co.;First Liberty Insurance Corp.,Universal P&C Insurance Co.;Florida Family Insurance Co.;First Protective Insurance Co.;Cypress P&C Insurance Co.;Florida Peninsula Insurance Co;Tower Hill Insurance Exchange;Kin Interinsurance Network;Florida Family Home Ins Co.;US Coastal P&C Insurance Co.;TypTap Insurance Co.;Homeowners Choice P&C Ins Co.;Edison Insurance Co.;Safe Harbor Insurance Co.;GeoVera Specialty Insurance Co;Florida Farm Bureau Cas Ins Co;Universal North America Ins Co;American Platinum P&C Ins Co.,2152125191.6475515,9,33.145293557041065,1511288700.8402207,5758839.563724212,1,0.9811320754716981,4147734231.462208,333810540.0,1485234368.3084688,539937478.65,359958319.1,539937478.65,359958319.1,8915530279.97903,12356530279.97903,3441000000.0,1395853723.0,1395853723.0,0.0,False,13746409665.353502,13746409665.353502,0.0,1.0,10398930622.599594,3347479042.7539086,2086372282.4046328,0.0,13,9464500000.0,9464500000.0,12
lake_okeechobee,baseline,,1928250N14343,"{""1928250N14343"": 0.23874742992882883}",156882125783.8144,37455204332.65694,119426921451.15747,6004177485.870575,15931175131.157383,0.0,13489751308.059898,2030100407.5690823,6004177485.870575,15931175131.157383,18527141068.987007,100899780382.17046,8.598654079081609,1.29402913010408,3.827190290718274,10.15486949297892,11.809593334117393,64.31566367299973,13489751308.059898,2030100407.5690823,18527141068.987007,12,8,4,Universal P&C Insurance Co.;First Protective Insurance Co.;Cypress P&C Insurance Co.;Tower Hill Insurance Exchange;Kin Interinsurance Network;TypTap Insurance Co.;Homeowners Choice P&C Ins Co.;GeoVera Specialty Insurance Co;FL Farm Bureau General Ins Co.;AIG Property Casualty Co.;ASI Preferred Insurance Corp.;Castle Key Indemnity Co.,Universal P&C Insurance Co.;First Protective Insurance Co.;Cypress P&C Insurance Co.;Tower Hill Insurance Exchange;Kin Interinsurance Network;TypTap Insurance Co.;Homeowners Choice P&C Ins Co.;GeoVera Specialty Insurance Co,171259522.38740593,4,24.017115967979795,194265671.87923515,0.0,0,1.0,156588663.9069401,434615760.0,897498815.3166345,539937478.65,359958319.1,539937478.65,359958319.1,15086141068.987007,18527141068.987007,3441000000.0,1395853723.0,1395853723.0,0.0,False,6010808552.429948,6010808552.429948,0.0,1.0,6010808552.429948,0.0,1445617585.9269083,0.0,11,9464500000.0,9464500000.0,13
lake_okeechobee,baseline,,1928250N14343,"{""1928250N14343"": 0.4555587534030219}",156882125783.8144,71469025653.29056,85413100130.52385,11792040473.916279,30634233114.778183,0.0,24875113252.081333,4167638812.5147686,11792040473.916279,30634233114.778183,13268510430.242603,72144589700.28125,15.855925668906067,2.6565415223005258,7.51649712483235,19.526911024263242,8.457630443207268,45.986494216490556,24875113252.081333,4167638812.5147686,13268510430.242603,23,15,8,Universal P&C Insurance Co.;Florida Family Insurance Co.;First Protective Insurance Co.;Cypress P&C Insurance Co.;Tower Hill Insurance Exchange;Kin Interinsurance Network;Florida Family Home Ins Co.;US Coastal P&C Insurance Co.;TypTap Insurance Co.;Homeowners Choice P&C Ins Co.;Edison Insurance Co.;Safe Harbor Insurance Co.;GeoVera Specialty Insurance Co;Universal North America Ins Co;Auto Club Insurance Co. of FL;American Platinum P&C Ins Co.;FL Farm Bureau General Ins Co.;Homesite Insurance Co.;State Farm FL Ins Co;AIG Property Casualty Co.;ASI Preferred Insurance Corp.;Castle Key Indemnity Co.;First Liberty Insurance Corp.,Universal P&C Insurance Co.;Florida Family Insurance Co.;First Protective Insurance Co.;Cypress P&C Insurance Co.;Tower Hill Insurance Exchange;Kin Interinsurance Network;Florida Family Home Ins Co.;US Coastal P&C Insurance Co.;TypTap Insurance Co.;Homeowners Choice P&C Ins Co.;Edison Insurance Co.;Safe Harbor Insurance Co.;GeoVera Specialty Insurance Co;Universal North America Ins Co;American Platinum P&C Ins Co.,1204365524.840357,8,29.360577648978133,607306254.6174501,133975.96818268672,1,0.9811320754716981,1671410236.2035995,375606300.0,1429353350.856474,539937478.65,359958319.1,539937478.65,359958319.1,9827510430.242603,13268510430.242603,3441000000.0,1395853723.0,1395853723.0,0.0,False,11756013309.662863,11756013309.662863,0.0,1.0,10074376286.542068,1681637023.1207938,1977348915.538554,0.0,13,9464500000.0,9464500000.0,14
lake_okeechobee,baseline,,1928250N14343,"{""1928250N14343"": 0.29311531367126414}",156882125783.81442,45984553508.537476,110897572275.27695,9580331705.036247,17246999963.04254,0.0,16239578890.342081,2917642950.116604,9580331705.036247,17246999963.04254,17208480149.297108,93689092125.97983,10.351452601248168,1.8597676029308483,6.106706966884212,10.993604196063183,10.96905084841253,59.71941778446105,16239578890.342081,2917642950.116604,17208480149.297108,14,10,4,Universal P&C Insurance Co.;First Protective Insurance Co.;Cypress P&C Insurance Co.;Tower Hill Insurance Exchange;Kin Interinsurance Network;TypTap Insurance Co.;Homeowners Choice P&C Ins Co.;Edison Insurance Co.;Safe Harbor Insurance Co.;GeoVera Specialty Insurance Co;FL Farm Bureau General Ins Co.;AIG Property Casualty Co.;ASI Preferred Insurance Corp.;Castle Key Indemnity Co.,Universal P&C Insurance Co.;First Protective Insurance Co.;Cypress P&C Insurance Co.;Tower Hill Insurance Exchange;Kin Interinsurance Network;TypTap Insurance Co.;Homeowners Choice P&C Ins Co.;Edison Insurance Co.;Safe Harbor Insurance Co.;GeoVera Specialty Insurance Co,293220409.4321173,4,27.73228202456624,204437178.6446134,0.0,0,1.0,411303924.2515967,393588060.0,1328624417.5490274,539937478.65,359958319.1,539937478.65,359958319.1,13767480149.297108,17208480149.297108,3441000000.0,1395853723.0,1395853723.0,0.0,False,8151836843.073805,8151836843.073805,0.0,1.0,7707695723.727196,444141119.34660923,1453168107.9997802,0.0,11,9464500000.0,9464500000.0,15
lake_okeechobee,baseline,,1928250N14343,"{""1928250N14343"": 0.5556737670097458}",156882125783.8144,87175281810.7889,69706843973.02551,20311842229.11824,28784051941.001286,0.0,32923859175.102127,5155528465.567252,20311842229.11824,28784051941.001286,10840279886.217094,58866564086.80841,20.986367319162692,3.286243375278862,12.947199770296471,18.347566236236553,6.909824705687084,37.52279859333835,32923859175.102127,5155528465.567252,10840279886.217094,27,18,9,Universal P&C Insurance Co.;Florida Family Insurance Co.;First Protective Insurance Co.;Cypress P&C Insurance Co.;Florida Peninsula Insurance Co;Tower Hill Insurance Exchange;Kin Interinsurance Network;Heritage P&C Insurance Co.;Florida Family Home Ins Co.;US Coastal P&C Insurance Co.;TypTap Insurance Co.;Homeowners Choice P&C Ins Co.;Edison Insurance Co.;Safe Harbor Insurance Co.;GeoVera Specialty Insurance Co;Florida Farm Bureau Cas Ins Co;Universal North America Ins Co;Auto Club Insurance Co. of FL;American Platinum P&C Ins Co.;FL Farm Bureau General Ins Co.;Homesite Insurance Co.;State Farm FL Ins Co;AIG Property Casualty Co.;ASI Preferred Insurance Corp.;ACE Ins Co. of the Midwest;Castle Key Indemnity Co.;First Liberty Insurance Corp.,Universal P&C Insurance Co.;Florida Family Insurance Co.;First Protective Insurance Co.;Cypress P&C Insurance Co.;Florida Peninsula Insurance Co;Tower Hill Insurance Exchange;Kin Interinsurance Network;Heritage P&C Insurance Co.;Florida Family Home Ins Co.;US Coastal P&C Insurance Co.;TypTap Insurance Co.;Homeowners Choice P&C Ins Co.;Edison Insurance Co.;Safe Harbor Insurance Co.;GeoVera Specialty Insurance Co;Florida Farm Bureau Cas Ins Co;Universal North America Ins Co;American Platinum P&C Ins Co.,2723326383.458779,9,35.166819401784345,1204155054.1269822,13299468.176057339,1,0.9811320754716981,4245748413.3482723,311486220.0,1486671059.2812872,539937478.65,359958319.1,539937478.65,359958319.1,7399279886.217094,10840279886.217094,3441000000.0,1395853723.0,1395853723.0,0.0,False,13192234979.35937,13192234979.35937,0.0,1.0,10532587199.716618,2659647779.642752,2086336369.854557,0.0,13,9464500000.0,9464500000.0,16
lake_okeechobee,baseline,,1928250N14343,"{""1928250N14343"": 0.1523606076284081}",156882125783.8144,23902656010.458313,132979469773.3561,4597595971.30303,10869191249.814814,0.0,7290196979.60464,1145671809.7358284,4597595971.30303,10869191249.814814,20622402438.42758,112357067334.92851,4.646926438038344,0.7302755517952243,2.9306053499291416,6.928253423078101,13.145157445689842,71.61878179146936,7290196979.60464,1145671809.7358284,20622402438.42758,8,4,4,Universal P&C Insurance Co.;First Protective Insurance Co.;Kin Interinsurance Network;Homeowners Choice P&C Ins Co.;FL Farm Bureau General Ins Co.;AIG Property Casualty Co.;ASI Preferred Insurance Corp.;Castle Key Indemnity Co.,Universal P&C Insurance Co.;First Protective Insurance Co.;Kin Interinsurance Network;Homeowners Choice P&C Ins Co.,76559884.63325153,4,16.162888892523068,163981627.2215308,0.0,0,1.0,0.0,355398491.9954039,73653630.73938835,539937478.65,359958319.1,539937478.65,359958319.1,17181402438.42758,20622402438.42758,3441000000.0,1395853723.0,1395853723.0,0.0,False,1180668950.8948212,1180668950.8948212,0.0,1.0,1180668950.8948212,0.0,1406215826.038163,0.0,10,9464500000.0,9464500000.0,17
lake_okeechobee,baseline,,1928250N14343,"{""1928250N14343"": 0.3342022822845079}",156882125783.81442,52430364486.59601,104451761297.21841,10352985891.739918,22993135429.685524,0.0,16483980227.192604,2600262937.977959,10352985891.739918,22993135429.685524,16211939984.602016,88239821312.6164,10.507239205763783,1.6574628403245597,6.599213160845656,14.656313021516779,10.333834975529511,56.245936796019706,16483980227.192604,2600262937.977959,16211939984.602016,14,10,4,Universal P&C Insurance Co.;First Protective Insurance Co.;Cypress P&C Insurance Co.;Tower Hill Insurance Exchange;Kin Interinsurance Network;TypTap Insurance Co.;Homeowners Choice P&C Ins Co.;Edison Insurance Co.;Safe Harbor Insurance Co.;GeoVera Specialty Insurance Co;FL Farm Bureau General Ins Co.;AIG Property Casualty Co.;ASI Preferred Insurance Corp.;Castle Key Indemnity Co.,Universal P&C Insurance Co.;First Protective Insurance Co.;Cypress P&C Insurance Co.;Tower Hill Insurance Exchange;Kin Interinsurance Network;TypTap Insurance Co.;Homeowners Choice P&C Ins Co.;Edison Insurance Co.;Safe Harbor Insurance Co.;GeoVera Specialty Insurance Co,308323739.10273904,4,27.73228202456624,204149221.8573271,0.0,0,1.0,358870323.46328926,393588060.0,1326939370.5291204,539937478.65,359958319.1,539937478.65,359958319.1,12770939984.602016,16211939984.602016,3441000000.0,1395853723.0,1395853723.0,0.0,False,8025777109.105965,8025777109.105965,0.0,1.0,7895842201.776613,129934907.32935143,1453818111.7552695,0.0,11,9464500000.0,9464500000.0,18
lake_okeechobee,baseline,,1928250N14343,"{""1928250N14343"": 0.22025228587279924}",156882125783.81442,34553646816.46914,122328478967.34528,7042916192.398464,14349302209.42923,0.0,11363296231.46957,1798132183.1718755,7042916192.398464,14349302209.42923,18975729867.95998,103352749099.3853,7.243206435848745,1.1461676556128038,4.489304410690924,9.14655008512745,12.095533365036612,65.87923804768346,11363296231.46957,1798132183.1718755,18975729867.95998,12,8,4,Universal P&C Insurance Co.;First Protective Insurance Co.;Cypress P&C Insurance Co.;Tower Hill Insurance Exchange;Kin Interinsurance Network;TypTap Insurance Co.;Homeowners Choice P&C Ins Co.;GeoVera Specialty Insurance Co;FL Farm Bureau General Ins Co.;AIG Property Casualty Co.;ASI Preferred Insurance Corp.;Castle Key Indemnity Co.,Universal P&C Insurance Co.;First Protective Insurance Co.;Cypress P&C Insurance Co.;Tower Hill Insurance Exchange;Kin Interinsurance Network;TypTap Insurance Co.;Homeowners Choice P&C Ins Co.;GeoVera Specialty Insurance Co,135262727.1991259,4,24.017115967979795,189414818.03043985,0.0,0,1.0,106384498.76147509,434615760.0,676477468.4456253,539937478.65,359958319.1,539937478.65,359958319.1,15534729867.95998,18975729867.95998,3441000000.0,1395853723.0,1395853723.0,0.0,False,4323163390.704423,4323163390.704423,0.0,1.0,4323163390.704423,0.0,1438145577.9050493,0.0,10,9464500000.0,9464500000.0,19
lake_okeechobee,baseline,,1928250N14343,"{""1928250N14343"": 0.18487715205739855}",156882125783.8144,29003920623.622177,127878205160.19223,5486103447.062094,11620763650.50851,0.0,10352052235.654152,1545001290.397421,5486103447.062094,11620763650.50851,19833732852.077606,108044472308.11462,6.598618028620681,0.9848166466882613,3.4969588916853507,7.407321638745559,12.64244269574008,68.86984209852007,10352052235.654152,1545001290.397421,19833732852.077606,11,7,4,Universal P&C Insurance Co.;First Protective Insurance Co.;Tower Hill Insurance Exchange;Kin Interinsurance Network;TypTap Insurance Co.;Homeowners Choice P&C Ins Co.;GeoVera Specialty Insurance Co;FL Farm Bureau General Ins Co.;AIG Property Casualty Co.;ASI Preferred Insurance Corp.;Castle Key Indemnity Co.,Universal P&C Insurance Co.;First Protective Insurance Co.;Tower Hill Insurance Exchange;Kin Interinsurance Network;TypTap Insurance Co.;Homeowners Choice P&C Ins Co.;GeoVera Specialty Insurance Co,117408143.04129754,4,23.145936299594748,185858385.67825282,0.0,0,1.0,74556018.0696103,444236460.0,443460364.7792673,539937478.65,359958319.1,539937478.65,359958319.1,16392732852.077606,19833732852.077606,3441000000.0,1395853723.0,1395853723.0,0.0,False,3545493414.7935834,3545493414.7935834,0.0,1.0,3545493414.7935834,0.0,1436960623.0231805,0.0,10,9464500000.0,9464500000.0,20
lake_okeechobee,baseline,,1928250N14343,"{""1928250N14343"": 0.421977716168007}",156882125783.81442,66200761145.836,90681364637.97842,16511200341.499249,24799968845.709053,0.0,21661146639.53589,3228445319.0918074,16511200341.499249,24799968845.709053,14082998661.093174,76598365976.88522,13.807275068024783,2.0578796360400204,10.524589884925382,15.808027027810503,8.976802545689447,48.82542583750985,21661146639.53589,3228445319.0918074,14082998661.093174,19,12,7,Universal P&C Insurance Co.;Florida Family Insurance Co.;First Protective Insurance Co.;Cypress P&C Insurance Co.;Tower Hill Insurance Exchange;Kin Interinsurance Network;Florida Family Home Ins Co.;TypTap Insurance Co.;Homeowners Choice P&C Ins Co.;Edison Insurance Co.;Safe Harbor Insurance Co.;GeoVera Specialty Insurance Co;FL Farm Bureau General Ins Co.;Homesite Insurance Co.;State Farm FL Ins Co;AIG Property Casualty Co.;ASI Preferred Insurance Corp.;Castle Key Indemnity Co.;First Liberty Insurance Corp.,Universal P&C Insurance Co.;Florida Family Insurance Co.;First Protective Insurance Co.;Cypress P&C Insurance Co.;Tower Hill Insurance Exchange;Kin Interinsurance Network;Florida Family Home Ins Co.;TypTap Insurance Co.;Homeowners Choice P&C Ins Co.;Edison Insurance Co.;Safe Harbor Insurance Co.;GeoVera Specialty Insurance Co,787856517.0705649,7,28.525995730733356,290194862.3841151,0.0,0,1.0,930634441.8853314,384822840.0,1390471570.6460986,539937478.65,359958319.1,539937478.65,359958319.1,10641998661.093174,14082998661.093174,3441000000.0,1395853723.0,1395853723.0,0.0,False,10395022011.582518,10395022011.582518,0.0,1.0,9643186546.950457,751835464.6320608,1759486484.0341287,0.0,13,9464500000.0,9464500000.0,21
lake_okeechobee,baseline,,1928250N14343,"{""1928250N14343"": 0.15546331034732752}",156882125783.8144,24389414608.677612,132492711175.1368,3686760477.4525957,8903486934.206099,0.0,10204698652.768633,1594468544.250281,3686760477.4525957,8903486934.206099,20547148215.912,111945562959.22482,6.504691724301876,1.0163481252462625,2.3500194550735496,5.675271730111064,13.097188805451449,71.35648015981583,10204698652.768633,1594468544.250281,20547148215.912,11,7,4,Universal P&C Insurance Co.;First Protective Insurance Co.;Tower Hill Insurance Exchange;Kin Interinsurance Network;TypTap Insurance Co.;Homeowners Choice P&C Ins Co.;GeoVera Specialty Insurance Co;FL Farm Bureau General Ins Co.;AIG Property Casualty Co.;ASI Preferred Insurance Corp.;Castle Key Indemnity Co.,Universal P&C Insurance Co.;First Protective Insurance Co.;Tower Hill Insurance Exchange;Kin Interinsurance Network;TypTap Insurance Co.;Homeowners Choice P&C Ins Co.;GeoVera Specialty Insurance Co,101192185.47711663,4,23.145936299594748,186292646.3772683,0.0,0,1.0,41531681.575752616,444236460.0,486932898.4043186,539937478.65,359958319.1,539937478.65,359958319.1,17106148215.911999,20547148215.912,3441000000.0,1395853723.0,1395853723.0,0.0,False,3429045906.8627596,3429045906.8627596,0.0,1.0,3429045906.8627596,0.0,1436436425.1135101,0.0,10,9464500000.0,9464500000.0,22
lake_okeechobee,baseline,,1928250N14343,"{""1928250N14343"": 0.10330254768747014}",156882125783.81442,16206323280.094175,140675802503.72025,2935556313.591268,6541254967.993475,0.0,5751362690.849234,978149307.6601981,2935556313.591268,6541254967.993475,21812276716.896637,118863525786.82361,3.6660407692171924,0.6234931498876426,1.8711859613863866,4.16953488825579,13.903608590155283,75.7661366410977,5751362690.849234,978149307.6601981,21812276716.896637,6,3,3,Universal P&C Insurance Co.;First Protective Insurance Co.;Kin Interinsurance Network;FL Farm Bureau General Ins Co.;ASI Preferred Insurance Corp.;Castle Key Indemnity Co.,Universal P&C Insurance Co.;First Protective Insurance Co.;Kin Interinsurance Network,63120382.401896805,3,13.812836302273293,74505989.44413182,0.0,0,1.0,0.0,140230658.32272282,0.0,539937478.65,270140246.73122406,539937478.65,359958319.1,18371276716.896637,21812276716.896637,3441000000.0,1395853723.0,1395853723.0,0.0,False,385889055.8759184,385889055.8759184,0.0,1.0,385889055.8759184,0.0,1336581904.6457083,0.0,10,9464500000.0,9464500000.0,23
lake_okeechobee,baseline,,1928250N14343,"{""1928250N14343"": 0.22760840640435573}",156882125783.81442,35707690642.98168,121174435140.83273,7015156265.5735235,14350878229.654976,0.0,12374737388.60736,1966918759.145825,7015156265.5735235,14350878229.654976,18797311507.748535,102377123633.0842,7.887920517892463,1.2537558050789444,4.471609643561624,9.147554673902539,11.981805711666269,65.25735364789816,12374737388.60736,1966918759.145825,18797311507.748535,12,8,4,Universal P&C Insurance Co.;First Protective Insurance Co.;Cypress P&C Insurance Co.;Tower Hill Insurance Exchange;Kin Interinsurance Network;TypTap Insurance Co.;Homeowners Choice P&C Ins Co.;GeoVera Specialty Insurance Co;FL Farm Bureau General Ins Co.;AIG Property Casualty Co.;ASI Preferred Insurance Corp.;Castle Key Indemnity Co.,Universal P&C Insurance Co.;First Protective Insurance Co.;Cypress P&C Insurance Co.;Tower Hill Insurance Exchange;Kin Interinsurance Network;TypTap Insurance Co.;Homeowners Choice P&C Ins Co.;GeoVera Specialty Insurance Co,159295815.71767,4,24.017115967979795,192145760.83471704,0.0,0,1.0,135205424.90213275,434615760.0,834894803.640673,539937478.65,359958319.1,539937478.65,359958319.1,15356311507.748535,18797311507.748535,3441000000.0,1395853723.0,1395853723.0,0.0,False,5105631237.193314,5105631237.193314,0.0,1.0,5105631237.193314,0.0,1440666852.608605,0.0,11,9464500000.0,9464500000.0,24
lake_okeechobee,baseline,,1928250N14343,"{""1928250N14343"": 0.35778641409215434}",156882125783.81442,56130293219.34526,100751832564.46916,10672088644.26715,20996446590.99333,0.0,20958618825.088764,3503139158.9960165,10672088644.26715,20996446590.99333,15639920792.409603,85111911772.05956,13.359468913603331,2.232975325578764,6.80261603477596,13.383581135257373,9.969217789642661,54.25214080114191,20958618825.088764,3503139158.9960165,15639920792.409603,18,12,6,Universal P&C Insurance Co.;Florida Family Insurance Co.;First Protective Insurance Co.;Cypress P&C Insurance Co.;Tower Hill Insurance Exchange;Kin Interinsurance Network;Florida Family Home Ins Co.;TypTap Insurance Co.;Homeowners Choice P&C Ins Co.;Edison Insurance Co.;Safe Harbor Insurance Co.;GeoVera Specialty Insurance Co;FL Farm Bureau General Ins Co.;Homesite Insurance Co.;State Farm FL Ins Co;AIG Property Casualty Co.;ASI Preferred Insurance Corp.;Castle Key Indemnity Co.,Universal P&C Insurance Co.;Florida Family Insurance Co.;First Protective Insurance Co.;Cypress P&C Insurance Co.;Tower Hill Insurance Exchange;Kin Interinsurance Network;Florida Family Home Ins Co.;TypTap Insurance Co.;Homeowners Choice P&C Ins Co.;Edison Insurance Co.;Safe Harbor Insurance Co.;GeoVera Specialty Insurance Co,758181316.4445522,6,28.525995730733356,221602164.7518971,0.0,0,1.0,835183071.7054436,384822840.0,1387788758.1972218,539937478.65,359958319.1,539937478.65,359958319.1,12198920792.409603,15639920792.409603,3441000000.0,1395853723.0,1395853723.0,0.0,False,10362173465.420483,10362173465.420483,0.0,1.0,9338391099.283255,1023782366.1372281,1819572640.8429012,0.0,13,9464500000.0,9464500000.0,25
lake_okeechobee,baseline,,1928250N14343,"{""1928250N14343"": 0.12779186994963762}",156882125783.81442,20048260215.5879,136833865568.22652,2850417410.219246,7517358249.369503,0.0,8504252399.7359295,1176232156.263218,2850417410.219246,7517358249.369503,21218302664.6823,115615562903.54424,5.420791155937611,0.7497553659389349,1.8169166155659808,4.791723857521232,13.52499691005041,73.69581609498583,8504252399.7359295,1176232156.263218,21218302664.6823,9,5,4,Universal P&C Insurance Co.;First Protective Insurance Co.;Tower Hill Insurance Exchange;Kin Interinsurance Network;Homeowners Choice P&C Ins Co.;FL Farm Bureau General Ins Co.;AIG Property Casualty Co.;ASI Preferred Insurance Corp.;Castle Key Indemnity Co.,Universal P&C Insurance Co.;First Protective Insurance Co.;Tower Hill Insurance Exchange;Kin Interinsurance Network;Homeowners Choice P&C Ins Co.,86363020.43815175,4,20.97679156065444,179948778.54998225,0.0,0,1.0,0.0,402582382.5412901,107762780.48275316,539937478.65,359958319.1,539937478.65,359958319.1,17777302664.6823,21218302664.6823,3441000000.0,1395853723.0,1395853723.0,0.0,False,2074944795.2235496,2074944795.2235496,0.0,1.0,2074944795.2235496,0.0,1435056067.6224785,0.0,10,9464500000.0,9464500000.0,26
lake_okeechobee,baseline,,1928250N14343,"{""1928250N14343"": 0.3070080538220306}",156882125783.81442,48164076116.35187,108718049667.46255,7974684808.319347,19526011041.14664,0.0,17694988168.040867,2968392098.8450108,7974684808.319347,19526011041.14664,16871519939.644447,91846529727.81808,11.279161395623099,1.892116188516908,5.083233522287022,12.446294275776026,10.754265251921444,58.54492936587549,17694988168.040867,2968392098.8450108,16871519939.644447,16,11,5,Universal P&C Insurance Co.;First Protective Insurance Co.;Cypress P&C Insurance Co.;Tower Hill Insurance Exchange;Kin Interinsurance Network;Florida Family Home Ins Co.;TypTap Insurance Co.;Homeowners Choice P&C Ins Co.;Edison Insurance Co.;Safe Harbor Insurance Co.;GeoVera Specialty Insurance Co;FL Farm Bureau General Ins Co.;State Farm FL Ins Co;AIG Property Casualty Co.;ASI Preferred Insurance Corp.;Castle Key Indemnity Co.,Universal P&C Insurance Co.;First Protective Insurance Co.;Cypress P&C Insurance Co.;Tower Hill Insurance Exchange;Kin Interinsurance Network;Florida Family Home Ins Co.;TypTap Insurance Co.;Homeowners Choice P&C Ins Co.;Edison Insurance Co.;Safe Harbor Insurance Co.;GeoVera Specialty Insurance Co,368375825.08141965,5,28.08212304765591,209411716.70363092,0.0,0,1.0,507580893.14969766,389724660.0,1342347226.8177762,539937478.65,359958319.1,539937478.65,359958319.1,13430519939.644447,16871519939.644447,3441000000.0,1395853723.0,1395853723.0,0.0,False,9028081312.103558,9028081312.103558,0.0,1.0,8533698535.515825,494382776.58773214,1454272473.026324,0.0,11,9464500000.0,9464500000.0,27
lake_okeechobee,baseline,,1928250N14343,"{""1928250N14343"": 0.24422268218449042}",156882125783.8144,38314173545.72775,118567952238.08665,6491123872.829011,14361861355.419533,0.0,15311457145.839304,2149731171.6399016,6491123872.829011,14361861355.419533,18394342058.284492,100173610179.80215,9.759848082973258,1.3702843207276902,4.137580263142191,9.1545555516059,11.724944423325914,63.85278735822505,15311457145.839304,2149731171.6399016,18394342058.284492,12,8,4,Universal P&C Insurance Co.;First Protective Insurance Co.;Cypress P&C Insurance Co.;Tower Hill Insurance Exchange;Kin Interinsurance Network;TypTap Insurance Co.;Homeowners Choice P&C Ins Co.;GeoVera Specialty Insurance Co;FL Farm Bureau General Ins Co.;AIG Property Casualty Co.;ASI Preferred Insurance Corp.;Castle Key Indemnity Co.,Universal P&C Insurance Co.;First Protective Insurance Co.;Cypress P&C Insurance Co.;Tower Hill Insurance Exchange;Kin Interinsurance Network;TypTap Insurance Co.;Homeowners Choice P&C Ins Co.;GeoVera Specialty Insurance Co,244637570.71897236,4,24.017115967979795,198927824.97978663,0.0,0,1.0,203035899.4822222,434615760.0,1019939067.3673848,539937478.65,359958319.1,539937478.65,359958319.1,14953342058.284492,18394342058.284492,3441000000.0,1395853723.0,1395853723.0,0.0,False,7268736718.183994,7268736718.183994,0.0,1.0,7268736718.183994,0.0,1452532344.4863296,0.0,11,9464500000.0,9464500000.0,28
lake_okeechobee,baseline,,1928250N14343,"{""1928250N14343"": 0.5581242826063163}",156882125783.8144,87559723906.84528,69322401876.96912,19497345372.762703,36625987682.75424,0.0,27338839432.320667,4097551419.007674,19497345372.762703,36625987682.75424,10780844077.282598,58541557799.68653,17.426357079068357,2.6118663286435533,12.428022169734172,23.346182683185546,6.8719390583339885,37.315632681034394,27338839432.320667,4097551419.007674,10780844077.282598,24,16,8,Universal P&C Insurance Co.;Florida Family Insurance Co.;First Protective Insurance Co.;Cypress P&C Insurance Co.;Florida Peninsula Insurance Co;Tower Hill Insurance Exchange;Kin Interinsurance Network;Florida Family Home Ins Co.;US Coastal P&C Insurance Co.;TypTap Insurance Co.;Homeowners Choice P&C Ins Co.;Edison Insurance Co.;Safe Harbor Insurance Co.;GeoVera Specialty Insurance Co;Universal North America Ins Co;Auto Club Insurance Co. of FL;American Platinum P&C Ins Co.;FL Farm Bureau General Ins Co.;Homesite Insurance Co.;State Farm FL Ins Co;AIG Property Casualty Co.;ASI Preferred Insurance Corp.;Castle Key Indemnity Co.;First Liberty Insurance Corp.,Universal P&C Insurance Co.;Florida Family Insurance Co.;First Protective Insurance Co.;Cypress P&C Insurance Co.;Florida Peninsula Insurance Co;Tower Hill Insurance Exchange;Kin Interinsurance Network;Florida Family Home Ins Co.;US Coastal P&C Insurance Co.;TypTap Insurance Co.;Homeowners Choice P&C Ins Co.;Edison Insurance Co.;Safe Harbor Insurance Co.;GeoVera Specialty Insurance Co;Universal North America Ins Co;American Platinum P&C Ins Co.,1617793406.4471426,8,32.43209381455101,737631591.9827464,1663838.7875070795,1,0.9811320754716981,2371326071.089055,341686620.0,1447225909.349668,539937478.65,359958319.1,539937478.65,359958319.1,7339844077.2825985,10780844077.282598,3441000000.0,1395853723.0,1395853723.0,0.0,False,11831574540.560093,11831574540.560093,0.0,1.0,10219324037.011324,1612250503.5487692,2074564242.466071,0.0,13,9464500000.0,9464500000.0,29
lake_okeechobee,baseline,,1928250N14343,"{""1928250N14343"": 0.12019956826541077}",156882125783.8144,18857163787.774357,138024961996.04004,2640864143.7639036,8203638643.143715,0.0,6851296865.919287,1161364134.9474497,2640864143.7639036,8203638643.143715,21402449459.303104,116622512536.73697,4.367162180961561,0.740278173275026,1.6833429114818654,5.229173560822624,13.642375989216232,74.33766718424272,6851296865.919287,1161364134.9474497,21402449459.303104,8,4,4,Universal P&C Insurance Co.;First Protective Insurance Co.;Kin Interinsurance Network;Homeowners Choice P&C Ins Co.;FL Farm Bureau General Ins Co.;AIG Property Casualty Co.;ASI Preferred Insurance Corp.;Castle Key Indemnity Co.,Universal P&C Insurance Co.;First Protective Insurance Co.;Kin Interinsurance Network;Homeowners Choice P&C Ins Co.,73742107.57039128,4,16.162888892523068,142901464.87228698,0.0,0,1.0,0.0,272360212.09265685,82798341.08317721,539937478.65,359958319.1,539937478.65,359958319.1,17961449459.303104,21402449459.303104,3441000000.0,1395853723.0,1395853723.0,0.0,False,927605117.8235947,927605117.8235947,0.0,1.0,927605117.8235947,0.0,1402855968.7340393,0.0,10,9464500000.0,9464500000.0,30
lake_okeechobee,baseline,,1928250N14343,"{""1928250N14343"": 0.11050212672005046}",156882125783.8144,17335808543.473953,139546317240.34045,2950877990.86866,7768623884.506969,0.0,5719155353.956789,897151314.1415324,2950877990.86866,7768623884.506969,21637655178.315907,117908662062.02455,3.6455111284238075,0.5718633079831023,1.8809523239983428,4.951885911599792,13.792301111557398,75.15748621643758,5719155353.956789,897151314.1415324,21637655178.315907,6,3,3,Universal P&C Insurance Co.;First Protective Insurance Co.;Kin Interinsurance Network;FL Farm Bureau General Ins Co.;ASI Preferred Insurance Corp.;Castle Key Indemnity Co.,Universal P&C Insurance Co.;First Protective Insurance Co.;Kin Interinsurance Network,62655651.308677696,3,13.812836302273293,67948907.71717143,0.0,0,1.0,0.0,142818901.7943163,0.0,539937478.65,200430595.0232252,539937478.65,359958319.1,18196655178.315907,21637655178.315907,3441000000.0,1395853723.0,1395853723.0,0.0,False,379065177.91528493,379065177.91528493,0.0,1.0,379065177.91528493,0.0,1322015125.3371508,0.0,10,9464500000.0,9464500000.0,31
lake_okeechobee,baseline,,1928250N14343,"{""1928250N14343"": 0.6110116436994147}",156882125783.8144,95856805542.22676,61025320241.58765,14168046832.615784,41314689442.06009,0.0,34368732871.04362,6005336396.507274,14168046832.615784,41314689442.06009,9498092360.305923,51527227881.28172,21.907360509892744,3.8279290049796404,9.031014057101403,26.334860797967686,6.0542858613443435,32.844549768714195,34368732871.04362,6005336396.507274,9498092360.305923,27,17,10,Universal P&C Insurance Co.;Florida Family Insurance Co.;First Protective Insurance Co.;Cypress P&C Insurance Co.;Florida Peninsula Insurance Co;Tower Hill Insurance Exchange;Kin Interinsurance Network;Florida Family Home Ins Co.;US Coastal P&C Insurance Co.;TypTap Insurance Co.;Homeowners Choice P&C Ins Co.;Edison Insurance Co.;Safe Harbor Insurance Co.;GeoVera Specialty Insurance Co;Florida Farm Bureau Cas Ins Co;Universal North America Ins Co;Auto Club Insurance Co. of FL;American Platinum P&C Ins Co.;FL Farm Bureau General Ins Co.;Castle Key Insurance Co.;Homesite Insurance Co.;State Farm FL Ins Co;AIG Property Casualty Co.;ASI Preferred Insurance Corp.;ACE Ins Co. of the Midwest;Castle Key Indemnity Co.;First Liberty Insurance Corp.,Universal P&C Insurance Co.;Florida Family Insurance Co.;First Protective Insurance Co.;Cypress P&C Insurance Co.;Florida Peninsula Insurance Co;Tower Hill Insurance Exchange;Kin Interinsurance Network;Florida Family Home Ins Co.;US Coastal P&C Insurance Co.;TypTap Insurance Co.;Homeowners Choice P&C Ins Co.;Edison Insurance Co.;Safe Harbor Insurance Co.;GeoVera Specialty Insurance Co;Florida Farm Bureau Cas Ins Co;Universal North America Ins Co;American Platinum P&C Ins Co.,2802884696.743043,10,33.145293557041065,1692959992.1125696,13549113.17803353,1,0.9811320754716981,5037717336.786516,333810540.0,1500870275.4160442,539937478.65,359958319.1,539937478.65,359958319.1,6057092360.305923,9498092360.305923,3441000000.0,1395853723.0,1395853723.0,0.0,False,14028138092.273542,14028138092.273542,0.0,1.0,10527180461.00017,3500957631.273373,2086508028.732673,0.0,13,9464500000.0,9464500000.0,32
lake_okeechobee,baseline,,1928250N14343,"{""1928250N14343"": 0.2170855754115144}",156882125783.81442,34056846547.56093,122825279236.2535,6437096093.2031355,14678138226.245132,0.0,11323376609.844116,1618235618.2685437,6437096093.2031355,14678138226.245132,19052536560.474487,103772742675.779,7.217760820915872,1.0314977631667823,4.10314180856622,9.356157148502561,12.144491582635187,66.14695087621337,11323376609.844116,1618235618.2685437,19052536560.474487,12,8,4,Universal P&C Insurance Co.;First Protective Insurance Co.;Cypress P&C Insurance Co.;Tower Hill Insurance Exchange;Kin Interinsurance Network;TypTap Insurance Co.;Homeowners Choice P&C Ins Co.;GeoVera Specialty Insurance Co;FL Farm Bureau General Ins Co.;AIG Property Casualty Co.;ASI Preferred Insurance Corp.;Castle Key Indemnity Co.,Universal P&C Insurance Co.;First Protective Insurance Co.;Cypress P&C Insurance Co.;Tower Hill Insurance Exchange;Kin Interinsurance Network;TypTap Insurance Co.;Homeowners Choice P&C Ins Co.;GeoVera Specialty Insurance Co,128116381.62818298,4,24.017115967979795,188795694.3702972,0.0,0,1.0,111151095.83559752,434615760.0,515833367.1469569,539937478.65,359958319.1,539937478.65,359958319.1,15611536560.474487,19052536560.474487,3441000000.0,1395853723.0,1395853723.0,0.0,False,4231386975.8037395,4231386975.8037395,0.0,1.0,4231386975.8037395,0.0,1437567473.7374861,0.0,10,9464500000.0,9464500000.0,33
lake_okeechobee,baseline,,1928250N14343,"{""1928250N14343"": 0.4160294160575269}",156882125783.81442,65267579179.7038,91614546604.11063,9060489157.925163,26102232816.18064,0.0,26264139889.958736,3840717315.6392493,9060489157.925163,26102232816.18064,14227271168.212208,77387275435.89842,16.741320758332314,2.4481548146101786,5.7753482830865215,16.63811774972367,9.068764906855971,49.32829348739134,26264139889.958736,3840717315.6392493,14227271168.212208,24,16,8,Universal P&C Insurance Co.;Florida Family Insurance Co.;First Protective Insurance Co.;Cypress P&C Insurance Co.;Florida Peninsula Insurance Co;Tower Hill Insurance Exchange;Kin Interinsurance Network;Florida Family Home Ins Co.;US Coastal P&C Insurance Co.;TypTap Insurance Co.;Homeowners Choice P&C Ins Co.;Edison Insurance Co.;Safe Harbor Insurance Co.;GeoVera Specialty Insurance Co;Universal North America Ins Co;Auto Club Insurance Co. of FL;American Platinum P&C Ins Co.;FL Farm Bureau General Ins Co.;Homesite Insurance Co.;State Farm FL Ins Co;AIG Property Casualty Co.;ASI Preferred Insurance Corp.;Castle Key Indemnity Co.;First Liberty Insurance Corp.,Universal P&C Insurance Co.;Florida Family Insurance Co.;First Protective Insurance Co.;Cypress P&C Insurance Co.;Florida Peninsula Insurance Co;Tower Hill Insurance Exchange;Kin Interinsurance Network;Florida Family Home Ins Co.;US Coastal P&C Insurance Co.;TypTap Insurance Co.;Homeowners Choice P&C Ins Co.;Edison Insurance Co.;Safe Harbor Insurance Co.;GeoVera Specialty Insurance Co;Universal North America Ins Co;American Platinum P&C Ins Co.,1426684923.9648159,8,32.43209381455101,667240016.9489877,3751949.301934153,1,0.9811320754716981,2154007602.4740953,341686620.0,1437433426.7429771,539937478.65,359958319.1,539937478.65,359958319.1,10786271168.212208,14227271168.212208,3441000000.0,1395853723.0,1395853723.0,0.0,False,11493329291.113564,11493329291.113564,0.0,1.0,10135344549.899534,1357984741.2140288,2083301829.8640418,0.0,13,9464500000.0,9464500000.0,34
lake_okeechobee,baseline,,1928250N14343,"{""1928250N14343"": 0.19556300193662754}",156882125783.8144,30680339468.482334,126201786315.33206,6075727375.25988,14598000510.532839,0.0,8446543076.425527,1560068506.264092,6075727375.25988,14598000510.532839,19574553872.513725,106627232442.81836,5.384006007201211,0.9944208101908859,3.872797710321896,9.30507566594876,12.47723650780186,67.9664632985354,8446543076.425527,1560068506.264092,19574553872.513725,9,5,4,Universal P&C Insurance Co.;First Protective Insurance Co.;Tower Hill Insurance Exchange;Kin Interinsurance Network;Homeowners Choice P&C Ins Co.;FL Farm Bureau General Ins Co.;AIG Property Casualty Co.;ASI Preferred Insurance Corp.;Castle Key Indemnity Co.,Universal P&C Insurance Co.;First Protective Insurance Co.;Tower Hill Insurance Exchange;Kin Interinsurance Network;Homeowners Choice P&C Ins Co.,93023865.92683735,4,20.97679156065444,173162457.74965817,0.0,0,1.0,0.0,407890421.5508302,446878692.96612406,539937478.65,359958319.1,539937478.65,359958319.1,16133553872.513725,19574553872.513725,3441000000.0,1395853723.0,1395853723.0,0.0,False,2034167220.1076841,2034167220.1076841,0.0,1.0,2034167220.1076841,0.0,1431073765.991303,0.0,10,9464500000.0,9464500000.0,35
lake_okeechobee,baseline,,1928250N14343,"{""1928250N14343"": 0.5614389587818396}",156882125783.8144,88079737351.54634,68802388432.26807,19798178680.607033,39574627589.05646,0.0,24793767063.692825,3913164018.1900263,19798178680.607033,39574627589.05646,10700448563.73278,58101939868.53529,15.804073880193947,2.4943338819760874,12.619779711481716,25.22570840453221,6.8206932499615265,37.03541087185453,24793767063.692825,3913164018.1900263,10700448563.73278,22,14,8,Universal P&C Insurance Co.;Florida Family Insurance Co.;First Protective Insurance Co.;Cypress P&C Insurance Co.;Tower Hill Insurance Exchange;Kin Interinsurance Network;Florida Family Home Ins Co.;US Coastal P&C Insurance Co.;TypTap Insurance Co.;Homeowners Choice P&C Ins Co.;Edison Insurance Co.;Safe Harbor Insurance Co.;GeoVera Specialty Insurance Co;Universal North America Ins Co;Auto Club Insurance Co. of FL;FL Farm Bureau General Ins Co.;Homesite Insurance Co.;State Farm FL Ins Co;AIG Property Casualty Co.;ASI Preferred Insurance Corp.;Castle Key Indemnity Co.;First Liberty Insurance Corp.,Universal P&C Insurance Co.;Florida Family Insurance Co.;First Protective Insurance Co.;Cypress P&C Insurance Co.;Tower Hill Insurance Exchange;Kin Interinsurance Network;Florida Family Home Ins Co.;US Coastal P&C Insurance Co.;TypTap Insurance Co.;Homeowners Choice P&C Ins Co.;Edison Insurance Co.;Safe Harbor Insurance Co.;GeoVera Specialty Insurance Co;Universal North America Ins Co,1301007058.0463233,8,29.203227969374158,524955605.73746336,0.0,0,1.0,1557919694.4023151,377343960.0,1426417227.7270994,539937478.65,359958319.1,539937478.65,359958319.1,7259448563.73278,10700448563.73278,3441000000.0,1395853723.0,1395853723.0,0.0,False,11480896998.373316,11480896998.373316,0.0,1.0,10051190021.634018,1429706976.739298,2004205143.4421625,0.0,13,9464500000.0,9464500000.0,36
lake_okeechobee,baseline,,1928250N14343,"{""1928250N14343"": 0.2484928768627004}",156882125783.8144,38984090764.356064,117898035019.45834,5888479196.603085,16451708993.876144,0.0,14311995381.973722,2331907191.903117,5888479196.603085,16451708993.876144,18290771007.619736,99607264011.8386,9.122769920708391,1.4864071864480697,3.753441743081354,10.486668836032228,11.658926035222557,63.4917862785074,14311995381.973722,2331907191.903117,18290771007.619736,12,8,4,Universal P&C Insurance Co.;First Protective Insurance Co.;Cypress P&C Insurance Co.;Tower Hill Insurance Exchange;Kin Interinsurance Network;TypTap Insurance Co.;Homeowners Choice P&C Ins Co.;GeoVera Specialty Insurance Co;FL Farm Bureau General Ins Co.;AIG Property Casualty Co.;ASI Preferred Insurance Corp.;Castle Key Indemnity Co.,Universal P&C Insurance Co.;First Protective Insurance Co.;Cypress P&C Insurance Co.;Tower Hill Insurance Exchange;Kin Interinsurance Network;TypTap Insurance Co.;Homeowners Choice P&C Ins Co.;GeoVera Specialty Insurance Co,225125265.34830147,4,24.017115967979795,197029250.98041987,0.0,0,1.0,198171782.80974543,434615760.0,1180042039.6159034,539937478.65,359958319.1,539937478.65,359958319.1,14849771007.619736,18290771007.619736,3441000000.0,1395853723.0,1395853723.0,0.0,False,6556251859.99211,6556251859.99211,0.0,1.0,6556251859.99211,0.0,1448192691.2119217,0.0,11,9464500000.0,9464500000.0,37
lake_okeechobee,baseline,,1928250N14343,"{""1928250N14343"": 0.4305249832098788}",156882125783.8144,67541674569.00678,89340451214.80762,12715848815.08987,21253990773.457676,0.0,28521486150.0022,5050348830.457035,12715848815.08987,21253990773.457676,13875689745.563828,75464761469.2438,18.180201222735327,3.219199641274929,8.105352188185208,13.547745268792413,8.844659438567723,48.10284224044442,28521486150.0022,5050348830.457035,13875689745.563828,24,16,8,Universal P&C Insurance Co.;Florida Family Insurance Co.;First Protective Insurance Co.;Cypress P&C Insurance Co.;Florida Peninsula Insurance Co;Tower Hill Insurance Exchange;Kin Interinsurance Network;Florida Family Home Ins Co.;US Coastal P&C Insurance Co.;TypTap Insurance Co.;Homeowners Choice P&C Ins Co.;Edison Insurance Co.;Safe Harbor Insurance Co.;GeoVera Specialty Insurance Co;Universal North America Ins Co;Auto Club Insurance Co. of FL;American Platinum P&C Ins Co.;FL Farm Bureau General Ins Co.;Homesite Insurance Co.;State Farm FL Ins Co;AIG Property Casualty Co.;ASI Preferred Insurance Corp.;Castle Key Indemnity Co.;First Liberty Insurance Corp.,Universal P&C Insurance Co.;Florida Family Insurance Co.;First Protective Insurance Co.;Cypress P&C Insurance Co.;Florida Peninsula Insurance Co;Tower Hill Insurance Exchange;Kin Interinsurance Network;Florida Family Home Ins Co.;US Coastal P&C Insurance Co.;TypTap Insurance Co.;Homeowners Choice P&C Ins Co.;Edison Insurance Co.;Safe Harbor Insurance Co.;GeoVera Specialty Insurance Co;Universal North America Ins Co;American Platinum P&C Ins Co.,1949307397.9936976,8,32.43209381455101,863234430.8976865,1598855.8847315833,1,0.9811320754716981,2693321023.1540046,341686620.0,1463392617.1806045,539937478.65,359958319.1,539937478.65,359958319.1,10434689745.563828,13875689745.563828,3441000000.0,1395853723.0,1395853723.0,0.0,False,12898627764.052176,12898627764.052176,0.0,1.0,10343107823.16854,2555519940.883637,2086305570.3311872,0.0,13,9464500000.0,9464500000.0,38
lake_okeechobee,baseline,,1928250N14343,"{""1928250N14343"": 0.22717093041286343}",156882125783.8144,35639058479.456985,121243067304.35742,6839288979.409685,16553521788.679022,0.0,10512344235.551153,1733903475.8171284,6839288979.409685,16553521788.679022,18807922229.6228,102435145074.73462,6.700791554824607,1.1052269129795385,4.359508098987844,10.551566474494352,11.988569211218083,65.29433774749558,10512344235.551153,1733903475.8171284,18807922229.6228,11,7,4,Universal P&C Insurance Co.;First Protective Insurance Co.;Tower Hill Insurance Exchange;Kin Interinsurance Network;TypTap Insurance Co.;Homeowners Choice P&C Ins Co.;GeoVera Specialty Insurance Co;FL Farm Bureau General Ins Co.;AIG Property Casualty Co.;ASI Preferred Insurance Corp.;Castle Key Indemnity Co.,Universal P&C Insurance Co.;First Protective Insurance Co.;Tower Hill Insurance Exchange;Kin Interinsurance Network;TypTap Insurance Co.;Homeowners Choice P&C Ins Co.;GeoVera Specialty Insurance Co,116511639.93946572,4,23.145936299594748,187677590.37377387,0.0,0,1.0,81268025.66885567,444236460.0,614062310.8095999,539937478.65,359958319.1,539937478.65,359958319.1,15366922229.622799,18807922229.6228,3441000000.0,1395853723.0,1395853723.0,0.0,False,3653410261.749398,3653410261.749398,0.0,1.0,3653410261.749398,0.0,1436971176.7503242,0.0,10,9464500000.0,9464500000.0,39
lake_okeechobee,baseline,,1928250N14343,"{""1928250N14343"": 0.29179858295942585}",156882125783.81442,45777981995.37945,111104143788.43497,7857090719.593135,17204346246.46007,0.0,18320840648.692818,2395704380.633422,7857090719.593135,17204346246.46007,17240416675.274143,93863727113.16083,11.67809306328445,1.5270728699423242,5.0082765517980725,10.966415810917733,10.989407868574943,59.83073383548248,18320840648.692818,2395704380.633422,17240416675.274143,17,12,5,Universal P&C Insurance Co.;Florida Family Insurance Co.;First Protective Insurance Co.;Cypress P&C Insurance Co.;Tower Hill Insurance Exchange;Kin Interinsurance Network;Florida Family Home Ins Co.;TypTap Insurance Co.;Homeowners Choice P&C Ins Co.;Edison Insurance Co.;Safe Harbor Insurance Co.;GeoVera Specialty Insurance Co;FL Farm Bureau General Ins Co.;State Farm FL Ins Co;AIG Property Casualty Co.;ASI Preferred Insurance Corp.;Castle Key Indemnity Co.,Universal P&C Insurance Co.;Florida Family Insurance Co.;First Protective Insurance Co.;Cypress P&C Insurance Co.;Tower Hill Insurance Exchange;Kin Interinsurance Network;Florida Family Home Ins Co.;TypTap Insurance Co.;Homeowners Choice P&C Ins Co.;Edison Insurance Co.;Safe Harbor Insurance Co.;GeoVera Specialty Insurance Co,439557303.6456118,5,28.525995730733356,210935068.33019102,0.0,0,1.0,497663441.96381307,384822840.0,1277128466.5814328,539937478.65,359958319.1,539937478.65,359958319.1,13799416675.274143,17240416675.274143,3441000000.0,1395853723.0,1395853723.0,0.0,False,8775277487.268147,8775277487.268147,0.0,1.0,8775277487.268147,0.0,1535805516.9806333,0.0,12,9464500000.0,9464500000.0,40
lake_okeechobee,baseline,,1928250N14343,"{""1928250N14343"": 0.30215603466428403}",156882125783.8144,47402881036.54079,109479244747.27362,8059812204.285849,19152986719.80003,0.0,17403772273.186794,2786309839.268118,8059812204.285849,19152986719.80003,16989202799.533165,92490041947.74046,11.093534197241448,1.7760530878499752,5.137495533042671,12.208520648294309,10.829278807035358,58.95511772653626,17403772273.186794,2786309839.268118,16989202799.533165,15,11,4,Universal P&C Insurance Co.;Florida Family Insurance Co.;First Protective Insurance Co.;Cypress P&C Insurance Co.;Tower Hill Insurance Exchange;Kin Interinsurance Network;TypTap Insurance Co.;Homeowners Choice P&C Ins Co.;Edison Insurance Co.;Safe Harbor Insurance Co.;GeoVera Specialty Insurance Co;FL Farm Bureau General Ins Co.;AIG Property Casualty Co.;ASI Preferred Insurance Corp.;Castle Key Indemnity Co.,Universal P&C Insurance Co.;Florida Family Insurance Co.;First Protective Insurance Co.;Cypress P&C Insurance Co.;Tower Hill Insurance Exchange;Kin Interinsurance Network;TypTap Insurance Co.;Homeowners Choice P&C Ins Co.;Edison Insurance Co.;Safe Harbor Insurance Co.;GeoVera Specialty Insurance Co,365979867.58408356,4,28.176154707643686,209432805.87895525,0.0,0,1.0,491969773.2251167,388686240.0,1341151298.8383384,539937478.65,359958319.1,539937478.65,359958319.1,13548202799.533165,16989202799.533165,3441000000.0,1395853723.0,1395853723.0,0.0,False,8531913438.199679,8531913438.199679,0.0,1.0,8217792098.593071,314121339.6066086,1483038474.1495557,0.0,13,9464500000.0,9464500000.0,41
lake_okeechobee,baseline,,1928250N14343,"{""1928250N14343"": 0.325211407617691}",156882125783.81442,51019856956.20994,105862268827.60448,7935234911.346514,23424901030.787445,0.0,16971046137.361628,2688674876.7143555,7935234911.346514,23424901030.787445,16430008341.154722,89432260486.44975,10.81770536482145,1.7138184884232026,5.058087319827225,14.931529588697224,10.472836378948283,57.00602285928261,16971046137.361628,2688674876.7143555,16430008341.154722,16,11,5,Universal P&C Insurance Co.;Florida Family Insurance Co.;First Protective Insurance Co.;Cypress P&C Insurance Co.;Tower Hill Insurance Exchange;Kin Interinsurance Network;TypTap Insurance Co.;Homeowners Choice P&C Ins Co.;Edison Insurance Co.;Safe Harbor Insurance Co.;GeoVera Specialty Insurance Co;FL Farm Bureau General Ins Co.;State Farm FL Ins Co;AIG Property Casualty Co.;ASI Preferred Insurance Corp.;Castle Key Indemnity Co.,Universal P&C Insurance Co.;Florida Family Insurance Co.;First Protective Insurance Co.;Cypress P&C Insurance Co.;Tower Hill Insurance Exchange;Kin Interinsurance Network;TypTap Insurance Co.;Homeowners Choice P&C Ins Co.;Edison Insurance Co.;Safe Harbor Insurance Co.;GeoVera Specialty Insurance Co,305641431.97120434,5,28.176154707643686,205693998.29571378,0.0,0,1.0,401594550.5895486,388686240.0,1332519390.487194,539937478.65,359958319.1,539937478.65,359958319.1,12989008341.154722,16430008341.154722,3441000000.0,1395853723.0,1395853723.0,0.0,False,8379756548.661243,8379756548.661243,0.0,1.0,8162293821.98286,217462726.6783838,1497480953.87463,0.0,11,9464500000.0,9464500000.0,42
lake_okeechobee,baseline,,1928250N14343,"{""1928250N14343"": 0.06005478573750891}",156882125783.8144,9421522449.991894,147460603333.8225,1810758540.8147638,3966170404.3114433,0.0,3191733096.0229535,452860408.84273446,1810758540.8147638,3966170404.3114433,22861225648.174488,124599377685.64804,2.0344784850896294,0.2886628458023204,1.154215964226551,2.52812127863239,14.572230924303991,79.42229050194514,3191733096.0229535,452860408.84273446,22861225648.174488,1,0,1,Castle Key Indemnity Co.,,30146658.95554225,1,0.0,0.0,0.0,0,1.0,0.0,0.0,0.0,316522699.4955258,0.0,539937478.65,359958319.1,19420225648.174488,22861225648.174488,3441000000.0,1395853723.0,1395853723.0,0.0,False,24040922.590059083,24040922.590059083,0.0,1.0,24040922.590059083,0.0,1090000000.0,0.0,7,9464500000.0,9464500000.0,43
lake_okeechobee,baseline,,1928250N14343,"{""1928250N14343"": 0.3504036209476697}",156882125783.8144,54972064936.61633,101910060847.19807,6138368651.974363,21853537065.880104,0.0,23022671168.597538,3957488050.164329,6138368651.974363,21853537065.880104,15818986081.099289,86091074766.09879,14.675139728998241,2.522586961638829,3.912726590939439,13.929908813190462,10.083357808969302,54.87628009626374,23022671168.597538,3957488050.164329,15818986081.099289,21,14,7,Universal P&C Insurance Co.;Florida Family Insurance Co.;First Protective Insurance Co.;Cypress P&C Insurance Co.;Tower Hill Insurance Exchange;Kin Interinsurance Network;Florida Family Home Ins Co.;US Coastal P&C Insurance Co.;TypTap Insurance Co.;Homeowners Choice P&C Ins Co.;Edison Insurance Co.;Safe Harbor Insurance Co.;GeoVera Specialty Insurance Co;Universal North America Ins Co;FL Farm Bureau General Ins Co.;Homesite Insurance Co.;State Farm FL Ins Co;AIG Property Casualty Co.;ASI Preferred Insurance Corp.;Castle Key Indemnity Co.;First Liberty Insurance Corp.,Universal P&C Insurance Co.;Florida Family Insurance Co.;First Protective Insurance Co.;Cypress P&C Insurance Co.;Tower Hill Insurance Exchange;Kin Interinsurance Network;Florida Family Home Ins Co.;US Coastal P&C Insurance Co.;TypTap Insurance Co.;Homeowners Choice P&C Ins Co.;Edison Insurance Co.;Safe Harbor Insurance Co.;GeoVera Specialty Insurance Co;Universal North America Ins Co,931119387.395199,7,29.203227969374158,542951566.65651,0.0,0,1.0,1334067509.327827,377343960.0,1410468528.7454772,539937478.65,359958319.1,539937478.65,359958319.1,12377986081.099289,15818986081.099289,3441000000.0,1395853723.0,1395853723.0,0.0,False,11378485762.448761,11378485762.448761,0.0,1.0,9904897994.054903,1473587768.3938577,1862088058.7485776,0.0,13,9464500000.0,9464500000.0,44
lake_okeechobee,baseline,,1928250N14343,"{""1928250N14343"": 0.3737613979109667}",156882125783.81442,58636482640.202576,98245643143.61185,11061835219.227137,26446780022.9718,0.0,18306131402.49857,2821735995.505065,11061835219.227137,26446780022.9718,15252456992.009659,82993186151.60219,11.668717077256241,1.7986344724786898,7.051048781982012,16.857739459379715,9.722240131439666,52.901620077463676,18306131402.49857,2821735995.505065,15252456992.009659,16,12,4,Universal P&C Insurance Co.;Florida Family Insurance Co.;First Protective Insurance Co.;Cypress P&C Insurance Co.;Tower Hill Insurance Exchange;Kin Interinsurance Network;Florida Family Home Ins Co.;TypTap Insurance Co.;Homeowners Choice P&C Ins Co.;Edison Insurance Co.;Safe Harbor Insurance Co.;GeoVera Specialty Insurance Co;FL Farm Bureau General Ins Co.;AIG Property Casualty Co.;ASI Preferred Insurance Corp.;Castle Key Indemnity Co.,Universal P&C Insurance Co.;Florida Family Insurance Co.;First Protective Insurance Co.;Cypress P&C Insurance Co.;Tower Hill Insurance Exchange;Kin Interinsurance Network;Florida Family Home Ins Co.;TypTap Insurance Co.;Homeowners Choice P&C Ins Co.;Edison Insurance Co.;Safe Harbor Insurance Co.;GeoVera Specialty Insurance Co,367430633.0762341,4,28.525995730733356,211125612.40982723,0.0,0,1.0,580002818.3133973,384822840.0,1351676636.7656012,539937478.65,359958319.1,539937478.65,359958319.1,11811456992.009659,15252456992.009659,3441000000.0,1395853723.0,1395853723.0,0.0,False,8931335628.866934,8931335628.866934,0.0,1.0,8582142394.585748,349193234.2811861,1588734130.0149574,0.0,13,9464500000.0,9464500000.0,45
lake_okeechobee,baseline,,1928250N14343,"{""1928250N14343"": 0.41183148717915663}",156882125783.8144,64608999173.37579,92273126610.43861,14703032586.893505,23440908823.9196,0.0,22510499235.693317,3954558526.869373,14703032586.893505,23440908823.9196,14329089454.569817,77944037155.8688,14.348670457661363,2.5207196212516942,9.372025342870783,14.941733296131824,9.133666045751756,49.68318523633259,22510499235.693317,3954558526.869373,14329089454.569817,20,13,7,Universal P&C Insurance Co.;Florida Family Insurance Co.;First Protective Insurance Co.;Cypress P&C Insurance Co.;Tower Hill Insurance Exchange;Kin Interinsurance Network;Florida Family Home Ins Co.;US Coastal P&C Insurance Co.;TypTap Insurance Co.;Homeowners Choice P&C Ins Co.;Edison Insurance Co.;Safe Harbor Insurance Co.;GeoVera Specialty Insurance Co;FL Farm Bureau General Ins Co.;Homesite Insurance Co.;State Farm FL Ins Co;AIG Property Casualty Co.;ASI Preferred Insurance Corp.;Castle Key Indemnity Co.;First Liberty Insurance Corp.,Universal P&C Insurance Co.;Florida Family Insurance Co.;First Protective Insurance Co.;Cypress P&C Insurance Co.;Tower Hill Insurance Exchange;Kin Interinsurance Network;Florida Family Home Ins Co.;US Coastal P&C Insurance Co.;TypTap Insurance Co.;Homeowners Choice P&C Ins Co.;Edison Insurance Co.;Safe Harbor Insurance Co.;GeoVera Specialty Insurance Co,757904339.3967657,7,28.889501145391137,437147312.54403496,0.0,0,1.0,1179747087.8039274,380808540.0,1405280411.5634346,539937478.65,359958319.1,539937478.65,359958319.1,10888089454.569817,14329089454.569817,3441000000.0,1395853723.0,1395853723.0,0.0,False,11313974908.413368,11313974908.413368,0.0,1.0,9843287368.081516,1470687540.331851,1846811021.2100601,0.0,13,9464500000.0,9464500000.0,46
lake_okeechobee,baseline,,1928250N14343,"{""1928250N14343"": 0.40491326802286215}",156882125783.81442,63523654245.49802,93358471538.3164,12439327068.650791,26085506846.977585,0.0,21096171421.165455,3902648908.7041826,12439327068.650791,26085506846.977585,14496886775.474825,78861584762.84158,13.44714786070419,2.487631327791977,7.92909135218651,16.627456261603534,9.240623623019822,50.268049574693976,21096171421.165455,3902648908.7041826,14496886775.474825,18,12,6,Universal P&C Insurance Co.;Florida Family Insurance Co.;First Protective Insurance Co.;Cypress P&C Insurance Co.;Tower Hill Insurance Exchange;Kin Interinsurance Network;Florida Family Home Ins Co.;TypTap Insurance Co.;Homeowners Choice P&C Ins Co.;Edison Insurance Co.;Safe Harbor Insurance Co.;GeoVera Specialty Insurance Co;FL Farm Bureau General Ins Co.;Homesite Insurance Co.;State Farm FL Ins Co;AIG Property Casualty Co.;ASI Preferred Insurance Corp.;Castle Key Indemnity Co.,Universal P&C Insurance Co.;Florida Family Insurance Co.;First Protective Insurance Co.;Cypress P&C Insurance Co.;Tower Hill Insurance Exchange;Kin Interinsurance Network;Florida Family Home Ins Co.;TypTap Insurance Co.;Homeowners Choice P&C Ins Co.;Edison Insurance Co.;Safe Harbor Insurance Co.;GeoVera Specialty Insurance Co,725709044.660105,6,28.525995730733356,263395188.09442472,0.0,0,1.0,890162753.6474402,384822840.0,1390130328.485344,539937478.65,359958319.1,539937478.65,359958319.1,11055886775.474825,14496886775.474825,3441000000.0,1395853723.0,1395853723.0,0.0,False,10997305462.971943,10997305462.971943,0.0,1.0,9578008444.62363,1419297018.3483129,1702205310.6017709,0.0,13,9464500000.0,9464500000.0,47
lake_okeechobee,baseline,,1928250N14343,"{""1928250N14343"": 0.408287898775134}",156882125783.8144,64053073491.64985,92829052292.16455,14076934839.876589,24359320689.811375,0.0,22151410631.632538,3465407330.329342,14076934839.876589,24359320689.811375,14415037099.065014,78414015193.09955,14.119779752447686,2.208924256358381,8.972937337217617,15.52714853148971,9.188450900346112,49.9827592221405,22151410631.632538,3465407330.329342,14415037099.065014,20,13,7,Universal P&C Insurance Co.;Florida Family Insurance Co.;First Protective Insurance Co.;Cypress P&C Insurance Co.;Tower Hill Insurance Exchange;Kin Interinsurance Network;Florida Family Home Ins Co.;US Coastal P&C Insurance Co.;TypTap Insurance Co.;Homeowners Choice P&C Ins Co.;Edison Insurance Co.;Safe Harbor Insurance Co.;GeoVera Specialty Insurance Co;FL Farm Bureau General Ins Co.;Homesite Insurance Co.;State Farm FL Ins Co;AIG Property Casualty Co.;ASI Preferred Insurance Corp.;Castle Key Indemnity Co.;First Liberty Insurance Corp.,Universal P&C Insurance Co.;Florida Family Insurance Co.;First Protective Insurance Co.;Cypress P&C Insurance Co.;Tower Hill Insurance Exchange;Kin Interinsurance Network;Florida Family Home Ins Co.;US Coastal P&C Insurance Co.;TypTap Insurance Co.;Homeowners Choice P&C Ins Co.;Edison Insurance Co.;Safe Harbor Insurance Co.;GeoVera Specialty Insurance Co,884874679.5288092,7,28.889501145391137,486884467.8028327,0.0,0,1.0,1230224796.2004175,380808540.0,1398581795.486621,539937478.65,359958319.1,539937478.65,359958319.1,10974037099.065014,14415037099.065014,3441000000.0,1395853723.0,1395853723.0,0.0,False,10646959435.882502,10646959435.882502,0.0,1.0,9660531580.12528,986427855.7572205,1855980290.0389981,0.0,13,9464500000.0,9464500000.0,48
lake_okeechobee,baseline,,1928250N14343,"{""1928250N14343"": 0.3852649018311667}",156882125783.81442,60441176789.166,96440948994.64842,7579272986.576187,25974495449.246452,0.0,23663313179.33948,3224095174.003871,7579272986.576187,25974495449.246452,14973446296.450296,81467502698.19812,15.08349855734861,2.0551067611403453,4.831189626420873,16.55669523820683,9.54439278639295,51.92911703049038,23663313179.33948,3224095174.003871,14973446296.450296,20,13,7,Universal P&C Insurance Co.;Florida Family Insurance Co.;First Protective Insurance Co.;Cypress P&C Insurance Co.;Tower Hill Insurance Exchange;Kin Interinsurance Network;Florida Family Home Ins Co.;US Coastal P&C Insurance Co.;TypTap Insurance Co.;Homeowners Choice P&C Ins Co.;Edison Insurance Co.;Safe Harbor Insurance Co.;GeoVera Specialty Insurance Co;FL Farm Bureau General Ins Co.;Homesite Insurance Co.;State Farm FL Ins Co;AIG Property Casualty Co.;ASI Preferred Insurance Corp.;Castle Key Indemnity Co.;First Liberty Insurance Corp.,Universal P&C Insurance Co.;Florida Family Insurance Co.;First Protective Insurance Co.;Cypress P&C Insurance Co.;Tower Hill Insurance Exchange;Kin Interinsurance Network;Florida Family Home Ins Co.;US Coastal P&C Insurance Co.;TypTap Insurance Co.;Homeowners Choice P&C Ins Co.;Edison Insurance Co.;Safe Harbor Insurance Co.;GeoVera Specialty Insurance Co,1242141623.5057387,7,28.889501145391137,494731303.922184,0.0,0,1.0,1295729246.0459857,380808540.0,1411099465.11059,539937478.65,359958319.1,539937478.65,359958319.1,11532446296.450296,14973446296.450296,3441000000.0,1395853723.0,1395853723.0,0.0,False,10583491272.395422,10583491272.395422,0.0,1.0,9835962451.400417,747528820.9950042,1847238550.6374116,0.0,13,9464500000.0,9464500000.0,49
lake_okeechobee,baseline,,1928250N14343,"{""1928250N14343"": 0.5484852337195859}",156882125783.81442,86047529426.96092,70834596356.8535,11600786705.135443,35500226022.22186,0.0,32983848838.157932,5962667861.445681,11600786705.135443,35500226022.22186,11014633516.837166,59819962840.01634,21.024606004899564,3.8007311742207737,7.39458790934633,22.628598283491918,7.020961414059032,38.130515213982385,32983848838.157932,5962667861.445681,11014633516.837166,27,18,9,Universal P&C Insurance Co.;Florida Family Insurance Co.;First Protective Insurance Co.;Cypress P&C Insurance Co.;Florida Peninsula Insurance Co;Tower Hill Insurance Exchange;Kin Interinsurance Network;Heritage P&C Insurance Co.;Florida Family Home Ins Co.;US Coastal P&C Insurance Co.;TypTap Insurance Co.;Homeowners Choice P&C Ins Co.;Edison Insurance Co.;Safe Harbor Insurance Co.;GeoVera Specialty Insurance Co;Florida Farm Bureau Cas Ins Co;Universal North America Ins Co;Auto Club Insurance Co. of FL;American Platinum P&C Ins Co.;FL Farm Bureau General Ins Co.;Homesite Insurance Co.;State Farm FL Ins Co;AIG Property Casualty Co.;ASI Preferred Insurance Corp.;ACE Ins Co. of the Midwest;Castle Key Indemnity Co.;First Liberty Insurance Corp.,Universal P&C Insurance Co.;Florida Family Insurance Co.;First Protective Insurance Co.;Cypress P&C Insurance Co.;Florida Peninsula Insurance Co;Tower Hill Insurance Exchange;Kin Interinsurance Network;Heritage P&C Insurance Co.;Florida Family Home Ins Co.;US Coastal P&C Insurance Co.;TypTap Insurance Co.;Homeowners Choice P&C Ins Co.;Edison Insurance Co.;Safe Harbor Insurance Co.;GeoVera Specialty Insurance Co;Florida Farm Bureau Cas Ins Co;Universal North America Ins Co;American Platinum P&C Ins Co.,2422748125.975028,9,35.166819401784345,1473756741.171444,10481969.291127622,1,0.9811320754716981,4686633136.080264,311486220.0,1494845751.6678028,539937478.65,359958319.1,539937478.65,359958319.1,7573633516.837166,11014633516.837166,3441000000.0,1395853723.0,1395853723.0,0.0,False,13955265806.12465,13955265806.12465,0.0,1.0,10496550024.562254,3458715781.562396,2086383751.4335017,0.0,13,9464500000.0,9464500000.0,50
lake_okeechobee,baseline,,1928250N14343,"{""1928250N14343"": 0.4360557359087781}",156882125783.8144,68409350809.59468,88472774974.21973,10601203164.304066,30698945951.49421,0.0,22609465852.21458,4499735841.581821,10601203164.304066,30698945951.49421,13741544604.37976,74731230369.83997,14.411753881618559,2.86822722416607,6.7574321238562645,19.568160361236917,8.759152475608207,47.635273933513986,22609465852.21458,4499735841.581821,13741544604.37976,19,12,7,Universal P&C Insurance Co.;Florida Family Insurance Co.;First Protective Insurance Co.;Cypress P&C Insurance Co.;Tower Hill Insurance Exchange;Kin Interinsurance Network;Florida Family Home Ins Co.;TypTap Insurance Co.;Homeowners Choice P&C Ins Co.;Edison Insurance Co.;Safe Harbor Insurance Co.;GeoVera Specialty Insurance Co;FL Farm Bureau General Ins Co.;Homesite Insurance Co.;State Farm FL Ins Co;AIG Property Casualty Co.;ASI Preferred Insurance Corp.;Castle Key Indemnity Co.;First Liberty Insurance Corp.,Universal P&C Insurance Co.;Florida Family Insurance Co.;First Protective Insurance Co.;Cypress P&C Insurance Co.;Tower Hill Insurance Exchange;Kin Interinsurance Network;Florida Family Home Ins Co.;TypTap Insurance Co.;Homeowners Choice P&C Ins Co.;Edison Insurance Co.;Safe Harbor Insurance Co.;GeoVera Specialty Insurance Co,976307240.698229,7,28.525995730733356,593555087.1011227,0.0,0,1.0,1323264134.3622727,384822840.0,1412566874.206781,539937478.65,359958319.1,539937478.65,359958319.1,10300544604.37976,13741544604.37976,3441000000.0,1395853723.0,1395853723.0,0.0,False,11767346768.15985,11767346768.15985,0.0,1.0,9756933686.262674,2010413081.8971753,1905004514.8207684,0.0,13,9464500000.0,9464500000.0,51
lake_okeechobee,baseline,,1928250N14343,"{""1928250N14343"": 0.6986366100802182}",156882125783.8144,109603596539.78247,47278529244.03194,19893113471.469406,47427654803.34329,0.0,37105573549.85659,5177254715.113182,19893113471.469406,47427654803.34329,7372800537.234291,39905728706.79765,23.651880903875917,3.3000921483225607,12.680293164106136,30.231394791717204,4.699579700618097,25.436759291360104,37105573549.85659,5177254715.113182,7372800537.234291,28,18,10,Universal P&C Insurance Co.;Florida Family Insurance Co.;First Protective Insurance Co.;Cypress P&C Insurance Co.;Florida Peninsula Insurance Co;Tower Hill Insurance Exchange;Kin Interinsurance Network;Heritage P&C Insurance Co.;Florida Family Home Ins Co.;US Coastal P&C Insurance Co.;TypTap Insurance Co.;Homeowners Choice P&C Ins Co.;Edison Insurance Co.;Safe Harbor Insurance Co.;GeoVera Specialty Insurance Co;Florida Farm Bureau Cas Ins Co;Universal North America Ins Co;Auto Club Insurance Co. of FL;American Platinum P&C Ins Co.;FL Farm Bureau General Ins Co.;Castle Key Insurance Co.;Homesite Insurance Co.;State Farm FL Ins Co;AIG Property Casualty Co.;ASI Preferred Insurance Corp.;ACE Ins Co. of the Midwest;Castle Key Indemnity Co.;First Liberty Insurance Corp.,Universal P&C Insurance Co.;Florida Family Insurance Co.;First Protective Insurance Co.;Cypress P&C Insurance Co.;Florida Peninsula Insurance Co;Tower Hill Insurance Exchange;Kin Interinsurance Network;Heritage P&C Insurance Co.;Florida Family Home Ins Co.;US Coastal P&C Insurance Co.;TypTap Insurance Co.;Homeowners Choice P&C Ins Co.;Edison Insurance Co.;Safe Harbor Insurance Co.;GeoVera Specialty Insurance Co;Florida Farm Bureau Cas Ins Co;Universal North America Ins Co;American Platinum P&C Ins Co.,3365285788.920293,10,35.166819401784345,1788897962.3106732,22831796.543026395,1,0.9811320754716981,6084385460.504543,311486220.0,1502498192.9007077,539937478.65,359958319.1,539937478.65,359958319.1,3931800537.234291,7372800537.234291,3441000000.0,1395853723.0,1395853723.0,0.0,False,13247269591.155195,13247269591.155195,0.0,1.0,10566112824.461973,2681156766.693222,2086625717.5643709,0.0,13,9464500000.0,9464500000.0,52
lake_okeechobee,baseline,,1928250N14343,"{""1928250N14343"": 0.09001794036493696}",156882125783.8144,14122205843.131943,142759919940.68246,2594422488.053894,6399515873.165796,0.0,4488609786.598511,639657695.3137418,2594422488.053894,6399515873.165796,22134487023.860962,120625432916.8215,2.8611352403420853,0.4077314047842508,1.6537400134601963,4.0791873779071635,14.108992285305067,76.88921367820126,4488609786.598511,639657695.3137418,22134487023.860962,4,1,3,First Protective Insurance Co.;FL Farm Bureau General Ins Co.;ASI Preferred Insurance Corp.;Castle Key Indemnity Co.,First Protective Insurance Co.,44195341.270005345,3,4.237368573953127,7088049.2326384485,0.0,0,1.0,0.0,7088049.232638449,0.0,499897238.10192204,0.0,539937478.65,359958319.1,18693487023.860962,22134487023.860962,3441000000.0,1395853723.0,1395853723.0,0.0,False,139539612.80355603,139539612.80355603,0.0,1.0,139539612.80355603,0.0,1173178590.381493,0.0,9,9464500000.0,9464500000.0,53
lake_okeechobee,baseline,,1928250N14343,"{""1928250N14343"": 0.2046942847709398}",156882125783.81442,32112874530.6625,124769251253.15192,5127042828.089342,12944888581.827236,0.0,12186892312.80169,1854050807.9442272,5127042828.089342,12944888581.827236,19353079998.75975,105416171254.39215,7.768184075727902,1.181811375056922,3.2680860247613372,8.251347001547812,12.33606435536738,67.19450716753863,12186892312.80169,1854050807.9442272,19353079998.75975,11,7,4,Universal P&C Insurance Co.;First Protective Insurance Co.;Tower Hill Insurance Exchange;Kin Interinsurance Network;TypTap Insurance Co.;Homeowners Choice P&C Ins Co.;GeoVera Specialty Insurance Co;FL Farm Bureau General Ins Co.;AIG Property Casualty Co.;ASI Preferred Insurance Corp.;Castle Key Indemnity Co.,Universal P&C Insurance Co.;First Protective Insurance Co.;Tower Hill Insurance Exchange;Kin Interinsurance Network;TypTap Insurance Co.;Homeowners Choice P&C Ins Co.;GeoVera Specialty Insurance Co,156922251.2338833,4,23.145936299594748,191546003.65378278,0.0,0,1.0,114346672.60186529,444236460.0,731228136.3581728,539937478.65,359958319.1,539937478.65,359958319.1,15912079998.75975,19353079998.75975,3441000000.0,1395853723.0,1395853723.0,0.0,False,4975569593.167378,4975569593.167378,0.0,1.0,4975569593.167378,0.0,1440301905.7931333,0.0,11,9464500000.0,9464500000.0,54
lake_okeechobee,baseline,,1928250N14343,"{""1928250N14343"": 0.14405487616246826}",156882125783.8144,22599635201.89215,134282490581.92226,4929551990.938518,10468050279.688625,0.0,6237389666.145843,964643265.1191659,4929551990.938518,10468050279.688625,20823853051.172787,113458637530.74947,3.9758446891145818,0.6148841114305507,3.142201169387202,6.672557646314492,13.2735663461549,72.32094603759828,6237389666.145843,964643265.1191659,20823853051.172787,6,3,3,Universal P&C Insurance Co.;First Protective Insurance Co.;Kin Interinsurance Network;FL Farm Bureau General Ins Co.;ASI Preferred Insurance Corp.;Castle Key Indemnity Co.,Universal P&C Insurance Co.;First Protective Insurance Co.;Kin Interinsurance Network,64439809.981023684,3,13.812836302273293,91777039.47372568,0.0,0,1.0,0.0,182665407.69350585,0.0,539937478.65,264647174.42419457,539937478.65,359958319.1,17382853051.172787,20823853051.172787,3441000000.0,1395853723.0,1395853723.0,0.0,False,632807161.1173596,632807161.1173596,0.0,1.0,632807161.1173596,0.0,1334543278.8547513,0.0,10,9464500000.0,9464500000.0,55
lake_okeechobee,baseline,,1928250N14343,"{""1928250N14343"": 0.1734041791504899}",156882125783.8144,27204016244.92624,129678109538.88817,4329179676.32166,12135262689.212286,0.0,9339775281.555536,1399798597.8367567,4329179676.32166,12135262689.212286,20112003035.936043,109566106502.95213,5.953371191837284,0.8922613655590679,2.759511100893244,7.735274256759393,12.819818022896149,69.83976406205488,9339775281.555536,1399798597.8367567,20112003035.936043,11,7,4,Universal P&C Insurance Co.;First Protective Insurance Co.;Tower Hill Insurance Exchange;Kin Interinsurance Network;TypTap Insurance Co.;Homeowners Choice P&C Ins Co.;GeoVera Specialty Insurance Co;FL Farm Bureau General Ins Co.;AIG Property Casualty Co.;ASI Preferred Insurance Corp.;Castle Key Indemnity Co.,Universal P&C Insurance Co.;First Protective Insurance Co.;Tower Hill Insurance Exchange;Kin Interinsurance Network;TypTap Insurance Co.;Homeowners Choice P&C Ins Co.;GeoVera Specialty Insurance Co,96957051.86210755,4,23.145936299594748,183468181.35366887,0.0,0,1.0,16882240.546043098,444236460.0,309878554.29455805,539937478.65,359958319.1,539937478.65,359958319.1,16671003035.936043,20112003035.936043,3441000000.0,1395853723.0,1395853723.0,0.0,False,2710174971.4730005,2710174971.4730005,0.0,1.0,2710174971.4730005,0.0,1435991423.712297,0.0,10,9464500000.0,9464500000.0,56
lake_okeechobee,baseline,,1928250N14343,"{""1928250N14343"": 0.6656544408816072}",156882125783.8144,104429283722.94293,52452842060.871475,20276323399.681267,37199417587.2317,0.0,39847495757.04342,7106046978.986547,20276323399.681267,37199417587.2317,8172763577.452126,44280078483.41936,25.399640372003745,4.52954531530174,12.924559313801181,23.711699087054043,5.209493137997314,28.225062773841987,39847495757.04342,7106046978.986547,8172763577.452126,29,18,11,Universal P&C Insurance Co.;Florida Family Insurance Co.;First Protective Insurance Co.;Cypress P&C Insurance Co.;Florida Peninsula Insurance Co;Tower Hill Insurance Exchange;Kin Interinsurance Network;Heritage P&C Insurance Co.;Florida Family Home Ins Co.;US Coastal P&C Insurance Co.;TypTap Insurance Co.;Homeowners Choice P&C Ins Co.;Edison Insurance Co.;Safe Harbor Insurance Co.;GeoVera Specialty Insurance Co;Florida Farm Bureau Cas Ins Co;Universal North America Ins Co;Auto Club Insurance Co. of FL;American Platinum P&C Ins Co.;FL Farm Bureau General Ins Co.;Castle Key Insurance Co.;Homesite Insurance Co.;State Farm FL Ins Co;AIG Property Casualty Co.;ASI Preferred Insurance Corp.;Nationwide P&C Insurance Co.;ACE Ins Co. of the Midwest;Castle Key Indemnity Co.;First Liberty Insurance Corp.,Universal P&C Insurance Co.;Florida Family Insurance Co.;First Protective Insurance Co.;Cypress P&C Insurance Co.;Florida Peninsula Insurance Co;Tower Hill Insurance Exchange;Kin Interinsurance Network;Heritage P&C Insurance Co.;Florida Family Home Ins Co.;US Coastal P&C Insurance Co.;TypTap Insurance Co.;Homeowners Choice P&C Ins Co.;Edison Insurance Co.;Safe Harbor Insurance Co.;GeoVera Specialty Insurance Co;Florida Farm Bureau Cas Ins Co;Universal North America Ins Co;American Platinum P&C Ins Co.,3749170678.74843,11,35.166819401784345,2006639430.878868,32758344.900910094,1,0.9811320754716981,7070407167.693082,311486220.0,1550944168.4499516,539937478.65,359958319.1,539937478.65,359958319.1,4731763577.452126,8172763577.452126,3441000000.0,1395853723.0,1395853723.0,0.0,False,15146037145.97802,15146037145.97802,0.0,1.0,10577797336.805222,4568239809.172799,2086704256.7032008,0.0,13,9464500000.0,9464500000.0,57
lake_okeechobee,baseline,,1928250N14343,"{""1928250N14343"": 0.5460113490613404}",156882125783.81442,85659421142.83139,71222704640.98303,20596423796.16778,36990379725.735,0.0,24215196586.33779,3857421034.5908113,20596423796.16778,36990379725.735,11074636128.56477,60148068512.41825,15.43528076595969,2.458802119947295,13.128598107186484,23.578453913040555,7.059208353554414,38.339656740311554,24215196586.33779,3857421034.5908113,11074636128.56477,20,13,7,Universal P&C Insurance Co.;Florida Family Insurance Co.;First Protective Insurance Co.;Cypress P&C Insurance Co.;Tower Hill Insurance Exchange;Kin Interinsurance Network;Florida Family Home Ins Co.;US Coastal P&C Insurance Co.;TypTap Insurance Co.;Homeowners Choice P&C Ins Co.;Edison Insurance Co.;Safe Harbor Insurance Co.;GeoVera Specialty Insurance Co;FL Farm Bureau General Ins Co.;Homesite Insurance Co.;State Farm FL Ins Co;AIG Property Casualty Co.;ASI Preferred Insurance Corp.;Castle Key Indemnity Co.;First Liberty Insurance Corp.,Universal P&C Insurance Co.;Florida Family Insurance Co.;First Protective Insurance Co.;Cypress P&C Insurance Co.;Tower Hill Insurance Exchange;Kin Interinsurance Network;Florida Family Home Ins Co.;US Coastal P&C Insurance Co.;TypTap Insurance Co.;Homeowners Choice P&C Ins Co.;Edison Insurance Co.;Safe Harbor Insurance Co.;GeoVera Specialty Insurance Co,1167372968.6499016,7,28.889501145391137,578852029.6025013,0.0,0,1.0,1489527816.3220913,380808540.0,1420808710.1836438,539937478.65,359958319.1,539937478.65,359958319.1,7633636128.56477,11074636128.56477,3441000000.0,1395853723.0,1395853723.0,0.0,False,11386783614.611734,11386783614.611734,0.0,1.0,10012262191.63566,1374521422.9760747,1984741148.4731114,0.0,13,9464500000.0,9464500000.0,58
lake_okeechobee,baseline,,1928250N14343,"{""1928250N14343"": 0.3569933722981633}",156882125783.8144,56005879136.86853,100876246646.94586,8311032769.855784,25669877593.295425,0.0,19205488978.30907,2819479795.408248,8311032769.855784,25669877593.295425,15659155552.886414,85217091094.05946,12.241986703300084,1.797196322603078,5.297628858821365,16.3625253450918,9.981478434620993,54.31918433556269,19205488978.30907,2819479795.408248,15659155552.886414,18,12,6,Universal P&C Insurance Co.;Florida Family Insurance Co.;First Protective Insurance Co.;Cypress P&C Insurance Co.;Tower Hill Insurance Exchange;Kin Interinsurance Network;Florida Family Home Ins Co.;TypTap Insurance Co.;Homeowners Choice P&C Ins Co.;Edison Insurance Co.;Safe Harbor Insurance Co.;GeoVera Specialty Insurance Co;FL Farm Bureau General Ins Co.;Homesite Insurance Co.;State Farm FL Ins Co;AIG Property Casualty Co.;ASI Preferred Insurance Corp.;Castle Key Indemnity Co.,Universal P&C Insurance Co.;Florida Family Insurance Co.;First Protective Insurance Co.;Cypress P&C Insurance Co.;Tower Hill Insurance Exchange;Kin Interinsurance Network;Florida Family Home Ins Co.;TypTap Insurance Co.;Homeowners Choice P&C Ins Co.;Edison Insurance Co.;Safe Harbor Insurance Co.;GeoVera Specialty Insurance Co,510684826.98118895,6,28.525995730733356,215158235.34827268,0.0,0,1.0,653711832.2433206,384822840.0,1359546394.7845178,539937478.65,359958319.1,539937478.65,359958319.1,12218155552.886414,15659155552.886414,3441000000.0,1395853723.0,1395853723.0,0.0,False,9376797997.95896,9376797997.95896,0.0,1.0,9029838401.773623,346959596.18533725,1514384043.0609925,0.0,12,9464500000.0,9464500000.0,59
lake_okeechobee,baseline,,1928250N14343,"{""1928250N14343"": 0.2943326861401689}",156882125783.8144,46175537489.32994,110706588294.48447,7356561649.379793,19110858699.286602,0.0,16942718079.619726,2765399061.043821,7356561649.379793,19110858699.286602,17178953498.838243,93527634795.64624,10.799648458975506,1.76272411355171,4.689228688497778,12.181667352991896,10.950229934104199,59.61650145187893,16942718079.619726,2765399061.043821,17178953498.838243,15,11,4,Universal P&C Insurance Co.;Florida Family Insurance Co.;First Protective Insurance Co.;Cypress P&C Insurance Co.;Tower Hill Insurance Exchange;Kin Interinsurance Network;TypTap Insurance Co.;Homeowners Choice P&C Ins Co.;Edison Insurance Co.;Safe Harbor Insurance Co.;GeoVera Specialty Insurance Co;FL Farm Bureau General Ins Co.;AIG Property Casualty Co.;ASI Preferred Insurance Corp.;Castle Key Indemnity Co.,Universal P&C Insurance Co.;Florida Family Insurance Co.;First Protective Insurance Co.;Cypress P&C Insurance Co.;Tower Hill Insurance Exchange;Kin Interinsurance Network;TypTap Insurance Co.;Homeowners Choice P&C Ins Co.;Edison Insurance Co.;Safe Harbor Insurance Co.;GeoVera Specialty Insurance Co,312228101.07914174,4,28.176154707643686,206520472.99041367,0.0,0,1.0,418865290.3161111,388686240.0,1334913142.3581247,539937478.65,359958319.1,539937478.65,359958319.1,13737953498.838243,17178953498.838243,3441000000.0,1395853723.0,1395853723.0,0.0,False,8347268784.442421,8347268784.442421,0.0,1.0,8053849115.277866,293419669.1645545,1485508980.4386544,0.0,11,9464500000.0,9464500000.0,60
lake_okeechobee,baseline,,1928250N14343,"{""1928250N14343"": 0.38884279674016964}",156882125783.81442,61002484548.321465,95879641235.49295,12951122259.26588,24275657064.039787,0.0,20526046259.39107,3249658965.624725,12951122259.26588,24275657064.039787,14886666567.932426,80992974667.56052,13.083737970045247,2.071401665032763,8.255320479984247,15.473819558954698,9.489077543764573,51.626642782218454,20526046259.39107,3249658965.624725,14886666567.932426,18,12,6,Universal P&C Insurance Co.;Florida Family Insurance Co.;First Protective Insurance Co.;Cypress P&C Insurance Co.;Tower Hill Insurance Exchange;Kin Interinsurance Network;Florida Family Home Ins Co.;TypTap Insurance Co.;Homeowners Choice P&C Ins Co.;Edison Insurance Co.;Safe Harbor Insurance Co.;GeoVera Specialty Insurance Co;FL Farm Bureau General Ins Co.;Homesite Insurance Co.;State Farm FL Ins Co;AIG Property Casualty Co.;ASI Preferred Insurance Corp.;Castle Key Indemnity Co.,Universal P&C Insurance Co.;Florida Family Insurance Co.;First Protective Insurance Co.;Cypress P&C Insurance Co.;Tower Hill Insurance Exchange;Kin Interinsurance Network;Florida Family Home Ins Co.;TypTap Insurance Co.;Homeowners Choice P&C Ins Co.;Edison Insurance Co.;Safe Harbor Insurance Co.;GeoVera Specialty Insurance Co,631171436.7868061,6,28.525995730733356,229629625.12121856,0.0,0,1.0,801744413.8924975,384822840.0,1379413703.392641,539937478.65,359958319.1,539937478.65,359958319.1,11445666567.932426,14886666567.932426,3441000000.0,1395853723.0,1395853723.0,0.0,False,10107020408.768623,10107020408.768623,0.0,1.0,9334183434.068974,772836974.6996491,1706668449.836443,0.0,13,9464500000.0,9464500000.0,61
lake_okeechobee,baseline,,1928250N14343,"{""1928250N14343"": 0.1912299714374841}",156882125783.8144,30000564432.690613,126881561351.12378,7049848388.388179,12274731643.045189,0.0,9383409213.0104,1292575188.2468462,7049848388.388179,12274731643.045189,19679648968.915005,107201912382.2088,5.981184386767464,0.8239148862809468,4.493723139692129,7.8241747310078695,12.544226355036658,68.33277650121495,9383409213.0104,1292575188.2468462,19679648968.915005,11,7,4,Universal P&C Insurance Co.;First Protective Insurance Co.;Tower Hill Insurance Exchange;Kin Interinsurance Network;TypTap Insurance Co.;Homeowners Choice P&C Ins Co.;GeoVera Specialty Insurance Co;FL Farm Bureau General Ins Co.;AIG Property Casualty Co.;ASI Preferred Insurance Corp.;Castle Key Indemnity Co.,Universal P&C Insurance Co.;First Protective Insurance Co.;Tower Hill Insurance Exchange;Kin Interinsurance Network;TypTap Insurance Co.;Homeowners Choice P&C Ins Co.;GeoVera Specialty Insurance Co,93429126.96388723,4,23.145936299594748,182390321.9329388,0.0,0,1.0,14520116.076221466,444236460.0,214451204.12614918,539937478.65,359958319.1,539937478.65,359958319.1,16238648968.915005,19679648968.915005,3441000000.0,1395853723.0,1395853723.0,0.0,False,2770910664.7233567,2770910664.7233567,0.0,1.0,2770910664.7233567,0.0,1435528104.0036068,0.0,10,9464500000.0,9464500000.0,62
lake_okeechobee,baseline,,1928250N14343,"{""1928250N14343"": 0.5866178463724127}",156882125783.8144,92029854761.62714,64852271022.187256,16813132676.865036,35013588368.91611,0.0,33984561789.805065,6218571926.040945,16813132676.865036,35013588368.91611,10089749511.618702,54762521510.56856,21.662481700838395,3.963849861781079,10.717047970164396,22.318405104457398,6.431420699591047,34.9067946631677,33984561789.805065,6218571926.040945,10089749511.618702,27,18,9,Universal P&C Insurance Co.;Florida Family Insurance Co.;First Protective Insurance Co.;Cypress P&C Insurance Co.;Florida Peninsula Insurance Co;Tower Hill Insurance Exchange;Kin Interinsurance Network;Heritage P&C Insurance Co.;Florida Family Home Ins Co.;US Coastal P&C Insurance Co.;TypTap Insurance Co.;Homeowners Choice P&C Ins Co.;Edison Insurance Co.;Safe Harbor Insurance Co.;GeoVera Specialty Insurance Co;Florida Farm Bureau Cas Ins Co;Universal North America Ins Co;Auto Club Insurance Co. of FL;American Platinum P&C Ins Co.;FL Farm Bureau General Ins Co.;Homesite Insurance Co.;State Farm FL Ins Co;AIG Property Casualty Co.;ASI Preferred Insurance Corp.;ACE Ins Co. of the Midwest;Castle Key Indemnity Co.;First Liberty Insurance Corp.,Universal P&C Insurance Co.;Florida Family Insurance Co.;First Protective Insurance Co.;Cypress P&C Insurance Co.;Florida Peninsula Insurance Co;Tower Hill Insurance Exchange;Kin Interinsurance Network;Heritage P&C Insurance Co.;Florida Family Home Ins Co.;US Coastal P&C Insurance Co.;TypTap Insurance Co.;Homeowners Choice P&C Ins Co.;Edison Insurance Co.;Safe Harbor Insurance Co.;GeoVera Specialty Insurance Co;Florida Farm Bureau Cas Ins Co;Universal North America Ins Co;American Platinum P&C Ins Co.,2789400441.917891,9,35.166819401784345,1591656064.9492018,11513572.939621828,1,0.9811320754716981,5017510686.806744,311486220.0,1501319728.5412154,539937478.65,359958319.1,539937478.65,359958319.1,6648749511.618702,10089749511.618702,3441000000.0,1395853723.0,1395853723.0,0.0,False,14256206485.434683,14256206485.434683,0.0,1.0,10544145679.922976,3712060805.5117073,2086477782.218554,0.0,13,9464500000.0,9464500000.0,63
lake_okeechobee,baseline,,1928250N14343,"{""1928250N14343"": 0.12534344603960543}",156882125783.81442,19664146267.762127,137217979516.05229,4056318990.557966,7795411246.628879,0.0,6664287795.600266,1148128234.9750187,4056318990.557966,7795411246.628879,21277687740.994804,115940291775.05748,4.24795862645547,0.7318413294304503,2.585583902749779,4.96896074532484,13.562850219352415,73.90280517668704,6664287795.600266,1148128234.9750187,21277687740.994804,7,4,3,Universal P&C Insurance Co.;First Protective Insurance Co.;Kin Interinsurance Network;Homeowners Choice P&C Ins Co.;FL Farm Bureau General Ins Co.;ASI Preferred Insurance Corp.;Castle Key Indemnity Co.,Universal P&C Insurance Co.;First Protective Insurance Co.;Kin Interinsurance Network;Homeowners Choice P&C Ins Co.,66424115.813762456,3,16.162888892523068,160011975.6537888,0.0,0,1.0,5.960464477539063e-08,303685565.800676,69354093.65234542,539937478.65,359958319.1,539937478.65,359958319.1,17836687740.994804,21277687740.994804,3441000000.0,1395853723.0,1395853723.0,0.0,False,816265735.7558572,816265735.7558572,0.0,1.0,816265735.7558572,0.0,1380606862.7753994,0.0,10,9464500000.0,9464500000.0,64
lake_okeechobee,baseline,,1928250N14343,"{""1928250N14343"": 0.06402264697288405}",156882125783.81442,10044008955.412739,146838116828.40167,1346789058.6213322,5177967666.634758,0.0,3063234920.096053,456017310.0605956,1346789058.6213322,5177967666.634758,22764987516.65866,124073129311.74301,1.9525710177571345,0.290675121708252,0.8584719590536558,3.3005465987693614,14.51088669465705,79.08684860805454,3063234920.096053,456017310.0605956,22764987516.65866,1,0,1,Castle Key Indemnity Co.,,26166131.59673141,1,0.0,0.0,0.0,0,1.0,0.0,0.0,0.0,313945899.49568254,0.0,539937478.65,359958319.1,19323987516.65866,22764987516.65866,3441000000.0,1395853723.0,1395853723.0,0.0,False,20597110.24467394,20597110.24467394,0.0,1.0,20597110.24467394,0.0,1090000000.0,0.0,7,9464500000.0,9464500000.0,65
lake_okeechobee,baseline,,1928250N14343,"{""1928250N14343"": 0.3481197483945981}",156882125783.8144,54613766155.471146,102268359628.34326,9731138920.699726,21489137184.85545,0.0,20163631838.403786,3229858211.5121927,9731138920.699726,21489137184.85545,15874380061.404932,86393979566.93834,12.852727318464266,2.058780243686256,6.202834690109542,13.697632587199744,10.11866710888405,55.06935805165616,20163631838.403786,3229858211.5121927,15874380061.404932,18,12,6,Universal P&C Insurance Co.;Florida Family Insurance Co.;First Protective Insurance Co.;Cypress P&C Insurance Co.;Tower Hill Insurance Exchange;Kin Interinsurance Network;Florida Family Home Ins Co.;TypTap Insurance Co.;Homeowners Choice P&C Ins Co.;Edison Insurance Co.;Safe Harbor Insurance Co.;GeoVera Specialty Insurance Co;FL Farm Bureau General Ins Co.;State Farm FL Ins Co;AIG Property Casualty Co.;ASI Preferred Insurance Corp.;Castle Key Indemnity Co.;First Liberty Insurance Corp.,Universal P&C Insurance Co.;Florida Family Insurance Co.;First Protective Insurance Co.;Cypress P&C Insurance Co.;Tower Hill Insurance Exchange;Kin Interinsurance Network;Florida Family Home Ins Co.;TypTap Insurance Co.;Homeowners Choice P&C Ins Co.;Edison Insurance Co.;Safe Harbor Insurance Co.;GeoVera Specialty Insurance Co,684830422.7805079,6,28.525995730733356,339184645.165411,0.0,0,1.0,791687127.0389283,384822840.0,1375261777.0690866,539937478.65,359958319.1,539937478.65,359958319.1,12433380061.404932,15874380061.404932,3441000000.0,1395853723.0,1395853723.0,0.0,False,9994133992.901741,9994133992.901741,0.0,1.0,9240899764.773499,753234228.1282429,1609163189.788614,0.0,13,9464500000.0,9464500000.0,66
lake_okeechobee,baseline,,1928250N14343,"{""1928250N14343"": 0.15483577404699334}",156882125783.81442,24290965379.874672,132591160403.93974,3276466926.4069557,12137834777.123585,0.0,7687349237.891827,1189314438.4523065,3276466926.4069557,12137834777.123585,20562368738.359734,112028791665.58002,4.9000797251339465,0.7580942905447349,2.088489628781528,7.736913760239121,13.106890689825901,71.40953190547476,7687349237.891827,1189314438.4523065,20562368738.359734,8,4,4,Universal P&C Insurance Co.;First Protective Insurance Co.;Kin Interinsurance Network;Homeowners Choice P&C Ins Co.;FL Farm Bureau General Ins Co.;AIG Property Casualty Co.;ASI Preferred Insurance Corp.;Castle Key Indemnity Co.,Universal P&C Insurance Co.;First Protective Insurance Co.;Kin Interinsurance Network;Homeowners Choice P&C Ins Co.,80981415.85885492,4,16.162888892523068,165932340.8504629,0.0,0,1.0,0.0,355609636.60593075,113968671.92247367,539937478.65,359958319.1,539937478.65,359958319.1,17121368738.359734,20562368738.359734,3441000000.0,1395853723.0,1395853723.0,0.0,False,1487932022.9360332,1487932022.9360332,0.0,1.0,1487932022.9360332,0.0,1411416997.5583918,0.0,10,9464500000.0,9464500000.0,67
lake_okeechobee,baseline,,1928250N14343,"{""1928250N14343"": 0.3433226995946073}",156882125783.81442,53861194942.2399,103020930841.57452,11882326672.44738,23735838741.79348,0.0,15959182051.257612,2283847476.7414308,11882326672.44738,23735838741.79348,15990729647.722485,87030201193.85202,10.17272169886936,1.4557729029555615,7.574047465943558,15.129727891692243,10.192830807097755,55.47489923344151,15959182051.257612,2283847476.7414308,15990729647.722485,13,9,4,Universal P&C Insurance Co.;First Protective Insurance Co.;Cypress P&C Insurance Co.;Tower Hill Insurance Exchange;Kin Interinsurance Network;TypTap Insurance Co.;Homeowners Choice P&C Ins Co.;Edison Insurance Co.;GeoVera Specialty Insurance Co;FL Farm Bureau General Ins Co.;AIG Property Casualty Co.;ASI Preferred Insurance Corp.;Castle Key Indemnity Co.,Universal P&C Insurance Co.;First Protective Insurance Co.;Cypress P&C Insurance Co.;Tower Hill Insurance Exchange;Kin Interinsurance Network;TypTap Insurance Co.;Homeowners Choice P&C Ins Co.;Edison Insurance Co.;GeoVera Specialty Insurance Co,275497863.8491379,4,27.119633731281347,202016481.18700445,0.0,0,1.0,341214664.29027855,400353720.0,1150544930.5921116,539937478.65,359958319.1,539937478.65,359958319.1,12549729647.722485,15990729647.722485,3441000000.0,1395853723.0,1395853723.0,0.0,False,7577554914.603411,7577554914.603411,0.0,1.0,7577554914.603411,0.0,1453025246.6550345,0.0,11,9464500000.0,9464500000.0,68
lake_okeechobee,baseline,,1928250N14343,"{""1928250N14343"": 0.510141772067761}",156882125783.8144,80032125653.11244,76850000130.70197,16146197969.946405,34242817325.991714,0.0,26299100527.979584,3344009829.194743,16146197969.946405,34242817325.991714,11944631540.03455,64905368590.66742,16.76360541175996,2.1315429099952614,10.29192961867184,21.82709926634903,7.6137619122362015,41.37206088098772,26299100527.979584,3344009829.194743,11944631540.03455,22,14,8,Universal P&C Insurance Co.;Florida Family Insurance Co.;First Protective Insurance Co.;Cypress P&C Insurance Co.;Florida Peninsula Insurance Co;Tower Hill Insurance Exchange;Kin Interinsurance Network;Florida Family Home Ins Co.;US Coastal P&C Insurance Co.;TypTap Insurance Co.;Homeowners Choice P&C Ins Co.;Edison Insurance Co.;Safe Harbor Insurance Co.;GeoVera Specialty Insurance Co;Auto Club Insurance Co. of FL;FL Farm Bureau General Ins Co.;Homesite Insurance Co.;State Farm FL Ins Co;AIG Property Casualty Co.;ASI Preferred Insurance Corp.;Castle Key Indemnity Co.;First Liberty Insurance Corp.,Universal P&C Insurance Co.;Florida Family Insurance Co.;First Protective Insurance Co.;Cypress P&C Insurance Co.;Florida Peninsula Insurance Co;Tower Hill Insurance Exchange;Kin Interinsurance Network;Florida Family Home Ins Co.;US Coastal P&C Insurance Co.;TypTap Insurance Co.;Homeowners Choice P&C Ins Co.;Edison Insurance Co.;Safe Harbor Insurance Co.;GeoVera Specialty Insurance Co,1459017446.6802332,8,31.96101731096401,779820309.154068,0.0,0,1.0,2250125980.535068,346888860.0,1432865952.1218815,539937478.65,359958319.1,539937478.65,359958319.1,8503631540.03455,11944631540.03455,3441000000.0,1395853723.0,1395853723.0,0.0,False,11017630669.126633,11017630669.126633,0.0,1.0,10151386339.492664,866244329.6339676,2050749190.2837644,0.0,13,9464500000.0,9464500000.0,69
lake_okeechobee,baseline,,1928250N14343,"{""1928250N14343"": 0.30385059697275285}",156882125783.81442,47668727573.7665,109213398210.04791,9109859119.170277,19624013311.247356,0.0,16860124168.619884,2074730974.728985,9109859119.170277,19624013311.247356,16948102191.263336,92265296018.78458,10.747001345362538,1.3224776018065887,5.806817745269323,12.508763004836828,10.803080406124812,58.811859896599906,16860124168.619884,2074730974.728985,16948102191.263336,15,11,4,Universal P&C Insurance Co.;Florida Family Insurance Co.;First Protective Insurance Co.;Cypress P&C Insurance Co.;Tower Hill Insurance Exchange;Kin Interinsurance Network;TypTap Insurance Co.;Homeowners Choice P&C Ins Co.;Edison Insurance Co.;Safe Harbor Insurance Co.;GeoVera Specialty Insurance Co;FL Farm Bureau General Ins Co.;AIG Property Casualty Co.;ASI Preferred Insurance Corp.;Castle Key Indemnity Co.,Universal P&C Insurance Co.;Florida Family Insurance Co.;First Protective Insurance Co.;Cypress P&C Insurance Co.;Tower Hill Insurance Exchange;Kin Interinsurance Network;TypTap Insurance Co.;Homeowners Choice P&C Ins Co.;Edison Insurance Co.;Safe Harbor Insurance Co.;GeoVera Specialty Insurance Co,333395903.13009024,4,28.176154707643686,203991439.26895702,0.0,0,1.0,394096124.07782924,388686240.0,967208914.9735569,539937478.65,359958319.1,539937478.65,359958319.1,13507102191.263336,16948102191.263336,3441000000.0,1395853723.0,1395853723.0,0.0,False,8042896001.901397,8042896001.901397,0.0,1.0,8042896001.901397,0.0,1501804170.9038773,0.0,11,9464500000.0,9464500000.0,70
lake_okeechobee,baseline,,1928250N14343,"{""1928250N14343"": 0.26329425755980673}",156882125783.81442,41306162832.65362,115575962951.1608,8453996130.233988,17597139901.42991,0.0,13218840621.837914,2036186179.151813,8453996130.233988,17597139901.42991,17931772258.00513,97644190693.15565,8.425969852074573,1.2979083302056371,5.388756742041922,11.216790831658537,11.430092605141864,62.240481638877455,13218840621.837914,2036186179.151813,17931772258.00513,12,8,4,Universal P&C Insurance Co.;First Protective Insurance Co.;Cypress P&C Insurance Co.;Tower Hill Insurance Exchange;Kin Interinsurance Network;TypTap Insurance Co.;Homeowners Choice P&C Ins Co.;GeoVera Specialty Insurance Co;FL Farm Bureau General Ins Co.;AIG Property Casualty Co.;ASI Preferred Insurance Corp.;Castle Key Indemnity Co.,Universal P&C Insurance Co.;First Protective Insurance Co.;Cypress P&C Insurance Co.;Tower Hill Insurance Exchange;Kin Interinsurance Network;TypTap Insurance Co.;Homeowners Choice P&C Ins Co.;GeoVera Specialty Insurance Co,156641030.31433415,4,24.017115967979795,193750082.50866342,0.0,0,1.0,153403634.0185871,434615760.0,902005827.8684949,539937478.65,359958319.1,539937478.65,359958319.1,14490772258.00513,17931772258.00513,3441000000.0,1395853723.0,1395853723.0,0.0,False,5781747825.473117,5781747825.473117,0.0,1.0,5781747825.473117,0.0,1449061963.6877544,0.0,11,9464500000.0,9464500000.0,71
lake_okeechobee,baseline,,1928250N14343,"{""1928250N14343"": 0.37459370587863755}",156882125783.81442,58767056883.47759,98115068900.33682,13234004652.297447,23482115122.802464,0.0,19132072411.867496,2918864696.5101824,13234004652.297447,23482115122.802464,15232269853.67421,82882799046.66263,12.19518942408502,1.8605463700386207,8.435635727255555,14.967999066484552,9.709372420580578,52.83125699155568,19132072411.867496,2918864696.5101824,15232269853.67421,18,12,6,Universal P&C Insurance Co.;Florida Family Insurance Co.;First Protective Insurance Co.;Cypress P&C Insurance Co.;Tower Hill Insurance Exchange;Kin Interinsurance Network;Florida Family Home Ins Co.;TypTap Insurance Co.;Homeowners Choice P&C Ins Co.;Edison Insurance Co.;Safe Harbor Insurance Co.;GeoVera Specialty Insurance Co;FL Farm Bureau General Ins Co.;Homesite Insurance Co.;State Farm FL Ins Co;AIG Property Casualty Co.;ASI Preferred Insurance Corp.;Castle Key Indemnity Co.,Universal P&C Insurance Co.;Florida Family Insurance Co.;First Protective Insurance Co.;Cypress P&C Insurance Co.;Tower Hill Insurance Exchange;Kin Interinsurance Network;Florida Family Home Ins Co.;TypTap Insurance Co.;Homeowners Choice P&C Ins Co.;Edison Insurance Co.;Safe Harbor Insurance Co.;GeoVera Specialty Insurance Co,468732025.25351465,6,28.525995730733356,214958239.64379632,0.0,0,1.0,654774258.4488962,384822840.0,1360210998.254685,539937478.65,359958319.1,539937478.65,359958319.1,11791269853.67421,15232269853.67421,3441000000.0,1395853723.0,1395853723.0,0.0,False,9417203791.39198,9417203791.39198,0.0,1.0,8971853143.115726,445350648.27625203,1686790591.6589239,0.0,13,9464500000.0,9464500000.0,72
lake_okeechobee,baseline,,1928250N14343,"{""1928250N14343"": 0.28874169910939923}",156882125783.8144,45298411558.71306,111583714225.10135,5018785500.76636,20621273090.56083,0.0,16931125878.58386,2727227088.8020086,5018785500.76636,20621273090.56083,17314559588.177612,94269154636.92374,10.792259343754159,1.7383924874655021,3.1990805043541495,13.144437575366114,11.036668136456349,60.089161952603746,16931125878.58386,2727227088.8020086,17314559588.177612,15,11,4,Universal P&C Insurance Co.;Florida Family Insurance Co.;First Protective Insurance Co.;Cypress P&C Insurance Co.;Tower Hill Insurance Exchange;Kin Interinsurance Network;TypTap Insurance Co.;Homeowners Choice P&C Ins Co.;Edison Insurance Co.;Safe Harbor Insurance Co.;GeoVera Specialty Insurance Co;FL Farm Bureau General Ins Co.;AIG Property Casualty Co.;ASI Preferred Insurance Corp.;Castle Key Indemnity Co.,Universal P&C Insurance Co.;Florida Family Insurance Co.;First Protective Insurance Co.;Cypress P&C Insurance Co.;Tower Hill Insurance Exchange;Kin Interinsurance Network;TypTap Insurance Co.;Homeowners Choice P&C Ins Co.;Edison Insurance Co.;Safe Harbor Insurance Co.;GeoVera Specialty Insurance Co,310223818.4569142,4,28.176154707643686,206901381.37989664,0.0,0,1.0,400437245.9760175,388686240.0,1334924389.0715256,539937478.65,359958319.1,539937478.65,359958319.1,13873559588.177612,17314559588.177612,3441000000.0,1395853723.0,1395853723.0,0.0,False,8280406880.8494625,8280406880.8494625,0.0,1.0,8024777464.204302,255629416.64516044,1501984382.7440934,0.0,11,9464500000.0,9464500000.0,73
lake_okeechobee,baseline,,1928250N14343,"{""1928250N14343"": 0.23193240085422545}",156882125783.8144,36386048084.15465,120496077699.65976,6686652768.135405,15203024558.122602,0.0,12502590288.604795,1993780469.2918522,6686652768.135405,15203024558.122602,18692435575.387222,101803642124.27254,7.969416672638364,1.2708780298141213,4.262214535102424,9.690730847867632,11.914955564246778,64.8918043503307,12502590288.604795,1993780469.2918522,18692435575.387222,12,8,4,Universal P&C Insurance Co.;First Protective Insurance Co.;Cypress P&C Insurance Co.;Tower Hill Insurance Exchange;Kin Interinsurance Network;TypTap Insurance Co.;Homeowners Choice P&C Ins Co.;GeoVera Specialty Insurance Co;FL Farm Bureau General Ins Co.;AIG Property Casualty Co.;ASI Preferred Insurance Corp.;Castle Key Indemnity Co.,Universal P&C Insurance Co.;First Protective Insurance Co.;Cypress P&C Insurance Co.;Tower Hill Insurance Exchange;Kin Interinsurance Network;TypTap Insurance Co.;Homeowners Choice P&C Ins Co.;GeoVera Specialty Insurance Co,173760308.79774994,4,24.017115967979795,192030181.54593003,0.0,0,1.0,135812432.4497099,434615760.0,860055025.4421071,539937478.65,359958319.1,539937478.65,359958319.1,15251435575.387222,18692435575.387222,3441000000.0,1395853723.0,1395853723.0,0.0,False,5202336627.5918665,5202336627.5918665,0.0,1.0,5202336627.5918665,0.0,1441655376.870666,0.0,11,9464500000.0,9464500000.0,74
lake_okeechobee,baseline,,1928250N14343,"{""1928250N14343"": 0.39256160635018345}",156882125783.81442,61585899305.325714,95296226478.48871,14517282156.487911,21874453514.990932,0.0,21753603846.6959,3440559787.150959,14517282156.487911,21874453514.990932,14796469036.541945,80499757441.94676,13.866209256160031,2.1930859044401876,9.253624072185834,13.943241402232278,9.431583720972565,51.3122556440091,21753603846.6959,3440559787.150959,14796469036.541945,18,12,6,Universal P&C Insurance Co.;Florida Family Insurance Co.;First Protective Insurance Co.;Cypress P&C Insurance Co.;Tower Hill Insurance Exchange;Kin Interinsurance Network;Florida Family Home Ins Co.;TypTap Insurance Co.;Homeowners Choice P&C Ins Co.;Edison Insurance Co.;Safe Harbor Insurance Co.;GeoVera Specialty Insurance Co;FL Farm Bureau General Ins Co.;Homesite Insurance Co.;State Farm FL Ins Co;AIG Property Casualty Co.;ASI Preferred Insurance Corp.;Castle Key Indemnity Co.,Universal P&C Insurance Co.;Florida Family Insurance Co.;First Protective Insurance Co.;Cypress P&C Insurance Co.;Tower Hill Insurance Exchange;Kin Interinsurance Network;Florida Family Home Ins Co.;TypTap Insurance Co.;Homeowners Choice P&C Ins Co.;Edison Insurance Co.;Safe Harbor Insurance Co.;GeoVera Specialty Insurance Co,790956012.890499,6,28.525995730733356,466825432.78393376,0.0,0,1.0,1108272208.9963145,384822840.0,1394965536.2194495,539937478.65,359958319.1,539937478.65,359958319.1,11355469036.541945,14796469036.541945,3441000000.0,1395853723.0,1395853723.0,0.0,False,10499968228.9012,10499968228.9012,0.0,1.0,9538139440.890577,961828788.0106214,1812318693.9167745,0.0,13,9464500000.0,9464500000.0,75
lake_okeechobee,baseline,,1928250N14343,"{""1928250N14343"": 0.5712385422344484}",156882125783.81442,89617116835.3875,67265008948.42692,15292827401.542835,41198240847.48697,0.0,29246821447.43675,3879227138.920945,15292827401.542835,41198240847.48697,10462765453.06742,56802243495.359505,18.642545351367335,2.472701794126993,9.747973088162095,26.260633989788406,6.669188985547814,36.20695679100736,29246821447.43675,3879227138.920945,10462765453.06742,26,17,9,Universal P&C Insurance Co.;Florida Family Insurance Co.;First Protective Insurance Co.;Cypress P&C Insurance Co.;Florida Peninsula Insurance Co;Tower Hill Insurance Exchange;Kin Interinsurance Network;Florida Family Home Ins Co.;US Coastal P&C Insurance Co.;TypTap Insurance Co.;Homeowners Choice P&C Ins Co.;Edison Insurance Co.;Safe Harbor Insurance Co.;GeoVera Specialty Insurance Co;Florida Farm Bureau Cas Ins Co;Universal North America Ins Co;Auto Club Insurance Co. of FL;American Platinum P&C Ins Co.;FL Farm Bureau General Ins Co.;Homesite Insurance Co.;State Farm FL Ins Co;AIG Property Casualty Co.;ASI Preferred Insurance Corp.;ACE Ins Co. of the Midwest;Castle Key Indemnity Co.;First Liberty Insurance Corp.,Universal P&C Insurance Co.;Florida Family Insurance Co.;First Protective Insurance Co.;Cypress P&C Insurance Co.;Florida Peninsula Insurance Co;Tower Hill Insurance Exchange;Kin Interinsurance Network;Florida Family Home Ins Co.;US Coastal P&C Insurance Co.;TypTap Insurance Co.;Homeowners Choice P&C Ins Co.;Edison Insurance Co.;Safe Harbor Insurance Co.;GeoVera Specialty Insurance Co;Florida Farm Bureau Cas Ins Co;Universal North America Ins Co;American Platinum P&C Ins Co.,1744276265.6784363,9,33.145293557041065,1032281977.7680256,5857074.896907963,1,0.9811320754716981,3076680006.515875,333810540.0,1456540910.6867065,539937478.65,359958319.1,539937478.65,359958319.1,7021765453.067419,10462765453.06742,3441000000.0,1395853723.0,1395853723.0,0.0,False,11760579197.69387,11760579197.69387,0.0,1.0,10364469731.430964,1396109466.262907,2086285503.4862983,0.0,13,9464500000.0,9464500000.0,76
lake_okeechobee,baseline,,1928250N14343,"{""1928250N14343"": 0.35319063104699866}",156882125783.8144,55409297005.58003,101472828778.23438,10041047562.84165,22641403669.2911,0.0,19512222741.216457,3214623032.230821,10041047562.84165,22641403669.2911,15751388796.677166,85721439981.55722,12.437505320462417,2.0490690167346495,6.4003770427475875,14.432111724755215,10.040269863746481,54.64066703155367,19512222741.216457,3214623032.230821,15751388796.677166,18,12,6,Universal P&C Insurance Co.;Florida Family Insurance Co.;First Protective Insurance Co.;Cypress P&C Insurance Co.;Tower Hill Insurance Exchange;Kin Interinsurance Network;Florida Family Home Ins Co.;TypTap Insurance Co.;Homeowners Choice P&C Ins Co.;Edison Insurance Co.;Safe Harbor Insurance Co.;GeoVera Specialty Insurance Co;FL Farm Bureau General Ins Co.;Homesite Insurance Co.;State Farm FL Ins Co;AIG Property Casualty Co.;ASI Preferred Insurance Corp.;Castle Key Indemnity Co.,Universal P&C Insurance Co.;Florida Family Insurance Co.;First Protective Insurance Co.;Cypress P&C Insurance Co.;Tower Hill Insurance Exchange;Kin Interinsurance Network;Florida Family Home Ins Co.;TypTap Insurance Co.;Homeowners Choice P&C Ins Co.;Edison Insurance Co.;Safe Harbor Insurance Co.;GeoVera Specialty Insurance Co,586072388.2134584,6,28.525995730733356,216782005.90211308,0.0,0,1.0,702657047.2854729,384822840.0,1366927921.5227118,539937478.65,359958319.1,539937478.65,359958319.1,12310388796.677166,15751388796.677166,3441000000.0,1395853723.0,1395853723.0,0.0,False,9851191307.905003,9851191307.905003,0.0,1.0,9113039907.265318,738151400.6396848,1624311532.3635752,0.0,13,9464500000.0,9464500000.0,77
lake_okeechobee,baseline,,1928250N14343,"{""1928250N14343"": 0.7292071570182985}",156882125783.81442,114399568929.8024,42482556854.01202,20118295631.690086,44443012808.74854,0.0,42337488221.32727,7500772268.036497,20118295631.690086,44443012808.74854,6631329971.049132,35851226882.96288,26.98681446965403,4.781151600643567,12.823829057118562,28.328920574413672,4.2269506088840165,22.85233368928614,42337488221.32727,7500772268.036497,6631329971.049132,30,19,11,Universal P&C Insurance Co.;Florida Family Insurance Co.;First Protective Insurance Co.;Cypress P&C Insurance Co.;Florida Peninsula Insurance Co;Tower Hill Insurance Exchange;Kin Interinsurance Network;Heritage P&C Insurance Co.;Florida Family Home Ins Co.;US Coastal P&C Insurance Co.;TypTap Insurance Co.;Homeowners Choice P&C Ins Co.;Vault E&S Insurance Co.;Edison Insurance Co.;Safe Harbor Insurance Co.;GeoVera Specialty Insurance Co;Florida Farm Bureau Cas Ins Co;Universal North America Ins Co;Auto Club Insurance Co. of FL;American Platinum P&C Ins Co.;FL Farm Bureau General Ins Co.;Castle Key Insurance Co.;Homesite Insurance Co.;State Farm FL Ins Co;AIG Property Casualty Co.;ASI Preferred Insurance Corp.;Nationwide P&C Insurance Co.;ACE Ins Co. of the Midwest;Castle Key Indemnity Co.;First Liberty Insurance Corp.,Universal P&C Insurance Co.;Florida Family Insurance Co.;First Protective Insurance Co.;Cypress P&C Insurance Co.;Florida Peninsula Insurance Co;Tower Hill Insurance Exchange;Kin Interinsurance Network;Heritage P&C Insurance Co.;Florida Family Home Ins Co.;US Coastal P&C Insurance Co.;TypTap Insurance Co.;Homeowners Choice P&C Ins Co.;Vault E&S Insurance Co.;Edison Insurance Co.;Safe Harbor Insurance Co.;GeoVera Specialty Insurance Co;Florida Farm Bureau Cas Ins Co;Universal North America Ins Co;American Platinum P&C Ins Co.,4126448615.3617826,11,35.41856476294073,2175738921.344392,30083665.2250339,1,0.9811320754716981,8260696007.184918,308706120.0,1940485322.5877447,539937478.65,359958319.1,539937478.65,359958319.1,3190329971.0491323,6631329971.049132,3441000000.0,1395853723.0,1395853723.0,0.0,False,15151185604.811085,15151185604.811085,0.0,1.0,10582945795.638285,4568239809.1728,2128057449.8820772,0.0,14,9464500000.0,9464500000.0,78
lake_okeechobee,baseline,,1928250N14343,"{""1928250N14343"": 0.17970067438373186}",156882125783.81442,28191823802.104893,128690301981.70953,4320458532.241507,10577885198.039402,0.0,11632566115.286255,1660913956.537728,4320458532.241507,10577885198.039402,19959285261.699608,108731016720.0099,7.414844780543119,1.0587018426984403,2.7539520583722545,6.742568756759367,12.722472469045808,69.307460092581,11632566115.286255,1660913956.537728,19959285261.699608,12,8,4,Universal P&C Insurance Co.;First Protective Insurance Co.;Cypress P&C Insurance Co.;Tower Hill Insurance Exchange;Kin Interinsurance Network;TypTap Insurance Co.;Homeowners Choice P&C Ins Co.;GeoVera Specialty Insurance Co;FL Farm Bureau General Ins Co.;AIG Property Casualty Co.;ASI Preferred Insurance Corp.;Castle Key Indemnity Co.,Universal P&C Insurance Co.;First Protective Insurance Co.;Cypress P&C Insurance Co.;Tower Hill Insurance Exchange;Kin Interinsurance Network;TypTap Insurance Co.;Homeowners Choice P&C Ins Co.;GeoVera Specialty Insurance Co,160530950.126315,4,24.017115967979795,189237907.9665481,0.0,0,1.0,119628389.08060789,434615760.0,555900231.6049285,539937478.65,359958319.1,539937478.65,359958319.1,16518285261.699608,19959285261.699608,3441000000.0,1395853723.0,1395853723.0,0.0,False,4467356302.482702,4467356302.482702,0.0,1.0,4467356302.482702,0.0,1440416022.5547974,0.0,11,9464500000.0,9464500000.0,79
lake_okeechobee,baseline,,1928250N14343,"{""1928250N14343"": 0.2436180529326356}",156882125783.8144,38219318023.38569,118662807760.42871,9718449282.661423,14056444080.69627,0.0,12567064589.646288,1877360070.3817058,9718449282.661423,14056444080.69627,18409006983.796387,100253800776.63234,8.010513961905302,1.196669194149455,6.1947460452273395,8.959876091981462,11.73429215840958,63.903902548326876,12567064589.646288,1877360070.3817058,18409006983.796387,12,8,4,Universal P&C Insurance Co.;First Protective Insurance Co.;Cypress P&C Insurance Co.;Tower Hill Insurance Exchange;Kin Interinsurance Network;TypTap Insurance Co.;Homeowners Choice P&C Ins Co.;GeoVera Specialty Insurance Co;FL Farm Bureau General Ins Co.;AIG Property Casualty Co.;ASI Preferred Insurance Corp.;Castle Key Indemnity Co.,Universal P&C Insurance Co.;First Protective Insurance Co.;Cypress P&C Insurance Co.;Tower Hill Insurance Exchange;Kin Interinsurance Network;TypTap Insurance Co.;Homeowners Choice P&C Ins Co.;GeoVera Specialty Insurance Co,188047633.69689724,4,24.017115967979795,191401402.57900608,0.0,0,1.0,137864003.49946046,434615760.0,756172680.7205848,539937478.65,359958319.1,539937478.65,359958319.1,14968006983.796387,18409006983.796387,3441000000.0,1395853723.0,1395853723.0,0.0,False,5197247851.168759,5197247851.168759,0.0,1.0,5197247851.168759,0.0,1445604110.294973,0.0,11,9464500000.0,9464500000.0,80
lake_okeechobee,baseline,,1928250N14343,"{""1928250N14343"": 0.3245537225580031}",156882125783.8144,50916677925.94984,105965447857.86456,9164281174.683702,18933856891.914673,0.0,19905618859.911335,2912920999.4401255,9164281174.683702,18933856891.914673,16445960103.95982,89519487753.90475,12.688264364381151,1.8567577312498738,5.841507519672573,12.068842640496708,10.483004371462028,57.06162337273768,19905618859.911335,2912920999.4401255,16445960103.95982,17,12,5,Universal P&C Insurance Co.;Florida Family Insurance Co.;First Protective Insurance Co.;Cypress P&C Insurance Co.;Tower Hill Insurance Exchange;Kin Interinsurance Network;Florida Family Home Ins Co.;TypTap Insurance Co.;Homeowners Choice P&C Ins Co.;Edison Insurance Co.;Safe Harbor Insurance Co.;GeoVera Specialty Insurance Co;FL Farm Bureau General Ins Co.;State Farm FL Ins Co;AIG Property Casualty Co.;ASI Preferred Insurance Corp.;Castle Key Indemnity Co.,Universal P&C Insurance Co.;Florida Family Insurance Co.;First Protective Insurance Co.;Cypress P&C Insurance Co.;Tower Hill Insurance Exchange;Kin Interinsurance Network;Florida Family Home Ins Co.;TypTap Insurance Co.;Homeowners Choice P&C Ins Co.;Edison Insurance Co.;Safe Harbor Insurance Co.;GeoVera Specialty Insurance Co,622980083.085443,5,28.525995730733356,217988667.54846668,0.0,0,1.0,718116344.5936301,384822840.0,1369128003.7685676,539937478.65,359958319.1,539937478.65,359958319.1,13004960103.95982,16445960103.95982,3441000000.0,1395853723.0,1395853723.0,0.0,False,9630383291.14945,9630383291.14945,0.0,1.0,9190916902.972553,439466388.17689645,1619576861.9444926,0.0,13,9464500000.0,9464500000.0,81
lake_okeechobee,baseline,,1928250N14343,"{""1928250N14343"": 0.4074004278829622}",156882125783.81442,63913845171.51468,92968280612.29974,14483616034.904766,26045994901.432106,0.0,19884369308.417572,3499864926.7602334,14483616034.904766,26045994901.432106,14436562181.564331,78531718430.73541,12.674719448803549,2.2308882603892632,9.232164571038115,16.602270508065285,9.202171445240422,50.05778576646337,19884369308.417572,3499864926.7602334,14436562181.564331,17,12,5,Universal P&C Insurance Co.;Florida Family Insurance Co.;First Protective Insurance Co.;Cypress P&C Insurance Co.;Tower Hill Insurance Exchange;Kin Interinsurance Network;Florida Family Home Ins Co.;TypTap Insurance Co.;Homeowners Choice P&C Ins Co.;Edison Insurance Co.;Safe Harbor Insurance Co.;GeoVera Specialty Insurance Co;FL Farm Bureau General Ins Co.;State Farm FL Ins Co;AIG Property Casualty Co.;ASI Preferred Insurance Corp.;Castle Key Indemnity Co.,Universal P&C Insurance Co.;Florida Family Insurance Co.;First Protective Insurance Co.;Cypress P&C Insurance Co.;Tower Hill Insurance Exchange;Kin Interinsurance Network;Florida Family Home Ins Co.;TypTap Insurance Co.;Homeowners Choice P&C Ins Co.;Edison Insurance Co.;Safe Harbor Insurance Co.;GeoVera Specialty Insurance Co,444099029.4690653,5,28.525995730733356,217416961.6446427,0.0,0,1.0,707572283.1138577,384822840.0,1371895668.6640882,539937478.65,359958319.1,539937478.65,359958319.1,10995562181.564331,14436562181.564331,3441000000.0,1395853723.0,1395853723.0,0.0,False,10362359976.186344,10362359976.186344,0.0,1.0,9341819099.962542,1020540876.2238028,1710044202.1825924,0.0,12,9464500000.0,9464500000.0,82
lake_okeechobee,baseline,,1928250N14343,"{""1928250N14343"": 0.1899591810441467}",156882125783.8144,29801200134.358185,127080925649.45622,4904173559.553488,11535878791.267328,0.0,11682172527.21309,1678975256.3242817,4904173559.553488,11535878791.267328,19710471239.591385,107370454409.86484,7.4464649614139455,1.070214498902145,3.126024418047154,7.353214226051423,12.563873125197622,68.44020877038773,11682172527.21309,1678975256.3242817,19710471239.591385,11,7,4,Universal P&C Insurance Co.;First Protective Insurance Co.;Tower Hill Insurance Exchange;Kin Interinsurance Network;TypTap Insurance Co.;Homeowners Choice P&C Ins Co.;GeoVera Specialty Insurance Co;FL Farm Bureau General Ins Co.;AIG Property Casualty Co.;ASI Preferred Insurance Corp.;Castle Key Indemnity Co.,Universal P&C Insurance Co.;First Protective Insurance Co.;Tower Hill Insurance Exchange;Kin Interinsurance Network;TypTap Insurance Co.;Homeowners Choice P&C Ins Co.;GeoVera Specialty Insurance Co,173451107.47327626,4,23.145936299594748,189613001.8994801,0.0,0,1.0,105866227.30672884,444236460.0,573106356.2491071,539937478.65,359958319.1,539937478.65,359958319.1,16269471239.591385,19710471239.591385,3441000000.0,1395853723.0,1395853723.0,0.0,False,4476089449.540578,4476089449.540578,0.0,1.0,4476089449.540578,0.0,1437938604.7689703,0.0,10,9464500000.0,9464500000.0,83
lake_okeechobee,baseline,,1928250N14343,"{""1928250N14343"": 0.5822318505340611}",156882125783.81442,91341770410.8276,65540355372.98682,14429741125.74333,46965632007.857025,0.0,26042985595.09975,3903411682.1275024,14429741125.74333,46965632007.857025,10196129251.0501,55344226121.936714,16.60035231227509,2.488117535777437,9.197823559343973,29.936891646009606,6.499229405586012,35.27758554100788,26042985595.09975,3903411682.1275024,10196129251.0501,22,15,7,Universal P&C Insurance Co.;Florida Family Insurance Co.;First Protective Insurance Co.;Cypress P&C Insurance Co.;Florida Peninsula Insurance Co;Tower Hill Insurance Exchange;Kin Interinsurance Network;Florida Family Home Ins Co.;US Coastal P&C Insurance Co.;TypTap Insurance Co.;Homeowners Choice P&C Ins Co.;Edison Insurance Co.;Safe Harbor Insurance Co.;GeoVera Specialty Insurance Co;Universal North America Ins Co;FL Farm Bureau General Ins Co.;Homesite Insurance Co.;State Farm FL Ins Co;AIG Property Casualty Co.;ASI Preferred Insurance Corp.;Castle Key Indemnity Co.;First Liberty Insurance Corp.,Universal P&C Insurance Co.;Florida Family Insurance Co.;First Protective Insurance Co.;Cypress P&C Insurance Co.;Florida Peninsula Insurance Co;Tower Hill Insurance Exchange;Kin Interinsurance Network;Florida Family Home Ins Co.;US Coastal P&C Insurance Co.;TypTap Insurance Co.;Homeowners Choice P&C Ins Co.;Edison Insurance Co.;Safe Harbor Insurance Co.;GeoVera Specialty Insurance Co;Universal North America Ins Co,1452198131.117873,7,32.274744134947035,604532353.950022,0.0,0,1.0,1845153952.836172,343424280.0,1436907963.1535988,539937478.65,359958319.1,539937478.65,359958319.1,6755129251.0501,10196129251.0501,3441000000.0,1395853723.0,1395853723.0,0.0,False,11476553944.67558,11476553944.67558,0.0,1.0,10056501780.63818,1420052164.0373998,2075267723.5318854,0.0,13,9464500000.0,9464500000.0,84
lake_okeechobee,baseline,,1928250N14343,"{""1928250N14343"": 0.2832223389358752}",156882125783.8144,44432522601.724075,112449603182.09033,7975936645.399474,19320567218.19375,0.0,14625512350.235765,2510506387.895095,7975936645.399474,19320567218.19375,17448428410.385204,95001174771.70512,9.322612297075775,1.6002501083868568,5.084031469837691,12.315340018287195,11.121998967829748,60.55576713858275,14625512350.235765,2510506387.895095,17448428410.385204,12,8,4,Universal P&C Insurance Co.;First Protective Insurance Co.;Cypress P&C Insurance Co.;Tower Hill Insurance Exchange;Kin Interinsurance Network;TypTap Insurance Co.;Homeowners Choice P&C Ins Co.;GeoVera Specialty Insurance Co;FL Farm Bureau General Ins Co.;AIG Property Casualty Co.;ASI Preferred Insurance Corp.;Castle Key Indemnity Co.,Universal P&C Insurance Co.;First Protective Insurance Co.;Cypress P&C Insurance Co.;Tower Hill Insurance Exchange;Kin Interinsurance Network;TypTap Insurance Co.;Homeowners Choice P&C Ins Co.;GeoVera Specialty Insurance Co,213114613.00416252,4,24.017115967979795,199299117.1861831,0.0,0,1.0,206222137.55509782,434615760.0,1310315695.479926,539937478.65,359958319.1,539937478.65,359958319.1,14007428410.385204,17448428410.385204,3441000000.0,1395853723.0,1395853723.0,0.0,False,6752213929.800413,6752213929.800413,0.0,1.0,6711138007.053098,41075922.74731576,1451618377.7903156,0.0,11,9464500000.0,9464500000.0,85
lake_okeechobee,baseline,,1928250N14343,"{""1928250N14343"": 0.381760721267015}",156882125783.81442,59891433493.13156,96990692290.68286,13663556231.169981,26080796473.66234,0.0,17019815606.621828,3127265181.6774025,13663556231.169981,26080796473.66234,15058438127.05703,81932254163.62582,10.848792060655368,1.993385266838374,8.709441029629172,16.624453769578576,9.598568384908138,52.22535948839035,17019815606.621828,3127265181.6774025,15058438127.05703,15,11,4,Universal P&C Insurance Co.;Florida Family Insurance Co.;First Protective Insurance Co.;Cypress P&C Insurance Co.;Tower Hill Insurance Exchange;Kin Interinsurance Network;TypTap Insurance Co.;Homeowners Choice P&C Ins Co.;Edison Insurance Co.;Safe Harbor Insurance Co.;GeoVera Specialty Insurance Co;FL Farm Bureau General Ins Co.;AIG Property Casualty Co.;ASI Preferred Insurance Corp.;Castle Key Indemnity Co.,Universal P&C Insurance Co.;Florida Family Insurance Co.;First Protective Insurance Co.;Cypress P&C Insurance Co.;Tower Hill Insurance Exchange;Kin Interinsurance Network;TypTap Insurance Co.;Homeowners Choice P&C Ins Co.;Edison Insurance Co.;Safe Harbor Insurance Co.;GeoVera Specialty Insurance Co,339747324.1131515,4,28.176154707643686,206596448.7500168,0.0,0,1.0,454425937.76574767,388686240.0,1339138071.8532872,539937478.65,359958319.1,539937478.65,359958319.1,11617438127.05703,15058438127.05703,3441000000.0,1395853723.0,1395853723.0,0.0,False,8740443324.665462,8740443324.665462,0.0,1.0,8088776196.073662,651667128.5918005,1475571999.7488651,0.0,11,9464500000.0,9464500000.0,86
lake_okeechobee,baseline,,1928250N14343,"{""1928250N14343"": 0.49166453903940327}",156882125783.8144,77133378057.02078,79748747726.79362,14140211518.271053,36705796047.41475,0.0,22760106102.034515,3527264389.3004565,14140211518.271053,36705796047.41475,12392785917.606565,67355961809.18707,14.507775177267956,2.2483532599252722,9.013271236365352,23.39705423038174,7.8994250337249925,42.934121062334704,22760106102.034515,3527264389.3004565,12392785917.606565,19,12,7,Universal P&C Insurance Co.;Florida Family Insurance Co.;First Protective Insurance Co.;Cypress P&C Insurance Co.;Tower Hill Insurance Exchange;Kin Interinsurance Network;Florida Family Home Ins Co.;TypTap Insurance Co.;Homeowners Choice P&C Ins Co.;Edison Insurance Co.;Safe Harbor Insurance Co.;GeoVera Specialty Insurance Co;FL Farm Bureau General Ins Co.;Homesite Insurance Co.;State Farm FL Ins Co;AIG Property Casualty Co.;ASI Preferred Insurance Corp.;Castle Key Indemnity Co.;First Liberty Insurance Corp.,Universal P&C Insurance Co.;Florida Family Insurance Co.;First Protective Insurance Co.;Cypress P&C Insurance Co.;Tower Hill Insurance Exchange;Kin Interinsurance Network;Florida Family Home Ins Co.;TypTap Insurance Co.;Homeowners Choice P&C Ins Co.;Edison Insurance Co.;Safe Harbor Insurance Co.;GeoVera Specialty Insurance Co,949999003.8563409,7,28.525995730733356,619207918.1977326,0.0,0,1.0,1362856641.7287498,384822840.0,1405123472.600603,539937478.65,359958319.1,539937478.65,359958319.1,8951785917.606565,12392785917.606565,3441000000.0,1395853723.0,1395853723.0,0.0,False,10805752682.13179,10805752682.13179,0.0,1.0,9758086337.993166,1047666344.1386244,1811007722.1899755,0.0,13,9464500000.0,9464500000.0,87
lake_okeechobee,baseline,,1928250N14343,"{""1928250N14343"": 0.16851661141727103}",156882125783.81442,26437244229.026485,130444881554.78793,3188977148.653668,13828355208.076572,0.0,8102248115.570165,1317663756.7260802,3188977148.653668,13828355208.076572,20230548105.53386,110214333449.25407,5.164545084463711,0.839906872846584,2.032721785685209,8.814487398731595,12.895381168796638,70.25295768947626,8102248115.570165,1317663756.7260802,20230548105.53386,9,5,4,Universal P&C Insurance Co.;First Protective Insurance Co.;Tower Hill Insurance Exchange;Kin Interinsurance Network;Homeowners Choice P&C Ins Co.;FL Farm Bureau General Ins Co.;AIG Property Casualty Co.;ASI Preferred Insurance Corp.;Castle Key Indemnity Co.,Universal P&C Insurance Co.;First Protective Insurance Co.;Tower Hill Insurance Exchange;Kin Interinsurance Network;Homeowners Choice P&C Ins Co.,77070057.37843624,4,20.97679156065444,168942223.4632721,0.0,0,1.0,5.960464477539063e-08,384572272.03817767,228808270.2106173,539937478.65,359958319.1,539937478.65,359958319.1,16789548105.53386,20230548105.53386,3441000000.0,1395853723.0,1395853723.0,0.0,False,1819065870.617506,1819065870.617506,0.0,1.0,1819065870.617506,0.0,1423206424.4570665,0.0,10,9464500000.0,9464500000.0,88
lake_okeechobee,baseline,,1928250N14343,"{""1928250N14343"": 0.3509342142104239}",156882125783.8144,55055305535.60379,101826820248.2106,10272420817.118027,23649411506.05085,0.0,17832996809.196426,3300476403.238489,10272420817.118027,23649411506.05085,15806116854.78988,86020703393.42073,11.367131035546093,2.1037937794051746,6.54785927064346,15.074637335447663,10.075154690707668,54.831423888249944,17832996809.196426,3300476403.238489,15806116854.78988,16,11,5,Universal P&C Insurance Co.;Florida Family Insurance Co.;First Protective Insurance Co.;Cypress P&C Insurance Co.;Tower Hill Insurance Exchange;Kin Interinsurance Network;TypTap Insurance Co.;Homeowners Choice P&C Ins Co.;Edison Insurance Co.;Safe Harbor Insurance Co.;GeoVera Specialty Insurance Co;FL Farm Bureau General Ins Co.;State Farm FL Ins Co;AIG Property Casualty Co.;ASI Preferred Insurance Corp.;Castle Key Indemnity Co.,Universal P&C Insurance Co.;Florida Family Insurance Co.;First Protective Insurance Co.;Cypress P&C Insurance Co.;Tower Hill Insurance Exchange;Kin Interinsurance Network;TypTap Insurance Co.;Homeowners Choice P&C Ins Co.;Edison Insurance Co.;Safe Harbor Insurance Co.;GeoVera Specialty Insurance Co,351497674.74384415,5,28.176154707643686,209315811.49147117,0.0,0,1.0,525537926.77465165,388686240.0,1348509263.58245,539937478.65,359958319.1,539937478.65,359958319.1,12365116854.78988,15806116854.78988,3441000000.0,1395853723.0,1395853723.0,0.0,False,9337956541.852667,9337956541.852667,0.0,1.0,8514810303.915391,823146237.9372756,1502288182.562549,0.0,11,9464500000.0,9464500000.0,89
lake_okeechobee,baseline,,1928250N14343,"{""1928250N14343"": 0.14806259741791672}",156882125783.8144,23228375031.99588,133653750751.81853,3910367324.99261,8431855137.899621,0.0,9460443832.327644,1425708736.776003,3910367324.99261,8431855137.899621,20726648138.40467,112927102613.41385,6.0302878897525005,0.9087770385905198,2.4925512103151553,5.374643603133493,13.211605869598083,71.98213438861025,9460443832.327644,1425708736.776003,20726648138.40467,11,7,4,Universal P&C Insurance Co.;First Protective Insurance Co.;Tower Hill Insurance Exchange;Kin Interinsurance Network;TypTap Insurance Co.;Homeowners Choice P&C Ins Co.;GeoVera Specialty Insurance Co;FL Farm Bureau General Ins Co.;AIG Property Casualty Co.;ASI Preferred Insurance Corp.;Castle Key Indemnity Co.,Universal P&C Insurance Co.;First Protective Insurance Co.;Tower Hill Insurance Exchange;Kin Interinsurance Network;TypTap Insurance Co.;Homeowners Choice P&C Ins Co.;GeoVera Specialty Insurance Co,97137704.63556767,4,23.145936299594748,183463523.77112532,0.0,0,1.0,17508001.54774648,444236460.0,332924743.3886342,539937478.65,359958319.1,539937478.65,359958319.1,17285648138.40467,20726648138.40467,3441000000.0,1395853723.0,1395853723.0,0.0,False,2829555233.269694,2829555233.269694,0.0,1.0,2829555233.269694,0.0,1436010904.8861382,0.0,10,9464500000.0,9464500000.0,90
lake_okeechobee,baseline,,1928250N14343,"{""1928250N14343"": 0.3755692571468418}",156882125783.81442,58920103440.24457,97962022343.56985,11204152518.769608,27206284183.158943,0.0,17643303833.594185,2866362904.7218337,11204152518.769608,27206284183.158943,15208608433.659607,82753413909.91023,11.246216702791804,1.8270806125305306,7.141764852300046,17.34186354706179,9.694290128766655,52.74878415654916,17643303833.594185,2866362904.7218337,15208608433.659607,14,10,4,Universal P&C Insurance Co.;First Protective Insurance Co.;Cypress P&C Insurance Co.;Tower Hill Insurance Exchange;Kin Interinsurance Network;TypTap Insurance Co.;Homeowners Choice P&C Ins Co.;Edison Insurance Co.;Safe Harbor Insurance Co.;GeoVera Specialty Insurance Co;FL Farm Bureau General Ins Co.;AIG Property Casualty Co.;ASI Preferred Insurance Corp.;Castle Key Indemnity Co.,Universal P&C Insurance Co.;First Protective Insurance Co.;Cypress P&C Insurance Co.;Tower Hill Insurance Exchange;Kin Interinsurance Network;TypTap Insurance Co.;Homeowners Choice P&C Ins Co.;Edison Insurance Co.;Safe Harbor Insurance Co.;GeoVera Specialty Insurance Co,342996735.95677364,4,27.73228202456624,208665840.40488768,0.0,0,1.0,500340581.90157676,393588060.0,1342508400.5142984,539937478.65,359958319.1,539937478.65,359958319.1,11767608433.659607,15208608433.659607,3441000000.0,1395853723.0,1395853723.0,0.0,False,8819574120.083633,8819574120.083633,0.0,1.0,8426200245.677846,393373874.4057872,1510292528.1485143,0.0,11,9464500000.0,9464500000.0,91
lake_okeechobee,baseline,,1928250N14343,"{""1928250N14343"": 0.248890848404885}",156882125783.81442,39046525385.89544,117835600397.91898,6545143143.700731,20235721508.265114,0.0,10640729615.618376,1624931118.3112273,6545143143.700731,20235721508.265114,18281118442.838776,99554481955.0802,6.782627123679748,1.0357656171426457,4.17201329405749,12.898678805608613,11.652773285358455,63.45814187415305,10640729615.618376,1624931118.3112273,18281118442.838776,11,7,4,Universal P&C Insurance Co.;First Protective Insurance Co.;Tower Hill Insurance Exchange;Kin Interinsurance Network;TypTap Insurance Co.;Homeowners Choice P&C Ins Co.;GeoVera Specialty Insurance Co;FL Farm Bureau General Ins Co.;AIG Property Casualty Co.;ASI Preferred Insurance Corp.;Castle Key Indemnity Co.,Universal P&C Insurance Co.;First Protective Insurance Co.;Tower Hill Insurance Exchange;Kin Interinsurance Network;TypTap Insurance Co.;Homeowners Choice P&C Ins Co.;GeoVera Specialty Insurance Co,124407914.5274385,4,23.145936299594748,187154300.27471614,0.0,0,1.0,67699230.01175672,444236460.0,516225312.5390444,539937478.65,359958319.1,539937478.65,359958319.1,14840118442.838776,18281118442.838776,3441000000.0,1395853723.0,1395853723.0,0.0,False,3783428796.219618,3783428796.219618,0.0,1.0,3783428796.219618,0.0,1437110781.5831785,0.0,10,9464500000.0,9464500000.0,92
lake_okeechobee,baseline,,1928250N14343,"{""1928250N14343"": 0.5543356850302998}",156882125783.81442,86965360665.38043,69916765118.43399,20427872094.7145,36156618328.9211,0.0,26729979929.36514,3650890312.379678,20427872094.7145,36156618328.9211,10872734274.583498,59044030843.8505,17.038257096413517,2.3271550497796363,13.021159671729823,23.046996685106997,6.930511822338681,37.63591967463134,26729979929.36514,3650890312.379678,10872734274.583498,23,15,8,Universal P&C Insurance Co.;Florida Family Insurance Co.;First Protective Insurance Co.;Cypress P&C Insurance Co.;Florida Peninsula Insurance Co;Tower Hill Insurance Exchange;Kin Interinsurance Network;Florida Family Home Ins Co.;US Coastal P&C Insurance Co.;TypTap Insurance Co.;Homeowners Choice P&C Ins Co.;Edison Insurance Co.;Safe Harbor Insurance Co.;GeoVera Specialty Insurance Co;Universal North America Ins Co;Auto Club Insurance Co. of FL;FL Farm Bureau General Ins Co.;Homesite Insurance Co.;State Farm FL Ins Co;AIG Property Casualty Co.;ASI Preferred Insurance Corp.;Castle Key Indemnity Co.;First Liberty Insurance Corp.,Universal P&C Insurance Co.;Florida Family Insurance Co.;First Protective Insurance Co.;Cypress P&C Insurance Co.;Florida Peninsula Insurance Co;Tower Hill Insurance Exchange;Kin Interinsurance Network;Florida Family Home Ins Co.;US Coastal P&C Insurance Co.;TypTap Insurance Co.;Homeowners Choice P&C Ins Co.;Edison Insurance Co.;Safe Harbor Insurance Co.;GeoVera Specialty Insurance Co;Universal North America Ins Co,1584121969.2465973,8,32.274744134947035,860030811.4302242,0.0,0,1.0,2421440944.6022105,343424280.0,1439410523.757091,539937478.65,359958319.1,539937478.65,359958319.1,7431734274.583498,10872734274.583498,3441000000.0,1395853723.0,1395853723.0,0.0,False,11274335006.412535,11274335006.412535,0.0,1.0,10104278998.425482,1170056007.987053,2031922663.2057493,0.0,13,9464500000.0,9464500000.0,93
lake_okeechobee,baseline,,1928250N14343,"{""1928250N14343"": 0.21048504113229635}",156882125783.81442,33021340698.528263,123860785085.28616,6194573527.661043,13610280753.880714,0.0,11319576726.124496,1896909690.8620043,6194573527.661043,13610280753.880714,19212628622.256996,104648156463.02916,7.215338694302892,1.2091305375833383,3.9485527727978678,8.67548210854553,12.246537664037167,66.7049582227332,11319576726.124496,1896909690.8620043,19212628622.256996,12,8,4,Universal P&C Insurance Co.;First Protective Insurance Co.;Cypress P&C Insurance Co.;Tower Hill Insurance Exchange;Kin Interinsurance Network;TypTap Insurance Co.;Homeowners Choice P&C Ins Co.;GeoVera Specialty Insurance Co;FL Farm Bureau General Ins Co.;AIG Property Casualty Co.;ASI Preferred Insurance Corp.;Castle Key Indemnity Co.,Universal P&C Insurance Co.;First Protective Insurance Co.;Cypress P&C Insurance Co.;Tower Hill Insurance Exchange;Kin Interinsurance Network;TypTap Insurance Co.;Homeowners Choice P&C Ins Co.;GeoVera Specialty Insurance Co,126333710.32620925,4,24.017115967979795,189793242.0067923,0.0,0,1.0,119569116.65751219,434615760.0,765582342.2535995,539937478.65,359958319.1,539937478.65,359958319.1,15771628622.256996,19212628622.256996,3441000000.0,1395853723.0,1395853723.0,0.0,False,4282390977.6632366,4282390977.6632366,0.0,1.0,4282390977.6632366,0.0,1437522522.7824047,0.0,10,9464500000.0,9464500000.0,94
lake_okeechobee,baseline,,1928250N14343,"{""1928250N14343"": 0.4428452948275028}",156882125783.8144,69474511245.89865,87407614537.91576,12907839194.977463,24687230908.406994,0.0,27571914753.911427,4307526388.602773,12907839194.977463,24687230908.406994,13576867861.572018,73830746676.34373,17.574924240831542,2.7457088352682066,8.22773093524028,15.73616547141025,8.654184021117306,47.06128649613243,27571914753.911427,4307526388.602773,13576867861.572018,24,16,8,Universal P&C Insurance Co.;Florida Family Insurance Co.;First Protective Insurance Co.;Cypress P&C Insurance Co.;Florida Peninsula Insurance Co;Tower Hill Insurance Exchange;Kin Interinsurance Network;Florida Family Home Ins Co.;US Coastal P&C Insurance Co.;TypTap Insurance Co.;Homeowners Choice P&C Ins Co.;Edison Insurance Co.;Safe Harbor Insurance Co.;GeoVera Specialty Insurance Co;Universal North America Ins Co;Auto Club Insurance Co. of FL;American Platinum P&C Ins Co.;FL Farm Bureau General Ins Co.;Homesite Insurance Co.;State Farm FL Ins Co;AIG Property Casualty Co.;ASI Preferred Insurance Corp.;Castle Key Indemnity Co.;First Liberty Insurance Corp.,Universal P&C Insurance Co.;Florida Family Insurance Co.;First Protective Insurance Co.;Cypress P&C Insurance Co.;Florida Peninsula Insurance Co;Tower Hill Insurance Exchange;Kin Interinsurance Network;Florida Family Home Ins Co.;US Coastal P&C Insurance Co.;TypTap Insurance Co.;Homeowners Choice P&C Ins Co.;Edison Insurance Co.;Safe Harbor Insurance Co.;GeoVera Specialty Insurance Co;Universal North America Ins Co;American Platinum P&C Ins Co.,1675531551.0652614,8,32.43209381455101,713147715.4124761,6750533.766655758,1,0.9811320754716981,2274494895.926267,341686620.0,1450998815.54603,539937478.65,359958319.1,539937478.65,359958319.1,10135867861.572018,13576867861.572018,3441000000.0,1395853723.0,1395853723.0,0.0,False,12017561847.794102,12017561847.794102,0.0,1.0,10197436124.346184,1820125723.447917,2086202751.9199665,0.0,13,9464500000.0,9464500000.0,95
lake_okeechobee,baseline,,1928250N14343,"{""1928250N14343"": 0.5677067147711231}",156882125783.8144,89063036235.03937,67819089548.77504,12722297879.54364,39077605419.7493,0.0,31998272939.456432,5264859996.290005,12722297879.54364,39077605419.7493,10548427842.890022,57270661705.88502,20.396378988101212,3.355933615754959,8.109462958881073,24.90889591437507,6.723792012753507,36.50553651013419,31998272939.456432,5264859996.290005,10548427842.890022,26,17,9,Universal P&C Insurance Co.;Florida Family Insurance Co.;First Protective Insurance Co.;Cypress P&C Insurance Co.;Florida Peninsula Insurance Co;Tower Hill Insurance Exchange;Kin Interinsurance Network;Florida Family Home Ins Co.;US Coastal P&C Insurance Co.;TypTap Insurance Co.;Homeowners Choice P&C Ins Co.;Edison Insurance Co.;Safe Harbor Insurance Co.;GeoVera Specialty Insurance Co;Florida Farm Bureau Cas Ins Co;Universal North America Ins Co;Auto Club Insurance Co. of FL;American Platinum P&C Ins Co.;FL Farm Bureau General Ins Co.;Homesite Insurance Co.;State Farm FL Ins Co;AIG Property Casualty Co.;ASI Preferred Insurance Corp.;ACE Ins Co. of the Midwest;Castle Key Indemnity Co.;First Liberty Insurance Corp.,Universal P&C Insurance Co.;Florida Family Insurance Co.;First Protective Insurance Co.;Cypress P&C Insurance Co.;Florida Peninsula Insurance Co;Tower Hill Insurance Exchange;Kin Interinsurance Network;Florida Family Home Ins Co.;US Coastal P&C Insurance Co.;TypTap Insurance Co.;Homeowners Choice P&C Ins Co.;Edison Insurance Co.;Safe Harbor Insurance Co.;GeoVera Specialty Insurance Co;Florida Farm Bureau Cas Ins Co;Universal North America Ins Co;American Platinum P&C Ins Co.,2530153319.934517,9,33.145293557041065,1072058490.105293,7212581.478802353,1,0.9811320754716981,3911464628.5150123,333810540.0,1483587589.6238298,539937478.65,359958319.1,539937478.65,359958319.1,7107427842.890022,10548427842.890022,3441000000.0,1395853723.0,1395853723.0,0.0,False,13281399391.240028,13281399391.240028,0.0,1.0,10513513396.181753,2767885995.058276,2086387241.0340152,0.0,13,9464500000.0,9464500000.0,96
lake_okeechobee,baseline,,1928250N14343,"{""1928250N14343"": 0.11539318991178658}",156882125783.8144,18103128934.336483,138778996849.4779,2195439192.755512,8015060886.262318,0.0,6784256012.673583,1108372842.6450717,2195439192.755512,8015060886.262318,21519025328.435574,117259971521.04236,4.3244289167922005,0.7065003977396532,1.3994195844725204,5.1089700921742836,13.716683924903638,74.74399708391772,6784256012.673583,1108372842.6450717,21519025328.435574,7,4,3,Universal P&C Insurance Co.;First Protective Insurance Co.;Kin Interinsurance Network;Homeowners Choice P&C Ins Co.;FL Farm Bureau General Ins Co.;ASI Preferred Insurance Corp.;Castle Key Indemnity Co.,Universal P&C Insurance Co.;First Protective Insurance Co.;Kin Interinsurance Network;Homeowners Choice P&C Ins Co.,66599857.9611772,3,16.162888892523068,150585668.0347929,0.0,0,1.0,0.0,281586590.49874395,36103249.35113859,539937478.65,359958319.1,539937478.65,359958319.1,18078025328.435574,21519025328.435574,3441000000.0,1395853723.0,1395853723.0,0.0,False,883869811.2259572,883869811.2259572,0.0,1.0,883869811.2259572,0.0,1397762473.8145244,0.0,10,9464500000.0,9464500000.0,97
lake_okeechobee,baseline,,1928250N14343,"{""1928250N14343"": 0.16756015798227017}",156882125783.81442,26287193780.93032,130594932002.8841,3781399321.132471,12715858979.977219,0.0,8335047139.086285,1454888340.7343433,3781399321.132471,12715858979.977219,20253746318.88007,110341185684.00403,5.312936127964052,0.9273767380862737,2.4103442646763265,8.10535866750036,12.910168202839111,70.33381599893387,8335047139.086285,1454888340.7343433,20253746318.88007,10,6,4,Universal P&C Insurance Co.;First Protective Insurance Co.;Tower Hill Insurance Exchange;Kin Interinsurance Network;TypTap Insurance Co.;Homeowners Choice P&C Ins Co.;FL Farm Bureau General Ins Co.;AIG Property Casualty Co.;ASI Preferred Insurance Corp.;Castle Key Indemnity Co.,Universal P&C Insurance Co.;First Protective Insurance Co.;Tower Hill Insurance Exchange;Kin Interinsurance Network;TypTap Insurance Co.;Homeowners Choice P&C Ins Co.,91570554.68110074,4,22.7924550608587,181855819.96122175,0.0,0,1.0,0.0,439021053.60768527,352771603.5638919,539937478.65,359958319.1,539937478.65,359958319.1,16812746318.88007,20253746318.88007,3441000000.0,1395853723.0,1395853723.0,0.0,False,1947877699.13141,1947877699.13141,0.0,1.0,1947877699.13141,0.0,1431485910.9595518,0.0,10,9464500000.0,9464500000.0,98
lake_okeechobee,baseline,,1928250N14343,"{""1928250N14343"": 0.19662583779113652}",156882125783.8144,30847079416.69696,126035046367.11745,4682513381.647264,13130693590.631481,0.0,11271830793.381569,1762041651.0366511,4682513381.647264,13130693590.631481,19548775416.39382,106486270950.72363,7.18490442239054,1.1231627836715876,2.9847335113879243,8.3697830616636,12.460804772197113,67.87661144868925,11271830793.381569,1762041651.0366511,19548775416.39382,12,8,4,Universal P&C Insurance Co.;First Protective Insurance Co.;Cypress P&C Insurance Co.;Tower Hill Insurance Exchange;Kin Interinsurance Network;TypTap Insurance Co.;Homeowners Choice P&C Ins Co.;GeoVera Specialty Insurance Co;FL Farm Bureau General Ins Co.;AIG Property Casualty Co.;ASI Preferred Insurance Corp.;Castle Key Indemnity Co.,Universal P&C Insurance Co.;First Protective Insurance Co.;Cypress P&C Insurance Co.;Tower Hill Insurance Exchange;Kin Interinsurance Network;TypTap Insurance Co.;Homeowners Choice P&C Ins Co.;GeoVera Specialty Insurance Co,121883859.17366518,4,24.017115967979795,189003436.76636755,0.0,0,1.0,116189517.83082843,434615760.0,644145998.9742298,539937478.65,359958319.1,539937478.65,359958319.1,16107775416.393822,19548775416.39382,3441000000.0,1395853723.0,1395853723.0,0.0,False,4223658301.4424477,4223658301.4424477,0.0,1.0,4223658301.4424477,0.0,1437512816.5840907,0.0,10,9464500000.0,9464500000.0,99
lake_okeechobee,baseline,,1928250N14343,"{""1928250N14343"": 0.12221981104887976}",156882125783.81442,19174103770.24438,137708022013.57004,3702039922.255081,7800304005.94382,0.0,6566909816.868611,1104850025.1768694,3702039922.255081,7800304005.94382,21353449663.403988,116354572350.16603,4.185887833976636,0.7042548790417125,2.3597588978087534,4.972079494060871,13.611142478289281,74.16687641682273,6566909816.868611,1104850025.1768694,21353449663.403988,8,4,4,Universal P&C Insurance Co.;First Protective Insurance Co.;Kin Interinsurance Network;Homeowners Choice P&C Ins Co.;FL Farm Bureau General Ins Co.;AIG Property Casualty Co.;ASI Preferred Insurance Corp.;Castle Key Indemnity Co.,Universal P&C Insurance Co.;First Protective Insurance Co.;Kin Interinsurance Network;Homeowners Choice P&C Ins Co.,72916488.16048862,4,16.162888892523068,109964232.14510548,0.0,0,1.0,0.0,216404706.7808283,31445617.49640131,539937478.65,359958319.1,539937478.65,359958319.1,17912449663.403988,21353449663.403988,3441000000.0,1395853723.0,1395853723.0,0.0,False,730971555.3697171,730971555.3697171,0.0,1.0,730971555.3697171,0.0,1399877925.8341453,0.0,10,9464500000.0,9464500000.0,100
