countyfp,county_name,value
001,Alachua,17874.89154761908
003,Baker,0.0
005,Bay,0.0
007,Bradford,0.0
009,Brevard,0.0
011,Broward,0.0
013,Calhoun,0.0
015,Charlotte,45360154.34670242
017,Citrus,0.0
019,Clay,0.0
021,Collier,1225146432.378632
023,Columbia,249795.7790015951
027,DeSoto,11723196.78220214
029,Dixie,0.0
031,Duval,0.0
033,Escambia,0.0
035,Flagler,0.0
037,Franklin,0.0
039,Gadsden,0.0
041,Gilchrist,0.0
043,Glades,300015.6122843623
045,Gulf,0.0
047,Hamilton,0.0
049,Hardee,3392865.3626048733
051,Hendry,1212379.5332439237
053,Hernando,33527.48358769748
055,Highlands,3173906.2847691113
057,Hillsborough,902441.433355078
059,Holmes,0.0
061,Indian River,0.0
063,Jackson,0.0
065,Jefferson,0.0
067,Lafayette,0.0
069,Lake,18935714.516846877
071,Lee,2282459897.32904
073,Leon,0.0
075,Levy,0.0
077,Liberty,0.0
079,Madison,0.0
081,Manatee,6770.705541446529
083,Marion,6879534.52046528
085,Martin,0.0
086,Miami-Dade,0.0
087,Monroe,52002631.642396696
089,Nassau,0.0
091,Okaloosa,0.0
093,Okeechobee,0.0
095,Orange,0.0
097,Osceola,0.0
099,Palm Beach,0.0
101,Pasco,125389.79544229459
103,Pinellas,0.0
105,Polk,134166040.31474577
107,Putnam,0.0
109,St. Johns,0.0
111,St. Lucie,0.0
113,Santa Rosa,0.0
115,Sarasota,7942092.88216509
117,Seminole,0.0
119,Sumter,14204842.935631052
121,Suwannee,0.0
123,Taylor,0.0
125,Union,5465.3710269191215
127,Volusia,0.0
129,Wakulla,0.0
131,Walton,0.0
133,Washington,0.0
nan,,29955440.17085937
