countyfp,county_name,value
001,Alachua,243495771.48804885
003,Baker,314701.19706041674
005,Bay,0.0
007,Bradford,15383727.281639913
009,Brevard,3509502.5786212496
011,Broward,0.0
013,Calhoun,0.0
015,Charlotte,0.0
017,Citrus,0.0
019,Clay,21473673.52184014
021,Collier,0.0
023,Columbia,23517174.678712077
027,DeSoto,0.0
029,Dixie,499.73756820763407
031,Duval,312.30761362400926
033,Escambia,0.0
035,Flagler,288579334.555565
037,Franklin,0.0
039,Gadsden,0.0
041,Gilchrist,40923.34985304035
043,Glades,0.0
045,Gulf,0.0
047,Hamilton,309479.0689626354
049,Hardee,0.0
051,Hendry,0.0
053,Hernando,0.0
055,Highlands,0.0
057,Hillsborough,0.0
059,Holmes,0.0
061,Indian River,0.0
063,Jackson,0.0
065,Jefferson,142807.63078190165
067,Lafayette,166056.65889776102
069,Lake,569080.358342646
071,Lee,0.0
073,Leon,714.129561539951
075,Levy,18074.67192291017
077,Liberty,0.0
079,Madison,889500.1185838649
081,Manatee,0.0
083,Marion,4707391.36425843
085,Martin,0.0
086,Miami-Dade,0.0
087,Monroe,0.0
089,Nassau,0.0
091,Okaloosa,0.0
093,Okeechobee,0.0
095,Orange,0.0
097,Osceola,0.0
099,Palm Beach,0.0
101,Pasco,0.0
103,Pinellas,0.0
105,Polk,0.0
107,Putnam,91218287.42992733
109,St. Johns,12964393.03879993
111,St. Lucie,0.0
113,Santa Rosa,0.0
115,Sarasota,0.0
117,Seminole,3631633.56004481
119,Sumter,0.0
121,Suwannee,3152778.0179746537
123,Taylor,12.3383974455006
125,Union,3257337.402013156
127,Volusia,2070861336.001997
129,Wakulla,0.0
131,Walton,0.0
133,Washington,0.0
nan,,77080120.19589734
