countyfp,county_name,value
001,Alachua,0.0
003,Baker,0.0
005,Bay,0.0
007,Bradford,0.0
009,Brevard,1106725.7534191594
011,Broward,4.6015347786310245e-07
013,Calhoun,0.0
015,Charlotte,709189521.9092088
017,Citrus,0.0
019,Clay,0.0
021,Collier,1050352492.2434618
023,Columbia,0.0
027,DeSoto,47006180.42232757
029,Dixie,0.0
031,Duval,0.0
033,Escambia,0.0
035,Flagler,0.0
037,Franklin,0.0
039,Gadsden,0.0
041,Gilchrist,0.0
043,Glades,173867593.0725709
045,Gulf,0.0
047,Hamilton,0.0
049,Hardee,795904.8414322647
051,Hendry,569038386.8444965
053,Hernando,0.0
055,Highlands,80567817.62037209
057,Hillsborough,0.0
059,Holmes,0.0
061,Indian River,302582789.0041423
063,Jackson,0.0
065,Jefferson,0.0
067,Lafayette,0.0
069,Lake,0.0
071,Lee,28075703598.047756
073,Leon,0.0
075,Levy,0.0
077,Liberty,0.0
079,Madison,0.0
081,Manatee,17072.77530870553
083,Marion,0.0
085,Martin,3396917208.425308
086,Miami-Dade,0.0
087,Monroe,0.0
089,Nassau,0.0
091,Okaloosa,0.0
093,Okeechobee,269630330.43573093
095,Orange,0.0
097,Osceola,6038.5737252721265
099,Palm Beach,710919717.798
101,Pasco,0.0
103,Pinellas,0.0
105,Polk,61346.349415610755
107,Putnam,0.0
109,St. Johns,0.0
111,St. Lucie,9846582847.280499
113,Santa Rosa,0.0
115,Sarasota,314779559.9663705
117,Seminole,0.0
119,Sumter,0.0
121,Suwannee,0.0
123,Taylor,0.0
125,Union,0.0
127,Volusia,0.0
129,Wakulla,0.0
131,Walton,0.0
133,Washington,0.0
nan,,24886230.45251314
