countyfp,county_name,value
001,Alachua,0.0
003,Baker,0.0
005,Bay,2865646318.525232
007,Bradford,0.0
009,Brevard,0.0
011,Broward,0.0
013,Calhoun,27079621.77141494
015,Charlotte,0.0
017,Citrus,0.0
019,Clay,0.0
021,Collier,13438434.318922676
023,Columbia,0.0
027,DeSoto,0.0
029,Dixie,0.0
031,Duval,0.0
033,Escambia,0.0
035,Flagler,0.0
037,Franklin,225599.03210732405
039,Gadsden,8364871.186432782
041,Gilchrist,0.0
043,Glades,0.0
045,Gulf,27203438.54297104
047,Hamilton,0.0
049,Hardee,0.0
051,Hendry,0.0
053,Hernando,0.0
055,Highlands,0.0
057,Hillsborough,0.0
059,Holmes,11651938.042845726
061,Indian River,0.0
063,Jackson,171170970.92192864
065,Jefferson,0.0
067,Lafayette,0.0
069,Lake,0.0
071,Lee,0.0
073,Leon,65571.16042775677
075,Levy,0.0
077,Liberty,4131530.6323822537
079,Madison,0.0
081,Manatee,0.0
083,Marion,0.0
085,Martin,0.0
086,Miami-Dade,4248221.6366550615
087,Monroe,824934.6449922754
089,Nassau,0.0
091,Okaloosa,3437172.0163261076
093,Okeechobee,0.0
095,Orange,0.0
097,Osceola,0.0
099,Palm Beach,0.0
101,Pasco,0.0
103,Pinellas,0.0
105,Polk,0.0
107,Putnam,0.0
109,St. Johns,0.0
111,St. Lucie,0.0
113,Santa Rosa,0.0
115,Sarasota,0.0
117,Seminole,0.0
119,Sumter,0.0
121,Suwannee,0.0
123,Taylor,0.0
125,Union,0.0
127,Volusia,0.0
129,Wakulla,372.1103132920961
131,Walton,26286631.71700173
133,Washington,37470419.214454256
nan,,3627672.225673687
