countyfp,county_name,value
001,Alachua,0.0
003,Baker,0.0
005,Bay,0.0
007,Bradford,0.0
009,Brevard,0.0
011,Broward,0.0
013,Calhoun,0.0
015,Charlotte,20304882.758596882
017,Citrus,0.0
019,Clay,0.0
021,Collier,367004966.7052887
023,Columbia,0.0
027,DeSoto,1538608.4610298176
029,Dixie,0.0
031,Duval,0.0
033,Escambia,0.0
035,Flagler,0.0
037,Franklin,0.0
039,Gadsden,0.0
041,Gilchrist,0.0
043,Glades,11819874.383831222
045,Gulf,0.0
047,Hamilton,0.0
049,Hardee,15.744743931922947
051,Hendry,32065512.04584789
053,Hernando,0.0
055,Highlands,2766603.0609083287
057,Hillsborough,0.0
059,Holmes,0.0
061,Indian River,24872593.515126906
063,Jackson,0.0
065,Jefferson,0.0
067,Lafayette,0.0
069,Lake,0.0
071,Lee,1979869462.210417
073,Leon,0.0
075,Levy,0.0
077,Liberty,0.0
079,Madison,0.0
081,Manatee,0.0
083,Marion,0.0
085,Martin,13583562.51509634
086,Miami-Dade,0.0
087,Monroe,0.0
089,Nassau,0.0
091,Okaloosa,0.0
093,Okeechobee,32275740.953626152
095,Orange,0.0
097,Osceola,458.44812786368306
099,Palm Beach,509784.71934409277
101,Pasco,0.0
103,Pinellas,0.0
105,Polk,0.0
107,Putnam,0.0
109,St. Johns,0.0
111,St. Lucie,145411543.02398542
113,Santa Rosa,0.0
115,Sarasota,3996927.7476483723
117,Seminole,0.0
119,Sumter,0.0
121,Suwannee,0.0
123,Taylor,0.0
125,Union,0.0
127,Volusia,0.0
129,Wakulla,0.0
131,Walton,0.0
133,Washington,0.0
nan,,7772918.264324389
