countyfp,county_name,value
001,Alachua,0.0
003,Baker,0.0
005,Bay,0.0
007,Bradford,0.0
009,Brevard,0.0
011,Broward,872677822.6882906
013,Calhoun,0.0
015,Charlotte,101.68335807069265
017,Citrus,0.0
019,Clay,0.0
021,Collier,0.0
023,Columbia,0.0
027,DeSoto,2595871.0621658554
029,Dixie,0.0
031,Duval,0.0
033,Escambia,0.0
035,Flagler,0.0
037,Franklin,0.0
039,Gadsden,0.0
041,Gilchrist,0.0
043,Glades,2124683.58746504
045,Gulf,0.0
047,Hamilton,0.0
049,Hardee,9118045.73084521
051,Hendry,10255949.481600935
053,Hernando,0.0
055,Highlands,46759692.92743045
057,Hillsborough,311043721.460141
059,Holmes,0.0
061,Indian River,0.0
063,Jackson,0.0
065,Jefferson,0.0
067,Lafayette,0.0
069,Lake,0.0
071,Lee,0.0
073,Leon,0.0
075,Levy,0.0
077,Liberty,0.0
079,Madison,0.0
081,Manatee,1479115.7138312962
083,Marion,0.0
085,Martin,2900561.6384557514
086,Miami-Dade,870116.2647262343
087,Monroe,0.0
089,Nassau,0.0
091,Okaloosa,0.0
093,Okeechobee,6415931.639861894
095,Orange,0.0
097,Osceola,0.0
099,Palm Beach,4783751896.892461
101,Pasco,939046.9022317881
103,Pinellas,221066662.8975467
105,Polk,11624088.839949036
107,Putnam,0.0
109,St. Johns,0.0
111,St. Lucie,53613.24974034038
113,Santa Rosa,0.0
115,Sarasota,0.0
117,Seminole,0.0
119,Sumter,0.0
121,Suwannee,0.0
123,Taylor,0.0
125,Union,0.0
127,Volusia,0.0
129,Wakulla,0.0
131,Walton,0.0
133,Washington,0.0
nan,,1469289.1865599267
