countyfp,county_name,value
001,Alachua,0.0
003,Baker,0.0
005,Bay,2266895.6437256304
007,Bradford,0.0
009,Brevard,0.0
011,Broward,0.0
013,Calhoun,298.1138411847895
015,Charlotte,0.0
017,Citrus,0.0
019,Clay,0.0
021,Collier,0.0
023,Columbia,0.06533344445048694
027,DeSoto,0.0
029,Dixie,0.0
031,Duval,0.0
033,Escambia,0.0
035,Flagler,0.0
037,Franklin,3999151.0117365564
039,Gadsden,26001.084578877395
041,Gilchrist,0.0
043,Glades,0.0
045,Gulf,2177312.0232064626
047,Hamilton,354908.22714306193
049,Hardee,0.0
051,Hendry,0.0
053,Hernando,0.0
055,Highlands,0.0
057,Hillsborough,0.0
059,Holmes,0.0
061,Indian River,0.0
063,Jackson,0.0
065,Jefferson,295832.6691731325
067,Lafayette,47007.41040347331
069,Lake,0.0
071,Lee,0.0
073,Leon,37699625.15288794
075,Levy,0.0
077,Liberty,2386.202589590422
079,Madison,1164948.158544248
081,Manatee,0.0
083,Marion,0.0
085,Martin,0.0
086,Miami-Dade,0.0
087,Monroe,0.0
089,Nassau,0.0
091,Okaloosa,0.0
093,Okeechobee,0.0
095,Orange,0.0
097,Osceola,0.0
099,Palm Beach,0.0
101,Pasco,0.0
103,Pinellas,0.0
105,Polk,0.0
107,Putnam,0.0
109,St. Johns,0.0
111,St. Lucie,0.0
113,Santa Rosa,0.0
115,Sarasota,0.0
117,Seminole,0.0
119,Sumter,0.0
121,Suwannee,222709.54270899293
123,Taylor,2388294.51541453
125,Union,0.0
127,Volusia,0.0
129,Wakulla,7598041.359976045
131,Walton,0.0
133,Washington,0.0
nan,,969.1829731946306
