countyfp,county_name,value
001,Alachua,0.0
003,Baker,0.0
005,Bay,0.0
007,Bradford,0.0
009,Brevard,12293590.095397627
011,Broward,186198745.1738278
013,Calhoun,0.0
015,Charlotte,50386588.30734824
017,Citrus,0.0
019,Clay,0.0
021,Collier,1.7381751821642935
023,Columbia,0.0
027,DeSoto,140377835.3446612
029,Dixie,0.0
031,Duval,0.0
033,Escambia,0.0
035,Flagler,0.0
037,Franklin,0.0
039,Gadsden,0.0
041,Gilchrist,0.0
043,Glades,52960010.74030664
045,Gulf,0.0
047,Hamilton,0.0
049,Hardee,244275803.94283935
051,Hendry,94907904.04880327
053,Hernando,0.0
055,Highlands,2930122392.9605846
057,Hillsborough,14478446008.620665
059,Holmes,0.0
061,Indian River,1255652002.599382
063,Jackson,0.0
065,Jefferson,0.0
067,Lafayette,0.0
069,Lake,0.0
071,Lee,8332854.187499045
073,Leon,0.0
075,Levy,0.0
077,Liberty,0.0
079,Madison,0.0
081,Manatee,837287794.5389131
083,Marion,0.0
085,Martin,12075144497.864367
086,Miami-Dade,0.0
087,Monroe,0.0
089,Nassau,0.0
091,Okaloosa,0.0
093,Okeechobee,1572972132.2031083
095,Orange,0.0
097,Osceola,17190141.1933411
099,Palm Beach,43578187804.38568
101,Pasco,319558533.9560675
103,Pinellas,8625531461.099415
105,Polk,2275149491.945439
107,Putnam,0.0
109,St. Johns,0.0
111,St. Lucie,36446535931.63865
113,Santa Rosa,0.0
115,Sarasota,230393030.5087717
117,Seminole,0.0
119,Sumter,0.0
121,Suwannee,0.0
123,Taylor,0.0
125,Union,0.0
127,Volusia,0.0
129,Wakulla,0.0
131,Walton,0.0
133,Washington,0.0
nan,,161313956.7617465
