countyfp,county_name,value
001,Alachua,0.0
003,Baker,0.0
005,Bay,0.0
007,Bradford,0.0
009,Brevard,145328366.19252756
011,Broward,0.0
013,Calhoun,0.0
015,Charlotte,0.0
017,Citrus,0.0
019,Clay,630723.4324268798
021,Collier,0.0
023,Columbia,0.0
027,DeSoto,0.0
029,Dixie,0.0
031,Duval,169876153.7637418
033,Escambia,0.0
035,Flagler,130627600.33732137
037,Franklin,0.0
039,Gadsden,0.0
041,Gilchrist,0.0
043,Glades,0.0
045,Gulf,0.0
047,Hamilton,0.0
049,Hardee,0.0
051,Hendry,0.0
053,Hernando,0.0
055,Highlands,0.0
057,Hillsborough,0.0
059,Holmes,0.0
061,Indian River,11450321.246541895
063,Jackson,0.0
065,Jefferson,0.0
067,Lafayette,0.0
069,Lake,491.09906759069935
071,Lee,0.0
073,Leon,0.0
075,Levy,0.0
077,Liberty,0.0
079,Madison,0.0
081,Manatee,0.0
083,Marion,0.0
085,Martin,173123.62614763682
086,Miami-Dade,0.0
087,Monroe,0.0
089,Nassau,7793093.623380187
091,Okaloosa,0.0
093,Okeechobee,0.0
095,Orange,803902.9641320197
097,Osceola,34.797079779540944
099,Palm Beach,42564.87640563761
101,Pasco,0.0
103,Pinellas,0.0
105,Polk,0.0
107,Putnam,160432.49279475986
109,St. Johns,130891721.83852339
111,St. Lucie,3595064.316022033
113,Santa Rosa,0.0
115,Sarasota,0.0
117,Seminole,3991789.0815197467
119,Sumter,0.0
121,Suwannee,0.0
123,Taylor,0.0
125,Union,0.0
127,Volusia,515709200.15458304
129,Wakulla,0.0
131,Walton,0.0
133,Washington,0.0
nan,,24516633.418508373
