countyfp,county_name,value
001,Alachua,0.0
003,Baker,0.0
005,Bay,1403449.9229965243
007,Bradford,0.0
009,Brevard,0.0
011,Broward,3000199673.438975
013,Calhoun,0.0
015,Charlotte,3.3791696944810203
017,Citrus,0.0
019,Clay,0.0
021,Collier,0.0
023,Columbia,0.0
027,DeSoto,38521.642693848284
029,Dixie,0.0
031,Duval,0.0
033,Escambia,883438.6632448749
035,Flagler,0.0
037,Franklin,1054.567322593307
039,Gadsden,0.0
041,Gilchrist,0.0
043,Glades,1770242.5017937382
045,Gulf,105185.97087324434
047,Hamilton,0.0
049,Hardee,4549311.880190625
051,Hendry,6713207.890179553
053,Hernando,4764865.103287186
055,Highlands,97202949.43350756
057,Hillsborough,599824634.3837184
059,Holmes,0.0
061,Indian River,0.0
063,Jackson,0.0
065,Jefferson,0.0
067,Lafayette,0.0
069,Lake,0.0
071,Lee,0.0
073,Leon,0.0
075,Levy,0.0
077,Liberty,0.0
079,Madison,0.0
081,Manatee,1711.2756172970535
083,Marion,0.0
085,Martin,970873.2693762202
086,Miami-Dade,85588907.12338059
087,Monroe,0.0
089,Nassau,0.0
091,Okaloosa,20284268.069284935
093,Okeechobee,7781450.45878494
095,Orange,0.0
097,Osceola,2.0966286832512577
099,Palm Beach,2935720443.1433587
101,Pasco,166759961.22490272
103,Pinellas,57953134.089600645
105,Polk,118692870.72798093
107,Putnam,0.0
109,St. Johns,0.0
111,St. Lucie,9438.153392984696
113,Santa Rosa,19844986.251565892
115,Sarasota,0.0
117,Seminole,0.0
119,Sumter,0.0
121,Suwannee,0.0
123,Taylor,0.0
125,Union,0.0
127,Volusia,0.0
129,Wakulla,0.0
131,Walton,2063745.7564953568
133,Washington,0.0
nan,,7503.561373934295
