countyfp,county_name,value
001,Alachua,906058716.9929649
003,Baker,955272.6852343773
005,Bay,0.0
007,Bradford,17854464.59688264
009,Brevard,0.0
011,Broward,0.0
013,Calhoun,0.0
015,Charlotte,0.0
017,Citrus,15472059.613332784
019,Clay,133549428.61305423
021,Collier,0.0
023,Columbia,723802.5473988517
027,DeSoto,0.0
029,Dixie,1712026.7722103545
031,Duval,278129825.9140031
033,Escambia,0.0
035,Flagler,12181475.053376343
037,Franklin,0.0
039,Gadsden,0.0
041,Gilchrist,1687933.9174556928
043,Glades,0.0
045,Gulf,0.0
047,Hamilton,0.0
049,Hardee,0.0
051,Hendry,0.0
053,Hernando,17.527982198538076
055,Highlands,0.0
057,Hillsborough,0.0
059,Holmes,0.0
061,Indian River,0.0
063,Jackson,0.0
065,Jefferson,0.0
067,Lafayette,7772.417927196647
069,Lake,0.0
071,Lee,0.0
073,Leon,0.0
075,Levy,18988356.304695237
077,Liberty,0.0
079,Madison,0.0
081,Manatee,0.0
083,Marion,77658637.07264675
085,Martin,0.0
086,Miami-Dade,271308883.92174625
087,Monroe,139015.28169096357
089,Nassau,1494.8721940643504
091,Okaloosa,0.0
093,Okeechobee,0.0
095,Orange,0.0
097,Osceola,0.0
099,Palm Beach,0.0
101,Pasco,0.0
103,Pinellas,0.0
105,Polk,0.0
107,Putnam,31929633.8599567
109,St. Johns,292157575.6412382
111,St. Lucie,0.0
113,Santa Rosa,0.0
115,Sarasota,0.0
117,Seminole,0.0
119,Sumter,16668.216789467475
121,Suwannee,45758.245394452664
123,Taylor,53378.7057432204
125,Union,882028.4584334667
127,Volusia,2316.1542668506777
129,Wakulla,0.0
131,Walton,0.0
133,Washington,0.0
nan,,0.3570710874830131
