countyfp,county_name,value
001,Alachua,0.0
003,Baker,0.0
005,Bay,4140469296.0943513
007,Bradford,0.0
009,Brevard,0.0
011,Broward,0.0
013,Calhoun,28918386.773895197
015,Charlotte,0.0
017,Citrus,0.0
019,Clay,0.0
021,Collier,0.0
023,Columbia,0.0
027,DeSoto,0.0
029,Dixie,0.0
031,Duval,0.0
033,Escambia,0.0
035,Flagler,0.0
037,Franklin,41012664.29642279
039,Gadsden,1314041.405172544
041,Gilchrist,0.0
043,Glades,0.0
045,Gulf,120600358.86780497
047,Hamilton,0.0
049,Hardee,0.0
051,Hendry,0.0
053,Hernando,0.0
055,Highlands,0.0
057,Hillsborough,0.0
059,Holmes,123082705.04350768
061,Indian River,0.0
063,Jackson,105100950.38731912
065,Jefferson,0.0
067,Lafayette,0.0
069,Lake,0.0
071,Lee,0.0
073,Leon,239334.36211068244
075,Levy,0.0
077,Liberty,4912005.931883558
079,Madison,0.0
081,Manatee,0.0
083,Marion,0.0
085,Martin,0.0
086,Miami-Dade,0.0
087,Monroe,0.0
089,Nassau,0.0
091,Okaloosa,103804450.30984935
093,Okeechobee,0.0
095,Orange,0.0
097,Osceola,0.0
099,Palm Beach,0.0
101,Pasco,0.0
103,Pinellas,0.0
105,Polk,0.0
107,Putnam,0.0
109,St. Johns,0.0
111,St. Lucie,0.0
113,Santa Rosa,3466.015657258352
115,Sarasota,0.0
117,Seminole,0.0
119,Sumter,0.0
121,Suwannee,0.0
123,Taylor,0.0
125,Union,0.0
127,Volusia,0.0
129,Wakulla,1799057.9592505374
131,Walton,214376761.98125175
133,Washington,189810681.31671825
nan,,162476.0200091799
