countyfp,county_name,value
001,Alachua,0.0
003,Baker,0.0
005,Bay,0.0
007,Bradford,0.0
009,Brevard,24445304.08560387
011,Broward,35395282018.18092
013,Calhoun,0.0
015,Charlotte,65.47427865076361
017,Citrus,0.0
019,Clay,0.0
021,Collier,234018849.62341732
023,Columbia,0.0
027,DeSoto,0.0
029,Dixie,0.0
031,Duval,0.0
033,Escambia,0.0
035,Flagler,0.0
037,Franklin,0.0
039,Gadsden,0.0
041,Gilchrist,0.0
043,Glades,5081824.771221469
045,Gulf,0.0
047,Hamilton,0.0
049,Hardee,0.0
051,Hendry,59110621.04539702
053,Hernando,0.0
055,Highlands,704851.1990622411
057,Hillsborough,0.0
059,Holmes,0.0
061,Indian River,287974577.95877004
063,Jackson,0.0
065,Jefferson,0.0
067,Lafayette,0.0
069,Lake,0.0
071,Lee,34576733.03713288
073,Leon,0.0
075,Levy,0.0
077,Liberty,0.0
079,Madison,0.0
081,Manatee,0.0
083,Marion,0.0
085,Martin,4246560016.7216225
086,Miami-Dade,24432618073.83341
087,Monroe,168657335.63010186
089,Nassau,0.0
091,Okaloosa,0.0
093,Okeechobee,59745635.245008685
095,Orange,0.0
097,Osceola,4712.208273661067
099,Palm Beach,61636777464.5145
101,Pasco,0.0
103,Pinellas,0.0
105,Polk,5.783383189400496
107,Putnam,0.0
109,St. Johns,0.0
111,St. Lucie,4592135638.534699
113,Santa Rosa,0.0
115,Sarasota,0.0
117,Seminole,0.0
119,Sumter,0.0
121,Suwannee,0.0
123,Taylor,0.0
125,Union,0.0
127,Volusia,0.0
129,Wakulla,0.0
131,Walton,0.0
133,Washington,0.0
nan,,91100607.61187617
