countyfp,county_name,value
001,Alachua,1024466.3330012439
003,Baker,12015.7565353355
005,Bay,0.0
007,Bradford,0.0
009,Brevard,0.0
011,Broward,0.0
013,Calhoun,0.0
015,Charlotte,0.0
017,Citrus,2087.515962279854
019,Clay,0.0
021,Collier,0.0
023,Columbia,39176177.37877823
027,DeSoto,0.0
029,Dixie,18066342.191456635
031,Duval,0.0
033,Escambia,0.0
035,Flagler,0.0
037,Franklin,0.0
039,Gadsden,0.0
041,Gilchrist,1253008.0864960363
043,Glades,0.0
045,Gulf,0.0
047,Hamilton,20664468.011876255
049,Hardee,0.0
051,Hendry,0.0
053,Hernando,0.0
055,Highlands,0.0
057,Hillsborough,0.0
059,Holmes,0.0
061,Indian River,0.0
063,Jackson,0.0
065,Jefferson,141382.32547053814
067,Lafayette,8870003.306769477
069,Lake,0.0
071,Lee,0.0
073,Leon,2.5683101746859376
075,Levy,1620716.1478754084
077,Liberty,0.0
079,Madison,6034095.119265803
081,Manatee,0.0
083,Marion,0.0
085,Martin,0.0
086,Miami-Dade,0.0
087,Monroe,0.0
089,Nassau,0.0
091,Okaloosa,0.0
093,Okeechobee,0.0
095,Orange,0.0
097,Osceola,0.0
099,Palm Beach,0.0
101,Pasco,0.0
103,Pinellas,0.0
105,Polk,0.0
107,Putnam,0.0
109,St. Johns,0.0
111,St. Lucie,0.0
113,Santa Rosa,0.0
115,Sarasota,0.0
117,Seminole,0.0
119,Sumter,0.0
121,Suwannee,80816720.10308068
123,Taylor,16400201.0457666
125,Union,23768.32234723554
127,Volusia,0.0
129,Wakulla,1.8310862530018448
131,Walton,0.0
133,Washington,0.0
nan,,0.0
