countyfp,county_name,value
001,Alachua,0.0
003,Baker,0.0
005,Bay,0.0
007,Bradford,0.0
009,Brevard,0.5768472943947658
011,Broward,536553791.716851
013,Calhoun,0.0
015,Charlotte,6273.950942392153
017,Citrus,0.0
019,Clay,0.0
021,Collier,176705754.6344437
023,Columbia,0.0
027,DeSoto,4957.819497028488
029,Dixie,0.0
031,Duval,0.0
033,Escambia,0.0
035,Flagler,0.0
037,Franklin,0.0
039,Gadsden,0.0
041,Gilchrist,0.0
043,Glades,7363487.508784612
045,Gulf,0.0
047,Hamilton,0.0
049,Hardee,53.09500231650978
051,Hendry,61644274.226771966
053,Hernando,0.0
055,Highlands,7292163.90291542
057,Hillsborough,0.0
059,Holmes,0.0
061,Indian River,59.01413567609883
063,Jackson,0.0
065,Jefferson,0.0
067,Lafayette,0.0
069,Lake,0.0
071,Lee,68051819.29176487
073,Leon,0.0
075,Levy,0.0
077,Liberty,0.0
079,Madison,0.0
081,Manatee,0.0
083,Marion,0.0
085,Martin,37428.829644759324
086,Miami-Dade,14717822719.192282
087,Monroe,48004793.906374924
089,Nassau,0.0
091,Okaloosa,0.0
093,Okeechobee,5063085.327596492
095,Orange,113322.5800860887
097,Osceola,1777352.5670865332
099,Palm Beach,34990253.64738498
101,Pasco,0.0
103,Pinellas,0.0
105,Polk,92879.84388615846
107,Putnam,0.0
109,St. Johns,0.0
111,St. Lucie,9.865213589493354
113,Santa Rosa,0.0
115,Sarasota,0.0
117,Seminole,0.0
119,Sumter,0.0
121,Suwannee,0.0
123,Taylor,0.0
125,Union,0.0
127,Volusia,0.0
129,Wakulla,0.0
131,Walton,0.0
133,Washington,0.0
nan,,723514.4123490704
