countyfp,county_name,value
001,Alachua,0.0
003,Baker,0.0
005,Bay,0.0
007,Bradford,0.0
009,Brevard,1082120596.2840104
011,Broward,0.0
013,Calhoun,0.0
015,Charlotte,0.0
017,Citrus,27113117.58480019
019,Clay,0.0
021,Collier,0.0
023,Columbia,0.0
027,DeSoto,0.0
029,Dixie,0.0
031,Duval,0.0
033,Escambia,68285511.49443017
035,Flagler,0.0
037,Franklin,0.019368993721039167
039,Gadsden,0.0
041,Gilchrist,0.0
043,Glades,72960.49800427677
045,Gulf,2.1327338818085244
047,Hamilton,0.0
049,Hardee,8797.068659453178
051,Hendry,0.0
053,Hernando,724981075.4002879
055,Highlands,9353371.56135431
057,Hillsborough,121884472.88733685
059,Holmes,0.0
061,Indian River,2954297888.3639555
063,Jackson,0.0
065,Jefferson,0.0
067,Lafayette,0.0
069,Lake,260421234.7136147
071,Lee,0.0
073,Leon,0.0
075,Levy,0.0
077,Liberty,0.0
079,Madison,0.0
081,Manatee,0.0
083,Marion,5190.791827278768
085,Martin,399453733.76357466
086,Miami-Dade,0.0
087,Monroe,0.0
089,Nassau,0.0
091,Okaloosa,779.2770249972593
093,Okeechobee,8429046.725483347
095,Orange,1655301568.7950685
097,Osceola,2604988374.1770263
099,Palm Beach,197066310.63276356
101,Pasco,618271273.2353172
103,Pinellas,1873321.9509552238
105,Polk,2146174471.5290883
107,Putnam,0.0
109,St. Johns,0.0
111,St. Lucie,3559807561.358479
113,Santa Rosa,10690357.617971528
115,Sarasota,0.0
117,Seminole,26621288.128100302
119,Sumter,19344088.971201416
121,Suwannee,0.0
123,Taylor,0.0
125,Union,0.0
127,Volusia,0.0
129,Wakulla,0.0
131,Walton,0.0
133,Washington,0.0
nan,,30467471.22079468
