countyfp,county_name,value
001,Alachua,150811.72109657442
003,Baker,0.0
005,Bay,0.0
007,Bradford,309726.98458784504
009,Brevard,1171765021.4501846
011,Broward,0.0
013,Calhoun,0.0
015,Charlotte,0.0
017,Citrus,1004444.189447643
019,Clay,16058068.21377523
021,Collier,0.0
023,Columbia,0.0
027,DeSoto,0.0
029,Dixie,0.0
031,Duval,27816628.882044412
033,Escambia,0.0
035,Flagler,359911314.0806952
037,Franklin,0.0
039,Gadsden,0.0
041,Gilchrist,0.0
043,Glades,0.0
045,Gulf,0.0
047,Hamilton,0.0
049,Hardee,0.0
051,Hendry,0.0
053,Hernando,279468.1189922342
055,Highlands,0.0
057,Hillsborough,0.0
059,Holmes,0.0
061,Indian River,25836921.432151828
063,Jackson,0.0
065,Jefferson,0.0
067,Lafayette,0.0
069,Lake,435169058.3367375
071,Lee,0.0
073,Leon,0.0
075,Levy,0.0
077,Liberty,0.0
079,Madison,0.0
081,Manatee,0.0
083,Marion,87292390.00452738
085,Martin,0.0
086,Miami-Dade,0.0
087,Monroe,0.0
089,Nassau,0.0
091,Okaloosa,0.0
093,Okeechobee,637.3233942843979
095,Orange,4507342780.036568
097,Osceola,438644431.46961325
099,Palm Beach,0.0
101,Pasco,82414.20419565465
103,Pinellas,0.0
105,Polk,49878695.215012655
107,Putnam,18787415.559683606
109,St. Johns,44702390.64921002
111,St. Lucie,3208647.0850708243
113,Santa Rosa,0.0
115,Sarasota,0.0
117,Seminole,2310594815.761931
119,Sumter,49323129.862444595
121,Suwannee,0.0
123,Taylor,0.0
125,Union,0.0
127,Volusia,3733430452.4957027
129,Wakulla,0.0
131,Walton,0.0
133,Washington,0.0
nan,,85584098.79363249
