countyfp,county_name,value
001,Alachua,0.0
003,Baker,0.0
005,Bay,0.0
007,Bradford,0.0
009,Brevard,10745487.83468688
011,Broward,0.0036642620292493076
013,Calhoun,0.0
015,Charlotte,1206066.8371099157
017,Citrus,0.0
019,Clay,0.0
021,Collier,2612772819.561319
023,Columbia,0.0
027,DeSoto,22464.652454629595
029,Dixie,0.0
031,Duval,0.0
033,Escambia,0.0
035,Flagler,0.0
037,Franklin,0.0
039,Gadsden,0.0
041,Gilchrist,0.0
043,Glades,20664853.42808802
045,Gulf,0.0
047,Hamilton,0.0
049,Hardee,3.998161799649485
051,Hendry,77780681.88476242
053,Hernando,0.0
055,Highlands,3849412.8750304077
057,Hillsborough,0.0
059,Holmes,0.0
061,Indian River,171335161.82382783
063,Jackson,0.0
065,Jefferson,0.0
067,Lafayette,0.0
069,Lake,0.0
071,Lee,956696610.8156724
073,Leon,0.0
075,Levy,0.0
077,Liberty,0.0
079,Madison,0.0
081,Manatee,0.0
083,Marion,0.0
085,Martin,9916105.722783476
086,Miami-Dade,0.0
087,Monroe,307593.0631019009
089,Nassau,0.0
091,Okaloosa,0.0
093,Okeechobee,68254665.92123275
095,Orange,0.0
097,Osceola,4586.926739021632
099,Palm Beach,7274590.976629092
101,Pasco,0.0
103,Pinellas,0.0
105,Polk,11.328935073429024
107,Putnam,0.0
109,St. Johns,0.0
111,St. Lucie,167297088.80473283
113,Santa Rosa,0.0
115,Sarasota,0.0
117,Seminole,0.0
119,Sumter,0.0
121,Suwannee,0.0
123,Taylor,0.0
125,Union,0.0
127,Volusia,0.0
129,Wakulla,0.0
131,Walton,0.0
133,Washington,0.0
nan,,23025633.29005229
