countyfp,county_name,value
001,Alachua,0.0
003,Baker,0.0
005,Bay,5789437964.292173
007,Bradford,0.0
009,Brevard,0.0
011,Broward,0.0
013,Calhoun,1649216.1036248698
015,Charlotte,0.0
017,Citrus,0.0
019,Clay,0.0
021,Collier,0.0
023,Columbia,0.0
027,DeSoto,0.0
029,Dixie,0.0
031,Duval,0.0
033,Escambia,66662144.63925979
035,Flagler,0.0
037,Franklin,6922769.592204415
039,Gadsden,914.2982074328065
041,Gilchrist,0.0
043,Glades,0.0
045,Gulf,56093542.39950221
047,Hamilton,0.0
049,Hardee,0.0
051,Hendry,0.0
053,Hernando,0.0
055,Highlands,0.0
057,Hillsborough,0.0
059,Holmes,23450862.172647495
061,Indian River,0.0
063,Jackson,3340036.4429091853
065,Jefferson,0.0
067,Lafayette,0.0
069,Lake,0.0
071,Lee,0.0
073,Leon,933.467482624082
075,Levy,0.0
077,Liberty,246782.44999081924
079,Madison,0.0
081,Manatee,0.0
083,Marion,0.0
085,Martin,0.0
086,Miami-Dade,0.0
087,Monroe,0.0
089,Nassau,0.0
091,Okaloosa,2147981956.626274
093,Okeechobee,0.0
095,Orange,0.0
097,Osceola,0.0
099,Palm Beach,0.0
101,Pasco,0.0
103,Pinellas,0.0
105,Polk,0.0
107,Putnam,0.0
109,St. Johns,0.0
111,St. Lucie,0.0
113,Santa Rosa,273324914.55925506
115,Sarasota,0.0
117,Seminole,0.0
119,Sumter,0.0
121,Suwannee,0.0
123,Taylor,0.0
125,Union,0.0
127,Volusia,0.0
129,Wakulla,13234.778096672013
131,Walton,818399866.7844005
133,Washington,34628402.00111376
nan,,309778.75093938154
