countyfp,county_name,value
001,Alachua,886671.5467247317
003,Baker,18138592.017807283
005,Bay,0.0
007,Bradford,5603875.104396852
009,Brevard,712384685.333128
011,Broward,0.0
013,Calhoun,0.0
015,Charlotte,0.0
017,Citrus,0.0
019,Clay,1042766971.5537407
021,Collier,0.0
023,Columbia,105588.74327662698
027,DeSoto,0.0
029,Dixie,0.0
031,Duval,14227662540.045406
033,Escambia,0.0
035,Flagler,1378406293.8228343
037,Franklin,0.0
039,Gadsden,0.0
041,Gilchrist,0.0
043,Glades,0.0
045,Gulf,0.0
047,Hamilton,3.6310517206598876
049,Hardee,0.0
051,Hendry,0.0
053,Hernando,0.0
055,Highlands,0.0
057,Hillsborough,0.0
059,Holmes,0.0
061,Indian River,27975771.799420435
063,Jackson,0.0
065,Jefferson,0.0
067,Lafayette,0.0
069,Lake,1010651.8334569987
071,Lee,0.0
073,Leon,0.0
075,Levy,0.0
077,Liberty,0.0
079,Madison,0.0
081,Manatee,0.0
083,Marion,226538.60866639804
085,Martin,1062786.4571542689
086,Miami-Dade,0.0
087,Monroe,0.0
089,Nassau,424737627.4396123
091,Okaloosa,0.0
093,Okeechobee,0.0
095,Orange,45502667.40215681
097,Osceola,208.99993403579728
099,Palm Beach,0.0
101,Pasco,0.0
103,Pinellas,0.0
105,Polk,0.0
107,Putnam,84060465.118448
109,St. Johns,2765548709.8753324
111,St. Lucie,16314983.139568552
113,Santa Rosa,0.0
115,Sarasota,0.0
117,Seminole,104780698.55232751
119,Sumter,0.0
121,Suwannee,0.0
123,Taylor,0.0
125,Union,546409.0171924235
127,Volusia,3131053061.815261
129,Wakulla,0.0
131,Walton,0.0
133,Washington,0.0
nan,,125377999.9741958
