countyfp,county_name,value
001,Alachua,0.0
003,Baker,0.0
005,Bay,0.0
007,Bradford,0.0
009,Brevard,0.0
011,Broward,203329585.2441316
013,Calhoun,0.0
015,Charlotte,325.76892427372337
017,Citrus,0.0
019,Clay,0.0
021,Collier,0.0
023,Columbia,0.0
027,DeSoto,2812809.8714119373
029,Dixie,0.0
031,Duval,0.0
033,Escambia,0.0
035,Flagler,0.0
037,Franklin,0.0
039,Gadsden,0.0
041,Gilchrist,0.0
043,Glades,3953601.669822121
045,Gulf,0.0
047,Hamilton,0.0
049,Hardee,15246056.887376845
051,Hendry,9829147.560680235
053,Hernando,0.0
055,Highlands,119475206.1987476
057,Hillsborough,465437906.7091658
059,Holmes,0.0
061,Indian River,0.7599904750256438
063,Jackson,0.0
065,Jefferson,0.0
067,Lafayette,0.0
069,Lake,0.0
071,Lee,0.0
073,Leon,0.0
075,Levy,0.0
077,Liberty,0.0
079,Madison,0.0
081,Manatee,1589498.1616677342
083,Marion,0.0
085,Martin,91261632.49778219
086,Miami-Dade,0.0
087,Monroe,0.0
089,Nassau,0.0
091,Okaloosa,0.0
093,Okeechobee,48905110.95042926
095,Orange,0.0
097,Osceola,39.51748881608484
099,Palm Beach,9737302265.32029
101,Pasco,20102681.233336434
103,Pinellas,228236357.6312227
105,Polk,41799857.64252941
107,Putnam,0.0
109,St. Johns,0.0
111,St. Lucie,71196817.1142578
113,Santa Rosa,0.0
115,Sarasota,0.0
117,Seminole,0.0
119,Sumter,0.0
121,Suwannee,0.0
123,Taylor,0.0
125,Union,0.0
127,Volusia,0.0
129,Wakulla,0.0
131,Walton,0.0
133,Washington,0.0
nan,,4178819.011041478
