countyfp,county_name,value
001,Alachua,0.0
003,Baker,0.0
005,Bay,0.0
007,Bradford,0.0
009,Brevard,0.0
011,Broward,0.0
013,Calhoun,0.0
015,Charlotte,33765375.66488231
017,Citrus,0.0
019,Clay,0.0
021,Collier,446790978.7193326
023,Columbia,0.0
027,DeSoto,3840054.402986508
029,Dixie,0.0
031,Duval,0.0
033,Escambia,0.0
035,Flagler,0.0
037,Franklin,0.0
039,Gadsden,0.0
041,Gilchrist,0.0
043,Glades,7297093.188462058
045,Gulf,0.0
047,Hamilton,0.0
049,Hardee,16754.33580057213
051,Hendry,24816120.161075436
053,Hernando,0.0
055,Highlands,6850410.233835666
057,Hillsborough,0.0
059,Holmes,0.0
061,Indian River,8415178.510466032
063,Jackson,0.0
065,Jefferson,0.0
067,Lafayette,0.0
069,Lake,0.0
071,Lee,2622538824.812358
073,Leon,0.0
075,Levy,0.0
077,Liberty,0.0
079,Madison,0.0
081,Manatee,483.4099028538672
083,Marion,0.0
085,Martin,2270.9588942733694
086,Miami-Dade,0.0
087,Monroe,0.0
089,Nassau,0.0
091,Okaloosa,0.0
093,Okeechobee,5487390.940178327
095,Orange,0.0
097,Osceola,402.2148793298267
099,Palm Beach,17614.423069940938
101,Pasco,0.0
103,Pinellas,0.0
105,Polk,1.7328430869297167
107,Putnam,0.0
109,St. Johns,0.0
111,St. Lucie,571719.0911618195
113,Santa Rosa,0.0
115,Sarasota,12513086.619147722
117,Seminole,0.0
119,Sumter,0.0
121,Suwannee,0.0
123,Taylor,0.0
125,Union,0.0
127,Volusia,0.0
129,Wakulla,0.0
131,Walton,0.0
133,Washington,0.0
nan,,11444084.616586078
