scenario,policy_scenario,policy_severity,events,wind_shares,total_damage_usd,wind_total_usd,water_total_usd,underinsured_wind_usd,uninsured_wind_usd,nfip_policyholder_shortfall_usd,wind_insured_private_usd,wind_insured_citizens_usd,wind_underinsured_usd,wind_uninsured_usd,flood_insured_capped_usd,flood_un_derinsured_usd,wind_insured_private_pct,wind_insured_citizens_pct,wind_underinsured_pct,wind_uninsured_pct,flood_insured_capped_pct,flood_un_derinsured_pct,insured_private_wind_pre_usd,insured_citizens_wind_pre_usd,insured_flood_pre_usd,defaults_pre,defaults_post,rescued_defaults,default_companies_pre,default_companies_post,group_contrib_total_usd,group_supported_companies,defaulted_premium_base_pct,largest_entity_deficit_usd,diag_group_shortfall_total_usd,diag_groups_with_shortfall,diag_groups_fully_funded_share,figa_residual_deficit_usd,figa_collected_usd,citizens_residual_deficit_usd,citizens_tier1_usd,citizens_tier2_usd,citizens_tier1_capacity_usd,citizens_tier2_capacity_usd,nfip_borrowed_usd,nfip_claims_paid_usd,nfip_pool_used_usd,nfip_fl_premium_base_usd,nfip_fl_premium_depletion_usd,underinsured_flood_usd,fhcf_cap_binding,fhcf_total_precap_usd,fhcf_total_postcap_usd,fhcf_shortfall_usd,fhcf_scaling_factor,fhcf_recovery_private_usd,fhcf_recovery_citizens_usd,catbond_payout_usd,catbond_unfilled_usd,catbond_triggers,catbond_limit_in_force_usd,catbond_issue_volume_year_usd,iter
irma,baseline,,2017242N16333,"{""2017242N16333"": 0.45242774637783073}",32020681848.663742,14487044926.272446,17533636922.391296,1782560425.9888217,7090841404.857523,0.0,5247845287.409367,365797808.01673335,1782560425.9888217,7090841404.857523,2908848239.7512927,14624788682.640007,16.38892423406769,1.142379821096778,5.566903398289783,22.14456718432881,9.08427950878467,45.672945853432275,5247845287.409367,365797808.01673335,2908848239.7512927,6,3,3,Universal P&C Insurance Co.;First Protective Insurance Co.;Kin Interinsurance Network;FL Farm Bureau General Ins Co.;ASI Preferred Insurance Corp.;Castle Key Indemnity Co.,Universal P&C Insurance Co.;First Protective Insurance Co.;Kin Interinsurance Network,101502646.68821353,3,13.812836302273293,48907176.556694835,0.0,0,1.0,0.0,72737784.4390367,0.0,294764149.2965822,0.0,539937478.65,359958319.1,0.0,2908848239.7512927,2908848239.7512927,1395853723.0,1395853723.0,0.0,False,534916.5406333563,534916.5406333563,0.0,1.0,534916.5406333563,0.0,1298993642.0041602,0.0,10,9464500000.0,9464500000.0,1
irma,baseline,,2017242N16333,"{""2017242N16333"": 0.3721887600323018}",32020681848.66374,11917737872.642986,20102943976.020752,2653674625.367118,5040769866.832003,0.0,3888182415.3300114,335110965.1138558,2653674625.367118,5040769866.832003,3329056620.8656945,16773887355.15506,12.142722112247181,1.046545375572133,8.287377008112832,15.742231507298024,10.396582548115289,52.38454144865455,3888182415.3300114,335110965.1138558,3329056620.8656945,1,0,1,Castle Key Indemnity Co.,,40369325.752771854,1,0.0,0.0,0.0,0,1.0,0.0,0.0,0.0,248609293.8731548,0.0,539937478.65,359958319.1,0.0,3329056620.8656945,3329056620.8656945,1395853723.0,1395853723.0,0.0,False,589394.0932034976,589394.0932034976,0.0,1.0,589394.0932034976,0.0,1116600121.1368177,0.0,8,9464500000.0,9464500000.0,2
irma,baseline,,2017242N16333,"{""2017242N16333"": 0.317901541419011}",32020681848.663742,10179424116.977947,21841257731.685795,2806786264.5060654,3792524384.6345234,0.0,3301003589.4426465,279109878.39471185,2806786264.5060654,3792524384.6345234,3613356626.2329187,18227901105.452873,10.308973447360868,0.8716550125754409,8.765541838776288,11.843983843188491,11.28444623168981,56.92539962640909,3301003589.4426465,279109878.39471185,3613356626.2329187,1,0,1,Castle Key Indemnity Co.,,28875084.2765774,1,0.0,0.0,0.0,0,1.0,0.0,0.0,0.0,194118554.3731532,0.0,539937478.65,359958319.1,172356626.23291874,3613356626.2329187,3441000000.0,1395853723.0,1395853723.0,0.0,False,574368.3750892691,574368.3750892691,0.0,1.0,574368.3750892691,0.0,1090000000.0,0.0,7,9464500000.0,9464500000.0,3
irma,baseline,,2017242N16333,"{""2017242N16333"": 0.510734916441741}",32020681848.663742,16354080268.384842,15666601580.2789,3265835674.40699,6351817043.401854,0.0,6284186069.705683,452241480.87031627,3265835674.40699,6351817043.401854,2603495908.474202,13063105671.804699,19.625397420973183,1.4123418202263822,10.199144696049865,19.836607706924646,8.13066979890951,40.795838556916415,6284186069.705683,452241480.87031627,2603495908.474202,9,5,4,Universal P&C Insurance Co.;First Protective Insurance Co.;Cypress P&C Insurance Co.;Kin Interinsurance Network;Edison Insurance Co.;FL Farm Bureau General Ins Co.;AIG Property Casualty Co.;ASI Preferred Insurance Corp.;Castle Key Indemnity Co.,Universal P&C Insurance Co.;First Protective Insurance Co.;Cypress P&C Insurance Co.;Kin Interinsurance Network;Edison Insurance Co.,133616723.50077352,4,17.786533733959892,97181254.21797955,0.0,0,1.0,0.0,224685767.18957236,0.0,379027258.5357301,0.0,539937478.65,359958319.1,0.0,2603495908.474202,2603495908.474202,1395853723.0,1395853723.0,0.0,False,3538797.1325261868,3538797.1325261868,0.0,1.0,3538797.1325261868,0.0,1427750448.7020645,0.0,10,9464500000.0,9464500000.0,4
irma,baseline,,2017242N16333,"{""2017242N16333"": 0.6149492178101724}",32020681848.663742,19691093256.584145,12329588592.079596,2636673601.828212,8631050936.089401,0.0,7779971654.6001425,643397064.0663923,2636673601.828212,8631050936.089401,2057729755.8658051,10271858836.213789,24.296708269267565,2.009317187895054,8.23428312454328,26.95461319931132,6.426252150379104,32.078826068603675,7779971654.6001425,643397064.0663923,2057729755.8658051,12,8,4,Universal P&C Insurance Co.;First Protective Insurance Co.;Cypress P&C Insurance Co.;Tower Hill Insurance Exchange;Kin Interinsurance Network;Homeowners Choice P&C Ins Co.;Edison Insurance Co.;Safe Harbor Insurance Co.;FL Farm Bureau General Ins Co.;AIG Property Casualty Co.;ASI Preferred Insurance Corp.;Castle Key Indemnity Co.,Universal P&C Insurance Co.;First Protective Insurance Co.;Cypress P&C Insurance Co.;Tower Hill Insurance Exchange;Kin Interinsurance Network;Homeowners Choice P&C Ins Co.;Edison Insurance Co.;Safe Harbor Insurance Co.,213801480.2257095,4,25.563137285625935,271764354.75300956,0.0,0,1.0,282193095.4585974,417542580.0,0.0,539937478.65,19978666.101773143,539937478.65,359958319.1,0.0,2057729755.8658051,2057729755.8658051,1395853723.0,1395853723.0,0.0,False,22613125.770764016,22613125.770764016,0.0,1.0,22613125.770764016,0.0,1556325505.8540907,0.0,11,9464500000.0,9464500000.0,5
irma,baseline,,2017242N16333,"{""2017242N16333"": 0.5237825459082174}",32020681848.663742,16771874260.410135,15248807588.253609,4193355772.5365677,6714899621.882411,0.0,5429356357.377495,434262508.61366117,4193355772.5365677,6714899621.882411,2535165991.7442145,12713641596.509394,16.955779964454653,1.3561938208126676,13.095772889394485,20.970507916159914,7.917276726729071,39.7044686824492,5429356357.377495,434262508.61366117,2535165991.7442145,7,4,3,Universal P&C Insurance Co.;First Protective Insurance Co.;Cypress P&C Insurance Co.;Kin Interinsurance Network;FL Farm Bureau General Ins Co.;ASI Preferred Insurance Corp.;Castle Key Indemnity Co.,Universal P&C Insurance Co.;First Protective Insurance Co.;Cypress P&C Insurance Co.;Kin Interinsurance Network,98729797.69045022,3,14.68401597065834,26683265.277722538,0.0,0,1.0,1.4901161193847656e-08,70029333.96958025,0.0,353520346.30269474,0.0,539937478.65,359958319.1,0.0,2535165991.7442145,2535165991.7442145,1395853723.0,1395853723.0,0.0,False,1178217.3760224893,1178217.3760224893,0.0,1.0,1178217.3760224893,0.0,1294432032.2127411,0.0,10,9464500000.0,9464500000.0,6
irma,baseline,,2017242N16333,"{""2017242N16333"": 0.49287241530729214}",32020681848.66374,15782110802.537262,16238571046.126476,2796354755.8564034,8192657436.4022255,0.0,4438597506.427494,354501103.8511415,2796354755.8564034,8192657436.4022255,2697041116.68556,13541529929.440916,13.86165831010473,1.107100421929133,8.732964429279006,25.585518369416345,8.42280976224156,42.28994870702923,4438597506.427494,354501103.8511415,2697041116.68556,3,0,3,FL Farm Bureau General Ins Co.;ASI Preferred Insurance Corp.;Castle Key Indemnity Co.,,65464490.81056752,3,0.0,0.0,0.0,0,1.0,0.0,0.0,0.0,273873848.11592317,0.0,539937478.65,359958319.1,0.0,2697041116.68556,2697041116.68556,1395853723.0,1395853723.0,0.0,False,597616.9828854953,597616.9828854953,0.0,1.0,597616.9828854953,0.0,1181292611.9598515,0.0,9,9464500000.0,9464500000.0,7
irma,baseline,,2017242N16333,"{""2017242N16333"": 0.372989674978491}",32020681848.663742,11943383715.322754,20077298133.34099,2083524816.8037214,5056111708.088065,0.0,4463688653.422372,340058537.0085949,2083524816.8037214,5056111708.088065,3324862261.1376286,16752435872.20336,13.940017500310184,1.0619965515281053,6.506809650871532,15.790143795139272,10.383483639891256,52.31754886225964,4463688653.422372,340058537.0085949,3324862261.1376286,4,1,3,First Protective Insurance Co.;FL Farm Bureau General Ins Co.;ASI Preferred Insurance Corp.;Castle Key Indemnity Co.,First Protective Insurance Co.,52129517.99119155,3,4.237368573953127,8563992.800958008,0.0,0,1.0,0.0,8563992.800958008,0.0,262844031.9916833,0.0,539937478.65,359958319.1,0.0,3324862261.1376286,3324862261.1376286,1395853723.0,1395853723.0,0.0,False,3304511.1936223456,3304511.1936223456,0.0,1.0,3304511.1936223456,0.0,1180541464.5681193,0.0,8,9464500000.0,9464500000.0,8
irma,baseline,,2017242N16333,"{""2017242N16333"": 0.587829384848714}",32020681848.66374,18822697713.536385,13197984135.127354,3346163684.1050515,6190733398.980752,0.0,8612996273.810926,672804356.6396554,3346163684.1050515,6190733398.980752,2199755242.7750435,10998228892.352314,26.898228821352717,2.1011556212933433,10.450007591717448,19.33354645050789,6.869795131694992,34.34726638343363,8612996273.810926,672804356.6396554,2199755242.7750435,13,9,4,Universal P&C Insurance Co.;First Protective Insurance Co.;Cypress P&C Insurance Co.;Tower Hill Insurance Exchange;Kin Interinsurance Network;US Coastal P&C Insurance Co.;Homeowners Choice P&C Ins Co.;Edison Insurance Co.;Safe Harbor Insurance Co.;FL Farm Bureau General Ins Co.;AIG Property Casualty Co.;ASI Preferred Insurance Corp.;Castle Key Indemnity Co.,Universal P&C Insurance Co.;First Protective Insurance Co.;Cypress P&C Insurance Co.;Tower Hill Insurance Exchange;Kin Interinsurance Network;US Coastal P&C Insurance Co.;Homeowners Choice P&C Ins Co.;Edison Insurance Co.;Safe Harbor Insurance Co.,226683151.5113698,4,25.926642700283715,306382129.15666425,0.0,0,1.0,411664434.3773695,413528280.0,0.0,539937478.65,53821811.12575662,539937478.65,359958319.1,0.0,2199755242.7750435,2199755242.7750435,1395853723.0,1395853723.0,0.0,False,8096431.655591685,8096431.655591685,0.0,1.0,8096431.655591685,0.0,1680222707.8825908,0.0,11,9464500000.0,9464500000.0,9
irma,baseline,,2017242N16333,"{""2017242N16333"": 0.5339127679022178}",32020681848.663742,17096250875.93636,14924430972.727385,3121751036.4214497,8178023296.856276,0.0,5354605217.340573,441871325.3180589,3121751036.4214497,8178023296.856276,2482114421.9487343,12442316550.77865,16.722333530083862,1.3799560153229486,9.749171023826039,25.539816220988914,7.751597650792423,38.857125558985814,5354605217.340573,441871325.3180589,2482114421.9487343,7,4,3,Universal P&C Insurance Co.;First Protective Insurance Co.;Cypress P&C Insurance Co.;Kin Interinsurance Network;FL Farm Bureau General Ins Co.;ASI Preferred Insurance Corp.;Castle Key Indemnity Co.,Universal P&C Insurance Co.;First Protective Insurance Co.;Cypress P&C Insurance Co.;Kin Interinsurance Network,92402071.1788998,3,14.68401597065834,42981563.44340855,0.0,0,1.0,0.0,96137958.58489594,0.0,358665961.32873464,0.0,539937478.65,359958319.1,0.0,2482114421.9487343,2482114421.9487343,1395853723.0,1395853723.0,0.0,False,7910499.506880364,7910499.506880364,0.0,1.0,7910499.506880364,0.0,1286042438.090366,0.0,10,9464500000.0,9464500000.0,10
irma,baseline,,2017242N16333,"{""2017242N16333"": 0.49945086883124395}",32020681848.663742,15992757369.883945,16027924478.779799,2744979694.7374663,6064945184.206013,0.0,6678115896.745539,504716594.194927,2744979694.7374663,6064945184.206013,2662590017.1460896,13365334461.633709,20.85563301964547,1.5762206332154958,8.57252105907925,18.940712171184167,8.315219612530525,41.73969350434509,6678115896.745539,504716594.194927,2662590017.1460896,11,7,4,Universal P&C Insurance Co.;First Protective Insurance Co.;Cypress P&C Insurance Co.;Tower Hill Insurance Exchange;Kin Interinsurance Network;Homeowners Choice P&C Ins Co.;Edison Insurance Co.;FL Farm Bureau General Ins Co.;AIG Property Casualty Co.;ASI Preferred Insurance Corp.;Castle Key Indemnity Co.,Universal P&C Insurance Co.;First Protective Insurance Co.;Cypress P&C Insurance Co.;Tower Hill Insurance Exchange;Kin Interinsurance Network;Homeowners Choice P&C Ins Co.;Edison Insurance Co.,149607423.82468054,4,24.95048899234104,160931192.4869163,0.0,0,1.0,0.0,407989341.4849818,0.0,428042214.3314143,0.0,539937478.65,359958319.1,0.0,2662590017.1460896,2662590017.1460896,1395853723.0,1395853723.0,0.0,False,7801031.256395793,7801031.256395793,0.0,1.0,7801031.256395793,0.0,1463673065.6901193,0.0,11,9464500000.0,9464500000.0,11
irma,baseline,,2017242N16333,"{""2017242N16333"": 0.7099229509998126}",32020681848.66374,22732216951.02949,9288464897.634247,4622210025.701788,7819963604.31759,0.0,9537034320.657167,753009000.3529491,4622210025.701788,7819963604.31759,1560356091.3961058,7728108806.238142,29.783982632634537,2.351633247261326,14.435076827992901,24.421602392092492,4.872963351532196,24.13474154848656,9537034320.657167,753009000.3529491,1560356091.3961058,15,11,4,Universal P&C Insurance Co.;First Protective Insurance Co.;Cypress P&C Insurance Co.;Tower Hill Insurance Exchange;Kin Interinsurance Network;US Coastal P&C Insurance Co.;TypTap Insurance Co.;Homeowners Choice P&C Ins Co.;Edison Insurance Co.;Safe Harbor Insurance Co.;GeoVera Specialty Insurance Co;FL Farm Bureau General Ins Co.;AIG Property Casualty Co.;ASI Preferred Insurance Corp.;Castle Key Indemnity Co.,Universal P&C Insurance Co.;First Protective Insurance Co.;Cypress P&C Insurance Co.;Tower Hill Insurance Exchange;Kin Interinsurance Network;US Coastal P&C Insurance Co.;TypTap Insurance Co.;Homeowners Choice P&C Ins Co.;Edison Insurance Co.;Safe Harbor Insurance Co.;GeoVera Specialty Insurance Co,281781468.8826807,4,28.09578743922402,408241642.634521,0.0,0,1.0,755639520.0014565,389573760.0,0.0,539937478.65,133151715.661394,539937478.65,359958319.1,0.0,1560356091.3961058,1560356091.3961058,1395853723.0,1395853723.0,0.0,False,20000749.110699076,20000749.110699076,0.0,1.0,20000749.110699076,0.0,1678076005.6281376,0.0,12,9464500000.0,9464500000.0,12
irma,baseline,,2017242N16333,"{""2017242N16333"": 0.47604395020925133}",32020681848.663742,15243251875.631554,16777429973.032187,2611556744.8330836,5600915319.181129,0.0,6536767923.0785885,494011888.5387541,2611556744.8330836,5600915319.181129,2785171119.2884917,13992258853.743694,20.414205899714077,1.5427900344956886,8.155843642480296,17.491555444235058,8.698038138137647,43.69756684093723,6536767923.0785885,494011888.5387541,2785171119.2884917,11,7,4,Universal P&C Insurance Co.;First Protective Insurance Co.;Cypress P&C Insurance Co.;Kin Interinsurance Network;Homeowners Choice P&C Ins Co.;Edison Insurance Co.;Safe Harbor Insurance Co.;FL Farm Bureau General Ins Co.;AIG Property Casualty Co.;ASI Preferred Insurance Corp.;Castle Key Indemnity Co.,Universal P&C Insurance Co.;First Protective Insurance Co.;Cypress P&C Insurance Co.;Kin Interinsurance Network;Homeowners Choice P&C Ins Co.;Edison Insurance Co.;Safe Harbor Insurance Co.,155103191.8065018,4,20.74923461749456,123591793.61853832,0.0,0,1.0,0.0,264490581.23453274,0.0,417410037.3964721,0.0,539937478.65,359958319.1,0.0,2785171119.2884917,2785171119.2884917,1395853723.0,1395853723.0,0.0,False,1276601.4785890556,1276601.4785890556,0.0,1.0,1276601.4785890556,0.0,1423716837.9905264,0.0,10,9464500000.0,9464500000.0,13
irma,baseline,,2017242N16333,"{""2017242N16333"": 0.6403568064435348}",32020681848.663742,20504661568.754772,11516020279.908972,3100244749.8343077,8337398029.112859,0.0,8465289394.15802,601729395.6495814,3100244749.8343077,8337398029.112859,1924671224.4223707,9591349055.486603,26.436942955077285,1.8791898264174292,9.682007286686446,26.037540576172297,6.010712805925741,29.953606549720803,8465289394.15802,601729395.6495814,1924671224.4223707,13,9,4,Universal P&C Insurance Co.;First Protective Insurance Co.;Cypress P&C Insurance Co.;Tower Hill Insurance Exchange;Kin Interinsurance Network;TypTap Insurance Co.;Homeowners Choice P&C Ins Co.;Edison Insurance Co.;Safe Harbor Insurance Co.;FL Farm Bureau General Ins Co.;AIG Property Casualty Co.;ASI Preferred Insurance Corp.;Castle Key Indemnity Co.,Universal P&C Insurance Co.;First Protective Insurance Co.;Cypress P&C Insurance Co.;Tower Hill Insurance Exchange;Kin Interinsurance Network;TypTap Insurance Co.;Homeowners Choice P&C Ins Co.;Edison Insurance Co.;Safe Harbor Insurance Co.,235793694.94560254,4,27.378800785830194,304426187.76492774,0.0,0,1.0,411465777.1145686,397491660.0,0.0,529287877.05882186,0.0,539937478.65,359958319.1,0.0,1924671224.4223707,1924671224.4223707,1395853723.0,1395853723.0,0.0,False,13025251.056657655,13025251.056657655,0.0,1.0,13025251.056657655,0.0,1663680805.0756092,0.0,12,9464500000.0,9464500000.0,14
irma,baseline,,2017242N16333,"{""2017242N16333"": 0.4783478460372361}",32020681848.663742,15317024190.951921,16703657657.711819,2339061716.450719,7288858454.802992,0.0,5278479867.286805,410624152.4114052,2339061716.450719,7288858454.802992,2773105708.4423876,13930551949.269432,16.484595463125913,1.2823716695106573,7.304846684732076,22.76297078635496,8.660358082156556,43.50485731411984,5278479867.286805,410624152.4114052,2773105708.4423876,6,3,3,First Protective Insurance Co.;Cypress P&C Insurance Co.;Kin Interinsurance Network;FL Farm Bureau General Ins Co.;ASI Preferred Insurance Corp.;Castle Key Indemnity Co.,First Protective Insurance Co.;Cypress P&C Insurance Co.;Kin Interinsurance Network,93482163.56533265,3,6.782020572868886,47643170.13556391,0.0,0,1.0,0.0,70944118.17010623,0.0,331940601.20539033,0.0,539937478.65,359958319.1,0.0,2773105708.4423876,2773105708.4423876,1395853723.0,1395853723.0,0.0,False,744518.021110115,744518.021110115,0.0,1.0,744518.021110115,0.0,1294830444.151513,0.0,10,9464500000.0,9464500000.0,15
irma,baseline,,2017242N16333,"{""2017242N16333"": 0.7370324881085414}",32020681848.663742,23600282813.85264,8420399034.811103,5455139882.610852,8901817573.179733,0.0,8560762705.528655,682562652.5333984,5455139882.610852,8901817573.179733,1418384523.4582407,7002014511.352863,26.735104349084637,2.131630599745903,17.036301439154087,27.800212422869492,4.4295887581714055,21.86716243097448,8560762705.528655,682562652.5333984,1418384523.4582407,14,10,4,Universal P&C Insurance Co.;First Protective Insurance Co.;Cypress P&C Insurance Co.;Tower Hill Insurance Exchange;Kin Interinsurance Network;TypTap Insurance Co.;Homeowners Choice P&C Ins Co.;Edison Insurance Co.;Safe Harbor Insurance Co.;GeoVera Specialty Insurance Co;FL Farm Bureau General Ins Co.;AIG Property Casualty Co.;ASI Preferred Insurance Corp.;Castle Key Indemnity Co.,Universal P&C Insurance Co.;First Protective Insurance Co.;Cypress P&C Insurance Co.;Tower Hill Insurance Exchange;Kin Interinsurance Network;TypTap Insurance Co.;Homeowners Choice P&C Ins Co.;Edison Insurance Co.;Safe Harbor Insurance Co.;GeoVera Specialty Insurance Co,266516443.452166,4,27.73228202456624,295890754.344185,0.0,0,1.0,396781745.41045105,393588060.0,0.0,539937478.65,62094215.050786614,539937478.65,359958319.1,0.0,1418384523.4582407,1418384523.4582407,1395853723.0,1395853723.0,0.0,False,4725668.620430982,4725668.620430982,0.0,1.0,4725668.620430982,0.0,1595534629.5824003,0.0,11,9464500000.0,9464500000.0,16
irma,baseline,,2017242N16333,"{""2017242N16333"": 0.37186335331383996}",32020681848.663742,11907318127.639704,20113363721.024036,2499818635.070594,5412831279.07127,0.0,3704552426.427451,290115787.0703892,2499818635.070594,5412831279.07127,3330760762.9118037,16782602958.112232,11.569249037031502,0.9060262627808349,7.806887582485736,16.904172449085912,10.401904552356681,52.41176011625932,3704552426.427451,290115787.0703892,3330760762.9118037,1,0,1,Castle Key Indemnity Co.,,37996949.91859211,1,0.0,0.0,0.0,0,1.0,0.0,0.0,0.0,210943001.86374682,0.0,539937478.65,359958319.1,0.0,3330760762.9118037,3330760762.9118037,1395853723.0,1395853723.0,0.0,False,540596.5222860547,540596.5222860547,0.0,1.0,540596.5222860547,0.0,1094686235.925698,0.0,8,9464500000.0,9464500000.0,17
irma,baseline,,2017242N16333,"{""2017242N16333"": 0.5545906278715967}",32020681848.663742,17758370051.32706,14262311797.336681,4270354511.536412,6775936934.214962,0.0,6140690396.988696,571388208.5869919,4270354511.536412,6775936934.214962,2373825291.4601455,11888486505.876537,19.177263076441807,1.784434857719423,13.336238533954322,21.161126319044108,7.413412689583959,37.12752452325639,6140690396.988696,571388208.5869919,2373825291.4601455,11,7,4,Universal P&C Insurance Co.;First Protective Insurance Co.;Cypress P&C Insurance Co.;Tower Hill Insurance Exchange;Kin Interinsurance Network;Homeowners Choice P&C Ins Co.;Edison Insurance Co.;FL Farm Bureau General Ins Co.;AIG Property Casualty Co.;ASI Preferred Insurance Corp.;Castle Key Indemnity Co.,Universal P&C Insurance Co.;First Protective Insurance Co.;Cypress P&C Insurance Co.;Tower Hill Insurance Exchange;Kin Interinsurance Network;Homeowners Choice P&C Ins Co.;Edison Insurance Co.,142385487.1277858,4,24.95048899234104,82425671.30467889,0.0,0,1.0,0.0,206200799.90256217,0.0,478500952.1712402,0.0,539937478.65,359958319.1,0.0,2373825291.4601455,2373825291.4601455,1395853723.0,1395853723.0,0.0,False,7034540.4114864655,7034540.4114864655,0.0,1.0,7034540.4114864655,0.0,1372232800.0035117,0.0,10,9464500000.0,9464500000.0,18
irma,baseline,,2017242N16333,"{""2017242N16333"": 0.4647868721814668}",32020681848.663742,14882792561.558285,17137889287.105455,2825157490.350401,5886177818.212189,0.0,5707862897.845553,463594355.1501427,2825157490.350401,5886177818.212189,2844123989.328049,14293765297.777407,17.82555076379096,1.4477966376268436,8.822914838924012,18.382424977804853,8.882146866109716,44.63916591574361,5707862897.845553,463594355.1501427,2844123989.328049,7,4,3,Universal P&C Insurance Co.;First Protective Insurance Co.;Cypress P&C Insurance Co.;Kin Interinsurance Network;FL Farm Bureau General Ins Co.;ASI Preferred Insurance Corp.;Castle Key Indemnity Co.,Universal P&C Insurance Co.;First Protective Insurance Co.;Cypress P&C Insurance Co.;Kin Interinsurance Network,113320038.44937363,3,14.68401597065834,71087113.47441274,0.0,0,1.0,0.0,155720267.31925625,0.0,381629715.0384067,0.0,539937478.65,359958319.1,0.0,2844123989.328049,2844123989.328049,1395853723.0,1395853723.0,0.0,False,6385992.696189441,6385992.696189441,0.0,1.0,6385992.696189441,0.0,1334366620.8815064,0.0,10,9464500000.0,9464500000.0,19
irma,baseline,,2017242N16333,"{""2017242N16333"": 0.39168444594933455}",32020681848.663742,12542003028.813766,19478678819.849976,1846060800.5036366,4918706002.884087,0.0,5335566337.656948,441669887.76909596,1846060800.5036366,4918706002.884087,3226958488.8848963,16251720330.965076,16.662875459285722,1.379326929565453,5.765213899030932,15.361028307051336,10.077731961287267,50.75382344377929,5335566337.656948,441669887.76909596,3226958488.8848963,7,4,3,Universal P&C Insurance Co.;First Protective Insurance Co.;Cypress P&C Insurance Co.;Kin Interinsurance Network;FL Farm Bureau General Ins Co.;ASI Preferred Insurance Corp.;Castle Key Indemnity Co.,Universal P&C Insurance Co.;First Protective Insurance Co.;Cypress P&C Insurance Co.;Kin Interinsurance Network,108588177.28582466,3,14.68401597065834,37880841.54844245,0.0,0,1.0,0.0,53354892.472344466,0.0,358330086.147183,0.0,539937478.65,359958319.1,0.0,3226958488.8848963,3226958488.8848963,1395853723.0,1395853723.0,0.0,False,642469.5113147949,642469.5113147949,0.0,1.0,642469.5113147949,0.0,1287660606.986312,0.0,10,9464500000.0,9464500000.0,20
irma,baseline,,2017242N16333,"{""2017242N16333"": 0.621483125898573}",32020681848.663742,19900313448.711235,12120368399.952505,3209984052.2239923,9065108733.329023,0.0,7071337337.757112,553883325.4011075,3209984052.2239923,9065108733.329023,2023511939.001147,10096856460.951359,22.08365634179088,1.7297674297470391,10.024721108048324,28.310167710271045,6.319390538167413,31.532296871975298,7071337337.757112,553883325.4011075,2023511939.001147,12,8,4,Universal P&C Insurance Co.;First Protective Insurance Co.;Cypress P&C Insurance Co.;Tower Hill Insurance Exchange;Kin Interinsurance Network;Homeowners Choice P&C Ins Co.;Edison Insurance Co.;Safe Harbor Insurance Co.;FL Farm Bureau General Ins Co.;AIG Property Casualty Co.;ASI Preferred Insurance Corp.;Castle Key Indemnity Co.,Universal P&C Insurance Co.;First Protective Insurance Co.;Cypress P&C Insurance Co.;Tower Hill Insurance Exchange;Kin Interinsurance Network;Homeowners Choice P&C Ins Co.;Edison Insurance Co.;Safe Harbor Insurance Co.,184165394.56535462,4,25.563137285625935,199973796.26035118,0.0,0,1.0,102978159.88594389,417542580.0,0.0,474631036.12379587,0.0,539937478.65,359958319.1,0.0,2023511939.001147,2023511939.001147,1395853723.0,1395853723.0,0.0,False,7360911.817972148,7360911.817972148,0.0,1.0,7360911.817972148,0.0,1441559378.3415742,0.0,10,9464500000.0,9464500000.0,21
irma,baseline,,2017242N16333,"{""2017242N16333"": 0.4361494504956879}",32020681848.663742,13965802792.791933,18054879055.871807,1903058565.0725274,4002671466.022808,0.0,7520545057.486581,539527704.2100176,1903058565.0725274,4002671466.022808,2994097028.0458074,15060782027.826,23.486523781817663,1.6849350890150785,5.943216868606263,12.500269310129772,9.350509905430869,47.03454504500036,7520545057.486581,539527704.2100176,2994097028.0458074,12,8,4,Universal P&C Insurance Co.;First Protective Insurance Co.;Cypress P&C Insurance Co.;Tower Hill Insurance Exchange;Kin Interinsurance Network;Homeowners Choice P&C Ins Co.;Edison Insurance Co.;Safe Harbor Insurance Co.;FL Farm Bureau General Ins Co.;AIG Property Casualty Co.;ASI Preferred Insurance Corp.;Castle Key Indemnity Co.,Universal P&C Insurance Co.;First Protective Insurance Co.;Cypress P&C Insurance Co.;Tower Hill Insurance Exchange;Kin Interinsurance Network;Homeowners Choice P&C Ins Co.;Edison Insurance Co.;Safe Harbor Insurance Co.,220418568.93886587,4,25.563137285625935,232471996.0754633,0.0,0,1.0,207797821.49209344,417542580.0,0.0,466506860.0282941,0.0,539937478.65,359958319.1,0.0,2994097028.0458074,2994097028.0458074,1395853723.0,1395853723.0,0.0,False,6410767.247728274,6410767.247728274,0.0,1.0,6410767.247728274,0.0,1533334966.8630242,0.0,11,9464500000.0,9464500000.0,22
irma,baseline,,2017242N16333,"{""2017242N16333"": 0.26901234202834445}",32020681848.66374,8613958617.45353,23406723231.21021,1413433367.6886027,3666886506.394971,0.0,3309787426.455429,223851316.9145264,1413433367.6886027,3666886506.394971,3869387419.561554,19537335811.648663,10.336405208665319,0.6990835422321526,4.414126389840093,11.451619062096876,12.084025686426875,61.01474011073871,3309787426.455429,223851316.9145264,3869387419.561554,1,0,1,Castle Key Indemnity Co.,,27138974.417083643,1,0.0,0.0,0.0,0,1.0,0.0,0.0,0.0,154741526.51086697,0.0,539937478.65,359958319.1,428387419.56155396,3869387419.561554,3441000000.0,1395853723.0,1395853723.0,0.0,False,3054523.5122465394,3054523.5122465394,0.0,1.0,3054523.5122465394,0.0,1100055396.2369962,0.0,8,9464500000.0,9464500000.0,23
irma,baseline,,2017242N16333,"{""2017242N16333"": 0.5022212285762543}",32020681848.663742,16081466177.885267,15939215670.778475,2168187751.09097,6612396832.999044,0.0,6720691976.608955,580189617.1862969,2168187751.09097,6612396832.999044,2648081753.313565,13291133917.46491,20.988597333349468,1.8119214947651368,6.771210436237013,20.6503935932738,8.269910571639098,41.50796657073548,6720691976.608955,580189617.1862969,2648081753.313565,11,7,4,Universal P&C Insurance Co.;First Protective Insurance Co.;Cypress P&C Insurance Co.;Tower Hill Insurance Exchange;Kin Interinsurance Network;Homeowners Choice P&C Ins Co.;Edison Insurance Co.;FL Farm Bureau General Ins Co.;AIG Property Casualty Co.;ASI Preferred Insurance Corp.;Castle Key Indemnity Co.,Universal P&C Insurance Co.;First Protective Insurance Co.;Cypress P&C Insurance Co.;Tower Hill Insurance Exchange;Kin Interinsurance Network;Homeowners Choice P&C Ins Co.;Edison Insurance Co.,141897351.26965117,4,24.95048899234104,172777134.3254875,0.0,0,1.0,0.0,424267671.2872904,0.0,493467564.0151826,0.0,539937478.65,359958319.1,0.0,2648081753.313565,2648081753.313565,1395853723.0,1395853723.0,0.0,False,8541760.866715468,8541760.866715468,0.0,1.0,8541760.866715468,0.0,1463181082.345095,0.0,10,9464500000.0,9464500000.0,24
irma,baseline,,2017242N16333,"{""2017242N16333"": 0.5426735841881701}",32020681848.66374,17376778186.96343,14643903661.70031,2316625975.1675167,6476640945.690349,0.0,8010602834.699681,572908431.4058834,2316625975.1675167,6476640945.690349,2436234375.3974495,12207669286.302864,25.016965199427737,1.7891824855996674,7.234780277685412,20.22643045610419,7.608315109939223,38.12432647124378,8010602834.699681,572908431.4058834,2436234375.3974495,12,8,4,Universal P&C Insurance Co.;First Protective Insurance Co.;Cypress P&C Insurance Co.;Tower Hill Insurance Exchange;Kin Interinsurance Network;Homeowners Choice P&C Ins Co.;Edison Insurance Co.;Safe Harbor Insurance Co.;FL Farm Bureau General Ins Co.;AIG Property Casualty Co.;ASI Preferred Insurance Corp.;Castle Key Indemnity Co.,Universal P&C Insurance Co.;First Protective Insurance Co.;Cypress P&C Insurance Co.;Tower Hill Insurance Exchange;Kin Interinsurance Network;Homeowners Choice P&C Ins Co.;Edison Insurance Co.;Safe Harbor Insurance Co.,244223187.29126295,4,25.563137285625935,215929032.50187027,0.0,0,1.0,236947079.8602469,417542580.0,0.0,500054387.2523733,0.0,539937478.65,359958319.1,0.0,2436234375.3974495,2436234375.3974495,1395853723.0,1395853723.0,0.0,False,11987234.89877907,11987234.89877907,0.0,1.0,11987234.89877907,0.0,1588716474.310358,0.0,11,9464500000.0,9464500000.0,25
irma,baseline,,2017242N16333,"{""2017242N16333"": 0.37712921176749026}",32020681848.663742,12075934505.84414,19944747342.819603,1549878089.5469327,4839841542.391114,0.0,5287334441.837815,398880432.0682754,1549878089.5469327,4839841542.391114,3303183671.5654936,16641563671.254112,16.51224813646016,1.2456962470489088,4.84024074462865,15.114736048611302,10.315781803701157,51.97129701954984,5287334441.837815,398880432.0682754,3303183671.5654936,6,3,3,Universal P&C Insurance Co.;First Protective Insurance Co.;Kin Interinsurance Network;FL Farm Bureau General Ins Co.;ASI Preferred Insurance Corp.;Castle Key Indemnity Co.,Universal P&C Insurance Co.;First Protective Insurance Co.;Kin Interinsurance Network,91655513.43181333,3,13.812836302273293,26981313.28863412,0.0,0,1.0,0.0,50793380.960869506,0.0,322390016.6816276,0.0,539937478.65,359958319.1,0.0,3303183671.5654936,3303183671.5654936,1395853723.0,1395853723.0,0.0,False,2108325.9592314255,2108325.9592314255,0.0,1.0,2108325.9592314255,0.0,1290836323.044051,0.0,10,9464500000.0,9464500000.0,26
irma,baseline,,2017242N16333,"{""2017242N16333"": 0.5307104478280357}",32020681848.663742,16993710403.663382,15026971445.000362,3753114220.1197987,6852006792.113879,0.0,5914815144.123311,473774247.30639184,3753114220.1197987,6852006792.113879,2498884844.8499846,12528086600.150377,18.47185881949026,1.4795882534467735,11.720906624842595,21.398691085023916,7.803971372815304,39.12498384438115,5914815144.123311,473774247.30639184,2498884844.8499846,8,5,3,Universal P&C Insurance Co.;First Protective Insurance Co.;Cypress P&C Insurance Co.;Kin Interinsurance Network;Edison Insurance Co.;FL Farm Bureau General Ins Co.;ASI Preferred Insurance Corp.;Castle Key Indemnity Co.,Universal P&C Insurance Co.;First Protective Insurance Co.;Cypress P&C Insurance Co.;Kin Interinsurance Network;Edison Insurance Co.,129069042.17720038,3,17.786533733959892,79026279.35445225,0.0,0,1.0,0.0,167756949.6709273,0.0,392930521.47775286,0.0,539937478.65,359958319.1,0.0,2498884844.8499846,2498884844.8499846,1395853723.0,1395853723.0,0.0,False,784719.2577691607,784719.2577691607,0.0,1.0,784719.2577691607,0.0,1354357935.9188223,0.0,10,9464500000.0,9464500000.0,27
irma,baseline,,2017242N16333,"{""2017242N16333"": 0.4345089939442473}",32020681848.663742,13913274255.4717,18107407593.192043,1519190287.6842241,5510310746.437909,0.0,6395219430.809996,488553790.53956926,1519190287.6842241,5510310746.437909,3002688033.779616,15104719559.412428,19.97215256388076,1.5257444949129249,4.744403304290104,17.208599031340928,9.37733945820058,47.17176114737471,6395219430.809996,488553790.53956926,3002688033.779616,10,6,4,Universal P&C Insurance Co.;First Protective Insurance Co.;Cypress P&C Insurance Co.;Tower Hill Insurance Exchange;Kin Interinsurance Network;Homeowners Choice P&C Ins Co.;FL Farm Bureau General Ins Co.;AIG Property Casualty Co.;ASI Preferred Insurance Corp.;Castle Key Indemnity Co.,Universal P&C Insurance Co.;First Protective Insurance Co.;Cypress P&C Insurance Co.;Tower Hill Insurance Exchange;Kin Interinsurance Network;Homeowners Choice P&C Ins Co.,130747243.97004104,4,21.847971229039487,126884578.86488748,0.0,0,1.0,0.0,280309855.13752514,0.0,411170198.05713093,0.0,539937478.65,359958319.1,0.0,3002688033.779616,3002688033.779616,1395853723.0,1395853723.0,0.0,False,2164154.040074133,2164154.040074133,0.0,1.0,2164154.040074133,0.0,1376383502.3081155,0.0,10,9464500000.0,9464500000.0,28
irma,baseline,,2017242N16333,"{""2017242N16333"": 0.7155648121433923}",32020681848.663742,22912873191.742393,9107808656.921347,4106699017.6276007,10341546321.903574,0.0,7806416186.63205,658211665.5791692,4106699017.6276007,10341546321.903574,1530809888.9128544,7576998768.008492,24.37929405603154,2.0555829157230674,12.825145438928176,32.29645880365642,4.7806911050419645,23.66282768061883,7806416186.63205,658211665.5791692,1530809888.9128544,12,8,4,Universal P&C Insurance Co.;First Protective Insurance Co.;Cypress P&C Insurance Co.;Tower Hill Insurance Exchange;Kin Interinsurance Network;Homeowners Choice P&C Ins Co.;Edison Insurance Co.;Safe Harbor Insurance Co.;FL Farm Bureau General Ins Co.;AIG Property Casualty Co.;ASI Preferred Insurance Corp.;Castle Key Indemnity Co.,Universal P&C Insurance Co.;First Protective Insurance Co.;Cypress P&C Insurance Co.;Tower Hill Insurance Exchange;Kin Interinsurance Network;Homeowners Choice P&C Ins Co.;Edison Insurance Co.;Safe Harbor Insurance Co.,205332786.15147328,4,25.563137285625935,211645322.91679525,0.0,0,1.0,251411645.49465084,417542580.0,0.0,539937478.65,33484845.44808066,539937478.65,359958319.1,0.0,1530809888.9128544,1530809888.9128544,1395853723.0,1395853723.0,0.0,False,3060596.834958908,3060596.834958908,0.0,1.0,3060596.834958908,0.0,1576299490.875527,0.0,11,9464500000.0,9464500000.0,29
irma,baseline,,2017242N16333,"{""2017242N16333"": 0.3516659059425272}",32020681848.663742,11260582091.207771,20760099757.45597,2118250611.63115,4901522446.708214,0.0,3903690349.527652,337118683.34075415,2118250611.63115,4901522446.708214,3436533991.725973,17323565765.729996,12.19115310528766,1.0528154426381224,6.615257668910466,15.307364377416466,10.732232398946818,54.10117700680046,3903690349.527652,337118683.34075415,3436533991.725973,1,0,1,Castle Key Indemnity Co.,,43504152.4438698,1,0.0,0.0,0.0,0,1.0,0.0,0.0,0.0,250457577.69754124,0.0,539937478.65,359958319.1,0.0,3436533991.725973,3436533991.725973,1395853723.0,1395853723.0,0.0,False,621210.2681922754,621210.2681922754,0.0,1.0,621210.2681922754,0.0,1103038184.0690546,0.0,9,9464500000.0,9464500000.0,30
irma,baseline,,2017242N16333,"{""2017242N16333"": 0.2939688332095221}",32020681848.66374,9413082481.625,22607599367.03874,1227439007.2363791,4814502464.00499,0.0,3141777651.501139,229363358.88249293,1227439007.2363791,4814502464.00499,3738691267.539153,18868908099.499588,9.811713774084573,0.7162975478364604,3.8332694257964457,15.035602573234724,11.67586400942044,58.927252669627364,3141777651.501139,229363358.88249293,3738691267.539153,1,0,1,Castle Key Indemnity Co.,,24122701.79544036,1,0.0,0.0,0.0,0,1.0,0.0,0.0,0.0,155191401.11146078,0.0,539937478.65,359958319.1,297691267.5391531,3738691267.539153,3441000000.0,1395853723.0,1395853723.0,0.0,False,513232.78495291155,513232.78495291155,0.0,1.0,513232.78495291155,0.0,1090540718.8576362,0.0,8,9464500000.0,9464500000.0,31
irma,baseline,,2017242N16333,"{""2017242N16333"": 0.7994447824099304}",32020681848.663742,25598767033.12259,6421914815.541153,4347805856.342833,9841701972.45665,0.0,10571390658.22965,837868546.093456,4347805856.342833,9841701972.45665,1091533819.7730525,5330380995.768102,33.01425843519571,2.616648046576251,13.578117658116861,30.735454101104203,3.4088400269921277,16.646681732014848,10571390658.22965,837868546.093456,1091533819.7730525,15,11,4,Universal P&C Insurance Co.;First Protective Insurance Co.;Cypress P&C Insurance Co.;Tower Hill Insurance Exchange;Kin Interinsurance Network;US Coastal P&C Insurance Co.;TypTap Insurance Co.;Homeowners Choice P&C Ins Co.;Edison Insurance Co.;Safe Harbor Insurance Co.;GeoVera Specialty Insurance Co;FL Farm Bureau General Ins Co.;AIG Property Casualty Co.;ASI Preferred Insurance Corp.;Castle Key Indemnity Co.,Universal P&C Insurance Co.;First Protective Insurance Co.;Cypress P&C Insurance Co.;Tower Hill Insurance Exchange;Kin Interinsurance Network;US Coastal P&C Insurance Co.;TypTap Insurance Co.;Homeowners Choice P&C Ins Co.;Edison Insurance Co.;Safe Harbor Insurance Co.;GeoVera Specialty Insurance Co,321011382.0231403,4,28.09578743922402,515470082.32613695,0.0,0,1.0,1021852419.4055209,389573760.0,0.0,539937478.65,217619515.60921693,539937478.65,359958319.1,0.0,1091533819.7730525,1091533819.7730525,1395853723.0,1091533819.7730525,0.0,False,37586084.037182696,37586084.037182696,0.0,1.0,37586084.037182696,0.0,1839824370.1099076,0.0,12,9464500000.0,9464500000.0,32
irma,baseline,,2017242N16333,"{""2017242N16333"": 0.4739067618232381}",32020681848.663742,15174817646.272366,16845864202.391375,2388577319.3093643,7917864539.479322,0.0,4507739487.059684,360636300.42399573,2388577319.3093643,7917864539.479322,2796363489.889434,14049500712.501942,14.077587442903864,1.1262605278939288,7.459483001012492,24.72734521051351,8.73299170550339,43.87633211217282,4507739487.059684,360636300.42399573,2796363489.889434,4,1,3,First Protective Insurance Co.;FL Farm Bureau General Ins Co.;ASI Preferred Insurance Corp.;Castle Key Indemnity Co.,First Protective Insurance Co.,46470158.8787845,3,4.237368573953127,6180195.07954371,0.0,0,1.0,9.313225746154785e-10,6180195.079543709,0.0,279883087.0354018,0.0,539937478.65,359958319.1,0.0,2796363489.889434,2796363489.889434,1395853723.0,1395853723.0,0.0,False,537704.4275476547,537704.4275476547,0.0,1.0,537704.4275476547,0.0,1186607597.1736817,0.0,10,9464500000.0,9464500000.0,33
irma,baseline,,2017242N16333,"{""2017242N16333"": 0.6443272598805001}",32020681848.663742,20631798195.05477,11388883653.60897,3362261672.196027,9360655380.388294,0.0,7305704085.234007,603177057.2364459,3362261672.196027,9360655380.388294,1903878117.6419244,9485005535.967045,22.81557938010893,1.8837108469057073,10.500281312205528,29.23315444882984,5.945776316194764,29.621497695755235,7305704085.234007,603177057.2364459,1903878117.6419244,12,8,4,Universal P&C Insurance Co.;First Protective Insurance Co.;Cypress P&C Insurance Co.;Tower Hill Insurance Exchange;Kin Interinsurance Network;Homeowners Choice P&C Ins Co.;Edison Insurance Co.;Safe Harbor Insurance Co.;FL Farm Bureau General Ins Co.;AIG Property Casualty Co.;ASI Preferred Insurance Corp.;Castle Key Indemnity Co.,Universal P&C Insurance Co.;First Protective Insurance Co.;Cypress P&C Insurance Co.;Tower Hill Insurance Exchange;Kin Interinsurance Network;Homeowners Choice P&C Ins Co.;Edison Insurance Co.;Safe Harbor Insurance Co.,171079085.5129422,4,25.563137285625935,198230071.38204515,0.0,0,1.0,97745544.86442572,417542580.0,0.0,519960082.673777,0.0,539937478.65,359958319.1,0.0,1903878117.6419244,1903878117.6419244,1395853723.0,1395853723.0,0.0,False,8293601.972868231,8293601.972868231,0.0,1.0,8293601.972868231,0.0,1536545419.3859558,0.0,11,9464500000.0,9464500000.0,34
irma,baseline,,2017242N16333,"{""2017242N16333"": 0.41066703342637784}",32020681848.663746,13149838423.0806,18870843425.583145,1992312095.7155561,6172720526.426365,0.0,4631702622.149784,353103178.78889436,1992312095.7155561,6172720526.426365,3127547433.033051,15743295992.55009,14.464722031967192,1.1027347276917205,6.2219540018904915,19.277292581088364,9.767273063748224,49.16602359361399,4631702622.149784,353103178.78889436,3127547433.033051,4,1,3,First Protective Insurance Co.;FL Farm Bureau General Ins Co.;ASI Preferred Insurance Corp.;Castle Key Indemnity Co.,First Protective Insurance Co.,59780274.75007188,3,4.237368573953127,148672.59476986527,0.0,0,1.0,0.0,148672.5947698653,0.0,275881910.3609249,0.0,539937478.65,359958319.1,0.0,3127547433.033051,3127547433.033051,1395853723.0,1395853723.0,0.0,False,654766.9666602676,654766.9666602676,0.0,1.0,654766.9666602676,0.0,1222236826.6942806,0.0,10,9464500000.0,9464500000.0,35
irma,baseline,,2017242N16333,"{""2017242N16333"": 0.7367850201448761}",32020681848.663742,23592358720.92038,8428323127.743363,4803330307.514706,12092728668.807957,0.0,6193943785.789363,502355958.8083535,4803330307.514706,12092728668.807957,1419680503.3443978,7008642624.398966,19.343572429416717,1.5688484123560826,15.000712134164482,37.76536903855031,4.43363607950042,21.887861906011985,6193943785.789363,502355958.8083535,1419680503.3443978,9,6,3,Universal P&C Insurance Co.;First Protective Insurance Co.;Cypress P&C Insurance Co.;Tower Hill Insurance Exchange;Kin Interinsurance Network;Homeowners Choice P&C Ins Co.;FL Farm Bureau General Ins Co.;ASI Preferred Insurance Corp.;Castle Key Indemnity Co.,Universal P&C Insurance Co.;First Protective Insurance Co.;Cypress P&C Insurance Co.;Tower Hill Insurance Exchange;Kin Interinsurance Network;Homeowners Choice P&C Ins Co.,123263111.8487837,3,21.847971229039487,70101262.0286068,0.0,0,1.0,2.9802322387695312e-08,185281119.56739336,0.0,420545178.4438709,0.0,539937478.65,359958319.1,0.0,1419680503.3443978,1419680503.3443978,1395853723.0,1395853723.0,0.0,False,3196553.7763290033,3196553.7763290033,0.0,1.0,3196553.7763290033,0.0,1401316604.299334,0.0,10,9464500000.0,9464500000.0,36
irma,baseline,,2017242N16333,"{""2017242N16333"": 0.5126338406113339}",32020681848.663742,16414885115.074116,15605796733.589626,2185289756.0541177,7442169566.428276,0.0,6342495544.222301,444930248.3694203,2185289756.0541177,7442169566.428276,2593551318.1010447,13012245415.488583,19.80749683657027,1.389508975705924,6.824619682935679,23.2417585659215,8.09961302622691,40.637002912639716,6342495544.222301,444930248.3694203,2593551318.1010447,9,6,3,Universal P&C Insurance Co.;First Protective Insurance Co.;Cypress P&C Insurance Co.;Tower Hill Insurance Exchange;Kin Interinsurance Network;Homeowners Choice P&C Ins Co.;FL Farm Bureau General Ins Co.;ASI Preferred Insurance Corp.;Castle Key Indemnity Co.,Universal P&C Insurance Co.;First Protective Insurance Co.;Cypress P&C Insurance Co.;Tower Hill Insurance Exchange;Kin Interinsurance Network;Homeowners Choice P&C Ins Co.,147170550.4318634,3,21.847971229039487,128042145.4614973,0.0,0,1.0,0.0,291757467.31987494,0.0,373452533.6353946,0.0,539937478.65,359958319.1,0.0,2593551318.1010447,2593551318.1010447,1395853723.0,1395853723.0,0.0,False,2458302.692321256,2458302.692321256,0.0,1.0,2458302.692321256,0.0,1395244776.2814221,0.0,10,9464500000.0,9464500000.0,37
irma,baseline,,2017242N16333,"{""2017242N16333"": 0.6168793176493564}",32020681848.663742,19752896369.470818,12267785479.192926,4482416080.974715,7940541981.134016,0.0,6781564031.497573,548374275.8645135,4482416080.974715,7940541981.134016,2047621899.750573,10220163579.442352,21.178699640278197,1.7125627694508254,13.998502911835311,24.798166443371297,6.394685501789284,31.91738273327509,6781564031.497573,548374275.8645135,2047621899.750573,11,7,4,Universal P&C Insurance Co.;First Protective Insurance Co.;Cypress P&C Insurance Co.;Tower Hill Insurance Exchange;Kin Interinsurance Network;Homeowners Choice P&C Ins Co.;Edison Insurance Co.;FL Farm Bureau General Ins Co.;AIG Property Casualty Co.;ASI Preferred Insurance Corp.;Castle Key Indemnity Co.,Universal P&C Insurance Co.;First Protective Insurance Co.;Cypress P&C Insurance Co.;Tower Hill Insurance Exchange;Kin Interinsurance Network;Homeowners Choice P&C Ins Co.;Edison Insurance Co.,152129132.70836067,4,24.95048899234104,151181811.2385801,0.0,0,1.0,0.0,361327940.44923955,0.0,466792674.6152357,0.0,539937478.65,359958319.1,0.0,2047621899.750573,2047621899.750573,1395853723.0,1395853723.0,0.0,False,3188751.8351755524,3188751.8351755524,0.0,1.0,3188751.8351755524,0.0,1477722806.564088,0.0,11,9464500000.0,9464500000.0,38
irma,baseline,,2017242N16333,"{""2017242N16333"": 0.4747311264779066}",32020681848.663742,15201214364.606792,16819467484.05695,3372204528.651407,6642873339.054031,0.0,4819488830.898152,366647666.00320184,3372204528.651407,6642873339.054031,2792046324.970444,14027421159.086504,15.051174905256662,1.1450339119449526,10.531332669894825,20.74557116069421,8.71950927892861,43.80737807328073,4819488830.898152,366647666.00320184,2792046324.970444,4,1,3,First Protective Insurance Co.;FL Farm Bureau General Ins Co.;ASI Preferred Insurance Corp.;Castle Key Indemnity Co.,First Protective Insurance Co.,84725505.35011604,3,4.237368573953127,22339777.244807422,0.0,0,1.0,3.725290298461914e-09,22339777.24480742,0.0,289578492.02616537,0.0,539937478.65,359958319.1,0.0,2792046324.970444,2792046324.970444,1395853723.0,1395853723.0,0.0,False,587783.7080850828,587783.7080850828,0.0,1.0,587783.7080850828,0.0,1217987401.6328337,0.0,10,9464500000.0,9464500000.0,39
irma,baseline,,2017242N16333,"{""2017242N16333"": 0.5014212670673296}",32020681848.663742,16055850864.916811,15964830983.746931,2880287684.9380774,6130183246.693561,0.0,6547371867.3157,498008065.969475,2880287684.9380774,6130183246.693561,2652271119.9285855,13312559863.818346,20.4473218223769,1.555270023053108,8.995085421824879,19.144449439478066,8.282993886463002,41.57487940680406,6547371867.3157,498008065.969475,2652271119.9285855,10,6,4,Universal P&C Insurance Co.;First Protective Insurance Co.;Cypress P&C Insurance Co.;Tower Hill Insurance Exchange;Kin Interinsurance Network;Edison Insurance Co.;FL Farm Bureau General Ins Co.;AIG Property Casualty Co.;ASI Preferred Insurance Corp.;Castle Key Indemnity Co.,Universal P&C Insurance Co.;First Protective Insurance Co.;Cypress P&C Insurance Co.;Tower Hill Insurance Exchange;Kin Interinsurance Network;Edison Insurance Co.,143038837.8214352,4,22.600436402091265,169275289.7109735,0.0,0,1.0,0.0,357949493.6921668,0.0,420953750.0085229,0.0,539937478.65,359958319.1,0.0,2652271119.9285855,2652271119.9285855,1395853723.0,1395853723.0,0.0,False,624748.10112,624748.10112,0.0,1.0,624748.10112,0.0,1441441732.3355608,0.0,10,9464500000.0,9464500000.0,40
irma,baseline,,2017242N16333,"{""2017242N16333"": 0.5074004070515724}",32020681848.663742,16247307004.080875,15773374844.582867,3104648709.1200624,6884024581.793853,0.0,5797101600.560005,461532112.6069535,3104648709.1200624,6884024581.793853,2620958601.5673027,13152416243.015564,18.104241589727184,1.4413562921247216,9.695760770470985,21.498682052834333,8.185205467998733,41.07475382684404,5797101600.560005,461532112.6069535,2620958601.5673027,7,4,3,Universal P&C Insurance Co.;First Protective Insurance Co.;Cypress P&C Insurance Co.;Kin Interinsurance Network;FL Farm Bureau General Ins Co.;ASI Preferred Insurance Corp.;Castle Key Indemnity Co.,Universal P&C Insurance Co.;First Protective Insurance Co.;Cypress P&C Insurance Co.;Kin Interinsurance Network,127642560.1436531,3,14.68401597065834,52569516.37475291,0.0,0,1.0,0.0,133650680.37531179,0.0,381119237.9387038,0.0,539937478.65,359958319.1,0.0,2620958601.5673027,2620958601.5673027,1395853723.0,1395853723.0,0.0,False,2545930.9922999605,2545930.9922999605,0.0,1.0,2545930.9922999605,0.0,1281865273.7870972,0.0,10,9464500000.0,9464500000.0,41
irma,baseline,,2017242N16333,"{""2017242N16333"": 0.5271089063296865}",32020681848.663742,16878386589.179989,15142295259.483755,2389108035.2094183,8319155359.415497,0.0,5730868807.502151,439254387.05292296,2389108035.2094183,8319155359.415497,2517745974.4761806,12624549285.007574,17.897397796172495,1.3717833652916218,7.461140416999329,25.980569054505203,7.862874333455984,39.42623503357537,5730868807.502151,439254387.05292296,2517745974.4761806,7,4,3,Universal P&C Insurance Co.;First Protective Insurance Co.;Cypress P&C Insurance Co.;Kin Interinsurance Network;FL Farm Bureau General Ins Co.;ASI Preferred Insurance Corp.;Castle Key Indemnity Co.,Universal P&C Insurance Co.;First Protective Insurance Co.;Cypress P&C Insurance Co.;Kin Interinsurance Network,106147943.38055696,3,14.68401597065834,72743597.59017417,0.0,0,1.0,0.0,133271045.25679837,0.0,361642920.7830717,0.0,539937478.65,359958319.1,0.0,2517745974.4761806,2517745974.4761806,1395853723.0,1395853723.0,0.0,False,1095537.958998201,1095537.958998201,0.0,1.0,1095537.958998201,0.0,1377420657.252911,0.0,10,9464500000.0,9464500000.0,42
irma,baseline,,2017242N16333,"{""2017242N16333"": 0.19483396959282434}",32020681848.66374,6238716553.644052,25781965295.019688,951726805.8224478,2690215490.014576,0.0,2429181218.946269,167593038.86075938,951726805.8224478,2690215490.014576,4257856606.6049166,21524108688.414772,7.586288232171551,0.5233899754316232,2.9722252958900204,8.401493455789238,13.297207806905591,67.21939523381198,2429181218.946269,167593038.86075938,4257856606.6049166,1,0,1,Castle Key Indemnity Co.,,10854569.784576654,1,0.0,0.0,0.0,0,1.0,0.0,0.0,0.0,97234527.55022132,0.0,539937478.65,359958319.1,816856606.6049166,4257856606.6049166,3441000000.0,1395853723.0,1395853723.0,0.0,False,408744.15996639174,408744.15996639174,0.0,1.0,408744.15996639174,0.0,1090000000.0,0.0,7,9464500000.0,9464500000.0,43
irma,baseline,,2017242N16333,"{""2017242N16333"": 0.5053126897762865}",32020681848.66374,16180456873.418983,15840224975.244755,1897926867.2987642,6511123687.214687,0.0,7225837086.16813,545569232.7374039,1897926867.2987642,6511123687.214687,2631891893.928385,13208333081.316374,22.56615621215971,1.7038026713980519,5.927190670919354,20.334119423151524,8.219349938790316,41.24938108358106,7225837086.16813,545569232.7374039,2631891893.928385,13,9,4,Universal P&C Insurance Co.;First Protective Insurance Co.;Cypress P&C Insurance Co.;Tower Hill Insurance Exchange;Kin Interinsurance Network;Homeowners Choice P&C Ins Co.;Edison Insurance Co.;Safe Harbor Insurance Co.;GeoVera Specialty Insurance Co;FL Farm Bureau General Ins Co.;AIG Property Casualty Co.;ASI Preferred Insurance Corp.;Castle Key Indemnity Co.,Universal P&C Insurance Co.;First Protective Insurance Co.;Cypress P&C Insurance Co.;Tower Hill Insurance Exchange;Kin Interinsurance Network;Homeowners Choice P&C Ins Co.;Edison Insurance Co.;Safe Harbor Insurance Co.;GeoVera Specialty Insurance Co,195975225.84413588,4,25.91661852436198,220903734.0968665,0.0,0,1.0,134020947.64102244,413638980.0,0.0,468991756.3162509,0.0,539937478.65,359958319.1,0.0,2631891893.928385,2631891893.928385,1395853723.0,1395853723.0,0.0,False,5800928.447615525,5800928.447615525,0.0,1.0,5800928.447615525,0.0,1490302110.974501,0.0,10,9464500000.0,9464500000.0,44
irma,baseline,,2017242N16333,"{""2017242N16333"": 0.5710910491292579}",32020681848.663742,18286724790.78756,13733957057.876183,4154442839.2312403,6349171974.276244,0.0,7225160699.93734,557949277.3427353,4154442839.2312403,6349171974.276244,2287413241.405953,11446543816.47023,22.564043870411375,1.7424653228176625,12.974248514962868,19.828347204733873,7.143549447874762,35.74734563919946,7225160699.93734,557949277.3427353,2287413241.405953,12,8,4,Universal P&C Insurance Co.;First Protective Insurance Co.;Cypress P&C Insurance Co.;Tower Hill Insurance Exchange;Kin Interinsurance Network;Homeowners Choice P&C Ins Co.;Edison Insurance Co.;Safe Harbor Insurance Co.;FL Farm Bureau General Ins Co.;AIG Property Casualty Co.;ASI Preferred Insurance Corp.;Castle Key Indemnity Co.,Universal P&C Insurance Co.;First Protective Insurance Co.;Cypress P&C Insurance Co.;Tower Hill Insurance Exchange;Kin Interinsurance Network;Homeowners Choice P&C Ins Co.;Edison Insurance Co.;Safe Harbor Insurance Co.,191742055.43441635,4,25.563137285625935,150315326.84567964,0.0,0,1.0,42682468.560744286,417542580.0,0.0,479700967.84645337,0.0,539937478.65,359958319.1,0.0,2287413241.405953,2287413241.405953,1395853723.0,1395853723.0,0.0,False,10869066.024612406,10869066.024612406,0.0,1.0,10869066.024612406,0.0,1515144528.7769299,0.0,11,9464500000.0,9464500000.0,45
irma,baseline,,2017242N16333,"{""2017242N16333"": 0.5757665209344175}",32020681848.663742,18436436585.95297,13584245262.710773,3543094964.1233835,8403075346.196991,0.0,6003243061.495833,487023214.13676035,3543094964.1233835,8403075346.196991,2262927981.4634643,11321317281.247307,18.74801757772799,1.5209645329806878,11.065020354247206,26.242649628485847,7.067082431781192,35.35626547477707,6003243061.495833,487023214.13676035,2262927981.4634643,9,5,4,Universal P&C Insurance Co.;First Protective Insurance Co.;Cypress P&C Insurance Co.;Kin Interinsurance Network;Homeowners Choice P&C Ins Co.;FL Farm Bureau General Ins Co.;AIG Property Casualty Co.;ASI Preferred Insurance Corp.;Castle Key Indemnity Co.,Universal P&C Insurance Co.;First Protective Insurance Co.;Cypress P&C Insurance Co.;Kin Interinsurance Network;Homeowners Choice P&C Ins Co.,113802812.74070987,4,17.034068560908114,58803359.429671854,0.0,0,1.0,0.0,137935151.41602254,0.0,405213076.78509736,0.0,539937478.65,359958319.1,0.0,2262927981.4634643,2262927981.4634643,1395853723.0,1395853723.0,0.0,False,1396795.7150411012,1396795.7150411012,0.0,1.0,1396795.7150411012,0.0,1420155592.8360963,0.0,10,9464500000.0,9464500000.0,46
irma,baseline,,2017242N16333,"{""2017242N16333"": 0.6461994127243573}",32020681848.663742,20691745805.63999,11328936043.02375,3928340999.3770094,8385089450.318315,0.0,7768761103.013525,609554252.9311435,3928340999.3770094,8385089450.318315,1894073727.6371922,9434862315.386559,24.261697923018225,1.903626711673477,12.268136631016006,26.186480006728008,5.9151573866820515,29.46490134088224,7768761103.013525,609554252.9311435,1894073727.6371922,13,9,4,Universal P&C Insurance Co.;First Protective Insurance Co.;Cypress P&C Insurance Co.;Tower Hill Insurance Exchange;Kin Interinsurance Network;Homeowners Choice P&C Ins Co.;Edison Insurance Co.;Safe Harbor Insurance Co.;GeoVera Specialty Insurance Co;FL Farm Bureau General Ins Co.;AIG Property Casualty Co.;ASI Preferred Insurance Corp.;Castle Key Indemnity Co.,Universal P&C Insurance Co.;First Protective Insurance Co.;Cypress P&C Insurance Co.;Tower Hill Insurance Exchange;Kin Interinsurance Network;Homeowners Choice P&C Ins Co.;Edison Insurance Co.;Safe Harbor Insurance Co.;GeoVera Specialty Insurance Co,189978577.9343233,4,25.91661852436198,150117929.4522195,0.0,0,1.0,133204576.78818,413638980.0,0.0,530143090.4118016,0.0,539937478.65,359958319.1,0.0,1894073727.6371922,1894073727.6371922,1395853723.0,1395853723.0,0.0,False,11555386.486762298,11555386.486762298,0.0,1.0,11555386.486762298,0.0,1584630786.0394125,0.0,11,9464500000.0,9464500000.0,47
irma,baseline,,2017242N16333,"{""2017242N16333"": 0.594458620395792}",32020681848.663742,19034970355.88922,12985711492.774523,2588383177.2851496,8273895650.289412,0.0,7598660932.781782,574030595.5328768,2588383177.2851496,8273895650.289412,2165038199.7996006,10820673292.97492,23.73047822246447,1.7926869835122883,8.083473017590242,25.83922381601218,6.76137444552871,33.7927635148921,7598660932.781782,574030595.5328768,2165038199.7996006,12,8,4,Universal P&C Insurance Co.;First Protective Insurance Co.;Cypress P&C Insurance Co.;Tower Hill Insurance Exchange;Kin Interinsurance Network;Homeowners Choice P&C Ins Co.;Edison Insurance Co.;Safe Harbor Insurance Co.;FL Farm Bureau General Ins Co.;AIG Property Casualty Co.;ASI Preferred Insurance Corp.;Castle Key Indemnity Co.,Universal P&C Insurance Co.;First Protective Insurance Co.;Cypress P&C Insurance Co.;Tower Hill Insurance Exchange;Kin Interinsurance Network;Homeowners Choice P&C Ins Co.;Edison Insurance Co.;Safe Harbor Insurance Co.,218207136.03888485,4,25.563137285625935,210416635.7108127,0.0,0,1.0,138709782.70533133,417542580.0,0.0,497372930.04422456,0.0,539937478.65,359958319.1,0.0,2165038199.7996006,2165038199.7996006,1395853723.0,1395853723.0,0.0,False,10515637.066604063,10515637.066604063,0.0,1.0,10515637.066604063,0.0,1498353302.1168652,0.0,11,9464500000.0,9464500000.0,48
irma,baseline,,2017242N16333,"{""2017242N16333"": 0.5923461292506844}",32020681848.663742,18967326949.023613,13053354899.64013,3193100538.4970107,8577390414.294634,0.0,6716762819.539039,480073176.69293106,3193100538.4970107,8577390414.294634,2176101231.9319053,10877253667.708225,20.97632664814518,1.4992596939748335,9.971994205458378,26.787032377490043,6.795924091237665,33.96946298369391,6716762819.539039,480073176.69293106,2176101231.9319053,10,6,4,Universal P&C Insurance Co.;First Protective Insurance Co.;Cypress P&C Insurance Co.;Tower Hill Insurance Exchange;Kin Interinsurance Network;Edison Insurance Co.;FL Farm Bureau General Ins Co.;AIG Property Casualty Co.;ASI Preferred Insurance Corp.;Castle Key Indemnity Co.,Universal P&C Insurance Co.;First Protective Insurance Co.;Cypress P&C Insurance Co.;Tower Hill Insurance Exchange;Kin Interinsurance Network;Edison Insurance Co.,147349052.42416537,4,22.600436402091265,169819214.15326142,0.0,0,1.0,0.0,376432464.2206025,0.0,407276749.0357001,0.0,539937478.65,359958319.1,0.0,2176101231.9319053,2176101231.9319053,1395853723.0,1395853723.0,0.0,False,8574436.760830836,8574436.760830836,0.0,1.0,8574436.760830836,0.0,1481815247.594433,0.0,10,9464500000.0,9464500000.0,49
irma,baseline,,2017242N16333,"{""2017242N16333"": 0.7116967836436925}",32020681848.663742,22789016281.771942,9231665566.891798,3299272496.097747,9454717491.398825,0.0,9320233367.139885,714792927.1354877,3299272496.097747,9454717491.398825,1551066600.3693519,7680598966.522446,29.106917245514026,2.2322851540568203,10.303567274709453,29.526908690088938,4.843952442049823,23.98636919358095,9320233367.139885,714792927.1354877,1551066600.3693519,15,11,4,Universal P&C Insurance Co.;First Protective Insurance Co.;Cypress P&C Insurance Co.;Tower Hill Insurance Exchange;Kin Interinsurance Network;US Coastal P&C Insurance Co.;TypTap Insurance Co.;Homeowners Choice P&C Ins Co.;Edison Insurance Co.;Safe Harbor Insurance Co.;GeoVera Specialty Insurance Co;FL Farm Bureau General Ins Co.;AIG Property Casualty Co.;ASI Preferred Insurance Corp.;Castle Key Indemnity Co.,Universal P&C Insurance Co.;First Protective Insurance Co.;Cypress P&C Insurance Co.;Tower Hill Insurance Exchange;Kin Interinsurance Network;US Coastal P&C Insurance Co.;TypTap Insurance Co.;Homeowners Choice P&C Ins Co.;Edison Insurance Co.;Safe Harbor Insurance Co.;GeoVera Specialty Insurance Co,256505852.0870455,4,28.09578743922402,461256214.2097112,0.0,0,1.0,687748842.5302515,389573760.0,0.0,539937478.65,97070711.9198401,539937478.65,359958319.1,0.0,1551066600.3693519,1551066600.3693519,1395853723.0,1395853723.0,0.0,False,18610156.899512872,18610156.899512872,0.0,1.0,18610156.899512872,0.0,1722677364.1168053,0.0,12,9464500000.0,9464500000.0,50
irma,baseline,,2017242N16333,"{""2017242N16333"": 0.6591569507961678}",32020681848.66374,21106655009.77938,10914026838.884357,3503081489.4823866,8889748755.883066,0.0,8083101656.693268,630723107.7206597,3503081489.4823866,8889748755.883066,1826215615.9589517,9087811222.925407,25.243377686008223,1.969736655520284,10.940059009482257,27.762521728605993,5.7032377529935765,28.381067167389666,8083101656.693268,630723107.7206597,1826215615.9589517,12,8,4,Universal P&C Insurance Co.;First Protective Insurance Co.;Cypress P&C Insurance Co.;Tower Hill Insurance Exchange;Kin Interinsurance Network;Homeowners Choice P&C Ins Co.;Edison Insurance Co.;Safe Harbor Insurance Co.;FL Farm Bureau General Ins Co.;AIG Property Casualty Co.;ASI Preferred Insurance Corp.;Castle Key Indemnity Co.,Universal P&C Insurance Co.;First Protective Insurance Co.;Cypress P&C Insurance Co.;Tower Hill Insurance Exchange;Kin Interinsurance Network;Homeowners Choice P&C Ins Co.;Edison Insurance Co.;Safe Harbor Insurance Co.,218603498.256362,4,25.563137285625935,228556320.79892683,0.0,0,1.0,248188297.24850583,417542580.0,0.0,539937478.65,11748022.138230443,539937478.65,359958319.1,0.0,1826215615.9589517,1826215615.9589517,1395853723.0,1395853723.0,0.0,False,15583331.02556858,15583331.02556858,0.0,1.0,15583331.02556858,0.0,1609560235.5362294,0.0,11,9464500000.0,9464500000.0,51
irma,baseline,,2017242N16333,"{""2017242N16333"": 0.8034635827805147}",32020681848.663742,25727451761.202354,6293230087.461387,4382113069.769738,11706223326.76004,0.0,8993657362.98996,645458001.6826198,4382113069.769738,11706223326.76004,1070487522.023564,5222742565.437822,28.0870263959269,2.0157534581342946,13.685258454146904,36.558319969843346,3.3431128265253873,16.31052889542317,8993657362.98996,645458001.6826198,1070487522.023564,15,11,4,Universal P&C Insurance Co.;First Protective Insurance Co.;Cypress P&C Insurance Co.;Tower Hill Insurance Exchange;Kin Interinsurance Network;US Coastal P&C Insurance Co.;TypTap Insurance Co.;Homeowners Choice P&C Ins Co.;Edison Insurance Co.;Safe Harbor Insurance Co.;GeoVera Specialty Insurance Co;FL Farm Bureau General Ins Co.;AIG Property Casualty Co.;ASI Preferred Insurance Corp.;Castle Key Indemnity Co.,Universal P&C Insurance Co.;First Protective Insurance Co.;Cypress P&C Insurance Co.;Tower Hill Insurance Exchange;Kin Interinsurance Network;US Coastal P&C Insurance Co.;TypTap Insurance Co.;Homeowners Choice P&C Ins Co.;Edison Insurance Co.;Safe Harbor Insurance Co.;GeoVera Specialty Insurance Co,286637830.96572584,4,28.09578743922402,327049541.4604578,0.0,0,1.0,583504049.7058945,389573760.0,0.0,539937478.65,32438074.692299485,539937478.65,359958319.1,0.0,1070487522.023564,1070487522.023564,1395853723.0,1070487522.023564,0.0,False,12327567.993088663,12327567.993088663,0.0,1.0,12327567.993088663,0.0,1677371235.8185158,0.0,12,9464500000.0,9464500000.0,52
irma,baseline,,2017242N16333,"{""2017242N16333"": 0.2869015894497716}",32020681848.66374,9186784517.647076,22833897331.016663,1440457649.9275198,4355982625.442987,0.0,3149591831.395651,240752410.88091695,1440457649.9275198,4355982625.442987,3775702142.1087456,19058195188.90792,9.836117314057406,0.7518653475861691,4.498522725828937,13.603653557504641,11.79144828943207,59.51839276559079,3149591831.395651,240752410.88091695,3775702142.1087456,1,0,1,Castle Key Indemnity Co.,,28302948.02664803,1,0.0,0.0,0.0,0,1.0,0.0,0.0,0.0,163339456.75844732,0.0,539937478.65,359958319.1,334702142.1087456,3775702142.1087456,3441000000.0,1395853723.0,1395853723.0,0.0,False,470663.17192945513,470663.17192945513,0.0,1.0,470663.17192945513,0.0,1090000000.0,0.0,7,9464500000.0,9464500000.0,53
irma,baseline,,2017242N16333,"{""2017242N16333"": 0.4395605696057176}",32020681848.663742,14075029152.562096,17945652696.101646,2166697433.6317873,6171097564.642725,0.0,5282012743.837245,455221410.4503355,2166697433.6317873,6171097564.642725,2976233132.8958673,14969419563.20578,16.495628571562317,1.42164808545241,6.766556202244662,19.272224101312357,9.29472128970317,46.74922174972508,5282012743.837245,455221410.4503355,2976233132.8958673,7,4,3,Universal P&C Insurance Co.;First Protective Insurance Co.;Cypress P&C Insurance Co.;Kin Interinsurance Network;FL Farm Bureau General Ins Co.;ASI Preferred Insurance Corp.;Castle Key Indemnity Co.,Universal P&C Insurance Co.;First Protective Insurance Co.;Cypress P&C Insurance Co.;Kin Interinsurance Network,92868390.41626917,3,14.68401597065834,42199643.22003195,0.0,0,1.0,0.0,60060196.814460024,0.0,368721099.22809905,0.0,539937478.65,359958319.1,0.0,2976233132.8958673,2976233132.8958673,1395853723.0,1395853723.0,0.0,False,938753.9617753522,938753.9617753522,0.0,1.0,938753.9617753522,0.0,1296887950.9717665,0.0,10,9464500000.0,9464500000.0,54
irma,baseline,,2017242N16333,"{""2017242N16333"": 0.32400409671746394}",32020681848.66374,10374832098.653587,21645849750.01015,2279753098.4500513,4716365361.481528,0.0,3143802237.305913,234911401.4160932,2279753098.4500513,4716365361.481528,3581397786.778227,18064451963.23193,9.818036518285783,0.7336239825445701,7.119626962425811,14.729122208490223,11.184639364347836,56.41495096390579,3143802237.305913,234911401.4160932,3581397786.778227,1,0,1,Castle Key Indemnity Co.,,23741790.063458808,1,0.0,0.0,0.0,0,1.0,0.0,0.0,0.0,159116775.19582927,0.0,539937478.65,359958319.1,140397786.77822685,3581397786.778227,3441000000.0,1395853723.0,1395853723.0,0.0,False,460584.2187196468,460584.2187196468,0.0,1.0,460584.2187196468,0.0,1090000000.0,0.0,7,9464500000.0,9464500000.0,55
irma,baseline,,2017242N16333,"{""2017242N16333"": 0.47362483231117036}",32020681848.663742,15165790071.062696,16854891777.601046,3172725165.6236734,6127909056.289505,0.0,5440164780.957439,424991068.1920792,3172725165.6236734,6127909056.289505,2797839943.5343513,14057051834.066692,16.989534472341237,1.3272392830379862,9.908362291029961,19.13734718470784,8.737602643058985,43.89991412582399,5440164780.957439,424991068.1920792,2797839943.5343513,6,3,3,First Protective Insurance Co.;Cypress P&C Insurance Co.;Kin Interinsurance Network;FL Farm Bureau General Ins Co.;ASI Preferred Insurance Corp.;Castle Key Indemnity Co.,First Protective Insurance Co.;Cypress P&C Insurance Co.;Kin Interinsurance Network,103448141.79439224,3,6.782020572868886,59120641.27368882,0.0,0,1.0,0.0,76732832.50463608,0.0,346001768.80200994,0.0,539937478.65,359958319.1,0.0,2797839943.5343513,2797839943.5343513,1395853723.0,1395853723.0,0.0,False,560670.9878808252,560670.9878808252,0.0,1.0,560670.9878808252,0.0,1317514215.8393848,0.0,10,9464500000.0,9464500000.0,56
irma,baseline,,2017242N16333,"{""2017242N16333"": 0.7936112116639824}",32020681848.66374,25411972120.22491,6608709728.438828,4754987159.453018,10077888868.057428,0.0,9892321741.483377,686774351.2310922,4754987159.453018,10077888868.057428,1122083997.821354,5486625730.6174755,30.89353870800286,2.1447836572529204,14.849737372633273,31.473061428509187,3.504247670691559,17.134631162910228,9892321741.483377,686774351.2310922,1122083997.821354,15,11,4,Universal P&C Insurance Co.;First Protective Insurance Co.;Cypress P&C Insurance Co.;Tower Hill Insurance Exchange;Kin Interinsurance Network;US Coastal P&C Insurance Co.;TypTap Insurance Co.;Homeowners Choice P&C Ins Co.;Edison Insurance Co.;Safe Harbor Insurance Co.;GeoVera Specialty Insurance Co;FL Farm Bureau General Ins Co.;AIG Property Casualty Co.;ASI Preferred Insurance Corp.;Castle Key Indemnity Co.,Universal P&C Insurance Co.;First Protective Insurance Co.;Cypress P&C Insurance Co.;Tower Hill Insurance Exchange;Kin Interinsurance Network;US Coastal P&C Insurance Co.;TypTap Insurance Co.;Homeowners Choice P&C Ins Co.;Edison Insurance Co.;Safe Harbor Insurance Co.;GeoVera Specialty Insurance Co,341114215.8846725,4,28.09578743922402,346163182.3426287,0.0,0,1.0,753476119.2640984,389573760.0,0.0,539937478.65,75914261.7854513,539937478.65,359958319.1,0.0,1122083997.821354,1122083997.821354,1395853723.0,1122083997.821354,0.0,False,24154101.099293422,24154101.099293422,0.0,1.0,24154101.099293422,0.0,1637937048.3181148,0.0,12,9464500000.0,9464500000.0,57
irma,baseline,,2017242N16333,"{""2017242N16333"": 0.6953168160468169}",32020681848.663742,22264518550.660973,9756163298.002771,3621433368.9327817,9247620253.210108,0.0,8674529286.36005,720935642.1580285,3621433368.9327817,9247620253.210108,1636847839.3913596,8119315458.611412,27.090395286888768,2.2514687400015934,11.309669750470688,28.880147827320613,5.111845672517017,25.35647272280131,8674529286.36005,720935642.1580285,1636847839.3913596,14,10,4,Universal P&C Insurance Co.;First Protective Insurance Co.;Cypress P&C Insurance Co.;Tower Hill Insurance Exchange;Kin Interinsurance Network;TypTap Insurance Co.;Homeowners Choice P&C Ins Co.;Edison Insurance Co.;Safe Harbor Insurance Co.;GeoVera Specialty Insurance Co;FL Farm Bureau General Ins Co.;AIG Property Casualty Co.;ASI Preferred Insurance Corp.;Castle Key Indemnity Co.,Universal P&C Insurance Co.;First Protective Insurance Co.;Cypress P&C Insurance Co.;Tower Hill Insurance Exchange;Kin Interinsurance Network;TypTap Insurance Co.;Homeowners Choice P&C Ins Co.;Edison Insurance Co.;Safe Harbor Insurance Co.;GeoVera Specialty Insurance Co,243269367.9727648,4,27.73228202456624,353185222.1361048,0.0,0,1.0,529522317.69369674,393588060.0,0.0,539937478.65,97156756.65937304,539937478.65,359958319.1,0.0,1636847839.3913596,1636847839.3913596,1395853723.0,1395853723.0,0.0,False,22770940.0839676,22770940.0839676,0.0,1.0,22770940.0839676,0.0,1627012607.5214195,0.0,11,9464500000.0,9464500000.0,58
irma,baseline,,2017242N16333,"{""2017242N16333"": 0.5639947968494056}",32020681848.663742,18059497954.216553,13961183894.44719,4707856722.106521,7266984287.833967,0.0,5632755694.468321,451901249.8077427,4707856722.106521,7266984287.833967,2324576032.4419136,11636607862.005276,17.59099235016253,1.4112792848806903,14.702549884342906,22.69465816555442,7.259608160214492,36.340912154844965,5632755694.468321,451901249.8077427,2324576032.4419136,7,4,3,Universal P&C Insurance Co.;First Protective Insurance Co.;Cypress P&C Insurance Co.;Kin Interinsurance Network;FL Farm Bureau General Ins Co.;ASI Preferred Insurance Corp.;Castle Key Indemnity Co.,Universal P&C Insurance Co.;First Protective Insurance Co.;Cypress P&C Insurance Co.;Kin Interinsurance Network,105855922.70401467,3,14.68401597065834,74135374.06046024,0.0,0,1.0,0.0,103728659.08944349,0.0,370931883.9975409,0.0,539937478.65,359958319.1,0.0,2324576032.4419136,2324576032.4419136,1395853723.0,1395853723.0,0.0,False,1215912.453414335,1215912.453414335,0.0,1.0,1215912.453414335,0.0,1332949902.9428864,0.0,10,9464500000.0,9464500000.0,59
irma,baseline,,2017242N16333,"{""2017242N16333"": 0.5356478000669114}",32020681848.663742,17151807788.879211,14868874059.784533,2147157916.7955961,6488476267.753739,0.0,7858357925.310329,657815679.0195448,2147157916.7955961,6488476267.753739,2473028127.4887347,12395845932.295797,24.541507149818134,2.0543462569863924,6.705534650834425,20.263391949052174,7.72322132044773,38.71199867286115,7858357925.310329,657815679.0195448,2473028127.4887347,12,8,4,Universal P&C Insurance Co.;First Protective Insurance Co.;Cypress P&C Insurance Co.;Tower Hill Insurance Exchange;Kin Interinsurance Network;Homeowners Choice P&C Ins Co.;Edison Insurance Co.;Safe Harbor Insurance Co.;FL Farm Bureau General Ins Co.;AIG Property Casualty Co.;ASI Preferred Insurance Corp.;Castle Key Indemnity Co.,Universal P&C Insurance Co.;First Protective Insurance Co.;Cypress P&C Insurance Co.;Tower Hill Insurance Exchange;Kin Interinsurance Network;Homeowners Choice P&C Ins Co.;Edison Insurance Co.;Safe Harbor Insurance Co.,210686219.2314989,4,25.563137285625935,231665188.997599,0.0,0,1.0,314008265.9162446,417542580.0,0.0,539937478.65,33642359.138991,539937478.65,359958319.1,0.0,2473028127.4887347,2473028127.4887347,1395853723.0,1395853723.0,0.0,False,4130753.4865996395,4130753.4865996395,0.0,1.0,4130753.4865996395,0.0,1480522485.7457175,0.0,11,9464500000.0,9464500000.0,60
irma,baseline,,2017242N16333,"{""2017242N16333"": 0.568815456789738}",32020681848.66374,18213858772.46653,13806823076.197208,3936464633.3441644,7477729052.659308,0.0,6316834243.014417,482830843.44864464,3936464633.3441644,7477729052.659308,2299330428.00834,11507492648.18887,19.727357065252583,1.5078718364918071,12.293506590361497,23.352810186867906,7.180766602271131,35.93768771875509,6316834243.014417,482830843.44864464,2299330428.00834,11,7,4,Universal P&C Insurance Co.;First Protective Insurance Co.;Cypress P&C Insurance Co.;Tower Hill Insurance Exchange;Kin Interinsurance Network;Homeowners Choice P&C Ins Co.;Edison Insurance Co.;FL Farm Bureau General Ins Co.;AIG Property Casualty Co.;ASI Preferred Insurance Corp.;Castle Key Indemnity Co.,Universal P&C Insurance Co.;First Protective Insurance Co.;Cypress P&C Insurance Co.;Tower Hill Insurance Exchange;Kin Interinsurance Network;Homeowners Choice P&C Ins Co.;Edison Insurance Co.,153550237.44743198,4,24.95048899234104,119312236.90011054,0.0,0,1.0,5.960464477539063e-08,295445180.84351444,0.0,405402290.1277888,0.0,539937478.65,359958319.1,0.0,2299330428.00834,2299330428.00834,1395853723.0,1395853723.0,0.0,False,2616752.3924248046,2616752.3924248046,0.0,1.0,2616752.3924248046,0.0,1391499131.7721355,0.0,10,9464500000.0,9464500000.0,61
irma,baseline,,2017242N16333,"{""2017242N16333"": 0.4234219934383773}",32020681848.663742,13558260939.617262,18462420909.046482,2906802083.932576,5928016831.239032,0.0,4383849723.6466055,339592300.7990474,2906802083.932576,5928016831.239032,3060750214.599348,15401670694.44713,13.690681992237302,1.0605405044278249,9.077889401826964,18.513087445345622,9.558666580134291,48.09913407602799,4383849723.6466055,339592300.7990474,3060750214.599348,3,0,3,FL Farm Bureau General Ins Co.;ASI Preferred Insurance Corp.;Castle Key Indemnity Co.,,58898517.87742683,3,0.0,0.0,0.0,0,1.0,0.0,0.0,0.0,261215877.66966462,0.0,539937478.65,359958319.1,0.0,3060750214.599348,3060750214.599348,1395853723.0,1395853723.0,0.0,False,649211.3580535768,649211.3580535768,0.0,1.0,649211.3580535768,0.0,1183822786.5756435,0.0,10,9464500000.0,9464500000.0,62
irma,baseline,,2017242N16333,"{""2017242N16333"": 0.7364990514930116}",32020681848.663742,23583201809.700336,8437480038.963405,5113521691.356183,9903578032.58113,0.0,7922243988.402555,643858097.3604686,5113521691.356183,9903578032.58113,1421178109.8038306,7016301929.1595745,24.741022148887062,2.0107569863860895,15.96943411612447,30.928691897903533,4.438313076906381,21.911781773792466,7922243988.402555,643858097.3604686,1421178109.8038306,13,9,4,Universal P&C Insurance Co.;First Protective Insurance Co.;Cypress P&C Insurance Co.;Tower Hill Insurance Exchange;Kin Interinsurance Network;TypTap Insurance Co.;Homeowners Choice P&C Ins Co.;Edison Insurance Co.;Safe Harbor Insurance Co.;FL Farm Bureau General Ins Co.;AIG Property Casualty Co.;ASI Preferred Insurance Corp.;Castle Key Indemnity Co.,Universal P&C Insurance Co.;First Protective Insurance Co.;Cypress P&C Insurance Co.;Tower Hill Insurance Exchange;Kin Interinsurance Network;TypTap Insurance Co.;Homeowners Choice P&C Ins Co.;Edison Insurance Co.;Safe Harbor Insurance Co.,240409350.4405204,4,27.378800785830194,244147737.0900494,0.0,0,1.0,209385814.13262415,397491660.0,0.0,539937478.65,21928777.686217546,539937478.65,359958319.1,0.0,1421178109.8038306,1421178109.8038306,1395853723.0,1395853723.0,0.0,False,6648884.616645125,6648884.616645125,0.0,1.0,6648884.616645125,0.0,1581320077.8267512,0.0,11,9464500000.0,9464500000.0,63
irma,baseline,,2017242N16333,"{""2017242N16333"": 0.33532843789559114}",32020681848.663742,10737445224.664118,21283236623.999622,2564337087.2732306,4881536339.279453,0.0,3053207950.992849,238363847.1185892,2564337087.2732306,4881536339.279453,3522092662.2947693,17761143961.704853,9.535112229723685,0.7444059069233604,8.008377521105919,15.244948131806147,10.99943055223151,55.46772565820939,3053207950.992849,238363847.1185892,3522092662.2947693,1,0,1,Castle Key Indemnity Co.,,20355754.887828045,1,0.0,0.0,0.0,0,1.0,0.0,0.0,0.0,159418199.7527942,0.0,539937478.65,359958319.1,81092662.29476929,3522092662.2947693,3441000000.0,1395853723.0,1395853723.0,0.0,False,489869.8652731024,489869.8652731024,0.0,1.0,489869.8652731024,0.0,1090000000.0,0.0,7,9464500000.0,9464500000.0,64
irma,baseline,,2017242N16333,"{""2017242N16333"": 0.2415617720266816}",32020681848.66374,7734972648.86581,24285709199.797928,879712666.0879002,2832521998.6274676,0.0,3743330065.18665,279407918.96379364,879712666.0879002,2832521998.6274676,4013144963.1999273,20272564236.598003,11.690350889085966,0.8725857877865698,2.7473264630828327,8.845914062712792,12.532977849025412,63.310844948306446,3743330065.18665,279407918.96379364,4013144963.1999273,1,0,1,Castle Key Indemnity Co.,,34790703.78063506,1,0.0,0.0,0.0,0,1.0,0.0,0.0,0.0,203689679.4141894,0.0,539937478.65,359958319.1,572144963.1999273,4013144963.1999273,3441000000.0,1395853723.0,1395853723.0,0.0,False,528362.2400366471,528362.2400366471,0.0,1.0,528362.2400366471,0.0,1138002855.924632,0.0,8,9464500000.0,9464500000.0,65
irma,baseline,,2017242N16333,"{""2017242N16333"": 0.5641572368715589}",32020681848.663742,18064699394.485413,13955982454.17833,4104304422.6346817,6888945271.958218,0.0,6509511804.693363,561937895.1991532,4104304422.6346817,6888945271.958218,2323725340.504664,11632257113.673666,20.329085543707784,1.7549217029636848,12.817667162843252,21.514049277641163,7.256951464953379,36.32732484789074,6509511804.693363,561937895.1991532,2323725340.504664,11,7,4,Universal P&C Insurance Co.;First Protective Insurance Co.;Cypress P&C Insurance Co.;Tower Hill Insurance Exchange;Kin Interinsurance Network;Homeowners Choice P&C Ins Co.;Edison Insurance Co.;FL Farm Bureau General Ins Co.;AIG Property Casualty Co.;ASI Preferred Insurance Corp.;Castle Key Indemnity Co.,Universal P&C Insurance Co.;First Protective Insurance Co.;Cypress P&C Insurance Co.;Tower Hill Insurance Exchange;Kin Interinsurance Network;Homeowners Choice P&C Ins Co.;Edison Insurance Co.,162235120.59517598,4,24.95048899234104,151309399.18455422,0.0,0,1.0,0.0,326670488.65419763,0.0,475107569.68081474,0.0,539937478.65,359958319.1,0.0,2323725340.504664,2323725340.504664,1395853723.0,1395853723.0,0.0,False,17320832.92523468,17320832.92523468,0.0,1.0,17320832.92523468,0.0,1450141291.019147,0.0,11,9464500000.0,9464500000.0,66
irma,baseline,,2017242N16333,"{""2017242N16333"": 0.3245751600877347}",32020681848.663742,10393117937.148453,21627563911.51529,1667929305.3847313,3472725848.4082828,0.0,4825614985.599388,426847797.75604826,1667929305.3847313,3472725848.4082828,3578407150.614132,18049156760.90116,15.07030677362283,1.3330378152889366,5.208912518689342,10.845258901172347,11.175299662656817,56.36718432856973,4825614985.599388,426847797.75604826,3578407150.614132,5,2,3,First Protective Insurance Co.;Kin Interinsurance Network;FL Farm Bureau General Ins Co.;ASI Preferred Insurance Corp.;Castle Key Indemnity Co.,First Protective Insurance Co.;Kin Interinsurance Network,68154175.51604567,3,5.910840904483838,7632020.636122659,0.0,0,1.0,0.0,13645877.906802967,0.0,338171873.2990382,0.0,539937478.65,359958319.1,137407150.61413193,3578407150.614132,3441000000.0,1395853723.0,1395853723.0,0.0,False,5671138.350911283,5671138.350911283,0.0,1.0,5671138.350911283,0.0,1215224937.5810807,0.0,10,9464500000.0,9464500000.0,67
irma,baseline,,2017242N16333,"{""2017242N16333"": 0.5641241694519677}",32020681848.66374,18063640553.163128,13957041295.50061,2791052474.385696,8429255771.644873,0.0,6385592899.521152,457739407.6114095,2791052474.385696,8429255771.644873,2323898513.2662706,11633142782.23434,19.94208908386387,1.4295117442369876,8.71640550184652,26.324410615249395,7.257492280300239,36.330090774503,6385592899.521152,457739407.6114095,2323898513.2662706,10,6,4,Universal P&C Insurance Co.;First Protective Insurance Co.;Cypress P&C Insurance Co.;Kin Interinsurance Network;Homeowners Choice P&C Ins Co.;Edison Insurance Co.;FL Farm Bureau General Ins Co.;AIG Property Casualty Co.;ASI Preferred Insurance Corp.;Castle Key Indemnity Co.,Universal P&C Insurance Co.;First Protective Insurance Co.;Cypress P&C Insurance Co.;Kin Interinsurance Network;Homeowners Choice P&C Ins Co.;Edison Insurance Co.,131557096.52283216,4,20.136586324209667,90028950.32452083,0.0,0,1.0,2.9802322387695312e-08,237100837.95568532,0.0,384775995.0028266,0.0,539937478.65,359958319.1,0.0,2323898513.2662706,2323898513.2662706,1395853723.0,1395853723.0,0.0,False,5165937.735728821,5165937.735728821,0.0,1.0,5165937.735728821,0.0,1434822791.0173914,0.0,10,9464500000.0,9464500000.0,68
irma,baseline,,2017242N16333,"{""2017242N16333"": 0.7227910785607465}",32020681848.66374,23144263169.646175,8876418679.017563,3334028740.5069857,9371316807.45921,0.0,9625872014.382118,813045607.2978655,3334028740.5069857,9371316807.45921,1492966219.0082805,7383452460.009282,30.061421114878033,2.53912646564019,10.412110386231888,29.26644988932453,4.662506020528678,23.05838612339669,9625872014.382118,813045607.2978655,1492966219.0082805,15,11,4,Universal P&C Insurance Co.;First Protective Insurance Co.;Cypress P&C Insurance Co.;Tower Hill Insurance Exchange;Kin Interinsurance Network;US Coastal P&C Insurance Co.;TypTap Insurance Co.;Homeowners Choice P&C Ins Co.;Edison Insurance Co.;Safe Harbor Insurance Co.;GeoVera Specialty Insurance Co;FL Farm Bureau General Ins Co.;AIG Property Casualty Co.;ASI Preferred Insurance Corp.;Castle Key Indemnity Co.,Universal P&C Insurance Co.;First Protective Insurance Co.;Cypress P&C Insurance Co.;Tower Hill Insurance Exchange;Kin Interinsurance Network;US Coastal P&C Insurance Co.;TypTap Insurance Co.;Homeowners Choice P&C Ins Co.;Edison Insurance Co.;Safe Harbor Insurance Co.;GeoVera Specialty Insurance Co,309967579.2605649,4,28.09578743922402,445966493.7276424,0.0,0,1.0,731710050.1068802,389573760.0,0.0,539937478.65,188042025.70365214,539937478.65,359958319.1,0.0,1492966219.0082805,1492966219.0082805,1395853723.0,1395853723.0,0.0,False,20905260.91792218,20905260.91792218,0.0,1.0,20905260.91792218,0.0,1706050327.2580085,0.0,12,9464500000.0,9464500000.0,69
irma,baseline,,2017242N16333,"{""2017242N16333"": 0.5325634273486644}",32020681848.663742,17053044071.365524,14967637777.29822,3065347344.0077677,6322134647.173964,0.0,7150496977.847855,515065102.335938,3065347344.0077677,6322134647.173964,2489180864.776651,12478456912.521568,22.330870440681302,1.6085388336520765,9.573023330656177,19.743910129876866,7.773666021670077,38.969991243463504,7150496977.847855,515065102.335938,2489180864.776651,12,8,4,Universal P&C Insurance Co.;First Protective Insurance Co.;Cypress P&C Insurance Co.;Tower Hill Insurance Exchange;Kin Interinsurance Network;Homeowners Choice P&C Ins Co.;Edison Insurance Co.;Safe Harbor Insurance Co.;FL Farm Bureau General Ins Co.;AIG Property Casualty Co.;ASI Preferred Insurance Corp.;Castle Key Indemnity Co.,Universal P&C Insurance Co.;First Protective Insurance Co.;Cypress P&C Insurance Co.;Tower Hill Insurance Exchange;Kin Interinsurance Network;Homeowners Choice P&C Ins Co.;Edison Insurance Co.;Safe Harbor Insurance Co.,171977320.9579302,4,25.563137285625935,173746065.2330581,0.0,0,1.0,51701621.748833835,417542580.0,0.0,441791737.6642729,0.0,539937478.65,359958319.1,0.0,2489180864.776651,2489180864.776651,1395853723.0,1395853723.0,0.0,False,3556055.7317038234,3556055.7317038234,0.0,1.0,3556055.7317038234,0.0,1498486226.8863244,0.0,11,9464500000.0,9464500000.0,70
irma,baseline,,2017242N16333,"{""2017242N16333"": 0.4396618597407453}",32020681848.663742,14078272531.750223,17942409316.913517,2152836852.030421,6000827117.751905,0.0,5470742522.914575,453866039.05332243,2152836852.030421,6000827117.751905,2975702680.4861174,14966706636.427399,17.085028197620577,1.4174152855282274,6.72326986103908,18.740472629886632,9.293064696591703,46.74074932933377,5470742522.914575,453866039.05332243,2975702680.4861174,7,4,3,Universal P&C Insurance Co.;First Protective Insurance Co.;Cypress P&C Insurance Co.;Kin Interinsurance Network;FL Farm Bureau General Ins Co.;ASI Preferred Insurance Corp.;Castle Key Indemnity Co.,Universal P&C Insurance Co.;First Protective Insurance Co.;Cypress P&C Insurance Co.;Kin Interinsurance Network,91276189.70607252,3,14.68401597065834,65386542.74589485,0.0,0,1.0,0.0,135993744.22029078,0.0,370353531.9691062,0.0,539937478.65,359958319.1,0.0,2975702680.4861174,2975702680.4861174,1395853723.0,1395853723.0,0.0,False,777511.4973493828,777511.4973493828,0.0,1.0,777511.4973493828,0.0,1305539088.382709,0.0,10,9464500000.0,9464500000.0,71
irma,baseline,,2017242N16333,"{""2017242N16333"": 0.5834989444937233}",32020681848.663742,18684034060.664616,13336647787.999126,2258027223.5496025,10220244138.33639,0.0,5748077078.691381,457685620.0872408,2258027223.5496025,10220244138.33639,2222433586.731771,11114214201.267357,17.951138910339147,1.4293437667890903,7.051777455025782,31.9176343172183,6.940619182425422,34.709486368202256,5748077078.691381,457685620.0872408,2222433586.731771,7,4,3,Universal P&C Insurance Co.;First Protective Insurance Co.;Cypress P&C Insurance Co.;Kin Interinsurance Network;FL Farm Bureau General Ins Co.;ASI Preferred Insurance Corp.;Castle Key Indemnity Co.,Universal P&C Insurance Co.;First Protective Insurance Co.;Cypress P&C Insurance Co.;Kin Interinsurance Network,115980448.47426328,3,14.68401597065834,63657963.768754154,0.0,0,1.0,0.0,131528267.52763347,0.0,377286804.4806286,0.0,539937478.65,359958319.1,0.0,2222433586.731771,2222433586.731771,1395853723.0,1395853723.0,0.0,False,729426.4468867888,729426.4468867888,0.0,1.0,729426.4468867888,0.0,1376471331.0872784,0.0,10,9464500000.0,9464500000.0,72
irma,baseline,,2017242N16333,"{""2017242N16333"": 0.5647426055721091}",32020681848.663746,18083443299.409897,13937238549.253849,2943519513.9087033,7328981048.241431,0.0,7201807375.709816,609135361.5499458,2943519513.9087033,7328981048.241431,2320659787.894689,11616578761.359154,22.49111186871979,1.9023185216006437,9.192557259774714,22.888272907115738,7.247377800580884,36.2783616422082,7201807375.709816,609135361.5499458,2320659787.894689,12,8,4,Universal P&C Insurance Co.;First Protective Insurance Co.;Cypress P&C Insurance Co.;Tower Hill Insurance Exchange;Kin Interinsurance Network;Homeowners Choice P&C Ins Co.;Edison Insurance Co.;Safe Harbor Insurance Co.;FL Farm Bureau General Ins Co.;AIG Property Casualty Co.;ASI Preferred Insurance Corp.;Castle Key Indemnity Co.,Universal P&C Insurance Co.;First Protective Insurance Co.;Cypress P&C Insurance Co.;Tower Hill Insurance Exchange;Kin Interinsurance Network;Homeowners Choice P&C Ins Co.;Edison Insurance Co.;Safe Harbor Insurance Co.,183872744.8413249,4,25.563137285625935,230247834.2394687,0.0,0,1.0,126238846.86023164,417542580.0,0.0,524109805.7680667,0.0,539937478.65,359958319.1,0.0,2320659787.894689,2320659787.894689,1395853723.0,1395853723.0,0.0,False,2025312.5653650702,2025312.5653650702,0.0,1.0,2025312.5653650702,0.0,1456309391.4139755,0.0,10,9464500000.0,9464500000.0,73
irma,baseline,,2017242N16333,"{""2017242N16333"": 0.42642100685914996}",32020681848.663742,13654291394.223698,18366390454.440044,3030195766.3350797,5911048668.454611,0.0,4373976125.160967,339070834.2730404,3030195766.3350797,5911048668.454611,3045044500.55834,15321345953.881704,13.659846925912658,1.0589119740658808,9.463245600628998,18.46009618530745,9.509617924283562,47.84828138980145,4373976125.160967,339070834.2730404,3045044500.55834,3,0,3,FL Farm Bureau General Ins Co.;ASI Preferred Insurance Corp.;Castle Key Indemnity Co.,,51332874.63569911,3,0.0,0.0,0.0,0,1.0,0.0,0.0,0.0,260642918.2460928,0.0,539937478.65,359958319.1,0.0,3045044500.55834,3045044500.55834,1395853723.0,1395853723.0,0.0,False,602359.5975772801,602359.5975772801,0.0,1.0,602359.5975772801,0.0,1211907552.962058,0.0,10,9464500000.0,9464500000.0,74
irma,baseline,,2017242N16333,"{""2017242N16333"": 0.5870267096260808}",32020681848.663742,18796995505.604645,13223686343.059097,2921687084.280147,8679293903.40141,0.0,6691862621.932004,504151895.99108255,2921687084.280147,8679293903.40141,2203958821.000855,11019727522.058243,20.898563789363102,1.5744570911194429,9.12437498392019,27.105275098205333,6.882922829117796,34.41440620827414,6691862621.932004,504151895.99108255,2203958821.000855,11,7,4,Universal P&C Insurance Co.;First Protective Insurance Co.;Cypress P&C Insurance Co.;Tower Hill Insurance Exchange;Kin Interinsurance Network;Edison Insurance Co.;Safe Harbor Insurance Co.;FL Farm Bureau General Ins Co.;AIG Property Casualty Co.;ASI Preferred Insurance Corp.;Castle Key Indemnity Co.,Universal P&C Insurance Co.;First Protective Insurance Co.;Cypress P&C Insurance Co.;Tower Hill Insurance Exchange;Kin Interinsurance Network;Edison Insurance Co.;Safe Harbor Insurance Co.,162095352.21922708,4,23.21308469537616,180518106.2955283,0.0,0,1.0,0.0,417879127.56895256,0.0,427765515.94885993,0.0,539937478.65,359958319.1,0.0,2203958821.000855,2203958821.000855,1395853723.0,1395853723.0,0.0,False,1989008.0543234681,1989008.0543234681,0.0,1.0,1989008.0543234681,0.0,1447641255.7946773,0.0,10,9464500000.0,9464500000.0,75
irma,baseline,,2017242N16333,"{""2017242N16333"": 0.7253508590746298}",32020681848.663746,23226229087.08365,8794452761.580097,3637538932.9645104,9720190334.820631,0.0,9167889501.729412,700610317.5690917,3637538932.9645104,9720190334.820631,1479560750.2363405,7314892011.343756,28.631150158071968,2.1879931254441067,11.359967130482291,30.355975493464587,4.620640988312009,22.84427310422502,9167889501.729412,700610317.5690917,1479560750.2363405,15,11,4,Universal P&C Insurance Co.;First Protective Insurance Co.;Cypress P&C Insurance Co.;Tower Hill Insurance Exchange;Kin Interinsurance Network;US Coastal P&C Insurance Co.;TypTap Insurance Co.;Homeowners Choice P&C Ins Co.;Edison Insurance Co.;Safe Harbor Insurance Co.;GeoVera Specialty Insurance Co;FL Farm Bureau General Ins Co.;AIG Property Casualty Co.;ASI Preferred Insurance Corp.;Castle Key Indemnity Co.,Universal P&C Insurance Co.;First Protective Insurance Co.;Cypress P&C Insurance Co.;Tower Hill Insurance Exchange;Kin Interinsurance Network;US Coastal P&C Insurance Co.;TypTap Insurance Co.;Homeowners Choice P&C Ins Co.;Edison Insurance Co.;Safe Harbor Insurance Co.;GeoVera Specialty Insurance Co,285288066.70964277,4,28.09578743922402,299829042.9560995,0.0,0,1.0,581888055.0550109,389573760.0,0.0,539937478.65,83098542.04152286,539937478.65,359958319.1,0.0,1479560750.2363405,1479560750.2363405,1395853723.0,1395853723.0,0.0,False,24192144.095726643,24192144.095726643,0.0,1.0,24192144.095726643,0.0,1710875051.759584,0.0,12,9464500000.0,9464500000.0,76
irma,baseline,,2017242N16333,"{""2017242N16333"": 0.5849447982738176}",32020681848.663742,18730331284.5567,13290350564.107042,3140364484.814641,7990323917.930441,0.0,7047498486.204995,552144395.606622,3140364484.814641,7990323917.930441,2214861707.973916,11075488856.133125,22.009208047201827,1.7243367840078132,9.807300480535181,24.953634515636917,6.916972344442268,34.58854782817598,7047498486.204995,552144395.606622,2214861707.973916,12,8,4,Universal P&C Insurance Co.;First Protective Insurance Co.;Cypress P&C Insurance Co.;Tower Hill Insurance Exchange;Kin Interinsurance Network;Homeowners Choice P&C Ins Co.;Edison Insurance Co.;Safe Harbor Insurance Co.;FL Farm Bureau General Ins Co.;AIG Property Casualty Co.;ASI Preferred Insurance Corp.;Castle Key Indemnity Co.,Universal P&C Insurance Co.;First Protective Insurance Co.;Cypress P&C Insurance Co.;Tower Hill Insurance Exchange;Kin Interinsurance Network;Homeowners Choice P&C Ins Co.;Edison Insurance Co.;Safe Harbor Insurance Co.,163628730.9441778,4,25.563137285625935,227527931.21734834,0.0,0,1.0,70701176.59216046,417542580.0,0.0,472931335.3303671,0.0,539937478.65,359958319.1,0.0,2214861707.973916,2214861707.973916,1395853723.0,1395853723.0,0.0,False,1938802.3035676042,1938802.3035676042,0.0,1.0,1938802.3035676042,0.0,1476487631.4487834,0.0,11,9464500000.0,9464500000.0,77
irma,baseline,,2017242N16333,"{""2017242N16333"": 0.8582624952524135}",32020681848.663742,27482150303.117798,4538531545.545942,4384315751.265696,12038153532.810427,0.0,10231639415.54518,828041603.4964972,4384315751.265696,12038153532.810427,783507796.2642348,3755023749.281708,31.95322155818539,2.5859586857331465,13.692137387913425,37.59493189340936,2.4468804254926613,11.726870049266015,10231639415.54518,828041603.4964972,783507796.2642348,15,11,4,Universal P&C Insurance Co.;First Protective Insurance Co.;Cypress P&C Insurance Co.;Tower Hill Insurance Exchange;Kin Interinsurance Network;US Coastal P&C Insurance Co.;TypTap Insurance Co.;Homeowners Choice P&C Ins Co.;Edison Insurance Co.;Safe Harbor Insurance Co.;GeoVera Specialty Insurance Co;FL Farm Bureau General Ins Co.;AIG Property Casualty Co.;ASI Preferred Insurance Corp.;Castle Key Indemnity Co.,Universal P&C Insurance Co.;First Protective Insurance Co.;Cypress P&C Insurance Co.;Tower Hill Insurance Exchange;Kin Interinsurance Network;US Coastal P&C Insurance Co.;TypTap Insurance Co.;Homeowners Choice P&C Ins Co.;Edison Insurance Co.;Safe Harbor Insurance Co.;GeoVera Specialty Insurance Co,369319517.65658116,4,28.09578743922402,486125053.29167664,0.0,0,1.0,916840023.7767489,389573760.0,0.0,539937478.65,206351921.07817566,539937478.65,359958319.1,0.0,783507796.2642348,783507796.2642348,1395853723.0,783507796.2642348,0.0,False,19423922.499388274,19423922.499388274,0.0,1.0,19423922.499388274,0.0,1805842625.924564,0.0,12,9464500000.0,9464500000.0,78
irma,baseline,,2017242N16333,"{""2017242N16333"": 0.3464236422676447}",32020681848.663742,11092721233.90755,20927960614.75619,1235922437.294192,3327293853.1082478,0.0,6045064779.816767,484440163.6883434,1235922437.294192,3327293853.1082478,3463987518.1540265,17463973096.602165,18.878626034220545,1.512897713977192,3.8597630217101964,10.391077456856527,10.81796925663712,54.539666516598416,6045064779.816767,484440163.6883434,3463987518.1540265,8,5,3,Universal P&C Insurance Co.;First Protective Insurance Co.;Cypress P&C Insurance Co.;Kin Interinsurance Network;Edison Insurance Co.;FL Farm Bureau General Ins Co.;ASI Preferred Insurance Corp.;Castle Key Indemnity Co.,Universal P&C Insurance Co.;First Protective Insurance Co.;Cypress P&C Insurance Co.;Kin Interinsurance Network;Edison Insurance Co.,132926224.91427992,3,17.786533733959892,99286782.76004797,0.0,0,1.0,0.0,206426152.26038036,0.0,403514941.03604984,0.0,539937478.65,359958319.1,22987518.15402651,3463987518.1540265,3441000000.0,1395853723.0,1395853723.0,0.0,False,4471571.782542587,4471571.782542587,0.0,1.0,4471571.782542587,0.0,1392471437.182443,0.0,10,9464500000.0,9464500000.0,79
irma,baseline,,2017242N16333,"{""2017242N16333"": 0.41247119021706263}",32020681848.663742,13207608753.680223,18813073094.983517,2656893489.6455765,4747275163.6640005,0.0,5416757834.448993,386682265.9216546,2656893489.6455765,4747275163.6640005,3118099135.655195,15694973959.328321,16.916435009253373,1.2076015987079651,8.297429462003949,14.825652951740967,9.737766204954555,49.015114773339185,5416757834.448993,386682265.9216546,3118099135.655195,7,4,3,Universal P&C Insurance Co.;First Protective Insurance Co.;Cypress P&C Insurance Co.;Kin Interinsurance Network;FL Farm Bureau General Ins Co.;ASI Preferred Insurance Corp.;Castle Key Indemnity Co.,Universal P&C Insurance Co.;First Protective Insurance Co.;Cypress P&C Insurance Co.;Kin Interinsurance Network,102398992.29073846,3,14.68401597065834,34541743.64161572,0.0,0,1.0,0.0,51672534.75370037,0.0,314048090.17208743,0.0,539937478.65,359958319.1,0.0,3118099135.655195,3118099135.655195,1395853723.0,1395853723.0,0.0,False,611535.09825993,611535.09825993,0.0,1.0,611535.09825993,0.0,1299541196.7400556,0.0,10,9464500000.0,9464500000.0,80
irma,baseline,,2017242N16333,"{""2017242N16333"": 0.5033668689567498}",32020681848.663742,16118150364.022093,15902531484.641647,2795392850.815624,6418055478.484125,0.0,6408206107.866867,496495926.85547876,2795392850.815624,6418055478.484125,2642082080.192642,13260449404.449005,20.012709717280078,1.5505476404344527,8.729960417542697,20.04346912041774,8.251173702920068,41.412139401404964,6408206107.866867,496495926.85547876,2642082080.192642,10,6,4,Universal P&C Insurance Co.;First Protective Insurance Co.;Cypress P&C Insurance Co.;Tower Hill Insurance Exchange;Kin Interinsurance Network;Edison Insurance Co.;FL Farm Bureau General Ins Co.;AIG Property Casualty Co.;ASI Preferred Insurance Corp.;Castle Key Indemnity Co.,Universal P&C Insurance Co.;First Protective Insurance Co.;Cypress P&C Insurance Co.;Tower Hill Insurance Exchange;Kin Interinsurance Network;Edison Insurance Co.,150291446.36815676,4,22.600436402091265,106752693.09098208,0.0,0,1.0,0.0,302881011.82951534,0.0,418098270.1381217,0.0,539937478.65,359958319.1,0.0,2642082080.192642,2642082080.192642,1395853723.0,1395853723.0,0.0,False,1682442.9051888469,1682442.9051888469,0.0,1.0,1682442.9051888469,0.0,1408498068.7950425,0.0,10,9464500000.0,9464500000.0,81
irma,baseline,,2017242N16333,"{""2017242N16333"": 0.63076275119059}",32020681848.663742,20197453377.861725,11823228470.802017,4245780667.428097,9858826379.855091,0.0,5658633299.402945,434213031.1755952,4245780667.428097,9858826379.855091,1974914910.3134332,9848313560.488585,17.67180763403727,1.3560393036843323,13.25949487114147,30.788933310195926,6.167622912114373,30.756101968826645,5658633299.402945,434213031.1755952,1974914910.3134332,7,4,3,Universal P&C Insurance Co.;First Protective Insurance Co.;Cypress P&C Insurance Co.;Kin Interinsurance Network;FL Farm Bureau General Ins Co.;ASI Preferred Insurance Corp.;Castle Key Indemnity Co.,Universal P&C Insurance Co.;First Protective Insurance Co.;Cypress P&C Insurance Co.;Kin Interinsurance Network,99479790.78124861,3,14.68401597065834,60089471.22227439,0.0,0,1.0,0.0,107811600.54492599,0.0,356520683.9330725,0.0,539937478.65,359958319.1,0.0,1974914910.3134332,1974914910.3134332,1395853723.0,1395853723.0,0.0,False,969578.4966364211,969578.4966364211,0.0,1.0,969578.4966364211,0.0,1330922576.5282261,0.0,10,9464500000.0,9464500000.0,82
irma,baseline,,2017242N16333,"{""2017242N16333"": 0.3771015871263422}",32020681848.663742,12075049945.99875,19945631902.664993,1979070506.1339839,4061383446.6476307,0.0,5594242152.616076,440353840.6010605,1979070506.1339839,4061383446.6476307,3303328340.712805,16642303561.952188,17.470715267887183,1.3752169384845156,6.1806007613687735,12.683625744893739,10.316233602785246,51.97360768458055,5594242152.616076,440353840.6010605,3303328340.712805,7,4,3,Universal P&C Insurance Co.;First Protective Insurance Co.;Cypress P&C Insurance Co.;Kin Interinsurance Network;FL Farm Bureau General Ins Co.;ASI Preferred Insurance Corp.;Castle Key Indemnity Co.,Universal P&C Insurance Co.;First Protective Insurance Co.;Cypress P&C Insurance Co.;Kin Interinsurance Network,99355596.08992146,3,14.68401597065834,78345242.27084517,0.0,0,1.0,0.0,152465260.3478505,0.0,360734260.48204523,0.0,539937478.65,359958319.1,0.0,3303328340.712805,3303328340.712805,1395853723.0,1395853723.0,0.0,False,6107956.258470468,6107956.258470468,0.0,1.0,6107956.258470468,0.0,1374346116.3272235,0.0,10,9464500000.0,9464500000.0,83
irma,baseline,,2017242N16333,"{""2017242N16333"": 0.7358760198789405}",32020681848.663742,23563251912.604504,8457429936.05924,4307387910.799567,11914135942.320164,0.0,6791331888.3049345,550396171.1798363,4307387910.799567,11914135942.320164,1424440901.5944023,7032989034.464838,21.209204477287994,1.7188771113030028,13.451893158169332,37.20762724113369,4.448502715609242,21.96389529649673,6791331888.3049345,550396171.1798363,1424440901.5944023,10,6,4,Universal P&C Insurance Co.;First Protective Insurance Co.;Cypress P&C Insurance Co.;Tower Hill Insurance Exchange;Kin Interinsurance Network;Edison Insurance Co.;FL Farm Bureau General Ins Co.;AIG Property Casualty Co.;ASI Preferred Insurance Corp.;Castle Key Indemnity Co.,Universal P&C Insurance Co.;First Protective Insurance Co.;Cypress P&C Insurance Co.;Tower Hill Insurance Exchange;Kin Interinsurance Network;Edison Insurance Co.,166393204.78410375,4,22.600436402091265,165829649.25980294,0.0,0,1.0,5.960464477539063e-08,405276422.25075793,0.0,468651747.31126577,0.0,539937478.65,359958319.1,0.0,1424440901.5944023,1424440901.5944023,1395853723.0,1395853723.0,0.0,False,2611845.8749166783,2611845.8749166783,0.0,1.0,2611845.8749166783,0.0,1469997773.0779738,0.0,10,9464500000.0,9464500000.0,84
irma,baseline,,2017242N16333,"{""2017242N16333"": 0.45210502088366794}",32020681848.663742,14476711035.899406,17543970812.764336,3028875860.207439,6023158811.831829,0.0,4991414947.462696,433261416.39744306,3028875860.207439,6023158811.831829,2910538340.3323545,14633432472.431984,15.588097002597067,1.3530674282487947,9.459123558088246,18.81021409943268,9.089557661789186,45.69994024984403,4991414947.462696,433261416.39744306,2910538340.3323545,5,2,3,First Protective Insurance Co.;Kin Interinsurance Network;FL Farm Bureau General Ins Co.;ASI Preferred Insurance Corp.;Castle Key Indemnity Co.,First Protective Insurance Co.;Kin Interinsurance Network,87891989.58446248,3,5.910840904483838,19479180.341344476,0.0,0,1.0,0.0,28837397.730183885,0.0,346192753.8572978,0.0,539937478.65,359958319.1,0.0,2910538340.3323545,2910538340.3323545,1395853723.0,1395853723.0,0.0,False,739322.729326406,739322.729326406,0.0,1.0,739322.729326406,0.0,1232357595.345261,0.0,10,9464500000.0,9464500000.0,85
irma,baseline,,2017242N16333,"{""2017242N16333"": 0.584830433173455}",32020681848.663742,18726669236.063396,13294012612.600344,4690468543.246187,9217131323.810417,0.0,4443414910.603721,375654458.4030744,4690468543.246187,9217131323.810417,2215460633.4572515,11078551979.143093,13.87670297467182,1.1731619588192836,14.64824692183101,28.784931462023373,6.918842777702141,34.598113904952385,4443414910.603721,375654458.4030744,2215460633.4572515,4,1,3,First Protective Insurance Co.;FL Farm Bureau General Ins Co.;ASI Preferred Insurance Corp.;Castle Key Indemnity Co.,First Protective Insurance Co.,55780485.772622794,3,4.237368573953127,415216.7113402188,0.0,0,1.0,5.820766091346741e-11,415216.7113402187,0.0,290675496.45267886,0.0,539937478.65,359958319.1,0.0,2215460633.4572515,2215460633.4572515,1395853723.0,1395853723.0,0.0,False,660785.7345525533,660785.7345525533,0.0,1.0,660785.7345525533,0.0,1190585203.1341605,0.0,10,9464500000.0,9464500000.0,86
irma,baseline,,2017242N16333,"{""2017242N16333"": 0.6488521161985483}",32020681848.663742,20776687179.625908,11243994669.037834,3152022305.5746455,11792865236.889252,0.0,5364460789.723213,467338847.4387974,3152022305.5746455,11792865236.889252,1880181625.016825,9363813044.021011,16.75311230122065,1.459490618118427,9.843707640180007,36.82890106033573,5.871772605914346,29.243015774230845,5364460789.723213,467338847.4387974,1880181625.016825,7,4,3,Universal P&C Insurance Co.;First Protective Insurance Co.;Cypress P&C Insurance Co.;Kin Interinsurance Network;FL Farm Bureau General Ins Co.;ASI Preferred Insurance Corp.;Castle Key Indemnity Co.,Universal P&C Insurance Co.;First Protective Insurance Co.;Cypress P&C Insurance Co.;Kin Interinsurance Network,94793678.24352223,3,14.68401597065834,52919877.7247448,0.0,0,1.0,0.0,82782461.53351413,0.0,379980202.2155979,0.0,539937478.65,359958319.1,0.0,1880181625.016825,1880181625.016825,1395853723.0,1395853723.0,0.0,False,672764.6380032597,672764.6380032597,0.0,1.0,672764.6380032597,0.0,1287326468.9499907,0.0,10,9464500000.0,9464500000.0,87
irma,baseline,,2017242N16333,"{""2017242N16333"": 0.43742329700083743}",32020681848.663742,14006592226.45736,18014089622.206383,2502696293.717915,5031572147.709031,0.0,5978551143.497045,493772641.53336954,2502696293.717915,5031572147.709031,2987425944.5476675,15026663677.658716,18.670905172328602,1.5420428705017575,7.815874457471478,15.713507199781892,9.329676234462621,46.92799406545365,5978551143.497045,493772641.53336954,2987425944.5476675,8,5,3,Universal P&C Insurance Co.;First Protective Insurance Co.;Cypress P&C Insurance Co.;Kin Interinsurance Network;Edison Insurance Co.;FL Farm Bureau General Ins Co.;ASI Preferred Insurance Corp.;Castle Key Indemnity Co.,Universal P&C Insurance Co.;First Protective Insurance Co.;Cypress P&C Insurance Co.;Kin Interinsurance Network;Edison Insurance Co.,131170039.93628591,3,17.786533733959892,89215408.98695284,0.0,0,1.0,0.0,203561762.81131122,0.0,410596107.9093863,0.0,539937478.65,359958319.1,0.0,2987425944.5476675,2987425944.5476675,1395853723.0,1395853723.0,0.0,False,1602346.8845011732,1602346.8845011732,0.0,1.0,1602346.8845011732,0.0,1404600445.0340455,0.0,10,9464500000.0,9464500000.0,88
irma,baseline,,2017242N16333,"{""2017242N16333"": 0.5518829762996779}",32020681848.66374,17671669201.78561,14349012646.878128,2820887854.8339796,8237648977.651367,0.0,6166130659.580318,447001709.7199477,2820887854.8339796,8237648977.651367,2388005155.083526,11961007491.794605,19.256712548229633,1.3959781113736702,8.80958084579857,25.72602612456591,7.457696142667182,37.354006227365055,6166130659.580318,447001709.7199477,2388005155.083526,11,7,4,Universal P&C Insurance Co.;First Protective Insurance Co.;Cypress P&C Insurance Co.;Tower Hill Insurance Exchange;Kin Interinsurance Network;Homeowners Choice P&C Ins Co.;Edison Insurance Co.;FL Farm Bureau General Ins Co.;AIG Property Casualty Co.;ASI Preferred Insurance Corp.;Castle Key Indemnity Co.,Universal P&C Insurance Co.;First Protective Insurance Co.;Cypress P&C Insurance Co.;Tower Hill Insurance Exchange;Kin Interinsurance Network;Homeowners Choice P&C Ins Co.;Edison Insurance Co.,115594614.21692136,4,24.95048899234104,82992637.01119515,0.0,0,1.0,2.9802322387695312e-08,213955510.63641974,0.0,373287002.68654084,0.0,539937478.65,359958319.1,0.0,2388005155.083526,2388005155.083526,1395853723.0,1395853723.0,0.0,False,3435563.8319301,3435563.8319301,0.0,1.0,3435563.8319301,0.0,1387196784.6131232,0.0,10,9464500000.0,9464500000.0,89
irma,baseline,,2017242N16333,"{""2017242N16333"": 0.6529349851382485}",32020681848.663742,20907423426.97384,11113258421.689903,3033428149.76219,8833070526.527565,0.0,8372324447.565003,668600303.1190803,3033428149.76219,8833070526.527565,1858799802.7183018,9254458618.971601,26.146615138098284,2.0880264395337407,9.473340274572504,27.585516661620304,5.804997568457061,28.901503917718102,8372324447.565003,668600303.1190803,1858799802.7183018,13,9,4,Universal P&C Insurance Co.;First Protective Insurance Co.;Cypress P&C Insurance Co.;Tower Hill Insurance Exchange;Kin Interinsurance Network;TypTap Insurance Co.;Homeowners Choice P&C Ins Co.;Edison Insurance Co.;Safe Harbor Insurance Co.;FL Farm Bureau General Ins Co.;AIG Property Casualty Co.;ASI Preferred Insurance Corp.;Castle Key Indemnity Co.,Universal P&C Insurance Co.;First Protective Insurance Co.;Cypress P&C Insurance Co.;Tower Hill Insurance Exchange;Kin Interinsurance Network;TypTap Insurance Co.;Homeowners Choice P&C Ins Co.;Edison Insurance Co.;Safe Harbor Insurance Co.,231815866.33485556,4,27.378800785830194,277878382.2542467,0.0,0,1.0,397065237.71775186,397491660.0,0.0,539937478.65,48027387.312976,539937478.65,359958319.1,0.0,1858799802.7183018,1858799802.7183018,1395853723.0,1395853723.0,0.0,False,3033271.421131681,3033271.421131681,0.0,1.0,3033271.421131681,0.0,1640230701.6264734,0.0,11,9464500000.0,9464500000.0,90
irma,baseline,,2017242N16333,"{""2017242N16333"": 0.5241980559003485}",32020681848.663742,16785179173.673107,15235502674.990635,3350586524.6272182,6995524205.13921,0.0,5972444223.461299,466624220.4453797,3350586524.6272182,6995524205.13921,2532989982.436489,12702512692.554146,18.6518333734687,1.4572588511723163,10.463820041255747,21.84689332413807,7.910481089715438,39.66971332024972,5972444223.461299,466624220.4453797,2532989982.436489,9,5,4,Universal P&C Insurance Co.;First Protective Insurance Co.;Cypress P&C Insurance Co.;Kin Interinsurance Network;Edison Insurance Co.;FL Farm Bureau General Ins Co.;AIG Property Casualty Co.;ASI Preferred Insurance Corp.;Castle Key Indemnity Co.,Universal P&C Insurance Co.;First Protective Insurance Co.;Cypress P&C Insurance Co.;Kin Interinsurance Network;Edison Insurance Co.,124738588.15543644,4,17.786533733959892,111629752.5470556,0.0,0,1.0,0.0,239142239.51651824,0.0,387589852.9842,0.0,539937478.65,359958319.1,0.0,2532989982.436489,2532989982.436489,1395853723.0,1395853723.0,0.0,False,3635142.8773623295,3635142.8773623295,0.0,1.0,3635142.8773623295,0.0,1368850641.854536,0.0,10,9464500000.0,9464500000.0,91
irma,baseline,,2017242N16333,"{""2017242N16333"": 0.5690000942891194}",32020681848.663742,18219770991.091557,13800910857.572186,4205054406.738195,6288954872.995644,0.0,7157041320.124303,568720391.2334131,4205054406.738195,6288954872.995644,2298363488.76544,11502547368.806746,22.351308301147167,1.7761033132314339,13.132307508666235,19.64029030586708,7.177746868814267,35.92224370227382,7157041320.124303,568720391.2334131,2298363488.76544,11,7,4,Universal P&C Insurance Co.;First Protective Insurance Co.;Cypress P&C Insurance Co.;Tower Hill Insurance Exchange;Kin Interinsurance Network;Homeowners Choice P&C Ins Co.;Edison Insurance Co.;FL Farm Bureau General Ins Co.;AIG Property Casualty Co.;ASI Preferred Insurance Corp.;Castle Key Indemnity Co.,Universal P&C Insurance Co.;First Protective Insurance Co.;Cypress P&C Insurance Co.;Tower Hill Insurance Exchange;Kin Interinsurance Network;Homeowners Choice P&C Ins Co.;Edison Insurance Co.,181539666.5058558,4,24.95048899234104,172030061.84909678,0.0,0,1.0,61774607.51948482,424308240.0,0.0,488442416.06630474,0.0,539937478.65,359958319.1,0.0,2298363488.76544,2298363488.76544,1395853723.0,1395853723.0,0.0,False,3777877.6347977673,3777877.6347977673,0.0,1.0,3777877.6347977673,0.0,1479745886.9666944,0.0,11,9464500000.0,9464500000.0,92
irma,baseline,,2017242N16333,"{""2017242N16333"": 0.38060370616472455}",32020681848.663742,12187190185.522942,19833491663.1408,2682171999.0015736,5186459533.967937,0.0,4007911586.568989,310647065.98444045,2682171999.0015736,5186459533.967937,3284987882.556324,16548503780.58448,12.516634110139174,0.9701450689045963,8.376373781414351,16.197217656014324,10.258956689560344,51.680672693967225,4007911586.568989,310647065.98444045,3284987882.556324,1,0,1,Castle Key Indemnity Co.,,41278360.13238532,1,0.0,0.0,0.0,0,1.0,0.0,0.0,0.0,232228485.59071386,0.0,539937478.65,359958319.1,0.0,3284987882.556324,3284987882.556324,1395853723.0,1395853723.0,0.0,False,636800.0669436312,636800.0669436312,0.0,1.0,636800.0669436312,0.0,1140148037.906938,0.0,9,9464500000.0,9464500000.0,93
irma,baseline,,2017242N16333,"{""2017242N16333"": 0.38997733029951154}",32020681848.66374,12487340021.71191,19533341826.951828,3328502130.2383566,5052281301.465838,0.0,3790402854.6428366,316153735.3648796,3328502130.2383566,5052281301.465838,3235898585.666506,16297443241.285328,11.837358344076032,0.987342296016951,10.394850884092772,15.778181505765392,10.105651718973448,50.89661525107543,3790402854.6428366,316153735.3648796,3235898585.666506,1,0,1,Castle Key Indemnity Co.,,33996352.20873935,1,0.0,0.0,0.0,0,1.0,0.0,0.0,0.0,232226163.7213123,0.0,539937478.65,359958319.1,0.0,3235898585.666506,3235898585.666506,1395853723.0,1395853723.0,0.0,False,545123.2249574749,545123.2249574749,0.0,1.0,545123.2249574749,0.0,1124695698.2895384,0.0,8,9464500000.0,9464500000.0,94
irma,baseline,,2017242N16333,"{""2017242N16333"": 0.3541331754170621}",32020681848.663742,11339585742.08677,20681096106.576973,1900770194.3368447,4642393390.393007,0.0,4443186629.444202,353235527.9127155,1900770194.3368447,4642393390.393007,3423612999.588775,17257483106.988197,13.875990056812675,1.1031480515692278,5.936070328921387,14.498109104402907,10.691880378342557,53.89480207995124,4443186629.444202,353235527.9127155,3423612999.588775,3,0,3,FL Farm Bureau General Ins Co.;ASI Preferred Insurance Corp.;Castle Key Indemnity Co.,,53411764.6729718,3,0.0,0.0,0.0,0,1.0,0.0,0.0,0.0,272951030.8961579,0.0,539937478.65,359958319.1,0.0,3423612999.588775,3423612999.588775,1395853723.0,1395853723.0,0.0,False,642900.6785927918,642900.6785927918,0.0,1.0,642900.6785927918,0.0,1182639604.8690567,0.0,10,9464500000.0,9464500000.0,95
irma,baseline,,2017242N16333,"{""2017242N16333"": 0.41740856316218117}",32020681848.663742,13365706801.924063,18654975046.739677,2828186879.8722296,4040913586.545103,0.0,6048973369.788589,447632965.7181431,2828186879.8722296,4040913586.545103,3092242309.856176,15562732736.883501,18.89083248875607,1.397949512236334,8.83237556663789,12.619698748587812,9.657015813937823,48.60212786984407,6048973369.788589,447632965.7181431,3092242309.856176,8,5,3,Universal P&C Insurance Co.;First Protective Insurance Co.;Cypress P&C Insurance Co.;Kin Interinsurance Network;Edison Insurance Co.;FL Farm Bureau General Ins Co.;ASI Preferred Insurance Corp.;Castle Key Indemnity Co.,Universal P&C Insurance Co.;First Protective Insurance Co.;Cypress P&C Insurance Co.;Kin Interinsurance Network;Edison Insurance Co.,114826456.65350887,3,17.786533733959892,92030285.34269547,0.0,0,1.0,0.0,200451260.93051818,0.0,372502412.6151588,0.0,539937478.65,359958319.1,0.0,3092242309.856176,3092242309.856176,1395853723.0,1395853723.0,0.0,False,2311904.265610671,2311904.265610671,0.0,1.0,2311904.265610671,0.0,1388141358.3973405,0.0,10,9464500000.0,9464500000.0,96
irma,baseline,,2017242N16333,"{""2017242N16333"": 0.5819898014905202}",32020681848.663742,18635710272.69491,13384971575.968834,2460689517.608358,7500139683.869717,0.0,8136876653.779469,538004417.4373657,2460689517.608358,7500139683.869717,2230336908.634609,11154634667.334225,25.411316012057465,1.6801778924636395,7.684688068911454,23.42279817561944,6.965301111249396,34.835718739698606,8136876653.779469,538004417.4373657,2230336908.634609,13,9,4,Universal P&C Insurance Co.;First Protective Insurance Co.;Cypress P&C Insurance Co.;Tower Hill Insurance Exchange;Kin Interinsurance Network;Homeowners Choice P&C Ins Co.;Edison Insurance Co.;Safe Harbor Insurance Co.;GeoVera Specialty Insurance Co;FL Farm Bureau General Ins Co.;AIG Property Casualty Co.;ASI Preferred Insurance Corp.;Castle Key Indemnity Co.,Universal P&C Insurance Co.;First Protective Insurance Co.;Cypress P&C Insurance Co.;Tower Hill Insurance Exchange;Kin Interinsurance Network;Homeowners Choice P&C Ins Co.;Edison Insurance Co.;Safe Harbor Insurance Co.;GeoVera Specialty Insurance Co,228889962.96124282,4,25.91661852436198,247867737.91300893,0.0,0,1.0,323749371.56903195,413638980.0,0.0,470325656.254939,0.0,539937478.65,359958319.1,0.0,2230336908.634609,2230336908.634609,1395853723.0,1395853723.0,0.0,False,10053217.378999736,10053217.378999736,0.0,1.0,10053217.378999736,0.0,1638514429.1364229,0.0,11,9464500000.0,9464500000.0,97
irma,baseline,,2017242N16333,"{""2017242N16333"": 0.2938135833248011}",32020681848.663746,9408111274.459309,22612570574.204437,1619569123.2937005,3597047147.5385942,0.0,3888227042.701968,303267960.92504495,1619569123.2937005,3597047147.5385942,3739504305.012557,18873066269.19188,12.142861482708332,0.9471002596332927,5.057884560198041,11.233512029940432,11.678403110484076,58.94023855703582,3888227042.701968,303267960.92504495,3739504305.012557,1,0,1,Castle Key Indemnity Co.,,40740136.1299411,1,0.0,0.0,0.0,0,1.0,0.0,0.0,0.0,224394113.81195053,0.0,539937478.65,359958319.1,298504305.012557,3739504305.012557,3441000000.0,1395853723.0,1395853723.0,0.0,False,472383.2352672918,472383.2352672918,0.0,1.0,472383.2352672918,0.0,1123987033.498857,0.0,8,9464500000.0,9464500000.0,98
irma,baseline,,2017242N16333,"{""2017242N16333"": 0.4911206232430451}",32020681848.663742,15726017226.182995,16294664622.480745,3157878976.1202765,5938479296.394983,0.0,6165598110.051083,464060843.6166543,3157878976.1202765,5938479296.394983,2706215182.0731316,13588449440.407614,19.255049405852613,1.4492534725209796,9.86199791448869,18.545761531442224,8.451460199577433,42.436477476118064,6165598110.051083,464060843.6166543,2706215182.0731316,10,7,3,Universal P&C Insurance Co.;First Protective Insurance Co.;Cypress P&C Insurance Co.;Tower Hill Insurance Exchange;Kin Interinsurance Network;Homeowners Choice P&C Ins Co.;Edison Insurance Co.;FL Farm Bureau General Ins Co.;ASI Preferred Insurance Corp.;Castle Key Indemnity Co.,Universal P&C Insurance Co.;First Protective Insurance Co.;Cypress P&C Insurance Co.;Tower Hill Insurance Exchange;Kin Interinsurance Network;Homeowners Choice P&C Ins Co.;Edison Insurance Co.,121798179.56294492,3,24.95048899234104,107612921.13185704,0.0,0,1.0,0.0,247957511.1756402,0.0,387645121.2325481,0.0,539937478.65,359958319.1,0.0,2706215182.0731316,2706215182.0731316,1395853723.0,1395853723.0,0.0,False,10257817.870049529,10257817.870049529,0.0,1.0,10257817.870049529,0.0,1346341165.9855804,0.0,10,9464500000.0,9464500000.0,99
irma,baseline,,2017242N16333,"{""2017242N16333"": 0.6591528925991266}",32020681848.66374,21106525063.543045,10914156785.120693,4118401999.0619516,9664092853.003363,0.0,6751330284.871739,572699926.6059941,4118401999.0619516,9664092853.003363,1826236868.5754993,9087919916.545197,21.084280206086493,1.7885313289476175,12.861693634527702,30.180784090350834,5.703304124523852,28.381406615563513,6751330284.871739,572699926.6059941,1826236868.5754993,11,7,4,Universal P&C Insurance Co.;First Protective Insurance Co.;Cypress P&C Insurance Co.;Tower Hill Insurance Exchange;Kin Interinsurance Network;Homeowners Choice P&C Ins Co.;Edison Insurance Co.;FL Farm Bureau General Ins Co.;AIG Property Casualty Co.;ASI Preferred Insurance Corp.;Castle Key Indemnity Co.,Universal P&C Insurance Co.;First Protective Insurance Co.;Cypress P&C Insurance Co.;Tower Hill Insurance Exchange;Kin Interinsurance Network;Homeowners Choice P&C Ins Co.;Edison Insurance Co.,154829758.90486094,4,24.95048899234104,101912783.71835065,0.0,0,1.0,5.960464477539063e-08,334201018.1669324,0.0,487412086.97195673,0.0,539937478.65,359958319.1,0.0,1826236868.5754993,1826236868.5754993,1395853723.0,1395853723.0,0.0,False,4781386.802324611,4781386.802324611,0.0,1.0,4781386.802324611,0.0,1459309491.17808,0.0,10,9464500000.0,9464500000.0,100
