scenario,policy_scenario,policy_severity,events,wind_shares,total_damage_usd,wind_total_usd,water_total_usd,underinsured_wind_usd,uninsured_wind_usd,nfip_policyholder_shortfall_usd,wind_insured_private_usd,wind_insured_citizens_usd,wind_underinsured_usd,wind_uninsured_usd,flood_insured_capped_usd,flood_un_derinsured_usd,wind_insured_private_pct,wind_insured_citizens_pct,wind_underinsured_pct,wind_uninsured_pct,flood_insured_capped_pct,flood_un_derinsured_pct,insured_private_wind_pre_usd,insured_citizens_wind_pre_usd,insured_flood_pre_usd,defaults_pre,defaults_post,rescued_defaults,default_companies_pre,default_companies_post,group_contrib_total_usd,group_supported_companies,defaulted_premium_base_pct,largest_entity_deficit_usd,diag_group_shortfall_total_usd,diag_groups_with_shortfall,diag_groups_fully_funded_share,figa_residual_deficit_usd,figa_collected_usd,citizens_residual_deficit_usd,citizens_tier1_usd,citizens_tier2_usd,citizens_tier1_capacity_usd,citizens_tier2_capacity_usd,nfip_borrowed_usd,nfip_claims_paid_usd,nfip_pool_used_usd,nfip_fl_premium_base_usd,nfip_fl_premium_depletion_usd,underinsured_flood_usd,fhcf_cap_binding,fhcf_total_precap_usd,fhcf_total_postcap_usd,fhcf_shortfall_usd,fhcf_scaling_factor,fhcf_recovery_private_usd,fhcf_recovery_citizens_usd,catbond_payout_usd,catbond_unfilled_usd,catbond_triggers,catbond_limit_in_force_usd,catbond_issue_volume_year_usd,iter
double_irma,baseline,,COMPOSITE,"{""double_irma"": 0.47220584664398285}",62383714581.57704,29457954760.79017,32925759820.786873,3626311789.305275,14333305980.825506,0.0,10739129275.649437,759207715.0099511,3626311789.305275,14333305980.825506,5459810998.032866,27465948822.754005,17.21463581910668,1.216996647445803,5.812914177406463,22.976038020439347,8.751981241664053,44.02743409393765,10739129275.649437,759207715.0099511,5459810998.032866,11,7,4,Universal P&C Insurance Co.;First Protective Insurance Co.;Tower Hill Insurance Exchange;Kin Interinsurance Network;TypTap Insurance Co.;Homeowners Choice P&C Ins Co.;GeoVera Specialty Insurance Co;FL Farm Bureau General Ins Co.;AIG Property Casualty Co.;ASI Preferred Insurance Corp.;Castle Key Indemnity Co.,Universal P&C Insurance Co.;First Protective Insurance Co.;Tower Hill Insurance Exchange;Kin Interinsurance Network;TypTap Insurance Co.;Homeowners Choice P&C Ins Co.;GeoVera Specialty Insurance Co,118244747.25313228,4,23.145936299594748,181290400.00463772,0.0,0,1.0,41261237.863278866,444236460.0,0.0,539937478.65,110826228.32646906,539937478.65,359958319.1,2018810998.0328655,5459810998.032866,3441000000.0,1395853723.0,1395853723.0,0.0,False,3867335293.4024534,3867335293.4024534,0.0,1.0,3867335293.4024534,0.0,1437701842.4922485,0.0,10,9464500000.0,9464500000.0,1
double_irma,baseline,,COMPOSITE,"{""double_irma"": 0.4311531843642153}",62383714581.57703,26896937194.31527,35486777387.26176,6010808251.990517,11478262722.826975,0.0,8662628145.081762,745238074.4160194,6010808251.990517,11478262722.826975,5878274510.695814,29608502876.56595,13.886040937421166,1.1946035586603252,9.635220172935343,18.399453767404708,9.422770910842441,47.46191065273603,8662628145.081762,745238074.4160194,5878274510.695814,9,5,4,Universal P&C Insurance Co.;First Protective Insurance Co.;Kin Interinsurance Network;Homeowners Choice P&C Ins Co.;GeoVera Specialty Insurance Co;FL Farm Bureau General Ins Co.;AIG Property Casualty Co.;ASI Preferred Insurance Corp.;Castle Key Indemnity Co.,Universal P&C Insurance Co.;First Protective Insurance Co.;Kin Interinsurance Network;Homeowners Choice P&C Ins Co.;GeoVera Specialty Insurance Co,86122366.11769088,4,16.516370131259112,176894108.2661435,0.0,0,1.0,0.0,439354757.81120336,0.0,539937478.65,92586276.65583384,539937478.65,359958319.1,2437274510.695814,5878274510.695814,3441000000.0,1395853723.0,1395853723.0,0.0,False,2201066697.252734,2201066697.252734,0.0,1.0,2201066697.252734,0.0,1422664734.2825632,0.0,10,9464500000.0,9464500000.0,2
double_irma,baseline,,COMPOSITE,"{""double_irma"": 0.3946131929375212}",62383714581.57703,24617436798.339115,37766277783.237915,6795815212.426508,9083204926.5859,0.0,8050970710.641021,687445948.6856889,6795815212.426508,9083204926.5859,6250738860.53225,31515538922.70567,12.905564801071673,1.1019637950329801,10.89357255817118,14.5602181394763,10.019824729029843,50.518855977218045,8050970710.641021,687445948.6856889,6250738860.53225,8,4,4,Universal P&C Insurance Co.;First Protective Insurance Co.;Kin Interinsurance Network;Homeowners Choice P&C Ins Co.;FL Farm Bureau General Ins Co.;AIG Property Casualty Co.;ASI Preferred Insurance Corp.;Castle Key Indemnity Co.,Universal P&C Insurance Co.;First Protective Insurance Co.;Kin Interinsurance Network;Homeowners Choice P&C Ins Co.,82307118.75121571,4,16.162888892523068,174858200.6360832,0.0,0,1.0,0.0,386747411.3612071,0.0,539937478.65,40707084.01797235,539937478.65,359958319.1,2809738860.5322504,6250738860.53225,3441000000.0,1395853723.0,1395853723.0,0.0,False,1722439507.6528392,1722439507.6528392,0.0,1.0,1722439507.6528392,0.0,1417647273.9886565,0.0,10,9464500000.0,9464500000.0,3
double_irma,baseline,,COMPOSITE,"{""double_irma"": 0.5062202010269653}",62383714581.57704,31579896536.294758,30803818045.28228,6326118015.818889,12372392441.330767,0.0,12017316973.983326,864069105.1617732,6326118015.818889,12372392441.330767,5113091311.035119,25690726734.247158,19.263548274716303,1.3850876161467744,10.140656192485045,19.832728019348405,8.196195666336772,41.181784230966684,12017316973.983326,864069105.1617732,5113091311.035119,12,8,4,Universal P&C Insurance Co.;First Protective Insurance Co.;Cypress P&C Insurance Co.;Tower Hill Insurance Exchange;Kin Interinsurance Network;TypTap Insurance Co.;Homeowners Choice P&C Ins Co.;GeoVera Specialty Insurance Co;FL Farm Bureau General Ins Co.;AIG Property Casualty Co.;ASI Preferred Insurance Corp.;Castle Key Indemnity Co.,Universal P&C Insurance Co.;First Protective Insurance Co.;Cypress P&C Insurance Co.;Tower Hill Insurance Exchange;Kin Interinsurance Network;TypTap Insurance Co.;Homeowners Choice P&C Ins Co.;GeoVera Specialty Insurance Co,134807121.69656685,4,24.017115967979795,185172203.38247043,0.0,0,1.0,92913083.51279992,434615760.0,0.0,539937478.65,207839436.89964664,539937478.65,359958319.1,1672091311.035119,5113091311.035119,3441000000.0,1395853723.0,1395853723.0,0.0,False,4782516088.239703,4782516088.239703,0.0,1.0,4782516088.239703,0.0,1440313984.1045938,0.0,11,9464500000.0,9464500000.0,4
double_irma,baseline,,COMPOSITE,"{""double_irma"": 0.5670179808103079}",62383714581.57703,35372687877.49237,27011026704.08466,4817119020.907119,15515272437.756805,0.0,13890331143.028349,1149965275.800098,4817119020.907119,15515272437.756805,4493359213.836038,22517667490.248623,22.26595712710317,1.8433741618516932,7.72175727786767,24.870709514208265,7.202775987249408,36.0954259317198,13890331143.028349,1149965275.800098,4493359213.836038,12,8,4,Universal P&C Insurance Co.;First Protective Insurance Co.;Cypress P&C Insurance Co.;Tower Hill Insurance Exchange;Kin Interinsurance Network;TypTap Insurance Co.;Homeowners Choice P&C Ins Co.;GeoVera Specialty Insurance Co;FL Farm Bureau General Ins Co.;AIG Property Casualty Co.;ASI Preferred Insurance Corp.;Castle Key Indemnity Co.,Universal P&C Insurance Co.;First Protective Insurance Co.;Cypress P&C Insurance Co.;Tower Hill Insurance Exchange;Kin Interinsurance Network;TypTap Insurance Co.;Homeowners Choice P&C Ins Co.;GeoVera Specialty Insurance Co,191858237.0920493,4,24.017115967979795,190260060.9796602,0.0,0,1.0,149423037.9510362,434615760.0,108221995.62467861,539937478.65,359958319.1,539937478.65,359958319.1,1052359213.8360376,4493359213.836038,3441000000.0,1395853723.0,1395853723.0,0.0,False,6203606974.719672,6203606974.719672,0.0,1.0,6203606974.719672,0.0,1450780277.6039195,0.0,11,9464500000.0,9464500000.0,5
double_irma,baseline,,COMPOSITE,"{""double_irma"": 0.5131875416701384}",62383714581.577034,32014545126.371086,30369169455.205948,8144503688.657369,12895391580.759602,0.0,10164415575.478182,810234281.4759338,8144503688.657369,12895391580.759602,5042070878.314036,25327098576.891907,16.293379840641784,1.2987913382689298,13.055496523867753,20.671086464235376,8.082351158683721,40.59889467430243,10164415575.478182,810234281.4759338,5042070878.314036,11,7,4,Universal P&C Insurance Co.;First Protective Insurance Co.;Tower Hill Insurance Exchange;Kin Interinsurance Network;TypTap Insurance Co.;Homeowners Choice P&C Ins Co.;GeoVera Specialty Insurance Co;FL Farm Bureau General Ins Co.;AIG Property Casualty Co.;ASI Preferred Insurance Corp.;Castle Key Indemnity Co.,Universal P&C Insurance Co.;First Protective Insurance Co.;Tower Hill Insurance Exchange;Kin Interinsurance Network;TypTap Insurance Co.;Homeowners Choice P&C Ins Co.;GeoVera Specialty Insurance Co,112519337.53698874,4,23.145936299594748,180292504.91026926,0.0,0,1.0,18610757.16594863,444236460.0,0.0,539937478.65,154363688.13532197,539937478.65,359958319.1,1601070878.3140364,5042070878.314036,3441000000.0,1395853723.0,1395853723.0,0.0,False,3356849117.5741296,3356849117.5741296,0.0,1.0,3356849117.5741296,0.0,1436520181.749079,0.0,10,9464500000.0,9464500000.0,6
double_irma,baseline,,COMPOSITE,"{""double_irma"": 0.49587527115304747}",62383714581.57704,30934541383.67384,31449173197.9032,5499073054.99345,15865984052.204475,0.0,8852459467.499565,717024808.9763489,5499073054.99345,15865984052.204475,5218540640.089352,26230632557.813847,14.190337216812424,1.149378189140565,8.814917630149294,25.432894079202473,8.365229090783373,42.04724379391187,8852459467.499565,717024808.9763489,5218540640.089352,10,6,4,Universal P&C Insurance Co.;First Protective Insurance Co.;Kin Interinsurance Network;TypTap Insurance Co.;Homeowners Choice P&C Ins Co.;GeoVera Specialty Insurance Co;FL Farm Bureau General Ins Co.;AIG Property Casualty Co.;ASI Preferred Insurance Corp.;Castle Key Indemnity Co.,Universal P&C Insurance Co.;First Protective Insurance Co.;Kin Interinsurance Network;TypTap Insurance Co.;Homeowners Choice P&C Ins Co.;GeoVera Specialty Insurance Co,94104133.32956226,4,18.33203363146337,176901485.18140078,0.0,0,1.0,5.960464477539063e-08,417062263.5652576,0.0,539937478.65,68791304.7392646,539937478.65,359958319.1,1777540640.0893517,5218540640.089352,3441000000.0,1395853723.0,1395853723.0,0.0,False,2352626247.316348,2352626247.316348,0.0,1.0,2352626247.316348,0.0,1435016601.7609568,0.0,10,9464500000.0,9464500000.0,7
double_irma,baseline,,COMPOSITE,"{""double_irma"": 0.4271454410565959}",62383714581.57703,26646919279.69652,35736795301.88051,4629432038.171936,11290819778.074669,0.0,9963526624.184282,763140839.2656356,4629432038.171936,11290819778.074669,5919126778.227908,29817668523.652607,15.971358376159731,1.223301376624027,7.420898337366859,18.09898601550899,9.48825637897479,47.79719951536563,9963526624.184282,763140839.2656356,5919126778.227908,10,6,4,Universal P&C Insurance Co.;First Protective Insurance Co.;Kin Interinsurance Network;TypTap Insurance Co.;Homeowners Choice P&C Ins Co.;GeoVera Specialty Insurance Co;FL Farm Bureau General Ins Co.;AIG Property Casualty Co.;ASI Preferred Insurance Corp.;Castle Key Indemnity Co.,Universal P&C Insurance Co.;First Protective Insurance Co.;Kin Interinsurance Network;TypTap Insurance Co.;Homeowners Choice P&C Ins Co.;GeoVera Specialty Insurance Co,97358518.49067058,4,18.33203363146337,179913703.8783881,0.0,0,1.0,0.0,450256600.88783985,0.0,539937478.65,112257419.83414066,539937478.65,359958319.1,2478126778.227908,5919126778.227908,3441000000.0,1395853723.0,1395853723.0,0.0,False,3229110464.6066933,3229110464.6066933,0.0,1.0,3229110464.6066933,0.0,1436397288.510618,0.0,10,9464500000.0,9464500000.0,8
double_irma,baseline,,COMPOSITE,"{""double_irma"": 0.5482243417396765}",62383714581.57704,34200270861.760937,28183443719.8161,6161643118.800123,11137313483.367538,0.0,15666612237.953651,1234702021.6396246,6161643118.800123,11137313483.367538,4684929060.576329,23498514659.23977,25.11330455878346,1.9792056787914531,9.877005818149469,17.852918118243274,7.509859090628545,37.66770673540378,15666612237.953651,1234702021.6396246,4684929060.576329,14,9,5,Universal P&C Insurance Co.;First Protective Insurance Co.;Cypress P&C Insurance Co.;Tower Hill Insurance Exchange;Kin Interinsurance Network;TypTap Insurance Co.;Homeowners Choice P&C Ins Co.;Safe Harbor Insurance Co.;GeoVera Specialty Insurance Co;FL Farm Bureau General Ins Co.;State Farm FL Ins Co;AIG Property Casualty Co.;ASI Preferred Insurance Corp.;Castle Key Indemnity Co.,Universal P&C Insurance Co.;First Protective Insurance Co.;Cypress P&C Insurance Co.;Tower Hill Insurance Exchange;Kin Interinsurance Network;TypTap Insurance Co.;Homeowners Choice P&C Ins Co.;Safe Harbor Insurance Co.;GeoVera Specialty Insurance Co,287122576.198504,5,24.62976426126469,195374076.39477497,0.0,0,1.0,237978530.55150092,427850100.0,194964464.79631472,539937478.65,359958319.1,539937478.65,359958319.1,1243929060.5763292,4684929060.576329,3441000000.0,1395853723.0,1395853723.0,0.0,False,7277399255.140396,7277399255.140396,0.0,1.0,7277399255.140396,0.0,1449263381.8039827,0.0,11,9464500000.0,9464500000.0,9
double_irma,baseline,,COMPOSITE,"{""double_irma"": 0.5196297385913513}",62383714581.57704,32416433300.38235,29967281281.194687,5941995104.281982,15407406029.496483,0.0,10216708535.53358,850323631.0702974,5941995104.281982,15407406029.496483,4976403411.133818,24990877870.060867,16.377204538170844,1.3630538623319044,9.524913904432285,24.69780155420009,7.977087360879009,40.05993877998585,10216708535.53358,850323631.0702974,4976403411.133818,11,7,4,Universal P&C Insurance Co.;First Protective Insurance Co.;Tower Hill Insurance Exchange;Kin Interinsurance Network;TypTap Insurance Co.;Homeowners Choice P&C Ins Co.;GeoVera Specialty Insurance Co;FL Farm Bureau General Ins Co.;AIG Property Casualty Co.;ASI Preferred Insurance Corp.;Castle Key Indemnity Co.,Universal P&C Insurance Co.;First Protective Insurance Co.;Tower Hill Insurance Exchange;Kin Interinsurance Network;TypTap Insurance Co.;Homeowners Choice P&C Ins Co.;GeoVera Specialty Insurance Co,100052188.02769284,4,23.145936299594748,180550173.3368894,0.0,0,1.0,24376927.650590062,444236460.0,0.0,539937478.65,188530545.53326023,539937478.65,359958319.1,1535403411.1338177,4976403411.133818,3441000000.0,1395853723.0,1395853723.0,0.0,False,3460876146.8333926,3460876146.8333926,0.0,1.0,3460876146.8333926,0.0,1436501569.223012,0.0,10,9464500000.0,9464500000.0,10
double_irma,baseline,,COMPOSITE,"{""double_irma"": 0.49968572761932023}",62383714581.57704,31172251812.291325,31211462769.285713,5394506149.028919,11831075307.8259,0.0,12962711511.472986,983958843.9635203,5394506149.028919,11831075307.8259,5179699383.294379,26031763385.991333,20.778999132092547,1.5772687640727632,8.64729871443405,18.965006151332666,8.302967237580994,41.72846000048697,12962711511.472986,983958843.9635203,5179699383.294379,12,8,4,Universal P&C Insurance Co.;First Protective Insurance Co.;Cypress P&C Insurance Co.;Tower Hill Insurance Exchange;Kin Interinsurance Network;TypTap Insurance Co.;Homeowners Choice P&C Ins Co.;GeoVera Specialty Insurance Co;FL Farm Bureau General Ins Co.;AIG Property Casualty Co.;ASI Preferred Insurance Corp.;Castle Key Indemnity Co.,Universal P&C Insurance Co.;First Protective Insurance Co.;Cypress P&C Insurance Co.;Tower Hill Insurance Exchange;Kin Interinsurance Network;TypTap Insurance Co.;Homeowners Choice P&C Ins Co.;GeoVera Specialty Insurance Co,169361975.06212696,4,24.017115967979795,187332654.46988654,0.0,0,1.0,123028362.44368684,434615760.0,0.0,539937478.65,316937190.33152556,539937478.65,359958319.1,1738699383.2943792,5179699383.294379,3441000000.0,1395853723.0,1395853723.0,0.0,False,5507262851.92798,5507262851.92798,0.0,1.0,5507262851.92798,0.0,1444486405.6987028,0.0,11,9464500000.0,9464500000.0,11
double_irma,baseline,,COMPOSITE,"{""double_irma"": 0.6180858824617806}",62383714581.57703,38558493278.397896,23825221303.179134,7695129477.712948,13258980260.222992,0.0,16301531117.136831,1302852423.3251257,7695129477.712948,13258980260.222992,3972807017.6406317,19852414285.538506,26.131068382950946,2.088449577046956,12.335157547648583,21.253912738531593,6.368339949435889,31.82307180438605,16301531117.136831,1302852423.3251257,3972807017.6406317,15,10,5,Universal P&C Insurance Co.;Florida Family Insurance Co.;First Protective Insurance Co.;Cypress P&C Insurance Co.;Tower Hill Insurance Exchange;Kin Interinsurance Network;TypTap Insurance Co.;Homeowners Choice P&C Ins Co.;Edison Insurance Co.;GeoVera Specialty Insurance Co;FL Farm Bureau General Ins Co.;State Farm FL Ins Co;AIG Property Casualty Co.;ASI Preferred Insurance Corp.;Castle Key Indemnity Co.,Universal P&C Insurance Co.;Florida Family Insurance Co.;First Protective Insurance Co.;Cypress P&C Insurance Co.;Tower Hill Insurance Exchange;Kin Interinsurance Network;TypTap Insurance Co.;Homeowners Choice P&C Ins Co.;Edison Insurance Co.;GeoVera Specialty Insurance Co,277273307.41497,5,27.56350641435879,198080555.1845857,0.0,0,1.0,390416059.8104731,395451900.0,261327919.7637329,539937478.65,359958319.1,539937478.65,359958319.1,531807017.6406317,3972807017.6406317,3441000000.0,1395853723.0,1395853723.0,0.0,False,7577396897.545451,7577396897.545451,0.0,1.0,7577396897.545451,0.0,1501554051.1816564,0.0,11,9464500000.0,9464500000.0,12
double_irma,baseline,,COMPOSITE,"{""double_irma"": 0.4868308872965779}",62383714581.577034,30370319122.60562,32013395458.971413,5146649081.616792,11220218755.634544,0.0,13015384531.47931,988066753.8749733,5146649081.616792,11220218755.634544,5310733068.747396,26702662390.224014,20.863433059055083,1.5838536715907043,8.249988183833933,17.98581381517808,8.513011936477001,42.80389933386519,13015384531.47931,988066753.8749733,5310733068.747396,12,8,4,Universal P&C Insurance Co.;First Protective Insurance Co.;Cypress P&C Insurance Co.;Tower Hill Insurance Exchange;Kin Interinsurance Network;TypTap Insurance Co.;Homeowners Choice P&C Ins Co.;GeoVera Specialty Insurance Co;FL Farm Bureau General Ins Co.;AIG Property Casualty Co.;ASI Preferred Insurance Corp.;Castle Key Indemnity Co.,Universal P&C Insurance Co.;First Protective Insurance Co.;Cypress P&C Insurance Co.;Tower Hill Insurance Exchange;Kin Interinsurance Network;TypTap Insurance Co.;Homeowners Choice P&C Ins Co.;GeoVera Specialty Insurance Co,187877615.41080078,4,24.017115967979795,187630268.2634971,0.0,0,1.0,115280778.49174237,434615760.0,0.0,539937478.65,321129448.13676417,539937478.65,359958319.1,1869733068.7473965,5310733068.747396,3441000000.0,1395853723.0,1395853723.0,0.0,False,5523181773.052646,5523181773.052646,0.0,1.0,5523181773.052646,0.0,1445498726.9884157,0.0,11,9464500000.0,9464500000.0,13
double_irma,baseline,,COMPOSITE,"{""double_irma"": 0.582120947021323}",62383714581.57703,36314867010.93555,26068847570.641483,5506310286.958511,14726546509.06075,0.0,15007954172.279434,1074056042.6368546,5506310286.958511,14726546509.06075,4339409629.538163,21729437941.103325,24.057487235156625,1.7216929928600977,8.826518786017623,23.60639568809798,6.955997504546907,34.83190779332079,15007954172.279434,1074056042.6368546,4339409629.538163,12,8,4,Universal P&C Insurance Co.;First Protective Insurance Co.;Cypress P&C Insurance Co.;Tower Hill Insurance Exchange;Kin Interinsurance Network;TypTap Insurance Co.;Homeowners Choice P&C Ins Co.;GeoVera Specialty Insurance Co;FL Farm Bureau General Ins Co.;AIG Property Casualty Co.;ASI Preferred Insurance Corp.;Castle Key Indemnity Co.,Universal P&C Insurance Co.;First Protective Insurance Co.;Cypress P&C Insurance Co.;Tower Hill Insurance Exchange;Kin Interinsurance Network;TypTap Insurance Co.;Homeowners Choice P&C Ins Co.;GeoVera Specialty Insurance Co,217238236.0395831,4,24.017115967979795,192391556.8741144,0.0,0,1.0,158653487.06729567,434615760.0,44513247.58330691,539937478.65,359958319.1,539937478.65,359958319.1,898409629.5381632,4339409629.538163,3441000000.0,1395853723.0,1395853723.0,0.0,False,7051943103.272237,7051943103.272237,0.0,1.0,7051943103.272237,0.0,1452678257.9215808,0.0,11,9464500000.0,9464500000.0,14
double_irma,baseline,,COMPOSITE,"{""double_irma"": 0.4872473210059158}",62383714581.577034,30396297804.271103,31987416777.30593,4601347243.09003,14352487230.761402,0.0,10605262526.422201,837200803.9974657,4601347243.09003,14352487230.761402,5306488220.712618,26680928556.593315,17.000049768684526,1.3420182007640586,7.375878903576679,23.006785227566322,8.506207519549843,42.76906037985857,10605262526.422201,837200803.9974657,5306488220.712618,11,7,4,Universal P&C Insurance Co.;First Protective Insurance Co.;Tower Hill Insurance Exchange;Kin Interinsurance Network;TypTap Insurance Co.;Homeowners Choice P&C Ins Co.;GeoVera Specialty Insurance Co;FL Farm Bureau General Ins Co.;AIG Property Casualty Co.;ASI Preferred Insurance Corp.;Castle Key Indemnity Co.,Universal P&C Insurance Co.;First Protective Insurance Co.;Tower Hill Insurance Exchange;Kin Interinsurance Network;TypTap Insurance Co.;Homeowners Choice P&C Ins Co.;GeoVera Specialty Insurance Co,117404972.67168912,4,23.145936299594748,181272507.09427613,0.0,0,1.0,30838001.703645587,444236460.0,0.0,539937478.65,177881271.46733963,539937478.65,359958319.1,1865488220.7126179,5306488220.712618,3441000000.0,1395853723.0,1395853723.0,0.0,False,3798526518.3294134,3798526518.3294134,0.0,1.0,3798526518.3294134,0.0,1437306642.5145986,0.0,10,9464500000.0,9464500000.0,15
double_irma,baseline,,COMPOSITE,"{""double_irma"": 0.638567189974635}",62383714581.57703,39836193320.537315,22547521261.039715,9427298354.002748,15062245930.356329,0.0,14222050833.48605,1124598202.6921902,9427298354.002748,15062245930.356329,3764034202.1932125,18783487058.8465,22.797697971140156,1.8027111887054945,15.111793866771105,24.144515970846765,6.033680789032072,30.10960021350441,14222050833.48605,1124598202.6921902,3764034202.1932125,12,8,4,Universal P&C Insurance Co.;First Protective Insurance Co.;Cypress P&C Insurance Co.;Tower Hill Insurance Exchange;Kin Interinsurance Network;TypTap Insurance Co.;Homeowners Choice P&C Ins Co.;GeoVera Specialty Insurance Co;FL Farm Bureau General Ins Co.;AIG Property Casualty Co.;ASI Preferred Insurance Corp.;Castle Key Indemnity Co.,Universal P&C Insurance Co.;First Protective Insurance Co.;Cypress P&C Insurance Co.;Tower Hill Insurance Exchange;Kin Interinsurance Network;TypTap Insurance Co.;Homeowners Choice P&C Ins Co.;GeoVera Specialty Insurance Co,224227353.01221874,4,24.017115967979795,191130115.98846996,0.0,0,1.0,162059372.77414036,434615760.0,88350346.29446661,539937478.65,359958319.1,539937478.65,359958319.1,323034202.1932125,3764034202.1932125,3441000000.0,1395853723.0,1395853723.0,0.0,False,6356597451.394537,6356597451.394537,0.0,1.0,6356597451.394537,0.0,1451348106.7773824,0.0,11,9464500000.0,9464500000.0,16
double_irma,baseline,,COMPOSITE,"{""double_irma"": 0.4286901338412865}",62383714581.577034,26743282953.49288,35640431628.08415,5816287579.042177,12037722326.797962,0.0,8244123230.20049,645149817.452251,5816287579.042177,12037722326.797962,5903381208.202229,29737050419.881927,13.215184901213176,1.0341638387188548,9.323406946914677,19.296257697281952,9.463016506467534,47.66797010940381,8244123230.20049,645149817.452251,5903381208.202229,9,5,4,Universal P&C Insurance Co.;First Protective Insurance Co.;Kin Interinsurance Network;TypTap Insurance Co.;Homeowners Choice P&C Ins Co.;FL Farm Bureau General Ins Co.;AIG Property Casualty Co.;ASI Preferred Insurance Corp.;Castle Key Indemnity Co.,Universal P&C Insurance Co.;First Protective Insurance Co.;Kin Interinsurance Network;TypTap Insurance Co.;Homeowners Choice P&C Ins Co.,78197446.60908502,4,17.978552392727327,175134916.21105325,0.0,0,1.0,0.0,403550814.64389956,0.0,539937478.65,5247604.297495484,539937478.65,359958319.1,2462381208.2022285,5903381208.202229,3441000000.0,1395853723.0,1395853723.0,0.0,False,1854659246.0275273,1854659246.0275273,0.0,1.0,1854659246.0275273,0.0,1421437526.4655452,0.0,10,9464500000.0,9464500000.0,17
double_irma,baseline,,COMPOSITE,"{""double_irma"": 0.5307105816966761}",62383714581.57704,33107697453.988167,29276017127.588875,7996828962.288987,12560164615.841877,0.0,11476394394.432758,1074309481.4245384,7996828962.288987,12560164615.841877,4863452672.457695,24412564455.13118,18.39645886976716,1.7220992507903659,12.81877652833867,20.133723520771404,7.796029308414979,39.13291252191741,11476394394.432758,1074309481.4245384,4863452672.457695,12,8,4,Universal P&C Insurance Co.;First Protective Insurance Co.;Cypress P&C Insurance Co.;Tower Hill Insurance Exchange;Kin Interinsurance Network;TypTap Insurance Co.;Homeowners Choice P&C Ins Co.;GeoVera Specialty Insurance Co;FL Farm Bureau General Ins Co.;AIG Property Casualty Co.;ASI Preferred Insurance Corp.;Castle Key Indemnity Co.,Universal P&C Insurance Co.;First Protective Insurance Co.;Cypress P&C Insurance Co.;Tower Hill Insurance Exchange;Kin Interinsurance Network;TypTap Insurance Co.;Homeowners Choice P&C Ins Co.;GeoVera Specialty Insurance Co,172940145.17488766,4,24.017115967979795,185653929.96501487,0.0,0,1.0,97426485.24050486,434615760.0,32102419.15801072,539937478.65,359958319.1,539937478.65,359958319.1,1422452672.457695,4863452672.457695,3441000000.0,1395853723.0,1395853723.0,0.0,False,4322280505.922655,4322280505.922655,0.0,1.0,4322280505.922655,0.0,1437619569.8113887,0.0,10,9464500000.0,9464500000.0,18
double_irma,baseline,,COMPOSITE,"{""double_irma"": 0.48084763156391186}",62383714581.577034,29997061404.710396,32386653176.86664,5634938486.237579,11839548981.860878,0.0,11576107438.151756,946466498.4601833,5634938486.237579,11839548981.860878,5371722394.94479,27014930781.921852,18.55629712946009,1.5171691920052655,9.032707532779192,18.97858930214665,8.610776756360625,43.30446008724819,11576107438.151756,946466498.4601833,5371722394.94479,12,8,4,Universal P&C Insurance Co.;First Protective Insurance Co.;Cypress P&C Insurance Co.;Tower Hill Insurance Exchange;Kin Interinsurance Network;TypTap Insurance Co.;Homeowners Choice P&C Ins Co.;GeoVera Specialty Insurance Co;FL Farm Bureau General Ins Co.;AIG Property Casualty Co.;ASI Preferred Insurance Corp.;Castle Key Indemnity Co.,Universal P&C Insurance Co.;First Protective Insurance Co.;Cypress P&C Insurance Co.;Tower Hill Insurance Exchange;Kin Interinsurance Network;TypTap Insurance Co.;Homeowners Choice P&C Ins Co.;GeoVera Specialty Insurance Co,142622182.1495592,4,24.017115967979795,184877299.33777475,0.0,0,1.0,94704622.08844227,434615760.0,0.0,539937478.65,279493853.02337754,539937478.65,359958319.1,1930722394.94479,5371722394.94479,3441000000.0,1395853723.0,1395853723.0,0.0,False,4401606259.583228,4401606259.583228,0.0,1.0,4401606259.583228,0.0,1438007835.0578964,0.0,10,9464500000.0,9464500000.0,19
double_irma,baseline,,COMPOSITE,"{""double_irma"": 0.43828666003624756}",62383714581.57703,27341949904.613956,35041764676.96307,4013712024.7356386,10693600211.158272,0.0,11661956986.18641,972680682.5336372,4013712024.7356386,10693600211.158272,5805560608.0779705,29236204068.88511,18.693912448795388,1.5591900691673246,6.433909958162312,17.141653527499745,9.306211800655506,46.86512219571974,11661956986.18641,972680682.5336372,5805560608.0779705,12,8,4,Universal P&C Insurance Co.;First Protective Insurance Co.;Cypress P&C Insurance Co.;Tower Hill Insurance Exchange;Kin Interinsurance Network;TypTap Insurance Co.;Homeowners Choice P&C Ins Co.;GeoVera Specialty Insurance Co;FL Farm Bureau General Ins Co.;AIG Property Casualty Co.;ASI Preferred Insurance Corp.;Castle Key Indemnity Co.,Universal P&C Insurance Co.;First Protective Insurance Co.;Cypress P&C Insurance Co.;Tower Hill Insurance Exchange;Kin Interinsurance Network;TypTap Insurance Co.;Homeowners Choice P&C Ins Co.;GeoVera Specialty Insurance Co,161873273.90428692,4,24.017115967979795,185048276.76556724,0.0,0,1.0,94566815.5570445,434615760.0,0.0,539937478.65,302509874.0878471,539937478.65,359958319.1,2364560608.0779705,5805560608.0779705,3441000000.0,1395853723.0,1395853723.0,0.0,False,4493695978.723133,4493695978.723133,0.0,1.0,4493695978.723133,0.0,1441620735.8863595,0.0,11,9464500000.0,9464500000.0,20
double_irma,baseline,,COMPOSITE,"{""double_irma"": 0.569917816672079}",62383714581.57703,35553590410.226524,26830124171.350506,5774163753.565969,16003401940.143183,0.0,12767832809.108238,1008191907.4091401,5774163753.565969,16003401940.143183,4463800217.330692,22366323954.019814,20.466611991198736,1.6161139396256412,9.25588319370642,25.653172542677122,7.155393434441187,35.8528248983509,12767832809.108238,1008191907.4091401,4463800217.330692,12,8,4,Universal P&C Insurance Co.;First Protective Insurance Co.;Cypress P&C Insurance Co.;Tower Hill Insurance Exchange;Kin Interinsurance Network;TypTap Insurance Co.;Homeowners Choice P&C Ins Co.;GeoVera Specialty Insurance Co;FL Farm Bureau General Ins Co.;AIG Property Casualty Co.;ASI Preferred Insurance Corp.;Castle Key Indemnity Co.,Universal P&C Insurance Co.;First Protective Insurance Co.;Cypress P&C Insurance Co.;Tower Hill Insurance Exchange;Kin Interinsurance Network;TypTap Insurance Co.;Homeowners Choice P&C Ins Co.;GeoVera Specialty Insurance Co,181253492.81706467,4,24.017115967979795,188176501.69019806,0.0,0,1.0,126746644.59578776,434615760.0,0.0,539937478.65,337362159.74358046,539937478.65,359958319.1,1022800217.3306923,4463800217.330692,3441000000.0,1395853723.0,1395853723.0,0.0,False,5380347971.504049,5380347971.504049,0.0,1.0,5380347971.504049,0.0,1441529410.6146042,0.0,11,9464500000.0,9464500000.0,21
double_irma,baseline,,COMPOSITE,"{""double_irma"": 0.4671793332451178}",62383714581.57704,29144382183.574894,33239332398.002144,4012663619.103257,8251562414.367174,0.0,15742341220.083658,1137814930.020804,4012663619.103257,8251562414.367174,5511047929.732984,27728284468.269157,25.234696788531146,1.8238973707359514,6.4322293823270735,13.227109782917607,8.834113144266803,44.44795353122141,15742341220.083658,1137814930.020804,5511047929.732984,13,9,4,Universal P&C Insurance Co.;First Protective Insurance Co.;Cypress P&C Insurance Co.;Tower Hill Insurance Exchange;Kin Interinsurance Network;TypTap Insurance Co.;Homeowners Choice P&C Ins Co.;Edison Insurance Co.;GeoVera Specialty Insurance Co;FL Farm Bureau General Ins Co.;AIG Property Casualty Co.;ASI Preferred Insurance Corp.;Castle Key Indemnity Co.,Universal P&C Insurance Co.;First Protective Insurance Co.;Cypress P&C Insurance Co.;Tower Hill Insurance Exchange;Kin Interinsurance Network;TypTap Insurance Co.;Homeowners Choice P&C Ins Co.;Edison Insurance Co.;GeoVera Specialty Insurance Co,311148283.0346959,4,27.119633731281347,195583711.96642745,0.0,0,1.0,368550607.88457334,400353720.0,110035012.01458263,539937478.65,359958319.1,539937478.65,359958319.1,2070047929.7329836,5511047929.732984,3441000000.0,1395853723.0,1395853723.0,0.0,False,7182171199.0577965,7182171199.0577965,0.0,1.0,7182171199.0577965,0.0,1452118356.736722,0.0,11,9464500000.0,9464500000.0,22
double_irma,baseline,,COMPOSITE,"{""double_irma"": 0.36177356316298676}",62383714581.57704,22568778707.5199,39814935874.05714,3741235047.912446,9628628057.85764,0.0,8615785466.328606,583130135.4212106,3741235047.912446,9628628057.85764,6585484186.824408,33229451687.23273,13.810952945198604,0.934747376510694,5.99713414471362,15.43452184987576,10.556415614227005,53.26622806947432,8615785466.328606,583130135.4212106,6585484186.824408,10,6,4,Universal P&C Insurance Co.;First Protective Insurance Co.;Kin Interinsurance Network;TypTap Insurance Co.;Homeowners Choice P&C Ins Co.;GeoVera Specialty Insurance Co;FL Farm Bureau General Ins Co.;AIG Property Casualty Co.;ASI Preferred Insurance Corp.;Castle Key Indemnity Co.,Universal P&C Insurance Co.;First Protective Insurance Co.;Kin Interinsurance Network;TypTap Insurance Co.;Homeowners Choice P&C Ins Co.;GeoVera Specialty Insurance Co,90724117.227823,4,18.33203363146337,175312360.49935138,0.0,0,1.0,0.0,410582911.24231374,0.0,493147302.5909537,0.0,539937478.65,359958319.1,3144484186.8244076,6585484186.824408,3441000000.0,1395853723.0,1395853723.0,0.0,False,2135214364.3356256,2135214364.3356256,0.0,1.0,2135214364.3356256,0.0,1435297102.7502742,0.0,10,9464500000.0,9464500000.0,23
double_irma,baseline,,COMPOSITE,"{""double_irma"": 0.501166483839993}",62383714581.577034,31264626885.72666,31119087695.850372,4216246153.4168425,12612423473.735931,0.0,13278088910.238459,1157868348.3354306,4216246153.4168425,12612423473.735931,5164605540.04306,25954482155.807312,21.284543569259824,1.856042648472505,6.758568613132844,20.217493553134126,8.278772071658997,41.6045795443417,13278088910.238459,1157868348.3354306,5164605540.04306,12,8,4,Universal P&C Insurance Co.;First Protective Insurance Co.;Cypress P&C Insurance Co.;Tower Hill Insurance Exchange;Kin Interinsurance Network;TypTap Insurance Co.;Homeowners Choice P&C Ins Co.;GeoVera Specialty Insurance Co;FL Farm Bureau General Ins Co.;AIG Property Casualty Co.;ASI Preferred Insurance Corp.;Castle Key Indemnity Co.,Universal P&C Insurance Co.;First Protective Insurance Co.;Cypress P&C Insurance Co.;Tower Hill Insurance Exchange;Kin Interinsurance Network;TypTap Insurance Co.;Homeowners Choice P&C Ins Co.;GeoVera Specialty Insurance Co,157587682.85039717,4,24.017115967979795,188777736.50099248,0.0,0,1.0,130120991.96111643,434615760.0,111597704.14224052,539937478.65,359958319.1,539937478.65,359958319.1,1723605540.0430603,5164605540.04306,3441000000.0,1395853723.0,1395853723.0,0.0,False,5813734722.713218,5813734722.713218,0.0,1.0,5813734722.713218,0.0,1444789199.8768847,0.0,11,9464500000.0,9464500000.0,24
double_irma,baseline,,COMPOSITE,"{""double_irma"": 0.5250844370689255}",62383714581.577034,32756717653.335903,29626996928.24113,4342875941.787754,12310002398.992035,0.0,15027088955.581455,1076750356.9746578,4342875941.787754,12310002398.992035,4920801845.761824,24706195082.47931,24.088159957084713,1.726011931473924,6.961553942269219,19.732717876064704,7.887959027074383,39.603597266033056,15027088955.581455,1076750356.9746578,4920801845.761824,14,10,4,Universal P&C Insurance Co.;First Protective Insurance Co.;Cypress P&C Insurance Co.;Tower Hill Insurance Exchange;Kin Interinsurance Network;TypTap Insurance Co.;Homeowners Choice P&C Ins Co.;Edison Insurance Co.;Safe Harbor Insurance Co.;GeoVera Specialty Insurance Co;FL Farm Bureau General Ins Co.;AIG Property Casualty Co.;ASI Preferred Insurance Corp.;Castle Key Indemnity Co.,Universal P&C Insurance Co.;First Protective Insurance Co.;Cypress P&C Insurance Co.;Tower Hill Insurance Exchange;Kin Interinsurance Network;TypTap Insurance Co.;Homeowners Choice P&C Ins Co.;Edison Insurance Co.;Safe Harbor Insurance Co.;GeoVera Specialty Insurance Co,265101255.30792332,4,27.73228202456624,192947983.84482628,0.0,0,1.0,232846011.6100031,393588060.0,49931401.54380107,539937478.65,359958319.1,539937478.65,359958319.1,1479801845.7618237,4920801845.761824,3441000000.0,1395853723.0,1395853723.0,0.0,False,6856843645.670053,6856843645.670053,0.0,1.0,6856843645.670053,0.0,1463290222.0714123,0.0,11,9464500000.0,9464500000.0,25
double_irma,baseline,,COMPOSITE,"{""double_irma"": 0.4348700375201555}",62383714581.577034,27128808300.737083,35254906280.83995,3507155778.064348,10920031200.00495,0.0,11810076769.21621,891544553.4515779,3507155778.064348,10920031200.00495,5840387383.739528,29414518897.10042,18.931345862344536,1.4291302777197339,5.621909181887784,17.50461843006351,9.362038511032,47.150957736952435,11810076769.21621,891544553.4515779,5840387383.739528,11,7,4,Universal P&C Insurance Co.;First Protective Insurance Co.;Tower Hill Insurance Exchange;Kin Interinsurance Network;TypTap Insurance Co.;Homeowners Choice P&C Ins Co.;GeoVera Specialty Insurance Co;FL Farm Bureau General Ins Co.;AIG Property Casualty Co.;ASI Preferred Insurance Corp.;Castle Key Indemnity Co.,Universal P&C Insurance Co.;First Protective Insurance Co.;Tower Hill Insurance Exchange;Kin Interinsurance Network;TypTap Insurance Co.;Homeowners Choice P&C Ins Co.;GeoVera Specialty Insurance Co,134442797.10753918,4,23.145936299594748,184189539.24364108,0.0,0,1.0,81251875.35536379,444236460.0,0.0,539937478.65,230670624.9825778,539937478.65,359958319.1,2399387383.7395277,5840387383.739528,3441000000.0,1395853723.0,1395853723.0,0.0,False,4666131900.606505,4666131900.606505,0.0,1.0,4666131900.606505,0.0,1438215238.847954,0.0,10,9464500000.0,9464500000.0,26
double_irma,baseline,,COMPOSITE,"{""double_irma"": 0.5172083149798645}",62383714581.577034,32265375900.922264,30118338680.65477,7112555963.38272,12935006231.250668,0.0,11306234048.828247,911579657.4606329,7112555963.38272,12935006231.250668,5001085791.613857,25117252889.04091,18.123694821095455,1.461246197945766,11.401302424981244,20.734588053963996,8.016652783755141,40.2625157182584,11306234048.828247,911579657.4606329,5001085791.613857,12,8,4,Universal P&C Insurance Co.;First Protective Insurance Co.;Cypress P&C Insurance Co.;Tower Hill Insurance Exchange;Kin Interinsurance Network;TypTap Insurance Co.;Homeowners Choice P&C Ins Co.;GeoVera Specialty Insurance Co;FL Farm Bureau General Ins Co.;AIG Property Casualty Co.;ASI Preferred Insurance Corp.;Castle Key Indemnity Co.,Universal P&C Insurance Co.;First Protective Insurance Co.;Cypress P&C Insurance Co.;Tower Hill Insurance Exchange;Kin Interinsurance Network;TypTap Insurance Co.;Homeowners Choice P&C Ins Co.;GeoVera Specialty Insurance Co,147012631.06595632,4,24.017115967979795,183389826.97711796,0.0,0,1.0,92159940.04543316,434615760.0,0.0,539937478.65,247129330.48419785,539937478.65,359958319.1,1560085791.6138573,5001085791.613857,3441000000.0,1395853723.0,1395853723.0,0.0,False,4237739039.3989773,4237739039.3989773,0.0,1.0,4237739039.3989773,0.0,1437734497.7956045,0.0,10,9464500000.0,9464500000.0,27
double_irma,baseline,,COMPOSITE,"{""double_irma"": 0.46167563313021753}",62383714581.577034,28801040926.464367,33582673655.112667,3232512724.0540605,11294362999.968367,0.0,13255994199.37249,1018171003.0694505,3232512724.0540605,11294362999.968367,5567148985.178044,28015524669.934624,21.24912613537638,1.632110254893564,5.181661184710338,18.104665738041483,8.924042151895389,44.90839453508285,13255994199.37249,1018171003.0694505,5567148985.178044,12,8,4,Universal P&C Insurance Co.;First Protective Insurance Co.;Cypress P&C Insurance Co.;Tower Hill Insurance Exchange;Kin Interinsurance Network;TypTap Insurance Co.;Homeowners Choice P&C Ins Co.;GeoVera Specialty Insurance Co;FL Farm Bureau General Ins Co.;AIG Property Casualty Co.;ASI Preferred Insurance Corp.;Castle Key Indemnity Co.,Universal P&C Insurance Co.;First Protective Insurance Co.;Cypress P&C Insurance Co.;Tower Hill Insurance Exchange;Kin Interinsurance Network;TypTap Insurance Co.;Homeowners Choice P&C Ins Co.;GeoVera Specialty Insurance Co,178882064.385027,4,24.017115967979795,189263057.7989782,0.0,0,1.0,128983765.64976251,434615760.0,0.0,539937478.65,350392705.1517581,539937478.65,359958319.1,2126148985.1780443,5567148985.178044,3441000000.0,1395853723.0,1395853723.0,0.0,False,5593006870.51808,5593006870.51808,0.0,1.0,5593006870.51808,0.0,1446191468.7579577,0.0,11,9464500000.0,9464500000.0,28
double_irma,baseline,,COMPOSITE,"{""double_irma"": 0.6298393635302484}",62383714581.57704,39291719086.713165,23091995494.863876,7088912422.360155,17874813597.962715,0.0,13215030074.642353,1112962991.7479312,7088912422.360155,17874813597.962715,3852999855.3082504,19238995639.555622,21.18346136211801,1.7840601496926698,11.363402243529803,28.653012597684345,6.176291170141552,30.839772476833595,13215030074.642353,1112962991.7479312,3852999855.3082504,12,8,4,Universal P&C Insurance Co.;First Protective Insurance Co.;Cypress P&C Insurance Co.;Tower Hill Insurance Exchange;Kin Interinsurance Network;TypTap Insurance Co.;Homeowners Choice P&C Ins Co.;GeoVera Specialty Insurance Co;FL Farm Bureau General Ins Co.;AIG Property Casualty Co.;ASI Preferred Insurance Corp.;Castle Key Indemnity Co.,Universal P&C Insurance Co.;First Protective Insurance Co.;Cypress P&C Insurance Co.;Tower Hill Insurance Exchange;Kin Interinsurance Network;TypTap Insurance Co.;Homeowners Choice P&C Ins Co.;GeoVera Specialty Insurance Co,166146679.72711226,4,24.017115967979795,189393982.0680893,0.0,0,1.0,131348430.32378626,434615760.0,72967999.4423567,539937478.65,359958319.1,539937478.65,359958319.1,411999855.3082504,3852999855.3082504,3441000000.0,1395853723.0,1395853723.0,0.0,False,5668916439.62196,5668916439.62196,0.0,1.0,5668916439.62196,0.0,1445564528.8328516,0.0,11,9464500000.0,9464500000.0,29
double_irma,baseline,,COMPOSITE,"{""double_irma"": 0.41962583355811844}",62383714581.57704,26177818231.746014,36205896349.831024,5029065224.039751,11470056294.22788,0.0,8911395385.515793,767301327.9625907,5029065224.039751,11470056294.22788,5995776651.656712,30210119698.174305,14.284810459407105,1.229970567012673,8.061503323056236,18.386299006335832,9.61112478131811,48.42629186287002,8911395385.515793,767301327.9625907,5995776651.656712,10,6,4,Universal P&C Insurance Co.;First Protective Insurance Co.;Kin Interinsurance Network;TypTap Insurance Co.;Homeowners Choice P&C Ins Co.;GeoVera Specialty Insurance Co;FL Farm Bureau General Ins Co.;AIG Property Casualty Co.;ASI Preferred Insurance Corp.;Castle Key Indemnity Co.,Universal P&C Insurance Co.;First Protective Insurance Co.;Kin Interinsurance Network;TypTap Insurance Co.;Homeowners Choice P&C Ins Co.;GeoVera Specialty Insurance Co,84396194.36912511,4,18.33203363146337,177847803.81740713,0.0,0,1.0,0.0,425259044.0918088,0.0,539937478.65,113278647.17851377,539937478.65,359958319.1,2554776651.6567116,5995776651.656712,3441000000.0,1395853723.0,1395853723.0,0.0,False,2347698198.03283,2347698198.03283,0.0,1.0,2347698198.03283,0.0,1434913295.9480155,0.0,10,9464500000.0,9464500000.0,30
double_irma,baseline,,COMPOSITE,"{""double_irma"": 0.3801576300952032}",62383714581.57703,23715645091.8679,38668069489.70913,3133979986.560929,12162536615.977983,0.0,7846357679.305343,572770810.0236437,3133979986.560929,12162536615.977983,6398089245.832297,32269980243.87684,12.577573701618766,0.918141559644787,5.023714935189907,19.496332813066868,10.256024811516694,51.728212178963,7846357679.305343,572770810.0236437,6398089245.832297,8,4,4,Universal P&C Insurance Co.;First Protective Insurance Co.;Kin Interinsurance Network;Homeowners Choice P&C Ins Co.;FL Farm Bureau General Ins Co.;AIG Property Casualty Co.;ASI Preferred Insurance Corp.;Castle Key Indemnity Co.,Universal P&C Insurance Co.;First Protective Insurance Co.;Kin Interinsurance Network;Homeowners Choice P&C Ins Co.,73233381.85622436,4,16.162888892523068,158389288.29558408,0.0,0,1.0,0.0,367191341.0554306,0.0,481444090.18732446,0.0,539937478.65,359958319.1,2957089245.8322973,6398089245.832297,3441000000.0,1395853723.0,1395853723.0,0.0,False,1583011041.5030687,1583011041.5030687,0.0,1.0,1583011041.5030687,0.0,1420879655.2692392,0.0,10,9464500000.0,9464500000.0,31
double_irma,baseline,,COMPOSITE,"{""double_irma"": 0.6730707500804888}",62383714581.57703,41988653566.22918,20395061015.347847,7227556202.271484,16146571480.52981,0.0,17245383115.724117,1369142767.7037706,7227556202.271484,16146571480.52981,3412327877.6952615,16982733137.652588,27.64404657752934,2.1947118360728424,11.585645790329234,25.88267080411747,5.469901721278681,27.223023270672435,17245383115.724117,1369142767.7037706,3412327877.6952615,17,12,5,Universal P&C Insurance Co.;Florida Family Insurance Co.;First Protective Insurance Co.;Cypress P&C Insurance Co.;Tower Hill Insurance Exchange;Kin Interinsurance Network;Florida Family Home Ins Co.;TypTap Insurance Co.;Homeowners Choice P&C Ins Co.;Edison Insurance Co.;Safe Harbor Insurance Co.;GeoVera Specialty Insurance Co;FL Farm Bureau General Ins Co.;State Farm FL Ins Co;AIG Property Casualty Co.;ASI Preferred Insurance Corp.;Castle Key Indemnity Co.,Universal P&C Insurance Co.;Florida Family Insurance Co.;First Protective Insurance Co.;Cypress P&C Insurance Co.;Tower Hill Insurance Exchange;Kin Interinsurance Network;Florida Family Home Ins Co.;TypTap Insurance Co.;Homeowners Choice P&C Ins Co.;Edison Insurance Co.;Safe Harbor Insurance Co.;GeoVera Specialty Insurance Co,395552864.9405356,5,28.525995730733356,202971626.89560676,0.0,0,1.0,469653637.12591505,384822840.0,328608905.6973958,539937478.65,359958319.1,539937478.65,359958319.1,0.0,3412327877.6952615,3412327877.6952615,1395853723.0,1395853723.0,0.0,False,8003133976.919435,8003133976.919435,0.0,1.0,8003133976.919435,0.0,1538237542.5462441,0.0,12,9464500000.0,9464500000.0,32
double_irma,baseline,,COMPOSITE,"{""double_irma"": 0.4860254382691508}",62383714581.57704,30320072220.3686,32063642361.208443,4686383312.959139,15841338167.967148,0.0,9063076972.568098,729273766.8742115,4686383312.959139,15841338167.967148,5318943279.987565,26744699081.220875,14.527953382315225,1.1690130537522982,7.5121902316844515,25.393387159163105,8.526172761053152,42.87128341203176,9063076972.568098,729273766.8742115,5318943279.987565,10,6,4,Universal P&C Insurance Co.;First Protective Insurance Co.;Kin Interinsurance Network;TypTap Insurance Co.;Homeowners Choice P&C Ins Co.;GeoVera Specialty Insurance Co;FL Farm Bureau General Ins Co.;AIG Property Casualty Co.;ASI Preferred Insurance Corp.;Castle Key Indemnity Co.,Universal P&C Insurance Co.;First Protective Insurance Co.;Kin Interinsurance Network;TypTap Insurance Co.;Homeowners Choice P&C Ins Co.;GeoVera Specialty Insurance Co,90362641.3473889,4,18.33203363146337,178034403.80256635,0.0,0,1.0,0.0,424221692.9545283,0.0,539937478.65,80908470.4853195,539937478.65,359958319.1,1877943279.987565,5318943279.987565,3441000000.0,1395853723.0,1395853723.0,0.0,False,2461128711.0959473,2461128711.0959473,0.0,1.0,2461128711.0959473,0.0,1435560189.2283292,0.0,10,9464500000.0,9464500000.0,33
double_irma,baseline,,COMPOSITE,"{""double_irma"": 0.5803306095935622}",62383714581.577034,36203179111.8374,26180535469.73963,5865156629.132594,16366225060.317522,0.0,12899992817.368784,1071804605.0185015,5865156629.132594,16366225060.317522,4357659137.54247,21822876332.197166,20.67846216579474,1.718083977857618,9.401743176839735,26.234771638864135,6.985251145704235,34.98168789493954,12899992817.368784,1071804605.0185015,4357659137.54247,12,8,4,Universal P&C Insurance Co.;First Protective Insurance Co.;Cypress P&C Insurance Co.;Tower Hill Insurance Exchange;Kin Interinsurance Network;TypTap Insurance Co.;Homeowners Choice P&C Ins Co.;GeoVera Specialty Insurance Co;FL Farm Bureau General Ins Co.;AIG Property Casualty Co.;ASI Preferred Insurance Corp.;Castle Key Indemnity Co.,Universal P&C Insurance Co.;First Protective Insurance Co.;Cypress P&C Insurance Co.;Tower Hill Insurance Exchange;Kin Interinsurance Network;TypTap Insurance Co.;Homeowners Choice P&C Ins Co.;GeoVera Specialty Insurance Co,146006858.51388642,4,24.017115967979795,187708670.40055555,0.0,0,1.0,128910504.75259316,434615760.0,34292685.16077757,539937478.65,359958319.1,539937478.65,359958319.1,916659137.54247,4357659137.54247,3441000000.0,1395853723.0,1395853723.0,0.0,False,5482479444.398756,5482479444.398756,0.0,1.0,5482479444.398756,0.0,1446209585.9810152,0.0,11,9464500000.0,9464500000.0,34
double_irma,baseline,,COMPOSITE,"{""double_irma"": 0.4496314833316173}",62383714581.57704,28049682123.05073,34334032458.526306,4181844300.8593807,13350581119.651964,0.0,9774987773.30663,742268929.232756,4181844300.8593807,13350581119.651964,5689919031.062376,28644113427.46393,15.669133905971908,1.1898440710229212,6.703423047037263,21.400747309129642,9.120840381541989,45.91601128529627,9774987773.30663,742268929.232756,5689919031.062376,11,7,4,Universal P&C Insurance Co.;First Protective Insurance Co.;Tower Hill Insurance Exchange;Kin Interinsurance Network;TypTap Insurance Co.;Homeowners Choice P&C Ins Co.;GeoVera Specialty Insurance Co;FL Farm Bureau General Ins Co.;AIG Property Casualty Co.;ASI Preferred Insurance Corp.;Castle Key Indemnity Co.,Universal P&C Insurance Co.;First Protective Insurance Co.;Tower Hill Insurance Exchange;Kin Interinsurance Network;TypTap Insurance Co.;Homeowners Choice P&C Ins Co.;GeoVera Specialty Insurance Co,94486669.88043433,4,23.145936299594748,179184309.14748394,0.0,0,1.0,20675846.589059174,444236460.0,0.0,539937478.65,93957723.72814178,539937478.65,359958319.1,2248919031.062376,5689919031.062376,3441000000.0,1395853723.0,1395853723.0,0.0,False,3051672964.2492576,3051672964.2492576,0.0,1.0,3051672964.2492576,0.0,1436423091.6304393,0.0,10,9464500000.0,9464500000.0,35
double_irma,baseline,,COMPOSITE,"{""double_irma"": 0.6394035946419542}",62383714581.57704,39888371350.578064,22495343230.998978,8109235774.140824,20483041918.60204,0.0,10445387801.235392,850705856.5998001,8109235774.140824,20483041918.60204,3755508449.765542,18739834781.233437,16.743773389089096,1.3636665631498446,12.99896267564615,32.83395683631033,6.020014157468281,30.039626378336287,10445387801.235392,850705856.5998001,3755508449.765542,11,7,4,Universal P&C Insurance Co.;First Protective Insurance Co.;Tower Hill Insurance Exchange;Kin Interinsurance Network;TypTap Insurance Co.;Homeowners Choice P&C Ins Co.;GeoVera Specialty Insurance Co;FL Farm Bureau General Ins Co.;AIG Property Casualty Co.;ASI Preferred Insurance Corp.;Castle Key Indemnity Co.,Universal P&C Insurance Co.;First Protective Insurance Co.;Tower Hill Insurance Exchange;Kin Interinsurance Network;TypTap Insurance Co.;Homeowners Choice P&C Ins Co.;GeoVera Specialty Insurance Co,105585498.17644377,4,23.145936299594748,181704608.00737894,0.0,0,1.0,62626588.356249094,444236460.0,0.0,539937478.65,191376192.73490465,539937478.65,359958319.1,314508449.76554203,3755508449.765542,3441000000.0,1395853723.0,1395853723.0,0.0,False,3529510091.039945,3529510091.039945,0.0,1.0,3529510091.039945,0.0,1437300870.4468732,0.0,10,9464500000.0,9464500000.0,36
double_irma,baseline,,COMPOSITE,"{""double_irma"": 0.5067299186369272}",62383714581.57703,31611694614.191822,30772019967.38521,4230392205.8539004,14147540899.446705,0.0,12354063565.489643,879697943.4015753,4230392205.8539004,14147540899.446705,5107895589.011605,25664124378.373604,19.80334715294111,1.4101403696492372,6.781244487007844,22.67825985409454,8.187867015088028,41.139141121219254,12354063565.489643,879697943.4015753,5107895589.011605,12,8,4,Universal P&C Insurance Co.;First Protective Insurance Co.;Cypress P&C Insurance Co.;Tower Hill Insurance Exchange;Kin Interinsurance Network;TypTap Insurance Co.;Homeowners Choice P&C Ins Co.;GeoVera Specialty Insurance Co;FL Farm Bureau General Ins Co.;AIG Property Casualty Co.;ASI Preferred Insurance Corp.;Castle Key Indemnity Co.,Universal P&C Insurance Co.;First Protective Insurance Co.;Cypress P&C Insurance Co.;Tower Hill Insurance Exchange;Kin Interinsurance Network;TypTap Insurance Co.;Homeowners Choice P&C Ins Co.;GeoVera Specialty Insurance Co,147821404.43251303,4,24.017115967979795,185757692.7333088,0.0,0,1.0,115542472.96018803,434615760.0,0.0,539937478.65,222554297.51796973,539937478.65,359958319.1,1666895589.0116053,5107895589.011605,3441000000.0,1395853723.0,1395853723.0,0.0,False,5052700896.299259,5052700896.299259,0.0,1.0,5052700896.299259,0.0,1440677798.7562666,0.0,11,9464500000.0,9464500000.0,37
double_irma,baseline,,COMPOSITE,"{""double_irma"": 0.5683376774896716}",62383714581.57704,35455015458.47206,26928699123.10498,8052562440.826356,14515239487.937641,0.0,11925446223.544352,961767306.1637065,8052562440.826356,14515239487.937641,4479907104.339881,22448792018.7651,19.11628107356425,1.541696118313116,12.90811631663308,23.267674240456714,7.181212491733977,35.98501975929885,11925446223.544352,961767306.1637065,4479907104.339881,12,8,4,Universal P&C Insurance Co.;First Protective Insurance Co.;Cypress P&C Insurance Co.;Tower Hill Insurance Exchange;Kin Interinsurance Network;TypTap Insurance Co.;Homeowners Choice P&C Ins Co.;GeoVera Specialty Insurance Co;FL Farm Bureau General Ins Co.;AIG Property Casualty Co.;ASI Preferred Insurance Corp.;Castle Key Indemnity Co.,Universal P&C Insurance Co.;First Protective Insurance Co.;Cypress P&C Insurance Co.;Tower Hill Insurance Exchange;Kin Interinsurance Network;TypTap Insurance Co.;Homeowners Choice P&C Ins Co.;GeoVera Specialty Insurance Co,123577954.40288037,4,24.017115967979795,185051064.50302666,0.0,0,1.0,110123654.46007252,434615760.0,0.0,539937478.65,293295337.42445195,539937478.65,359958319.1,1038907104.339881,4479907104.339881,3441000000.0,1395853723.0,1395853723.0,0.0,False,4731220823.0774765,4731220823.0774765,0.0,1.0,4731220823.0774765,0.0,1439111921.909834,0.0,10,9464500000.0,9464500000.0,38
double_irma,baseline,,COMPOSITE,"{""double_irma"": 0.48629810437772303}",62383714581.577034,30337082145.061836,32046632436.515198,6791043109.362025,13136535466.985584,0.0,9666909404.48711,742594164.2271162,6791043109.362025,13136535466.985584,5316163903.176393,26730468533.338806,15.495886176906035,1.190365417012883,10.88592296068169,21.057635883171706,8.521717468786871,42.84847209344082,9666909404.48711,742594164.2271162,5316163903.176393,11,7,4,Universal P&C Insurance Co.;First Protective Insurance Co.;Tower Hill Insurance Exchange;Kin Interinsurance Network;TypTap Insurance Co.;Homeowners Choice P&C Ins Co.;GeoVera Specialty Insurance Co;FL Farm Bureau General Ins Co.;AIG Property Casualty Co.;ASI Preferred Insurance Corp.;Castle Key Indemnity Co.,Universal P&C Insurance Co.;First Protective Insurance Co.;Tower Hill Insurance Exchange;Kin Interinsurance Network;TypTap Insurance Co.;Homeowners Choice P&C Ins Co.;GeoVera Specialty Insurance Co,111733276.57935923,4,23.145936299594748,179432907.85734594,0.0,0,1.0,32501582.450606585,444236460.0,0.0,539937478.65,94268660.74779546,539937478.65,359958319.1,1875163903.1763926,5316163903.176393,3441000000.0,1395853723.0,1395853723.0,0.0,False,2941633937.524189,2941633937.524189,0.0,1.0,2941633937.524189,0.0,1435990942.859192,0.0,10,9464500000.0,9464500000.0,39
double_irma,baseline,,COMPOSITE,"{""double_irma"": 0.5008105434862578}",62383714581.577034,31242422004.291183,31141292577.28585,5580979878.281761,12091195206.360708,0.0,12613723307.422853,956523612.2258618,5580979878.281761,12091195206.360708,5168233759.078097,25973058818.207756,20.21957716372968,1.5332905689273262,8.94621283088827,19.38197378508051,8.28458804311785,41.634357608256366,12613723307.422853,956523612.2258618,5168233759.078097,11,7,4,Universal P&C Insurance Co.;First Protective Insurance Co.;Tower Hill Insurance Exchange;Kin Interinsurance Network;TypTap Insurance Co.;Homeowners Choice P&C Ins Co.;GeoVera Specialty Insurance Co;FL Farm Bureau General Ins Co.;AIG Property Casualty Co.;ASI Preferred Insurance Corp.;Castle Key Indemnity Co.,Universal P&C Insurance Co.;First Protective Insurance Co.;Tower Hill Insurance Exchange;Kin Interinsurance Network;TypTap Insurance Co.;Homeowners Choice P&C Ins Co.;GeoVera Specialty Insurance Co,153843777.9337273,4,23.145936299594748,186882951.7133978,0.0,0,1.0,93220536.00139356,444236460.0,0.0,539937478.65,291094896.44822514,539937478.65,359958319.1,1727233759.0780973,5168233759.078097,3441000000.0,1395853723.0,1395853723.0,0.0,False,5262011530.545366,5262011530.545366,0.0,1.0,5262011530.545366,0.0,1439826799.8206885,0.0,11,9464500000.0,9464500000.0,40
double_irma,baseline,,COMPOSITE,"{""double_irma"": 0.5042439799356406}",62383714581.577034,31456612523.78347,30927102057.793564,6055159101.585411,13198464806.720268,0.0,11299394269.751366,903594345.7264208,6055159101.585411,13198464806.720268,5133235593.372732,25793866464.420837,18.112730775233874,1.4484458833319735,9.706313806734428,21.15690752826379,8.228486597508034,41.3471154089279,11299394269.751366,903594345.7264208,5133235593.372732,11,7,4,Universal P&C Insurance Co.;First Protective Insurance Co.;Tower Hill Insurance Exchange;Kin Interinsurance Network;TypTap Insurance Co.;Homeowners Choice P&C Ins Co.;GeoVera Specialty Insurance Co;FL Farm Bureau General Ins Co.;AIG Property Casualty Co.;ASI Preferred Insurance Corp.;Castle Key Indemnity Co.,Universal P&C Insurance Co.;First Protective Insurance Co.;Tower Hill Insurance Exchange;Kin Interinsurance Network;TypTap Insurance Co.;Homeowners Choice P&C Ins Co.;GeoVera Specialty Insurance Co,149514195.55914432,4,23.145936299594748,183764701.69718003,0.0,0,1.0,63843746.72308183,444236460.0,0.0,539937478.65,240549416.24147856,539937478.65,359958319.1,1692235593.3727322,5133235593.372732,3441000000.0,1395853723.0,1395853723.0,0.0,False,4202515612.732089,4202515612.732089,0.0,1.0,4202515612.732089,0.0,1436684385.328508,0.0,11,9464500000.0,9464500000.0,41
double_irma,baseline,,COMPOSITE,"{""double_irma"": 0.5156071592326548}",62383714581.57703,32165489857.787674,30218224723.789352,4582711227.559963,15769479075.906256,0.0,10966124897.827425,847174656.4940358,4582711227.559963,15769479075.906256,5017406907.495008,25200817816.294346,17.57850581899448,1.3580061113324933,7.346005697636536,25.27819829530198,8.042815246171209,40.396468830563315,10966124897.827425,847174656.4940358,5017406907.495008,11,7,4,Universal P&C Insurance Co.;First Protective Insurance Co.;Tower Hill Insurance Exchange;Kin Interinsurance Network;TypTap Insurance Co.;Homeowners Choice P&C Ins Co.;GeoVera Specialty Insurance Co;FL Farm Bureau General Ins Co.;AIG Property Casualty Co.;ASI Preferred Insurance Corp.;Castle Key Indemnity Co.,Universal P&C Insurance Co.;First Protective Insurance Co.;Tower Hill Insurance Exchange;Kin Interinsurance Network;TypTap Insurance Co.;Homeowners Choice P&C Ins Co.;GeoVera Specialty Insurance Co,123479168.14010665,4,23.145936299594748,182908274.76600254,0.0,0,1.0,69463549.05120242,444236460.0,0.0,539937478.65,189394805.9831475,539937478.65,359958319.1,1576406907.4950085,5017406907.495008,3441000000.0,1395853723.0,1395853723.0,0.0,False,3977235488.43023,3977235488.43023,0.0,1.0,3977235488.43023,0.0,1438047799.50218,0.0,10,9464500000.0,9464500000.0,42
double_irma,baseline,,COMPOSITE,"{""double_irma"": 0.3100835426335579}",62383714581.577034,19344163220.096153,43039551361.48088,2972605398.1728954,8324268189.074461,0.0,7525746537.592388,521543095.2564108,2972605398.1728954,8324268189.074461,7112377848.749594,35927173512.731285,12.063639666328669,0.8360244316237484,4.765034301196864,13.34365586420652,11.401016910349227,57.590628826294974,7525746537.592388,521543095.2564108,7112377848.749594,8,4,4,Universal P&C Insurance Co.;First Protective Insurance Co.;Kin Interinsurance Network;Homeowners Choice P&C Ins Co.;FL Farm Bureau General Ins Co.;AIG Property Casualty Co.;ASI Preferred Insurance Corp.;Castle Key Indemnity Co.,Universal P&C Insurance Co.;First Protective Insurance Co.;Kin Interinsurance Network;Homeowners Choice P&C Ins Co.,76227812.19355229,4,16.162888892523068,155386384.84447145,0.0,0,1.0,0.0,325257428.75000316,0.0,436135785.7045597,0.0,539937478.65,359958319.1,3671377848.7495937,7112377848.749594,3441000000.0,1395853723.0,1395853723.0,0.0,False,1391161757.9347596,1391161757.9347596,0.0,1.0,1391161757.9347596,0.0,1419815618.105997,0.0,10,9464500000.0,9464500000.0,43
double_irma,baseline,,COMPOSITE,"{""double_irma"": 0.5032537200976201}",62383714581.57704,31394836436.686806,30988878144.890232,3672905832.6203146,12696222117.349714,0.0,13966672327.819094,1059036158.8976779,3672905832.6203146,12696222117.349714,5143329642.997165,25845548501.893066,22.388330706975385,1.6976163827384994,5.887603611383836,20.3518213086643,8.244667181963667,41.429960808274295,13966672327.819094,1059036158.8976779,5143329642.997165,12,8,4,Universal P&C Insurance Co.;First Protective Insurance Co.;Cypress P&C Insurance Co.;Tower Hill Insurance Exchange;Kin Interinsurance Network;TypTap Insurance Co.;Homeowners Choice P&C Ins Co.;GeoVera Specialty Insurance Co;FL Farm Bureau General Ins Co.;AIG Property Casualty Co.;ASI Preferred Insurance Corp.;Castle Key Indemnity Co.,Universal P&C Insurance Co.;First Protective Insurance Co.;Cypress P&C Insurance Co.;Tower Hill Insurance Exchange;Kin Interinsurance Network;TypTap Insurance Co.;Homeowners Choice P&C Ins Co.;GeoVera Specialty Insurance Co,209961501.47645748,4,24.017115967979795,190343407.00202274,0.0,0,1.0,158529631.78027678,434615760.0,28287792.83569181,539937478.65,359958319.1,539937478.65,359958319.1,1702329642.9971647,5143329642.997165,3441000000.0,1395853723.0,1395853723.0,0.0,False,6203952612.226002,6203952612.226002,0.0,1.0,6203952612.226002,0.0,1449755019.5436563,0.0,11,9464500000.0,9464500000.0,44
double_irma,baseline,,COMPOSITE,"{""double_irma"": 0.541103623974959}",62383714581.57703,33756054037.110832,28627660544.466198,7609721477.390301,11749069875.376602,0.0,13354802606.527641,1042460077.8162872,7609721477.390301,11749069875.376602,4757512917.579281,23870147626.886917,21.407514278528616,1.6710452155796176,12.198250021549024,18.833552881838656,7.626209739976361,38.26342786252773,13354802606.527641,1042460077.8162872,4757512917.579281,12,8,4,Universal P&C Insurance Co.;First Protective Insurance Co.;Cypress P&C Insurance Co.;Tower Hill Insurance Exchange;Kin Interinsurance Network;TypTap Insurance Co.;Homeowners Choice P&C Ins Co.;GeoVera Specialty Insurance Co;FL Farm Bureau General Ins Co.;AIG Property Casualty Co.;ASI Preferred Insurance Corp.;Castle Key Indemnity Co.,Universal P&C Insurance Co.;First Protective Insurance Co.;Cypress P&C Insurance Co.;Tower Hill Insurance Exchange;Kin Interinsurance Network;TypTap Insurance Co.;Homeowners Choice P&C Ins Co.;GeoVera Specialty Insurance Co,190690932.675694,4,24.017115967979795,189163682.2303434,0.0,0,1.0,130742773.83755827,434615760.0,10559791.554932833,539937478.65,359958319.1,539937478.65,359958319.1,1316512917.5792809,4757512917.579281,3441000000.0,1395853723.0,1395853723.0,0.0,False,5789362319.486146,5789362319.486146,0.0,1.0,5789362319.486146,0.0,1447428192.976087,0.0,11,9464500000.0,9464500000.0,45
double_irma,baseline,,COMPOSITE,"{""double_irma"": 0.5456450399167362}",62383714581.57704,34039364433.018887,28344350148.55815,6528697423.523528,15656017341.421675,0.0,10962975539.47938,891674128.5943029,6528697423.523528,15656017341.421675,4711220746.452632,23633129402.105522,17.573457452815628,1.4293379844002256,10.46538742893576,25.096321125522014,7.552004201820862,37.88349180650551,10962975539.47938,891674128.5943029,4711220746.452632,11,7,4,Universal P&C Insurance Co.;First Protective Insurance Co.;Tower Hill Insurance Exchange;Kin Interinsurance Network;TypTap Insurance Co.;Homeowners Choice P&C Ins Co.;GeoVera Specialty Insurance Co;FL Farm Bureau General Ins Co.;AIG Property Casualty Co.;ASI Preferred Insurance Corp.;Castle Key Indemnity Co.,Universal P&C Insurance Co.;First Protective Insurance Co.;Tower Hill Insurance Exchange;Kin Interinsurance Network;TypTap Insurance Co.;Homeowners Choice P&C Ins Co.;GeoVera Specialty Insurance Co,116703397.78518799,4,23.145936299594748,182519785.26978683,0.0,0,1.0,66927897.88183969,444236460.0,0.0,539937478.65,228028831.0948701,539937478.65,359958319.1,1270220746.452632,4711220746.452632,3441000000.0,1395853723.0,1395853723.0,0.0,False,3998033900.3125687,3998033900.3125687,0.0,1.0,3998033900.3125687,0.0,1438628974.8748655,0.0,10,9464500000.0,9464500000.0,46
double_irma,baseline,,COMPOSITE,"{""double_irma"": 0.5802214134292022}",62383714581.577034,36196367049.48656,26187347532.090477,6856684770.657322,14487706458.557066,0.0,13759458042.013052,1092517778.259119,6856684770.657322,14487706458.557066,4358772210.555763,21828575321.53471,22.056169842243495,1.751286831165642,10.991145392105613,23.223539277405468,6.9870353822165345,34.99082327486324,13759458042.013052,1092517778.259119,4358772210.555763,12,8,4,Universal P&C Insurance Co.;First Protective Insurance Co.;Cypress P&C Insurance Co.;Tower Hill Insurance Exchange;Kin Interinsurance Network;TypTap Insurance Co.;Homeowners Choice P&C Ins Co.;GeoVera Specialty Insurance Co;FL Farm Bureau General Ins Co.;AIG Property Casualty Co.;ASI Preferred Insurance Corp.;Castle Key Indemnity Co.,Universal P&C Insurance Co.;First Protective Insurance Co.;Cypress P&C Insurance Co.;Tower Hill Insurance Exchange;Kin Interinsurance Network;TypTap Insurance Co.;Homeowners Choice P&C Ins Co.;GeoVera Specialty Insurance Co,182694866.64159426,4,24.017115967979795,190948489.00582647,0.0,0,1.0,178163641.7782178,434615760.0,59802796.11495221,539937478.65,359958319.1,539937478.65,359958319.1,917772210.5557632,4358772210.555763,3441000000.0,1395853723.0,1395853723.0,0.0,False,5886069398.437994,5886069398.437994,0.0,1.0,5886069398.437994,0.0,1450435386.4918704,0.0,11,9464500000.0,9464500000.0,47
double_irma,baseline,,COMPOSITE,"{""double_irma"": 0.55530156666993}",62383714581.57704,34641774441.83949,27741940139.73755,4739662623.94334,14951249162.759155,0.0,13892946993.347406,1057915661.7895883,4739662623.94334,14951249162.759155,4612788540.576991,23129151599.160553,22.27015028927153,1.695820245532491,7.597596032447614,23.966590099741367,7.394219102719518,37.07562423028747,13892946993.347406,1057915661.7895883,4612788540.576991,12,8,4,Universal P&C Insurance Co.;First Protective Insurance Co.;Cypress P&C Insurance Co.;Tower Hill Insurance Exchange;Kin Interinsurance Network;TypTap Insurance Co.;Homeowners Choice P&C Ins Co.;GeoVera Specialty Insurance Co;FL Farm Bureau General Ins Co.;AIG Property Casualty Co.;ASI Preferred Insurance Corp.;Castle Key Indemnity Co.,Universal P&C Insurance Co.;First Protective Insurance Co.;Cypress P&C Insurance Co.;Tower Hill Insurance Exchange;Kin Interinsurance Network;TypTap Insurance Co.;Homeowners Choice P&C Ins Co.;GeoVera Specialty Insurance Co,212633362.13242406,4,24.017115967979795,190155848.1228934,0.0,0,1.0,170848154.057963,434615760.0,28336569.824265003,539937478.65,359958319.1,539937478.65,359958319.1,1171788540.576991,4612788540.576991,3441000000.0,1395853723.0,1395853723.0,0.0,False,6058984342.452994,6058984342.452994,0.0,1.0,6058984342.452994,0.0,1449738070.7794416,0.0,11,9464500000.0,9464500000.0,48
double_irma,baseline,,COMPOSITE,"{""double_irma"": 0.5527347431604747}",62383714581.57704,34481646456.64435,27902068124.932693,5791262132.489714,15539518173.650595,0.0,12262714058.247303,888152092.2567363,5791262132.489714,15539518173.650595,4638953030.831789,23263115094.1009,19.656915495488448,1.4236922219425237,9.283291595143279,24.909575003473222,7.436160321562111,37.29036536239041,12262714058.247303,888152092.2567363,4638953030.831789,12,8,4,Universal P&C Insurance Co.;First Protective Insurance Co.;Cypress P&C Insurance Co.;Tower Hill Insurance Exchange;Kin Interinsurance Network;TypTap Insurance Co.;Homeowners Choice P&C Ins Co.;GeoVera Specialty Insurance Co;FL Farm Bureau General Ins Co.;AIG Property Casualty Co.;ASI Preferred Insurance Corp.;Castle Key Indemnity Co.,Universal P&C Insurance Co.;First Protective Insurance Co.;Cypress P&C Insurance Co.;Tower Hill Insurance Exchange;Kin Interinsurance Network;TypTap Insurance Co.;Homeowners Choice P&C Ins Co.;GeoVera Specialty Insurance Co,143535705.8116167,4,24.017115967979795,185111263.7878253,0.0,0,1.0,98054728.76436198,434615760.0,0.0,539937478.65,229310863.6758691,539937478.65,359958319.1,1197953030.831789,4638953030.831789,3441000000.0,1395853723.0,1395853723.0,0.0,False,5009106272.2604685,5009106272.2604685,0.0,1.0,5009106272.2604685,0.0,1438898860.31884,0.0,10,9464500000.0,9464500000.0,49
double_irma,baseline,,COMPOSITE,"{""double_irma"": 0.6266335161195469}",62383714581.57704,39091726416.851875,23291988164.725163,5691185777.412737,16225789126.730885,0.0,15946804282.235147,1227947230.4731026,5691185777.412737,16225789126.730885,3885678129.8474574,19406310034.87771,25.56244749001289,1.9683778670591314,9.122870953717527,26.00965530116514,6.228673870912719,31.10797451713258,15946804282.235147,1227947230.4731026,3885678129.8474574,14,9,5,Universal P&C Insurance Co.;First Protective Insurance Co.;Cypress P&C Insurance Co.;Tower Hill Insurance Exchange;Kin Interinsurance Network;TypTap Insurance Co.;Homeowners Choice P&C Ins Co.;Edison Insurance Co.;GeoVera Specialty Insurance Co;FL Farm Bureau General Ins Co.;State Farm FL Ins Co;AIG Property Casualty Co.;ASI Preferred Insurance Corp.;Castle Key Indemnity Co.,Universal P&C Insurance Co.;First Protective Insurance Co.;Cypress P&C Insurance Co.;Tower Hill Insurance Exchange;Kin Interinsurance Network;TypTap Insurance Co.;Homeowners Choice P&C Ins Co.;Edison Insurance Co.;GeoVera Specialty Insurance Co,216989700.73673242,5,27.119633731281347,196699005.75063002,0.0,0,1.0,287976334.06726074,400353720.0,190184636.42363095,539937478.65,359958319.1,539937478.65,359958319.1,444678129.8474574,3885678129.8474574,3441000000.0,1395853723.0,1395853723.0,0.0,False,7466377073.453864,7466377073.453864,0.0,1.0,7466377073.453864,0.0,1471217055.154657,0.0,11,9464500000.0,9464500000.0,50
double_irma,baseline,,COMPOSITE,"{""double_irma"": 0.5890598483981823}",62383714581.57703,36747741453.93924,25635973127.637787,6052617475.125101,15592199642.202417,0.0,14007562992.34747,1095361344.2642531,6052617475.125101,15592199642.202417,4268679087.7673473,21367294039.87044,22.453877724819133,1.7558450175836948,9.702239624109433,24.994022473305975,6.842617687001217,34.25139747318055,14007562992.34747,1095361344.2642531,4268679087.7673473,12,8,4,Universal P&C Insurance Co.;First Protective Insurance Co.;Cypress P&C Insurance Co.;Tower Hill Insurance Exchange;Kin Interinsurance Network;TypTap Insurance Co.;Homeowners Choice P&C Ins Co.;GeoVera Specialty Insurance Co;FL Farm Bureau General Ins Co.;AIG Property Casualty Co.;ASI Preferred Insurance Corp.;Castle Key Indemnity Co.,Universal P&C Insurance Co.;First Protective Insurance Co.;Cypress P&C Insurance Co.;Tower Hill Insurance Exchange;Kin Interinsurance Network;TypTap Insurance Co.;Homeowners Choice P&C Ins Co.;GeoVera Specialty Insurance Co,183515620.14602122,4,24.017115967979795,190917151.522398,0.0,0,1.0,143493038.13730502,434615760.0,60743698.53994453,539937478.65,359958319.1,539937478.65,359958319.1,827679087.7673473,4268679087.7673473,3441000000.0,1395853723.0,1395853723.0,0.0,False,6240635975.812823,6240635975.812823,0.0,1.0,6240635975.812823,0.0,1449288444.679492,0.0,11,9464500000.0,9464500000.0,51
double_irma,baseline,,COMPOSITE,"{""double_irma"": 0.695484275793721}",62383714581.57703,43386892557.090294,18996822024.486732,7405157603.650461,19599517414.780296,0.0,15275993609.130363,1106223929.529179,7405157603.650461,19599517414.780296,3183859316.090111,15812962708.396622,24.487149749883,1.7732575511876716,11.870337720859812,31.41768255744163,5.103670625330731,25.34790179529716,15275993609.130363,1106223929.529179,3183859316.090111,13,9,4,Universal P&C Insurance Co.;First Protective Insurance Co.;Cypress P&C Insurance Co.;Tower Hill Insurance Exchange;Kin Interinsurance Network;TypTap Insurance Co.;Homeowners Choice P&C Ins Co.;Edison Insurance Co.;GeoVera Specialty Insurance Co;FL Farm Bureau General Ins Co.;AIG Property Casualty Co.;ASI Preferred Insurance Corp.;Castle Key Indemnity Co.,Universal P&C Insurance Co.;First Protective Insurance Co.;Cypress P&C Insurance Co.;Tower Hill Insurance Exchange;Kin Interinsurance Network;TypTap Insurance Co.;Homeowners Choice P&C Ins Co.;Edison Insurance Co.;GeoVera Specialty Insurance Co,264901881.68748927,4,27.119633731281347,194381480.11710936,0.0,0,1.0,262218982.67950225,400353720.0,77301479.16679871,539937478.65,359958319.1,539937478.65,359958319.1,0.0,3183859316.090111,3183859316.090111,1395853723.0,1395853723.0,0.0,False,7036984915.992027,7036984915.992027,0.0,1.0,7036984915.992027,0.0,1451833604.6731246,0.0,11,9464500000.0,9464500000.0,52
double_irma,baseline,,COMPOSITE,"{""double_irma"": 0.3798816517999089}",62383714581.577034,23698428540.66355,38685286040.91348,3790321296.034276,11221088095.028542,0.0,8069553621.758962,617465527.8417732,3790321296.034276,11221088095.028542,6400902384.870164,32284383656.04332,12.935352881570852,0.9897864081728168,6.075818539272462,17.987207350974764,10.260534224040033,51.75130059596908,8069553621.758962,617465527.8417732,6400902384.870164,8,4,4,Universal P&C Insurance Co.;First Protective Insurance Co.;Kin Interinsurance Network;Homeowners Choice P&C Ins Co.;FL Farm Bureau General Ins Co.;AIG Property Casualty Co.;ASI Preferred Insurance Corp.;Castle Key Indemnity Co.,Universal P&C Insurance Co.;First Protective Insurance Co.;Kin Interinsurance Network;Homeowners Choice P&C Ins Co.,83435411.6902491,4,16.162888892523068,159654372.05309188,0.0,0,1.0,1.1920928955078125e-07,350191160.1124262,0.0,520360041.04364556,0.0,539937478.65,359958319.1,2959902384.870164,6400902384.870164,3441000000.0,1395853723.0,1395853723.0,0.0,False,1756026395.8471973,1756026395.8471973,0.0,1.0,1756026395.8471973,0.0,1434168113.1754522,0.0,10,9464500000.0,9464500000.0,53
double_irma,baseline,,COMPOSITE,"{""double_irma"": 0.4667776390200846}",62383714581.57703,29119323005.691353,33264391575.885677,4482280988.144499,12756441468.608616,0.0,10932704400.053736,947896148.8845071,4482280988.144499,12756441468.608616,5515142533.276068,27749249042.609608,17.52493334740017,1.51946089655334,7.185017785824817,20.448351872230145,8.8406767219097,44.48155937608183,10932704400.053736,947896148.8845071,5515142533.276068,11,7,4,Universal P&C Insurance Co.;First Protective Insurance Co.;Tower Hill Insurance Exchange;Kin Interinsurance Network;TypTap Insurance Co.;Homeowners Choice P&C Ins Co.;GeoVera Specialty Insurance Co;FL Farm Bureau General Ins Co.;AIG Property Casualty Co.;ASI Preferred Insurance Corp.;Castle Key Indemnity Co.,Universal P&C Insurance Co.;First Protective Insurance Co.;Tower Hill Insurance Exchange;Kin Interinsurance Network;TypTap Insurance Co.;Homeowners Choice P&C Ins Co.;GeoVera Specialty Insurance Co,144074247.6396042,4,23.145936299594748,183472532.3841939,0.0,0,1.0,47692843.9833014,444236460.0,0.0,539937478.65,277822244.7203829,539937478.65,359958319.1,2074142533.2760677,5515142533.276068,3441000000.0,1395853723.0,1395853723.0,0.0,False,3941187750.39035,3941187750.39035,0.0,1.0,3941187750.39035,0.0,1437517887.293675,0.0,10,9464500000.0,9464500000.0,54
double_irma,baseline,,COMPOSITE,"{""double_irma"": 0.39615550025933094}",62383714581.57704,24713651658.099976,37670062923.477066,5442616405.386872,11076146172.261024,0.0,7612886665.52249,582002414.9295845,5442616405.386872,11076146172.261024,6235017606.327299,31435045317.149765,12.20332376259413,0.9329396603476056,8.724418611318423,17.75486799167294,9.99462383435661,50.38982613971028,7612886665.52249,582002414.9295845,6235017606.327299,8,4,4,Universal P&C Insurance Co.;First Protective Insurance Co.;Kin Interinsurance Network;Homeowners Choice P&C Ins Co.;FL Farm Bureau General Ins Co.;AIG Property Casualty Co.;ASI Preferred Insurance Corp.;Castle Key Indemnity Co.,Universal P&C Insurance Co.;First Protective Insurance Co.;Kin Interinsurance Network;Homeowners Choice P&C Ins Co.,82061984.21316889,4,16.162888892523068,162662296.7866063,0.0,0,1.0,0.0,369774691.1990911,0.0,488396458.3911843,0.0,539937478.65,359958319.1,2794017606.327299,6235017606.327299,3441000000.0,1395853723.0,1395853723.0,0.0,False,1417728141.8423305,1417728141.8423305,0.0,1.0,1417728141.8423305,0.0,1402644243.2124293,0.0,10,9464500000.0,9464500000.0,55
double_irma,baseline,,COMPOSITE,"{""double_irma"": 0.4866801708535339}",62383714581.57703,30360916871.040005,32022797710.537025,6326964218.254545,12263667254.273964,0.0,10914210774.618763,856074623.8927376,6326964218.254545,12263667254.273964,5312269371.84371,26710528338.693314,17.49528839028434,1.372272602929533,10.142012640143435,19.6584434519961,8.515474603387137,42.81650831125947,10914210774.618763,856074623.8927376,5312269371.84371,11,7,4,Universal P&C Insurance Co.;First Protective Insurance Co.;Tower Hill Insurance Exchange;Kin Interinsurance Network;TypTap Insurance Co.;Homeowners Choice P&C Ins Co.;GeoVera Specialty Insurance Co;FL Farm Bureau General Ins Co.;AIG Property Casualty Co.;ASI Preferred Insurance Corp.;Castle Key Indemnity Co.,Universal P&C Insurance Co.;First Protective Insurance Co.;Tower Hill Insurance Exchange;Kin Interinsurance Network;TypTap Insurance Co.;Homeowners Choice P&C Ins Co.;GeoVera Specialty Insurance Co,136678235.99120232,4,23.145936299594748,183099750.9757985,0.0,0,1.0,62711677.125888824,444236460.0,0.0,539937478.65,197428911.02631962,539937478.65,359958319.1,1871269371.84371,5312269371.84371,3441000000.0,1395853723.0,1395853723.0,0.0,False,3909656806.0424733,3909656806.0424733,0.0,1.0,3909656806.0424733,0.0,1437425070.4495509,0.0,10,9464500000.0,9464500000.0,56
double_irma,baseline,,COMPOSITE,"{""double_irma"": 0.6830054540508985}",62383714581.57704,42608417303.17169,19775297278.405346,7976875063.687857,16790859523.764303,0.0,16670065444.54403,1170617271.1754992,7976875063.687857,16790859523.764303,3311060118.435392,16464237159.969955,26.721822444133487,1.8764789481150936,12.786790778956854,26.915453233884417,5.307571279850019,26.391883315060117,16670065444.54403,1170617271.1754992,3311060118.435392,16,11,5,Universal P&C Insurance Co.;First Protective Insurance Co.;Cypress P&C Insurance Co.;Tower Hill Insurance Exchange;Kin Interinsurance Network;Florida Family Home Ins Co.;TypTap Insurance Co.;Homeowners Choice P&C Ins Co.;Edison Insurance Co.;Safe Harbor Insurance Co.;GeoVera Specialty Insurance Co;FL Farm Bureau General Ins Co.;State Farm FL Ins Co;AIG Property Casualty Co.;ASI Preferred Insurance Corp.;Castle Key Indemnity Co.,Universal P&C Insurance Co.;First Protective Insurance Co.;Cypress P&C Insurance Co.;Tower Hill Insurance Exchange;Kin Interinsurance Network;Florida Family Home Ins Co.;TypTap Insurance Co.;Homeowners Choice P&C Ins Co.;Edison Insurance Co.;Safe Harbor Insurance Co.;GeoVera Specialty Insurance Co,496608500.2991807,5,28.08212304765591,199321190.90614104,0.0,0,1.0,437978157.1118424,389724660.0,147896743.1754017,539937478.65,359958319.1,539937478.65,359958319.1,0.0,3311060118.435392,3311060118.435392,1395853723.0,1395853723.0,0.0,False,7452116642.884374,7452116642.884374,0.0,1.0,7452116642.884374,0.0,1502056821.581351,0.0,11,9464500000.0,9464500000.0,57
double_irma,baseline,,COMPOSITE,"{""double_irma"": 0.6189833190265268}",62383714581.577034,38614478704.9081,23769235876.668938,6387339641.51504,15944640247.579582,0.0,15025985499.776781,1256513316.0366914,6387339641.51504,15944640247.579582,3963659146.6763425,19805576729.9926,24.0863911367891,2.014168801047575,10.238793384389664,25.55897858042635,6.3536760727724895,31.747992024574827,15025985499.776781,1256513316.0366914,3963659146.6763425,13,9,4,Universal P&C Insurance Co.;First Protective Insurance Co.;Cypress P&C Insurance Co.;Tower Hill Insurance Exchange;Kin Interinsurance Network;TypTap Insurance Co.;Homeowners Choice P&C Ins Co.;Edison Insurance Co.;GeoVera Specialty Insurance Co;FL Farm Bureau General Ins Co.;AIG Property Casualty Co.;ASI Preferred Insurance Corp.;Castle Key Indemnity Co.,Universal P&C Insurance Co.;First Protective Insurance Co.;Cypress P&C Insurance Co.;Tower Hill Insurance Exchange;Kin Interinsurance Network;TypTap Insurance Co.;Homeowners Choice P&C Ins Co.;Edison Insurance Co.;GeoVera Specialty Insurance Co,207406037.89843145,4,27.119633731281347,193399186.86583638,0.0,0,1.0,275113133.59594846,400353720.0,210174420.5119331,539937478.65,359958319.1,539937478.65,359958319.1,522659146.6763425,3963659146.6763425,3441000000.0,1395853723.0,1395853723.0,0.0,False,6930064079.786847,6930064079.786847,0.0,1.0,6930064079.786847,0.0,1452190207.176024,0.0,11,9464500000.0,9464500000.0,58
double_irma,baseline,,COMPOSITE,"{""double_irma"": 0.5365789804350684}",62383714581.577034,33473789965.934917,28909924615.642117,8864687386.24097,13352318951.746445,0.0,10420091045.535439,836692582.412066,8864687386.24097,13352318951.746445,4803634122.005614,24106290493.636505,16.703223133514186,1.3412035304790193,14.209938356025473,21.40353302348817,7.700141221510731,38.641960734982426,10420091045.535439,836692582.412066,4803634122.005614,11,7,4,Universal P&C Insurance Co.;First Protective Insurance Co.;Tower Hill Insurance Exchange;Kin Interinsurance Network;TypTap Insurance Co.;Homeowners Choice P&C Ins Co.;GeoVera Specialty Insurance Co;FL Farm Bureau General Ins Co.;AIG Property Casualty Co.;ASI Preferred Insurance Corp.;Castle Key Indemnity Co.,Universal P&C Insurance Co.;First Protective Insurance Co.;Tower Hill Insurance Exchange;Kin Interinsurance Network;TypTap Insurance Co.;Homeowners Choice P&C Ins Co.;GeoVera Specialty Insurance Co,112704202.08766288,4,23.145936299594748,181986727.97499084,0.0,0,1.0,51112835.214135945,444236460.0,0.0,539937478.65,178746271.071988,539937478.65,359958319.1,1362634122.0056143,4803634122.005614,3441000000.0,1395853723.0,1395853723.0,0.0,False,3528591644.0111046,3528591644.0111046,0.0,1.0,3528591644.0111046,0.0,1436949370.5860796,0.0,10,9464500000.0,9464500000.0,59
double_irma,baseline,,COMPOSITE,"{""double_irma"": 0.5195523859675778}",62383714581.57703,32411607756.378723,29972106825.198307,3979948150.8350525,12485863198.18569,0.0,14716873597.241623,1228922810.1163578,3979948150.8350525,12485863198.18569,4977191892.290957,24994914932.90735,23.590890180155714,1.9699417041114762,6.379787060660859,20.014619651829737,7.97835128234061,40.06641012090161,14716873597.241623,1228922810.1163578,4977191892.290957,13,9,4,Universal P&C Insurance Co.;First Protective Insurance Co.;Cypress P&C Insurance Co.;Tower Hill Insurance Exchange;Kin Interinsurance Network;TypTap Insurance Co.;Homeowners Choice P&C Ins Co.;Edison Insurance Co.;GeoVera Specialty Insurance Co;FL Farm Bureau General Ins Co.;AIG Property Casualty Co.;ASI Preferred Insurance Corp.;Castle Key Indemnity Co.,Universal P&C Insurance Co.;First Protective Insurance Co.;Cypress P&C Insurance Co.;Tower Hill Insurance Exchange;Kin Interinsurance Network;TypTap Insurance Co.;Homeowners Choice P&C Ins Co.;Edison Insurance Co.;GeoVera Specialty Insurance Co,210113327.52830914,4,27.119633731281347,194084605.97905087,0.0,0,1.0,243590498.33844972,400353720.0,184546740.81602716,539937478.65,359958319.1,539937478.65,359958319.1,1536191892.2909575,4977191892.290957,3441000000.0,1395853723.0,1395853723.0,0.0,False,6674455423.200178,6674455423.200178,0.0,1.0,6674455423.200178,0.0,1451273236.8387094,0.0,11,9464500000.0,9464500000.0,60
double_irma,baseline,,COMPOSITE,"{""double_irma"": 0.5406484627748251}",62383714581.577034,33727659390.71307,28656055190.863964,7430909471.039282,13836202206.003067,0.0,11579410424.723913,881137288.9468095,7430909471.039282,13836202206.003067,4762152527.876365,23893902662.987595,18.561591758986903,1.4124476153060375,11.911617512487393,22.179189390702188,7.633646953884194,38.30150676863328,11579410424.723913,881137288.9468095,4762152527.876365,12,8,4,Universal P&C Insurance Co.;First Protective Insurance Co.;Cypress P&C Insurance Co.;Tower Hill Insurance Exchange;Kin Interinsurance Network;TypTap Insurance Co.;Homeowners Choice P&C Ins Co.;GeoVera Specialty Insurance Co;FL Farm Bureau General Ins Co.;AIG Property Casualty Co.;ASI Preferred Insurance Corp.;Castle Key Indemnity Co.,Universal P&C Insurance Co.;First Protective Insurance Co.;Cypress P&C Insurance Co.;Tower Hill Insurance Exchange;Kin Interinsurance Network;TypTap Insurance Co.;Homeowners Choice P&C Ins Co.;GeoVera Specialty Insurance Co,167002335.79129714,4,24.017115967979795,184629423.76473325,0.0,0,1.0,92441413.51152039,434615760.0,0.0,539937478.65,221458858.29308188,539937478.65,359958319.1,1321152527.8763647,4762152527.876365,3441000000.0,1395853723.0,1395853723.0,0.0,False,4439568851.550749,4439568851.550749,0.0,1.0,4439568851.550749,0.0,1437877379.5681357,0.0,10,9464500000.0,9464500000.0,61
double_irma,baseline,,COMPOSITE,"{""double_irma"": 0.4578314489886884}",62383714581.577034,28561226440.180187,33822488141.396847,5972228598.6449585,12572817118.77323,0.0,9291586922.63717,724593800.1248269,5972228598.6449585,12572817118.77323,5606334039.443826,28216154101.953022,14.894250823244715,1.1615111491594503,9.573377665472742,20.154005260991937,8.986855106411811,45.22999999471934,9291586922.63717,724593800.1248269,5606334039.443826,10,6,4,Universal P&C Insurance Co.;First Protective Insurance Co.;Kin Interinsurance Network;TypTap Insurance Co.;Homeowners Choice P&C Ins Co.;GeoVera Specialty Insurance Co;FL Farm Bureau General Ins Co.;AIG Property Casualty Co.;ASI Preferred Insurance Corp.;Castle Key Indemnity Co.,Universal P&C Insurance Co.;First Protective Insurance Co.;Kin Interinsurance Network;TypTap Insurance Co.;Homeowners Choice P&C Ins Co.;GeoVera Specialty Insurance Co,95282513.26323505,4,18.33203363146337,177825192.71732783,0.0,0,1.0,5.960464477539063e-08,415669042.89259815,0.0,539937478.65,76620431.70146787,539937478.65,359958319.1,2165334039.4438257,5606334039.443826,3441000000.0,1395853723.0,1395853723.0,0.0,False,2705580108.531472,2705580108.531472,0.0,1.0,2705580108.531472,0.0,1435780062.9934497,0.0,10,9464500000.0,9464500000.0,62
double_irma,baseline,,COMPOSITE,"{""double_irma"": 0.6436406396815993}",62383714581.57704,40152693959.00057,22231020622.57647,8829972125.463482,16710773932.091404,0.0,13505610520.189966,1106337381.2557151,8829972125.463482,16710773932.091404,3712318833.0113835,18518701789.565086,21.64925671832052,1.7734394123148849,14.154290402051695,26.78707743547284,5.950781959539956,29.685154072300097,13505610520.189966,1106337381.2557151,3712318833.0113835,12,8,4,Universal P&C Insurance Co.;First Protective Insurance Co.;Cypress P&C Insurance Co.;Tower Hill Insurance Exchange;Kin Interinsurance Network;TypTap Insurance Co.;Homeowners Choice P&C Ins Co.;GeoVera Specialty Insurance Co;FL Farm Bureau General Ins Co.;AIG Property Casualty Co.;ASI Preferred Insurance Corp.;Castle Key Indemnity Co.,Universal P&C Insurance Co.;First Protective Insurance Co.;Cypress P&C Insurance Co.;Tower Hill Insurance Exchange;Kin Interinsurance Network;TypTap Insurance Co.;Homeowners Choice P&C Ins Co.;GeoVera Specialty Insurance Co,206820253.37172443,4,24.017115967979795,188986503.09258312,0.0,0,1.0,136523267.85907626,434615760.0,68552919.75277162,539937478.65,359958319.1,539937478.65,359958319.1,271318833.01138353,3712318833.0113835,3441000000.0,1395853723.0,1395853723.0,0.0,False,5866430229.816298,5866430229.816298,0.0,1.0,5866430229.816298,0.0,1448147780.1789658,0.0,11,9464500000.0,9464500000.0,63
double_irma,baseline,,COMPOSITE,"{""double_irma"": 0.40773286342890236}",62383714581.577034,25435890577.67778,36947824003.899254,5948838505.252306,11671770050.713284,0.0,7245558765.742261,569723255.9699252,5948838505.252306,11671770050.713284,6117005672.623765,30830818331.275494,11.614503583731766,0.9132563839636669,9.53588375612551,18.709642619069296,9.805452775058413,49.42126088205135,7245558765.742261,569723255.9699252,6117005672.623765,8,4,4,Universal P&C Insurance Co.;First Protective Insurance Co.;Kin Interinsurance Network;Homeowners Choice P&C Ins Co.;FL Farm Bureau General Ins Co.;AIG Property Casualty Co.;ASI Preferred Insurance Corp.;Castle Key Indemnity Co.,Universal P&C Insurance Co.;First Protective Insurance Co.;Kin Interinsurance Network;Homeowners Choice P&C Ins Co.,75489826.55383232,4,16.162888892523068,154931009.55494702,0.0,0,1.0,5.960464477539063e-08,317271794.72017366,0.0,476117301.19428205,0.0,539937478.65,359958319.1,2676005672.623765,6117005672.623765,3441000000.0,1395853723.0,1395853723.0,0.0,False,1181106338.1710975,1181106338.1710975,0.0,1.0,1181106338.1710975,0.0,1399990035.685132,0.0,10,9464500000.0,9464500000.0,64
double_irma,baseline,,COMPOSITE,"{""double_irma"": 0.35195612420105843}",62383714581.577034,21956330397.39691,40427384184.18012,2588337540.896578,7959395399.43046,0.0,10613366800.06808,795230657.0017903,2588337540.896578,7959395399.43046,6685556624.645018,33741827559.535103,17.013040777155624,1.2747407914639237,4.149059667666789,12.758771183819508,10.716829976359527,54.08755760353462,10613366800.06808,795230657.0017903,6685556624.645018,12,8,4,Universal P&C Insurance Co.;First Protective Insurance Co.;Cypress P&C Insurance Co.;Tower Hill Insurance Exchange;Kin Interinsurance Network;TypTap Insurance Co.;Homeowners Choice P&C Ins Co.;GeoVera Specialty Insurance Co;FL Farm Bureau General Ins Co.;AIG Property Casualty Co.;ASI Preferred Insurance Corp.;Castle Key Indemnity Co.,Universal P&C Insurance Co.;First Protective Insurance Co.;Cypress P&C Insurance Co.;Tower Hill Insurance Exchange;Kin Interinsurance Network;TypTap Insurance Co.;Homeowners Choice P&C Ins Co.;GeoVera Specialty Insurance Co,105566341.10045193,4,24.017115967979795,181423575.90302497,0.0,0,1.0,38947916.89318353,434615760.0,0.0,539937478.65,142819849.90460575,539937478.65,359958319.1,3244556624.6450176,6685556624.645018,3441000000.0,1395853723.0,1395853723.0,0.0,False,3701868865.50884,3701868865.50884,0.0,1.0,3701868865.50884,0.0,1437113612.2584543,0.0,10,9464500000.0,9464500000.0,65
double_irma,baseline,,COMPOSITE,"{""double_irma"": 0.5362761521821924}",62383714581.57704,33454898414.640263,28928816166.936775,7543162956.249318,12814267357.396427,0.0,12055720999.757547,1041747101.2369711,7543162956.249318,12814267357.396427,4806720951.638453,24122095215.29832,19.3251092542633,1.669902326631599,12.091557879878062,20.54104575744628,7.70508935525612,38.66729542652463,12055720999.757547,1041747101.2369711,4806720951.638453,12,8,4,Universal P&C Insurance Co.;First Protective Insurance Co.;Cypress P&C Insurance Co.;Tower Hill Insurance Exchange;Kin Interinsurance Network;TypTap Insurance Co.;Homeowners Choice P&C Ins Co.;GeoVera Specialty Insurance Co;FL Farm Bureau General Ins Co.;AIG Property Casualty Co.;ASI Preferred Insurance Corp.;Castle Key Indemnity Co.,Universal P&C Insurance Co.;First Protective Insurance Co.;Cypress P&C Insurance Co.;Tower Hill Insurance Exchange;Kin Interinsurance Network;TypTap Insurance Co.;Homeowners Choice P&C Ins Co.;GeoVera Specialty Insurance Co,168071021.9718053,4,24.017115967979795,185454252.5009511,0.0,0,1.0,106242868.57182598,434615760.0,4079689.716991544,539937478.65,359958319.1,539937478.65,359958319.1,1365720951.6384525,4806720951.638453,3441000000.0,1395853723.0,1395853723.0,0.0,False,4855535606.510488,4855535606.510488,0.0,1.0,4855535606.510488,0.0,1438270362.002569,0.0,10,9464500000.0,9464500000.0,66
double_irma,baseline,,COMPOSITE,"{""double_irma"": 0.39458711240937927}",62383714581.57703,24615809798.115376,37767904783.461655,3888791769.5777426,8178856330.653288,0.0,11518501376.732496,1029660321.1518505,3888791769.5777426,8178856330.653288,6251004708.075683,31516900075.385983,18.46395562365904,1.650527430208407,6.233664980773955,13.110563206296542,10.020250877977874,50.521037881084204,11518501376.732496,1029660321.1518505,6251004708.075683,12,8,4,Universal P&C Insurance Co.;First Protective Insurance Co.;Cypress P&C Insurance Co.;Tower Hill Insurance Exchange;Kin Interinsurance Network;TypTap Insurance Co.;Homeowners Choice P&C Ins Co.;GeoVera Specialty Insurance Co;FL Farm Bureau General Ins Co.;AIG Property Casualty Co.;ASI Preferred Insurance Corp.;Castle Key Indemnity Co.,Universal P&C Insurance Co.;First Protective Insurance Co.;Cypress P&C Insurance Co.;Tower Hill Insurance Exchange;Kin Interinsurance Network;TypTap Insurance Co.;Homeowners Choice P&C Ins Co.;GeoVera Specialty Insurance Co,135556001.12901673,4,24.017115967979795,184556455.7484035,0.0,0,1.0,86434992.91563904,434615760.0,0.0,539937478.65,351222342.1306274,539937478.65,359958319.1,2810004708.0756826,6251004708.075683,3441000000.0,1395853723.0,1395853723.0,0.0,False,4444727074.562866,4444727074.562866,0.0,1.0,4444727074.562866,0.0,1437796290.4201083,0.0,10,9464500000.0,9464500000.0,67
double_irma,baseline,,COMPOSITE,"{""double_irma"": 0.5360521886440494}",62383714581.57703,33440926737.20007,28942787844.37696,5199956551.694997,15436506567.750607,0.0,11936918630.894928,867544986.8595352,5199956551.694997,15436506567.750607,4809003886.865431,24133783957.511536,19.134671141272666,1.3906593935266176,8.335439123130755,24.744449206474904,7.7087488603726255,38.68603227522244,11936918630.894928,867544986.8595352,4809003886.865431,12,8,4,Universal P&C Insurance Co.;First Protective Insurance Co.;Cypress P&C Insurance Co.;Tower Hill Insurance Exchange;Kin Interinsurance Network;TypTap Insurance Co.;Homeowners Choice P&C Ins Co.;GeoVera Specialty Insurance Co;FL Farm Bureau General Ins Co.;AIG Property Casualty Co.;ASI Preferred Insurance Corp.;Castle Key Indemnity Co.,Universal P&C Insurance Co.;First Protective Insurance Co.;Cypress P&C Insurance Co.;Tower Hill Insurance Exchange;Kin Interinsurance Network;TypTap Insurance Co.;Homeowners Choice P&C Ins Co.;GeoVera Specialty Insurance Co,139245914.46311304,4,24.017115967979795,184603077.7656061,0.0,0,1.0,92599537.58673376,434615760.0,0.0,539937478.65,210431125.84631276,539937478.65,359958319.1,1368003886.8654308,4809003886.865431,3441000000.0,1395853723.0,1395853723.0,0.0,False,4734372899.766134,4734372899.766134,0.0,1.0,4734372899.766134,0.0,1443085828.1138523,0.0,11,9464500000.0,9464500000.0,68
double_irma,baseline,,COMPOSITE,"{""double_irma"": 0.6258242194975596}",62383714581.57703,39041239487.37398,23342475094.20305,5547115514.631886,15846105255.552702,0.0,16276892622.520523,1371126094.6688714,5547115514.631886,15846105255.552702,3893927560.905427,19448547533.297623,26.09157330834443,2.1978910744019533,8.891928850081722,25.401028716927875,6.241897564168726,31.1756804860753,16276892622.520523,1371126094.6688714,3893927560.905427,15,10,5,Universal P&C Insurance Co.;First Protective Insurance Co.;Cypress P&C Insurance Co.;Tower Hill Insurance Exchange;Kin Interinsurance Network;TypTap Insurance Co.;Homeowners Choice P&C Ins Co.;Edison Insurance Co.;Safe Harbor Insurance Co.;GeoVera Specialty Insurance Co;FL Farm Bureau General Ins Co.;State Farm FL Ins Co;AIG Property Casualty Co.;ASI Preferred Insurance Corp.;Castle Key Indemnity Co.,Universal P&C Insurance Co.;First Protective Insurance Co.;Cypress P&C Insurance Co.;Tower Hill Insurance Exchange;Kin Interinsurance Network;TypTap Insurance Co.;Homeowners Choice P&C Ins Co.;Edison Insurance Co.;Safe Harbor Insurance Co.;GeoVera Specialty Insurance Co,414224471.9749027,5,27.73228202456624,198595961.13054502,0.0,0,1.0,318536662.99505997,393588060.0,322226078.75138235,539937478.65,359958319.1,539937478.65,359958319.1,452927560.905427,3893927560.905427,3441000000.0,1395853723.0,1395853723.0,0.0,False,7617917143.090736,7617917143.090736,0.0,1.0,7617917143.090736,0.0,1502547025.0280943,0.0,11,9464500000.0,9464500000.0,69
double_irma,baseline,,COMPOSITE,"{""double_irma"": 0.5181352167232615}",62383714581.577034,32323199474.72751,30060515106.849525,5758198186.509946,12079397764.01047,0.0,13510959761.792795,974643762.4142989,5758198186.509946,12079397764.01047,4991637572.231835,25068877534.617687,21.65783145876153,1.5623368517752991,9.230290669819203,19.363062691970125,8.001507453847498,40.184970873826344,13510959761.792795,974643762.4142989,4991637572.231835,12,8,4,Universal P&C Insurance Co.;First Protective Insurance Co.;Cypress P&C Insurance Co.;Tower Hill Insurance Exchange;Kin Interinsurance Network;TypTap Insurance Co.;Homeowners Choice P&C Ins Co.;GeoVera Specialty Insurance Co;FL Farm Bureau General Ins Co.;AIG Property Casualty Co.;ASI Preferred Insurance Corp.;Castle Key Indemnity Co.,Universal P&C Insurance Co.;First Protective Insurance Co.;Cypress P&C Insurance Co.;Tower Hill Insurance Exchange;Kin Interinsurance Network;TypTap Insurance Co.;Homeowners Choice P&C Ins Co.;GeoVera Specialty Insurance Co,168175954.18310794,4,24.017115967979795,188487877.86714143,0.0,0,1.0,127270527.79934669,434615760.0,0.0,539937478.65,309704278.41675997,539937478.65,359958319.1,1550637572.2318354,4991637572.231835,3441000000.0,1395853723.0,1395853723.0,0.0,False,5986846259.650132,5986846259.650132,0.0,1.0,5986846259.650132,0.0,1442177837.6744184,0.0,11,9464500000.0,9464500000.0,70
double_irma,baseline,,COMPOSITE,"{""double_irma"": 0.4639926105483853}",62383714581.577034,28945582584.4113,33438131997.165733,4396704395.81702,12391307998.77832,0.0,11222869205.394121,934700984.4218395,4396704395.81702,12391307998.77832,5543531259.668314,27894600737.49742,17.99006243964258,1.4983092794186905,7.047840009699328,19.863049326077935,8.88618335225811,44.71455559290336,11222869205.394121,934700984.4218395,5543531259.668314,11,7,4,Universal P&C Insurance Co.;First Protective Insurance Co.;Tower Hill Insurance Exchange;Kin Interinsurance Network;TypTap Insurance Co.;Homeowners Choice P&C Ins Co.;GeoVera Specialty Insurance Co;FL Farm Bureau General Ins Co.;AIG Property Casualty Co.;ASI Preferred Insurance Corp.;Castle Key Indemnity Co.,Universal P&C Insurance Co.;First Protective Insurance Co.;Tower Hill Insurance Exchange;Kin Interinsurance Network;TypTap Insurance Co.;Homeowners Choice P&C Ins Co.;GeoVera Specialty Insurance Co,124131138.86963221,4,23.145936299594748,183583772.2896424,0.0,0,1.0,72188077.43992186,444236460.0,0.0,539937478.65,265699699.62647867,539937478.65,359958319.1,2102531259.668314,5543531259.668314,3441000000.0,1395853723.0,1395853723.0,0.0,False,4263613677.543777,4263613677.543777,0.0,1.0,4263613677.543777,0.0,1437769395.7727287,0.0,10,9464500000.0,9464500000.0,71
double_irma,baseline,,COMPOSITE,"{""double_irma"": 0.5475927850819539}",62383714581.577034,34160872011.483467,28222842570.093567,4118159979.6414604,18753845957.545563,0.0,10454705340.45489,834160733.8415549,4118159979.6414604,18753845957.545563,4691366728.750814,23531475841.34275,16.758709240988896,1.337145021639825,6.6013381974173475,30.06208604814932,7.520178559768312,37.720542932036295,10454705340.45489,834160733.8415549,4691366728.750814,11,7,4,Universal P&C Insurance Co.;First Protective Insurance Co.;Tower Hill Insurance Exchange;Kin Interinsurance Network;TypTap Insurance Co.;Homeowners Choice P&C Ins Co.;GeoVera Specialty Insurance Co;FL Farm Bureau General Ins Co.;AIG Property Casualty Co.;ASI Preferred Insurance Corp.;Castle Key Indemnity Co.,Universal P&C Insurance Co.;First Protective Insurance Co.;Tower Hill Insurance Exchange;Kin Interinsurance Network;TypTap Insurance Co.;Homeowners Choice P&C Ins Co.;GeoVera Specialty Insurance Co,130721057.84010144,4,23.145936299594748,181557510.5206653,0.0,0,1.0,34230953.73195499,444236460.0,0.0,539937478.65,176306497.78823602,539937478.65,359958319.1,1250366728.7508144,4691366728.750814,3441000000.0,1395853723.0,1395853723.0,0.0,False,3578043457.4789314,3578043457.4789314,0.0,1.0,3578043457.4789314,0.0,1437394594.7876115,0.0,10,9464500000.0,9464500000.0,72
double_irma,baseline,,COMPOSITE,"{""double_irma"": 0.5341344206722526}",62383714581.577034,33321289247.41381,29062425334.163223,5443889617.560167,13574048621.255049,0.0,13181734904.88534,1121616103.713255,5443889617.560167,13574048621.255049,4828552337.011771,24233872997.15145,21.130089789135656,1.797930936360893,8.726459548094688,21.758961793634032,7.740084682994694,38.84647324978004,13181734904.88534,1121616103.713255,4828552337.011771,12,8,4,Universal P&C Insurance Co.;First Protective Insurance Co.;Cypress P&C Insurance Co.;Tower Hill Insurance Exchange;Kin Interinsurance Network;TypTap Insurance Co.;Homeowners Choice P&C Ins Co.;GeoVera Specialty Insurance Co;FL Farm Bureau General Ins Co.;AIG Property Casualty Co.;ASI Preferred Insurance Corp.;Castle Key Indemnity Co.,Universal P&C Insurance Co.;First Protective Insurance Co.;Cypress P&C Insurance Co.;Tower Hill Insurance Exchange;Kin Interinsurance Network;TypTap Insurance Co.;Homeowners Choice P&C Ins Co.;GeoVera Specialty Insurance Co,185845437.3013099,4,24.017115967979795,189392444.96595562,0.0,0,1.0,131682338.79943871,434615760.0,80747809.92283082,539937478.65,359958319.1,539937478.65,359958319.1,1387552337.0117712,4828552337.011771,3441000000.0,1395853723.0,1395853723.0,0.0,False,5631010038.648843,5631010038.648843,0.0,1.0,5631010038.648843,0.0,1439364165.3972635,0.0,11,9464500000.0,9464500000.0,73
double_irma,baseline,,COMPOSITE,"{""double_irma"": 0.45720553821641513}",62383714581.57703,28522179801.209156,33861534780.367874,6280435013.255634,12319230453.990519,0.0,9200149519.517174,722364814.4458294,6280435013.255634,12319230453.990519,5612714157.220211,28248820623.147667,14.747678270242236,1.1579381242218558,10.067427140849277,19.74751028632815,8.997082323273101,45.282363855085386,9200149519.517174,722364814.4458294,5612714157.220211,9,5,4,Universal P&C Insurance Co.;First Protective Insurance Co.;Kin Interinsurance Network;Homeowners Choice P&C Ins Co.;GeoVera Specialty Insurance Co;FL Farm Bureau General Ins Co.;AIG Property Casualty Co.;ASI Preferred Insurance Corp.;Castle Key Indemnity Co.,Universal P&C Insurance Co.;First Protective Insurance Co.;Kin Interinsurance Network;Homeowners Choice P&C Ins Co.;GeoVera Specialty Insurance Co,92172185.12829083,4,16.516370131259112,177660033.04733557,0.0,0,1.0,0.0,432657236.74461436,0.0,539937478.65,74978738.28851569,539937478.65,359958319.1,2171714157.220211,5612714157.220211,3441000000.0,1395853723.0,1395853723.0,0.0,False,2594567147.9389153,2594567147.9389153,0.0,1.0,2594567147.9389153,0.0,1436311045.105297,0.0,10,9464500000.0,9464500000.0,74
double_irma,baseline,,COMPOSITE,"{""double_irma"": 0.550459674553452}",62383714581.577034,34339719226.010338,28043995355.566696,5368612595.453578,16114769142.73097,0.0,11964472356.370733,891865131.4550582,5368612595.453578,16114769142.73097,4662143565.817217,23381851789.74948,19.17883927980147,1.4296441586350184,8.605791802335252,25.831692214573472,7.473334342283662,37.48069820237113,11964472356.370733,891865131.4550582,4662143565.817217,12,8,4,Universal P&C Insurance Co.;First Protective Insurance Co.;Cypress P&C Insurance Co.;Tower Hill Insurance Exchange;Kin Interinsurance Network;TypTap Insurance Co.;Homeowners Choice P&C Ins Co.;GeoVera Specialty Insurance Co;FL Farm Bureau General Ins Co.;AIG Property Casualty Co.;ASI Preferred Insurance Corp.;Castle Key Indemnity Co.,Universal P&C Insurance Co.;First Protective Insurance Co.;Cypress P&C Insurance Co.;Tower Hill Insurance Exchange;Kin Interinsurance Network;TypTap Insurance Co.;Homeowners Choice P&C Ins Co.;GeoVera Specialty Insurance Co,151697096.62516117,4,24.017115967979795,184727912.8886124,0.0,0,1.0,92054208.54642963,434615760.0,0.0,539937478.65,231046721.69241822,539937478.65,359958319.1,1221143565.8172169,4662143565.817217,3441000000.0,1395853723.0,1395853723.0,0.0,False,4814266796.128733,4814266796.128733,0.0,1.0,4814266796.128733,0.0,1439609837.262313,0.0,11,9464500000.0,9464500000.0,75
double_irma,baseline,,COMPOSITE,"{""double_irma"": 0.63622487367923}",62383714581.577034,39690070929.30499,22693643652.27204,6162686790.733615,16587196886.400621,0.0,15726912991.027243,1213274261.1435132,6162686790.733615,16587196886.400621,3787910215.3507304,18905733436.92131,25.20996560803012,1.9448573546497558,9.878678805948436,26.588985599294695,6.071953619237294,30.305559012839694,15726912991.027243,1213274261.1435132,3787910215.3507304,14,10,4,Universal P&C Insurance Co.;Florida Family Insurance Co.;First Protective Insurance Co.;Cypress P&C Insurance Co.;Tower Hill Insurance Exchange;Kin Interinsurance Network;TypTap Insurance Co.;Homeowners Choice P&C Ins Co.;Edison Insurance Co.;GeoVera Specialty Insurance Co;FL Farm Bureau General Ins Co.;AIG Property Casualty Co.;ASI Preferred Insurance Corp.;Castle Key Indemnity Co.,Universal P&C Insurance Co.;Florida Family Insurance Co.;First Protective Insurance Co.;Cypress P&C Insurance Co.;Tower Hill Insurance Exchange;Kin Interinsurance Network;TypTap Insurance Co.;Homeowners Choice P&C Ins Co.;Edison Insurance Co.;GeoVera Specialty Insurance Co,259596913.70448622,4,27.56350641435879,195510858.97297657,0.0,0,1.0,290254936.06545246,395451900.0,175700695.75824547,539937478.65,359958319.1,539937478.65,359958319.1,346910215.3507304,3787910215.3507304,3441000000.0,1395853723.0,1395853723.0,0.0,False,7334649863.230238,7334649863.230238,0.0,1.0,7334649863.230238,0.0,1453202387.5178523,0.0,11,9464500000.0,9464500000.0,76
double_irma,baseline,,COMPOSITE,"{""double_irma"": 0.5471397201572555}",62383714581.57704,34132608138.53417,28251106443.04287,5625668531.78884,14772156264.368164,0.0,12738723375.292686,996059967.0844741,5625668531.78884,14772156264.368164,4695984971.011487,23555121472.03138,20.41995007949502,1.5966666521307589,9.017847958432078,23.679507325667696,7.5275815210886625,37.75844646318577,12738723375.292686,996059967.0844741,4695984971.011487,12,8,4,Universal P&C Insurance Co.;First Protective Insurance Co.;Cypress P&C Insurance Co.;Tower Hill Insurance Exchange;Kin Interinsurance Network;TypTap Insurance Co.;Homeowners Choice P&C Ins Co.;GeoVera Specialty Insurance Co;FL Farm Bureau General Ins Co.;AIG Property Casualty Co.;ASI Preferred Insurance Corp.;Castle Key Indemnity Co.,Universal P&C Insurance Co.;First Protective Insurance Co.;Cypress P&C Insurance Co.;Tower Hill Insurance Exchange;Kin Interinsurance Network;TypTap Insurance Co.;Homeowners Choice P&C Ins Co.;GeoVera Specialty Insurance Co,166470731.97930217,4,24.017115967979795,187340434.51221883,0.0,0,1.0,117285187.91176057,434615760.0,0.0,539937478.65,327725869.97000897,539937478.65,359958319.1,1254984971.011487,4695984971.011487,3441000000.0,1395853723.0,1395853723.0,0.0,False,5278911395.698475,5278911395.698475,0.0,1.0,5278911395.698475,0.0,1442283744.8436224,0.0,11,9464500000.0,9464500000.0,77
double_irma,baseline,,COMPOSITE,"{""double_irma"": 0.7220689352732942}",62383714581.57704,45045342366.31242,17338372215.264618,7161002698.4190445,20025945679.259834,0.0,16529132160.729815,1329261827.9037235,7161002698.4190445,20025945679.259834,2912872993.3771677,14425499221.887451,26.495908862745317,2.1307833892537666,11.478961691283784,32.10123958404656,4.66928430426839,23.12382216840217,16529132160.729815,1329261827.9037235,2912872993.3771677,16,11,5,Universal P&C Insurance Co.;Florida Family Insurance Co.;First Protective Insurance Co.;Cypress P&C Insurance Co.;Tower Hill Insurance Exchange;Kin Interinsurance Network;TypTap Insurance Co.;Homeowners Choice P&C Ins Co.;Edison Insurance Co.;Safe Harbor Insurance Co.;GeoVera Specialty Insurance Co;FL Farm Bureau General Ins Co.;State Farm FL Ins Co;AIG Property Casualty Co.;ASI Preferred Insurance Corp.;Castle Key Indemnity Co.,Universal P&C Insurance Co.;Florida Family Insurance Co.;First Protective Insurance Co.;Cypress P&C Insurance Co.;Tower Hill Insurance Exchange;Kin Interinsurance Network;TypTap Insurance Co.;Homeowners Choice P&C Ins Co.;Edison Insurance Co.;Safe Harbor Insurance Co.;GeoVera Specialty Insurance Co,429275306.84077024,5,28.176154707643686,199723425.07691634,0.0,0,1.0,389017702.3117714,388686240.0,287318051.5842302,539937478.65,359958319.1,539937478.65,359958319.1,0.0,2912872993.3771677,2912872993.3771677,1395853723.0,1395853723.0,0.0,False,7658351671.901632,7658351671.901632,0.0,1.0,7658351671.901632,0.0,1452088526.2939024,0.0,11,9464500000.0,9464500000.0,78
double_irma,baseline,,COMPOSITE,"{""double_irma"": 0.4070666967017351}",62383714581.57704,25394332622.706436,36989381958.870605,2874154197.1821847,7527589844.457625,0.0,13874779513.83875,1117809067.2278724,2874154197.1821847,7527589844.457625,6123796132.808048,30865585826.062553,22.241028138353606,1.7918283236663501,4.607218753259317,12.066594454894242,9.81633776360042,49.47699256622606,13874779513.83875,1117809067.2278724,6123796132.808048,13,9,4,Universal P&C Insurance Co.;First Protective Insurance Co.;Cypress P&C Insurance Co.;Tower Hill Insurance Exchange;Kin Interinsurance Network;TypTap Insurance Co.;Homeowners Choice P&C Ins Co.;Edison Insurance Co.;GeoVera Specialty Insurance Co;FL Farm Bureau General Ins Co.;AIG Property Casualty Co.;ASI Preferred Insurance Corp.;Castle Key Indemnity Co.,Universal P&C Insurance Co.;First Protective Insurance Co.;Cypress P&C Insurance Co.;Tower Hill Insurance Exchange;Kin Interinsurance Network;TypTap Insurance Co.;Homeowners Choice P&C Ins Co.;Edison Insurance Co.;GeoVera Specialty Insurance Co,206842185.03389838,4,27.119633731281347,190302191.02025515,0.0,0,1.0,190167312.42300355,400353720.0,81186641.02948868,539937478.65,359958319.1,539937478.65,359958319.1,2682796132.8080482,6123796132.808048,3441000000.0,1395853723.0,1395853723.0,0.0,False,6081289464.6816225,6081289464.6816225,0.0,1.0,6081289464.6816225,0.0,1447320901.8611817,0.0,11,9464500000.0,9464500000.0,79
double_irma,baseline,,COMPOSITE,"{""double_irma"": 0.447168930795704}",62383714581.57703,27896058948.50818,34487655633.06885,5633068886.911672,10037756676.96964,0.0,11407090316.35331,818143068.273557,5633068886.911672,10037756676.96964,5715020652.420636,28772634980.648212,18.285365648492526,1.3114689847519412,9.029710597860443,16.090347848465505,9.16107784019065,46.12202908023894,11407090316.35331,818143068.273557,5715020652.420636,11,7,4,Universal P&C Insurance Co.;First Protective Insurance Co.;Tower Hill Insurance Exchange;Kin Interinsurance Network;TypTap Insurance Co.;Homeowners Choice P&C Ins Co.;GeoVera Specialty Insurance Co;FL Farm Bureau General Ins Co.;AIG Property Casualty Co.;ASI Preferred Insurance Corp.;Castle Key Indemnity Co.,Universal P&C Insurance Co.;First Protective Insurance Co.;Tower Hill Insurance Exchange;Kin Interinsurance Network;TypTap Insurance Co.;Homeowners Choice P&C Ins Co.;GeoVera Specialty Insurance Co,155042962.9661797,4,23.145936299594748,183521684.62462258,0.0,0,1.0,74429764.67086488,444236460.0,0.0,539937478.65,166150695.86961114,539937478.65,359958319.1,2274020652.420636,5715020652.420636,3441000000.0,1395853723.0,1395853723.0,0.0,False,4266848752.3914413,4266848752.3914413,0.0,1.0,4266848752.3914413,0.0,1437784773.5470161,0.0,10,9464500000.0,9464500000.0,80
double_irma,baseline,,COMPOSITE,"{""double_irma"": 0.5019980930062454}",62383714581.577034,31316505754.59758,31067208826.979454,5237460194.080451,12392225261.233015,0.0,12680041499.594995,1006778799.6891195,5237460194.080451,12392225261.233015,5156128669.7611475,25911080157.218307,20.325884062279975,1.6138487527423355,8.39555680390209,19.86451968170015,8.265183797317256,41.5350069020582,12680041499.594995,1006778799.6891195,5156128669.7611475,12,8,4,Universal P&C Insurance Co.;First Protective Insurance Co.;Cypress P&C Insurance Co.;Tower Hill Insurance Exchange;Kin Interinsurance Network;TypTap Insurance Co.;Homeowners Choice P&C Ins Co.;GeoVera Specialty Insurance Co;FL Farm Bureau General Ins Co.;AIG Property Casualty Co.;ASI Preferred Insurance Corp.;Castle Key Indemnity Co.,Universal P&C Insurance Co.;First Protective Insurance Co.;Cypress P&C Insurance Co.;Tower Hill Insurance Exchange;Kin Interinsurance Network;TypTap Insurance Co.;Homeowners Choice P&C Ins Co.;GeoVera Specialty Insurance Co,173855748.57891017,4,24.017115967979795,187111122.9259842,0.0,0,1.0,113801809.69224083,434615760.0,0.0,539937478.65,335740403.43147826,539937478.65,359958319.1,1715128669.7611475,5156128669.7611475,3441000000.0,1395853723.0,1395853723.0,0.0,False,5316254236.997613,5316254236.997613,0.0,1.0,5316254236.997613,0.0,1441515553.2288713,0.0,11,9464500000.0,9464500000.0,81
double_irma,baseline,,COMPOSITE,"{""double_irma"": 0.5732059369072313}",62383714581.577034,35758715564.486176,26624999017.09086,7473677739.370322,17473813416.2215,0.0,10036909465.548803,774314943.3455544,7473677739.370322,17473813416.2215,4430283308.383764,22194715708.707092,16.088989783421574,1.241213269423079,11.980174296285693,28.0102163415928,7.101666417427638,35.57773989184922,10036909465.548803,774314943.3455544,4430283308.383764,11,7,4,Universal P&C Insurance Co.;First Protective Insurance Co.;Tower Hill Insurance Exchange;Kin Interinsurance Network;TypTap Insurance Co.;Homeowners Choice P&C Ins Co.;GeoVera Specialty Insurance Co;FL Farm Bureau General Ins Co.;AIG Property Casualty Co.;ASI Preferred Insurance Corp.;Castle Key Indemnity Co.,Universal P&C Insurance Co.;First Protective Insurance Co.;Tower Hill Insurance Exchange;Kin Interinsurance Network;TypTap Insurance Co.;Homeowners Choice P&C Ins Co.;GeoVera Specialty Insurance Co,103192878.48937692,4,23.145936299594748,180268512.92386103,0.0,0,1.0,40815635.723674834,444236460.0,0.0,539937478.65,122803378.04298663,539937478.65,359958319.1,989283308.3837643,4430283308.383764,3441000000.0,1395853723.0,1395853723.0,0.0,False,3246714462.469166,3246714462.469166,0.0,1.0,3246714462.469166,0.0,1436350525.755742,0.0,10,9464500000.0,9464500000.0,82
double_irma,baseline,,COMPOSITE,"{""double_irma"": 0.427900403427418}",62383714581.577034,26694016636.757713,35689697944.81932,4311464941.910736,9096094954.248177,0.0,12318993621.970284,967463118.6285176,4311464941.910736,9096094954.248177,5911431194.358841,29778266750.460484,19.747130648754748,1.5508264057655616,6.911202660548183,14.580880627673313,9.475920493045772,47.73403916421243,12318993621.970284,967463118.6285176,5911431194.358841,12,8,4,Universal P&C Insurance Co.;First Protective Insurance Co.;Cypress P&C Insurance Co.;Tower Hill Insurance Exchange;Kin Interinsurance Network;TypTap Insurance Co.;Homeowners Choice P&C Ins Co.;GeoVera Specialty Insurance Co;FL Farm Bureau General Ins Co.;AIG Property Casualty Co.;ASI Preferred Insurance Corp.;Castle Key Indemnity Co.,Universal P&C Insurance Co.;First Protective Insurance Co.;Cypress P&C Insurance Co.;Tower Hill Insurance Exchange;Kin Interinsurance Network;TypTap Insurance Co.;Homeowners Choice P&C Ins Co.;GeoVera Specialty Insurance Co,166249709.4268296,4,24.017115967979795,186470769.7647968,0.0,0,1.0,114605464.49392366,434615760.0,0.0,539937478.65,300940843.37974465,539937478.65,359958319.1,2470431194.358841,5911431194.358841,3441000000.0,1395853723.0,1395853723.0,0.0,False,4955797548.977484,4955797548.977484,0.0,1.0,4955797548.977484,0.0,1439727794.608542,0.0,10,9464500000.0,9464500000.0,83
double_irma,baseline,,COMPOSITE,"{""double_irma"": 0.6425896615742359}",62383714581.57703,40087130040.719315,22296584540.857716,7280557874.577022,19972929416.018272,0.0,11857704514.405142,975938235.7188802,7280557874.577022,19972929416.018272,3723031804.2565136,18573552736.6012,19.00769230229026,1.564411869772005,11.670606541161456,32.016255444199885,5.967954664495064,29.773079178081336,11857704514.405142,975938235.7188802,3723031804.2565136,11,7,4,Universal P&C Insurance Co.;First Protective Insurance Co.;Tower Hill Insurance Exchange;Kin Interinsurance Network;TypTap Insurance Co.;Homeowners Choice P&C Ins Co.;GeoVera Specialty Insurance Co;FL Farm Bureau General Ins Co.;AIG Property Casualty Co.;ASI Preferred Insurance Corp.;Castle Key Indemnity Co.,Universal P&C Insurance Co.;First Protective Insurance Co.;Tower Hill Insurance Exchange;Kin Interinsurance Network;TypTap Insurance Co.;Homeowners Choice P&C Ins Co.;GeoVera Specialty Insurance Co,157032991.5270176,4,23.145936299594748,185132782.45000476,0.0,0,1.0,68330047.69266772,444236460.0,0.0,539937478.65,304815702.75930166,539937478.65,359958319.1,282031804.2565136,3723031804.2565136,3441000000.0,1395853723.0,1395853723.0,0.0,False,4724695564.545837,4724695564.545837,0.0,1.0,4724695564.545837,0.0,1439323463.5654287,0.0,11,9464500000.0,9464500000.0,84
double_irma,baseline,,COMPOSITE,"{""double_irma"": 0.47112929059666764}",62383714581.577034,29390795195.603386,32992919385.973648,6023634151.770434,12410456315.964142,0.0,10080482415.07985,876222312.7889626,6023634151.770434,12410456315.964142,5470784693.771961,27522134692.201687,16.15883645706597,1.4045689947544835,9.655779865262009,19.89374374258432,8.769571883408778,44.117499056924444,10080482415.07985,876222312.7889626,5470784693.771961,11,7,4,Universal P&C Insurance Co.;First Protective Insurance Co.;Tower Hill Insurance Exchange;Kin Interinsurance Network;TypTap Insurance Co.;Homeowners Choice P&C Ins Co.;GeoVera Specialty Insurance Co;FL Farm Bureau General Ins Co.;AIG Property Casualty Co.;ASI Preferred Insurance Corp.;Castle Key Indemnity Co.,Universal P&C Insurance Co.;First Protective Insurance Co.;Tower Hill Insurance Exchange;Kin Interinsurance Network;TypTap Insurance Co.;Homeowners Choice P&C Ins Co.;GeoVera Specialty Insurance Co,109299221.98610884,4,23.145936299594748,181317753.08838034,0.0,0,1.0,41096903.49692559,444236460.0,0.0,539937478.65,212566016.90346253,539937478.65,359958319.1,2029784693.7719612,5470784693.771961,3441000000.0,1395853723.0,1395853723.0,0.0,False,3236922545.3253098,3236922545.3253098,0.0,1.0,3236922545.3253098,0.0,1436085011.0526986,0.0,10,9464500000.0,9464500000.0,85
double_irma,baseline,,COMPOSITE,"{""double_irma"": 0.548686065089926}",62383714581.577034,34229074879.45855,28154639702.118484,8680591776.162975,16710790001.602598,0.0,8139804660.649659,697888441.0433124,8680591776.162975,16710790001.602598,4680222560.089048,23474417142.029438,13.047964064412223,1.118702927076758,13.914836322886263,26.787103194617362,7.502314652919365,37.62907883808803,8139804660.649659,697888441.0433124,4680222560.089048,8,4,4,Universal P&C Insurance Co.;First Protective Insurance Co.;Kin Interinsurance Network;Homeowners Choice P&C Ins Co.;FL Farm Bureau General Ins Co.;AIG Property Casualty Co.;ASI Preferred Insurance Corp.;Castle Key Indemnity Co.,Universal P&C Insurance Co.;First Protective Insurance Co.;Kin Interinsurance Network;Homeowners Choice P&C Ins Co.,80937683.2028704,4,16.162888892523068,174524551.03737098,0.0,0,1.0,0.0,396828169.1799229,0.0,539937478.65,50495331.03192222,539937478.65,359958319.1,1239222560.0890484,4680222560.089048,3441000000.0,1395853723.0,1395853723.0,0.0,False,1758507105.5783458,1758507105.5783458,0.0,1.0,1758507105.5783458,0.0,1434672770.8921905,0.0,10,9464500000.0,9464500000.0,86
double_irma,baseline,,COMPOSITE,"{""double_irma"": 0.5900275773898684}",62383714581.577034,36808111983.14892,25575602598.428116,5613655047.689017,20765857990.632828,0.0,9586430099.484642,842168845.3424263,5613655047.689017,20765857990.632828,4258814702.592835,21316787895.83528,15.366879262934555,1.3499818838795679,8.998590554187398,33.28730603798533,6.826805250629521,34.17043701038362,9586430099.484642,842168845.3424263,4258814702.592835,11,7,4,Universal P&C Insurance Co.;First Protective Insurance Co.;Tower Hill Insurance Exchange;Kin Interinsurance Network;TypTap Insurance Co.;Homeowners Choice P&C Ins Co.;GeoVera Specialty Insurance Co;FL Farm Bureau General Ins Co.;AIG Property Casualty Co.;ASI Preferred Insurance Corp.;Castle Key Indemnity Co.,Universal P&C Insurance Co.;First Protective Insurance Co.;Tower Hill Insurance Exchange;Kin Interinsurance Network;TypTap Insurance Co.;Homeowners Choice P&C Ins Co.;GeoVera Specialty Insurance Co,93388787.93361863,4,23.145936299594748,179035489.87813812,0.0,0,1.0,1.1920928955078125e-07,440818282.8685517,0.0,539937478.65,179761674.92097962,539937478.65,359958319.1,817814702.592835,4258814702.592835,3441000000.0,1395853723.0,1395853723.0,0.0,False,2933160455.9611635,2933160455.9611635,0.0,1.0,2933160455.9611635,0.0,1435954385.9392948,0.0,10,9464500000.0,9464500000.0,87
double_irma,baseline,,COMPOSITE,"{""double_irma"": 0.4672569215644936}",62383714581.577034,29149222431.1457,33234492150.431335,5261691983.784439,10537601498.162529,0.0,12330107995.603195,1019820953.5955373,5261691983.784439,10537601498.162529,5510257046.0517645,27724235104.37957,19.764946794695174,1.634755096639769,8.434399937669479,16.89159032744495,8.832845371601255,44.44146247194938,12330107995.603195,1019820953.5955373,5510257046.0517645,12,8,4,Universal P&C Insurance Co.;First Protective Insurance Co.;Cypress P&C Insurance Co.;Tower Hill Insurance Exchange;Kin Interinsurance Network;TypTap Insurance Co.;Homeowners Choice P&C Ins Co.;GeoVera Specialty Insurance Co;FL Farm Bureau General Ins Co.;AIG Property Casualty Co.;ASI Preferred Insurance Corp.;Castle Key Indemnity Co.,Universal P&C Insurance Co.;First Protective Insurance Co.;Cypress P&C Insurance Co.;Tower Hill Insurance Exchange;Kin Interinsurance Network;TypTap Insurance Co.;Homeowners Choice P&C Ins Co.;GeoVera Specialty Insurance Co,153335071.2864925,4,24.017115967979795,185911962.27539504,0.0,0,1.0,104814768.89119077,434615760.0,0.0,539937478.65,345183137.54737985,539937478.65,359958319.1,2069257046.0517645,5510257046.0517645,3441000000.0,1395853723.0,1395853723.0,0.0,False,5097500923.473977,5097500923.473977,0.0,1.0,5097500923.473977,0.0,1440942600.8027701,0.0,11,9464500000.0,9464500000.0,88
double_irma,baseline,,COMPOSITE,"{""double_irma"": 0.6288929078580254}",62383714581.577034,39232675666.19309,23151038915.38394,6763165136.682627,17233071989.668526,0.0,13982073984.562475,1254364555.27947,6763165136.682627,17233071989.668526,3862647394.4246936,19288391520.95925,22.41301929252481,2.0107243752521033,10.841235059574192,27.624312058451462,6.19175600608656,30.91895320811089,13982073984.562475,1254364555.27947,3862647394.4246936,12,8,4,Universal P&C Insurance Co.;First Protective Insurance Co.;Cypress P&C Insurance Co.;Tower Hill Insurance Exchange;Kin Interinsurance Network;TypTap Insurance Co.;Homeowners Choice P&C Ins Co.;GeoVera Specialty Insurance Co;FL Farm Bureau General Ins Co.;AIG Property Casualty Co.;ASI Preferred Insurance Corp.;Castle Key Indemnity Co.,Universal P&C Insurance Co.;First Protective Insurance Co.;Cypress P&C Insurance Co.;Tower Hill Insurance Exchange;Kin Interinsurance Network;TypTap Insurance Co.;Homeowners Choice P&C Ins Co.;GeoVera Specialty Insurance Co,197942154.9923905,4,24.017115967979795,191664934.5354724,0.0,0,1.0,166197428.73316348,434615760.0,204310485.3769083,539937478.65,359958319.1,539937478.65,359958319.1,421647394.4246936,3862647394.4246936,3441000000.0,1395853723.0,1395853723.0,0.0,False,6130997023.66972,6130997023.66972,0.0,1.0,6130997023.66972,0.0,1448085857.896259,0.0,11,9464500000.0,9464500000.0,89
double_irma,baseline,,COMPOSITE,"{""double_irma"": 0.4246533261605665}",62383714581.577034,26491451895.318123,35892262686.25891,5624500837.085861,11227451873.77871,0.0,8922039674.074629,717459510.378923,5624500837.085861,11227451873.77871,5944529738.607074,29947732947.65184,14.301873067221068,1.15007500786239,9.01597616430951,17.997408376663685,9.528976878787198,48.00569050515615,8922039674.074629,717459510.378923,5944529738.607074,10,6,4,Universal P&C Insurance Co.;First Protective Insurance Co.;Kin Interinsurance Network;TypTap Insurance Co.;Homeowners Choice P&C Ins Co.;GeoVera Specialty Insurance Co;FL Farm Bureau General Ins Co.;AIG Property Casualty Co.;ASI Preferred Insurance Corp.;Castle Key Indemnity Co.,Universal P&C Insurance Co.;First Protective Insurance Co.;Kin Interinsurance Network;TypTap Insurance Co.;Homeowners Choice P&C Ins Co.;GeoVera Specialty Insurance Co,90194438.54718377,4,18.33203363146337,177564044.4798175,0.0,0,1.0,0.0,407949214.4250258,0.0,539937478.65,69842593.12823808,539937478.65,359958319.1,2503529738.607074,5944529738.607074,3441000000.0,1395853723.0,1395853723.0,0.0,False,2376916127.9697156,2376916127.9697156,0.0,1.0,2376916127.9697156,0.0,1435305267.6179752,0.0,10,9464500000.0,9464500000.0,90
double_irma,baseline,,COMPOSITE,"{""double_irma"": 0.4084597572006708}",62383714581.57704,25481236911.266907,36902477670.310135,3715204471.4736786,9617434823.709303,0.0,11268571317.734795,880026298.349127,3715204471.4736786,9617434823.709303,6109596201.369644,30792881468.940483,18.063322123916283,1.4106667168694274,5.9554075873687085,15.416579291912658,9.793575522631528,49.36044875730138,11268571317.734795,880026298.349127,6109596201.369644,12,8,4,Universal P&C Insurance Co.;First Protective Insurance Co.;Cypress P&C Insurance Co.;Tower Hill Insurance Exchange;Kin Interinsurance Network;TypTap Insurance Co.;Homeowners Choice P&C Ins Co.;GeoVera Specialty Insurance Co;FL Farm Bureau General Ins Co.;AIG Property Casualty Co.;ASI Preferred Insurance Corp.;Castle Key Indemnity Co.,Universal P&C Insurance Co.;First Protective Insurance Co.;Cypress P&C Insurance Co.;Tower Hill Insurance Exchange;Kin Interinsurance Network;TypTap Insurance Co.;Homeowners Choice P&C Ins Co.;GeoVera Specialty Insurance Co,154318723.7624317,4,24.017115967979795,183802475.11274445,0.0,0,1.0,88367629.23225021,434615760.0,0.0,539937478.65,219663952.03892338,539937478.65,359958319.1,2668596201.369644,6109596201.369644,3441000000.0,1395853723.0,1395853723.0,0.0,False,4183227308.124345,4183227308.124345,0.0,1.0,4183227308.124345,0.0,1437480476.8000221,0.0,10,9464500000.0,9464500000.0,91
double_irma,baseline,,COMPOSITE,"{""double_irma"": 0.44008110406722234}",62383714581.577034,27453893988.8749,34929820592.70213,4882471507.059571,11567555370.663189,0.0,10173440349.587524,830426761.5646139,4882471507.059571,11567555370.663189,5787269240.09405,29142551352.608078,16.307846395206344,1.331159529589559,7.826516166610969,18.54258831531536,9.276891058685257,46.7149985345925,10173440349.587524,830426761.5646139,5787269240.09405,11,7,4,Universal P&C Insurance Co.;First Protective Insurance Co.;Tower Hill Insurance Exchange;Kin Interinsurance Network;TypTap Insurance Co.;Homeowners Choice P&C Ins Co.;GeoVera Specialty Insurance Co;FL Farm Bureau General Ins Co.;AIG Property Casualty Co.;ASI Preferred Insurance Corp.;Castle Key Indemnity Co.,Universal P&C Insurance Co.;First Protective Insurance Co.;Tower Hill Insurance Exchange;Kin Interinsurance Network;TypTap Insurance Co.;Homeowners Choice P&C Ins Co.;GeoVera Specialty Insurance Co,100036780.88231656,4,23.145936299594748,180431841.44470918,0.0,0,1.0,14367571.980849624,444236460.0,0.0,539937478.65,171157525.87326586,539937478.65,359958319.1,2346269240.0940504,5787269240.09405,3441000000.0,1395853723.0,1395853723.0,0.0,False,3418583926.293039,3418583926.293039,0.0,1.0,3418583926.293039,0.0,1436211847.3863163,0.0,10,9464500000.0,9464500000.0,92
double_irma,baseline,,COMPOSITE,"{""double_irma"": 0.49140465068749745}",62383714581.577034,30655647472.54841,31728067109.028625,5247204023.262533,14736369553.70097,0.0,9860130044.434727,811943851.1501801,5247204023.262533,14736369553.70097,5264111169.256201,26463955939.772427,15.805615472834619,1.3015317484636622,8.411175991132982,23.62214185631849,8.438277849537966,42.421257081712284,9860130044.434727,811943851.1501801,5264111169.256201,11,7,4,Universal P&C Insurance Co.;First Protective Insurance Co.;Tower Hill Insurance Exchange;Kin Interinsurance Network;TypTap Insurance Co.;Homeowners Choice P&C Ins Co.;GeoVera Specialty Insurance Co;FL Farm Bureau General Ins Co.;AIG Property Casualty Co.;ASI Preferred Insurance Corp.;Castle Key Indemnity Co.,Universal P&C Insurance Co.;First Protective Insurance Co.;Tower Hill Insurance Exchange;Kin Interinsurance Network;TypTap Insurance Co.;Homeowners Choice P&C Ins Co.;GeoVera Specialty Insurance Co,97250541.53814733,4,23.145936299594748,180088518.50566602,0.0,0,1.0,49345007.0009138,444236460.0,0.0,539937478.65,155027284.11270928,539937478.65,359958319.1,1823111169.2562008,5264111169.256201,3441000000.0,1395853723.0,1395853723.0,0.0,False,3106458451.3762784,3106458451.3762784,0.0,1.0,3106458451.3762784,0.0,1436647904.95642,0.0,10,9464500000.0,9464500000.0,93
double_irma,baseline,,COMPOSITE,"{""double_irma"": 0.4607797271495834}",62383714581.577034,28745150983.476555,33638563598.10048,4844170478.657829,15793075597.874088,0.0,7516867091.011141,591037815.9334947,4844170478.657829,15793075597.874088,5576281254.386725,28062282343.713753,12.049406069241986,0.9474232496377157,7.765120290045048,25.31602310603359,8.938681019218269,44.983346265823386,7516867091.011141,591037815.9334947,5576281254.386725,8,4,4,Universal P&C Insurance Co.;First Protective Insurance Co.;Kin Interinsurance Network;Homeowners Choice P&C Ins Co.;FL Farm Bureau General Ins Co.;AIG Property Casualty Co.;ASI Preferred Insurance Corp.;Castle Key Indemnity Co.,Universal P&C Insurance Co.;First Protective Insurance Co.;Kin Interinsurance Network;Homeowners Choice P&C Ins Co.,79737183.57307579,4,16.162888892523068,156104570.07541347,0.0,0,1.0,0.0,339849334.50212395,0.0,495192984.7375094,0.0,539937478.65,359958319.1,2135281254.3867254,5576281254.386725,3441000000.0,1395853723.0,1395853723.0,0.0,False,1386298625.9530919,1386298625.9530919,0.0,1.0,1386298625.9530919,0.0,1405072835.6599069,0.0,10,9464500000.0,9464500000.0,94
double_irma,baseline,,COMPOSITE,"{""double_irma"": 0.47321980923885026}",62383714581.57704,29521209513.904774,32862505067.672264,5717108411.591333,14233304979.224335,0.0,8915611371.99654,655184751.092565,5717108411.591333,14233304979.224335,5449475338.282823,27413029729.38944,14.291568611769504,1.050249661289089,9.164424481513148,22.815738169313292,8.735413360415931,43.942605715699024,8915611371.99654,655184751.092565,5449475338.282823,9,5,4,Universal P&C Insurance Co.;First Protective Insurance Co.;Kin Interinsurance Network;Homeowners Choice P&C Ins Co.;GeoVera Specialty Insurance Co;FL Farm Bureau General Ins Co.;AIG Property Casualty Co.;ASI Preferred Insurance Corp.;Castle Key Indemnity Co.,Universal P&C Insurance Co.;First Protective Insurance Co.;Kin Interinsurance Network;Homeowners Choice P&C Ins Co.;GeoVera Specialty Insurance Co,88104541.55684888,4,16.516370131259112,176399711.14507926,0.0,0,1.0,0.0,405248783.5099503,0.0,539937478.65,15528292.638192773,539937478.65,359958319.1,2008475338.2828226,5449475338.282823,3441000000.0,1395853723.0,1395853723.0,0.0,False,2409156683.015505,2409156683.015505,0.0,1.0,2409156683.015505,0.0,1435294634.7953024,0.0,10,9464500000.0,9464500000.0,95
double_irma,baseline,,COMPOSITE,"{""double_irma"": 0.6308888675575609}",62383714581.57704,39357191046.40524,23026523535.1718,5864617895.751946,14304360677.912477,0.0,17870076483.92015,1318135988.8206623,5864617895.751946,14304360677.912477,3842301909.853943,19184221625.317856,28.645419086983136,2.112948864397905,9.400879596682218,22.92963920769283,6.159142551265518,30.751970692978386,17870076483.92015,1318135988.8206623,3842301909.853943,16,12,4,Universal P&C Insurance Co.;Florida Family Insurance Co.;First Protective Insurance Co.;Cypress P&C Insurance Co.;Tower Hill Insurance Exchange;Kin Interinsurance Network;Florida Family Home Ins Co.;TypTap Insurance Co.;Homeowners Choice P&C Ins Co.;Edison Insurance Co.;Safe Harbor Insurance Co.;GeoVera Specialty Insurance Co;FL Farm Bureau General Ins Co.;AIG Property Casualty Co.;ASI Preferred Insurance Corp.;Castle Key Indemnity Co.,Universal P&C Insurance Co.;Florida Family Insurance Co.;First Protective Insurance Co.;Cypress P&C Insurance Co.;Tower Hill Insurance Exchange;Kin Interinsurance Network;Florida Family Home Ins Co.;TypTap Insurance Co.;Homeowners Choice P&C Ins Co.;Edison Insurance Co.;Safe Harbor Insurance Co.;GeoVera Specialty Insurance Co,396792749.5535599,4,28.525995730733356,205238587.6088487,0.0,0,1.0,489757904.77045286,384822840.0,283930302.8026953,539937478.65,359958319.1,539937478.65,359958319.1,401301909.8539429,3842301909.853943,3441000000.0,1395853723.0,1395853723.0,0.0,False,8490800343.650466,8490800343.650466,0.0,1.0,8490800343.650466,0.0,1547528483.5832233,0.0,12,9464500000.0,9464500000.0,96
double_irma,baseline,,COMPOSITE,"{""double_irma"": 0.4875822346114531}",62383714581.57703,30417190959.048424,31966523622.528603,4985506541.044,14170409859.087765,0.0,10425826483.66166,835448075.2550027,4985506541.044,14170409859.087765,5303074334.352297,26663449288.17631,16.712416940206673,1.3392086073401677,7.991679518417623,22.71491839518086,8.500735119608258,42.74104141924643,10425826483.66166,835448075.2550027,5303074334.352297,11,7,4,Universal P&C Insurance Co.;First Protective Insurance Co.;Tower Hill Insurance Exchange;Kin Interinsurance Network;TypTap Insurance Co.;Homeowners Choice P&C Ins Co.;GeoVera Specialty Insurance Co;FL Farm Bureau General Ins Co.;AIG Property Casualty Co.;ASI Preferred Insurance Corp.;Castle Key Indemnity Co.,Universal P&C Insurance Co.;First Protective Insurance Co.;Tower Hill Insurance Exchange;Kin Interinsurance Network;TypTap Insurance Co.;Homeowners Choice P&C Ins Co.;GeoVera Specialty Insurance Co,125636918.68402967,4,23.145936299594748,181291939.30692482,0.0,0,1.0,41260134.6522491,444236460.0,0.0,539937478.65,176882074.3808918,539937478.65,359958319.1,1862074334.3522968,5303074334.352297,3441000000.0,1395853723.0,1395853723.0,0.0,False,3584887928.1569014,3584887928.1569014,0.0,1.0,3584887928.1569014,0.0,1436645940.5031261,0.0,10,9464500000.0,9464500000.0,97
double_irma,baseline,,COMPOSITE,"{""double_irma"": 0.4209437304327971}",62383714581.577034,26260033534.223923,36123681047.35311,4263749510.774109,9835699976.13332,0.0,11265328754.398546,895255292.9179459,4263749510.774109,9835699976.13332,5982342888.171476,30141338159.181633,18.05812435177656,1.435078527982253,6.834715661566691,15.766454501954213,9.589590694136325,48.31603626258396,11265328754.398546,895255292.9179459,5982342888.171476,11,7,4,Universal P&C Insurance Co.;First Protective Insurance Co.;Tower Hill Insurance Exchange;Kin Interinsurance Network;TypTap Insurance Co.;Homeowners Choice P&C Ins Co.;GeoVera Specialty Insurance Co;FL Farm Bureau General Ins Co.;AIG Property Casualty Co.;ASI Preferred Insurance Corp.;Castle Key Indemnity Co.,Universal P&C Insurance Co.;First Protective Insurance Co.;Tower Hill Insurance Exchange;Kin Interinsurance Network;TypTap Insurance Co.;Homeowners Choice P&C Ins Co.;GeoVera Specialty Insurance Co,132935694.20185074,4,23.145936299594748,183619874.8645584,0.0,0,1.0,72608003.59566343,444236460.0,0.0,539937478.65,232221446.53533018,539937478.65,359958319.1,2541342888.1714764,5982342888.171476,3441000000.0,1395853723.0,1395853723.0,0.0,False,4233231784.573771,4233231784.573771,0.0,1.0,4233231784.573771,0.0,1437111391.5916235,0.0,10,9464500000.0,9464500000.0,98
double_irma,baseline,,COMPOSITE,"{""double_irma"": 0.5787969040579858}",62383714581.57703,36107500863.45381,26276213718.12322,5211337898.964482,15533738314.615322,0.0,14245479236.230385,1116945413.6436284,5211337898.964482,15533738314.615322,4373292710.864321,21902921007.258896,22.835253289706024,1.790443902122945,8.35368322312676,24.900309990842867,7.0103114894601495,35.109998104741265,14245479236.230385,1116945413.6436284,4373292710.864321,12,8,4,Universal P&C Insurance Co.;First Protective Insurance Co.;Cypress P&C Insurance Co.;Tower Hill Insurance Exchange;Kin Interinsurance Network;TypTap Insurance Co.;Homeowners Choice P&C Ins Co.;GeoVera Specialty Insurance Co;FL Farm Bureau General Ins Co.;AIG Property Casualty Co.;ASI Preferred Insurance Corp.;Castle Key Indemnity Co.,Universal P&C Insurance Co.;First Protective Insurance Co.;Cypress P&C Insurance Co.;Tower Hill Insurance Exchange;Kin Interinsurance Network;TypTap Insurance Co.;Homeowners Choice P&C Ins Co.;GeoVera Specialty Insurance Co,197336520.01622745,4,24.017115967979795,190503393.10261118,0.0,0,1.0,176898283.1824491,434615760.0,79196338.03863049,539937478.65,359958319.1,539937478.65,359958319.1,932292710.8643208,4373292710.864321,3441000000.0,1395853723.0,1395853723.0,0.0,False,6530784809.20108,6530784809.20108,0.0,1.0,6530784809.20108,0.0,1445801194.9712284,0.0,11,9464500000.0,9464500000.0,99
double_irma,baseline,,COMPOSITE,"{""double_irma"": 0.43351497708980485}",62383714581.577034,27044274597.6093,35339439983.967735,4068874092.4288044,13955348962.604664,0.0,8298396507.878693,721655034.6971333,4068874092.4288044,13955348962.604664,5854199967.773439,29485240016.194298,13.302184013148441,1.1568003597372354,6.522333784898425,22.370179551196387,9.384179840907203,47.2643224501123,8298396507.878693,721655034.6971333,5854199967.773439,8,4,4,Universal P&C Insurance Co.;First Protective Insurance Co.;Kin Interinsurance Network;Homeowners Choice P&C Ins Co.;FL Farm Bureau General Ins Co.;AIG Property Casualty Co.;ASI Preferred Insurance Corp.;Castle Key Indemnity Co.,Universal P&C Insurance Co.;First Protective Insurance Co.;Kin Interinsurance Network;Homeowners Choice P&C Ins Co.,87652994.67106554,4,16.162888892523068,166426690.00410277,0.0,0,1.0,0.0,390148328.8706925,0.0,539937478.65,70939469.73401058,539937478.65,359958319.1,2413199967.7734394,5854199967.773439,3441000000.0,1395853723.0,1395853723.0,0.0,False,1919333214.6162724,1919333214.6162724,0.0,1.0,1919333214.6162724,0.0,1421780735.291597,0.0,10,9464500000.0,9464500000.0,100
