scenario,policy_scenario,policy_severity,events,wind_shares,total_damage_usd,wind_total_usd,water_total_usd,underinsured_wind_usd,uninsured_wind_usd,nfip_policyholder_shortfall_usd,wind_insured_private_usd,wind_insured_citizens_usd,wind_underinsured_usd,wind_uninsured_usd,flood_insured_capped_usd,flood_un_derinsured_usd,wind_insured_private_pct,wind_insured_citizens_pct,wind_underinsured_pct,wind_uninsured_pct,flood_insured_capped_pct,flood_un_derinsured_pct,insured_private_wind_pre_usd,insured_citizens_wind_pre_usd,insured_flood_pre_usd,defaults_pre,defaults_post,rescued_defaults,default_companies_pre,default_companies_post,group_contrib_total_usd,group_supported_companies,defaulted_premium_base_pct,largest_entity_deficit_usd,diag_group_shortfall_total_usd,diag_groups_with_shortfall,diag_groups_fully_funded_share,figa_residual_deficit_usd,figa_collected_usd,citizens_residual_deficit_usd,citizens_tier1_usd,citizens_tier2_usd,citizens_tier1_capacity_usd,citizens_tier2_capacity_usd,nfip_borrowed_usd,nfip_claims_paid_usd,nfip_pool_used_usd,nfip_fl_premium_base_usd,nfip_fl_premium_depletion_usd,underinsured_flood_usd,fhcf_cap_binding,fhcf_total_precap_usd,fhcf_total_postcap_usd,fhcf_shortfall_usd,fhcf_scaling_factor,fhcf_recovery_private_usd,fhcf_recovery_citizens_usd,catbond_payout_usd,catbond_unfilled_usd,catbond_triggers,catbond_limit_in_force_usd,catbond_issue_volume_year_usd,iter
double_irma,baseline,,COMPOSITE,"{""double_irma"": 0.47220584664398285}",62383714581.57704,29457954760.79017,32925759820.786873,3626311789.305275,14333305980.825506,0.0,10739129275.649437,759207715.0099511,3626311789.305275,14333305980.825506,5459810998.032866,27465948822.754005,17.21463581910668,1.216996647445803,5.812914177406463,22.976038020439347,8.751981241664053,44.02743409393765,10739129275.649437,759207715.0099511,5459810998.032866,11,7,4,Universal P&C Insurance Co.;First Protective Insurance Co.;Tower Hill Insurance Exchange;Kin Interinsurance Network;TypTap Insurance Co.;Homeowners Choice P&C Ins Co.;GeoVera Specialty Insurance Co;FL Farm Bureau General Ins Co.;AIG Property Casualty Co.;ASI Preferred Insurance Corp.;Castle Key Indemnity Co.,Universal P&C Insurance Co.;First Protective Insurance Co.;Tower Hill Insurance Exchange;Kin Interinsurance Network;TypTap Insurance Co.;Homeowners Choice P&C Ins Co.;GeoVera Specialty Insurance Co,117136998.66356345,4,23.145936299594748,181267258.17015946,0.0,0,1.0,41147261.91704744,444236460.0,0.0,539937478.65,110783771.73286235,539937478.65,359958319.1,2018810998.0328655,5459810998.032866,3441000000.0,1395853723.0,1395853723.0,0.0,False,3870321715.1554937,3870321715.1554937,0.0,1.0,3870321715.1554937,0.0,1437701842.4922485,0.0,10,9464500000.0,9464500000.0,1
double_irma,baseline,,COMPOSITE,"{""double_irma"": 0.4311531843642153}",62383714581.57703,26896937194.31527,35486777387.26176,6010808251.990517,11478262722.826975,0.0,8662628145.081762,745238074.4160194,6010808251.990517,11478262722.826975,5878274510.695814,29608502876.56595,13.886040937421166,1.1946035586603252,9.635220172935343,18.399453767404708,9.422770910842441,47.46191065273603,8662628145.081762,745238074.4160194,5878274510.695814,9,5,4,Universal P&C Insurance Co.;First Protective Insurance Co.;Kin Interinsurance Network;Homeowners Choice P&C Ins Co.;GeoVera Specialty Insurance Co;FL Farm Bureau General Ins Co.;AIG Property Casualty Co.;ASI Preferred Insurance Corp.;Castle Key Indemnity Co.,Universal P&C Insurance Co.;First Protective Insurance Co.;Kin Interinsurance Network;Homeowners Choice P&C Ins Co.;GeoVera Specialty Insurance Co,86118334.24404567,4,16.516370131259112,176887848.34959662,0.0,0,1.0,0.0,439332437.52716017,0.0,539937478.65,92574973.86496818,539937478.65,359958319.1,2437274510.695814,5878274510.695814,3441000000.0,1395853723.0,1395853723.0,0.0,False,2201789309.791358,2201789309.791358,0.0,1.0,2201789309.791358,0.0,1422664734.2825632,0.0,10,9464500000.0,9464500000.0,2
double_irma,baseline,,COMPOSITE,"{""double_irma"": 0.3946131929375212}",62383714581.57703,24617436798.339115,37766277783.237915,6795815212.426508,9083204926.5859,0.0,8050970710.641021,687445948.6856889,6795815212.426508,9083204926.5859,6250738860.53225,31515538922.70567,12.905564801071673,1.1019637950329801,10.89357255817118,14.5602181394763,10.019824729029843,50.518855977218045,8050970710.641021,687445948.6856889,6250738860.53225,8,4,4,Universal P&C Insurance Co.;First Protective Insurance Co.;Kin Interinsurance Network;Homeowners Choice P&C Ins Co.;FL Farm Bureau General Ins Co.;AIG Property Casualty Co.;ASI Preferred Insurance Corp.;Castle Key Indemnity Co.,Universal P&C Insurance Co.;First Protective Insurance Co.;Kin Interinsurance Network;Homeowners Choice P&C Ins Co.,82302916.12997018,4,16.162888892523068,174851601.95782763,0.0,0,1.0,0.0,386725309.7599213,0.0,539937478.65,40696082.84613335,539937478.65,359958319.1,2809738860.5322504,6250738860.53225,3441000000.0,1395853723.0,1395853723.0,0.0,False,1723162120.1914635,1723162120.1914635,0.0,1.0,1723162120.1914635,0.0,1417647273.9886565,0.0,10,9464500000.0,9464500000.0,3
double_irma,baseline,,COMPOSITE,"{""double_irma"": 0.5062202010269653}",62383714581.57704,31579896536.294758,30803818045.28228,6326118015.818889,12372392441.330767,0.0,12017316973.983326,864069105.1617732,6326118015.818889,12372392441.330767,5113091311.035119,25690726734.247158,19.263548274716303,1.3850876161467744,10.140656192485045,19.832728019348405,8.196195666336772,41.181784230966684,12017316973.983326,864069105.1617732,5113091311.035119,12,8,4,Universal P&C Insurance Co.;First Protective Insurance Co.;Cypress P&C Insurance Co.;Tower Hill Insurance Exchange;Kin Interinsurance Network;TypTap Insurance Co.;Homeowners Choice P&C Ins Co.;GeoVera Specialty Insurance Co;FL Farm Bureau General Ins Co.;AIG Property Casualty Co.;ASI Preferred Insurance Corp.;Castle Key Indemnity Co.,Universal P&C Insurance Co.;First Protective Insurance Co.;Cypress P&C Insurance Co.;Tower Hill Insurance Exchange;Kin Interinsurance Network;TypTap Insurance Co.;Homeowners Choice P&C Ins Co.;GeoVera Specialty Insurance Co,133664590.0861505,4,24.017115967979795,185118357.85117358,0.0,0,1.0,92050322.95502013,434615760.0,0.0,539937478.65,207727152.6447848,539937478.65,359958319.1,1672091311.035119,5113091311.035119,3441000000.0,1395853723.0,1395853723.0,0.0,False,4790328292.976695,4790328292.976695,0.0,1.0,4790328292.976695,0.0,1440313984.1045938,0.0,11,9464500000.0,9464500000.0,4
double_irma,baseline,,COMPOSITE,"{""double_irma"": 0.5670179808103079}",62383714581.57703,35372687877.49237,27011026704.08466,4817119020.907119,15515272437.756805,0.0,13890331143.028349,1149965275.800098,4817119020.907119,15515272437.756805,4493359213.836038,22517667490.248623,22.26595712710317,1.8433741618516932,7.72175727786767,24.870709514208265,7.202775987249408,36.0954259317198,13890331143.028349,1149965275.800098,4493359213.836038,12,8,4,Universal P&C Insurance Co.;First Protective Insurance Co.;Cypress P&C Insurance Co.;Tower Hill Insurance Exchange;Kin Interinsurance Network;TypTap Insurance Co.;Homeowners Choice P&C Ins Co.;GeoVera Specialty Insurance Co;FL Farm Bureau General Ins Co.;AIG Property Casualty Co.;ASI Preferred Insurance Corp.;Castle Key Indemnity Co.,Universal P&C Insurance Co.;First Protective Insurance Co.;Cypress P&C Insurance Co.;Tower Hill Insurance Exchange;Kin Interinsurance Network;TypTap Insurance Co.;Homeowners Choice P&C Ins Co.;GeoVera Specialty Insurance Co,190608148.35259554,4,24.017115967979795,190112188.73405176,0.0,0,1.0,148060498.92424595,434615760.0,107812096.99272883,539937478.65,359958319.1,539937478.65,359958319.1,1052359213.8360376,4493359213.836038,3441000000.0,1395853723.0,1395853723.0,0.0,False,6229068900.752491,6229068900.752491,0.0,1.0,6229068900.752491,0.0,1450780277.6039195,0.0,11,9464500000.0,9464500000.0,5
double_irma,baseline,,COMPOSITE,"{""double_irma"": 0.5131875416701384}",62383714581.577034,32014545126.371086,30369169455.205948,8144503688.657369,12895391580.759602,0.0,10164415575.478182,810234281.4759338,8144503688.657369,12895391580.759602,5042070878.314036,25327098576.891907,16.293379840641784,1.2987913382689298,13.055496523867753,20.671086464235376,8.082351158683721,40.59889467430243,10164415575.478182,810234281.4759338,5042070878.314036,11,7,4,Universal P&C Insurance Co.;First Protective Insurance Co.;Tower Hill Insurance Exchange;Kin Interinsurance Network;TypTap Insurance Co.;Homeowners Choice P&C Ins Co.;GeoVera Specialty Insurance Co;FL Farm Bureau General Ins Co.;AIG Property Casualty Co.;ASI Preferred Insurance Corp.;Castle Key Indemnity Co.,Universal P&C Insurance Co.;First Protective Insurance Co.;Tower Hill Insurance Exchange;Kin Interinsurance Network;TypTap Insurance Co.;Homeowners Choice P&C Ins Co.;GeoVera Specialty Insurance Co,111408475.2230807,4,23.145936299594748,180264068.57059163,0.0,0,1.0,18472131.06937766,444236460.0,0.0,539937478.65,154307870.7960781,539937478.65,359958319.1,1601070878.3140364,5042070878.314036,3441000000.0,1395853723.0,1395853723.0,0.0,False,3360515030.870529,3360515030.870529,0.0,1.0,3360515030.870529,0.0,1436520181.749079,0.0,10,9464500000.0,9464500000.0,6
double_irma,baseline,,COMPOSITE,"{""double_irma"": 0.49587527115304747}",62383714581.57704,30934541383.67384,31449173197.9032,5499073054.99345,15865984052.204475,0.0,8852459467.499565,717024808.9763489,5499073054.99345,15865984052.204475,5218540640.089352,26230632557.813847,14.190337216812424,1.149378189140565,8.814917630149294,25.432894079202473,8.365229090783373,42.04724379391187,8852459467.499565,717024808.9763489,5218540640.089352,10,6,4,Universal P&C Insurance Co.;First Protective Insurance Co.;Kin Interinsurance Network;TypTap Insurance Co.;Homeowners Choice P&C Ins Co.;GeoVera Specialty Insurance Co;FL Farm Bureau General Ins Co.;AIG Property Casualty Co.;ASI Preferred Insurance Corp.;Castle Key Indemnity Co.,Universal P&C Insurance Co.;First Protective Insurance Co.;Kin Interinsurance Network;TypTap Insurance Co.;Homeowners Choice P&C Ins Co.;GeoVera Specialty Insurance Co,94099971.48945399,4,18.33203363146337,176895244.1217001,0.0,0,1.0,0.0,417037628.8302111,0.0,539937478.65,68780460.1442765,539937478.65,359958319.1,1777540640.0893517,5218540640.089352,3441000000.0,1395853723.0,1395853723.0,0.0,False,2353348859.854972,2353348859.854972,0.0,1.0,2353348859.854972,0.0,1435016601.7609568,0.0,10,9464500000.0,9464500000.0,7
double_irma,baseline,,COMPOSITE,"{""double_irma"": 0.4271454410565959}",62383714581.57703,26646919279.69652,35736795301.88051,4629432038.171936,11290819778.074669,0.0,9963526624.184282,763140839.2656356,4629432038.171936,11290819778.074669,5919126778.227908,29817668523.652607,15.971358376159731,1.223301376624027,7.420898337366859,18.09898601550899,9.48825637897479,47.79719951536563,9963526624.184282,763140839.2656356,5919126778.227908,10,6,4,Universal P&C Insurance Co.;First Protective Insurance Co.;Kin Interinsurance Network;TypTap Insurance Co.;Homeowners Choice P&C Ins Co.;GeoVera Specialty Insurance Co;FL Farm Bureau General Ins Co.;AIG Property Casualty Co.;ASI Preferred Insurance Corp.;Castle Key Indemnity Co.,Universal P&C Insurance Co.;First Protective Insurance Co.;Kin Interinsurance Network;TypTap Insurance Co.;Homeowners Choice P&C Ins Co.;GeoVera Specialty Insurance Co,97347033.64407778,4,18.33203363146337,179896571.87527096,0.0,0,1.0,0.0,450187944.39780366,0.0,539937478.65,112225797.17188275,539937478.65,359958319.1,2478126778.227908,5919126778.227908,3441000000.0,1395853723.0,1395853723.0,0.0,False,3231246866.8250923,3231246866.8250923,0.0,1.0,3231246866.8250923,0.0,1436397288.510618,0.0,10,9464500000.0,9464500000.0,8
double_irma,baseline,,COMPOSITE,"{""double_irma"": 0.5482243417396765}",62383714581.57704,34200270861.760937,28183443719.8161,6161643118.800123,11137313483.367538,0.0,15666612237.953651,1234702021.6396246,6161643118.800123,11137313483.367538,4684929060.576329,23498514659.23977,25.11330455878346,1.9792056787914531,9.877005818149469,17.852918118243274,7.509859090628545,37.66770673540378,15666612237.953651,1234702021.6396246,4684929060.576329,13,9,4,Universal P&C Insurance Co.;First Protective Insurance Co.;Cypress P&C Insurance Co.;Tower Hill Insurance Exchange;Kin Interinsurance Network;TypTap Insurance Co.;Homeowners Choice P&C Ins Co.;Safe Harbor Insurance Co.;GeoVera Specialty Insurance Co;FL Farm Bureau General Ins Co.;AIG Property Casualty Co.;ASI Preferred Insurance Corp.;Castle Key Indemnity Co.,Universal P&C Insurance Co.;First Protective Insurance Co.;Cypress P&C Insurance Co.;Tower Hill Insurance Exchange;Kin Interinsurance Network;TypTap Insurance Co.;Homeowners Choice P&C Ins Co.;Safe Harbor Insurance Co.;GeoVera Specialty Insurance Co,216088837.53101864,4,24.62976426126469,194426578.02762318,0.0,0,1.0,229909067.60755885,427850100.0,192151584.4005201,539937478.65,359958319.1,539937478.65,359958319.1,1243929060.5763292,4684929060.576329,3441000000.0,1395853723.0,1395853723.0,0.0,False,7467164705.06737,7467164705.06737,0.0,1.0,7467164705.06737,0.0,1449263381.803983,0.0,11,9464500000.0,9464500000.0,9
double_irma,baseline,,COMPOSITE,"{""double_irma"": 0.5196297385913513}",62383714581.57704,32416433300.38235,29967281281.194687,5941995104.281982,15407406029.496483,0.0,10216708535.53358,850323631.0702974,5941995104.281982,15407406029.496483,4976403411.133818,24990877870.060867,16.377204538170844,1.3630538623319044,9.524913904432285,24.69780155420009,7.977087360879009,40.05993877998585,10216708535.53358,850323631.0702974,4976403411.133818,11,7,4,Universal P&C Insurance Co.;First Protective Insurance Co.;Tower Hill Insurance Exchange;Kin Interinsurance Network;TypTap Insurance Co.;Homeowners Choice P&C Ins Co.;GeoVera Specialty Insurance Co;FL Farm Bureau General Ins Co.;AIG Property Casualty Co.;ASI Preferred Insurance Corp.;Castle Key Indemnity Co.,Universal P&C Insurance Co.;First Protective Insurance Co.;Tower Hill Insurance Exchange;Kin Interinsurance Network;TypTap Insurance Co.;Homeowners Choice P&C Ins Co.;GeoVera Specialty Insurance Co,98947086.81375912,4,23.145936299594748,180528366.18353355,0.0,0,1.0,24270340.739810288,444236460.0,0.0,539937478.65,188485666.78247368,539937478.65,359958319.1,1535403411.1338177,4976403411.133818,3441000000.0,1395853723.0,1395853723.0,0.0,False,3463676420.9969335,3463676420.9969335,0.0,1.0,3463676420.9969335,0.0,1436501569.223012,0.0,10,9464500000.0,9464500000.0,10
double_irma,baseline,,COMPOSITE,"{""double_irma"": 0.49968572761932023}",62383714581.57704,31172251812.291325,31211462769.285713,5394506149.028919,11831075307.8259,0.0,12962711511.472986,983958843.9635203,5394506149.028919,11831075307.8259,5179699383.294379,26031763385.991333,20.778999132092547,1.5772687640727632,8.64729871443405,18.965006151332666,8.302967237580994,41.72846000048697,12962711511.472986,983958843.9635203,5179699383.294379,12,8,4,Universal P&C Insurance Co.;First Protective Insurance Co.;Cypress P&C Insurance Co.;Tower Hill Insurance Exchange;Kin Interinsurance Network;TypTap Insurance Co.;Homeowners Choice P&C Ins Co.;GeoVera Specialty Insurance Co;FL Farm Bureau General Ins Co.;AIG Property Casualty Co.;ASI Preferred Insurance Corp.;Castle Key Indemnity Co.,Universal P&C Insurance Co.;First Protective Insurance Co.;Cypress P&C Insurance Co.;Tower Hill Insurance Exchange;Kin Interinsurance Network;TypTap Insurance Co.;Homeowners Choice P&C Ins Co.;GeoVera Specialty Insurance Co,168109502.20520917,4,24.017115967979795,187163796.16476405,0.0,0,1.0,121566182.42974007,434615760.0,0.0,539937478.65,316536112.9320388,539937478.65,359958319.1,1738699383.2943792,5179699383.294379,3441000000.0,1395853723.0,1395853723.0,0.0,False,5533813810.187748,5533813810.187748,0.0,1.0,5533813810.187748,0.0,1444486405.6987028,0.0,11,9464500000.0,9464500000.0,11
double_irma,baseline,,COMPOSITE,"{""double_irma"": 0.6180858824617806}",62383714581.57703,38558493278.397896,23825221303.179134,7695129477.712948,13258980260.222992,0.0,16301531117.136831,1302852423.3251257,7695129477.712948,13258980260.222992,3972807017.6406317,19852414285.538506,26.131068382950946,2.088449577046956,12.335157547648583,21.253912738531593,6.368339949435889,31.82307180438605,16301531117.136831,1302852423.3251257,3972807017.6406317,14,10,4,Universal P&C Insurance Co.;Florida Family Insurance Co.;First Protective Insurance Co.;Cypress P&C Insurance Co.;Tower Hill Insurance Exchange;Kin Interinsurance Network;TypTap Insurance Co.;Homeowners Choice P&C Ins Co.;Edison Insurance Co.;GeoVera Specialty Insurance Co;FL Farm Bureau General Ins Co.;AIG Property Casualty Co.;ASI Preferred Insurance Corp.;Castle Key Indemnity Co.,Universal P&C Insurance Co.;Florida Family Insurance Co.;First Protective Insurance Co.;Cypress P&C Insurance Co.;Tower Hill Insurance Exchange;Kin Interinsurance Network;TypTap Insurance Co.;Homeowners Choice P&C Ins Co.;Edison Insurance Co.;GeoVera Specialty Insurance Co,241644882.5274096,4,27.56350641435879,196831143.0774839,0.0,0,1.0,379905990.3978311,395451900.0,258841935.01498437,539937478.65,359958319.1,539937478.65,359958319.1,531807017.6406317,3972807017.6406317,3441000000.0,1395853723.0,1395853723.0,0.0,False,7750362858.012838,7750362858.012838,0.0,1.0,7750362858.012838,0.0,1494802075.1566324,0.0,11,9464500000.0,9464500000.0,12
double_irma,baseline,,COMPOSITE,"{""double_irma"": 0.4868308872965779}",62383714581.577034,30370319122.60562,32013395458.971413,5146649081.616792,11220218755.634544,0.0,13015384531.47931,988066753.8749733,5146649081.616792,11220218755.634544,5310733068.747396,26702662390.224014,20.863433059055083,1.5838536715907043,8.249988183833933,17.98581381517808,8.513011936477001,42.80389933386519,13015384531.47931,988066753.8749733,5310733068.747396,12,8,4,Universal P&C Insurance Co.;First Protective Insurance Co.;Cypress P&C Insurance Co.;Tower Hill Insurance Exchange;Kin Interinsurance Network;TypTap Insurance Co.;Homeowners Choice P&C Ins Co.;GeoVera Specialty Insurance Co;FL Farm Bureau General Ins Co.;AIG Property Casualty Co.;ASI Preferred Insurance Corp.;Castle Key Indemnity Co.,Universal P&C Insurance Co.;First Protective Insurance Co.;Cypress P&C Insurance Co.;Tower Hill Insurance Exchange;Kin Interinsurance Network;TypTap Insurance Co.;Homeowners Choice P&C Ins Co.;GeoVera Specialty Insurance Co,186626471.14857036,4,24.017115967979795,187473207.30699724,0.0,0,1.0,113883027.67596889,434615760.0,0.0,539937478.65,320754875.9972131,539937478.65,359958319.1,1869733068.7473965,5310733068.747396,3441000000.0,1395853723.0,1395853723.0,0.0,False,5548119850.990201,5548119850.990201,0.0,1.0,5548119850.990201,0.0,1445498726.9884157,0.0,11,9464500000.0,9464500000.0,13
double_irma,baseline,,COMPOSITE,"{""double_irma"": 0.582120947021323}",62383714581.57703,36314867010.93555,26068847570.641483,5506310286.958511,14726546509.06075,0.0,15007954172.279434,1074056042.6368546,5506310286.958511,14726546509.06075,4339409629.538163,21729437941.103325,24.057487235156625,1.7216929928600977,8.826518786017623,23.60639568809798,6.955997504546907,34.83190779332079,15007954172.279434,1074056042.6368546,4339409629.538163,12,8,4,Universal P&C Insurance Co.;First Protective Insurance Co.;Cypress P&C Insurance Co.;Tower Hill Insurance Exchange;Kin Interinsurance Network;TypTap Insurance Co.;Homeowners Choice P&C Ins Co.;GeoVera Specialty Insurance Co;FL Farm Bureau General Ins Co.;AIG Property Casualty Co.;ASI Preferred Insurance Corp.;Castle Key Indemnity Co.,Universal P&C Insurance Co.;First Protective Insurance Co.;Cypress P&C Insurance Co.;Tower Hill Insurance Exchange;Kin Interinsurance Network;TypTap Insurance Co.;Homeowners Choice P&C Ins Co.;GeoVera Specialty Insurance Co,215594349.59319,4,24.017115967979795,191851813.14976597,0.0,0,1.0,155259609.0451293,434615760.0,43119807.365850925,539937478.65,359958319.1,539937478.65,359958319.1,898409629.5381632,4339409629.538163,3441000000.0,1395853723.0,1395853723.0,0.0,False,7147965818.990616,7147965818.990616,0.0,1.0,7147965818.990616,0.0,1452678257.9215808,0.0,11,9464500000.0,9464500000.0,14
double_irma,baseline,,COMPOSITE,"{""double_irma"": 0.4872473210059158}",62383714581.577034,30396297804.271103,31987416777.30593,4601347243.09003,14352487230.761402,0.0,10605262526.422201,837200803.9974657,4601347243.09003,14352487230.761402,5306488220.712618,26680928556.593315,17.000049768684526,1.3420182007640586,7.375878903576679,23.006785227566322,8.506207519549843,42.76906037985857,10605262526.422201,837200803.9974657,5306488220.712618,11,7,4,Universal P&C Insurance Co.;First Protective Insurance Co.;Tower Hill Insurance Exchange;Kin Interinsurance Network;TypTap Insurance Co.;Homeowners Choice P&C Ins Co.;GeoVera Specialty Insurance Co;FL Farm Bureau General Ins Co.;AIG Property Casualty Co.;ASI Preferred Insurance Corp.;Castle Key Indemnity Co.,Universal P&C Insurance Co.;First Protective Insurance Co.;Tower Hill Insurance Exchange;Kin Interinsurance Network;TypTap Insurance Co.;Homeowners Choice P&C Ins Co.;GeoVera Specialty Insurance Co,116294410.78707293,4,23.145936299594748,181245816.39304066,0.0,0,1.0,30707324.93496585,444236460.0,0.0,539937478.65,177827255.67765963,539937478.65,359958319.1,1865488220.7126179,5306488220.712618,3441000000.0,1395853723.0,1395853723.0,0.0,False,3801983541.691885,3801983541.691885,0.0,1.0,3801983541.691885,0.0,1437306642.5145986,0.0,10,9464500000.0,9464500000.0,15
double_irma,baseline,,COMPOSITE,"{""double_irma"": 0.638567189974635}",62383714581.57703,39836193320.537315,22547521261.039715,9427298354.002748,15062245930.356329,0.0,14222050833.48605,1124598202.6921902,9427298354.002748,15062245930.356329,3764034202.1932125,18783487058.8465,22.797697971140156,1.8027111887054945,15.111793866771105,24.144515970846765,6.033680789032072,30.10960021350441,14222050833.48605,1124598202.6921902,3764034202.1932125,12,8,4,Universal P&C Insurance Co.;First Protective Insurance Co.;Cypress P&C Insurance Co.;Tower Hill Insurance Exchange;Kin Interinsurance Network;TypTap Insurance Co.;Homeowners Choice P&C Ins Co.;GeoVera Specialty Insurance Co;FL Farm Bureau General Ins Co.;AIG Property Casualty Co.;ASI Preferred Insurance Corp.;Castle Key Indemnity Co.,Universal P&C Insurance Co.;First Protective Insurance Co.;Cypress P&C Insurance Co.;Tower Hill Insurance Exchange;Kin Interinsurance Network;TypTap Insurance Co.;Homeowners Choice P&C Ins Co.;GeoVera Specialty Insurance Co,221399120.22868824,4,24.017115967979795,190832857.66573673,0.0,0,1.0,159914067.50403047,434615760.0,87544522.79682887,539937478.65,359958319.1,539937478.65,359958319.1,323034202.1932125,3764034202.1932125,3441000000.0,1395853723.0,1395853723.0,0.0,False,6409415376.975486,6409415376.975486,0.0,1.0,6409415376.975486,0.0,1451348106.7773824,0.0,11,9464500000.0,9464500000.0,16
double_irma,baseline,,COMPOSITE,"{""double_irma"": 0.4286901338412865}",62383714581.577034,26743282953.49288,35640431628.08415,5816287579.042177,12037722326.797962,0.0,8244123230.20049,645149817.452251,5816287579.042177,12037722326.797962,5903381208.202229,29737050419.881927,13.215184901213176,1.0341638387188548,9.323406946914677,19.296257697281952,9.463016506467534,47.66797010940381,8244123230.20049,645149817.452251,5903381208.202229,9,5,4,Universal P&C Insurance Co.;First Protective Insurance Co.;Kin Interinsurance Network;TypTap Insurance Co.;Homeowners Choice P&C Ins Co.;FL Farm Bureau General Ins Co.;AIG Property Casualty Co.;ASI Preferred Insurance Corp.;Castle Key Indemnity Co.,Universal P&C Insurance Co.;First Protective Insurance Co.;Kin Interinsurance Network;TypTap Insurance Co.;Homeowners Choice P&C Ins Co.,78193345.67747302,4,17.978552392727327,175128350.43618786,0.0,0,1.0,0.0,403525585.45921683,0.0,539937478.65,5237334.623337626,539937478.65,359958319.1,2462381208.2022285,5903381208.202229,3441000000.0,1395853723.0,1395853723.0,0.0,False,1855381858.5661514,1855381858.5661514,0.0,1.0,1855381858.5661514,0.0,1421437526.4655452,0.0,10,9464500000.0,9464500000.0,17
double_irma,baseline,,COMPOSITE,"{""double_irma"": 0.5307105816966761}",62383714581.57704,33107697453.988167,29276017127.588875,7996828962.288987,12560164615.841877,0.0,11476394394.432758,1074309481.4245384,7996828962.288987,12560164615.841877,4863452672.457695,24412564455.13118,18.39645886976716,1.7220992507903659,12.81877652833867,20.133723520771404,7.796029308414979,39.13291252191741,11476394394.432758,1074309481.4245384,4863452672.457695,12,8,4,Universal P&C Insurance Co.;First Protective Insurance Co.;Cypress P&C Insurance Co.;Tower Hill Insurance Exchange;Kin Interinsurance Network;TypTap Insurance Co.;Homeowners Choice P&C Ins Co.;GeoVera Specialty Insurance Co;FL Farm Bureau General Ins Co.;AIG Property Casualty Co.;ASI Preferred Insurance Corp.;Castle Key Indemnity Co.,Universal P&C Insurance Co.;First Protective Insurance Co.;Cypress P&C Insurance Co.;Tower Hill Insurance Exchange;Kin Interinsurance Network;TypTap Insurance Co.;Homeowners Choice P&C Ins Co.;GeoVera Specialty Insurance Co,171795248.97221425,4,24.017115967979795,185606998.908341,0.0,0,1.0,96597293.94776762,434615760.0,31980607.31183982,539937478.65,359958319.1,539937478.65,359958319.1,1422452672.457695,4863452672.457695,3441000000.0,1395853723.0,1395853723.0,0.0,False,4329317631.479199,4329317631.479199,0.0,1.0,4329317631.479199,0.0,1437619569.811389,0.0,10,9464500000.0,9464500000.0,18
double_irma,baseline,,COMPOSITE,"{""double_irma"": 0.48084763156391186}",62383714581.577034,29997061404.710396,32386653176.86664,5634938486.237579,11839548981.860878,0.0,11576107438.151756,946466498.4601833,5634938486.237579,11839548981.860878,5371722394.94479,27014930781.921852,18.55629712946009,1.5171691920052655,9.032707532779192,18.97858930214665,8.610776756360625,43.30446008724819,11576107438.151756,946466498.4601833,5371722394.94479,12,8,4,Universal P&C Insurance Co.;First Protective Insurance Co.;Cypress P&C Insurance Co.;Tower Hill Insurance Exchange;Kin Interinsurance Network;TypTap Insurance Co.;Homeowners Choice P&C Ins Co.;GeoVera Specialty Insurance Co;FL Farm Bureau General Ins Co.;AIG Property Casualty Co.;ASI Preferred Insurance Corp.;Castle Key Indemnity Co.,Universal P&C Insurance Co.;First Protective Insurance Co.;Cypress P&C Insurance Co.;Tower Hill Insurance Exchange;Kin Interinsurance Network;TypTap Insurance Co.;Homeowners Choice P&C Ins Co.;GeoVera Specialty Insurance Co,141487905.9466323,4,24.017115967979795,184836113.7204939,0.0,0,1.0,93905824.6258837,434615760.0,0.0,539937478.65,279399661.33271337,539937478.65,359958319.1,1930722394.94479,5371722394.94479,3441000000.0,1395853723.0,1395853723.0,0.0,False,4407623183.482556,4407623183.482556,0.0,1.0,4407623183.482556,0.0,1438007835.0578966,0.0,10,9464500000.0,9464500000.0,19
double_irma,baseline,,COMPOSITE,"{""double_irma"": 0.43828666003624756}",62383714581.57703,27341949904.613956,35041764676.96307,4013712024.7356386,10693600211.158272,0.0,11661956986.18641,972680682.5336372,4013712024.7356386,10693600211.158272,5805560608.0779705,29236204068.88511,18.693912448795388,1.5591900691673246,6.433909958162312,17.141653527499745,9.306211800655506,46.86512219571974,11661956986.18641,972680682.5336372,5805560608.0779705,12,8,4,Universal P&C Insurance Co.;First Protective Insurance Co.;Cypress P&C Insurance Co.;Tower Hill Insurance Exchange;Kin Interinsurance Network;TypTap Insurance Co.;Homeowners Choice P&C Ins Co.;GeoVera Specialty Insurance Co;FL Farm Bureau General Ins Co.;AIG Property Casualty Co.;ASI Preferred Insurance Corp.;Castle Key Indemnity Co.,Universal P&C Insurance Co.;First Protective Insurance Co.;Cypress P&C Insurance Co.;Tower Hill Insurance Exchange;Kin Interinsurance Network;TypTap Insurance Co.;Homeowners Choice P&C Ins Co.;GeoVera Specialty Insurance Co,160739034.8422529,4,24.017115967979795,185010257.85304093,0.0,0,1.0,93784087.28788275,434615760.0,0.0,539937478.65,302420525.08398366,539937478.65,359958319.1,2364560608.0779705,5805560608.0779705,3441000000.0,1395853723.0,1395853723.0,0.0,False,4499277394.307984,4499277394.307984,0.0,1.0,4499277394.307984,0.0,1441620735.8863597,0.0,11,9464500000.0,9464500000.0,20
double_irma,baseline,,COMPOSITE,"{""double_irma"": 0.569917816672079}",62383714581.57703,35553590410.226524,26830124171.350506,5774163753.565969,16003401940.143183,0.0,12767832809.108238,1008191907.4091401,5774163753.565969,16003401940.143183,4463800217.330692,22366323954.019814,20.466611991198736,1.6161139396256412,9.25588319370642,25.653172542677122,7.155393434441187,35.8528248983509,12767832809.108238,1008191907.4091401,4463800217.330692,12,8,4,Universal P&C Insurance Co.;First Protective Insurance Co.;Cypress P&C Insurance Co.;Tower Hill Insurance Exchange;Kin Interinsurance Network;TypTap Insurance Co.;Homeowners Choice P&C Ins Co.;GeoVera Specialty Insurance Co;FL Farm Bureau General Ins Co.;AIG Property Casualty Co.;ASI Preferred Insurance Corp.;Castle Key Indemnity Co.,Universal P&C Insurance Co.;First Protective Insurance Co.;Cypress P&C Insurance Co.;Tower Hill Insurance Exchange;Kin Interinsurance Network;TypTap Insurance Co.;Homeowners Choice P&C Ins Co.;GeoVera Specialty Insurance Co,180093365.9160145,4,24.017115967979795,188117039.94683665,0.0,0,1.0,125848954.60914958,434615760.0,0.0,539937478.65,337217895.2788938,539937478.65,359958319.1,1022800217.3306923,4463800217.330692,3441000000.0,1395853723.0,1395853723.0,0.0,False,5389591178.563424,5389591178.563424,0.0,1.0,5389591178.563424,0.0,1441529410.6146042,0.0,11,9464500000.0,9464500000.0,21
double_irma,baseline,,COMPOSITE,"{""double_irma"": 0.4671793332451178}",62383714581.57704,29144382183.574894,33239332398.002144,4012663619.103257,8251562414.367174,0.0,15742341220.083658,1137814930.020804,4012663619.103257,8251562414.367174,5511047929.732984,27728284468.269157,25.234696788531146,1.8238973707359514,6.4322293823270735,13.227109782917607,8.834113144266803,44.44795353122141,15742341220.083658,1137814930.020804,5511047929.732984,13,9,4,Universal P&C Insurance Co.;First Protective Insurance Co.;Cypress P&C Insurance Co.;Tower Hill Insurance Exchange;Kin Interinsurance Network;TypTap Insurance Co.;Homeowners Choice P&C Ins Co.;Edison Insurance Co.;GeoVera Specialty Insurance Co;FL Farm Bureau General Ins Co.;AIG Property Casualty Co.;ASI Preferred Insurance Corp.;Castle Key Indemnity Co.,Universal P&C Insurance Co.;First Protective Insurance Co.;Cypress P&C Insurance Co.;Tower Hill Insurance Exchange;Kin Interinsurance Network;TypTap Insurance Co.;Homeowners Choice P&C Ins Co.;Edison Insurance Co.;GeoVera Specialty Insurance Co,307808469.58335406,4,27.119633731281347,194940902.17663264,0.0,0,1.0,359262770.2337525,400353720.0,108275705.91213751,539937478.65,359958319.1,539937478.65,359958319.1,2070047929.7329836,5511047929.732984,3441000000.0,1395853723.0,1395853723.0,0.0,False,7313776206.615947,7313776206.615947,0.0,1.0,7313776206.615947,0.0,1452118356.7367225,0.0,11,9464500000.0,9464500000.0,22
double_irma,baseline,,COMPOSITE,"{""double_irma"": 0.36177356316298676}",62383714581.57704,22568778707.5199,39814935874.05714,3741235047.912446,9628628057.85764,0.0,8615785466.328606,583130135.4212106,3741235047.912446,9628628057.85764,6585484186.824408,33229451687.23273,13.810952945198604,0.934747376510694,5.99713414471362,15.43452184987576,10.556415614227005,53.26622806947432,8615785466.328606,583130135.4212106,6585484186.824408,10,6,4,Universal P&C Insurance Co.;First Protective Insurance Co.;Kin Interinsurance Network;TypTap Insurance Co.;Homeowners Choice P&C Ins Co.;GeoVera Specialty Insurance Co;FL Farm Bureau General Ins Co.;AIG Property Casualty Co.;ASI Preferred Insurance Corp.;Castle Key Indemnity Co.,Universal P&C Insurance Co.;First Protective Insurance Co.;Kin Interinsurance Network;TypTap Insurance Co.;Homeowners Choice P&C Ins Co.;GeoVera Specialty Insurance Co,90718292.18388334,4,18.33203363146337,175303537.27915752,0.0,0,1.0,0.0,410548089.424362,0.0,493134825.6115924,0.0,539937478.65,359958319.1,3144484186.8244076,6585484186.824408,3441000000.0,1395853723.0,1395853723.0,0.0,False,2136193678.19921,2136193678.19921,0.0,1.0,2136193678.19921,0.0,1435297102.7502742,0.0,10,9464500000.0,9464500000.0,23
double_irma,baseline,,COMPOSITE,"{""double_irma"": 0.501166483839993}",62383714581.577034,31264626885.72666,31119087695.850372,4216246153.4168425,12612423473.735931,0.0,13278088910.238459,1157868348.3354306,4216246153.4168425,12612423473.735931,5164605540.04306,25954482155.807312,21.284543569259824,1.856042648472505,6.758568613132844,20.217493553134126,8.278772071658997,41.6045795443417,13278088910.238459,1157868348.3354306,5164605540.04306,12,8,4,Universal P&C Insurance Co.;First Protective Insurance Co.;Cypress P&C Insurance Co.;Tower Hill Insurance Exchange;Kin Interinsurance Network;TypTap Insurance Co.;Homeowners Choice P&C Ins Co.;GeoVera Specialty Insurance Co;FL Farm Bureau General Ins Co.;AIG Property Casualty Co.;ASI Preferred Insurance Corp.;Castle Key Indemnity Co.,Universal P&C Insurance Co.;First Protective Insurance Co.;Cypress P&C Insurance Co.;Tower Hill Insurance Exchange;Kin Interinsurance Network;TypTap Insurance Co.;Homeowners Choice P&C Ins Co.;GeoVera Specialty Insurance Co,156329716.47021198,4,24.017115967979795,188598998.49421823,0.0,0,1.0,128606199.14923894,434615760.0,111098552.75865412,539937478.65,359958319.1,539937478.65,359958319.1,1723605540.0430603,5164605540.04306,3441000000.0,1395853723.0,1395853723.0,0.0,False,5843037351.9875965,5843037351.9875965,0.0,1.0,5843037351.9875965,0.0,1444789199.8768845,0.0,11,9464500000.0,9464500000.0,24
double_irma,baseline,,COMPOSITE,"{""double_irma"": 0.5250844370689255}",62383714581.577034,32756717653.335903,29626996928.24113,4342875941.787754,12310002398.992035,0.0,15027088955.581455,1076750356.9746578,4342875941.787754,12310002398.992035,4920801845.761824,24706195082.47931,24.088159957084713,1.726011931473924,6.961553942269219,19.732717876064704,7.887959027074383,39.603597266033056,15027088955.581455,1076750356.9746578,4920801845.761824,14,10,4,Universal P&C Insurance Co.;First Protective Insurance Co.;Cypress P&C Insurance Co.;Tower Hill Insurance Exchange;Kin Interinsurance Network;TypTap Insurance Co.;Homeowners Choice P&C Ins Co.;Edison Insurance Co.;Safe Harbor Insurance Co.;GeoVera Specialty Insurance Co;FL Farm Bureau General Ins Co.;AIG Property Casualty Co.;ASI Preferred Insurance Corp.;Castle Key Indemnity Co.,Universal P&C Insurance Co.;First Protective Insurance Co.;Cypress P&C Insurance Co.;Tower Hill Insurance Exchange;Kin Interinsurance Network;TypTap Insurance Co.;Homeowners Choice P&C Ins Co.;Edison Insurance Co.;Safe Harbor Insurance Co.;GeoVera Specialty Insurance Co,261922233.48219416,4,27.73228202456624,192368812.19077373,0.0,0,1.0,225198678.77903712,393588060.0,48429877.081243515,539937478.65,359958319.1,539937478.65,359958319.1,1479801845.7618237,4920801845.761824,3441000000.0,1395853723.0,1395853723.0,0.0,False,6964958300.635572,6964958300.635572,0.0,1.0,6964958300.635572,0.0,1456538246.0463884,0.0,11,9464500000.0,9464500000.0,25
double_irma,baseline,,COMPOSITE,"{""double_irma"": 0.4348700375201555}",62383714581.577034,27128808300.737083,35254906280.83995,3507155778.064348,10920031200.00495,0.0,11810076769.21621,891544553.4515779,3507155778.064348,10920031200.00495,5840387383.739528,29414518897.10042,18.931345862344536,1.4291302777197339,5.621909181887784,17.50461843006351,9.362038511032,47.150957736952435,11810076769.21621,891544553.4515779,5840387383.739528,11,7,4,Universal P&C Insurance Co.;First Protective Insurance Co.;Tower Hill Insurance Exchange;Kin Interinsurance Network;TypTap Insurance Co.;Homeowners Choice P&C Ins Co.;GeoVera Specialty Insurance Co;FL Farm Bureau General Ins Co.;AIG Property Casualty Co.;ASI Preferred Insurance Corp.;Castle Key Indemnity Co.,Universal P&C Insurance Co.;First Protective Insurance Co.;Tower Hill Insurance Exchange;Kin Interinsurance Network;TypTap Insurance Co.;Homeowners Choice P&C Ins Co.;GeoVera Specialty Insurance Co,133313070.66242869,4,23.145936299594748,184150781.97855163,0.0,0,1.0,81058205.15737915,444236460.0,0.0,539937478.65,230587107.8494507,539937478.65,359958319.1,2399387383.7395277,5840387383.739528,3441000000.0,1395853723.0,1395853723.0,0.0,False,4671677275.1154,4671677275.1154,0.0,1.0,4671677275.1154,0.0,1438215238.847954,0.0,10,9464500000.0,9464500000.0,26
double_irma,baseline,,COMPOSITE,"{""double_irma"": 0.5172083149798645}",62383714581.577034,32265375900.922264,30118338680.65477,7112555963.38272,12935006231.250668,0.0,11306234048.828247,911579657.4606329,7112555963.38272,12935006231.250668,5001085791.613857,25117252889.04091,18.123694821095455,1.461246197945766,11.401302424981244,20.734588053963996,8.016652783755141,40.2625157182584,11306234048.828247,911579657.4606329,5001085791.613857,12,8,4,Universal P&C Insurance Co.;First Protective Insurance Co.;Cypress P&C Insurance Co.;Tower Hill Insurance Exchange;Kin Interinsurance Network;TypTap Insurance Co.;Homeowners Choice P&C Ins Co.;GeoVera Specialty Insurance Co;FL Farm Bureau General Ins Co.;AIG Property Casualty Co.;ASI Preferred Insurance Corp.;Castle Key Indemnity Co.,Universal P&C Insurance Co.;First Protective Insurance Co.;Cypress P&C Insurance Co.;Tower Hill Insurance Exchange;Kin Interinsurance Network;TypTap Insurance Co.;Homeowners Choice P&C Ins Co.;GeoVera Specialty Insurance Co,145875031.98110792,4,24.017115967979795,183341519.02592558,0.0,0,1.0,91325664.16910672,434615760.0,0.0,539937478.65,247022771.1780777,539937478.65,359958319.1,1560085791.6138573,5001085791.613857,3441000000.0,1395853723.0,1395853723.0,0.0,False,4244562625.1906734,4244562625.1906734,0.0,1.0,4244562625.1906734,0.0,1437734497.7956042,0.0,10,9464500000.0,9464500000.0,27
double_irma,baseline,,COMPOSITE,"{""double_irma"": 0.46167563313021753}",62383714581.577034,28801040926.464367,33582673655.112667,3232512724.0540605,11294362999.968367,0.0,13255994199.37249,1018171003.0694505,3232512724.0540605,11294362999.968367,5567148985.178044,28015524669.934624,21.24912613537638,1.632110254893564,5.181661184710338,18.104665738041483,8.924042151895389,44.90839453508285,13255994199.37249,1018171003.0694505,5567148985.178044,12,8,4,Universal P&C Insurance Co.;First Protective Insurance Co.;Cypress P&C Insurance Co.;Tower Hill Insurance Exchange;Kin Interinsurance Network;TypTap Insurance Co.;Homeowners Choice P&C Ins Co.;GeoVera Specialty Insurance Co;FL Farm Bureau General Ins Co.;AIG Property Casualty Co.;ASI Preferred Insurance Corp.;Castle Key Indemnity Co.,Universal P&C Insurance Co.;First Protective Insurance Co.;Cypress P&C Insurance Co.;Tower Hill Insurance Exchange;Kin Interinsurance Network;TypTap Insurance Co.;Homeowners Choice P&C Ins Co.;GeoVera Specialty Insurance Co,177373578.68929708,4,24.017115967979795,188810968.0653938,0.0,0,1.0,126064093.6671834,434615760.0,0.0,539937478.65,349282900.656849,539937478.65,359958319.1,2126148985.1780443,5567148985.178044,3441000000.0,1395853723.0,1395853723.0,0.0,False,5667720650.542315,5667720650.542315,0.0,1.0,5667720650.542315,0.0,1446191468.7579577,0.0,11,9464500000.0,9464500000.0,28
double_irma,baseline,,COMPOSITE,"{""double_irma"": 0.6298393635302484}",62383714581.57704,39291719086.713165,23091995494.863876,7088912422.360155,17874813597.962715,0.0,13215030074.642353,1112962991.7479312,7088912422.360155,17874813597.962715,3852999855.3082504,19238995639.555622,21.18346136211801,1.7840601496926698,11.363402243529803,28.653012597684345,6.176291170141552,30.839772476833595,13215030074.642353,1112962991.7479312,3852999855.3082504,12,8,4,Universal P&C Insurance Co.;First Protective Insurance Co.;Cypress P&C Insurance Co.;Tower Hill Insurance Exchange;Kin Interinsurance Network;TypTap Insurance Co.;Homeowners Choice P&C Ins Co.;GeoVera Specialty Insurance Co;FL Farm Bureau General Ins Co.;AIG Property Casualty Co.;ASI Preferred Insurance Corp.;Castle Key Indemnity Co.,Universal P&C Insurance Co.;First Protective Insurance Co.;Cypress P&C Insurance Co.;Tower Hill Insurance Exchange;Kin Interinsurance Network;TypTap Insurance Co.;Homeowners Choice P&C Ins Co.;GeoVera Specialty Insurance Co,164829764.37757468,4,24.017115967979795,189150558.62693495,0.0,0,1.0,129501196.1773622,434615760.0,72315277.17086482,539937478.65,359958319.1,539937478.65,359958319.1,411999855.3082504,3852999855.3082504,3441000000.0,1395853723.0,1395853723.0,0.0,False,5709072000.499963,5709072000.499963,0.0,1.0,5709072000.499963,0.0,1445564528.8328516,0.0,11,9464500000.0,9464500000.0,29
double_irma,baseline,,COMPOSITE,"{""double_irma"": 0.41962583355811844}",62383714581.57704,26177818231.746014,36205896349.831024,5029065224.039751,11470056294.22788,0.0,8911395385.515793,767301327.9625907,5029065224.039751,11470056294.22788,5995776651.656712,30210119698.174305,14.284810459407105,1.229970567012673,8.061503323056236,18.386299006335832,9.61112478131811,48.42629186287002,8911395385.515793,767301327.9625907,5995776651.656712,10,6,4,Universal P&C Insurance Co.;First Protective Insurance Co.;Kin Interinsurance Network;TypTap Insurance Co.;Homeowners Choice P&C Ins Co.;GeoVera Specialty Insurance Co;FL Farm Bureau General Ins Co.;AIG Property Casualty Co.;ASI Preferred Insurance Corp.;Castle Key Indemnity Co.,Universal P&C Insurance Co.;First Protective Insurance Co.;Kin Interinsurance Network;TypTap Insurance Co.;Homeowners Choice P&C Ins Co.;GeoVera Specialty Insurance Co,84392339.40502837,4,18.33203363146337,177841756.00941664,0.0,0,1.0,0.0,425235095.34754896,0.0,539937478.65,113267400.75360072,539937478.65,359958319.1,2554776651.6567116,5995776651.656712,3441000000.0,1395853723.0,1395853723.0,0.0,False,2348420810.5714545,2348420810.5714545,0.0,1.0,2348420810.5714545,0.0,1434913295.9480155,0.0,10,9464500000.0,9464500000.0,30
double_irma,baseline,,COMPOSITE,"{""double_irma"": 0.3801576300952032}",62383714581.57703,23715645091.8679,38668069489.70913,3133979986.560929,12162536615.977983,0.0,7846357679.305343,572770810.0236437,3133979986.560929,12162536615.977983,6398089245.832297,32269980243.87684,12.577573701618766,0.918141559644787,5.023714935189907,19.496332813066868,10.256024811516694,51.728212178963,7846357679.305343,572770810.0236437,6398089245.832297,8,4,4,Universal P&C Insurance Co.;First Protective Insurance Co.;Kin Interinsurance Network;Homeowners Choice P&C Ins Co.;FL Farm Bureau General Ins Co.;AIG Property Casualty Co.;ASI Preferred Insurance Corp.;Castle Key Indemnity Co.,Universal P&C Insurance Co.;First Protective Insurance Co.;Kin Interinsurance Network;Homeowners Choice P&C Ins Co.,73231419.63824126,4,16.162888892523068,158384271.4677081,0.0,0,1.0,0.0,367180761.98502916,0.0,481439649.5982028,0.0,539937478.65,359958319.1,2957089245.8322973,6398089245.832297,3441000000.0,1395853723.0,1395853723.0,0.0,False,1583343418.6307807,1583343418.6307807,0.0,1.0,1583343418.6307807,0.0,1420879655.269239,0.0,10,9464500000.0,9464500000.0,31
double_irma,baseline,,COMPOSITE,"{""double_irma"": 0.6730707500804888}",62383714581.57703,41988653566.22918,20395061015.347847,7227556202.271484,16146571480.52981,0.0,17245383115.724117,1369142767.7037706,7227556202.271484,16146571480.52981,3412327877.6952615,16982733137.652588,27.64404657752934,2.1947118360728424,11.585645790329234,25.88267080411747,5.469901721278681,27.223023270672435,17245383115.724117,1369142767.7037706,3412327877.6952615,15,11,4,Universal P&C Insurance Co.;Florida Family Insurance Co.;First Protective Insurance Co.;Cypress P&C Insurance Co.;Tower Hill Insurance Exchange;Kin Interinsurance Network;TypTap Insurance Co.;Homeowners Choice P&C Ins Co.;Edison Insurance Co.;Safe Harbor Insurance Co.;GeoVera Specialty Insurance Co;FL Farm Bureau General Ins Co.;AIG Property Casualty Co.;ASI Preferred Insurance Corp.;Castle Key Indemnity Co.,Universal P&C Insurance Co.;Florida Family Insurance Co.;First Protective Insurance Co.;Cypress P&C Insurance Co.;Tower Hill Insurance Exchange;Kin Interinsurance Network;TypTap Insurance Co.;Homeowners Choice P&C Ins Co.;Edison Insurance Co.;Safe Harbor Insurance Co.;GeoVera Specialty Insurance Co,269973132.5337084,4,28.176154707643686,201463449.6030401,0.0,0,1.0,453681961.40090597,388686240.0,325460566.30129933,539937478.65,359958319.1,539937478.65,359958319.1,0.0,3412327877.6952615,3412327877.6952615,1395853723.0,1395853723.0,0.0,False,8235480445.973811,8235480445.973811,0.0,1.0,8235480445.973811,0.0,1531863613.0380683,0.0,12,9464500000.0,9464500000.0,32
double_irma,baseline,,COMPOSITE,"{""double_irma"": 0.4860254382691508}",62383714581.57704,30320072220.3686,32063642361.208443,4686383312.959139,15841338167.967148,0.0,9063076972.568098,729273766.8742115,4686383312.959139,15841338167.967148,5318943279.987565,26744699081.220875,14.527953382315225,1.1690130537522982,7.5121902316844515,25.393387159163105,8.526172761053152,42.87128341203176,9063076972.568098,729273766.8742115,5318943279.987565,10,6,4,Universal P&C Insurance Co.;First Protective Insurance Co.;Kin Interinsurance Network;TypTap Insurance Co.;Homeowners Choice P&C Ins Co.;GeoVera Specialty Insurance Co;FL Farm Bureau General Ins Co.;AIG Property Casualty Co.;ASI Preferred Insurance Corp.;Castle Key Indemnity Co.,Universal P&C Insurance Co.;First Protective Insurance Co.;Kin Interinsurance Network;TypTap Insurance Co.;Homeowners Choice P&C Ins Co.;GeoVera Specialty Insurance Co,90358683.92135127,4,18.33203363146337,178028353.1830784,0.0,0,1.0,0.0,424197763.6570151,0.0,539937478.65,80897782.08659112,539937478.65,359958319.1,1877943279.987565,5318943279.987565,3441000000.0,1395853723.0,1395853723.0,0.0,False,2461851323.6345716,2461851323.6345716,0.0,1.0,2461851323.6345716,0.0,1435560189.2283292,0.0,10,9464500000.0,9464500000.0,33
double_irma,baseline,,COMPOSITE,"{""double_irma"": 0.5803306095935622}",62383714581.577034,36203179111.8374,26180535469.73963,5865156629.132594,16366225060.317522,0.0,12899992817.368784,1071804605.0185015,5865156629.132594,16366225060.317522,4357659137.54247,21822876332.197166,20.67846216579474,1.718083977857618,9.401743176839735,26.234771638864135,6.985251145704235,34.98168789493954,12899992817.368784,1071804605.0185015,4357659137.54247,12,8,4,Universal P&C Insurance Co.;First Protective Insurance Co.;Cypress P&C Insurance Co.;Tower Hill Insurance Exchange;Kin Interinsurance Network;TypTap Insurance Co.;Homeowners Choice P&C Ins Co.;GeoVera Specialty Insurance Co;FL Farm Bureau General Ins Co.;AIG Property Casualty Co.;ASI Preferred Insurance Corp.;Castle Key Indemnity Co.,Universal P&C Insurance Co.;First Protective Insurance Co.;Cypress P&C Insurance Co.;Tower Hill Insurance Exchange;Kin Interinsurance Network;TypTap Insurance Co.;Homeowners Choice P&C Ins Co.;GeoVera Specialty Insurance Co,144858142.19597164,4,24.017115967979795,187658728.91819024,0.0,0,1.0,128060268.6201632,434615760.0,34163494.24804664,539937478.65,359958319.1,539937478.65,359958319.1,916659137.54247,4357659137.54247,3441000000.0,1395853723.0,1395853723.0,0.0,False,5490441550.070371,5490441550.070371,0.0,1.0,5490441550.070371,0.0,1446209585.9810154,0.0,11,9464500000.0,9464500000.0,34
double_irma,baseline,,COMPOSITE,"{""double_irma"": 0.4496314833316173}",62383714581.57704,28049682123.05073,34334032458.526306,4181844300.8593807,13350581119.651964,0.0,9774987773.30663,742268929.232756,4181844300.8593807,13350581119.651964,5689919031.062376,28644113427.46393,15.669133905971908,1.1898440710229212,6.703423047037263,21.400747309129642,9.120840381541989,45.91601128529627,9774987773.30663,742268929.232756,5689919031.062376,11,7,4,Universal P&C Insurance Co.;First Protective Insurance Co.;Tower Hill Insurance Exchange;Kin Interinsurance Network;TypTap Insurance Co.;Homeowners Choice P&C Ins Co.;GeoVera Specialty Insurance Co;FL Farm Bureau General Ins Co.;AIG Property Casualty Co.;ASI Preferred Insurance Corp.;Castle Key Indemnity Co.,Universal P&C Insurance Co.;First Protective Insurance Co.;Tower Hill Insurance Exchange;Kin Interinsurance Network;TypTap Insurance Co.;Homeowners Choice P&C Ins Co.;GeoVera Specialty Insurance Co,94476433.28723516,4,23.145936299594748,179168883.6687745,0.0,0,1.0,20600321.273642182,444236460.0,0.0,539937478.65,93929992.6694951,539937478.65,359958319.1,2248919031.062376,5689919031.062376,3441000000.0,1395853723.0,1395853723.0,0.0,False,3053582795.94769,3053582795.94769,0.0,1.0,3053582795.94769,0.0,1436423091.6304393,0.0,10,9464500000.0,9464500000.0,35
double_irma,baseline,,COMPOSITE,"{""double_irma"": 0.6394035946419542}",62383714581.57704,39888371350.578064,22495343230.998978,8109235774.140824,20483041918.60204,0.0,10445387801.235392,850705856.5998001,8109235774.140824,20483041918.60204,3755508449.765542,18739834781.233437,16.743773389089096,1.3636665631498446,12.99896267564615,32.83395683631033,6.020014157468281,30.039626378336287,10445387801.235392,850705856.5998001,3755508449.765542,11,7,4,Universal P&C Insurance Co.;First Protective Insurance Co.;Tower Hill Insurance Exchange;Kin Interinsurance Network;TypTap Insurance Co.;Homeowners Choice P&C Ins Co.;GeoVera Specialty Insurance Co;FL Farm Bureau General Ins Co.;AIG Property Casualty Co.;ASI Preferred Insurance Corp.;Castle Key Indemnity Co.,Universal P&C Insurance Co.;First Protective Insurance Co.;Tower Hill Insurance Exchange;Kin Interinsurance Network;TypTap Insurance Co.;Homeowners Choice P&C Ins Co.;GeoVera Specialty Insurance Co,104466283.86753733,4,23.145936299594748,181668168.42612314,0.0,0,1.0,62445136.64502764,444236460.0,0.0,539937478.65,191301152.48590744,539937478.65,359958319.1,314508449.76554203,3755508449.765542,3441000000.0,1395853723.0,1395853723.0,0.0,False,3534388469.7119727,3534388469.7119727,0.0,1.0,3534388469.7119727,0.0,1437300870.4468732,0.0,10,9464500000.0,9464500000.0,36
double_irma,baseline,,COMPOSITE,"{""double_irma"": 0.5067299186369272}",62383714581.57703,31611694614.191822,30772019967.38521,4230392205.8539004,14147540899.446705,0.0,12354063565.489643,879697943.4015753,4230392205.8539004,14147540899.446705,5107895589.011605,25664124378.373604,19.80334715294111,1.4101403696492372,6.781244487007844,22.67825985409454,8.187867015088028,41.139141121219254,12354063565.489643,879697943.4015753,5107895589.011605,12,8,4,Universal P&C Insurance Co.;First Protective Insurance Co.;Cypress P&C Insurance Co.;Tower Hill Insurance Exchange;Kin Interinsurance Network;TypTap Insurance Co.;Homeowners Choice P&C Ins Co.;GeoVera Specialty Insurance Co;FL Farm Bureau General Ins Co.;AIG Property Casualty Co.;ASI Preferred Insurance Corp.;Castle Key Indemnity Co.,Universal P&C Insurance Co.;First Protective Insurance Co.;Cypress P&C Insurance Co.;Tower Hill Insurance Exchange;Kin Interinsurance Network;TypTap Insurance Co.;Homeowners Choice P&C Ins Co.;GeoVera Specialty Insurance Co,146675315.5343809,4,24.017115967979795,185703906.90345407,0.0,0,1.0,114676157.02976966,434615760.0,0.0,539937478.65,222440117.0895692,539937478.65,359958319.1,1666895589.0116053,5107895589.011605,3441000000.0,1395853723.0,1395853723.0,0.0,False,5060663001.970875,5060663001.970875,0.0,1.0,5060663001.970875,0.0,1440677798.7562666,0.0,11,9464500000.0,9464500000.0,37
double_irma,baseline,,COMPOSITE,"{""double_irma"": 0.5683376774896716}",62383714581.57704,35455015458.47206,26928699123.10498,8052562440.826356,14515239487.937641,0.0,11925446223.544352,961767306.1637065,8052562440.826356,14515239487.937641,4479907104.339881,22448792018.7651,19.11628107356425,1.541696118313116,12.90811631663308,23.267674240456714,7.181212491733977,35.98501975929885,11925446223.544352,961767306.1637065,4479907104.339881,12,8,4,Universal P&C Insurance Co.;First Protective Insurance Co.;Cypress P&C Insurance Co.;Tower Hill Insurance Exchange;Kin Interinsurance Network;TypTap Insurance Co.;Homeowners Choice P&C Ins Co.;GeoVera Specialty Insurance Co;FL Farm Bureau General Ins Co.;AIG Property Casualty Co.;ASI Preferred Insurance Corp.;Castle Key Indemnity Co.,Universal P&C Insurance Co.;First Protective Insurance Co.;Cypress P&C Insurance Co.;Tower Hill Insurance Exchange;Kin Interinsurance Network;TypTap Insurance Co.;Homeowners Choice P&C Ins Co.;GeoVera Specialty Insurance Co,122438007.76538914,4,24.017115967979795,185000108.43356317,0.0,0,1.0,109272461.21162736,434615760.0,0.0,539937478.65,293176895.3066541,539937478.65,359958319.1,1038907104.339881,4479907104.339881,3441000000.0,1395853723.0,1395853723.0,0.0,False,4738729498.024451,4738729498.024451,0.0,1.0,4738729498.024451,0.0,1439111921.909834,0.0,10,9464500000.0,9464500000.0,38
double_irma,baseline,,COMPOSITE,"{""double_irma"": 0.48629810437772303}",62383714581.577034,30337082145.061836,32046632436.515198,6791043109.362025,13136535466.985584,0.0,9666909404.48711,742594164.2271162,6791043109.362025,13136535466.985584,5316163903.176393,26730468533.338806,15.495886176906035,1.190365417012883,10.88592296068169,21.057635883171706,8.521717468786871,42.84847209344082,9666909404.48711,742594164.2271162,5316163903.176393,11,7,4,Universal P&C Insurance Co.;First Protective Insurance Co.;Tower Hill Insurance Exchange;Kin Interinsurance Network;TypTap Insurance Co.;Homeowners Choice P&C Ins Co.;GeoVera Specialty Insurance Co;FL Farm Bureau General Ins Co.;AIG Property Casualty Co.;ASI Preferred Insurance Corp.;Castle Key Indemnity Co.,Universal P&C Insurance Co.;First Protective Insurance Co.;Tower Hill Insurance Exchange;Kin Interinsurance Network;TypTap Insurance Co.;Homeowners Choice P&C Ins Co.;GeoVera Specialty Insurance Co,110630611.49539307,4,23.145936299594748,179410856.93151075,0.0,0,1.0,32392955.05291903,444236460.0,0.0,539937478.65,94229027.3304621,539937478.65,359958319.1,1875163903.1763926,5316163903.176393,3441000000.0,1395853723.0,1395853723.0,0.0,False,2944363657.9522696,2944363657.9522696,0.0,1.0,2944363657.9522696,0.0,1435990942.8591921,0.0,10,9464500000.0,9464500000.0,39
double_irma,baseline,,COMPOSITE,"{""double_irma"": 0.5008105434862578}",62383714581.577034,31242422004.291183,31141292577.28585,5580979878.281761,12091195206.360708,0.0,12613723307.422853,956523612.2258618,5580979878.281761,12091195206.360708,5168233759.078097,25973058818.207756,20.21957716372968,1.5332905689273262,8.94621283088827,19.38197378508051,8.28458804311785,41.634357608256366,12613723307.422853,956523612.2258618,5168233759.078097,11,7,4,Universal P&C Insurance Co.;First Protective Insurance Co.;Tower Hill Insurance Exchange;Kin Interinsurance Network;TypTap Insurance Co.;Homeowners Choice P&C Ins Co.;GeoVera Specialty Insurance Co;FL Farm Bureau General Ins Co.;AIG Property Casualty Co.;ASI Preferred Insurance Corp.;Castle Key Indemnity Co.,Universal P&C Insurance Co.;First Protective Insurance Co.;Tower Hill Insurance Exchange;Kin Interinsurance Network;TypTap Insurance Co.;Homeowners Choice P&C Ins Co.;GeoVera Specialty Insurance Co,152516142.9550951,4,23.145936299594748,186609484.47790796,0.0,0,1.0,91855150.35244423,444236460.0,0.0,539937478.65,290464152.02897894,539937478.65,359958319.1,1727233759.0780973,5168233759.078097,3441000000.0,1395853723.0,1395853723.0,0.0,False,5303561568.38325,5303561568.38325,0.0,1.0,5303561568.38325,0.0,1439826799.8206882,0.0,11,9464500000.0,9464500000.0,40
double_irma,baseline,,COMPOSITE,"{""double_irma"": 0.5042439799356406}",62383714581.577034,31456612523.78347,30927102057.793564,6055159101.585411,13198464806.720268,0.0,11299394269.751366,903594345.7264208,6055159101.585411,13198464806.720268,5133235593.372732,25793866464.420837,18.112730775233874,1.4484458833319735,9.706313806734428,21.15690752826379,8.228486597508034,41.3471154089279,11299394269.751366,903594345.7264208,5133235593.372732,11,7,4,Universal P&C Insurance Co.;First Protective Insurance Co.;Tower Hill Insurance Exchange;Kin Interinsurance Network;TypTap Insurance Co.;Homeowners Choice P&C Ins Co.;GeoVera Specialty Insurance Co;FL Farm Bureau General Ins Co.;AIG Property Casualty Co.;ASI Preferred Insurance Corp.;Castle Key Indemnity Co.,Universal P&C Insurance Co.;First Protective Insurance Co.;Tower Hill Insurance Exchange;Kin Interinsurance Network;TypTap Insurance Co.;Homeowners Choice P&C Ins Co.;GeoVera Specialty Insurance Co,148374814.57557258,4,23.145936299594748,183715102.413799,0.0,0,1.0,63598021.44056481,444236460.0,0.0,539937478.65,240441036.99108088,539937478.65,359958319.1,1692235593.3727322,5133235593.372732,3441000000.0,1395853723.0,1395853723.0,0.0,False,4209552738.288634,4209552738.288634,0.0,1.0,4209552738.288634,0.0,1436684385.328508,0.0,11,9464500000.0,9464500000.0,41
double_irma,baseline,,COMPOSITE,"{""double_irma"": 0.5156071592326548}",62383714581.57703,32165489857.787674,30218224723.789352,4582711227.559963,15769479075.906256,0.0,10966124897.827425,847174656.4940358,4582711227.559963,15769479075.906256,5017406907.495008,25200817816.294346,17.57850581899448,1.3580061113324933,7.346005697636536,25.27819829530198,8.042815246171209,40.396468830563315,10966124897.827425,847174656.4940358,5017406907.495008,11,7,4,Universal P&C Insurance Co.;First Protective Insurance Co.;Tower Hill Insurance Exchange;Kin Interinsurance Network;TypTap Insurance Co.;Homeowners Choice P&C Ins Co.;GeoVera Specialty Insurance Co;FL Farm Bureau General Ins Co.;AIG Property Casualty Co.;ASI Preferred Insurance Corp.;Castle Key Indemnity Co.,Universal P&C Insurance Co.;First Protective Insurance Co.;Tower Hill Insurance Exchange;Kin Interinsurance Network;TypTap Insurance Co.;Homeowners Choice P&C Ins Co.;GeoVera Specialty Insurance Co,122353073.60658374,4,23.145936299594748,182867003.42131126,0.0,0,1.0,69257939.79471892,444236460.0,0.0,539937478.65,189310332.2391411,539937478.65,359958319.1,1576406907.4950085,5017406907.495008,3441000000.0,1395853723.0,1395853723.0,0.0,False,3982848643.4885488,3982848643.4885488,0.0,1.0,3982848643.4885488,0.0,1438047799.50218,0.0,10,9464500000.0,9464500000.0,42
double_irma,baseline,,COMPOSITE,"{""double_irma"": 0.3100835426335579}",62383714581.577034,19344163220.096153,43039551361.48088,2972605398.1728954,8324268189.074461,0.0,7525746537.592388,521543095.2564108,2972605398.1728954,8324268189.074461,7112377848.749594,35927173512.731285,12.063639666328669,0.8360244316237484,4.765034301196864,13.34365586420652,11.401016910349227,57.590628826294974,7525746537.592388,521543095.2564108,7112377848.749594,8,4,4,Universal P&C Insurance Co.;First Protective Insurance Co.;Kin Interinsurance Network;Homeowners Choice P&C Ins Co.;FL Farm Bureau General Ins Co.;AIG Property Casualty Co.;ASI Preferred Insurance Corp.;Castle Key Indemnity Co.,Universal P&C Insurance Co.;First Protective Insurance Co.;Kin Interinsurance Network;Homeowners Choice P&C Ins Co.,76225040.20300142,4,16.162888892523068,155379434.6155193,0.0,0,1.0,0.0,325243230.1288881,0.0,436130181.800561,0.0,539937478.65,359958319.1,3671377848.7495937,7112377848.749594,3441000000.0,1395853723.0,1395853723.0,0.0,False,1391598463.5815434,1391598463.5815434,0.0,1.0,1391598463.5815434,0.0,1419815618.105997,0.0,10,9464500000.0,9464500000.0,43
double_irma,baseline,,COMPOSITE,"{""double_irma"": 0.5032537200976201}",62383714581.57704,31394836436.686806,30988878144.890232,3672905832.6203146,12696222117.349714,0.0,13966672327.819094,1059036158.8976779,3672905832.6203146,12696222117.349714,5143329642.997165,25845548501.893066,22.388330706975385,1.6976163827384994,5.887603611383836,20.3518213086643,8.244667181963667,41.429960808274295,13966672327.819094,1059036158.8976779,5143329642.997165,12,8,4,Universal P&C Insurance Co.;First Protective Insurance Co.;Cypress P&C Insurance Co.;Tower Hill Insurance Exchange;Kin Interinsurance Network;TypTap Insurance Co.;Homeowners Choice P&C Ins Co.;GeoVera Specialty Insurance Co;FL Farm Bureau General Ins Co.;AIG Property Casualty Co.;ASI Preferred Insurance Corp.;Castle Key Indemnity Co.,Universal P&C Insurance Co.;First Protective Insurance Co.;Cypress P&C Insurance Co.;Tower Hill Insurance Exchange;Kin Interinsurance Network;TypTap Insurance Co.;Homeowners Choice P&C Ins Co.;GeoVera Specialty Insurance Co,206991087.9053739,4,24.017115967979795,189878532.07163197,0.0,0,1.0,155512179.8161745,434615760.0,27101617.1545341,539937478.65,359958319.1,539937478.65,359958319.1,1702329642.9971647,5143329642.997165,3441000000.0,1395853723.0,1395853723.0,0.0,False,6283203231.907557,6283203231.907557,0.0,1.0,6283203231.907557,0.0,1449755019.5436566,0.0,11,9464500000.0,9464500000.0,44
double_irma,baseline,,COMPOSITE,"{""double_irma"": 0.541103623974959}",62383714581.57703,33756054037.110832,28627660544.466198,7609721477.390301,11749069875.376602,0.0,13354802606.527641,1042460077.8162872,7609721477.390301,11749069875.376602,4757512917.579281,23870147626.886917,21.407514278528616,1.6710452155796176,12.198250021549024,18.833552881838656,7.626209739976361,38.26342786252773,13354802606.527641,1042460077.8162872,4757512917.579281,12,8,4,Universal P&C Insurance Co.;First Protective Insurance Co.;Cypress P&C Insurance Co.;Tower Hill Insurance Exchange;Kin Interinsurance Network;TypTap Insurance Co.;Homeowners Choice P&C Ins Co.;GeoVera Specialty Insurance Co;FL Farm Bureau General Ins Co.;AIG Property Casualty Co.;ASI Preferred Insurance Corp.;Castle Key Indemnity Co.,Universal P&C Insurance Co.;First Protective Insurance Co.;Cypress P&C Insurance Co.;Tower Hill Insurance Exchange;Kin Interinsurance Network;TypTap Insurance Co.;Homeowners Choice P&C Ins Co.;GeoVera Specialty Insurance Co,189465464.60680038,4,24.017115967979795,189038263.84563404,0.0,0,1.0,129503401.78900993,434615760.0,10244864.682590961,539937478.65,359958319.1,539937478.65,359958319.1,1316512917.5792809,4757512917.579281,3441000000.0,1395853723.0,1395853723.0,0.0,False,5809849555.85637,5809849555.85637,0.0,1.0,5809849555.85637,0.0,1447428192.9760869,0.0,11,9464500000.0,9464500000.0,45
double_irma,baseline,,COMPOSITE,"{""double_irma"": 0.5456450399167362}",62383714581.57704,34039364433.018887,28344350148.55815,6528697423.523528,15656017341.421675,0.0,10962975539.47938,891674128.5943029,6528697423.523528,15656017341.421675,4711220746.452632,23633129402.105522,17.573457452815628,1.4293379844002256,10.46538742893576,25.096321125522014,7.552004201820862,37.88349180650551,10962975539.47938,891674128.5943029,4711220746.452632,11,7,4,Universal P&C Insurance Co.;First Protective Insurance Co.;Tower Hill Insurance Exchange;Kin Interinsurance Network;TypTap Insurance Co.;Homeowners Choice P&C Ins Co.;GeoVera Specialty Insurance Co;FL Farm Bureau General Ins Co.;AIG Property Casualty Co.;ASI Preferred Insurance Corp.;Castle Key Indemnity Co.,Universal P&C Insurance Co.;First Protective Insurance Co.;Tower Hill Insurance Exchange;Kin Interinsurance Network;TypTap Insurance Co.;Homeowners Choice P&C Ins Co.;GeoVera Specialty Insurance Co,115580154.46385154,4,23.145936299594748,182482088.11935687,0.0,0,1.0,66740158.43464136,444236460.0,0.0,539937478.65,227947497.0960294,539937478.65,359958319.1,1270220746.452632,4711220746.452632,3441000000.0,1395853723.0,1395853723.0,0.0,False,4003195984.090057,4003195984.090057,0.0,1.0,4003195984.090057,0.0,1438628974.8748655,0.0,10,9464500000.0,9464500000.0,46
double_irma,baseline,,COMPOSITE,"{""double_irma"": 0.5802214134292022}",62383714581.577034,36196367049.48656,26187347532.090477,6856684770.657322,14487706458.557066,0.0,13759458042.013052,1092517778.259119,6856684770.657322,14487706458.557066,4358772210.555763,21828575321.53471,22.056169842243495,1.751286831165642,10.991145392105613,23.223539277405468,6.9870353822165345,34.99082327486324,13759458042.013052,1092517778.259119,4358772210.555763,12,8,4,Universal P&C Insurance Co.;First Protective Insurance Co.;Cypress P&C Insurance Co.;Tower Hill Insurance Exchange;Kin Interinsurance Network;TypTap Insurance Co.;Homeowners Choice P&C Ins Co.;GeoVera Specialty Insurance Co;FL Farm Bureau General Ins Co.;AIG Property Casualty Co.;ASI Preferred Insurance Corp.;Castle Key Indemnity Co.,Universal P&C Insurance Co.;First Protective Insurance Co.;Cypress P&C Insurance Co.;Tower Hill Insurance Exchange;Kin Interinsurance Network;TypTap Insurance Co.;Homeowners Choice P&C Ins Co.;GeoVera Specialty Insurance Co,180978806.0395941,4,24.017115967979795,190269886.47700322,0.0,0,1.0,172318240.08343577,434615760.0,58015454.62843037,539937478.65,359958319.1,539937478.65,359958319.1,917772210.5557632,4358772210.555763,3441000000.0,1395853723.0,1395853723.0,0.0,False,6005121104.194204,6005121104.194204,0.0,1.0,6005121104.194204,0.0,1450435386.4918704,0.0,11,9464500000.0,9464500000.0,47
double_irma,baseline,,COMPOSITE,"{""double_irma"": 0.55530156666993}",62383714581.57704,34641774441.83949,27741940139.73755,4739662623.94334,14951249162.759155,0.0,13892946993.347406,1057915661.7895883,4739662623.94334,14951249162.759155,4612788540.576991,23129151599.160553,22.27015028927153,1.695820245532491,7.597596032447614,23.966590099741367,7.394219102719518,37.07562423028747,13892946993.347406,1057915661.7895883,4612788540.576991,12,8,4,Universal P&C Insurance Co.;First Protective Insurance Co.;Cypress P&C Insurance Co.;Tower Hill Insurance Exchange;Kin Interinsurance Network;TypTap Insurance Co.;Homeowners Choice P&C Ins Co.;GeoVera Specialty Insurance Co;FL Farm Bureau General Ins Co.;AIG Property Casualty Co.;ASI Preferred Insurance Corp.;Castle Key Indemnity Co.,Universal P&C Insurance Co.;First Protective Insurance Co.;Cypress P&C Insurance Co.;Tower Hill Insurance Exchange;Kin Interinsurance Network;TypTap Insurance Co.;Homeowners Choice P&C Ins Co.;GeoVera Specialty Insurance Co,211125531.92922592,4,24.017115967979795,189750818.01344204,0.0,0,1.0,166445265.14584243,434615760.0,27302506.814686656,539937478.65,359958319.1,539937478.65,359958319.1,1171788540.576991,4612788540.576991,3441000000.0,1395853723.0,1395853723.0,0.0,False,6129325134.556063,6129325134.556063,0.0,1.0,6129325134.556063,0.0,1449738070.7794416,0.0,11,9464500000.0,9464500000.0,48
double_irma,baseline,,COMPOSITE,"{""double_irma"": 0.5527347431604747}",62383714581.57704,34481646456.64435,27902068124.932693,5791262132.489714,15539518173.650595,0.0,12262714058.247303,888152092.2567363,5791262132.489714,15539518173.650595,4638953030.831789,23263115094.1009,19.656915495488448,1.4236922219425237,9.283291595143279,24.909575003473222,7.436160321562111,37.29036536239041,12262714058.247303,888152092.2567363,4638953030.831789,12,8,4,Universal P&C Insurance Co.;First Protective Insurance Co.;Cypress P&C Insurance Co.;Tower Hill Insurance Exchange;Kin Interinsurance Network;TypTap Insurance Co.;Homeowners Choice P&C Ins Co.;GeoVera Specialty Insurance Co;FL Farm Bureau General Ins Co.;AIG Property Casualty Co.;ASI Preferred Insurance Corp.;Castle Key Indemnity Co.,Universal P&C Insurance Co.;First Protective Insurance Co.;Cypress P&C Insurance Co.;Tower Hill Insurance Exchange;Kin Interinsurance Network;TypTap Insurance Co.;Homeowners Choice P&C Ins Co.;GeoVera Specialty Insurance Co,142393068.39000764,4,24.017115967979795,185060106.94252348,0.0,0,1.0,97204426.18943852,434615760.0,0.0,539937478.65,229201104.38937867,539937478.65,359958319.1,1197953030.831789,4638953030.831789,3441000000.0,1395853723.0,1395853723.0,0.0,False,5016614947.207444,5016614947.207444,0.0,1.0,5016614947.207444,0.0,1438898860.3188398,0.0,10,9464500000.0,9464500000.0,49
double_irma,baseline,,COMPOSITE,"{""double_irma"": 0.6266335161195469}",62383714581.57704,39091726416.851875,23291988164.725163,5691185777.412737,16225789126.730885,0.0,15946804282.235147,1227947230.4731026,5691185777.412737,16225789126.730885,3885678129.8474574,19406310034.87771,25.56244749001289,1.9683778670591314,9.122870953717527,26.00965530116514,6.228673870912719,31.10797451713258,15946804282.235147,1227947230.4731026,3885678129.8474574,13,9,4,Universal P&C Insurance Co.;First Protective Insurance Co.;Cypress P&C Insurance Co.;Tower Hill Insurance Exchange;Kin Interinsurance Network;TypTap Insurance Co.;Homeowners Choice P&C Ins Co.;Edison Insurance Co.;GeoVera Specialty Insurance Co;FL Farm Bureau General Ins Co.;AIG Property Casualty Co.;ASI Preferred Insurance Corp.;Castle Key Indemnity Co.,Universal P&C Insurance Co.;First Protective Insurance Co.;Cypress P&C Insurance Co.;Tower Hill Insurance Exchange;Kin Interinsurance Network;TypTap Insurance Co.;Homeowners Choice P&C Ins Co.;Edison Insurance Co.;GeoVera Specialty Insurance Co,212107549.37005773,4,27.119633731281347,195509061.43531048,0.0,0,1.0,279874329.26768243,400353720.0,187956758.77735806,539937478.65,359958319.1,539937478.65,359958319.1,444678129.8474574,3885678129.8474574,3441000000.0,1395853723.0,1395853723.0,0.0,False,7620766029.048566,7620766029.048566,0.0,1.0,7620766029.048566,0.0,1464465079.1296332,0.0,11,9464500000.0,9464500000.0,50
double_irma,baseline,,COMPOSITE,"{""double_irma"": 0.5890598483981823}",62383714581.57703,36747741453.93924,25635973127.637787,6052617475.125101,15592199642.202417,0.0,14007562992.34747,1095361344.2642531,6052617475.125101,15592199642.202417,4268679087.7673473,21367294039.87044,22.453877724819133,1.7558450175836948,9.702239624109433,24.994022473305975,6.842617687001217,34.25139747318055,14007562992.34747,1095361344.2642531,4268679087.7673473,12,8,4,Universal P&C Insurance Co.;First Protective Insurance Co.;Cypress P&C Insurance Co.;Tower Hill Insurance Exchange;Kin Interinsurance Network;TypTap Insurance Co.;Homeowners Choice P&C Ins Co.;GeoVera Specialty Insurance Co;FL Farm Bureau General Ins Co.;AIG Property Casualty Co.;ASI Preferred Insurance Corp.;Castle Key Indemnity Co.,Universal P&C Insurance Co.;First Protective Insurance Co.;Cypress P&C Insurance Co.;Tower Hill Insurance Exchange;Kin Interinsurance Network;TypTap Insurance Co.;Homeowners Choice P&C Ins Co.;GeoVera Specialty Insurance Co,181924765.92424875,4,24.017115967979795,190380003.60227674,0.0,0,1.0,140125248.5599959,434615760.0,59327419.28553021,539937478.65,359958319.1,539937478.65,359958319.1,827679087.7673473,4268679087.7673473,3441000000.0,1395853723.0,1395853723.0,0.0,False,6332832595.580843,6332832595.580843,0.0,1.0,6332832595.580843,0.0,1449288444.679492,0.0,11,9464500000.0,9464500000.0,51
double_irma,baseline,,COMPOSITE,"{""double_irma"": 0.695484275793721}",62383714581.57703,43386892557.090294,18996822024.486732,7405157603.650461,19599517414.780296,0.0,15275993609.130363,1106223929.529179,7405157603.650461,19599517414.780296,3183859316.090111,15812962708.396622,24.487149749883,1.7732575511876716,11.870337720859812,31.41768255744163,5.103670625330731,25.34790179529716,15275993609.130363,1106223929.529179,3183859316.090111,13,9,4,Universal P&C Insurance Co.;First Protective Insurance Co.;Cypress P&C Insurance Co.;Tower Hill Insurance Exchange;Kin Interinsurance Network;TypTap Insurance Co.;Homeowners Choice P&C Ins Co.;Edison Insurance Co.;GeoVera Specialty Insurance Co;FL Farm Bureau General Ins Co.;AIG Property Casualty Co.;ASI Preferred Insurance Corp.;Castle Key Indemnity Co.,Universal P&C Insurance Co.;First Protective Insurance Co.;Cypress P&C Insurance Co.;Tower Hill Insurance Exchange;Kin Interinsurance Network;TypTap Insurance Co.;Homeowners Choice P&C Ins Co.;Edison Insurance Co.;GeoVera Specialty Insurance Co,261790228.98257262,4,27.119633731281347,193864677.84982884,0.0,0,1.0,255555830.79772592,400353720.0,75928413.77843666,539937478.65,359958319.1,539937478.65,359958319.1,0.0,3183859316.090111,3183859316.090111,1395853723.0,1395853723.0,0.0,False,7135387087.845658,7135387087.845658,0.0,1.0,7135387087.845658,0.0,1451833604.6731248,0.0,11,9464500000.0,9464500000.0,52
double_irma,baseline,,COMPOSITE,"{""double_irma"": 0.3798816517999089}",62383714581.577034,23698428540.66355,38685286040.91348,3790321296.034276,11221088095.028542,0.0,8069553621.758962,617465527.8417732,3790321296.034276,11221088095.028542,6400902384.870164,32284383656.04332,12.935352881570852,0.9897864081728168,6.075818539272462,17.987207350974764,10.260534224040033,51.75130059596908,8069553621.758962,617465527.8417732,6400902384.870164,8,4,4,Universal P&C Insurance Co.;First Protective Insurance Co.;Kin Interinsurance Network;Homeowners Choice P&C Ins Co.;FL Farm Bureau General Ins Co.;AIG Property Casualty Co.;ASI Preferred Insurance Corp.;Castle Key Indemnity Co.,Universal P&C Insurance Co.;First Protective Insurance Co.;Kin Interinsurance Network;Homeowners Choice P&C Ins Co.,83431424.17521064,4,16.162888892523068,159644621.02114105,0.0,0,1.0,0.0,350170949.7201268,0.0,520350734.0137209,0.0,539937478.65,359958319.1,2959902384.870164,6400902384.870164,3441000000.0,1395853723.0,1395853723.0,0.0,False,1756690629.9399014,1756690629.9399014,0.0,1.0,1756690629.9399014,0.0,1434168113.1754522,0.0,10,9464500000.0,9464500000.0,53
double_irma,baseline,,COMPOSITE,"{""double_irma"": 0.4667776390200846}",62383714581.57703,29119323005.691353,33264391575.885677,4482280988.144499,12756441468.608616,0.0,10932704400.053736,947896148.8845071,4482280988.144499,12756441468.608616,5515142533.276068,27749249042.609608,17.52493334740017,1.51946089655334,7.185017785824817,20.448351872230145,8.8406767219097,44.48155937608183,10932704400.053736,947896148.8845071,5515142533.276068,11,7,4,Universal P&C Insurance Co.;First Protective Insurance Co.;Tower Hill Insurance Exchange;Kin Interinsurance Network;TypTap Insurance Co.;Homeowners Choice P&C Ins Co.;GeoVera Specialty Insurance Co;FL Farm Bureau General Ins Co.;AIG Property Casualty Co.;ASI Preferred Insurance Corp.;Castle Key Indemnity Co.,Universal P&C Insurance Co.;First Protective Insurance Co.;Tower Hill Insurance Exchange;Kin Interinsurance Network;TypTap Insurance Co.;Homeowners Choice P&C Ins Co.;GeoVera Specialty Insurance Co,142941540.68268675,4,23.145936299594748,183428766.6142571,0.0,0,1.0,47477822.228756845,444236460.0,0.0,539937478.65,277721963.2246934,539937478.65,359958319.1,2074142533.2760677,5515142533.276068,3441000000.0,1395853723.0,1395853723.0,0.0,False,3947301051.383711,3947301051.383711,0.0,1.0,3947301051.383711,0.0,1437517887.293675,0.0,10,9464500000.0,9464500000.0,54
double_irma,baseline,,COMPOSITE,"{""double_irma"": 0.39615550025933094}",62383714581.57704,24713651658.099976,37670062923.477066,5442616405.386872,11076146172.261024,0.0,7612886665.52249,582002414.9295845,5442616405.386872,11076146172.261024,6235017606.327299,31435045317.149765,12.20332376259413,0.9329396603476056,8.724418611318423,17.75486799167294,9.99462383435661,50.38982613971028,7612886665.52249,582002414.9295845,6235017606.327299,8,4,4,Universal P&C Insurance Co.;First Protective Insurance Co.;Kin Interinsurance Network;Homeowners Choice P&C Ins Co.;FL Farm Bureau General Ins Co.;AIG Property Casualty Co.;ASI Preferred Insurance Corp.;Castle Key Indemnity Co.,Universal P&C Insurance Co.;First Protective Insurance Co.;Kin Interinsurance Network;Homeowners Choice P&C Ins Co.,82059247.61252935,4,16.162888892523068,162658145.83412188,0.0,0,1.0,0.0,369760493.1124585,0.0,488390426.23635733,0.0,539937478.65,359958319.1,2794017606.327299,6235017606.327299,3441000000.0,1395853723.0,1395853723.0,0.0,False,1418164847.4891145,1418164847.4891145,0.0,1.0,1418164847.4891145,0.0,1402644243.212429,0.0,10,9464500000.0,9464500000.0,55
double_irma,baseline,,COMPOSITE,"{""double_irma"": 0.4866801708535339}",62383714581.57703,30360916871.040005,32022797710.537025,6326964218.254545,12263667254.273964,0.0,10914210774.618763,856074623.8927376,6326964218.254545,12263667254.273964,5312269371.84371,26710528338.693314,17.49528839028434,1.372272602929533,10.142012640143435,19.6584434519961,8.515474603387137,42.81650831125947,10914210774.618763,856074623.8927376,5312269371.84371,11,7,4,Universal P&C Insurance Co.;First Protective Insurance Co.;Tower Hill Insurance Exchange;Kin Interinsurance Network;TypTap Insurance Co.;Homeowners Choice P&C Ins Co.;GeoVera Specialty Insurance Co;FL Farm Bureau General Ins Co.;AIG Property Casualty Co.;ASI Preferred Insurance Corp.;Castle Key Indemnity Co.,Universal P&C Insurance Co.;First Protective Insurance Co.;Tower Hill Insurance Exchange;Kin Interinsurance Network;TypTap Insurance Co.;Homeowners Choice P&C Ins Co.;GeoVera Specialty Insurance Co,135547996.16445243,4,23.145936299594748,183055783.35859162,0.0,0,1.0,62493585.64672744,444236460.0,0.0,539937478.65,197337976.11551273,539937478.65,359958319.1,1871269371.84371,5312269371.84371,3441000000.0,1395853723.0,1395853723.0,0.0,False,3915673729.941801,3915673729.941801,0.0,1.0,3915673729.941801,0.0,1437425070.449551,0.0,10,9464500000.0,9464500000.0,56
double_irma,baseline,,COMPOSITE,"{""double_irma"": 0.6830054540508985}",62383714581.57704,42608417303.17169,19775297278.405346,7976875063.687857,16790859523.764303,0.0,16670065444.54403,1170617271.1754992,7976875063.687857,16790859523.764303,3311060118.435392,16464237159.969955,26.721822444133487,1.8764789481150936,12.786790778956854,26.915453233884417,5.307571279850019,26.391883315060117,16670065444.54403,1170617271.1754992,3311060118.435392,15,11,4,Universal P&C Insurance Co.;First Protective Insurance Co.;Cypress P&C Insurance Co.;Tower Hill Insurance Exchange;Kin Interinsurance Network;Florida Family Home Ins Co.;TypTap Insurance Co.;Homeowners Choice P&C Ins Co.;Edison Insurance Co.;Safe Harbor Insurance Co.;GeoVera Specialty Insurance Co;FL Farm Bureau General Ins Co.;AIG Property Casualty Co.;ASI Preferred Insurance Corp.;Castle Key Indemnity Co.,Universal P&C Insurance Co.;First Protective Insurance Co.;Cypress P&C Insurance Co.;Tower Hill Insurance Exchange;Kin Interinsurance Network;Florida Family Home Ins Co.;TypTap Insurance Co.;Homeowners Choice P&C Ins Co.;Edison Insurance Co.;Safe Harbor Insurance Co.;GeoVera Specialty Insurance Co,331370808.9500524,4,28.08212304765591,197852927.70841372,0.0,0,1.0,424982480.20619106,389724660.0,144943920.12051928,539937478.65,359958319.1,539937478.65,359958319.1,0.0,3311060118.435392,3311060118.435392,1395853723.0,1395853723.0,0.0,False,7696004336.681808,7696004336.681808,0.0,1.0,7696004336.681808,0.0,1502056821.581351,0.0,11,9464500000.0,9464500000.0,57
double_irma,baseline,,COMPOSITE,"{""double_irma"": 0.6189833190265268}",62383714581.577034,38614478704.9081,23769235876.668938,6387339641.51504,15944640247.579582,0.0,15025985499.776781,1256513316.0366914,6387339641.51504,15944640247.579582,3963659146.6763425,19805576729.9926,24.0863911367891,2.014168801047575,10.238793384389664,25.55897858042635,6.3536760727724895,31.747992024574827,15025985499.776781,1256513316.0366914,3963659146.6763425,13,9,4,Universal P&C Insurance Co.;First Protective Insurance Co.;Cypress P&C Insurance Co.;Tower Hill Insurance Exchange;Kin Interinsurance Network;TypTap Insurance Co.;Homeowners Choice P&C Ins Co.;Edison Insurance Co.;GeoVera Specialty Insurance Co;FL Farm Bureau General Ins Co.;AIG Property Casualty Co.;ASI Preferred Insurance Corp.;Castle Key Indemnity Co.,Universal P&C Insurance Co.;First Protective Insurance Co.;Cypress P&C Insurance Co.;Tower Hill Insurance Exchange;Kin Interinsurance Network;TypTap Insurance Co.;Homeowners Choice P&C Ins Co.;Edison Insurance Co.;GeoVera Specialty Insurance Co,204184687.2065974,4,27.119633731281347,192681134.3198734,0.0,0,1.0,265549097.3490467,400353720.0,208001455.85529923,539937478.65,359958319.1,539937478.65,359958319.1,522659146.6763425,3963659146.6763425,3441000000.0,1395853723.0,1395853723.0,0.0,False,7066809124.719252,7066809124.719252,0.0,1.0,7066809124.719252,0.0,1452190207.176024,0.0,11,9464500000.0,9464500000.0,58
double_irma,baseline,,COMPOSITE,"{""double_irma"": 0.5365789804350684}",62383714581.577034,33473789965.934917,28909924615.642117,8864687386.24097,13352318951.746445,0.0,10420091045.535439,836692582.412066,8864687386.24097,13352318951.746445,4803634122.005614,24106290493.636505,16.703223133514186,1.3412035304790193,14.209938356025473,21.40353302348817,7.700141221510731,38.641960734982426,10420091045.535439,836692582.412066,4803634122.005614,11,7,4,Universal P&C Insurance Co.;First Protective Insurance Co.;Tower Hill Insurance Exchange;Kin Interinsurance Network;TypTap Insurance Co.;Homeowners Choice P&C Ins Co.;GeoVera Specialty Insurance Co;FL Farm Bureau General Ins Co.;AIG Property Casualty Co.;ASI Preferred Insurance Corp.;Castle Key Indemnity Co.,Universal P&C Insurance Co.;First Protective Insurance Co.;Tower Hill Insurance Exchange;Kin Interinsurance Network;TypTap Insurance Co.;Homeowners Choice P&C Ins Co.;GeoVera Specialty Insurance Co,111594957.58422852,4,23.145936299594748,181964147.69212735,0.0,0,1.0,51001216.950042725,444236460.0,0.0,539937478.65,178700610.69176388,539937478.65,359958319.1,1362634122.0056143,4803634122.005614,3441000000.0,1395853723.0,1395853723.0,0.0,False,3531580705.8862977,3531580705.8862977,0.0,1.0,3531580705.8862977,0.0,1436949370.5860796,0.0,10,9464500000.0,9464500000.0,59
double_irma,baseline,,COMPOSITE,"{""double_irma"": 0.5195523859675778}",62383714581.57703,32411607756.378723,29972106825.198307,3979948150.8350525,12485863198.18569,0.0,14716873597.241623,1228922810.1163578,3979948150.8350525,12485863198.18569,4977191892.290957,24994914932.90735,23.590890180155714,1.9699417041114762,6.379787060660859,20.014619651829737,7.97835128234061,40.06641012090161,14716873597.241623,1228922810.1163578,4977191892.290957,13,9,4,Universal P&C Insurance Co.;First Protective Insurance Co.;Cypress P&C Insurance Co.;Tower Hill Insurance Exchange;Kin Interinsurance Network;TypTap Insurance Co.;Homeowners Choice P&C Ins Co.;Edison Insurance Co.;GeoVera Specialty Insurance Co;FL Farm Bureau General Ins Co.;AIG Property Casualty Co.;ASI Preferred Insurance Corp.;Castle Key Indemnity Co.,Universal P&C Insurance Co.;First Protective Insurance Co.;Cypress P&C Insurance Co.;Tower Hill Insurance Exchange;Kin Interinsurance Network;TypTap Insurance Co.;Homeowners Choice P&C Ins Co.;Edison Insurance Co.;GeoVera Specialty Insurance Co,207004801.6615243,4,27.119633731281347,193487182.72755176,0.0,0,1.0,236489076.8767867,400353720.0,182783856.10190177,539937478.65,359958319.1,539937478.65,359958319.1,1536191892.2909575,4977191892.290957,3441000000.0,1395853723.0,1395853723.0,0.0,False,6786216586.716489,6786216586.716489,0.0,1.0,6786216586.716489,0.0,1451273236.8387094,0.0,11,9464500000.0,9464500000.0,60
double_irma,baseline,,COMPOSITE,"{""double_irma"": 0.5406484627748251}",62383714581.577034,33727659390.71307,28656055190.863964,7430909471.039282,13836202206.003067,0.0,11579410424.723913,881137288.9468095,7430909471.039282,13836202206.003067,4762152527.876365,23893902662.987595,18.561591758986903,1.4124476153060375,11.911617512487393,22.179189390702188,7.633646953884194,38.30150676863328,11579410424.723913,881137288.9468095,4762152527.876365,12,8,4,Universal P&C Insurance Co.;First Protective Insurance Co.;Cypress P&C Insurance Co.;Tower Hill Insurance Exchange;Kin Interinsurance Network;TypTap Insurance Co.;Homeowners Choice P&C Ins Co.;GeoVera Specialty Insurance Co;FL Farm Bureau General Ins Co.;AIG Property Casualty Co.;ASI Preferred Insurance Corp.;Castle Key Indemnity Co.,Universal P&C Insurance Co.;First Protective Insurance Co.;Cypress P&C Insurance Co.;Tower Hill Insurance Exchange;Kin Interinsurance Network;TypTap Insurance Co.;Homeowners Choice P&C Ins Co.;GeoVera Specialty Insurance Co,165866435.80953735,4,24.017115967979795,184587152.03914905,0.0,0,1.0,91638319.13902807,434615760.0,0.0,539937478.65,221368967.3863759,539937478.65,359958319.1,1321152527.8763647,4762152527.876365,3441000000.0,1395853723.0,1395853723.0,0.0,False,4445585775.450077,4445585775.450077,0.0,1.0,4445585775.450077,0.0,1437877379.5681357,0.0,10,9464500000.0,9464500000.0,61
double_irma,baseline,,COMPOSITE,"{""double_irma"": 0.4578314489886884}",62383714581.577034,28561226440.180187,33822488141.396847,5972228598.6449585,12572817118.77323,0.0,9291586922.63717,724593800.1248269,5972228598.6449585,12572817118.77323,5606334039.443826,28216154101.953022,14.894250823244715,1.1615111491594503,9.573377665472742,20.154005260991937,8.986855106411811,45.22999999471934,9291586922.63717,724593800.1248269,5606334039.443826,10,6,4,Universal P&C Insurance Co.;First Protective Insurance Co.;Kin Interinsurance Network;TypTap Insurance Co.;Homeowners Choice P&C Ins Co.;GeoVera Specialty Insurance Co;FL Farm Bureau General Ins Co.;AIG Property Casualty Co.;ASI Preferred Insurance Corp.;Castle Key Indemnity Co.,Universal P&C Insurance Co.;First Protective Insurance Co.;Kin Interinsurance Network;TypTap Insurance Co.;Homeowners Choice P&C Ins Co.;GeoVera Specialty Insurance Co,94184913.67137477,4,18.33203363146337,177803304.11138505,0.0,0,1.0,0.0,415582958.1346986,0.0,539937478.65,76582009.74026263,539937478.65,359958319.1,2165334039.4438257,5606334039.443826,3441000000.0,1395853723.0,1395853723.0,0.0,False,2708179131.45077,2708179131.45077,0.0,1.0,2708179131.45077,0.0,1435780062.9934497,0.0,10,9464500000.0,9464500000.0,62
double_irma,baseline,,COMPOSITE,"{""double_irma"": 0.6436406396815993}",62383714581.57704,40152693959.00057,22231020622.57647,8829972125.463482,16710773932.091404,0.0,13505610520.189966,1106337381.2557151,8829972125.463482,16710773932.091404,3712318833.0113835,18518701789.565086,21.64925671832052,1.7734394123148849,14.154290402051695,26.78707743547284,5.950781959539956,29.685154072300097,13505610520.189966,1106337381.2557151,3712318833.0113835,12,8,4,Universal P&C Insurance Co.;First Protective Insurance Co.;Cypress P&C Insurance Co.;Tower Hill Insurance Exchange;Kin Interinsurance Network;TypTap Insurance Co.;Homeowners Choice P&C Ins Co.;GeoVera Specialty Insurance Co;FL Farm Bureau General Ins Co.;AIG Property Casualty Co.;ASI Preferred Insurance Corp.;Castle Key Indemnity Co.,Universal P&C Insurance Co.;First Protective Insurance Co.;Cypress P&C Insurance Co.;Tower Hill Insurance Exchange;Kin Interinsurance Network;TypTap Insurance Co.;Homeowners Choice P&C Ins Co.;GeoVera Specialty Insurance Co,204159350.7801456,4,24.017115967979795,188842120.05680943,0.0,0,1.0,135182205.1914041,434615760.0,68167090.79488647,539937478.65,359958319.1,539937478.65,359958319.1,271318833.01138353,3712318833.0113835,3441000000.0,1395853723.0,1395853723.0,0.0,False,5890832951.556639,5890832951.556639,0.0,1.0,5890832951.556639,0.0,1448147780.178966,0.0,11,9464500000.0,9464500000.0,63
double_irma,baseline,,COMPOSITE,"{""double_irma"": 0.40773286342890236}",62383714581.577034,25435890577.67778,36947824003.899254,5948838505.252306,11671770050.713284,0.0,7245558765.742261,569723255.9699252,5948838505.252306,11671770050.713284,6117005672.623765,30830818331.275494,11.614503583731766,0.9132563839636669,9.53588375612551,18.709642619069296,9.805452775058413,49.42126088205135,7245558765.742261,569723255.9699252,6117005672.623765,8,4,4,Universal P&C Insurance Co.;First Protective Insurance Co.;Kin Interinsurance Network;Homeowners Choice P&C Ins Co.;FL Farm Bureau General Ins Co.;AIG Property Casualty Co.;ASI Preferred Insurance Corp.;Castle Key Indemnity Co.,Universal P&C Insurance Co.;First Protective Insurance Co.;Kin Interinsurance Network;Homeowners Choice P&C Ins Co.,75487708.72895983,4,16.162888892523068,154925685.77845562,0.0,0,1.0,0.0,317260988.2766643,0.0,476112611.23147345,0.0,539937478.65,359958319.1,2676005672.623765,6117005672.623765,3441000000.0,1395853723.0,1395853723.0,0.0,False,1181438715.2988093,1181438715.2988093,0.0,1.0,1181438715.2988093,0.0,1399990035.685132,0.0,10,9464500000.0,9464500000.0,64
double_irma,baseline,,COMPOSITE,"{""double_irma"": 0.35195612420105843}",62383714581.577034,21956330397.39691,40427384184.18012,2588337540.896578,7959395399.43046,0.0,10613366800.06808,795230657.0017903,2588337540.896578,7959395399.43046,6685556624.645018,33741827559.535103,17.013040777155624,1.2747407914639237,4.149059667666789,12.758771183819508,10.716829976359527,54.08755760353462,10613366800.06808,795230657.0017903,6685556624.645018,12,8,4,Universal P&C Insurance Co.;First Protective Insurance Co.;Cypress P&C Insurance Co.;Tower Hill Insurance Exchange;Kin Interinsurance Network;TypTap Insurance Co.;Homeowners Choice P&C Ins Co.;GeoVera Specialty Insurance Co;FL Farm Bureau General Ins Co.;AIG Property Casualty Co.;ASI Preferred Insurance Corp.;Castle Key Indemnity Co.,Universal P&C Insurance Co.;First Protective Insurance Co.;Cypress P&C Insurance Co.;Tower Hill Insurance Exchange;Kin Interinsurance Network;TypTap Insurance Co.;Homeowners Choice P&C Ins Co.;GeoVera Specialty Insurance Co,104449473.81424811,4,24.017115967979795,181388558.22794026,0.0,0,1.0,38189306.875055075,434615760.0,0.0,539937478.65,142752472.4353963,539937478.65,359958319.1,3244556624.6450176,6685556624.645018,3441000000.0,1395853723.0,1395853723.0,0.0,False,3706482839.3075123,3706482839.3075123,0.0,1.0,3706482839.3075123,0.0,1437113612.2584543,0.0,10,9464500000.0,9464500000.0,65
double_irma,baseline,,COMPOSITE,"{""double_irma"": 0.5362761521821924}",62383714581.57704,33454898414.640263,28928816166.936775,7543162956.249318,12814267357.396427,0.0,12055720999.757547,1041747101.2369711,7543162956.249318,12814267357.396427,4806720951.638453,24122095215.29832,19.3251092542633,1.669902326631599,12.091557879878062,20.54104575744628,7.70508935525612,38.66729542652463,12055720999.757547,1041747101.2369711,4806720951.638453,12,8,4,Universal P&C Insurance Co.;First Protective Insurance Co.;Cypress P&C Insurance Co.;Tower Hill Insurance Exchange;Kin Interinsurance Network;TypTap Insurance Co.;Homeowners Choice P&C Ins Co.;GeoVera Specialty Insurance Co;FL Farm Bureau General Ins Co.;AIG Property Casualty Co.;ASI Preferred Insurance Corp.;Castle Key Indemnity Co.,Universal P&C Insurance Co.;First Protective Insurance Co.;Cypress P&C Insurance Co.;Tower Hill Insurance Exchange;Kin Interinsurance Network;TypTap Insurance Co.;Homeowners Choice P&C Ins Co.;GeoVera Specialty Insurance Co,166926618.81659576,4,24.017115967979795,185407503.254641,0.0,0,1.0,105413177.06924582,434615760.0,3961932.657626152,539937478.65,359958319.1,539937478.65,359958319.1,1365720951.6384525,4806720951.638453,3441000000.0,1395853723.0,1395853723.0,0.0,False,4862574189.167006,4862574189.167006,0.0,1.0,4862574189.167006,0.0,1438270362.0025687,0.0,10,9464500000.0,9464500000.0,66
double_irma,baseline,,COMPOSITE,"{""double_irma"": 0.39458711240937927}",62383714581.57703,24615809798.115376,37767904783.461655,3888791769.5777426,8178856330.653288,0.0,11518501376.732496,1029660321.1518505,3888791769.5777426,8178856330.653288,6251004708.075683,31516900075.385983,18.46395562365904,1.650527430208407,6.233664980773955,13.110563206296542,10.020250877977874,50.521037881084204,11518501376.732496,1029660321.1518505,6251004708.075683,12,8,4,Universal P&C Insurance Co.;First Protective Insurance Co.;Cypress P&C Insurance Co.;Tower Hill Insurance Exchange;Kin Interinsurance Network;TypTap Insurance Co.;Homeowners Choice P&C Ins Co.;GeoVera Specialty Insurance Co;FL Farm Bureau General Ins Co.;AIG Property Casualty Co.;ASI Preferred Insurance Corp.;Castle Key Indemnity Co.,Universal P&C Insurance Co.;First Protective Insurance Co.;Cypress P&C Insurance Co.;Tower Hill Insurance Exchange;Kin Interinsurance Network;TypTap Insurance Co.;Homeowners Choice P&C Ins Co.;GeoVera Specialty Insurance Co,134418676.42529038,4,24.017115967979795,184509779.37383926,0.0,0,1.0,85609192.88743591,434615760.0,0.0,539937478.65,351106144.7789446,539937478.65,359958319.1,2810004708.0756826,6251004708.075683,3441000000.0,1395853723.0,1395853723.0,0.0,False,4451519889.990107,4451519889.990107,0.0,1.0,4451519889.990107,0.0,1437796290.420108,0.0,10,9464500000.0,9464500000.0,67
double_irma,baseline,,COMPOSITE,"{""double_irma"": 0.5360521886440494}",62383714581.57703,33440926737.20007,28942787844.37696,5199956551.694997,15436506567.750607,0.0,11936918630.894928,867544986.8595352,5199956551.694997,15436506567.750607,4809003886.865431,24133783957.511536,19.134671141272666,1.3906593935266176,8.335439123130755,24.744449206474904,7.7087488603726255,38.68603227522244,11936918630.894928,867544986.8595352,4809003886.865431,12,8,4,Universal P&C Insurance Co.;First Protective Insurance Co.;Cypress P&C Insurance Co.;Tower Hill Insurance Exchange;Kin Interinsurance Network;TypTap Insurance Co.;Homeowners Choice P&C Ins Co.;GeoVera Specialty Insurance Co;FL Farm Bureau General Ins Co.;AIG Property Casualty Co.;ASI Preferred Insurance Corp.;Castle Key Indemnity Co.,Universal P&C Insurance Co.;First Protective Insurance Co.;Cypress P&C Insurance Co.;Tower Hill Insurance Exchange;Kin Interinsurance Network;TypTap Insurance Co.;Homeowners Choice P&C Ins Co.;GeoVera Specialty Insurance Co,138115283.2637556,4,24.017115967979795,184564734.72098327,0.0,0,1.0,91815919.30732971,434615760.0,0.0,539937478.65,210350764.31413615,539937478.65,359958319.1,1368003886.8654308,4809003886.865431,3441000000.0,1395853723.0,1395853723.0,0.0,False,4739903710.475664,4739903710.475664,0.0,1.0,4739903710.475664,0.0,1443085828.1138523,0.0,11,9464500000.0,9464500000.0,68
double_irma,baseline,,COMPOSITE,"{""double_irma"": 0.6258242194975596}",62383714581.57703,39041239487.37398,23342475094.20305,5547115514.631886,15846105255.552702,0.0,16276892622.520523,1371126094.6688714,5547115514.631886,15846105255.552702,3893927560.905427,19448547533.297623,26.09157330834443,2.1978910744019533,8.891928850081722,25.401028716927875,6.241897564168726,31.1756804860753,16276892622.520523,1371126094.6688714,3893927560.905427,14,10,4,Universal P&C Insurance Co.;First Protective Insurance Co.;Cypress P&C Insurance Co.;Tower Hill Insurance Exchange;Kin Interinsurance Network;TypTap Insurance Co.;Homeowners Choice P&C Ins Co.;Edison Insurance Co.;Safe Harbor Insurance Co.;GeoVera Specialty Insurance Co;FL Farm Bureau General Ins Co.;AIG Property Casualty Co.;ASI Preferred Insurance Corp.;Castle Key Indemnity Co.,Universal P&C Insurance Co.;First Protective Insurance Co.;Cypress P&C Insurance Co.;Tower Hill Insurance Exchange;Kin Interinsurance Network;TypTap Insurance Co.;Homeowners Choice P&C Ins Co.;Edison Insurance Co.;Safe Harbor Insurance Co.;GeoVera Specialty Insurance Co,289550661.29463625,4,27.73228202456624,196986994.39867318,0.0,0,1.0,306382897.6922213,393588060.0,318859761.3324208,539937478.65,359958319.1,539937478.65,359958319.1,452927560.905427,3893927560.905427,3441000000.0,1395853723.0,1395853723.0,0.0,False,7839511859.634104,7839511859.634104,0.0,1.0,7839511859.634104,0.0,1502547025.028094,0.0,11,9464500000.0,9464500000.0,69
double_irma,baseline,,COMPOSITE,"{""double_irma"": 0.5181352167232615}",62383714581.577034,32323199474.72751,30060515106.849525,5758198186.509946,12079397764.01047,0.0,13510959761.792795,974643762.4142989,5758198186.509946,12079397764.01047,4991637572.231835,25068877534.617687,21.65783145876153,1.5623368517752991,9.230290669819203,19.363062691970125,8.001507453847498,40.184970873826344,13510959761.792795,974643762.4142989,4991637572.231835,12,8,4,Universal P&C Insurance Co.;First Protective Insurance Co.;Cypress P&C Insurance Co.;Tower Hill Insurance Exchange;Kin Interinsurance Network;TypTap Insurance Co.;Homeowners Choice P&C Ins Co.;GeoVera Specialty Insurance Co;FL Farm Bureau General Ins Co.;AIG Property Casualty Co.;ASI Preferred Insurance Corp.;Castle Key Indemnity Co.,Universal P&C Insurance Co.;First Protective Insurance Co.;Cypress P&C Insurance Co.;Tower Hill Insurance Exchange;Kin Interinsurance Network;TypTap Insurance Co.;Homeowners Choice P&C Ins Co.;GeoVera Specialty Insurance Co,166920118.43085974,4,24.017115967979795,188315208.19005704,0.0,0,1.0,125788905.18721771,434615760.0,0.0,539937478.65,309298908.15028965,539937478.65,359958319.1,1550637572.2318354,4991637572.231835,3441000000.0,1395853723.0,1395853723.0,0.0,False,6014317877.488644,6014317877.488644,0.0,1.0,6014317877.488644,0.0,1442177837.6744184,0.0,11,9464500000.0,9464500000.0,70
double_irma,baseline,,COMPOSITE,"{""double_irma"": 0.4639926105483853}",62383714581.577034,28945582584.4113,33438131997.165733,4396704395.81702,12391307998.77832,0.0,11222869205.394121,934700984.4218395,4396704395.81702,12391307998.77832,5543531259.668314,27894600737.49742,17.99006243964258,1.4983092794186905,7.047840009699328,19.863049326077935,8.88618335225811,44.71455559290336,11222869205.394121,934700984.4218395,5543531259.668314,11,7,4,Universal P&C Insurance Co.;First Protective Insurance Co.;Tower Hill Insurance Exchange;Kin Interinsurance Network;TypTap Insurance Co.;Homeowners Choice P&C Ins Co.;GeoVera Specialty Insurance Co;FL Farm Bureau General Ins Co.;AIG Property Casualty Co.;ASI Preferred Insurance Corp.;Castle Key Indemnity Co.,Universal P&C Insurance Co.;First Protective Insurance Co.;Tower Hill Insurance Exchange;Kin Interinsurance Network;TypTap Insurance Co.;Homeowners Choice P&C Ins Co.;GeoVera Specialty Insurance Co,123010890.15899757,4,23.145936299594748,183552239.952711,0.0,0,1.0,72031043.4304359,444236460.0,0.0,539937478.65,265628542.10254073,539937478.65,359958319.1,2102531259.668314,5543531259.668314,3441000000.0,1395853723.0,1395853723.0,0.0,False,4267963501.816977,4267963501.816977,0.0,1.0,4267963501.816977,0.0,1437769395.7727284,0.0,10,9464500000.0,9464500000.0,71
double_irma,baseline,,COMPOSITE,"{""double_irma"": 0.5475927850819539}",62383714581.577034,34160872011.483467,28222842570.093567,4118159979.6414604,18753845957.545563,0.0,10454705340.45489,834160733.8415549,4118159979.6414604,18753845957.545563,4691366728.750814,23531475841.34275,16.758709240988896,1.337145021639825,6.6013381974173475,30.06208604814932,7.520178559768312,37.720542932036295,10454705340.45489,834160733.8415549,4691366728.750814,11,7,4,Universal P&C Insurance Co.;First Protective Insurance Co.;Tower Hill Insurance Exchange;Kin Interinsurance Network;TypTap Insurance Co.;Homeowners Choice P&C Ins Co.;GeoVera Specialty Insurance Co;FL Farm Bureau General Ins Co.;AIG Property Casualty Co.;ASI Preferred Insurance Corp.;Castle Key Indemnity Co.,Universal P&C Insurance Co.;First Protective Insurance Co.;Tower Hill Insurance Exchange;Kin Interinsurance Network;TypTap Insurance Co.;Homeowners Choice P&C Ins Co.;GeoVera Specialty Insurance Co,129605835.59444669,4,23.145936299594748,181528049.56560332,0.0,0,1.0,34086548.10791522,444236460.0,0.0,539937478.65,176247054.2122227,539937478.65,359958319.1,1250366728.7508144,4691366728.750814,3441000000.0,1395853723.0,1395853723.0,0.0,False,3581928638.274243,3581928638.274243,0.0,1.0,3581928638.274243,0.0,1437394594.7876112,0.0,10,9464500000.0,9464500000.0,72
double_irma,baseline,,COMPOSITE,"{""double_irma"": 0.5341344206722526}",62383714581.577034,33321289247.41381,29062425334.163223,5443889617.560167,13574048621.255049,0.0,13181734904.88534,1121616103.713255,5443889617.560167,13574048621.255049,4828552337.011771,24233872997.15145,21.130089789135656,1.797930936360893,8.726459548094688,21.758961793634032,7.740084682994694,38.84647324978004,13181734904.88534,1121616103.713255,4828552337.011771,12,8,4,Universal P&C Insurance Co.;First Protective Insurance Co.;Cypress P&C Insurance Co.;Tower Hill Insurance Exchange;Kin Interinsurance Network;TypTap Insurance Co.;Homeowners Choice P&C Ins Co.;GeoVera Specialty Insurance Co;FL Farm Bureau General Ins Co.;AIG Property Casualty Co.;ASI Preferred Insurance Corp.;Castle Key Indemnity Co.,Universal P&C Insurance Co.;First Protective Insurance Co.;Cypress P&C Insurance Co.;Tower Hill Insurance Exchange;Kin Interinsurance Network;TypTap Insurance Co.;Homeowners Choice P&C Ins Co.;GeoVera Specialty Insurance Co,184538402.67456356,4,24.017115967979795,189175141.5191629,0.0,0,1.0,129969249.15347481,434615760.0,80160464.41953015,539937478.65,359958319.1,539937478.65,359958319.1,1387552337.0117712,4828552337.011771,3441000000.0,1395853723.0,1395853723.0,0.0,False,5666992421.902772,5666992421.902772,0.0,1.0,5666992421.902772,0.0,1439364165.3972635,0.0,11,9464500000.0,9464500000.0,73
double_irma,baseline,,COMPOSITE,"{""double_irma"": 0.45720553821641513}",62383714581.57703,28522179801.209156,33861534780.367874,6280435013.255634,12319230453.990519,0.0,9200149519.517174,722364814.4458294,6280435013.255634,12319230453.990519,5612714157.220211,28248820623.147667,14.747678270242236,1.1579381242218558,10.067427140849277,19.74751028632815,8.997082323273101,45.282363855085386,9200149519.517174,722364814.4458294,5612714157.220211,9,5,4,Universal P&C Insurance Co.;First Protective Insurance Co.;Kin Interinsurance Network;Homeowners Choice P&C Ins Co.;GeoVera Specialty Insurance Co;FL Farm Bureau General Ins Co.;AIG Property Casualty Co.;ASI Preferred Insurance Corp.;Castle Key Indemnity Co.,Universal P&C Insurance Co.;First Protective Insurance Co.;Kin Interinsurance Network;Homeowners Choice P&C Ins Co.;GeoVera Specialty Insurance Co,92165411.41340414,4,16.516370131259112,177649768.3603382,0.0,0,1.0,0.0,432620912.7624997,0.0,539937478.65,74960759.78797972,539937478.65,359958319.1,2171714157.220211,5612714157.220211,3441000000.0,1395853723.0,1395853723.0,0.0,False,2595793068.6605473,2595793068.6605473,0.0,1.0,2595793068.6605473,0.0,1436311045.105297,0.0,10,9464500000.0,9464500000.0,74
double_irma,baseline,,COMPOSITE,"{""double_irma"": 0.550459674553452}",62383714581.577034,34339719226.010338,28043995355.566696,5368612595.453578,16114769142.73097,0.0,11964472356.370733,891865131.4550582,5368612595.453578,16114769142.73097,4662143565.817217,23381851789.74948,19.17883927980147,1.4296441586350184,8.605791802335252,25.831692214573472,7.473334342283662,37.48069820237113,11964472356.370733,891865131.4550582,4662143565.817217,12,8,4,Universal P&C Insurance Co.;First Protective Insurance Co.;Cypress P&C Insurance Co.;Tower Hill Insurance Exchange;Kin Interinsurance Network;TypTap Insurance Co.;Homeowners Choice P&C Ins Co.;GeoVera Specialty Insurance Co;FL Farm Bureau General Ins Co.;AIG Property Casualty Co.;ASI Preferred Insurance Corp.;Castle Key Indemnity Co.,Universal P&C Insurance Co.;First Protective Insurance Co.;Cypress P&C Insurance Co.;Tower Hill Insurance Exchange;Kin Interinsurance Network;TypTap Insurance Co.;Homeowners Choice P&C Ins Co.;GeoVera Specialty Insurance Co,150563900.2829505,4,24.017115967979795,184687296.5225709,0.0,0,1.0,91259429.25415796,434615760.0,0.0,539937478.65,230959287.33977163,539937478.65,359958319.1,1221143565.8172169,4662143565.817217,3441000000.0,1395853723.0,1395853723.0,0.0,False,4820079499.657967,4820079499.657967,0.0,1.0,4820079499.657967,0.0,1439609837.262313,0.0,11,9464500000.0,9464500000.0,75
double_irma,baseline,,COMPOSITE,"{""double_irma"": 0.63622487367923}",62383714581.577034,39690070929.30499,22693643652.27204,6162686790.733615,16587196886.400621,0.0,15726912991.027243,1213274261.1435132,6162686790.733615,16587196886.400621,3787910215.3507304,18905733436.92131,25.20996560803012,1.9448573546497558,9.878678805948436,26.588985599294695,6.071953619237294,30.305559012839694,15726912991.027243,1213274261.1435132,3787910215.3507304,14,10,4,Universal P&C Insurance Co.;Florida Family Insurance Co.;First Protective Insurance Co.;Cypress P&C Insurance Co.;Tower Hill Insurance Exchange;Kin Interinsurance Network;TypTap Insurance Co.;Homeowners Choice P&C Ins Co.;Edison Insurance Co.;GeoVera Specialty Insurance Co;FL Farm Bureau General Ins Co.;AIG Property Casualty Co.;ASI Preferred Insurance Corp.;Castle Key Indemnity Co.,Universal P&C Insurance Co.;Florida Family Insurance Co.;First Protective Insurance Co.;Cypress P&C Insurance Co.;Tower Hill Insurance Exchange;Kin Interinsurance Network;TypTap Insurance Co.;Homeowners Choice P&C Ins Co.;Edison Insurance Co.;GeoVera Specialty Insurance Co,256001224.23543078,4,27.56350641435879,194955517.58589512,0.0,0,1.0,281405127.24273443,395451900.0,174081637.50278902,539937478.65,359958319.1,539937478.65,359958319.1,346910215.3507304,3787910215.3507304,3441000000.0,1395853723.0,1395853723.0,0.0,False,7446295799.942815,7446295799.942815,0.0,1.0,7446295799.942815,0.0,1453202387.517852,0.0,11,9464500000.0,9464500000.0,76
double_irma,baseline,,COMPOSITE,"{""double_irma"": 0.5471397201572555}",62383714581.57704,34132608138.53417,28251106443.04287,5625668531.78884,14772156264.368164,0.0,12738723375.292686,996059967.0844741,5625668531.78884,14772156264.368164,4695984971.011487,23555121472.03138,20.41995007949502,1.5966666521307589,9.017847958432078,23.679507325667696,7.5275815210886625,37.75844646318577,12738723375.292686,996059967.0844741,4695984971.011487,12,8,4,Universal P&C Insurance Co.;First Protective Insurance Co.;Cypress P&C Insurance Co.;Tower Hill Insurance Exchange;Kin Interinsurance Network;TypTap Insurance Co.;Homeowners Choice P&C Ins Co.;GeoVera Specialty Insurance Co;FL Farm Bureau General Ins Co.;AIG Property Casualty Co.;ASI Preferred Insurance Corp.;Castle Key Indemnity Co.,Universal P&C Insurance Co.;First Protective Insurance Co.;Cypress P&C Insurance Co.;Tower Hill Insurance Exchange;Kin Interinsurance Network;TypTap Insurance Co.;Homeowners Choice P&C Ins Co.;GeoVera Specialty Insurance Co,164957423.38690352,4,24.017115967979795,186861695.02084756,0.0,0,1.0,114233103.07168376,434615760.0,0.0,539937478.65,326574461.02000725,539937478.65,359958319.1,1254984971.011487,4695984971.011487,3441000000.0,1395853723.0,1395853723.0,0.0,False,5354066277.125775,5354066277.125775,0.0,1.0,5354066277.125775,0.0,1442283744.8436222,0.0,11,9464500000.0,9464500000.0,77
double_irma,baseline,,COMPOSITE,"{""double_irma"": 0.7220689352732942}",62383714581.57704,45045342366.31242,17338372215.264618,7161002698.4190445,20025945679.259834,0.0,16529132160.729815,1329261827.9037235,7161002698.4190445,20025945679.259834,2912872993.3771677,14425499221.887451,26.495908862745317,2.1307833892537666,11.478961691283784,32.10123958404656,4.66928430426839,23.12382216840217,16529132160.729815,1329261827.9037235,2912872993.3771677,15,11,4,Universal P&C Insurance Co.;Florida Family Insurance Co.;First Protective Insurance Co.;Cypress P&C Insurance Co.;Tower Hill Insurance Exchange;Kin Interinsurance Network;TypTap Insurance Co.;Homeowners Choice P&C Ins Co.;Edison Insurance Co.;Safe Harbor Insurance Co.;GeoVera Specialty Insurance Co;FL Farm Bureau General Ins Co.;AIG Property Casualty Co.;ASI Preferred Insurance Corp.;Castle Key Indemnity Co.,Universal P&C Insurance Co.;Florida Family Insurance Co.;First Protective Insurance Co.;Cypress P&C Insurance Co.;Tower Hill Insurance Exchange;Kin Interinsurance Network;TypTap Insurance Co.;Homeowners Choice P&C Ins Co.;Edison Insurance Co.;Safe Harbor Insurance Co.;GeoVera Specialty Insurance Co,336004393.96595633,4,28.176154707643686,198276605.13942242,0.0,0,1.0,371351789.1208948,388686240.0,284383109.9751215,539937478.65,359958319.1,539937478.65,359958319.1,0.0,2912872993.3771677,2912872993.3771677,1395853723.0,1395853723.0,0.0,False,7864834811.937471,7864834811.937471,0.0,1.0,7864834811.937471,0.0,1452088526.2939026,0.0,11,9464500000.0,9464500000.0,78
double_irma,baseline,,COMPOSITE,"{""double_irma"": 0.4070666967017351}",62383714581.57704,25394332622.706436,36989381958.870605,2874154197.1821847,7527589844.457625,0.0,13874779513.83875,1117809067.2278724,2874154197.1821847,7527589844.457625,6123796132.808048,30865585826.062553,22.241028138353606,1.7918283236663501,4.607218753259317,12.066594454894242,9.81633776360042,49.47699256622606,13874779513.83875,1117809067.2278724,6123796132.808048,12,8,4,Universal P&C Insurance Co.;First Protective Insurance Co.;Cypress P&C Insurance Co.;Tower Hill Insurance Exchange;Kin Interinsurance Network;TypTap Insurance Co.;Homeowners Choice P&C Ins Co.;GeoVera Specialty Insurance Co;FL Farm Bureau General Ins Co.;AIG Property Casualty Co.;ASI Preferred Insurance Corp.;Castle Key Indemnity Co.,Universal P&C Insurance Co.;First Protective Insurance Co.;Cypress P&C Insurance Co.;Tower Hill Insurance Exchange;Kin Interinsurance Network;TypTap Insurance Co.;Homeowners Choice P&C Ins Co.;GeoVera Specialty Insurance Co,205400092.9956405,4,24.017115967979795,189959817.81552732,0.0,0,1.0,152152128.08474302,434615760.0,80263148.29425168,539937478.65,359958319.1,539937478.65,359958319.1,2682796132.8080482,6123796132.808048,3441000000.0,1395853723.0,1395853723.0,0.0,False,6141075245.651108,6141075245.651108,0.0,1.0,6141075245.651108,0.0,1447320901.861182,0.0,11,9464500000.0,9464500000.0,79
double_irma,baseline,,COMPOSITE,"{""double_irma"": 0.447168930795704}",62383714581.57703,27896058948.50818,34487655633.06885,5633068886.911672,10037756676.96964,0.0,11407090316.35331,818143068.273557,5633068886.911672,10037756676.96964,5715020652.420636,28772634980.648212,18.285365648492526,1.3114689847519412,9.029710597860443,16.090347848465505,9.16107784019065,46.12202908023894,11407090316.35331,818143068.273557,5715020652.420636,11,7,4,Universal P&C Insurance Co.;First Protective Insurance Co.;Tower Hill Insurance Exchange;Kin Interinsurance Network;TypTap Insurance Co.;Homeowners Choice P&C Ins Co.;GeoVera Specialty Insurance Co;FL Farm Bureau General Ins Co.;AIG Property Casualty Co.;ASI Preferred Insurance Corp.;Castle Key Indemnity Co.,Universal P&C Insurance Co.;First Protective Insurance Co.;Tower Hill Insurance Exchange;Kin Interinsurance Network;TypTap Insurance Co.;Homeowners Choice P&C Ins Co.;GeoVera Specialty Insurance Co,153893393.63871878,4,23.145936299594748,183459544.9034968,0.0,0,1.0,74119858.92321688,444236460.0,0.0,539937478.65,166027774.0605874,539937478.65,359958319.1,2274020652.420636,5715020652.420636,3441000000.0,1395853723.0,1395853723.0,0.0,False,4275569362.8881936,4275569362.8881936,0.0,1.0,4275569362.8881936,0.0,1437784773.5470161,0.0,10,9464500000.0,9464500000.0,80
double_irma,baseline,,COMPOSITE,"{""double_irma"": 0.5019980930062454}",62383714581.577034,31316505754.59758,31067208826.979454,5237460194.080451,12392225261.233015,0.0,12680041499.594995,1006778799.6891195,5237460194.080451,12392225261.233015,5156128669.7611475,25911080157.218307,20.325884062279975,1.6138487527423355,8.39555680390209,19.86451968170015,8.265183797317256,41.5350069020582,12680041499.594995,1006778799.6891195,5156128669.7611475,12,8,4,Universal P&C Insurance Co.;First Protective Insurance Co.;Cypress P&C Insurance Co.;Tower Hill Insurance Exchange;Kin Interinsurance Network;TypTap Insurance Co.;Homeowners Choice P&C Ins Co.;GeoVera Specialty Insurance Co;FL Farm Bureau General Ins Co.;AIG Property Casualty Co.;ASI Preferred Insurance Corp.;Castle Key Indemnity Co.,Universal P&C Insurance Co.;First Protective Insurance Co.;Cypress P&C Insurance Co.;Tower Hill Insurance Exchange;Kin Interinsurance Network;TypTap Insurance Co.;Homeowners Choice P&C Ins Co.;GeoVera Specialty Insurance Co,172624591.7613804,4,24.017115967979795,186967848.18777537,0.0,0,1.0,112475444.85211682,434615760.0,0.0,539937478.65,335392411.44985497,539937478.65,359958319.1,1715128669.7611475,5156128669.7611475,3441000000.0,1395853723.0,1395853723.0,0.0,False,5338414100.327213,5338414100.327213,0.0,1.0,5338414100.327213,0.0,1441515553.2288716,0.0,11,9464500000.0,9464500000.0,81
double_irma,baseline,,COMPOSITE,"{""double_irma"": 0.5732059369072313}",62383714581.577034,35758715564.486176,26624999017.09086,7473677739.370322,17473813416.2215,0.0,10036909465.548803,774314943.3455544,7473677739.370322,17473813416.2215,4430283308.383764,22194715708.707092,16.088989783421574,1.241213269423079,11.980174296285693,28.0102163415928,7.101666417427638,35.57773989184922,10036909465.548803,774314943.3455544,4430283308.383764,11,7,4,Universal P&C Insurance Co.;First Protective Insurance Co.;Tower Hill Insurance Exchange;Kin Interinsurance Network;TypTap Insurance Co.;Homeowners Choice P&C Ins Co.;GeoVera Specialty Insurance Co;FL Farm Bureau General Ins Co.;AIG Property Casualty Co.;ASI Preferred Insurance Corp.;Castle Key Indemnity Co.,Universal P&C Insurance Co.;First Protective Insurance Co.;Tower Hill Insurance Exchange;Kin Interinsurance Network;TypTap Insurance Co.;Homeowners Choice P&C Ins Co.;GeoVera Specialty Insurance Co,102088789.32837844,4,23.145936299594748,180247017.9602651,0.0,0,1.0,40709492.00232077,444236460.0,0.0,539937478.65,122763101.0110606,539937478.65,359958319.1,989283308.3837643,4430283308.383764,3441000000.0,1395853723.0,1395853723.0,0.0,False,3249444182.897246,3249444182.897246,0.0,1.0,3249444182.897246,0.0,1436350525.7557423,0.0,10,9464500000.0,9464500000.0,82
double_irma,baseline,,COMPOSITE,"{""double_irma"": 0.427900403427418}",62383714581.577034,26694016636.757713,35689697944.81932,4311464941.910736,9096094954.248177,0.0,12318993621.970284,967463118.6285176,4311464941.910736,9096094954.248177,5911431194.358841,29778266750.460484,19.747130648754748,1.5508264057655616,6.911202660548183,14.580880627673313,9.475920493045772,47.73403916421243,12318993621.970284,967463118.6285176,5911431194.358841,12,8,4,Universal P&C Insurance Co.;First Protective Insurance Co.;Cypress P&C Insurance Co.;Tower Hill Insurance Exchange;Kin Interinsurance Network;TypTap Insurance Co.;Homeowners Choice P&C Ins Co.;GeoVera Specialty Insurance Co;FL Farm Bureau General Ins Co.;AIG Property Casualty Co.;ASI Preferred Insurance Corp.;Castle Key Indemnity Co.,Universal P&C Insurance Co.;First Protective Insurance Co.;Cypress P&C Insurance Co.;Tower Hill Insurance Exchange;Kin Interinsurance Network;TypTap Insurance Co.;Homeowners Choice P&C Ins Co.;GeoVera Specialty Insurance Co,165037382.88713557,4,24.017115967979795,186345485.90939164,0.0,0,1.0,113370437.42671013,434615760.0,0.0,539937478.65,300648121.25520384,539937478.65,359958319.1,2470431194.358841,5911431194.358841,3441000000.0,1395853723.0,1395853723.0,0.0,False,4975017409.847504,4975017409.847504,0.0,1.0,4975017409.847504,0.0,1439727794.608542,0.0,10,9464500000.0,9464500000.0,83
double_irma,baseline,,COMPOSITE,"{""double_irma"": 0.6425896615742359}",62383714581.57703,40087130040.719315,22296584540.857716,7280557874.577022,19972929416.018272,0.0,11857704514.405142,975938235.7188802,7280557874.577022,19972929416.018272,3723031804.2565136,18573552736.6012,19.00769230229026,1.564411869772005,11.670606541161456,32.016255444199885,5.967954664495064,29.773079178081336,11857704514.405142,975938235.7188802,3723031804.2565136,11,7,4,Universal P&C Insurance Co.;First Protective Insurance Co.;Tower Hill Insurance Exchange;Kin Interinsurance Network;TypTap Insurance Co.;Homeowners Choice P&C Ins Co.;GeoVera Specialty Insurance Co;FL Farm Bureau General Ins Co.;AIG Property Casualty Co.;ASI Preferred Insurance Corp.;Castle Key Indemnity Co.,Universal P&C Insurance Co.;First Protective Insurance Co.;Tower Hill Insurance Exchange;Kin Interinsurance Network;TypTap Insurance Co.;Homeowners Choice P&C Ins Co.;GeoVera Specialty Insurance Co,155902480.46259463,4,23.145936299594748,185097840.0076499,0.0,0,1.0,68157158.7945401,444236460.0,0.0,539937478.65,304733378.47199905,539937478.65,359958319.1,282031804.2565136,3723031804.2565136,3441000000.0,1395853723.0,1395853723.0,0.0,False,4729781087.7349415,4729781087.7349415,0.0,1.0,4729781087.7349415,0.0,1439323463.5654287,0.0,11,9464500000.0,9464500000.0,84
double_irma,baseline,,COMPOSITE,"{""double_irma"": 0.47112929059666764}",62383714581.577034,29390795195.603386,32992919385.973648,6023634151.770434,12410456315.964142,0.0,10080482415.07985,876222312.7889626,6023634151.770434,12410456315.964142,5470784693.771961,27522134692.201687,16.15883645706597,1.4045689947544835,9.655779865262009,19.89374374258432,8.769571883408778,44.117499056924444,10080482415.07985,876222312.7889626,5470784693.771961,11,7,4,Universal P&C Insurance Co.;First Protective Insurance Co.;Tower Hill Insurance Exchange;Kin Interinsurance Network;TypTap Insurance Co.;Homeowners Choice P&C Ins Co.;GeoVera Specialty Insurance Co;FL Farm Bureau General Ins Co.;AIG Property Casualty Co.;ASI Preferred Insurance Corp.;Castle Key Indemnity Co.,Universal P&C Insurance Co.;First Protective Insurance Co.;Tower Hill Insurance Exchange;Kin Interinsurance Network;TypTap Insurance Co.;Homeowners Choice P&C Ins Co.;GeoVera Specialty Insurance Co,108186755.00087652,4,23.145936299594748,181290010.7152143,0.0,0,1.0,40960292.805547595,444236460.0,0.0,539937478.65,212507167.41643667,539937478.65,359958319.1,2029784693.7719612,5470784693.771961,3441000000.0,1395853723.0,1395853723.0,0.0,False,3240592878.0551496,3240592878.0551496,0.0,1.0,3240592878.0551496,0.0,1436085011.0526986,0.0,10,9464500000.0,9464500000.0,85
double_irma,baseline,,COMPOSITE,"{""double_irma"": 0.548686065089926}",62383714581.577034,34229074879.45855,28154639702.118484,8680591776.162975,16710790001.602598,0.0,8139804660.649659,697888441.0433124,8680591776.162975,16710790001.602598,4680222560.089048,23474417142.029438,13.047964064412223,1.118702927076758,13.914836322886263,26.787103194617362,7.502314652919365,37.62907883808803,8139804660.649659,697888441.0433124,4680222560.089048,8,4,4,Universal P&C Insurance Co.;First Protective Insurance Co.;Kin Interinsurance Network;Homeowners Choice P&C Ins Co.;FL Farm Bureau General Ins Co.;AIG Property Casualty Co.;ASI Preferred Insurance Corp.;Castle Key Indemnity Co.,Universal P&C Insurance Co.;First Protective Insurance Co.;Kin Interinsurance Network;Homeowners Choice P&C Ins Co.,80933587.51053315,4,16.162888892523068,174518086.50196224,0.0,0,1.0,0.0,396806308.82217485,0.0,539937478.65,50484361.308359265,539937478.65,359958319.1,1239222560.0890484,4680222560.089048,3441000000.0,1395853723.0,1395853723.0,0.0,False,1759229718.1169698,1759229718.1169698,0.0,1.0,1759229718.1169698,0.0,1434672770.8921902,0.0,10,9464500000.0,9464500000.0,86
double_irma,baseline,,COMPOSITE,"{""double_irma"": 0.5900275773898684}",62383714581.577034,36808111983.14892,25575602598.428116,5613655047.689017,20765857990.632828,0.0,9586430099.484642,842168845.3424263,5613655047.689017,20765857990.632828,4258814702.592835,21316787895.83528,15.366879262934555,1.3499818838795679,8.998590554187398,33.28730603798533,6.826805250629521,34.17043701038362,9586430099.484642,842168845.3424263,4258814702.592835,11,7,4,Universal P&C Insurance Co.;First Protective Insurance Co.;Tower Hill Insurance Exchange;Kin Interinsurance Network;TypTap Insurance Co.;Homeowners Choice P&C Ins Co.;GeoVera Specialty Insurance Co;FL Farm Bureau General Ins Co.;AIG Property Casualty Co.;ASI Preferred Insurance Corp.;Castle Key Indemnity Co.,Universal P&C Insurance Co.;First Protective Insurance Co.;Tower Hill Insurance Exchange;Kin Interinsurance Network;TypTap Insurance Co.;Homeowners Choice P&C Ins Co.;GeoVera Specialty Insurance Co,93384966.80242136,4,23.145936299594748,179029707.12991667,0.0,0,1.0,5.960464477539063e-08,440790353.0739103,0.0,539937478.65,179749866.85028887,539937478.65,359958319.1,817814702.592835,4258814702.592835,3441000000.0,1395853723.0,1395853723.0,0.0,False,2933883068.4997873,2933883068.4997873,0.0,1.0,2933883068.4997873,0.0,1435954385.9392948,0.0,10,9464500000.0,9464500000.0,87
double_irma,baseline,,COMPOSITE,"{""double_irma"": 0.4672569215644936}",62383714581.577034,29149222431.1457,33234492150.431335,5261691983.784439,10537601498.162529,0.0,12330107995.603195,1019820953.5955373,5261691983.784439,10537601498.162529,5510257046.0517645,27724235104.37957,19.764946794695174,1.634755096639769,8.434399937669479,16.89159032744495,8.832845371601255,44.44146247194938,12330107995.603195,1019820953.5955373,5510257046.0517645,12,8,4,Universal P&C Insurance Co.;First Protective Insurance Co.;Cypress P&C Insurance Co.;Tower Hill Insurance Exchange;Kin Interinsurance Network;TypTap Insurance Co.;Homeowners Choice P&C Ins Co.;GeoVera Specialty Insurance Co;FL Farm Bureau General Ins Co.;AIG Property Casualty Co.;ASI Preferred Insurance Corp.;Castle Key Indemnity Co.,Universal P&C Insurance Co.;First Protective Insurance Co.;Cypress P&C Insurance Co.;Tower Hill Insurance Exchange;Kin Interinsurance Network;TypTap Insurance Co.;Homeowners Choice P&C Ins Co.;GeoVera Specialty Insurance Co,152191367.77554205,4,24.017115967979795,185863914.4536417,0.0,0,1.0,103978800.00819492,434615760.0,0.0,539937478.65,345064784.8122915,539937478.65,359958319.1,2069257046.0517645,5510257046.0517645,3441000000.0,1395853723.0,1395853723.0,0.0,False,5104745448.895482,5104745448.895482,0.0,1.0,5104745448.895482,0.0,1440942600.8027701,0.0,11,9464500000.0,9464500000.0,88
double_irma,baseline,,COMPOSITE,"{""double_irma"": 0.6288929078580254}",62383714581.577034,39232675666.19309,23151038915.38394,6763165136.682627,17233071989.668526,0.0,13982073984.562475,1254364555.27947,6763165136.682627,17233071989.668526,3862647394.4246936,19288391520.95925,22.41301929252481,2.0107243752521033,10.841235059574192,27.624312058451462,6.19175600608656,30.91895320811089,13982073984.562475,1254364555.27947,3862647394.4246936,12,8,4,Universal P&C Insurance Co.;First Protective Insurance Co.;Cypress P&C Insurance Co.;Tower Hill Insurance Exchange;Kin Interinsurance Network;TypTap Insurance Co.;Homeowners Choice P&C Ins Co.;GeoVera Specialty Insurance Co;FL Farm Bureau General Ins Co.;AIG Property Casualty Co.;ASI Preferred Insurance Corp.;Castle Key Indemnity Co.,Universal P&C Insurance Co.;First Protective Insurance Co.;Cypress P&C Insurance Co.;Tower Hill Insurance Exchange;Kin Interinsurance Network;TypTap Insurance Co.;Homeowners Choice P&C Ins Co.;GeoVera Specialty Insurance Co,196349515.86463583,4,24.017115967979795,191152365.5345214,0.0,0,1.0,162927787.82287645,434615760.0,202760217.81818008,539937478.65,359958319.1,539937478.65,359958319.1,421647394.4246936,3862647394.4246936,3441000000.0,1395853723.0,1395853723.0,0.0,False,6224043009.1975,6224043009.1975,0.0,1.0,6224043009.1975,0.0,1448085857.896259,0.0,11,9464500000.0,9464500000.0,89
double_irma,baseline,,COMPOSITE,"{""double_irma"": 0.4246533261605665}",62383714581.577034,26491451895.318123,35892262686.25891,5624500837.085861,11227451873.77871,0.0,8922039674.074629,717459510.378923,5624500837.085861,11227451873.77871,5944529738.607074,29947732947.65184,14.301873067221068,1.15007500786239,9.01597616430951,17.997408376663685,9.528976878787198,48.00569050515615,8922039674.074629,717459510.378923,5944529738.607074,10,6,4,Universal P&C Insurance Co.;First Protective Insurance Co.;Kin Interinsurance Network;TypTap Insurance Co.;Homeowners Choice P&C Ins Co.;GeoVera Specialty Insurance Co;FL Farm Bureau General Ins Co.;AIG Property Casualty Co.;ASI Preferred Insurance Corp.;Castle Key Indemnity Co.,Universal P&C Insurance Co.;First Protective Insurance Co.;Kin Interinsurance Network;TypTap Insurance Co.;Homeowners Choice P&C Ins Co.;GeoVera Specialty Insurance Co,90190402.24883114,4,18.33203363146337,177557877.01636684,0.0,0,1.0,0.0,407925076.27725255,0.0,539937478.65,69831878.17260301,539937478.65,359958319.1,2503529738.607074,5944529738.607074,3441000000.0,1395853723.0,1395853723.0,0.0,False,2377638740.50834,2377638740.50834,0.0,1.0,2377638740.50834,0.0,1435305267.6179752,0.0,10,9464500000.0,9464500000.0,90
double_irma,baseline,,COMPOSITE,"{""double_irma"": 0.4084597572006708}",62383714581.57704,25481236911.266907,36902477670.310135,3715204471.4736786,9617434823.709303,0.0,11268571317.734795,880026298.349127,3715204471.4736786,9617434823.709303,6109596201.369644,30792881468.940483,18.063322123916283,1.4106667168694274,5.9554075873687085,15.416579291912658,9.793575522631528,49.36044875730138,11268571317.734795,880026298.349127,6109596201.369644,12,8,4,Universal P&C Insurance Co.;First Protective Insurance Co.;Cypress P&C Insurance Co.;Tower Hill Insurance Exchange;Kin Interinsurance Network;TypTap Insurance Co.;Homeowners Choice P&C Ins Co.;GeoVera Specialty Insurance Co;FL Farm Bureau General Ins Co.;AIG Property Casualty Co.;ASI Preferred Insurance Corp.;Castle Key Indemnity Co.,Universal P&C Insurance Co.;First Protective Insurance Co.;Cypress P&C Insurance Co.;Tower Hill Insurance Exchange;Kin Interinsurance Network;TypTap Insurance Co.;Homeowners Choice P&C Ins Co.;GeoVera Specialty Insurance Co,153181839.86591032,4,24.017115967979795,183755799.55294567,0.0,0,1.0,87542663.13750327,434615760.0,0.0,539937478.65,219564701.12606454,539937478.65,359958319.1,2668596201.369644,6109596201.369644,3441000000.0,1395853723.0,1395853723.0,0.0,False,4189786744.3905687,4189786744.3905687,0.0,1.0,4189786744.3905687,0.0,1437480476.8000221,0.0,10,9464500000.0,9464500000.0,91
double_irma,baseline,,COMPOSITE,"{""double_irma"": 0.44008110406722234}",62383714581.577034,27453893988.8749,34929820592.70213,4882471507.059571,11567555370.663189,0.0,10173440349.587524,830426761.5646139,4882471507.059571,11567555370.663189,5787269240.09405,29142551352.608078,16.307846395206344,1.331159529589559,7.826516166610969,18.54258831531536,9.276891058685257,46.7149985345925,10173440349.587524,830426761.5646139,5787269240.09405,11,7,4,Universal P&C Insurance Co.;First Protective Insurance Co.;Tower Hill Insurance Exchange;Kin Interinsurance Network;TypTap Insurance Co.;Homeowners Choice P&C Ins Co.;GeoVera Specialty Insurance Co;FL Farm Bureau General Ins Co.;AIG Property Casualty Co.;ASI Preferred Insurance Corp.;Castle Key Indemnity Co.,Universal P&C Insurance Co.;First Protective Insurance Co.;Tower Hill Insurance Exchange;Kin Interinsurance Network;TypTap Insurance Co.;Homeowners Choice P&C Ins Co.;GeoVera Specialty Insurance Co,98928361.04076089,4,23.145936299594748,180404370.74932402,0.0,0,1.0,14234035.508256972,444236460.0,0.0,539937478.65,171102321.46267402,539937478.65,359958319.1,2346269240.0940504,5787269240.09405,3441000000.0,1395853723.0,1395853723.0,0.0,False,3422091353.5891213,3422091353.5891213,0.0,1.0,3422091353.5891213,0.0,1436211847.3863165,0.0,10,9464500000.0,9464500000.0,92
double_irma,baseline,,COMPOSITE,"{""double_irma"": 0.49140465068749745}",62383714581.577034,30655647472.54841,31728067109.028625,5247204023.262533,14736369553.70097,0.0,9860130044.434727,811943851.1501801,5247204023.262533,14736369553.70097,5264111169.256201,26463955939.772427,15.805615472834619,1.3015317484636622,8.411175991132982,23.62214185631849,8.438277849537966,42.421257081712284,9860130044.434727,811943851.1501801,5264111169.256201,11,7,4,Universal P&C Insurance Co.;First Protective Insurance Co.;Tower Hill Insurance Exchange;Kin Interinsurance Network;TypTap Insurance Co.;Homeowners Choice P&C Ins Co.;GeoVera Specialty Insurance Co;FL Farm Bureau General Ins Co.;AIG Property Casualty Co.;ASI Preferred Insurance Corp.;Castle Key Indemnity Co.,Universal P&C Insurance Co.;First Protective Insurance Co.;Tower Hill Insurance Exchange;Kin Interinsurance Network;TypTap Insurance Co.;Homeowners Choice P&C Ins Co.;GeoVera Specialty Insurance Co,96145444.27556357,4,23.145936299594748,180065020.78590387,0.0,0,1.0,49228347.49652541,444236460.0,0.0,539937478.65,154981090.00571632,539937478.65,359958319.1,1823111169.2562008,5264111169.256201,3441000000.0,1395853723.0,1395853723.0,0.0,False,3109444873.1293197,3109444873.1293197,0.0,1.0,3109444873.1293197,0.0,1436647904.95642,0.0,10,9464500000.0,9464500000.0,93
double_irma,baseline,,COMPOSITE,"{""double_irma"": 0.4607797271495834}",62383714581.577034,28745150983.476555,33638563598.10048,4844170478.657829,15793075597.874088,0.0,7516867091.011141,591037815.9334947,4844170478.657829,15793075597.874088,5576281254.386725,28062282343.713753,12.049406069241986,0.9474232496377157,7.765120290045048,25.31602310603359,8.938681019218269,44.983346265823386,7516867091.011141,591037815.9334947,5576281254.386725,8,4,4,Universal P&C Insurance Co.;First Protective Insurance Co.;Kin Interinsurance Network;Homeowners Choice P&C Ins Co.;FL Farm Bureau General Ins Co.;AIG Property Casualty Co.;ASI Preferred Insurance Corp.;Castle Key Indemnity Co.,Universal P&C Insurance Co.;First Protective Insurance Co.;Kin Interinsurance Network;Homeowners Choice P&C Ins Co.,79732621.06213942,4,16.162888892523068,156093298.62735236,0.0,0,1.0,0.0,339826034.93717456,0.0,495182679.74188656,0.0,539937478.65,359958319.1,2135281254.3867254,5576281254.386725,3441000000.0,1395853723.0,1395853723.0,0.0,False,1387021238.491716,1387021238.491716,0.0,1.0,1387021238.491716,0.0,1405072835.659907,0.0,10,9464500000.0,9464500000.0,94
double_irma,baseline,,COMPOSITE,"{""double_irma"": 0.47321980923885026}",62383714581.57704,29521209513.904774,32862505067.672264,5717108411.591333,14233304979.224335,0.0,8915611371.99654,655184751.092565,5717108411.591333,14233304979.224335,5449475338.282823,27413029729.38944,14.291568611769504,1.050249661289089,9.164424481513148,22.815738169313292,8.735413360415931,43.942605715699024,8915611371.99654,655184751.092565,5449475338.282823,9,5,4,Universal P&C Insurance Co.;First Protective Insurance Co.;Kin Interinsurance Network;Homeowners Choice P&C Ins Co.;GeoVera Specialty Insurance Co;FL Farm Bureau General Ins Co.;AIG Property Casualty Co.;ASI Preferred Insurance Corp.;Castle Key Indemnity Co.,Universal P&C Insurance Co.;First Protective Insurance Co.;Kin Interinsurance Network;Homeowners Choice P&C Ins Co.;GeoVera Specialty Insurance Co,88097545.69049528,4,16.516370131259112,176388959.0981683,0.0,0,1.0,0.0,405211440.23274994,0.0,539937478.65,15511219.942132354,539937478.65,359958319.1,2008475338.2828226,5449475338.282823,3441000000.0,1395853723.0,1395853723.0,0.0,False,2410382603.737137,2410382603.737137,0.0,1.0,2410382603.737137,0.0,1435294634.7953024,0.0,10,9464500000.0,9464500000.0,95
double_irma,baseline,,COMPOSITE,"{""double_irma"": 0.6308888675575609}",62383714581.57704,39357191046.40524,23026523535.1718,5864617895.751946,14304360677.912477,0.0,17870076483.92015,1318135988.8206623,5864617895.751946,14304360677.912477,3842301909.853943,19184221625.317856,28.645419086983136,2.112948864397905,9.400879596682218,22.92963920769283,6.159142551265518,30.751970692978386,17870076483.92015,1318135988.8206623,3842301909.853943,16,12,4,Universal P&C Insurance Co.;Florida Family Insurance Co.;First Protective Insurance Co.;Cypress P&C Insurance Co.;Tower Hill Insurance Exchange;Kin Interinsurance Network;Florida Family Home Ins Co.;TypTap Insurance Co.;Homeowners Choice P&C Ins Co.;Edison Insurance Co.;Safe Harbor Insurance Co.;GeoVera Specialty Insurance Co;FL Farm Bureau General Ins Co.;AIG Property Casualty Co.;ASI Preferred Insurance Corp.;Castle Key Indemnity Co.,Universal P&C Insurance Co.;Florida Family Insurance Co.;First Protective Insurance Co.;Cypress P&C Insurance Co.;Tower Hill Insurance Exchange;Kin Interinsurance Network;Florida Family Home Ins Co.;TypTap Insurance Co.;Homeowners Choice P&C Ins Co.;Edison Insurance Co.;Safe Harbor Insurance Co.;GeoVera Specialty Insurance Co,389085058.49010456,4,28.525995730733356,204213340.78204632,0.0,0,1.0,477788428.7893456,384822840.0,281875836.8885851,539937478.65,359958319.1,539937478.65,359958319.1,401301909.8539429,3842301909.853943,3441000000.0,1395853723.0,1395853723.0,0.0,False,8651967598.24736,8651967598.24736,0.0,1.0,8651967598.24736,0.0,1538627491.8248775,0.0,11,9464500000.0,9464500000.0,96
double_irma,baseline,,COMPOSITE,"{""double_irma"": 0.4875822346114531}",62383714581.57703,30417190959.048424,31966523622.528603,4985506541.044,14170409859.087765,0.0,10425826483.66166,835448075.2550027,4985506541.044,14170409859.087765,5303074334.352297,26663449288.17631,16.712416940206673,1.3392086073401677,7.991679518417623,22.71491839518086,8.500735119608258,42.74104141924643,10425826483.66166,835448075.2550027,5303074334.352297,11,7,4,Universal P&C Insurance Co.;First Protective Insurance Co.;Tower Hill Insurance Exchange;Kin Interinsurance Network;TypTap Insurance Co.;Homeowners Choice P&C Ins Co.;GeoVera Specialty Insurance Co;FL Farm Bureau General Ins Co.;AIG Property Casualty Co.;ASI Preferred Insurance Corp.;Castle Key Indemnity Co.,Universal P&C Insurance Co.;First Protective Insurance Co.;Tower Hill Insurance Exchange;Kin Interinsurance Network;TypTap Insurance Co.;Homeowners Choice P&C Ins Co.;GeoVera Specialty Insurance Co,124524093.53844793,4,23.145936299594748,181264069.52866077,0.0,0,1.0,41122873.772545815,444236460.0,0.0,539937478.65,176825754.00931382,539937478.65,359958319.1,1862074334.3522968,5303074334.352297,3441000000.0,1395853723.0,1395853723.0,0.0,False,3588530659.090059,3588530659.090059,0.0,1.0,3588530659.090059,0.0,1436645940.5031261,0.0,10,9464500000.0,9464500000.0,97
double_irma,baseline,,COMPOSITE,"{""double_irma"": 0.4209437304327971}",62383714581.577034,26260033534.223923,36123681047.35311,4263749510.774109,9835699976.13332,0.0,11265328754.398546,895255292.9179459,4263749510.774109,9835699976.13332,5982342888.171476,30141338159.181633,18.05812435177656,1.435078527982253,6.834715661566691,15.766454501954213,9.589590694136325,48.31603626258396,11265328754.398546,895255292.9179459,5982342888.171476,11,7,4,Universal P&C Insurance Co.;First Protective Insurance Co.;Tower Hill Insurance Exchange;Kin Interinsurance Network;TypTap Insurance Co.;Homeowners Choice P&C Ins Co.;GeoVera Specialty Insurance Co;FL Farm Bureau General Ins Co.;AIG Property Casualty Co.;ASI Preferred Insurance Corp.;Castle Key Indemnity Co.,Universal P&C Insurance Co.;First Protective Insurance Co.;Tower Hill Insurance Exchange;Kin Interinsurance Network;TypTap Insurance Co.;Homeowners Choice P&C Ins Co.;GeoVera Specialty Insurance Co,131802582.73048219,4,23.145936299594748,183573411.69692284,0.0,0,1.0,72376581.39293104,444236460.0,0.0,539937478.65,232120962.57036698,539937478.65,359958319.1,2541342888.1714764,5982342888.171476,3441000000.0,1395853723.0,1395853723.0,0.0,False,4239697629.894044,4239697629.894044,0.0,1.0,4239697629.894044,0.0,1437111391.5916238,0.0,10,9464500000.0,9464500000.0,98
double_irma,baseline,,COMPOSITE,"{""double_irma"": 0.5787969040579858}",62383714581.57703,36107500863.45381,26276213718.12322,5211337898.964482,15533738314.615322,0.0,14245479236.230385,1116945413.6436284,5211337898.964482,15533738314.615322,4373292710.864321,21902921007.258896,22.835253289706024,1.790443902122945,8.35368322312676,24.900309990842867,7.0103114894601495,35.109998104741265,14245479236.230385,1116945413.6436284,4373292710.864321,12,8,4,Universal P&C Insurance Co.;First Protective Insurance Co.;Cypress P&C Insurance Co.;Tower Hill Insurance Exchange;Kin Interinsurance Network;TypTap Insurance Co.;Homeowners Choice P&C Ins Co.;GeoVera Specialty Insurance Co;FL Farm Bureau General Ins Co.;AIG Property Casualty Co.;ASI Preferred Insurance Corp.;Castle Key Indemnity Co.,Universal P&C Insurance Co.;First Protective Insurance Co.;Cypress P&C Insurance Co.;Tower Hill Insurance Exchange;Kin Interinsurance Network;TypTap Insurance Co.;Homeowners Choice P&C Ins Co.;GeoVera Specialty Insurance Co,194702299.86669847,4,24.017115967979795,190387151.4430629,0.0,0,1.0,174009975.73361182,434615760.0,78883605.25977719,539937478.65,359958319.1,539937478.65,359958319.1,932292710.8643208,4373292710.864321,3441000000.0,1395853723.0,1395853723.0,0.0,False,6550774843.338519,6550774843.338519,0.0,1.0,6550774843.338519,0.0,1445801194.9712286,0.0,11,9464500000.0,9464500000.0,99
double_irma,baseline,,COMPOSITE,"{""double_irma"": 0.43351497708980485}",62383714581.577034,27044274597.6093,35339439983.967735,4068874092.4288044,13955348962.604664,0.0,8298396507.878693,721655034.6971333,4068874092.4288044,13955348962.604664,5854199967.773439,29485240016.194298,13.302184013148441,1.1568003597372354,6.522333784898425,22.370179551196387,9.384179840907203,47.2643224501123,8298396507.878693,721655034.6971333,5854199967.773439,8,4,4,Universal P&C Insurance Co.;First Protective Insurance Co.;Kin Interinsurance Network;Homeowners Choice P&C Ins Co.;FL Farm Bureau General Ins Co.;AIG Property Casualty Co.;ASI Preferred Insurance Corp.;Castle Key Indemnity Co.,Universal P&C Insurance Co.;First Protective Insurance Co.;Kin Interinsurance Network;Homeowners Choice P&C Ins Co.,87648802.08680302,4,16.162888892523068,166420417.61921483,0.0,0,1.0,0.0,390126736.1687034,0.0,539937478.65,70928195.13084424,539937478.65,359958319.1,2413199967.7734394,5854199967.773439,3441000000.0,1395853723.0,1395853723.0,0.0,False,1920055827.1548967,1920055827.1548967,0.0,1.0,1920055827.1548967,0.0,1421780735.291597,0.0,10,9464500000.0,9464500000.0,100
