scenario,policy_scenario,policy_severity,events,wind_shares,total_damage_usd,wind_total_usd,water_total_usd,underinsured_wind_usd,uninsured_wind_usd,nfip_policyholder_shortfall_usd,wind_insured_private_usd,wind_insured_citizens_usd,wind_underinsured_usd,wind_uninsured_usd,flood_insured_capped_usd,flood_un_derinsured_usd,wind_insured_private_pct,wind_insured_citizens_pct,wind_underinsured_pct,wind_uninsured_pct,flood_insured_capped_pct,flood_un_derinsured_pct,insured_private_wind_pre_usd,insured_citizens_wind_pre_usd,insured_flood_pre_usd,defaults_pre,defaults_post,rescued_defaults,default_companies_pre,default_companies_post,group_contrib_total_usd,group_supported_companies,defaulted_premium_base_pct,largest_entity_deficit_usd,diag_group_shortfall_total_usd,diag_groups_with_shortfall,diag_groups_fully_funded_share,figa_residual_deficit_usd,figa_collected_usd,citizens_residual_deficit_usd,citizens_tier1_usd,citizens_tier2_usd,citizens_tier1_capacity_usd,citizens_tier2_capacity_usd,nfip_borrowed_usd,nfip_claims_paid_usd,nfip_pool_used_usd,nfip_fl_premium_base_usd,nfip_fl_premium_depletion_usd,underinsured_flood_usd,fhcf_cap_binding,fhcf_total_precap_usd,fhcf_total_postcap_usd,fhcf_shortfall_usd,fhcf_scaling_factor,fhcf_recovery_private_usd,fhcf_recovery_citizens_usd,catbond_payout_usd,catbond_unfilled_usd,catbond_triggers,catbond_limit_in_force_usd,catbond_issue_volume_year_usd,iter
double_gm,baseline,,COMPOSITE,"{""double_gm"": 0.6661152119807906}",321140213590.44794,213916381451.3576,107223832139.09032,33981059566.27674,66732869516.20954,0.0,83212623102.13875,29989829266.732544,33981059566.27674,66732869516.20954,31444179649.266914,75779652489.8234,25.911617287600208,9.338546839536813,10.58137789296391,20.77997917797812,9.791417679433902,23.597061122487027,83212623102.13875,29989829266.732544,31444179649.266914,37,23,14,Universal P&C Insurance Co.;Florida Family Insurance Co.;First Protective Insurance Co.;Spinnaker Insurance Co.;Cypress P&C Insurance Co.;Florida Peninsula Insurance Co;Tower Hill Insurance Exchange;Kin Interinsurance Network;Unique Insurance Co.;Heritage P&C Insurance Co.;Florida Family Home Ins Co.;US Coastal P&C Insurance Co.;TypTap Insurance Co.;Homeowners Choice P&C Ins Co.;Vault E&S Insurance Co.;Edison Insurance Co.;Safe Harbor Insurance Co.;Spinnaker Specialty Ins Co.;GeoVera Specialty Insurance Co;Florida Farm Bureau Cas Ins Co;Universal North America Ins Co;QBE Specialty Insurance Co.;Auto Club Insurance Co. of FL;American Platinum P&C Ins Co.;Privilege Underwriters Recpl;FL Farm Bureau General Ins Co.;Castle Key Insurance Co.;Homesite Insurance Co.;PURE Specialty Exchange;State Farm FL Ins Co;AIG Property Casualty Co.;Foremost P&C Insurance Co.;ASI Preferred Insurance Corp.;Nationwide P&C Insurance Co.;ACE Ins Co. of the Midwest;Castle Key Indemnity Co.;First Liberty Insurance Corp.,Universal P&C Insurance Co.;Florida Family Insurance Co.;First Protective Insurance Co.;Spinnaker Insurance Co.;Cypress P&C Insurance Co.;Florida Peninsula Insurance Co;Tower Hill Insurance Exchange;Kin Interinsurance Network;Unique Insurance Co.;Heritage P&C Insurance Co.;Florida Family Home Ins Co.;US Coastal P&C Insurance Co.;TypTap Insurance Co.;Homeowners Choice P&C Ins Co.;Vault E&S Insurance Co.;Edison Insurance Co.;Safe Harbor Insurance Co.;Spinnaker Specialty Ins Co.;GeoVera Specialty Insurance Co;Florida Farm Bureau Cas Ins Co;Universal North America Ins Co;QBE Specialty Insurance Co.;American Platinum P&C Ins Co.,11855711352.82821,14,36.189312511589605,5782895756.833165,114585086.31528172,1,0.9811320754716981,24793618329.66398,300194520.0,24238979235.0012,539937478.65,359958319.1,539937478.65,359958319.1,28003179649.266914,31444179649.266914,3441000000.0,1395853723.0,1395853723.0,0.0,False,15190005612.732788,15190005612.732788,0.0,1.0,10621765803.559988,4568239809.1728,2575000000.0000005,0.0,14,9464500000.0,9464500000.0,1
double_gm,baseline,,COMPOSITE,"{""double_gm"": 0.6631529136220402}",321140213590.4479,212965068323.70984,108175145266.73807,77285038844.75298,73857034584.46532,0.0,47208690515.5208,14614304378.970736,77285038844.75298,73857034584.46532,31721425202.90506,76453720063.83302,14.700336026968685,4.550755016190046,24.06582407749005,22.998376241555242,9.877749300920497,23.80695933687549,47208690515.5208,14614304378.970736,31721425202.90506,32,19,13,Universal P&C Insurance Co.;Florida Family Insurance Co.;First Protective Insurance Co.;Cypress P&C Insurance Co.;Florida Peninsula Insurance Co;Tower Hill Insurance Exchange;Kin Interinsurance Network;Heritage P&C Insurance Co.;Florida Family Home Ins Co.;US Coastal P&C Insurance Co.;TypTap Insurance Co.;Homeowners Choice P&C Ins Co.;Vault E&S Insurance Co.;Edison Insurance Co.;Safe Harbor Insurance Co.;GeoVera Specialty Insurance Co;Florida Farm Bureau Cas Ins Co;Universal North America Ins Co;Auto Club Insurance Co. of FL;American Platinum P&C Ins Co.;FL Farm Bureau General Ins Co.;Castle Key Insurance Co.;Homesite Insurance Co.;PURE Specialty Exchange;State Farm FL Ins Co;AIG Property Casualty Co.;Foremost P&C Insurance Co.;ASI Preferred Insurance Corp.;Nationwide P&C Insurance Co.;ACE Ins Co. of the Midwest;Castle Key Indemnity Co.;First Liberty Insurance Corp.,Universal P&C Insurance Co.;Florida Family Insurance Co.;First Protective Insurance Co.;Cypress P&C Insurance Co.;Florida Peninsula Insurance Co;Tower Hill Insurance Exchange;Kin Interinsurance Network;Heritage P&C Insurance Co.;Florida Family Home Ins Co.;US Coastal P&C Insurance Co.;TypTap Insurance Co.;Homeowners Choice P&C Ins Co.;Vault E&S Insurance Co.;Edison Insurance Co.;Safe Harbor Insurance Co.;GeoVera Specialty Insurance Co;Florida Farm Bureau Cas Ins Co;Universal North America Ins Co;American Platinum P&C Ins Co.,4938745982.08262,13,35.41856476294073,2778179937.3621693,33225002.854076542,1,0.9811320754716981,9997303103.825876,308706120.0,8911474725.977484,539937478.65,359958319.1,539937478.65,359958319.1,28280425202.90506,31721425202.90506,3441000000.0,1395853723.0,1395853723.0,0.0,False,15165610250.857716,15165610250.857716,0.0,1.0,10597370441.684916,4568239809.1728,2383534538.6862736,0.0,14,9464500000.0,9464500000.0,2
double_gm,baseline,,COMPOSITE,"{""double_gm"": 0.6039756464541733}",321140213590.4479,193960868105.72208,127179345484.72581,45904610124.33409,83863085160.36139,0.0,47972588975.31794,16220583845.708649,45904610124.33409,83863085160.36139,37259906548.068565,89919438936.65726,14.938206722530763,5.05093512405608,14.294257829346943,26.11416496948355,11.602379574794192,28.000055779788475,47972588975.31794,16220583845.708649,37259906548.068565,30,19,11,Universal P&C Insurance Co.;Florida Family Insurance Co.;First Protective Insurance Co.;Cypress P&C Insurance Co.;Florida Peninsula Insurance Co;Tower Hill Insurance Exchange;Kin Interinsurance Network;Heritage P&C Insurance Co.;Florida Family Home Ins Co.;US Coastal P&C Insurance Co.;TypTap Insurance Co.;Homeowners Choice P&C Ins Co.;Vault E&S Insurance Co.;Edison Insurance Co.;Safe Harbor Insurance Co.;GeoVera Specialty Insurance Co;Florida Farm Bureau Cas Ins Co;Universal North America Ins Co;Auto Club Insurance Co. of FL;American Platinum P&C Ins Co.;FL Farm Bureau General Ins Co.;Castle Key Insurance Co.;Homesite Insurance Co.;State Farm FL Ins Co;AIG Property Casualty Co.;ASI Preferred Insurance Corp.;Nationwide P&C Insurance Co.;ACE Ins Co. of the Midwest;Castle Key Indemnity Co.;First Liberty Insurance Corp.,Universal P&C Insurance Co.;Florida Family Insurance Co.;First Protective Insurance Co.;Cypress P&C Insurance Co.;Florida Peninsula Insurance Co;Tower Hill Insurance Exchange;Kin Interinsurance Network;Heritage P&C Insurance Co.;Florida Family Home Ins Co.;US Coastal P&C Insurance Co.;TypTap Insurance Co.;Homeowners Choice P&C Ins Co.;Vault E&S Insurance Co.;Edison Insurance Co.;Safe Harbor Insurance Co.;GeoVera Specialty Insurance Co;Florida Farm Bureau Cas Ins Co;Universal North America Ins Co;American Platinum P&C Ins Co.,4917776360.246408,11,35.41856476294073,3256038809.654333,41487269.78360848,1,0.9811320754716981,10919262681.48742,308706120.0,10493399507.267673,539937478.65,359958319.1,539937478.65,359958319.1,33818906548.068565,37259906548.068565,3441000000.0,1395853723.0,1395853723.0,0.0,False,15163575473.111946,15163575473.111946,0.0,1.0,10595335663.939144,4568239809.172801,2276080030.6553907,0.0,14,9464500000.0,9464500000.0,3
double_gm,baseline,,COMPOSITE,"{""double_gm"": 0.7000295951623592}",321140213590.44794,224807653710.07483,96332559880.3731,38471513879.42297,109480684013.34752,0.0,64093553109.46239,12761902707.841928,38471513879.42297,109480684013.34752,28270086157.402554,68062473722.97052,19.958121218416228,3.9739348009892215,11.979662543441517,34.09124095338895,8.80303523539894,21.194005248365126,64093553109.46239,12761902707.841928,28270086157.402554,35,22,13,Universal P&C Insurance Co.;Florida Family Insurance Co.;First Protective Insurance Co.;Cypress P&C Insurance Co.;Florida Peninsula Insurance Co;Tower Hill Insurance Exchange;Kin Interinsurance Network;Unique Insurance Co.;Heritage P&C Insurance Co.;Florida Family Home Ins Co.;US Coastal P&C Insurance Co.;TypTap Insurance Co.;Homeowners Choice P&C Ins Co.;Vault E&S Insurance Co.;Edison Insurance Co.;Safe Harbor Insurance Co.;Spinnaker Specialty Ins Co.;GeoVera Specialty Insurance Co;Florida Farm Bureau Cas Ins Co;Universal North America Ins Co;QBE Specialty Insurance Co.;Auto Club Insurance Co. of FL;American Platinum P&C Ins Co.;FL Farm Bureau General Ins Co.;Castle Key Insurance Co.;Homesite Insurance Co.;PURE Specialty Exchange;State Farm FL Ins Co;AIG Property Casualty Co.;Foremost P&C Insurance Co.;ASI Preferred Insurance Corp.;Nationwide P&C Insurance Co.;ACE Ins Co. of the Midwest;Castle Key Indemnity Co.;First Liberty Insurance Corp.,Universal P&C Insurance Co.;Florida Family Insurance Co.;First Protective Insurance Co.;Cypress P&C Insurance Co.;Florida Peninsula Insurance Co;Tower Hill Insurance Exchange;Kin Interinsurance Network;Unique Insurance Co.;Heritage P&C Insurance Co.;Florida Family Home Ins Co.;US Coastal P&C Insurance Co.;TypTap Insurance Co.;Homeowners Choice P&C Ins Co.;Vault E&S Insurance Co.;Edison Insurance Co.;Safe Harbor Insurance Co.;Spinnaker Specialty Ins Co.;GeoVera Specialty Insurance Co;Florida Farm Bureau Cas Ins Co;Universal North America Ins Co;QBE Specialty Insurance Co.;American Platinum P&C Ins Co.,7630876636.117444,13,35.89838321723671,4493966373.095869,64559637.08959259,1,0.9811320754716981,17981851454.738117,303407340.0,7148964566.764026,539937478.65,359958319.1,539937478.65,359958319.1,24829086157.402554,28270086157.402554,3441000000.0,1395853723.0,1395853723.0,0.0,False,15177719224.773247,15177719224.773247,0.0,1.0,10609479415.600447,4568239809.1728,2458452203.1470537,0.0,14,9464500000.0,9464500000.0,4
double_gm,baseline,,COMPOSITE,"{""double_gm"": 0.7539449474627977}",321140213590.4479,242122041463.6419,79018172126.806,23129803943.024822,160044581972.1991,0.0,47709813917.32851,11237841631.089483,23129803943.024822,160044581972.1991,23224074619.10628,55794097507.69972,14.856381075393172,3.499356715699633,7.202400373477488,49.836356581709495,7.231755363009158,17.373749890711064,47709813917.32851,11237841631.089483,23224074619.10628,32,19,13,Universal P&C Insurance Co.;Florida Family Insurance Co.;First Protective Insurance Co.;Cypress P&C Insurance Co.;Florida Peninsula Insurance Co;Tower Hill Insurance Exchange;Kin Interinsurance Network;Heritage P&C Insurance Co.;Florida Family Home Ins Co.;US Coastal P&C Insurance Co.;TypTap Insurance Co.;Homeowners Choice P&C Ins Co.;Vault E&S Insurance Co.;Edison Insurance Co.;Safe Harbor Insurance Co.;GeoVera Specialty Insurance Co;Florida Farm Bureau Cas Ins Co;Universal North America Ins Co;Auto Club Insurance Co. of FL;American Platinum P&C Ins Co.;FL Farm Bureau General Ins Co.;Castle Key Insurance Co.;Homesite Insurance Co.;PURE Specialty Exchange;State Farm FL Ins Co;AIG Property Casualty Co.;Foremost P&C Insurance Co.;ASI Preferred Insurance Corp.;Nationwide P&C Insurance Co.;ACE Ins Co. of the Midwest;Castle Key Indemnity Co.;First Liberty Insurance Corp.,Universal P&C Insurance Co.;Florida Family Insurance Co.;First Protective Insurance Co.;Cypress P&C Insurance Co.;Florida Peninsula Insurance Co;Tower Hill Insurance Exchange;Kin Interinsurance Network;Heritage P&C Insurance Co.;Florida Family Home Ins Co.;US Coastal P&C Insurance Co.;TypTap Insurance Co.;Homeowners Choice P&C Ins Co.;Vault E&S Insurance Co.;Edison Insurance Co.;Safe Harbor Insurance Co.;GeoVera Specialty Insurance Co;Florida Farm Bureau Cas Ins Co;Universal North America Ins Co;American Platinum P&C Ins Co.,4765427041.279912,13,35.41856476294073,2435254726.249039,48285963.93973848,1,0.9811320754716981,10479753911.565224,308706120.0,5603692717.024744,539937478.65,359958319.1,539937478.65,359958319.1,19783074619.10628,23224074619.10628,3441000000.0,1395853723.0,1395853723.0,0.0,False,15156792568.538626,15156792568.538626,0.0,1.0,10588552759.365826,4568239809.1728,2268762258.0545416,0.0,14,9464500000.0,9464500000.0,5
double_gm,baseline,,COMPOSITE,"{""double_gm"": 0.7225038299802558}",321140213590.44794,232025034279.776,89115179310.67192,60947945225.143745,80138264485.42601,0.0,67155649587.289154,23783174981.91707,60947945225.143745,80138264485.42601,26166691792.592606,62948487518.079315,20.911628860324903,7.405853884200219,18.978608920921697,24.954291332578745,8.148058288945135,19.601558713029288,67155649587.289154,23783174981.91707,26166691792.592606,36,23,13,Universal P&C Insurance Co.;Florida Family Insurance Co.;First Protective Insurance Co.;Spinnaker Insurance Co.;Cypress P&C Insurance Co.;Florida Peninsula Insurance Co;Tower Hill Insurance Exchange;Kin Interinsurance Network;Unique Insurance Co.;Heritage P&C Insurance Co.;Florida Family Home Ins Co.;US Coastal P&C Insurance Co.;TypTap Insurance Co.;Homeowners Choice P&C Ins Co.;Vault E&S Insurance Co.;Edison Insurance Co.;Safe Harbor Insurance Co.;Spinnaker Specialty Ins Co.;GeoVera Specialty Insurance Co;Florida Farm Bureau Cas Ins Co;Universal North America Ins Co;QBE Specialty Insurance Co.;Auto Club Insurance Co. of FL;American Platinum P&C Ins Co.;FL Farm Bureau General Ins Co.;Castle Key Insurance Co.;Homesite Insurance Co.;PURE Specialty Exchange;State Farm FL Ins Co;AIG Property Casualty Co.;Foremost P&C Insurance Co.;ASI Preferred Insurance Corp.;Nationwide P&C Insurance Co.;ACE Ins Co. of the Midwest;Castle Key Indemnity Co.;First Liberty Insurance Corp.,Universal P&C Insurance Co.;Florida Family Insurance Co.;First Protective Insurance Co.;Spinnaker Insurance Co.;Cypress P&C Insurance Co.;Florida Peninsula Insurance Co;Tower Hill Insurance Exchange;Kin Interinsurance Network;Unique Insurance Co.;Heritage P&C Insurance Co.;Florida Family Home Ins Co.;US Coastal P&C Insurance Co.;TypTap Insurance Co.;Homeowners Choice P&C Ins Co.;Vault E&S Insurance Co.;Edison Insurance Co.;Safe Harbor Insurance Co.;Spinnaker Specialty Ins Co.;GeoVera Specialty Insurance Co;Florida Farm Bureau Cas Ins Co;Universal North America Ins Co;QBE Specialty Insurance Co.;American Platinum P&C Ins Co.,8379867170.86405,13,36.189312511589605,4330039687.358542,82309423.34606372,1,0.9811320754716981,18472330194.598854,300194520.0,18038561131.551968,539937478.65,359958319.1,539937478.65,359958319.1,22725691792.592606,26166691792.592606,3441000000.0,1395853723.0,1395853723.0,0.0,False,15185018130.320923,15185018130.320923,0.0,1.0,10616778321.14812,4568239809.172801,2521987775.685989,0.0,14,9464500000.0,9464500000.0,6
double_gm,baseline,,COMPOSITE,"{""double_gm"": 0.6911457885350392}",321140213590.4479,221954706152.281,99185507438.16689,24506672877.514103,117824577243.54262,0.0,64518079314.45883,15105376716.765488,24506672877.514103,117824577243.54262,29101533766.158794,70083973672.00807,20.090314630212937,4.703670259131567,7.631144229345134,36.68944973481429,9.061940091773172,21.823481054722908,64518079314.45883,15105376716.765488,29101533766.158794,35,22,13,Universal P&C Insurance Co.;Florida Family Insurance Co.;First Protective Insurance Co.;Cypress P&C Insurance Co.;Florida Peninsula Insurance Co;Tower Hill Insurance Exchange;Kin Interinsurance Network;Unique Insurance Co.;Heritage P&C Insurance Co.;Florida Family Home Ins Co.;US Coastal P&C Insurance Co.;TypTap Insurance Co.;Homeowners Choice P&C Ins Co.;Vault E&S Insurance Co.;Edison Insurance Co.;Safe Harbor Insurance Co.;Spinnaker Specialty Ins Co.;GeoVera Specialty Insurance Co;Florida Farm Bureau Cas Ins Co;Universal North America Ins Co;QBE Specialty Insurance Co.;Auto Club Insurance Co. of FL;American Platinum P&C Ins Co.;FL Farm Bureau General Ins Co.;Castle Key Insurance Co.;Homesite Insurance Co.;PURE Specialty Exchange;State Farm FL Ins Co;AIG Property Casualty Co.;Foremost P&C Insurance Co.;ASI Preferred Insurance Corp.;Nationwide P&C Insurance Co.;ACE Ins Co. of the Midwest;Castle Key Indemnity Co.;First Liberty Insurance Corp.,Universal P&C Insurance Co.;Florida Family Insurance Co.;First Protective Insurance Co.;Cypress P&C Insurance Co.;Florida Peninsula Insurance Co;Tower Hill Insurance Exchange;Kin Interinsurance Network;Unique Insurance Co.;Heritage P&C Insurance Co.;Florida Family Home Ins Co.;US Coastal P&C Insurance Co.;TypTap Insurance Co.;Homeowners Choice P&C Ins Co.;Vault E&S Insurance Co.;Edison Insurance Co.;Safe Harbor Insurance Co.;Spinnaker Specialty Ins Co.;GeoVera Specialty Insurance Co;Florida Farm Bureau Cas Ins Co;Universal North America Ins Co;QBE Specialty Insurance Co.;American Platinum P&C Ins Co.,7710900567.627755,13,35.89838321723671,4141720892.502887,74556068.18717645,1,0.9811320754716981,17145746215.298573,303407340.0,9459020871.061718,539937478.65,359958319.1,539937478.65,359958319.1,25660533766.158794,29101533766.158794,3441000000.0,1395853723.0,1395853723.0,0.0,False,15178029923.409859,15178029923.409859,0.0,1.0,10609790114.237057,4568239809.172801,2533647950.277275,0.0,14,9464500000.0,9464500000.0,7
double_gm,baseline,,COMPOSITE,"{""double_gm"": 0.6345821703776315}",321140213590.4479,203789853735.76257,117350359854.68532,40190461620.649536,101067970807.6816,0.0,50955517534.70761,11575903772.72386,40190461620.649536,101067970807.6816,34395400126.88629,82954959727.79901,15.867062229612733,3.6046260427187367,12.514926477536905,31.471602287894783,10.71039959223262,25.83138337000423,50955517534.70761,11575903772.72386,34395400126.88629,32,20,12,Universal P&C Insurance Co.;Florida Family Insurance Co.;First Protective Insurance Co.;Cypress P&C Insurance Co.;Florida Peninsula Insurance Co;Tower Hill Insurance Exchange;Kin Interinsurance Network;Heritage P&C Insurance Co.;Florida Family Home Ins Co.;US Coastal P&C Insurance Co.;TypTap Insurance Co.;Homeowners Choice P&C Ins Co.;Vault E&S Insurance Co.;Edison Insurance Co.;Safe Harbor Insurance Co.;GeoVera Specialty Insurance Co;Florida Farm Bureau Cas Ins Co;Universal North America Ins Co;QBE Specialty Insurance Co.;Auto Club Insurance Co. of FL;American Platinum P&C Ins Co.;FL Farm Bureau General Ins Co.;Castle Key Insurance Co.;Homesite Insurance Co.;State Farm FL Ins Co;AIG Property Casualty Co.;Foremost P&C Insurance Co.;ASI Preferred Insurance Corp.;Nationwide P&C Insurance Co.;ACE Ins Co. of the Midwest;Castle Key Indemnity Co.;First Liberty Insurance Corp.,Universal P&C Insurance Co.;Florida Family Insurance Co.;First Protective Insurance Co.;Cypress P&C Insurance Co.;Florida Peninsula Insurance Co;Tower Hill Insurance Exchange;Kin Interinsurance Network;Heritage P&C Insurance Co.;Florida Family Home Ins Co.;US Coastal P&C Insurance Co.;TypTap Insurance Co.;Homeowners Choice P&C Ins Co.;Vault E&S Insurance Co.;Edison Insurance Co.;Safe Harbor Insurance Co.;GeoVera Specialty Insurance Co;Florida Farm Bureau Cas Ins Co;Universal North America Ins Co;QBE Specialty Insurance Co.;American Platinum P&C Ins Co.,5761943059.516419,12,35.71378625186174,3454503642.762571,43714287.72432862,1,0.9811320754716981,12118123096.871239,305445900.0,5946527620.510461,539937478.65,359958319.1,539937478.65,359958319.1,30954400126.88629,34395400126.88629,3441000000.0,1395853723.0,1395853723.0,0.0,False,15159008205.600275,15159008205.600275,0.0,1.0,10590768396.427475,4568239809.1728,2259695435.21136,0.0,14,9464500000.0,9464500000.0,8
double_gm,baseline,,COMPOSITE,"{""double_gm"": 0.7572897210665588}",321140213590.4479,243196182773.1654,77944030817.28249,60190441210.74231,77432122931.42688,0.0,81710318519.21974,23863300111.776474,60190441210.74231,77432122931.42688,22911032684.343124,55032998132.939384,25.443813967012375,7.430804085535512,18.742729394676044,24.111624659431953,7.134277089807789,17.136750803536337,81710318519.21974,23863300111.776474,22911032684.343124,38,23,15,Universal P&C Insurance Co.;Florida Family Insurance Co.;First Protective Insurance Co.;Spinnaker Insurance Co.;Cypress P&C Insurance Co.;Florida Peninsula Insurance Co;Tower Hill Insurance Exchange;Kin Interinsurance Network;Unique Insurance Co.;Heritage P&C Insurance Co.;Florida Family Home Ins Co.;US Coastal P&C Insurance Co.;TypTap Insurance Co.;Homeowners Choice P&C Ins Co.;Vault E&S Insurance Co.;Edison Insurance Co.;Safe Harbor Insurance Co.;Spinnaker Specialty Ins Co.;GeoVera Specialty Insurance Co;Florida Farm Bureau Cas Ins Co;Universal North America Ins Co;QBE Specialty Insurance Co.;Auto Club Insurance Co. of FL;American Platinum P&C Ins Co.;Privilege Underwriters Recpl;FL Farm Bureau General Ins Co.;Castle Key Insurance Co.;Chubb Custom Insurance Co.;Homesite Insurance Co.;PURE Specialty Exchange;State Farm FL Ins Co;AIG Property Casualty Co.;Foremost P&C Insurance Co.;ASI Preferred Insurance Corp.;Nationwide P&C Insurance Co.;ACE Ins Co. of the Midwest;Castle Key Indemnity Co.;First Liberty Insurance Corp.,Universal P&C Insurance Co.;Florida Family Insurance Co.;First Protective Insurance Co.;Spinnaker Insurance Co.;Cypress P&C Insurance Co.;Florida Peninsula Insurance Co;Tower Hill Insurance Exchange;Kin Interinsurance Network;Unique Insurance Co.;Heritage P&C Insurance Co.;Florida Family Home Ins Co.;US Coastal P&C Insurance Co.;TypTap Insurance Co.;Homeowners Choice P&C Ins Co.;Vault E&S Insurance Co.;Edison Insurance Co.;Safe Harbor Insurance Co.;Spinnaker Specialty Ins Co.;GeoVera Specialty Insurance Co;Florida Farm Bureau Cas Ins Co;Universal North America Ins Co;QBE Specialty Insurance Co.;American Platinum P&C Ins Co.,10587269635.447206,15,36.189312511589605,6152928191.317987,86642757.9525594,1,0.9811320754716981,25074315069.30313,300194520.0,18162445351.57447,539937478.65,359958319.1,539937478.65,359958319.1,19470032684.343124,22911032684.343124,3441000000.0,1395853723.0,1395853723.0,0.0,False,15200241822.57605,15200241822.57605,0.0,1.0,10632002013.40325,4568239809.1728,2575000000.0,0.0,14,9464500000.0,9464500000.0,9
double_gm,baseline,,COMPOSITE,"{""double_gm"": 0.7126635198106699}",321140213590.44794,228864914970.11893,92275298620.329,38301119808.88472,84676504753.17622,0.0,84357510554.70714,21529779853.350815,38301119808.88472,84676504753.17622,27087659875.661976,65187638744.667015,26.268124322259055,6.704168130375561,11.926603454816895,26.367456073615458,8.43483896732006,20.298809051612952,84357510554.70714,21529779853.350815,27087659875.661976,38,23,15,Universal P&C Insurance Co.;Florida Family Insurance Co.;First Protective Insurance Co.;Spinnaker Insurance Co.;Cypress P&C Insurance Co.;Florida Peninsula Insurance Co;Tower Hill Insurance Exchange;Kin Interinsurance Network;Unique Insurance Co.;Heritage P&C Insurance Co.;Florida Family Home Ins Co.;US Coastal P&C Insurance Co.;TypTap Insurance Co.;Homeowners Choice P&C Ins Co.;Vault E&S Insurance Co.;Edison Insurance Co.;Safe Harbor Insurance Co.;Spinnaker Specialty Ins Co.;GeoVera Specialty Insurance Co;Florida Farm Bureau Cas Ins Co;Universal North America Ins Co;QBE Specialty Insurance Co.;Auto Club Insurance Co. of FL;American Platinum P&C Ins Co.;Privilege Underwriters Recpl;FL Farm Bureau General Ins Co.;Castle Key Insurance Co.;Chubb Custom Insurance Co.;Homesite Insurance Co.;PURE Specialty Exchange;State Farm FL Ins Co;AIG Property Casualty Co.;Foremost P&C Insurance Co.;ASI Preferred Insurance Corp.;Nationwide P&C Insurance Co.;ACE Ins Co. of the Midwest;Castle Key Indemnity Co.;First Liberty Insurance Corp.,Universal P&C Insurance Co.;Florida Family Insurance Co.;First Protective Insurance Co.;Spinnaker Insurance Co.;Cypress P&C Insurance Co.;Florida Peninsula Insurance Co;Tower Hill Insurance Exchange;Kin Interinsurance Network;Unique Insurance Co.;Heritage P&C Insurance Co.;Florida Family Home Ins Co.;US Coastal P&C Insurance Co.;TypTap Insurance Co.;Homeowners Choice P&C Ins Co.;Vault E&S Insurance Co.;Edison Insurance Co.;Safe Harbor Insurance Co.;Spinnaker Specialty Ins Co.;GeoVera Specialty Insurance Co;Florida Farm Bureau Cas Ins Co;Universal North America Ins Co;QBE Specialty Insurance Co.;American Platinum P&C Ins Co.,11767516881.43933,15,36.189312511589605,6440325729.283485,109241680.23766291,1,0.9811320754716981,27374746106.667103,300194520.0,15857778496.729134,539937478.65,359958319.1,539937478.65,359958319.1,23646659875.661976,27087659875.661976,3441000000.0,1395853723.0,1395853723.0,0.0,False,15199773375.590378,15199773375.590378,0.0,1.0,10631533566.417578,4568239809.172801,2575000000.0,0.0,14,9464500000.0,9464500000.0,10
double_gm,baseline,,COMPOSITE,"{""double_gm"": 0.6988347527096136}",321140213590.4479,224423941749.59314,96716271840.85475,12431367438.408981,102415525771.04143,0.0,87076348723.93083,22500699816.211926,12431367438.408981,102415525771.04143,28381913096.2196,68334358744.635155,27.114744600307155,7.006503347758001,3.8710092701946017,31.891218052701614,8.837857077723449,21.278667651315196,87076348723.93083,22500699816.211926,28381913096.2196,37,23,14,Universal P&C Insurance Co.;Florida Family Insurance Co.;First Protective Insurance Co.;Spinnaker Insurance Co.;Cypress P&C Insurance Co.;Florida Peninsula Insurance Co;Tower Hill Insurance Exchange;Kin Interinsurance Network;Unique Insurance Co.;Heritage P&C Insurance Co.;Florida Family Home Ins Co.;US Coastal P&C Insurance Co.;TypTap Insurance Co.;Homeowners Choice P&C Ins Co.;Vault E&S Insurance Co.;Edison Insurance Co.;Safe Harbor Insurance Co.;Spinnaker Specialty Ins Co.;GeoVera Specialty Insurance Co;Florida Farm Bureau Cas Ins Co;Universal North America Ins Co;QBE Specialty Insurance Co.;Auto Club Insurance Co. of FL;American Platinum P&C Ins Co.;Privilege Underwriters Recpl;FL Farm Bureau General Ins Co.;Castle Key Insurance Co.;Homesite Insurance Co.;PURE Specialty Exchange;State Farm FL Ins Co;AIG Property Casualty Co.;Foremost P&C Insurance Co.;ASI Preferred Insurance Corp.;Nationwide P&C Insurance Co.;ACE Ins Co. of the Midwest;Castle Key Indemnity Co.;First Liberty Insurance Corp.,Universal P&C Insurance Co.;Florida Family Insurance Co.;First Protective Insurance Co.;Spinnaker Insurance Co.;Cypress P&C Insurance Co.;Florida Peninsula Insurance Co;Tower Hill Insurance Exchange;Kin Interinsurance Network;Unique Insurance Co.;Heritage P&C Insurance Co.;Florida Family Home Ins Co.;US Coastal P&C Insurance Co.;TypTap Insurance Co.;Homeowners Choice P&C Ins Co.;Vault E&S Insurance Co.;Edison Insurance Co.;Safe Harbor Insurance Co.;Spinnaker Specialty Ins Co.;GeoVera Specialty Insurance Co;Florida Farm Bureau Cas Ins Co;Universal North America Ins Co;QBE Specialty Insurance Co.;American Platinum P&C Ins Co.,11684849821.442564,14,36.189312511589605,7739404655.854366,128739657.29856783,1,0.9811320754716981,28127169370.106956,300194520.0,16825463563.565485,539937478.65,359958319.1,539937478.65,359958319.1,24940913096.2196,28381913096.2196,3441000000.0,1395853723.0,1395853723.0,0.0,False,15195974355.77655,15195974355.77655,0.0,1.0,10627734546.603752,4568239809.172799,2575000000.0,0.0,14,9464500000.0,9464500000.0,11
double_gm,baseline,,COMPOSITE,"{""double_gm"": 0.8134988484299556}",321140213590.44794,261247193940.37933,59893019650.06858,23357291177.12205,84020748184.66957,0.0,115920032947.13297,37949121631.45472,23357291177.12205,84020748184.66957,17650343601.70946,42242676048.35911,36.096392803352394,11.816994579150235,7.273237728772812,26.163259731720096,5.496148677355945,13.153966479648496,115920032947.13297,37949121631.45472,17650343601.70946,43,23,20,Universal P&C Insurance Co.;Florida Family Insurance Co.;First Protective Insurance Co.;Spinnaker Insurance Co.;Cypress P&C Insurance Co.;Florida Peninsula Insurance Co;Tower Hill Insurance Exchange;Kin Interinsurance Network;Unique Insurance Co.;Heritage P&C Insurance Co.;Florida Family Home Ins Co.;US Coastal P&C Insurance Co.;TypTap Insurance Co.;Homeowners Choice P&C Ins Co.;Vault E&S Insurance Co.;Edison Insurance Co.;Safe Harbor Insurance Co.;Spinnaker Specialty Ins Co.;GeoVera Specialty Insurance Co;Florida Farm Bureau Cas Ins Co;Universal North America Ins Co;QBE Specialty Insurance Co.;Auto Club Insurance Co. of FL;American Platinum P&C Ins Co.;Privilege Underwriters Recpl;American Strategic Ins Corp.;FL Farm Bureau General Ins Co.;Castle Key Insurance Co.;Chubb Custom Insurance Co.;Homesite Insurance Co.;Farmers Casualty Ins Co.;Scottsdale Insurance Co.;PURE Specialty Exchange;First Floridian Auto & Home;State Farm FL Ins Co;AIG Specialty Insurance Co.;AIG Property Casualty Co.;Foremost P&C Insurance Co.;ASI Preferred Insurance Corp.;Nationwide P&C Insurance Co.;ACE Ins Co. of the Midwest;Castle Key Indemnity Co.;First Liberty Insurance Corp.,Universal P&C Insurance Co.;Florida Family Insurance Co.;First Protective Insurance Co.;Spinnaker Insurance Co.;Cypress P&C Insurance Co.;Florida Peninsula Insurance Co;Tower Hill Insurance Exchange;Kin Interinsurance Network;Unique Insurance Co.;Heritage P&C Insurance Co.;Florida Family Home Ins Co.;US Coastal P&C Insurance Co.;TypTap Insurance Co.;Homeowners Choice P&C Ins Co.;Vault E&S Insurance Co.;Edison Insurance Co.;Safe Harbor Insurance Co.;Spinnaker Specialty Ins Co.;GeoVera Specialty Insurance Co;Florida Farm Bureau Cas Ins Co;Universal North America Ins Co;QBE Specialty Insurance Co.;American Platinum P&C Ins Co.,17578464096.959553,20,36.189312511589605,9282708010.203175,160180724.5247517,1,0.9811320754716981,39717403994.17716,300194520.0,32218580203.529522,539937478.65,359958319.1,539937478.65,359958319.1,14209343601.709461,17650343601.70946,3441000000.0,1395853723.0,1395853723.0,0.0,False,15209268729.6576,15209268729.6576,0.0,1.0,10641028920.4848,4568239809.1728,2642190671.62247,0.0,15,9464500000.0,9464500000.0,12
double_gm,baseline,,COMPOSITE,"{""double_gm"": 0.7023871426090355}",321140213590.4479,225564757000.65002,95575456589.79787,38339534968.772316,76870799518.62253,0.0,87260148458.48235,23094274054.772827,38339534968.772316,76870799518.62253,28049440068.479336,67526016521.318535,27.17197808486413,7.191336705101996,11.938565569264696,23.936833901672724,8.73432814747111,21.026957591625347,87260148458.48235,23094274054.772827,28049440068.479336,38,23,15,Universal P&C Insurance Co.;Florida Family Insurance Co.;First Protective Insurance Co.;Spinnaker Insurance Co.;Cypress P&C Insurance Co.;Florida Peninsula Insurance Co;Tower Hill Insurance Exchange;Kin Interinsurance Network;Unique Insurance Co.;Heritage P&C Insurance Co.;Florida Family Home Ins Co.;US Coastal P&C Insurance Co.;TypTap Insurance Co.;Homeowners Choice P&C Ins Co.;Vault E&S Insurance Co.;Edison Insurance Co.;Safe Harbor Insurance Co.;Spinnaker Specialty Ins Co.;GeoVera Specialty Insurance Co;Florida Farm Bureau Cas Ins Co;Universal North America Ins Co;QBE Specialty Insurance Co.;Auto Club Insurance Co. of FL;American Platinum P&C Ins Co.;Privilege Underwriters Recpl;FL Farm Bureau General Ins Co.;Castle Key Insurance Co.;Chubb Custom Insurance Co.;Homesite Insurance Co.;PURE Specialty Exchange;State Farm FL Ins Co;AIG Property Casualty Co.;Foremost P&C Insurance Co.;ASI Preferred Insurance Corp.;Nationwide P&C Insurance Co.;ACE Ins Co. of the Midwest;Castle Key Indemnity Co.;First Liberty Insurance Corp.,Universal P&C Insurance Co.;Florida Family Insurance Co.;First Protective Insurance Co.;Spinnaker Insurance Co.;Cypress P&C Insurance Co.;Florida Peninsula Insurance Co;Tower Hill Insurance Exchange;Kin Interinsurance Network;Unique Insurance Co.;Heritage P&C Insurance Co.;Florida Family Home Ins Co.;US Coastal P&C Insurance Co.;TypTap Insurance Co.;Homeowners Choice P&C Ins Co.;Vault E&S Insurance Co.;Edison Insurance Co.;Safe Harbor Insurance Co.;Spinnaker Specialty Ins Co.;GeoVera Specialty Insurance Co;Florida Farm Bureau Cas Ins Co;Universal North America Ins Co;QBE Specialty Insurance Co.;American Platinum P&C Ins Co.,11013175645.363125,15,36.189312511589605,7538250145.94908,125781872.18972272,1,0.9811320754716981,28857045213.875965,300194520.0,17413910596.350594,539937478.65,359958319.1,539937478.65,359958319.1,24608440068.479336,28049440068.479336,3441000000.0,1395853723.0,1395853723.0,0.0,False,15204906627.22238,15204906627.22238,0.0,1.0,10636666818.04958,4568239809.1728,2574999999.9999995,0.0,14,9464500000.0,9464500000.0,13
double_gm,baseline,,COMPOSITE,"{""double_gm"": 0.7668800254108712}",321140213590.4479,246276015158.69528,74864198431.75261,37301827888.73793,105292002113.66634,0.0,81726115470.17184,21956069686.11918,37301827888.73793,105292002113.66634,22013462988.284954,52850735443.46765,25.44873298689328,6.836910719041836,11.615433480501194,32.78692535465081,6.8547824460124644,16.457215012900416,81726115470.17184,21956069686.11918,22013462988.284954,38,23,15,Universal P&C Insurance Co.;Florida Family Insurance Co.;First Protective Insurance Co.;Spinnaker Insurance Co.;Cypress P&C Insurance Co.;Florida Peninsula Insurance Co;Tower Hill Insurance Exchange;Kin Interinsurance Network;Unique Insurance Co.;Heritage P&C Insurance Co.;Florida Family Home Ins Co.;US Coastal P&C Insurance Co.;TypTap Insurance Co.;Homeowners Choice P&C Ins Co.;Vault E&S Insurance Co.;Edison Insurance Co.;Safe Harbor Insurance Co.;Spinnaker Specialty Ins Co.;GeoVera Specialty Insurance Co;Florida Farm Bureau Cas Ins Co;Universal North America Ins Co;QBE Specialty Insurance Co.;Auto Club Insurance Co. of FL;American Platinum P&C Ins Co.;Privilege Underwriters Recpl;FL Farm Bureau General Ins Co.;Castle Key Insurance Co.;Chubb Custom Insurance Co.;Homesite Insurance Co.;PURE Specialty Exchange;State Farm FL Ins Co;AIG Property Casualty Co.;Foremost P&C Insurance Co.;ASI Preferred Insurance Corp.;Nationwide P&C Insurance Co.;ACE Ins Co. of the Midwest;Castle Key Indemnity Co.;First Liberty Insurance Corp.,Universal P&C Insurance Co.;Florida Family Insurance Co.;First Protective Insurance Co.;Spinnaker Insurance Co.;Cypress P&C Insurance Co.;Florida Peninsula Insurance Co;Tower Hill Insurance Exchange;Kin Interinsurance Network;Unique Insurance Co.;Heritage P&C Insurance Co.;Florida Family Home Ins Co.;US Coastal P&C Insurance Co.;TypTap Insurance Co.;Homeowners Choice P&C Ins Co.;Vault E&S Insurance Co.;Edison Insurance Co.;Safe Harbor Insurance Co.;Spinnaker Specialty Ins Co.;GeoVera Specialty Insurance Co;Florida Farm Bureau Cas Ins Co;Universal North America Ins Co;QBE Specialty Insurance Co.;American Platinum P&C Ins Co.,10902923232.247364,15,36.189312511589605,5158733173.416558,119768803.18756342,1,0.9811320754716981,24722862536.25002,300194520.0,16273728835.024385,539937478.65,359958319.1,539937478.65,359958319.1,18572462988.284954,22013462988.284954,3441000000.0,1395853723.0,1395853723.0,0.0,False,15202864124.103695,15202864124.103695,0.0,1.0,10634624314.930895,4568239809.1728,2575000000.0,0.0,14,9464500000.0,9464500000.0,14
double_gm,baseline,,COMPOSITE,"{""double_gm"": 0.6763904915416825}",321140213590.44794,217216186924.24402,103924026666.20393,45463719688.26389,67950373429.462036,0.0,78357735457.37419,25444358349.143864,45463719688.26389,67950373429.462036,30482502186.147408,73441524480.05653,24.399851573027938,7.923130543094553,14.156968752049238,21.15909828599652,9.491960488331095,22.86899035750065,78357735457.37419,25444358349.143864,30482502186.147408,37,23,14,Universal P&C Insurance Co.;Florida Family Insurance Co.;First Protective Insurance Co.;Spinnaker Insurance Co.;Cypress P&C Insurance Co.;Florida Peninsula Insurance Co;Tower Hill Insurance Exchange;Kin Interinsurance Network;Unique Insurance Co.;Heritage P&C Insurance Co.;Florida Family Home Ins Co.;US Coastal P&C Insurance Co.;TypTap Insurance Co.;Homeowners Choice P&C Ins Co.;Vault E&S Insurance Co.;Edison Insurance Co.;Safe Harbor Insurance Co.;Spinnaker Specialty Ins Co.;GeoVera Specialty Insurance Co;Florida Farm Bureau Cas Ins Co;Universal North America Ins Co;QBE Specialty Insurance Co.;Auto Club Insurance Co. of FL;American Platinum P&C Ins Co.;Privilege Underwriters Recpl;FL Farm Bureau General Ins Co.;Castle Key Insurance Co.;Homesite Insurance Co.;PURE Specialty Exchange;State Farm FL Ins Co;AIG Property Casualty Co.;Foremost P&C Insurance Co.;ASI Preferred Insurance Corp.;Nationwide P&C Insurance Co.;ACE Ins Co. of the Midwest;Castle Key Indemnity Co.;First Liberty Insurance Corp.,Universal P&C Insurance Co.;Florida Family Insurance Co.;First Protective Insurance Co.;Spinnaker Insurance Co.;Cypress P&C Insurance Co.;Florida Peninsula Insurance Co;Tower Hill Insurance Exchange;Kin Interinsurance Network;Unique Insurance Co.;Heritage P&C Insurance Co.;Florida Family Home Ins Co.;US Coastal P&C Insurance Co.;TypTap Insurance Co.;Homeowners Choice P&C Ins Co.;Vault E&S Insurance Co.;Edison Insurance Co.;Safe Harbor Insurance Co.;Spinnaker Specialty Ins Co.;GeoVera Specialty Insurance Co;Florida Farm Bureau Cas Ins Co;Universal North America Ins Co;QBE Specialty Insurance Co.;American Platinum P&C Ins Co.,10452289187.15496,14,36.189312511589605,5486345934.632173,99112811.63232307,1,0.9811320754716981,24362210058.126804,300194520.0,19719420054.185654,539937478.65,359958319.1,539937478.65,359958319.1,27041502186.147408,30482502186.147408,3441000000.0,1395853723.0,1395853723.0,0.0,False,15193328132.57265,15193328132.57265,0.0,1.0,10625088323.399853,4568239809.172799,2575000000.0,0.0,14,9464500000.0,9464500000.0,15
double_gm,baseline,,COMPOSITE,"{""double_gm"": 0.8205497439492779}",321140213590.4479,263511520033.45844,57628693556.98944,54247033613.20114,86385932741.76408,0.0,97618540450.63155,25260013227.861694,54247033613.20114,86385932741.76408,16990440649.62334,40638252907.3661,30.39748256975537,7.865727230310666,16.892008947338724,26.89975564752305,5.290661191155386,12.654364413916818,97618540450.63155,25260013227.861694,16990440649.62334,40,23,17,Universal P&C Insurance Co.;Florida Family Insurance Co.;First Protective Insurance Co.;Spinnaker Insurance Co.;Cypress P&C Insurance Co.;Florida Peninsula Insurance Co;Tower Hill Insurance Exchange;Kin Interinsurance Network;Unique Insurance Co.;Heritage P&C Insurance Co.;Florida Family Home Ins Co.;US Coastal P&C Insurance Co.;TypTap Insurance Co.;Homeowners Choice P&C Ins Co.;Vault E&S Insurance Co.;Edison Insurance Co.;Safe Harbor Insurance Co.;Spinnaker Specialty Ins Co.;GeoVera Specialty Insurance Co;Florida Farm Bureau Cas Ins Co;Universal North America Ins Co;QBE Specialty Insurance Co.;Auto Club Insurance Co. of FL;American Platinum P&C Ins Co.;Privilege Underwriters Recpl;FL Farm Bureau General Ins Co.;Castle Key Insurance Co.;Chubb Custom Insurance Co.;Homesite Insurance Co.;Farmers Casualty Ins Co.;Scottsdale Insurance Co.;PURE Specialty Exchange;State Farm FL Ins Co;AIG Property Casualty Co.;Foremost P&C Insurance Co.;ASI Preferred Insurance Corp.;Nationwide P&C Insurance Co.;ACE Ins Co. of the Midwest;Castle Key Indemnity Co.;First Liberty Insurance Corp.,Universal P&C Insurance Co.;Florida Family Insurance Co.;First Protective Insurance Co.;Spinnaker Insurance Co.;Cypress P&C Insurance Co.;Florida Peninsula Insurance Co;Tower Hill Insurance Exchange;Kin Interinsurance Network;Unique Insurance Co.;Heritage P&C Insurance Co.;Florida Family Home Ins Co.;US Coastal P&C Insurance Co.;TypTap Insurance Co.;Homeowners Choice P&C Ins Co.;Vault E&S Insurance Co.;Edison Insurance Co.;Safe Harbor Insurance Co.;Spinnaker Specialty Ins Co.;GeoVera Specialty Insurance Co;Florida Farm Bureau Cas Ins Co;Universal North America Ins Co;QBE Specialty Insurance Co.;American Platinum P&C Ins Co.,13890467954.542585,17,36.189312511589605,6283096618.217482,116023313.3026098,1,0.9811320754716981,31067165911.250713,300194520.0,19582402532.13257,539937478.65,359958319.1,539937478.65,359958319.1,13549440649.62334,16990440649.62334,3441000000.0,1395853723.0,1395853723.0,0.0,False,15209268729.657598,15209268729.657598,0.0,1.0,10641028920.484798,4568239809.1728,2575000000.0,0.0,14,9464500000.0,9464500000.0,16
double_gm,baseline,,COMPOSITE,"{""double_gm"": 0.6483173630721579}",321140213590.4479,208200776451.38873,112939437139.05913,50677824320.82696,89725251723.13531,0.0,54196516943.52121,13601183463.905275,50677824320.82696,89725251723.13531,33109904662.97667,79829532476.08249,16.87627853814607,4.235278824735089,15.780591210995675,27.93958773333896,10.310108563732207,24.858155129052008,54196516943.52121,13601183463.905275,33109904662.97667,34,22,12,Universal P&C Insurance Co.;Florida Family Insurance Co.;First Protective Insurance Co.;Cypress P&C Insurance Co.;Florida Peninsula Insurance Co;Tower Hill Insurance Exchange;Kin Interinsurance Network;Unique Insurance Co.;Heritage P&C Insurance Co.;Florida Family Home Ins Co.;US Coastal P&C Insurance Co.;TypTap Insurance Co.;Homeowners Choice P&C Ins Co.;Vault E&S Insurance Co.;Edison Insurance Co.;Safe Harbor Insurance Co.;Spinnaker Specialty Ins Co.;GeoVera Specialty Insurance Co;Florida Farm Bureau Cas Ins Co;Universal North America Ins Co;QBE Specialty Insurance Co.;Auto Club Insurance Co. of FL;American Platinum P&C Ins Co.;FL Farm Bureau General Ins Co.;Castle Key Insurance Co.;Homesite Insurance Co.;State Farm FL Ins Co;AIG Property Casualty Co.;Foremost P&C Insurance Co.;ASI Preferred Insurance Corp.;Nationwide P&C Insurance Co.;ACE Ins Co. of the Midwest;Castle Key Indemnity Co.;First Liberty Insurance Corp.,Universal P&C Insurance Co.;Florida Family Insurance Co.;First Protective Insurance Co.;Cypress P&C Insurance Co.;Florida Peninsula Insurance Co;Tower Hill Insurance Exchange;Kin Interinsurance Network;Unique Insurance Co.;Heritage P&C Insurance Co.;Florida Family Home Ins Co.;US Coastal P&C Insurance Co.;TypTap Insurance Co.;Homeowners Choice P&C Ins Co.;Vault E&S Insurance Co.;Edison Insurance Co.;Safe Harbor Insurance Co.;Spinnaker Specialty Ins Co.;GeoVera Specialty Insurance Co;Florida Farm Bureau Cas Ins Co;Universal North America Ins Co;QBE Specialty Insurance Co.;American Platinum P&C Ins Co.,7107415477.355105,12,35.89838321723671,3298415347.3434377,60836842.5205016,1,0.9811320754716981,12743128853.400177,303407340.0,7945969931.377604,539937478.65,359958319.1,539937478.65,359958319.1,29668904662.97667,33109904662.97667,3441000000.0,1395853723.0,1395853723.0,0.0,False,15167714524.142319,15167714524.142319,0.0,1.0,10599474714.969519,4568239809.172799,2296743142.866537,0.0,14,9464500000.0,9464500000.0,17
double_gm,baseline,,COMPOSITE,"{""double_gm"": 0.7331522288994118}",321140213590.4479,235444663383.07004,85695550207.37787,49971100216.04493,109555637313.64882,0.0,56899262764.720474,19018663088.655834,49971100216.04493,109555637313.64882,25170093578.580643,60525456628.797226,17.71788781248195,5.92223031678943,15.56052406434947,34.11458069632033,7.837727109031639,18.847050001027192,56899262764.720474,19018663088.655834,25170093578.580643,34,21,13,Universal P&C Insurance Co.;Florida Family Insurance Co.;First Protective Insurance Co.;Cypress P&C Insurance Co.;Florida Peninsula Insurance Co;Tower Hill Insurance Exchange;Kin Interinsurance Network;Heritage P&C Insurance Co.;Florida Family Home Ins Co.;US Coastal P&C Insurance Co.;TypTap Insurance Co.;Homeowners Choice P&C Ins Co.;Vault E&S Insurance Co.;Edison Insurance Co.;Safe Harbor Insurance Co.;Spinnaker Specialty Ins Co.;GeoVera Specialty Insurance Co;Florida Farm Bureau Cas Ins Co;Universal North America Ins Co;QBE Specialty Insurance Co.;Auto Club Insurance Co. of FL;American Platinum P&C Ins Co.;FL Farm Bureau General Ins Co.;Castle Key Insurance Co.;Homesite Insurance Co.;PURE Specialty Exchange;State Farm FL Ins Co;AIG Property Casualty Co.;Foremost P&C Insurance Co.;ASI Preferred Insurance Corp.;Nationwide P&C Insurance Co.;ACE Ins Co. of the Midwest;Castle Key Indemnity Co.;First Liberty Insurance Corp.,Universal P&C Insurance Co.;Florida Family Insurance Co.;First Protective Insurance Co.;Cypress P&C Insurance Co.;Florida Peninsula Insurance Co;Tower Hill Insurance Exchange;Kin Interinsurance Network;Heritage P&C Insurance Co.;Florida Family Home Ins Co.;US Coastal P&C Insurance Co.;TypTap Insurance Co.;Homeowners Choice P&C Ins Co.;Vault E&S Insurance Co.;Edison Insurance Co.;Safe Harbor Insurance Co.;Spinnaker Specialty Ins Co.;GeoVera Specialty Insurance Co;Florida Farm Bureau Cas Ins Co;Universal North America Ins Co;QBE Specialty Insurance Co.;American Platinum P&C Ins Co.,6889751909.526215,13,35.802781374679086,3616134700.892926,48660596.864216864,1,0.9811320754716981,14781311163.008162,304463100.0,13291241531.81974,539937478.65,359958319.1,539937478.65,359958319.1,21729093578.580643,25170093578.580643,3441000000.0,1395853723.0,1395853723.0,0.0,False,15170471624.160099,15170471624.160099,0.0,1.0,10602231814.9873,4568239809.172799,2274964846.66554,0.0,14,9464500000.0,9464500000.0,18
double_gm,baseline,,COMPOSITE,"{""double_gm"": 0.7010571973069182}",321140213590.4479,225137658082.26447,96002555508.18341,46306172663.10993,108717766471.87645,0.0,56066292854.42627,14047426092.85183,46306172663.10993,108717766471.87645,28173911467.690277,67828644040.49313,17.458508925926033,4.374234523853994,14.419300574472583,33.85367570643921,8.773087354180015,21.121192915128166,56066292854.42627,14047426092.85183,28173911467.690277,33,21,12,Universal P&C Insurance Co.;Florida Family Insurance Co.;First Protective Insurance Co.;Cypress P&C Insurance Co.;Florida Peninsula Insurance Co;Tower Hill Insurance Exchange;Kin Interinsurance Network;Unique Insurance Co.;Heritage P&C Insurance Co.;Florida Family Home Ins Co.;US Coastal P&C Insurance Co.;TypTap Insurance Co.;Homeowners Choice P&C Ins Co.;Vault E&S Insurance Co.;Edison Insurance Co.;Safe Harbor Insurance Co.;GeoVera Specialty Insurance Co;Florida Farm Bureau Cas Ins Co;Universal North America Ins Co;QBE Specialty Insurance Co.;Auto Club Insurance Co. of FL;American Platinum P&C Ins Co.;FL Farm Bureau General Ins Co.;Castle Key Insurance Co.;Homesite Insurance Co.;State Farm FL Ins Co;AIG Property Casualty Co.;Foremost P&C Insurance Co.;ASI Preferred Insurance Corp.;Nationwide P&C Insurance Co.;ACE Ins Co. of the Midwest;Castle Key Indemnity Co.;First Liberty Insurance Corp.,Universal P&C Insurance Co.;Florida Family Insurance Co.;First Protective Insurance Co.;Cypress P&C Insurance Co.;Florida Peninsula Insurance Co;Tower Hill Insurance Exchange;Kin Interinsurance Network;Unique Insurance Co.;Heritage P&C Insurance Co.;Florida Family Home Ins Co.;US Coastal P&C Insurance Co.;TypTap Insurance Co.;Homeowners Choice P&C Ins Co.;Vault E&S Insurance Co.;Edison Insurance Co.;Safe Harbor Insurance Co.;GeoVera Specialty Insurance Co;Florida Farm Bureau Cas Ins Co;Universal North America Ins Co;QBE Specialty Insurance Co.;American Platinum P&C Ins Co.,6265274286.338405,12,35.80938809441937,3464927852.408548,56447485.358953595,1,0.9811320754716981,13409623990.932629,304390140.0,8391243928.703901,539937478.65,359958319.1,539937478.65,359958319.1,24732911467.690277,28173911467.690277,3441000000.0,1395853723.0,1395853723.0,0.0,False,15168213952.788074,15168213952.788074,0.0,1.0,10599974143.615274,4568239809.1728,2218219132.1190586,0.0,14,9464500000.0,9464500000.0,19
double_gm,baseline,,COMPOSITE,"{""double_gm"": 0.6467885147624054}",321140213590.4479,207709801778.64743,113430411811.80046,30726014876.965466,103273103880.6171,0.0,57696839141.574394,16013843879.490484,30726014876.965466,103273103880.6171,33252991666.62504,80177420145.17545,17.966245490250415,4.986558270124663,9.567788018024595,32.158259697840876,10.354664492137626,24.966484031621842,57696839141.574394,16013843879.490484,33252991666.62504,35,23,12,Universal P&C Insurance Co.;Florida Family Insurance Co.;First Protective Insurance Co.;Cypress P&C Insurance Co.;Florida Peninsula Insurance Co;Tower Hill Insurance Exchange;Kin Interinsurance Network;Unique Insurance Co.;Heritage P&C Insurance Co.;Florida Family Home Ins Co.;US Coastal P&C Insurance Co.;TypTap Insurance Co.;Homeowners Choice P&C Ins Co.;Vault E&S Insurance Co.;Edison Insurance Co.;Safe Harbor Insurance Co.;Spinnaker Specialty Ins Co.;GeoVera Specialty Insurance Co;Florida Farm Bureau Cas Ins Co;Universal North America Ins Co;QBE Specialty Insurance Co.;Auto Club Insurance Co. of FL;American Platinum P&C Ins Co.;FL Farm Bureau General Ins Co.;Castle Key Insurance Co.;Homesite Insurance Co.;PURE Specialty Exchange;State Farm FL Ins Co;AIG Property Casualty Co.;Foremost P&C Insurance Co.;ASI Preferred Insurance Corp.;Nationwide P&C Insurance Co.;ACE Ins Co. of the Midwest;Castle Key Indemnity Co.;First Liberty Insurance Corp.,Universal P&C Insurance Co.;Florida Family Insurance Co.;First Protective Insurance Co.;Cypress P&C Insurance Co.;Florida Peninsula Insurance Co;Tower Hill Insurance Exchange;Kin Interinsurance Network;Unique Insurance Co.;Heritage P&C Insurance Co.;Florida Family Home Ins Co.;US Coastal P&C Insurance Co.;TypTap Insurance Co.;Homeowners Choice P&C Ins Co.;Vault E&S Insurance Co.;Edison Insurance Co.;Safe Harbor Insurance Co.;Spinnaker Specialty Ins Co.;GeoVera Specialty Insurance Co;Florida Farm Bureau Cas Ins Co;Universal North America Ins Co;QBE Specialty Insurance Co.;American Platinum P&C Ins Co.;Castle Key Indemnity Co.,6632834465.085753,13,37.63650469101551,4215132153.9397736,56829683.370489076,1,0.9811320754716981,15023549483.130657,284212740.0,10332607431.933899,539937478.65,359958319.1,539937478.65,359958319.1,29811991666.62504,33252991666.62504,3441000000.0,1395853723.0,1395853723.0,0.0,False,15166998258.761316,15166998258.761316,0.0,1.0,10598758449.588516,4568239809.1728,2345458929.98378,0.0,14,9464500000.0,9464500000.0,20
double_gm,baseline,,COMPOSITE,"{""double_gm"": 0.7612040326609165}",321140213590.4479,244453225634.637,76686987955.8109,88038989425.26073,85228874166.03554,0.0,56901338476.13848,14284023567.202248,88038989425.26073,85228874166.03554,22544686910.331455,54142301045.479454,17.718534169222767,4.447908721085535,27.41450173460288,26.53945864118047,7.0202005093895945,16.85939622451876,56901338476.13848,14284023567.202248,22544686910.331455,35,22,13,Universal P&C Insurance Co.;Florida Family Insurance Co.;First Protective Insurance Co.;Cypress P&C Insurance Co.;Florida Peninsula Insurance Co;Tower Hill Insurance Exchange;Kin Interinsurance Network;Unique Insurance Co.;Heritage P&C Insurance Co.;Florida Family Home Ins Co.;US Coastal P&C Insurance Co.;TypTap Insurance Co.;Homeowners Choice P&C Ins Co.;Vault E&S Insurance Co.;Edison Insurance Co.;Safe Harbor Insurance Co.;Spinnaker Specialty Ins Co.;GeoVera Specialty Insurance Co;Florida Farm Bureau Cas Ins Co;Universal North America Ins Co;QBE Specialty Insurance Co.;Auto Club Insurance Co. of FL;American Platinum P&C Ins Co.;FL Farm Bureau General Ins Co.;Castle Key Insurance Co.;Homesite Insurance Co.;PURE Specialty Exchange;State Farm FL Ins Co;AIG Property Casualty Co.;Foremost P&C Insurance Co.;ASI Preferred Insurance Corp.;Nationwide P&C Insurance Co.;ACE Ins Co. of the Midwest;Castle Key Indemnity Co.;First Liberty Insurance Corp.,Universal P&C Insurance Co.;Florida Family Insurance Co.;First Protective Insurance Co.;Cypress P&C Insurance Co.;Florida Peninsula Insurance Co;Tower Hill Insurance Exchange;Kin Interinsurance Network;Unique Insurance Co.;Heritage P&C Insurance Co.;Florida Family Home Ins Co.;US Coastal P&C Insurance Co.;TypTap Insurance Co.;Homeowners Choice P&C Ins Co.;Vault E&S Insurance Co.;Edison Insurance Co.;Safe Harbor Insurance Co.;Spinnaker Specialty Ins Co.;GeoVera Specialty Insurance Co;Florida Farm Bureau Cas Ins Co;Universal North America Ins Co;QBE Specialty Insurance Co.;American Platinum P&C Ins Co.,6594307890.032753,13,35.89838321723671,2984838067.776688,48898953.805136904,1,0.9811320754716981,14003684519.292446,303407340.0,8626841702.103361,539937478.65,359958319.1,539937478.65,359958319.1,19103686910.331455,22544686910.331455,3441000000.0,1395853723.0,1395853723.0,0.0,False,15166245884.014084,15166245884.014084,0.0,1.0,10598006074.841284,4568239809.172801,2508354143.808712,0.0,14,9464500000.0,9464500000.0,21
double_gm,baseline,,COMPOSITE,"{""double_gm"": 0.709297675395873}",321140213590.4479,227784006975.8388,93356206614.60907,31698930422.78271,82057059629.9716,0.0,90922443006.76646,23105573916.318043,31698930422.78271,82057059629.9716,27402673856.439346,65953532758.16974,28.312381682202037,7.19485537422751,9.870744640908956,25.551785842248798,8.532931316844095,20.537301143568612,90922443006.76646,23105573916.318043,27402673856.439346,38,23,15,Universal P&C Insurance Co.;Florida Family Insurance Co.;First Protective Insurance Co.;Spinnaker Insurance Co.;Cypress P&C Insurance Co.;Florida Peninsula Insurance Co;Tower Hill Insurance Exchange;Kin Interinsurance Network;Unique Insurance Co.;Heritage P&C Insurance Co.;Florida Family Home Ins Co.;US Coastal P&C Insurance Co.;TypTap Insurance Co.;Homeowners Choice P&C Ins Co.;Vault E&S Insurance Co.;Edison Insurance Co.;Safe Harbor Insurance Co.;Spinnaker Specialty Ins Co.;GeoVera Specialty Insurance Co;Florida Farm Bureau Cas Ins Co;Universal North America Ins Co;QBE Specialty Insurance Co.;Auto Club Insurance Co. of FL;American Platinum P&C Ins Co.;Privilege Underwriters Recpl;FL Farm Bureau General Ins Co.;Castle Key Insurance Co.;Chubb Custom Insurance Co.;Homesite Insurance Co.;PURE Specialty Exchange;State Farm FL Ins Co;AIG Property Casualty Co.;Foremost P&C Insurance Co.;ASI Preferred Insurance Corp.;Nationwide P&C Insurance Co.;ACE Ins Co. of the Midwest;Castle Key Indemnity Co.;First Liberty Insurance Corp.,Universal P&C Insurance Co.;Florida Family Insurance Co.;First Protective Insurance Co.;Spinnaker Insurance Co.;Cypress P&C Insurance Co.;Florida Peninsula Insurance Co;Tower Hill Insurance Exchange;Kin Interinsurance Network;Unique Insurance Co.;Heritage P&C Insurance Co.;Florida Family Home Ins Co.;US Coastal P&C Insurance Co.;TypTap Insurance Co.;Homeowners Choice P&C Ins Co.;Vault E&S Insurance Co.;Edison Insurance Co.;Safe Harbor Insurance Co.;Spinnaker Specialty Ins Co.;GeoVera Specialty Insurance Co;Florida Farm Bureau Cas Ins Co;Universal North America Ins Co;QBE Specialty Insurance Co.;American Platinum P&C Ins Co.,13104755154.833893,15,36.189312511589605,6227425502.122695,127315930.83361226,1,0.9811320754716981,28539610021.50696,300194520.0,17432979658.402515,539937478.65,359958319.1,539937478.65,359958319.1,23961673856.439346,27402673856.439346,3441000000.0,1395853723.0,1395853723.0,0.0,False,15202684374.516285,15202684374.516285,0.0,1.0,10634444565.343487,4568239809.172799,2577364936.903767,0.0,15,9464500000.0,9464500000.0,22
double_gm,baseline,,COMPOSITE,"{""double_gm"": 0.5624731390757329}",321140213590.4479,180632744021.67056,140507469568.77734,31018890441.958054,78780223835.22983,0.0,55643197712.07498,15190432032.407726,31018890441.958054,78780223835.22983,41144182958.4841,99363286610.2932,17.326761133389883,4.730155673303556,9.658986675993383,24.531410424886477,12.81190620709854,30.940779885328162,55643197712.07498,15190432032.407726,41144182958.4841,35,22,13,Universal P&C Insurance Co.;Florida Family Insurance Co.;First Protective Insurance Co.;Cypress P&C Insurance Co.;Florida Peninsula Insurance Co;Tower Hill Insurance Exchange;Kin Interinsurance Network;Unique Insurance Co.;Heritage P&C Insurance Co.;Florida Family Home Ins Co.;US Coastal P&C Insurance Co.;TypTap Insurance Co.;Homeowners Choice P&C Ins Co.;Vault E&S Insurance Co.;Edison Insurance Co.;Safe Harbor Insurance Co.;Spinnaker Specialty Ins Co.;GeoVera Specialty Insurance Co;Florida Farm Bureau Cas Ins Co;Universal North America Ins Co;QBE Specialty Insurance Co.;Auto Club Insurance Co. of FL;American Platinum P&C Ins Co.;FL Farm Bureau General Ins Co.;Castle Key Insurance Co.;Homesite Insurance Co.;PURE Specialty Exchange;State Farm FL Ins Co;AIG Property Casualty Co.;Foremost P&C Insurance Co.;ASI Preferred Insurance Corp.;Nationwide P&C Insurance Co.;ACE Ins Co. of the Midwest;Castle Key Indemnity Co.;First Liberty Insurance Corp.,Universal P&C Insurance Co.;Florida Family Insurance Co.;First Protective Insurance Co.;Cypress P&C Insurance Co.;Florida Peninsula Insurance Co;Tower Hill Insurance Exchange;Kin Interinsurance Network;Unique Insurance Co.;Heritage P&C Insurance Co.;Florida Family Home Ins Co.;US Coastal P&C Insurance Co.;TypTap Insurance Co.;Homeowners Choice P&C Ins Co.;Vault E&S Insurance Co.;Edison Insurance Co.;Safe Harbor Insurance Co.;Spinnaker Specialty Ins Co.;GeoVera Specialty Insurance Co;Florida Farm Bureau Cas Ins Co;Universal North America Ins Co;QBE Specialty Insurance Co.;American Platinum P&C Ins Co.,6360723863.069569,13,35.89838321723671,3503704118.2523756,43198360.63917823,1,0.9811320754716981,14332179041.32439,303407340.0,9514252289.565386,539937478.65,359958319.1,539937478.65,359958319.1,37703182958.4841,41144182958.4841,3441000000.0,1395853723.0,1395853723.0,0.0,False,15181066060.573519,15181066060.573519,0.0,1.0,10612826251.400719,4568239809.1728,2351139340.094061,0.0,14,9464500000.0,9464500000.0,23
double_gm,baseline,,COMPOSITE,"{""double_gm"": 0.7306099403525013}",321140213590.4479,234628232296.10666,86511981294.34122,48423995084.42812,101605526313.73608,0.0,63449273181.20744,21149437716.73502,48423995084.42812,101605526313.73608,25408029839.66456,61103951454.67666,19.757498592849757,6.5857332161169415,15.078770280131765,31.638991946151673,7.911818191684825,19.02718777306504,63449273181.20744,21149437716.73502,25408029839.66456,35,22,13,Universal P&C Insurance Co.;Florida Family Insurance Co.;First Protective Insurance Co.;Cypress P&C Insurance Co.;Florida Peninsula Insurance Co;Tower Hill Insurance Exchange;Kin Interinsurance Network;Unique Insurance Co.;Heritage P&C Insurance Co.;Florida Family Home Ins Co.;US Coastal P&C Insurance Co.;TypTap Insurance Co.;Homeowners Choice P&C Ins Co.;Vault E&S Insurance Co.;Edison Insurance Co.;Safe Harbor Insurance Co.;Spinnaker Specialty Ins Co.;GeoVera Specialty Insurance Co;Florida Farm Bureau Cas Ins Co;Universal North America Ins Co;QBE Specialty Insurance Co.;Auto Club Insurance Co. of FL;American Platinum P&C Ins Co.;FL Farm Bureau General Ins Co.;Castle Key Insurance Co.;Homesite Insurance Co.;PURE Specialty Exchange;State Farm FL Ins Co;AIG Property Casualty Co.;Foremost P&C Insurance Co.;ASI Preferred Insurance Corp.;Nationwide P&C Insurance Co.;ACE Ins Co. of the Midwest;Castle Key Indemnity Co.;First Liberty Insurance Corp.,Universal P&C Insurance Co.;Florida Family Insurance Co.;First Protective Insurance Co.;Cypress P&C Insurance Co.;Florida Peninsula Insurance Co;Tower Hill Insurance Exchange;Kin Interinsurance Network;Unique Insurance Co.;Heritage P&C Insurance Co.;Florida Family Home Ins Co.;US Coastal P&C Insurance Co.;TypTap Insurance Co.;Homeowners Choice P&C Ins Co.;Vault E&S Insurance Co.;Edison Insurance Co.;Safe Harbor Insurance Co.;Spinnaker Specialty Ins Co.;GeoVera Specialty Insurance Co;Florida Farm Bureau Cas Ins Co;Universal North America Ins Co;QBE Specialty Insurance Co.;American Platinum P&C Ins Co.,7547344269.278139,13,35.89838321723671,4303466736.296513,75129213.1662323,1,0.9811320754716981,17382002212.45142,303407340.0,15420958947.068521,539937478.65,359958319.1,539937478.65,359958319.1,21967029839.66456,25408029839.66456,3441000000.0,1395853723.0,1395853723.0,0.0,False,15176854265.449505,15176854265.449505,0.0,1.0,10608614456.276705,4568239809.1728,2444140567.753006,0.0,14,9464500000.0,9464500000.0,24
double_gm,baseline,,COMPOSITE,"{""double_gm"": 0.7118442989065642}",321140213590.4479,228601830193.99667,92538383396.45122,54445958019.9742,67552223226.42097,0.0,80942760557.78601,25660888389.815495,54445958019.9742,67552223226.42097,27164331880.168137,65374051516.283104,25.204803737539024,7.990555932849004,16.953952110591004,21.035118109677395,8.458713898350638,20.356856210992945,80942760557.78601,25660888389.815495,27164331880.168137,38,23,15,Universal P&C Insurance Co.;Florida Family Insurance Co.;First Protective Insurance Co.;Spinnaker Insurance Co.;Cypress P&C Insurance Co.;Florida Peninsula Insurance Co;Tower Hill Insurance Exchange;Kin Interinsurance Network;Unique Insurance Co.;Heritage P&C Insurance Co.;Florida Family Home Ins Co.;US Coastal P&C Insurance Co.;TypTap Insurance Co.;Homeowners Choice P&C Ins Co.;Vault E&S Insurance Co.;Edison Insurance Co.;Safe Harbor Insurance Co.;Spinnaker Specialty Ins Co.;GeoVera Specialty Insurance Co;Florida Farm Bureau Cas Ins Co;Universal North America Ins Co;QBE Specialty Insurance Co.;Auto Club Insurance Co. of FL;American Platinum P&C Ins Co.;Privilege Underwriters Recpl;FL Farm Bureau General Ins Co.;Castle Key Insurance Co.;Chubb Custom Insurance Co.;Homesite Insurance Co.;PURE Specialty Exchange;State Farm FL Ins Co;AIG Property Casualty Co.;Foremost P&C Insurance Co.;ASI Preferred Insurance Corp.;Nationwide P&C Insurance Co.;ACE Ins Co. of the Midwest;Castle Key Indemnity Co.;First Liberty Insurance Corp.,Universal P&C Insurance Co.;Florida Family Insurance Co.;First Protective Insurance Co.;Spinnaker Insurance Co.;Cypress P&C Insurance Co.;Florida Peninsula Insurance Co;Tower Hill Insurance Exchange;Kin Interinsurance Network;Unique Insurance Co.;Heritage P&C Insurance Co.;Florida Family Home Ins Co.;US Coastal P&C Insurance Co.;TypTap Insurance Co.;Homeowners Choice P&C Ins Co.;Vault E&S Insurance Co.;Edison Insurance Co.;Safe Harbor Insurance Co.;Spinnaker Specialty Ins Co.;GeoVera Specialty Insurance Co;Florida Farm Bureau Cas Ins Co;Universal North America Ins Co;QBE Specialty Insurance Co.;American Platinum P&C Ins Co.,11528872045.974928,15,36.189312511589605,5102346810.433977,100298478.48601392,1,0.9811320754716981,23509554926.88034,300194520.0,19941253797.61348,539937478.65,359958319.1,539937478.65,359958319.1,23723331880.168137,27164331880.168137,3441000000.0,1395853723.0,1395853723.0,0.0,False,15187825033.339302,15187825033.339302,0.0,1.0,10619585224.166504,4568239809.172799,2575000000.0000005,0.0,14,9464500000.0,9464500000.0,25
double_gm,baseline,,COMPOSITE,"{""double_gm"": 0.6722249095355987}",321140213590.4479,215878451029.08167,105261762561.36623,26779688189.830353,88720504210.65665,0.0,81904466695.59593,18473791932.99877,26779688189.830353,88720504210.65665,30872364701.54541,74389397859.82082,25.504269857666973,5.752562635011047,8.3389395212842,27.626718939597662,9.613359957752637,23.1641490886875,81904466695.59593,18473791932.99877,30872364701.54541,37,23,14,Universal P&C Insurance Co.;Florida Family Insurance Co.;First Protective Insurance Co.;Spinnaker Insurance Co.;Cypress P&C Insurance Co.;Florida Peninsula Insurance Co;Tower Hill Insurance Exchange;Kin Interinsurance Network;Unique Insurance Co.;Heritage P&C Insurance Co.;Florida Family Home Ins Co.;US Coastal P&C Insurance Co.;TypTap Insurance Co.;Homeowners Choice P&C Ins Co.;Vault E&S Insurance Co.;Edison Insurance Co.;Safe Harbor Insurance Co.;Spinnaker Specialty Ins Co.;GeoVera Specialty Insurance Co;Florida Farm Bureau Cas Ins Co;Universal North America Ins Co;QBE Specialty Insurance Co.;Auto Club Insurance Co. of FL;American Platinum P&C Ins Co.;Privilege Underwriters Recpl;FL Farm Bureau General Ins Co.;Castle Key Insurance Co.;Homesite Insurance Co.;PURE Specialty Exchange;State Farm FL Ins Co;AIG Property Casualty Co.;Foremost P&C Insurance Co.;ASI Preferred Insurance Corp.;Nationwide P&C Insurance Co.;ACE Ins Co. of the Midwest;Castle Key Indemnity Co.;First Liberty Insurance Corp.,Universal P&C Insurance Co.;Florida Family Insurance Co.;First Protective Insurance Co.;Spinnaker Insurance Co.;Cypress P&C Insurance Co.;Florida Peninsula Insurance Co;Tower Hill Insurance Exchange;Kin Interinsurance Network;Unique Insurance Co.;Heritage P&C Insurance Co.;Florida Family Home Ins Co.;US Coastal P&C Insurance Co.;TypTap Insurance Co.;Homeowners Choice P&C Ins Co.;Vault E&S Insurance Co.;Edison Insurance Co.;Safe Harbor Insurance Co.;Spinnaker Specialty Ins Co.;GeoVera Specialty Insurance Co;Florida Farm Bureau Cas Ins Co;Universal North America Ins Co;QBE Specialty Insurance Co.;American Platinum P&C Ins Co.,10772607443.028095,14,36.189312511589605,5756925654.321291,90753796.09505631,1,0.9811320754716981,24531983150.822712,300194520.0,12827715226.500261,539937478.65,359958319.1,539937478.65,359958319.1,27431364701.54541,30872364701.54541,3441000000.0,1395853723.0,1395853723.0,0.0,False,15198095916.825724,15198095916.825724,0.0,1.0,10629856107.652924,4568239809.1728,2575000000.0,0.0,14,9464500000.0,9464500000.0,26
double_gm,baseline,,COMPOSITE,"{""double_gm"": 0.7223739681676007}",321140213590.44794,231983330429.5227,89156883160.92522,30175384781.171947,103197933939.51224,0.0,75659257313.64339,22950754395.19511,30175384781.171947,103197933939.51224,26178845737.194324,62978037423.730896,23.559571212757582,7.146646051766144,9.396327057207104,32.13485249502923,8.151842911389592,19.610760271850342,75659257313.64339,22950754395.19511,26178845737.194324,37,24,13,Universal P&C Insurance Co.;Florida Family Insurance Co.;First Protective Insurance Co.;Spinnaker Insurance Co.;Cypress P&C Insurance Co.;Florida Peninsula Insurance Co;Tower Hill Insurance Exchange;Kin Interinsurance Network;Unique Insurance Co.;Heritage P&C Insurance Co.;Florida Family Home Ins Co.;US Coastal P&C Insurance Co.;TypTap Insurance Co.;Homeowners Choice P&C Ins Co.;Vault E&S Insurance Co.;Edison Insurance Co.;Safe Harbor Insurance Co.;Spinnaker Specialty Ins Co.;GeoVera Specialty Insurance Co;Florida Farm Bureau Cas Ins Co;Universal North America Ins Co;QBE Specialty Insurance Co.;Auto Club Insurance Co. of FL;American Platinum P&C Ins Co.;Privilege Underwriters Recpl;FL Farm Bureau General Ins Co.;Castle Key Insurance Co.;Homesite Insurance Co.;PURE Specialty Exchange;State Farm FL Ins Co;AIG Property Casualty Co.;Foremost P&C Insurance Co.;ASI Preferred Insurance Corp.;Nationwide P&C Insurance Co.;ACE Ins Co. of the Midwest;Castle Key Indemnity Co.;First Liberty Insurance Corp.,Universal P&C Insurance Co.;Florida Family Insurance Co.;First Protective Insurance Co.;Spinnaker Insurance Co.;Cypress P&C Insurance Co.;Florida Peninsula Insurance Co;Tower Hill Insurance Exchange;Kin Interinsurance Network;Unique Insurance Co.;Heritage P&C Insurance Co.;Florida Family Home Ins Co.;US Coastal P&C Insurance Co.;TypTap Insurance Co.;Homeowners Choice P&C Ins Co.;Vault E&S Insurance Co.;Edison Insurance Co.;Safe Harbor Insurance Co.;Spinnaker Specialty Ins Co.;GeoVera Specialty Insurance Co;Florida Farm Bureau Cas Ins Co;Universal North America Ins Co;QBE Specialty Insurance Co.;American Platinum P&C Ins Co.;Castle Key Indemnity Co.,9794376426.774223,14,37.927433985368395,5505391491.308366,89203934.77248093,1,0.9811320754716981,23441604558.93868,280999920.0,17242433729.96353,539937478.65,359958319.1,539937478.65,359958319.1,22737845737.194324,26178845737.194324,3441000000.0,1395853723.0,1395853723.0,0.0,False,15187083405.76081,15187083405.76081,0.0,1.0,10618843596.588013,4568239809.172799,2575000000.0,0.0,14,9464500000.0,9464500000.0,27
double_gm,baseline,,COMPOSITE,"{""double_gm"": 0.656107008315078}",321140213590.44794,210702344788.49393,110437868801.954,34274675517.272377,88916249324.91364,0.0,68446269361.82471,19065150584.48318,34274675517.272377,88916249324.91364,32380861114.193447,78057007687.76054,21.31351555028691,5.93670607966808,10.672807100073452,27.687672101479343,10.083091355070515,24.306207813421686,68446269361.82471,19065150584.48318,32380861114.193447,36,23,13,Universal P&C Insurance Co.;Florida Family Insurance Co.;First Protective Insurance Co.;Spinnaker Insurance Co.;Cypress P&C Insurance Co.;Florida Peninsula Insurance Co;Tower Hill Insurance Exchange;Kin Interinsurance Network;Unique Insurance Co.;Heritage P&C Insurance Co.;Florida Family Home Ins Co.;US Coastal P&C Insurance Co.;TypTap Insurance Co.;Homeowners Choice P&C Ins Co.;Vault E&S Insurance Co.;Edison Insurance Co.;Safe Harbor Insurance Co.;Spinnaker Specialty Ins Co.;GeoVera Specialty Insurance Co;Florida Farm Bureau Cas Ins Co;Universal North America Ins Co;QBE Specialty Insurance Co.;Auto Club Insurance Co. of FL;American Platinum P&C Ins Co.;FL Farm Bureau General Ins Co.;Castle Key Insurance Co.;Homesite Insurance Co.;PURE Specialty Exchange;State Farm FL Ins Co;AIG Property Casualty Co.;Foremost P&C Insurance Co.;ASI Preferred Insurance Corp.;Nationwide P&C Insurance Co.;ACE Ins Co. of the Midwest;Castle Key Indemnity Co.;First Liberty Insurance Corp.,Universal P&C Insurance Co.;Florida Family Insurance Co.;First Protective Insurance Co.;Spinnaker Insurance Co.;Cypress P&C Insurance Co.;Florida Peninsula Insurance Co;Tower Hill Insurance Exchange;Kin Interinsurance Network;Unique Insurance Co.;Heritage P&C Insurance Co.;Florida Family Home Ins Co.;US Coastal P&C Insurance Co.;TypTap Insurance Co.;Homeowners Choice P&C Ins Co.;Vault E&S Insurance Co.;Edison Insurance Co.;Safe Harbor Insurance Co.;Spinnaker Specialty Ins Co.;GeoVera Specialty Insurance Co;Florida Farm Bureau Cas Ins Co;Universal North America Ins Co;QBE Specialty Insurance Co.;American Platinum P&C Ins Co.,8416418457.879683,13,36.189312511589605,4848406037.336094,64421081.24203478,1,0.9811320754716981,19372323971.520775,300194520.0,13378528565.184175,539937478.65,359958319.1,539937478.65,359958319.1,28939861114.193447,32380861114.193447,3441000000.0,1395853723.0,1395853723.0,0.0,False,15188237130.34562,15188237130.34562,0.0,1.0,10619997321.17282,4568239809.172801,2550171632.3871803,0.0,14,9464500000.0,9464500000.0,28
double_gm,baseline,,COMPOSITE,"{""double_gm"": 0.8022445978401873}",321140213590.4479,257633001502.18073,63507212088.267166,58383785372.52953,128733752378.4942,0.0,55620018927.53228,14895444823.62472,58383785372.52953,128733752378.4942,18703644301.93295,44803567786.33422,17.319543480924764,4.638299469595849,18.18015399559606,40.08646283790206,5.824136470739794,13.951403745241475,55620018927.53228,14895444823.62472,18703644301.93295,33,21,12,Universal P&C Insurance Co.;Florida Family Insurance Co.;First Protective Insurance Co.;Cypress P&C Insurance Co.;Florida Peninsula Insurance Co;Tower Hill Insurance Exchange;Kin Interinsurance Network;Unique Insurance Co.;Heritage P&C Insurance Co.;Florida Family Home Ins Co.;US Coastal P&C Insurance Co.;TypTap Insurance Co.;Homeowners Choice P&C Ins Co.;Vault E&S Insurance Co.;Edison Insurance Co.;Safe Harbor Insurance Co.;GeoVera Specialty Insurance Co;Florida Farm Bureau Cas Ins Co;Universal North America Ins Co;QBE Specialty Insurance Co.;Auto Club Insurance Co. of FL;American Platinum P&C Ins Co.;FL Farm Bureau General Ins Co.;Castle Key Insurance Co.;Homesite Insurance Co.;State Farm FL Ins Co;AIG Property Casualty Co.;Foremost P&C Insurance Co.;ASI Preferred Insurance Corp.;Nationwide P&C Insurance Co.;ACE Ins Co. of the Midwest;Castle Key Indemnity Co.;First Liberty Insurance Corp.,Universal P&C Insurance Co.;Florida Family Insurance Co.;First Protective Insurance Co.;Cypress P&C Insurance Co.;Florida Peninsula Insurance Co;Tower Hill Insurance Exchange;Kin Interinsurance Network;Unique Insurance Co.;Heritage P&C Insurance Co.;Florida Family Home Ins Co.;US Coastal P&C Insurance Co.;TypTap Insurance Co.;Homeowners Choice P&C Ins Co.;Vault E&S Insurance Co.;Edison Insurance Co.;Safe Harbor Insurance Co.;GeoVera Specialty Insurance Co;Florida Farm Bureau Cas Ins Co;Universal North America Ins Co;QBE Specialty Insurance Co.;American Platinum P&C Ins Co.,5645775108.177005,12,35.80938809441937,3246098393.0149984,52000173.5517074,1,0.9811320754716981,13774989990.527164,304390140.0,9223926018.309572,539937478.65,359958319.1,539937478.65,359958319.1,15262644301.93295,18703644301.93295,3441000000.0,1395853723.0,1395853723.0,0.0,False,15168446127.620445,15168446127.620445,0.0,1.0,10600206318.447643,4568239809.172801,2339282716.104507,0.0,14,9464500000.0,9464500000.0,29
double_gm,baseline,,COMPOSITE,"{""double_gm"": 0.6516411203210898}",321140213590.44794,209268168564.23355,111872045026.21437,36501625056.48142,84579132770.98967,0.0,70329956424.12976,17857454312.63265,36501625056.48142,84579132770.98967,32798829677.596867,79073215348.6175,21.900077737950934,5.560640977652947,11.366257949567215,26.33713536693787,10.213242779811255,24.622645188079762,70329956424.12976,17857454312.63265,32798829677.596867,35,22,13,Universal P&C Insurance Co.;Florida Family Insurance Co.;First Protective Insurance Co.;Cypress P&C Insurance Co.;Florida Peninsula Insurance Co;Tower Hill Insurance Exchange;Kin Interinsurance Network;Unique Insurance Co.;Heritage P&C Insurance Co.;Florida Family Home Ins Co.;US Coastal P&C Insurance Co.;TypTap Insurance Co.;Homeowners Choice P&C Ins Co.;Vault E&S Insurance Co.;Edison Insurance Co.;Safe Harbor Insurance Co.;Spinnaker Specialty Ins Co.;GeoVera Specialty Insurance Co;Florida Farm Bureau Cas Ins Co;Universal North America Ins Co;QBE Specialty Insurance Co.;Auto Club Insurance Co. of FL;American Platinum P&C Ins Co.;FL Farm Bureau General Ins Co.;Castle Key Insurance Co.;Homesite Insurance Co.;PURE Specialty Exchange;State Farm FL Ins Co;AIG Property Casualty Co.;Foremost P&C Insurance Co.;ASI Preferred Insurance Corp.;Nationwide P&C Insurance Co.;ACE Ins Co. of the Midwest;Castle Key Indemnity Co.;First Liberty Insurance Corp.,Universal P&C Insurance Co.;Florida Family Insurance Co.;First Protective Insurance Co.;Cypress P&C Insurance Co.;Florida Peninsula Insurance Co;Tower Hill Insurance Exchange;Kin Interinsurance Network;Unique Insurance Co.;Heritage P&C Insurance Co.;Florida Family Home Ins Co.;US Coastal P&C Insurance Co.;TypTap Insurance Co.;Homeowners Choice P&C Ins Co.;Vault E&S Insurance Co.;Edison Insurance Co.;Safe Harbor Insurance Co.;Spinnaker Specialty Ins Co.;GeoVera Specialty Insurance Co;Florida Farm Bureau Cas Ins Co;Universal North America Ins Co;QBE Specialty Insurance Co.;American Platinum P&C Ins Co.,9476303789.56851,13,35.89838321723671,4448223732.755251,73436798.71804345,1,0.9811320754716981,20244295612.651627,303407340.0,12190920479.521894,539937478.65,359958319.1,539937478.65,359958319.1,29357829677.596867,32798829677.596867,3441000000.0,1395853723.0,1395853723.0,0.0,False,15176456520.625923,15176456520.625923,0.0,1.0,10608216711.453123,4568239809.172799,2575000000.0,0.0,14,9464500000.0,9464500000.0,30
double_gm,baseline,,COMPOSITE,"{""double_gm"": 0.5902256469332898}",321140213590.44794,189545190322.717,131595023267.73094,37695780624.50123,74964443273.55815,0.0,62208965948.70696,14676000475.95065,37695780624.50123,74964443273.55815,38546787803.10178,93048235464.62914,19.37127874867843,4.569966592432751,11.73810660553863,23.343212746679168,12.00310212543507,28.974333181235945,62208965948.70696,14676000475.95065,38546787803.10178,35,22,13,Universal P&C Insurance Co.;Florida Family Insurance Co.;First Protective Insurance Co.;Cypress P&C Insurance Co.;Florida Peninsula Insurance Co;Tower Hill Insurance Exchange;Kin Interinsurance Network;Unique Insurance Co.;Heritage P&C Insurance Co.;Florida Family Home Ins Co.;US Coastal P&C Insurance Co.;TypTap Insurance Co.;Homeowners Choice P&C Ins Co.;Vault E&S Insurance Co.;Edison Insurance Co.;Safe Harbor Insurance Co.;Spinnaker Specialty Ins Co.;GeoVera Specialty Insurance Co;Florida Farm Bureau Cas Ins Co;Universal North America Ins Co;QBE Specialty Insurance Co.;Auto Club Insurance Co. of FL;American Platinum P&C Ins Co.;FL Farm Bureau General Ins Co.;Castle Key Insurance Co.;Homesite Insurance Co.;PURE Specialty Exchange;State Farm FL Ins Co;AIG Property Casualty Co.;Foremost P&C Insurance Co.;ASI Preferred Insurance Corp.;Nationwide P&C Insurance Co.;ACE Ins Co. of the Midwest;Castle Key Indemnity Co.;First Liberty Insurance Corp.,Universal P&C Insurance Co.;Florida Family Insurance Co.;First Protective Insurance Co.;Cypress P&C Insurance Co.;Florida Peninsula Insurance Co;Tower Hill Insurance Exchange;Kin Interinsurance Network;Unique Insurance Co.;Heritage P&C Insurance Co.;Florida Family Home Ins Co.;US Coastal P&C Insurance Co.;TypTap Insurance Co.;Homeowners Choice P&C Ins Co.;Vault E&S Insurance Co.;Edison Insurance Co.;Safe Harbor Insurance Co.;Spinnaker Specialty Ins Co.;GeoVera Specialty Insurance Co;Florida Farm Bureau Cas Ins Co;Universal North America Ins Co;QBE Specialty Insurance Co.;American Platinum P&C Ins Co.,7217568784.973745,13,35.89838321723671,4700678326.866647,48129223.84983151,1,0.9811320754716981,16866748020.40264,303407340.0,9029312481.172632,539937478.65,359958319.1,539937478.65,359958319.1,35105787803.10178,38546787803.10178,3441000000.0,1395853723.0,1395853723.0,0.0,False,15180615902.492237,15180615902.492237,0.0,1.0,10612376093.319437,4568239809.172799,2339854825.2842755,0.0,14,9464500000.0,9464500000.0,31
double_gm,baseline,,COMPOSITE,"{""double_gm"": 0.856645881045689}",321140213590.4479,275103441210.38995,46036772380.05791,56556078190.49154,108267067788.45526,0.0,84346925011.53166,25933370219.91149,56556078190.49154,108267067788.45526,13612153825.836184,32424618554.22173,26.264828085061882,8.075404176253205,17.611023408802318,33.713332434451495,4.238694890822938,10.096717004608164,84346925011.53166,25933370219.91149,13612153825.836184,38,23,15,Universal P&C Insurance Co.;Florida Family Insurance Co.;First Protective Insurance Co.;Spinnaker Insurance Co.;Cypress P&C Insurance Co.;Florida Peninsula Insurance Co;Tower Hill Insurance Exchange;Kin Interinsurance Network;Unique Insurance Co.;Heritage P&C Insurance Co.;Florida Family Home Ins Co.;US Coastal P&C Insurance Co.;TypTap Insurance Co.;Homeowners Choice P&C Ins Co.;Vault E&S Insurance Co.;Edison Insurance Co.;Safe Harbor Insurance Co.;Spinnaker Specialty Ins Co.;GeoVera Specialty Insurance Co;Florida Farm Bureau Cas Ins Co;Universal North America Ins Co;QBE Specialty Insurance Co.;Auto Club Insurance Co. of FL;American Platinum P&C Ins Co.;Privilege Underwriters Recpl;FL Farm Bureau General Ins Co.;Castle Key Insurance Co.;Chubb Custom Insurance Co.;Homesite Insurance Co.;PURE Specialty Exchange;State Farm FL Ins Co;AIG Property Casualty Co.;Foremost P&C Insurance Co.;ASI Preferred Insurance Corp.;Nationwide P&C Insurance Co.;ACE Ins Co. of the Midwest;Castle Key Indemnity Co.;First Liberty Insurance Corp.,Universal P&C Insurance Co.;Florida Family Insurance Co.;First Protective Insurance Co.;Spinnaker Insurance Co.;Cypress P&C Insurance Co.;Florida Peninsula Insurance Co;Tower Hill Insurance Exchange;Kin Interinsurance Network;Unique Insurance Co.;Heritage P&C Insurance Co.;Florida Family Home Ins Co.;US Coastal P&C Insurance Co.;TypTap Insurance Co.;Homeowners Choice P&C Ins Co.;Vault E&S Insurance Co.;Edison Insurance Co.;Safe Harbor Insurance Co.;Spinnaker Specialty Ins Co.;GeoVera Specialty Insurance Co;Florida Farm Bureau Cas Ins Co;Universal North America Ins Co;QBE Specialty Insurance Co.;American Platinum P&C Ins Co.,11453445183.309546,15,36.189312511589605,7196575881.870816,91534940.27598403,1,0.9811320754716981,26136080230.093376,300194520.0,20220282892.543266,539937478.65,359958319.1,539937478.65,359958319.1,10171153825.836184,13612153825.836184,3441000000.0,1395853723.0,1395853723.0,0.0,False,15208531271.761032,15208531271.761032,0.0,1.0,10640291462.588232,4568239809.1728,2575000000.0,0.0,14,9464500000.0,9464500000.0,32
double_gm,baseline,,COMPOSITE,"{""double_gm"": 0.710977965376286}",321140213590.4479,228323615659.04257,92816597931.40533,34357842202.29298,96127798594.29517,0.0,80792053393.5139,17045921468.940536,34357842202.29298,96127798594.29517,27245413219.773163,65571184711.632164,25.15787496378405,5.307937389205112,10.698704412680547,29.933279771958908,8.483961854281945,20.418241608089453,80792053393.5139,17045921468.940536,27245413219.773163,38,23,15,Universal P&C Insurance Co.;Florida Family Insurance Co.;First Protective Insurance Co.;Spinnaker Insurance Co.;Cypress P&C Insurance Co.;Florida Peninsula Insurance Co;Tower Hill Insurance Exchange;Kin Interinsurance Network;Unique Insurance Co.;Heritage P&C Insurance Co.;Florida Family Home Ins Co.;US Coastal P&C Insurance Co.;TypTap Insurance Co.;Homeowners Choice P&C Ins Co.;Vault E&S Insurance Co.;Edison Insurance Co.;Safe Harbor Insurance Co.;Spinnaker Specialty Ins Co.;GeoVera Specialty Insurance Co;Florida Farm Bureau Cas Ins Co;Universal North America Ins Co;QBE Specialty Insurance Co.;Auto Club Insurance Co. of FL;American Platinum P&C Ins Co.;Privilege Underwriters Recpl;FL Farm Bureau General Ins Co.;Castle Key Insurance Co.;Chubb Custom Insurance Co.;Homesite Insurance Co.;PURE Specialty Exchange;State Farm FL Ins Co;AIG Property Casualty Co.;Foremost P&C Insurance Co.;ASI Preferred Insurance Corp.;Nationwide P&C Insurance Co.;ACE Ins Co. of the Midwest;Castle Key Indemnity Co.;First Liberty Insurance Corp.,Universal P&C Insurance Co.;Florida Family Insurance Co.;First Protective Insurance Co.;Spinnaker Insurance Co.;Cypress P&C Insurance Co.;Florida Peninsula Insurance Co;Tower Hill Insurance Exchange;Kin Interinsurance Network;Unique Insurance Co.;Heritage P&C Insurance Co.;Florida Family Home Ins Co.;US Coastal P&C Insurance Co.;TypTap Insurance Co.;Homeowners Choice P&C Ins Co.;Vault E&S Insurance Co.;Edison Insurance Co.;Safe Harbor Insurance Co.;Spinnaker Specialty Ins Co.;GeoVera Specialty Insurance Co;Florida Farm Bureau Cas Ins Co;Universal North America Ins Co;QBE Specialty Insurance Co.;American Platinum P&C Ins Co.,11003784128.587442,15,36.189312511589605,5842559852.123239,87603250.4464432,1,0.9811320754716981,23789133933.867775,300194520.0,11413209911.809801,539937478.65,359958319.1,539937478.65,359958319.1,23804413219.773163,27245413219.773163,3441000000.0,1395853723.0,1395853723.0,0.0,False,15197267080.044003,15197267080.044003,0.0,1.0,10629027270.871202,4568239809.1728,2574999999.9999995,0.0,14,9464500000.0,9464500000.0,33
double_gm,baseline,,COMPOSITE,"{""double_gm"": 0.7820369115379724}",321140213590.4479,251143500806.91867,69996712783.52924,39333496722.18764,117864903994.82268,0.0,73493000045.29837,20452100044.60999,39333496722.18764,117864903994.82268,20594909292.190994,49401803491.338234,22.885019357626902,6.368588915087627,12.248075780490666,36.702007100592056,6.4130583529024525,15.383250493300308,73493000045.29837,20452100044.60999,20594909292.190994,37,23,14,Universal P&C Insurance Co.;Florida Family Insurance Co.;First Protective Insurance Co.;Spinnaker Insurance Co.;Cypress P&C Insurance Co.;Florida Peninsula Insurance Co;Tower Hill Insurance Exchange;Kin Interinsurance Network;Unique Insurance Co.;Heritage P&C Insurance Co.;Florida Family Home Ins Co.;US Coastal P&C Insurance Co.;TypTap Insurance Co.;Homeowners Choice P&C Ins Co.;Vault E&S Insurance Co.;Edison Insurance Co.;Safe Harbor Insurance Co.;Spinnaker Specialty Ins Co.;GeoVera Specialty Insurance Co;Florida Farm Bureau Cas Ins Co;Universal North America Ins Co;QBE Specialty Insurance Co.;Auto Club Insurance Co. of FL;American Platinum P&C Ins Co.;Privilege Underwriters Recpl;FL Farm Bureau General Ins Co.;Castle Key Insurance Co.;Homesite Insurance Co.;PURE Specialty Exchange;State Farm FL Ins Co;AIG Property Casualty Co.;Foremost P&C Insurance Co.;ASI Preferred Insurance Corp.;Nationwide P&C Insurance Co.;ACE Ins Co. of the Midwest;Castle Key Indemnity Co.;First Liberty Insurance Corp.,Universal P&C Insurance Co.;Florida Family Insurance Co.;First Protective Insurance Co.;Spinnaker Insurance Co.;Cypress P&C Insurance Co.;Florida Peninsula Insurance Co;Tower Hill Insurance Exchange;Kin Interinsurance Network;Unique Insurance Co.;Heritage P&C Insurance Co.;Florida Family Home Ins Co.;US Coastal P&C Insurance Co.;TypTap Insurance Co.;Homeowners Choice P&C Ins Co.;Vault E&S Insurance Co.;Edison Insurance Co.;Safe Harbor Insurance Co.;Spinnaker Specialty Ins Co.;GeoVera Specialty Insurance Co;Florida Farm Bureau Cas Ins Co;Universal North America Ins Co;QBE Specialty Insurance Co.;American Platinum P&C Ins Co.,9544694918.542042,14,36.189312511589605,4528844160.045587,80395493.1571801,1,0.9811320754716981,21896781704.74355,300194520.0,14764136412.586035,539937478.65,359958319.1,539937478.65,359958319.1,17153909292.190994,20594909292.190994,3441000000.0,1395853723.0,1395853723.0,0.0,False,15186226426.461994,15186226426.461994,0.0,1.0,10617986617.289194,4568239809.172799,2575000000.0,0.0,14,9464500000.0,9464500000.0,34
double_gm,baseline,,COMPOSITE,"{""double_gm"": 0.6606629075863515}",321140213590.4479,212165427253.56726,108974786336.88062,56389466187.38413,80042169741.43631,0.0,54463200670.264084,21270590654.482746,56389466187.38413,80042169741.43631,31954468272.279766,77020318064.60088,16.959321307458975,6.62345908557228,17.559142019908467,24.924368345695438,9.950316690338726,23.983392551026128,54463200670.264084,21270590654.482746,31954468272.279766,35,22,13,Universal P&C Insurance Co.;Florida Family Insurance Co.;First Protective Insurance Co.;Cypress P&C Insurance Co.;Florida Peninsula Insurance Co;Tower Hill Insurance Exchange;Kin Interinsurance Network;Unique Insurance Co.;Heritage P&C Insurance Co.;Florida Family Home Ins Co.;US Coastal P&C Insurance Co.;TypTap Insurance Co.;Homeowners Choice P&C Ins Co.;Vault E&S Insurance Co.;Edison Insurance Co.;Safe Harbor Insurance Co.;Spinnaker Specialty Ins Co.;GeoVera Specialty Insurance Co;Florida Farm Bureau Cas Ins Co;Universal North America Ins Co;QBE Specialty Insurance Co.;Auto Club Insurance Co. of FL;American Platinum P&C Ins Co.;FL Farm Bureau General Ins Co.;Castle Key Insurance Co.;Homesite Insurance Co.;PURE Specialty Exchange;State Farm FL Ins Co;AIG Property Casualty Co.;Foremost P&C Insurance Co.;ASI Preferred Insurance Corp.;Nationwide P&C Insurance Co.;ACE Ins Co. of the Midwest;Castle Key Indemnity Co.;First Liberty Insurance Corp.,Universal P&C Insurance Co.;Florida Family Insurance Co.;First Protective Insurance Co.;Cypress P&C Insurance Co.;Florida Peninsula Insurance Co;Tower Hill Insurance Exchange;Kin Interinsurance Network;Unique Insurance Co.;Heritage P&C Insurance Co.;Florida Family Home Ins Co.;US Coastal P&C Insurance Co.;TypTap Insurance Co.;Homeowners Choice P&C Ins Co.;Vault E&S Insurance Co.;Edison Insurance Co.;Safe Harbor Insurance Co.;Spinnaker Specialty Ins Co.;GeoVera Specialty Insurance Co;Florida Farm Bureau Cas Ins Co;Universal North America Ins Co;QBE Specialty Insurance Co.;American Platinum P&C Ins Co.,6186592035.221138,13,35.89838321723671,3513294651.637203,49862216.50187178,1,0.9811320754716981,13918721404.35389,303407340.0,15501860691.185804,539937478.65,359958319.1,539937478.65,359958319.1,28513468272.279766,31954468272.279766,3441000000.0,1395853723.0,1395853723.0,0.0,False,15168574329.362614,15168574329.362614,0.0,1.0,10600334520.189814,4568239809.1728,2349885201.3599524,0.0,14,9464500000.0,9464500000.0,35
double_gm,baseline,,COMPOSITE,"{""double_gm"": 0.8190572018883328}",321140213590.4479,263032204757.21378,58108008833.23411,67879755370.703476,109277946912.52422,0.0,66194244481.20431,19680257992.781822,67879755370.703476,109277946912.52422,17130129701.80562,40977879131.42848,20.6122564786054,6.1282446607201235,21.13710849593908,34.02811055356869,5.334159029878389,12.760120781288334,66194244481.20431,19680257992.781822,17130129701.80562,35,22,13,Universal P&C Insurance Co.;Florida Family Insurance Co.;First Protective Insurance Co.;Cypress P&C Insurance Co.;Florida Peninsula Insurance Co;Tower Hill Insurance Exchange;Kin Interinsurance Network;Unique Insurance Co.;Heritage P&C Insurance Co.;Florida Family Home Ins Co.;US Coastal P&C Insurance Co.;TypTap Insurance Co.;Homeowners Choice P&C Ins Co.;Vault E&S Insurance Co.;Edison Insurance Co.;Safe Harbor Insurance Co.;Spinnaker Specialty Ins Co.;GeoVera Specialty Insurance Co;Florida Farm Bureau Cas Ins Co;Universal North America Ins Co;QBE Specialty Insurance Co.;Auto Club Insurance Co. of FL;American Platinum P&C Ins Co.;FL Farm Bureau General Ins Co.;Castle Key Insurance Co.;Homesite Insurance Co.;PURE Specialty Exchange;State Farm FL Ins Co;AIG Property Casualty Co.;Foremost P&C Insurance Co.;ASI Preferred Insurance Corp.;Nationwide P&C Insurance Co.;ACE Ins Co. of the Midwest;Castle Key Indemnity Co.;First Liberty Insurance Corp.,Universal P&C Insurance Co.;Florida Family Insurance Co.;First Protective Insurance Co.;Cypress P&C Insurance Co.;Florida Peninsula Insurance Co;Tower Hill Insurance Exchange;Kin Interinsurance Network;Unique Insurance Co.;Heritage P&C Insurance Co.;Florida Family Home Ins Co.;US Coastal P&C Insurance Co.;TypTap Insurance Co.;Homeowners Choice P&C Ins Co.;Vault E&S Insurance Co.;Edison Insurance Co.;Safe Harbor Insurance Co.;Spinnaker Specialty Ins Co.;GeoVera Specialty Insurance Co;Florida Farm Bureau Cas Ins Co;Universal North America Ins Co;QBE Specialty Insurance Co.;American Platinum P&C Ins Co.,8425252751.821843,13,35.89838321723671,4264888691.5281515,69799547.37949494,1,0.9811320754716981,17271586559.118534,303407340.0,13979105849.954132,539937478.65,359958319.1,539937478.65,359958319.1,13689129701.80562,17130129701.80562,3441000000.0,1395853723.0,1395853723.0,0.0,False,15183811977.852493,15183811977.852493,0.0,1.0,10615572168.679695,4568239809.172799,2513300850.4544663,0.0,14,9464500000.0,9464500000.0,36
double_gm,baseline,,COMPOSITE,"{""double_gm"": 0.7306576971303103}",321140213590.4479,234643568917.93262,86496644672.51526,52348036347.07346,99037093649.53374,0.0,65761003311.71332,17497435609.61212,52348036347.07346,99037093649.53374,25403560217.533306,61093084454.98194,20.477349309974223,5.448534586804103,16.30067930820811,30.839206508044605,7.910426393977126,19.023803892991843,65761003311.71332,17497435609.61212,25403560217.533306,35,22,13,Universal P&C Insurance Co.;Florida Family Insurance Co.;First Protective Insurance Co.;Cypress P&C Insurance Co.;Florida Peninsula Insurance Co;Tower Hill Insurance Exchange;Kin Interinsurance Network;Unique Insurance Co.;Heritage P&C Insurance Co.;Florida Family Home Ins Co.;US Coastal P&C Insurance Co.;TypTap Insurance Co.;Homeowners Choice P&C Ins Co.;Vault E&S Insurance Co.;Edison Insurance Co.;Safe Harbor Insurance Co.;Spinnaker Specialty Ins Co.;GeoVera Specialty Insurance Co;Florida Farm Bureau Cas Ins Co;Universal North America Ins Co;QBE Specialty Insurance Co.;Auto Club Insurance Co. of FL;American Platinum P&C Ins Co.;FL Farm Bureau General Ins Co.;Castle Key Insurance Co.;Homesite Insurance Co.;PURE Specialty Exchange;State Farm FL Ins Co;AIG Property Casualty Co.;Foremost P&C Insurance Co.;ASI Preferred Insurance Corp.;Nationwide P&C Insurance Co.;ACE Ins Co. of the Midwest;Castle Key Indemnity Co.;First Liberty Insurance Corp.,Universal P&C Insurance Co.;Florida Family Insurance Co.;First Protective Insurance Co.;Cypress P&C Insurance Co.;Florida Peninsula Insurance Co;Tower Hill Insurance Exchange;Kin Interinsurance Network;Unique Insurance Co.;Heritage P&C Insurance Co.;Florida Family Home Ins Co.;US Coastal P&C Insurance Co.;TypTap Insurance Co.;Homeowners Choice P&C Ins Co.;Vault E&S Insurance Co.;Edison Insurance Co.;Safe Harbor Insurance Co.;Spinnaker Specialty Ins Co.;GeoVera Specialty Insurance Co;Florida Farm Bureau Cas Ins Co;Universal North America Ins Co;QBE Specialty Insurance Co.;American Platinum P&C Ins Co.,7143488062.410386,13,35.89838321723671,4545211119.754474,77067900.14168425,1,0.9811320754716981,19104774804.490685,303407340.0,11822317040.62021,539937478.65,359958319.1,539937478.65,359958319.1,21962560217.533306,25403560217.533306,3441000000.0,1395853723.0,1395853723.0,0.0,False,15171562196.78923,15171562196.78923,0.0,1.0,10603322387.61643,4568239809.172799,2423432814.524746,0.0,14,9464500000.0,9464500000.0,37
double_gm,baseline,,COMPOSITE,"{""double_gm"": 0.7541641343028161}",321140213590.4479,242192431172.2616,78947782418.18626,34847869478.974846,64107480332.745804,0.0,109746547348.11461,33490534012.426384,34847869478.974846,64107480332.745804,23203560623.06277,55744221795.12349,34.174028260464155,10.428632913328343,10.851294233557605,19.962458022931525,7.225367500270277,17.358219069448104,109746547348.11461,33490534012.426384,23203560623.06277,43,23,20,Universal P&C Insurance Co.;Florida Family Insurance Co.;First Protective Insurance Co.;Spinnaker Insurance Co.;Cypress P&C Insurance Co.;Florida Peninsula Insurance Co;Tower Hill Insurance Exchange;Kin Interinsurance Network;Unique Insurance Co.;Heritage P&C Insurance Co.;Florida Family Home Ins Co.;US Coastal P&C Insurance Co.;TypTap Insurance Co.;Homeowners Choice P&C Ins Co.;Vault E&S Insurance Co.;Edison Insurance Co.;Safe Harbor Insurance Co.;Spinnaker Specialty Ins Co.;GeoVera Specialty Insurance Co;Florida Farm Bureau Cas Ins Co;Universal North America Ins Co;QBE Specialty Insurance Co.;Auto Club Insurance Co. of FL;American Platinum P&C Ins Co.;Privilege Underwriters Recpl;American Strategic Ins Corp.;FL Farm Bureau General Ins Co.;Castle Key Insurance Co.;Chubb Custom Insurance Co.;Homesite Insurance Co.;Farmers Casualty Ins Co.;Scottsdale Insurance Co.;PURE Specialty Exchange;First Floridian Auto & Home;State Farm FL Ins Co;AIG Specialty Insurance Co.;AIG Property Casualty Co.;Foremost P&C Insurance Co.;ASI Preferred Insurance Corp.;Nationwide P&C Insurance Co.;ACE Ins Co. of the Midwest;Castle Key Indemnity Co.;First Liberty Insurance Corp.,Universal P&C Insurance Co.;Florida Family Insurance Co.;First Protective Insurance Co.;Spinnaker Insurance Co.;Cypress P&C Insurance Co.;Florida Peninsula Insurance Co;Tower Hill Insurance Exchange;Kin Interinsurance Network;Unique Insurance Co.;Heritage P&C Insurance Co.;Florida Family Home Ins Co.;US Coastal P&C Insurance Co.;TypTap Insurance Co.;Homeowners Choice P&C Ins Co.;Vault E&S Insurance Co.;Edison Insurance Co.;Safe Harbor Insurance Co.;Spinnaker Specialty Ins Co.;GeoVera Specialty Insurance Co;Florida Farm Bureau Cas Ins Co;Universal North America Ins Co;QBE Specialty Insurance Co.;American Platinum P&C Ins Co.,17422953455.26135,20,36.189312511589605,8557822943.538221,154356298.26846576,1,0.9811320754716981,36378043290.15015,300194520.0,27776160498.02299,539937478.65,359958319.1,539937478.65,359958319.1,19762560623.06277,23203560623.06277,3441000000.0,1395853723.0,1395853723.0,0.0,False,15209268729.6576,15209268729.6576,0.0,1.0,10641028920.4848,4568239809.1728,2575000000.0,0.0,14,9464500000.0,9464500000.0,38
double_gm,baseline,,COMPOSITE,"{""double_gm"": 0.7068439179834216}",321140213590.4479,226996006796.30505,94144206794.14282,33150849799.46626,111170254202.65991,0.0,62164264217.42729,20510638576.751606,33150849799.46626,111170254202.65991,27632324367.603832,66511882426.538994,19.357359055850218,6.386817255751394,10.322858488767073,34.61735699797349,8.604442295988353,20.711165905669482,62164264217.42729,20510638576.751606,27632324367.603832,35,22,13,Universal P&C Insurance Co.;Florida Family Insurance Co.;First Protective Insurance Co.;Cypress P&C Insurance Co.;Florida Peninsula Insurance Co;Tower Hill Insurance Exchange;Kin Interinsurance Network;Unique Insurance Co.;Heritage P&C Insurance Co.;Florida Family Home Ins Co.;US Coastal P&C Insurance Co.;TypTap Insurance Co.;Homeowners Choice P&C Ins Co.;Vault E&S Insurance Co.;Edison Insurance Co.;Safe Harbor Insurance Co.;Spinnaker Specialty Ins Co.;GeoVera Specialty Insurance Co;Florida Farm Bureau Cas Ins Co;Universal North America Ins Co;QBE Specialty Insurance Co.;Auto Club Insurance Co. of FL;American Platinum P&C Ins Co.;FL Farm Bureau General Ins Co.;Castle Key Insurance Co.;Homesite Insurance Co.;PURE Specialty Exchange;State Farm FL Ins Co;AIG Property Casualty Co.;Foremost P&C Insurance Co.;ASI Preferred Insurance Corp.;Nationwide P&C Insurance Co.;ACE Ins Co. of the Midwest;Castle Key Indemnity Co.;First Liberty Insurance Corp.,Universal P&C Insurance Co.;Florida Family Insurance Co.;First Protective Insurance Co.;Cypress P&C Insurance Co.;Florida Peninsula Insurance Co;Tower Hill Insurance Exchange;Kin Interinsurance Network;Unique Insurance Co.;Heritage P&C Insurance Co.;Florida Family Home Ins Co.;US Coastal P&C Insurance Co.;TypTap Insurance Co.;Homeowners Choice P&C Ins Co.;Vault E&S Insurance Co.;Edison Insurance Co.;Safe Harbor Insurance Co.;Spinnaker Specialty Ins Co.;GeoVera Specialty Insurance Co;Florida Farm Bureau Cas Ins Co;Universal North America Ins Co;QBE Specialty Insurance Co.;American Platinum P&C Ins Co.,7414884455.921448,13,35.89838321723671,4951801211.12981,75304799.83854948,1,0.9811320754716981,16896240170.575962,303407340.0,14785061944.007229,539937478.65,359958319.1,539937478.65,359958319.1,24191324367.603832,27632324367.603832,3441000000.0,1395853723.0,1395853723.0,0.0,False,15175114828.354584,15175114828.354584,0.0,1.0,10606875019.181784,4568239809.1728,2534888855.872476,0.0,14,9464500000.0,9464500000.0,39
double_gm,baseline,,COMPOSITE,"{""double_gm"": 0.7011759388538035}",321140213590.4479,225175790767.9933,95964422822.4546,40893933116.057816,95632473543.2766,0.0,74173628223.28845,14475755885.370443,40893933116.057816,95632473543.2766,28162798283.9663,67801624538.488304,23.09696048153052,4.507612336532685,12.733980792642214,29.77904027467494,8.769626814747808,21.112779299871843,74173628223.28845,14475755885.370443,28162798283.9663,37,23,14,Universal P&C Insurance Co.;Florida Family Insurance Co.;First Protective Insurance Co.;Spinnaker Insurance Co.;Cypress P&C Insurance Co.;Florida Peninsula Insurance Co;Tower Hill Insurance Exchange;Kin Interinsurance Network;Unique Insurance Co.;Heritage P&C Insurance Co.;Florida Family Home Ins Co.;US Coastal P&C Insurance Co.;TypTap Insurance Co.;Homeowners Choice P&C Ins Co.;Vault E&S Insurance Co.;Edison Insurance Co.;Safe Harbor Insurance Co.;Spinnaker Specialty Ins Co.;GeoVera Specialty Insurance Co;Florida Farm Bureau Cas Ins Co;Universal North America Ins Co;QBE Specialty Insurance Co.;Auto Club Insurance Co. of FL;American Platinum P&C Ins Co.;Privilege Underwriters Recpl;FL Farm Bureau General Ins Co.;Castle Key Insurance Co.;Homesite Insurance Co.;PURE Specialty Exchange;State Farm FL Ins Co;AIG Property Casualty Co.;Foremost P&C Insurance Co.;ASI Preferred Insurance Corp.;Nationwide P&C Insurance Co.;ACE Ins Co. of the Midwest;Castle Key Indemnity Co.;First Liberty Insurance Corp.,Universal P&C Insurance Co.;Florida Family Insurance Co.;First Protective Insurance Co.;Spinnaker Insurance Co.;Cypress P&C Insurance Co.;Florida Peninsula Insurance Co;Tower Hill Insurance Exchange;Kin Interinsurance Network;Unique Insurance Co.;Heritage P&C Insurance Co.;Florida Family Home Ins Co.;US Coastal P&C Insurance Co.;TypTap Insurance Co.;Homeowners Choice P&C Ins Co.;Vault E&S Insurance Co.;Edison Insurance Co.;Safe Harbor Insurance Co.;Spinnaker Specialty Ins Co.;GeoVera Specialty Insurance Co;Florida Farm Bureau Cas Ins Co;Universal North America Ins Co;QBE Specialty Insurance Co.;American Platinum P&C Ins Co.,9904803153.853447,14,36.189312511589605,5291019645.091977,80894735.68826705,1,0.9811320754716981,21538273092.504337,300194520.0,8860630544.674688,539937478.65,359958319.1,539937478.65,359958319.1,24721798283.9663,28162798283.9663,3441000000.0,1395853723.0,1395853723.0,0.0,False,15180358443.667591,15180358443.667591,0.0,1.0,10612118634.494793,4568239809.172799,2575000000.0,0.0,14,9464500000.0,9464500000.0,40
double_gm,baseline,,COMPOSITE,"{""double_gm"": 0.7021697328683978}",321140213590.44794,225494937990.10504,95645275600.34288,40264870016.32317,94229153094.31842,0.0,71706559161.0791,19294355718.384323,40264870016.32317,94229153094.31842,28069787743.362034,67575487856.980835,22.3287387024432,6.008078372579814,12.538096542363645,29.342059669453118,8.740664219386614,21.0423624937736,71706559161.0791,19294355718.384323,28069787743.362034,37,23,14,Universal P&C Insurance Co.;Florida Family Insurance Co.;First Protective Insurance Co.;Spinnaker Insurance Co.;Cypress P&C Insurance Co.;Florida Peninsula Insurance Co;Tower Hill Insurance Exchange;Kin Interinsurance Network;Unique Insurance Co.;Heritage P&C Insurance Co.;Florida Family Home Ins Co.;US Coastal P&C Insurance Co.;TypTap Insurance Co.;Homeowners Choice P&C Ins Co.;Vault E&S Insurance Co.;Edison Insurance Co.;Safe Harbor Insurance Co.;Spinnaker Specialty Ins Co.;GeoVera Specialty Insurance Co;Florida Farm Bureau Cas Ins Co;Universal North America Ins Co;QBE Specialty Insurance Co.;Auto Club Insurance Co. of FL;American Platinum P&C Ins Co.;Privilege Underwriters Recpl;FL Farm Bureau General Ins Co.;Castle Key Insurance Co.;Homesite Insurance Co.;PURE Specialty Exchange;State Farm FL Ins Co;AIG Property Casualty Co.;Foremost P&C Insurance Co.;ASI Preferred Insurance Corp.;Nationwide P&C Insurance Co.;ACE Ins Co. of the Midwest;Castle Key Indemnity Co.;First Liberty Insurance Corp.,Universal P&C Insurance Co.;Florida Family Insurance Co.;First Protective Insurance Co.;Spinnaker Insurance Co.;Cypress P&C Insurance Co.;Florida Peninsula Insurance Co;Tower Hill Insurance Exchange;Kin Interinsurance Network;Unique Insurance Co.;Heritage P&C Insurance Co.;Florida Family Home Ins Co.;US Coastal P&C Insurance Co.;TypTap Insurance Co.;Homeowners Choice P&C Ins Co.;Vault E&S Insurance Co.;Edison Insurance Co.;Safe Harbor Insurance Co.;Spinnaker Specialty Ins Co.;GeoVera Specialty Insurance Co;Florida Farm Bureau Cas Ins Co;Universal North America Ins Co;QBE Specialty Insurance Co.;American Platinum P&C Ins Co.,8567774549.931492,14,36.189312511589605,5385658222.66954,88828628.27563985,1,0.9811320754716981,21302605092.79588,300194520.0,13614488071.198133,539937478.65,359958319.1,539937478.65,359958319.1,24628787743.362034,28069787743.362034,3441000000.0,1395853723.0,1395853723.0,0.0,False,15190629761.193893,15190629761.193893,0.0,1.0,10622389952.021093,4568239809.1728,2575000000.0,0.0,14,9464500000.0,9464500000.0,41
double_gm,baseline,,COMPOSITE,"{""double_gm"": 0.7110100725707018}",321140213590.4479,228333926570.31503,92806287020.13286,24596280404.813156,116695300301.5597,0.0,68569122583.48917,18473223280.453007,24596280404.813156,116695300301.5597,27242408263.548798,65563878756.58406,21.351770871939383,5.752385562031177,7.659047158815478,36.33780366428414,8.483026139570054,20.415966603359767,68569122583.48917,18473223280.453007,27242408263.548798,36,23,13,Universal P&C Insurance Co.;Florida Family Insurance Co.;First Protective Insurance Co.;Spinnaker Insurance Co.;Cypress P&C Insurance Co.;Florida Peninsula Insurance Co;Tower Hill Insurance Exchange;Kin Interinsurance Network;Unique Insurance Co.;Heritage P&C Insurance Co.;Florida Family Home Ins Co.;US Coastal P&C Insurance Co.;TypTap Insurance Co.;Homeowners Choice P&C Ins Co.;Vault E&S Insurance Co.;Edison Insurance Co.;Safe Harbor Insurance Co.;Spinnaker Specialty Ins Co.;GeoVera Specialty Insurance Co;Florida Farm Bureau Cas Ins Co;Universal North America Ins Co;QBE Specialty Insurance Co.;Auto Club Insurance Co. of FL;American Platinum P&C Ins Co.;FL Farm Bureau General Ins Co.;Castle Key Insurance Co.;Homesite Insurance Co.;PURE Specialty Exchange;State Farm FL Ins Co;AIG Property Casualty Co.;Foremost P&C Insurance Co.;ASI Preferred Insurance Corp.;Nationwide P&C Insurance Co.;ACE Ins Co. of the Midwest;Castle Key Indemnity Co.;First Liberty Insurance Corp.,Universal P&C Insurance Co.;Florida Family Insurance Co.;First Protective Insurance Co.;Spinnaker Insurance Co.;Cypress P&C Insurance Co.;Florida Peninsula Insurance Co;Tower Hill Insurance Exchange;Kin Interinsurance Network;Unique Insurance Co.;Heritage P&C Insurance Co.;Florida Family Home Ins Co.;US Coastal P&C Insurance Co.;TypTap Insurance Co.;Homeowners Choice P&C Ins Co.;Vault E&S Insurance Co.;Edison Insurance Co.;Safe Harbor Insurance Co.;Spinnaker Specialty Ins Co.;GeoVera Specialty Insurance Co;Florida Farm Bureau Cas Ins Co;Universal North America Ins Co;QBE Specialty Insurance Co.;American Platinum P&C Ins Co.,8617244358.694016,13,36.189312511589605,4670926475.927188,70617666.21609247,1,0.9811320754716981,20431697117.10521,300194520.0,12794169967.430292,539937478.65,359958319.1,539937478.65,359958319.1,23801408263.548798,27242408263.548798,3441000000.0,1395853723.0,1395853723.0,0.0,False,15182888144.846668,15182888144.846668,0.0,1.0,10614648335.673868,4568239809.1728,2436409793.6133757,0.0,14,9464500000.0,9464500000.0,42
double_gm,baseline,,COMPOSITE,"{""double_gm"": 0.5042594131952383}",321140213590.4479,161937975658.51276,159202237931.93515,46547560450.21921,56347807683.30419,0.0,47028868865.163574,12013738659.825747,46547560450.21921,56347807683.30419,46592485157.14752,112609752774.78763,14.644341279893332,3.7409636512065547,14.494466429415034,17.546169959008903,14.508455554733862,35.065603125742314,47028868865.163574,12013738659.825747,46592485157.14752,30,19,11,Universal P&C Insurance Co.;Florida Family Insurance Co.;First Protective Insurance Co.;Cypress P&C Insurance Co.;Florida Peninsula Insurance Co;Tower Hill Insurance Exchange;Kin Interinsurance Network;Heritage P&C Insurance Co.;Florida Family Home Ins Co.;US Coastal P&C Insurance Co.;TypTap Insurance Co.;Homeowners Choice P&C Ins Co.;Vault E&S Insurance Co.;Edison Insurance Co.;Safe Harbor Insurance Co.;GeoVera Specialty Insurance Co;Florida Farm Bureau Cas Ins Co;Universal North America Ins Co;Auto Club Insurance Co. of FL;American Platinum P&C Ins Co.;FL Farm Bureau General Ins Co.;Castle Key Insurance Co.;Homesite Insurance Co.;State Farm FL Ins Co;AIG Property Casualty Co.;ASI Preferred Insurance Corp.;Nationwide P&C Insurance Co.;ACE Ins Co. of the Midwest;Castle Key Indemnity Co.;First Liberty Insurance Corp.,Universal P&C Insurance Co.;Florida Family Insurance Co.;First Protective Insurance Co.;Cypress P&C Insurance Co.;Florida Peninsula Insurance Co;Tower Hill Insurance Exchange;Kin Interinsurance Network;Heritage P&C Insurance Co.;Florida Family Home Ins Co.;US Coastal P&C Insurance Co.;TypTap Insurance Co.;Homeowners Choice P&C Ins Co.;Vault E&S Insurance Co.;Edison Insurance Co.;Safe Harbor Insurance Co.;GeoVera Specialty Insurance Co;Florida Farm Bureau Cas Ins Co;Universal North America Ins Co;American Platinum P&C Ins Co.,4402835828.847047,11,35.41856476294073,2821364689.9872766,33687136.751132436,1,0.9811320754716981,10800915254.190456,308706120.0,6360651613.896546,539937478.65,359958319.1,539937478.65,359958319.1,43151485157.14752,46592485157.14752,3441000000.0,1395853723.0,1395853723.0,0.0,False,15163015180.044981,15163015180.044981,0.0,1.0,10594775370.87218,4568239809.1728,2146416423.0655918,0.0,14,9464500000.0,9464500000.0,43
double_gm,baseline,,COMPOSITE,"{""double_gm"": 0.6751175414628573}",321140213590.4479,216807391464.04004,104332822126.40782,24848255368.553516,60749510618.020546,0.0,101856795403.65402,29352830073.811924,24848255368.553516,60749510618.020546,30601639324.48296,73731182801.9249,31.717234744556976,9.140191365521657,7.737509759597611,18.916818276609472,9.529058657072895,22.95918719664138,101856795403.65402,29352830073.811924,30601639324.48296,39,23,16,Universal P&C Insurance Co.;Florida Family Insurance Co.;First Protective Insurance Co.;Spinnaker Insurance Co.;Cypress P&C Insurance Co.;Florida Peninsula Insurance Co;Tower Hill Insurance Exchange;Kin Interinsurance Network;Unique Insurance Co.;Heritage P&C Insurance Co.;Florida Family Home Ins Co.;US Coastal P&C Insurance Co.;TypTap Insurance Co.;Homeowners Choice P&C Ins Co.;Vault E&S Insurance Co.;Edison Insurance Co.;Safe Harbor Insurance Co.;Spinnaker Specialty Ins Co.;GeoVera Specialty Insurance Co;Florida Farm Bureau Cas Ins Co;Universal North America Ins Co;QBE Specialty Insurance Co.;Auto Club Insurance Co. of FL;American Platinum P&C Ins Co.;Privilege Underwriters Recpl;FL Farm Bureau General Ins Co.;Castle Key Insurance Co.;Chubb Custom Insurance Co.;Homesite Insurance Co.;PURE Specialty Exchange;First Floridian Auto & Home;State Farm FL Ins Co;AIG Property Casualty Co.;Foremost P&C Insurance Co.;ASI Preferred Insurance Corp.;Nationwide P&C Insurance Co.;ACE Ins Co. of the Midwest;Castle Key Indemnity Co.;First Liberty Insurance Corp.,Universal P&C Insurance Co.;Florida Family Insurance Co.;First Protective Insurance Co.;Spinnaker Insurance Co.;Cypress P&C Insurance Co.;Florida Peninsula Insurance Co;Tower Hill Insurance Exchange;Kin Interinsurance Network;Unique Insurance Co.;Heritage P&C Insurance Co.;Florida Family Home Ins Co.;US Coastal P&C Insurance Co.;TypTap Insurance Co.;Homeowners Choice P&C Ins Co.;Vault E&S Insurance Co.;Edison Insurance Co.;Safe Harbor Insurance Co.;Spinnaker Specialty Ins Co.;GeoVera Specialty Insurance Co;Florida Farm Bureau Cas Ins Co;Universal North America Ins Co;QBE Specialty Insurance Co.;American Platinum P&C Ins Co.,14765502118.195799,16,36.189312511589605,7522442623.72861,155460187.22951907,1,0.9811320754716981,32723223566.734325,300194520.0,23651805498.735428,539937478.65,359958319.1,539937478.65,359958319.1,27160639324.48296,30601639324.48296,3441000000.0,1395853723.0,1395853723.0,0.0,False,15209268729.657602,15209268729.657602,0.0,1.0,10641028920.484802,4568239809.1728,2575224567.840962,0.0,15,9464500000.0,9464500000.0,44
double_gm,baseline,,COMPOSITE,"{""double_gm"": 0.7328351542026398}",321140213590.4479,235342837947.22458,85797375643.22331,36565039514.530174,124493663964.33922,0.0,59787636615.70495,14496497852.650246,36565039514.530174,124493663964.33922,25199769032.976215,60597606610.24711,18.617299885075276,4.514071187340531,11.38600460705983,38.766139740788354,7.846967762534292,18.869516817201728,59787636615.70495,14496497852.650246,25199769032.976215,35,22,13,Universal P&C Insurance Co.;Florida Family Insurance Co.;First Protective Insurance Co.;Cypress P&C Insurance Co.;Florida Peninsula Insurance Co;Tower Hill Insurance Exchange;Kin Interinsurance Network;Unique Insurance Co.;Heritage P&C Insurance Co.;Florida Family Home Ins Co.;US Coastal P&C Insurance Co.;TypTap Insurance Co.;Homeowners Choice P&C Ins Co.;Vault E&S Insurance Co.;Edison Insurance Co.;Safe Harbor Insurance Co.;Spinnaker Specialty Ins Co.;GeoVera Specialty Insurance Co;Florida Farm Bureau Cas Ins Co;Universal North America Ins Co;QBE Specialty Insurance Co.;Auto Club Insurance Co. of FL;American Platinum P&C Ins Co.;FL Farm Bureau General Ins Co.;Castle Key Insurance Co.;Homesite Insurance Co.;PURE Specialty Exchange;State Farm FL Ins Co;AIG Property Casualty Co.;Foremost P&C Insurance Co.;ASI Preferred Insurance Corp.;Nationwide P&C Insurance Co.;ACE Ins Co. of the Midwest;Castle Key Indemnity Co.;First Liberty Insurance Corp.,Universal P&C Insurance Co.;Florida Family Insurance Co.;First Protective Insurance Co.;Cypress P&C Insurance Co.;Florida Peninsula Insurance Co;Tower Hill Insurance Exchange;Kin Interinsurance Network;Unique Insurance Co.;Heritage P&C Insurance Co.;Florida Family Home Ins Co.;US Coastal P&C Insurance Co.;TypTap Insurance Co.;Homeowners Choice P&C Ins Co.;Vault E&S Insurance Co.;Edison Insurance Co.;Safe Harbor Insurance Co.;Spinnaker Specialty Ins Co.;GeoVera Specialty Insurance Co;Florida Farm Bureau Cas Ins Co;Universal North America Ins Co;QBE Specialty Insurance Co.;American Platinum P&C Ins Co.,6098244684.196346,13,35.89838321723671,3303613095.0745497,62031338.83783771,1,0.9811320754716981,15475144691.155502,303407340.0,8845278022.086731,539937478.65,359958319.1,539937478.65,359958319.1,21758769032.976215,25199769032.976215,3441000000.0,1395853723.0,1395853723.0,0.0,False,15175812341.009594,15175812341.009594,0.0,1.0,10607572531.836792,4568239809.172801,2422085586.998913,0.0,14,9464500000.0,9464500000.0,45
double_gm,baseline,,COMPOSITE,"{""double_gm"": 0.7216294711963777}",321140213590.44794,231744242513.16672,89395971077.2812,56985055986.7423,55118335433.54446,0.0,91847397005.7718,27793454087.108112,56985055986.7423,55118335433.54446,26248524226.654686,63147446850.626526,28.60040353678825,8.654616554049277,17.744603003663592,17.163324025136635,8.173540128527655,19.663512751834578,91847397005.7718,27793454087.108112,26248524226.654686,39,23,16,Universal P&C Insurance Co.;Florida Family Insurance Co.;First Protective Insurance Co.;Spinnaker Insurance Co.;Cypress P&C Insurance Co.;Florida Peninsula Insurance Co;Tower Hill Insurance Exchange;Kin Interinsurance Network;Unique Insurance Co.;Heritage P&C Insurance Co.;Florida Family Home Ins Co.;US Coastal P&C Insurance Co.;TypTap Insurance Co.;Homeowners Choice P&C Ins Co.;Vault E&S Insurance Co.;Edison Insurance Co.;Safe Harbor Insurance Co.;Spinnaker Specialty Ins Co.;GeoVera Specialty Insurance Co;Florida Farm Bureau Cas Ins Co;Universal North America Ins Co;QBE Specialty Insurance Co.;Auto Club Insurance Co. of FL;American Platinum P&C Ins Co.;Privilege Underwriters Recpl;FL Farm Bureau General Ins Co.;Castle Key Insurance Co.;Chubb Custom Insurance Co.;Homesite Insurance Co.;PURE Specialty Exchange;First Floridian Auto & Home;State Farm FL Ins Co;AIG Property Casualty Co.;Foremost P&C Insurance Co.;ASI Preferred Insurance Corp.;Nationwide P&C Insurance Co.;ACE Ins Co. of the Midwest;Castle Key Indemnity Co.;First Liberty Insurance Corp.,Universal P&C Insurance Co.;Florida Family Insurance Co.;First Protective Insurance Co.;Spinnaker Insurance Co.;Cypress P&C Insurance Co.;Florida Peninsula Insurance Co;Tower Hill Insurance Exchange;Kin Interinsurance Network;Unique Insurance Co.;Heritage P&C Insurance Co.;Florida Family Home Ins Co.;US Coastal P&C Insurance Co.;TypTap Insurance Co.;Homeowners Choice P&C Ins Co.;Vault E&S Insurance Co.;Edison Insurance Co.;Safe Harbor Insurance Co.;Spinnaker Specialty Ins Co.;GeoVera Specialty Insurance Co;Florida Farm Bureau Cas Ins Co;Universal North America Ins Co;QBE Specialty Insurance Co.;American Platinum P&C Ins Co.,12731292904.147589,16,36.189312511589605,7844916869.229785,115052104.0591535,1,0.9811320754716981,30155933652.155586,300194520.0,22082913018.135937,539937478.65,359958319.1,539937478.65,359958319.1,22807524226.654686,26248524226.654686,3441000000.0,1395853723.0,1395853723.0,0.0,False,15206390957.682247,15206390957.682247,0.0,1.0,10638151148.509449,4568239809.172799,2575000000.0,0.0,14,9464500000.0,9464500000.0,46
double_gm,baseline,,COMPOSITE,"{""double_gm"": 0.78647615836105}",321140213590.44794,252569121479.86258,68571092110.58538,21787872040.18571,96412740968.25812,0.0,99047148504.92027,35321359966.49843,21787872040.18571,96412740968.25812,20179434112.39861,48391657998.18677,30.84233749412514,10.99873465599172,6.7845355760932256,30.02200810989491,6.283683344040359,15.068700819854639,99047148504.92027,35321359966.49843,20179434112.39861,41,24,17,Universal P&C Insurance Co.;Florida Family Insurance Co.;First Protective Insurance Co.;Spinnaker Insurance Co.;Cypress P&C Insurance Co.;Florida Peninsula Insurance Co;Tower Hill Insurance Exchange;Kin Interinsurance Network;Unique Insurance Co.;Heritage P&C Insurance Co.;Florida Family Home Ins Co.;US Coastal P&C Insurance Co.;TypTap Insurance Co.;Homeowners Choice P&C Ins Co.;Vault E&S Insurance Co.;Edison Insurance Co.;Safe Harbor Insurance Co.;Spinnaker Specialty Ins Co.;GeoVera Specialty Insurance Co;Florida Farm Bureau Cas Ins Co;Universal North America Ins Co;QBE Specialty Insurance Co.;Auto Club Insurance Co. of FL;American Platinum P&C Ins Co.;Privilege Underwriters Recpl;FL Farm Bureau General Ins Co.;Castle Key Insurance Co.;Chubb Custom Insurance Co.;Homesite Insurance Co.;Farmers Casualty Ins Co.;Scottsdale Insurance Co.;PURE Specialty Exchange;State Farm FL Ins Co;AIG Specialty Insurance Co.;AIG Property Casualty Co.;Foremost P&C Insurance Co.;ASI Preferred Insurance Corp.;Nationwide P&C Insurance Co.;ACE Ins Co. of the Midwest;Castle Key Indemnity Co.;First Liberty Insurance Corp.,Universal P&C Insurance Co.;Florida Family Insurance Co.;First Protective Insurance Co.;Spinnaker Insurance Co.;Cypress P&C Insurance Co.;Florida Peninsula Insurance Co;Tower Hill Insurance Exchange;Kin Interinsurance Network;Unique Insurance Co.;Heritage P&C Insurance Co.;Florida Family Home Ins Co.;US Coastal P&C Insurance Co.;TypTap Insurance Co.;Homeowners Choice P&C Ins Co.;Vault E&S Insurance Co.;Edison Insurance Co.;Safe Harbor Insurance Co.;Spinnaker Specialty Ins Co.;GeoVera Specialty Insurance Co;Florida Farm Bureau Cas Ins Co;Universal North America Ins Co;QBE Specialty Insurance Co.;American Platinum P&C Ins Co.;ACE Ins Co. of the Midwest,13830133512.06373,18,36.469587383729746,8066000873.161882,138562607.52112418,1,0.9811320754716981,32998761840.486496,297099360.0,29571912553.255527,539937478.65,359958319.1,539937478.65,359958319.1,16738434112.39861,20179434112.39861,3441000000.0,1395853723.0,1395853723.0,0.0,False,15209268729.657604,15209268729.657604,0.0,1.0,10641028920.484802,4568239809.172801,2594341480.064909,0.0,15,9464500000.0,9464500000.0,47
double_gm,baseline,,COMPOSITE,"{""double_gm"": 0.7414743803739042}",321140213590.4478,238117240885.12054,83022972705.32729,56623215729.56984,96919849747.83018,0.0,66578288696.3943,17995886711.32629,56623215729.56984,96919849747.83018,24391212043.50818,58631760661.819115,20.731844184827636,5.603747506463503,17.631929398222855,30.17991694787645,7.595190826712985,18.2573711358966,66578288696.3943,17995886711.32629,24391212043.50818,35,22,13,Universal P&C Insurance Co.;Florida Family Insurance Co.;First Protective Insurance Co.;Cypress P&C Insurance Co.;Florida Peninsula Insurance Co;Tower Hill Insurance Exchange;Kin Interinsurance Network;Unique Insurance Co.;Heritage P&C Insurance Co.;Florida Family Home Ins Co.;US Coastal P&C Insurance Co.;TypTap Insurance Co.;Homeowners Choice P&C Ins Co.;Vault E&S Insurance Co.;Edison Insurance Co.;Safe Harbor Insurance Co.;Spinnaker Specialty Ins Co.;GeoVera Specialty Insurance Co;Florida Farm Bureau Cas Ins Co;Universal North America Ins Co;QBE Specialty Insurance Co.;Auto Club Insurance Co. of FL;American Platinum P&C Ins Co.;FL Farm Bureau General Ins Co.;Castle Key Insurance Co.;Homesite Insurance Co.;PURE Specialty Exchange;State Farm FL Ins Co;AIG Property Casualty Co.;Foremost P&C Insurance Co.;ASI Preferred Insurance Corp.;Nationwide P&C Insurance Co.;ACE Ins Co. of the Midwest;Castle Key Indemnity Co.;First Liberty Insurance Corp.,Universal P&C Insurance Co.;Florida Family Insurance Co.;First Protective Insurance Co.;Cypress P&C Insurance Co.;Florida Peninsula Insurance Co;Tower Hill Insurance Exchange;Kin Interinsurance Network;Unique Insurance Co.;Heritage P&C Insurance Co.;Florida Family Home Ins Co.;US Coastal P&C Insurance Co.;TypTap Insurance Co.;Homeowners Choice P&C Ins Co.;Vault E&S Insurance Co.;Edison Insurance Co.;Safe Harbor Insurance Co.;Spinnaker Specialty Ins Co.;GeoVera Specialty Insurance Co;Florida Farm Bureau Cas Ins Co;Universal North America Ins Co;QBE Specialty Insurance Co.;American Platinum P&C Ins Co.,8472426668.497055,13,35.89838321723671,5357547737.244635,88070734.55588493,1,0.9811320754716981,18981162943.306313,303407340.0,12316867131.68377,539937478.65,359958319.1,539937478.65,359958319.1,20950212043.50818,24391212043.50818,3441000000.0,1395853723.0,1395853723.0,0.0,False,15170441522.264492,15170441522.264492,0.0,1.0,10602201713.091692,4568239809.172799,2468264076.5151052,0.0,14,9464500000.0,9464500000.0,48
double_gm,baseline,,COMPOSITE,"{""double_gm"": 0.7480123079519175}",321140213590.4479,240216832343.96268,80923381246.4852,27913678656.983955,131244485810.34885,0.0,66317322141.769714,14741345734.86015,27913678656.983955,131244485810.34885,23779318462.411568,57144062784.07363,20.65058168839129,4.590314482900569,8.692053338602571,40.86828128529732,7.404653000803406,17.794116204004837,66317322141.769714,14741345734.86015,23779318462.411568,37,23,14,Universal P&C Insurance Co.;Florida Family Insurance Co.;First Protective Insurance Co.;Spinnaker Insurance Co.;Cypress P&C Insurance Co.;Florida Peninsula Insurance Co;Tower Hill Insurance Exchange;Kin Interinsurance Network;Unique Insurance Co.;Heritage P&C Insurance Co.;Florida Family Home Ins Co.;US Coastal P&C Insurance Co.;TypTap Insurance Co.;Homeowners Choice P&C Ins Co.;Vault E&S Insurance Co.;Edison Insurance Co.;Safe Harbor Insurance Co.;Spinnaker Specialty Ins Co.;GeoVera Specialty Insurance Co;Florida Farm Bureau Cas Ins Co;Universal North America Ins Co;QBE Specialty Insurance Co.;Auto Club Insurance Co. of FL;American Platinum P&C Ins Co.;Privilege Underwriters Recpl;FL Farm Bureau General Ins Co.;Castle Key Insurance Co.;Homesite Insurance Co.;PURE Specialty Exchange;State Farm FL Ins Co;AIG Property Casualty Co.;Foremost P&C Insurance Co.;ASI Preferred Insurance Corp.;Nationwide P&C Insurance Co.;ACE Ins Co. of the Midwest;Castle Key Indemnity Co.;First Liberty Insurance Corp.,Universal P&C Insurance Co.;Florida Family Insurance Co.;First Protective Insurance Co.;Spinnaker Insurance Co.;Cypress P&C Insurance Co.;Florida Peninsula Insurance Co;Tower Hill Insurance Exchange;Kin Interinsurance Network;Unique Insurance Co.;Heritage P&C Insurance Co.;Florida Family Home Ins Co.;US Coastal P&C Insurance Co.;TypTap Insurance Co.;Homeowners Choice P&C Ins Co.;Vault E&S Insurance Co.;Edison Insurance Co.;Safe Harbor Insurance Co.;Spinnaker Specialty Ins Co.;GeoVera Specialty Insurance Co;Florida Farm Bureau Cas Ins Co;Universal North America Ins Co;QBE Specialty Insurance Co.;American Platinum P&C Ins Co.,9251316882.3778,14,36.189312511589605,3817502201.0229506,86286526.35648371,1,0.9811320754716981,17100863914.208668,300194520.0,9104878021.855684,539937478.65,359958319.1,539937478.65,359958319.1,20338318462.411568,23779318462.411568,3441000000.0,1395853723.0,1395853723.0,0.0,False,15184808652.059816,15184808652.059816,0.0,1.0,10616568842.887016,4568239809.1728,2482497648.101603,0.0,14,9464500000.0,9464500000.0,49
double_gm,baseline,,COMPOSITE,"{""double_gm"": 0.8015348128333533}",321140213590.4479,257405060993.48276,63735152596.96515,23143505908.651894,98537867875.52026,0.0,101540413012.86874,34183274196.441853,23143505908.651894,98537867875.52026,18770074051.185745,44965078545.7794,31.618716285206144,10.64434560040369,7.206667034906737,30.683752362818762,5.844822061158413,14.00169665550626,101540413012.86874,34183274196.441853,18770074051.185745,39,24,15,Universal P&C Insurance Co.;Florida Family Insurance Co.;First Protective Insurance Co.;Spinnaker Insurance Co.;Cypress P&C Insurance Co.;Florida Peninsula Insurance Co;Tower Hill Insurance Exchange;Kin Interinsurance Network;Unique Insurance Co.;Heritage P&C Insurance Co.;Florida Family Home Ins Co.;US Coastal P&C Insurance Co.;TypTap Insurance Co.;Homeowners Choice P&C Ins Co.;Vault E&S Insurance Co.;Edison Insurance Co.;Safe Harbor Insurance Co.;Spinnaker Specialty Ins Co.;GeoVera Specialty Insurance Co;Florida Farm Bureau Cas Ins Co;Universal North America Ins Co;QBE Specialty Insurance Co.;Auto Club Insurance Co. of FL;American Platinum P&C Ins Co.;Privilege Underwriters Recpl;FL Farm Bureau General Ins Co.;Castle Key Insurance Co.;Chubb Custom Insurance Co.;Homesite Insurance Co.;Farmers Casualty Ins Co.;PURE Specialty Exchange;State Farm FL Ins Co;AIG Property Casualty Co.;Foremost P&C Insurance Co.;ASI Preferred Insurance Corp.;Nationwide P&C Insurance Co.;ACE Ins Co. of the Midwest;Castle Key Indemnity Co.;First Liberty Insurance Corp.,Universal P&C Insurance Co.;Florida Family Insurance Co.;First Protective Insurance Co.;Spinnaker Insurance Co.;Cypress P&C Insurance Co.;Florida Peninsula Insurance Co;Tower Hill Insurance Exchange;Kin Interinsurance Network;Unique Insurance Co.;Heritage P&C Insurance Co.;Florida Family Home Ins Co.;US Coastal P&C Insurance Co.;TypTap Insurance Co.;Homeowners Choice P&C Ins Co.;Vault E&S Insurance Co.;Edison Insurance Co.;Safe Harbor Insurance Co.;Spinnaker Specialty Ins Co.;GeoVera Specialty Insurance Co;Florida Farm Bureau Cas Ins Co;Universal North America Ins Co;QBE Specialty Insurance Co.;American Platinum P&C Ins Co.;Castle Key Indemnity Co.,14354590554.211596,16,37.927433985368395,7877490449.02083,128536742.00997189,1,0.9811320754716981,33705833347.918293,280999920.0,28447283606.77627,539937478.65,359958319.1,539937478.65,359958319.1,15329074051.185745,18770074051.185745,3441000000.0,1395853723.0,1395853723.0,0.0,False,15209268729.657598,15209268729.657598,0.0,1.0,10641028920.484798,4568239809.1728,2583048427.422082,0.0,15,9464500000.0,9464500000.0,50
double_gm,baseline,,COMPOSITE,"{""double_gm"": 0.7883341524127071}",321140213590.44794,253165798086.4615,67974415503.986435,32472578794.95237,101253686119.02872,0.0,90251857417.56197,29187675754.91842,32472578794.95237,101253686119.02872,20005541908.736393,47968873595.25003,28.1035677246764,9.088763885590996,10.111651366205058,31.529432264798253,6.229534970120429,14.937049788608855,90251857417.56197,29187675754.91842,20005541908.736393,39,23,16,Universal P&C Insurance Co.;Florida Family Insurance Co.;First Protective Insurance Co.;Spinnaker Insurance Co.;Cypress P&C Insurance Co.;Florida Peninsula Insurance Co;Tower Hill Insurance Exchange;Kin Interinsurance Network;Unique Insurance Co.;Heritage P&C Insurance Co.;Florida Family Home Ins Co.;US Coastal P&C Insurance Co.;TypTap Insurance Co.;Homeowners Choice P&C Ins Co.;Vault E&S Insurance Co.;Edison Insurance Co.;Safe Harbor Insurance Co.;Spinnaker Specialty Ins Co.;GeoVera Specialty Insurance Co;Florida Farm Bureau Cas Ins Co;Universal North America Ins Co;QBE Specialty Insurance Co.;Auto Club Insurance Co. of FL;American Platinum P&C Ins Co.;Privilege Underwriters Recpl;FL Farm Bureau General Ins Co.;Castle Key Insurance Co.;Chubb Custom Insurance Co.;Homesite Insurance Co.;PURE Specialty Exchange;First Floridian Auto & Home;State Farm FL Ins Co;AIG Property Casualty Co.;Foremost P&C Insurance Co.;ASI Preferred Insurance Corp.;Nationwide P&C Insurance Co.;ACE Ins Co. of the Midwest;Castle Key Indemnity Co.;First Liberty Insurance Corp.,Universal P&C Insurance Co.;Florida Family Insurance Co.;First Protective Insurance Co.;Spinnaker Insurance Co.;Cypress P&C Insurance Co.;Florida Peninsula Insurance Co;Tower Hill Insurance Exchange;Kin Interinsurance Network;Unique Insurance Co.;Heritage P&C Insurance Co.;Florida Family Home Ins Co.;US Coastal P&C Insurance Co.;TypTap Insurance Co.;Homeowners Choice P&C Ins Co.;Vault E&S Insurance Co.;Edison Insurance Co.;Safe Harbor Insurance Co.;Spinnaker Specialty Ins Co.;GeoVera Specialty Insurance Co;Florida Farm Bureau Cas Ins Co;Universal North America Ins Co;QBE Specialty Insurance Co.;American Platinum P&C Ins Co.,12331123631.597042,16,36.189312511589605,7039831978.449922,119721670.95916685,1,0.9811320754716981,29196691502.310104,300194520.0,23462116963.723972,539937478.65,359958319.1,539937478.65,359958319.1,16564541908.736393,20005541908.736393,3441000000.0,1395853723.0,1395853723.0,0.0,False,15194123976.762268,15194123976.762268,0.0,1.0,10625884167.589468,4568239809.172801,2577619990.010844,0.0,15,9464500000.0,9464500000.0,51
double_gm,baseline,,COMPOSITE,"{""double_gm"": 0.8431736499568022}",321140213590.4479,270776966040.965,50363247549.48289,57350888335.046295,122197647804.63615,0.0,67810726828.848694,23417703072.43389,57350888335.046295,122197647804.63615,14873038353.536165,35490209195.946724,21.115613666287256,7.292049416862702,17.85851970821264,38.051182204317634,4.6313223084866735,11.051312695833108,67810726828.848694,23417703072.43389,14873038353.536165,36,23,13,Universal P&C Insurance Co.;Florida Family Insurance Co.;First Protective Insurance Co.;Spinnaker Insurance Co.;Cypress P&C Insurance Co.;Florida Peninsula Insurance Co;Tower Hill Insurance Exchange;Kin Interinsurance Network;Unique Insurance Co.;Heritage P&C Insurance Co.;Florida Family Home Ins Co.;US Coastal P&C Insurance Co.;TypTap Insurance Co.;Homeowners Choice P&C Ins Co.;Vault E&S Insurance Co.;Edison Insurance Co.;Safe Harbor Insurance Co.;Spinnaker Specialty Ins Co.;GeoVera Specialty Insurance Co;Florida Farm Bureau Cas Ins Co;Universal North America Ins Co;QBE Specialty Insurance Co.;Auto Club Insurance Co. of FL;American Platinum P&C Ins Co.;FL Farm Bureau General Ins Co.;Castle Key Insurance Co.;Homesite Insurance Co.;PURE Specialty Exchange;State Farm FL Ins Co;AIG Property Casualty Co.;Foremost P&C Insurance Co.;ASI Preferred Insurance Corp.;Nationwide P&C Insurance Co.;ACE Ins Co. of the Midwest;Castle Key Indemnity Co.;First Liberty Insurance Corp.,Universal P&C Insurance Co.;Florida Family Insurance Co.;First Protective Insurance Co.;Spinnaker Insurance Co.;Cypress P&C Insurance Co.;Florida Peninsula Insurance Co;Tower Hill Insurance Exchange;Kin Interinsurance Network;Unique Insurance Co.;Heritage P&C Insurance Co.;Florida Family Home Ins Co.;US Coastal P&C Insurance Co.;TypTap Insurance Co.;Homeowners Choice P&C Ins Co.;Vault E&S Insurance Co.;Edison Insurance Co.;Safe Harbor Insurance Co.;Spinnaker Specialty Ins Co.;GeoVera Specialty Insurance Co;Florida Farm Bureau Cas Ins Co;Universal North America Ins Co;QBE Specialty Insurance Co.;American Platinum P&C Ins Co.,8872137691.52275,13,36.189312511589605,4844664918.130353,75424749.67350069,1,0.9811320754716981,19034033026.464165,300194520.0,17679409746.510063,539937478.65,359958319.1,539937478.65,359958319.1,11432038353.536165,14873038353.536165,3441000000.0,1395853723.0,1395853723.0,0.0,False,15176873673.579994,15176873673.579994,0.0,1.0,10608633864.407194,4568239809.172801,2495982971.5548077,0.0,14,9464500000.0,9464500000.0,52
double_gm,baseline,,COMPOSITE,"{""double_gm"": 0.6042422895817983}",321140213590.4479,194046497936.67993,127093715653.76794,40407487593.15908,86989159863.28326,0.0,53618994356.35545,13030856123.882149,40407487593.15908,86989159863.28326,37234951053.18271,89858764600.58522,16.69644351197203,4.057684329904719,12.582506295736293,27.087594820566785,11.594608671671581,27.981162370148592,53618994356.35545,13030856123.882149,37234951053.18271,34,21,13,Universal P&C Insurance Co.;Florida Family Insurance Co.;First Protective Insurance Co.;Cypress P&C Insurance Co.;Florida Peninsula Insurance Co;Tower Hill Insurance Exchange;Kin Interinsurance Network;Unique Insurance Co.;Heritage P&C Insurance Co.;Florida Family Home Ins Co.;US Coastal P&C Insurance Co.;TypTap Insurance Co.;Homeowners Choice P&C Ins Co.;Vault E&S Insurance Co.;Edison Insurance Co.;Safe Harbor Insurance Co.;GeoVera Specialty Insurance Co;Florida Farm Bureau Cas Ins Co;Universal North America Ins Co;QBE Specialty Insurance Co.;Auto Club Insurance Co. of FL;American Platinum P&C Ins Co.;FL Farm Bureau General Ins Co.;Castle Key Insurance Co.;Homesite Insurance Co.;PURE Specialty Exchange;State Farm FL Ins Co;AIG Property Casualty Co.;Foremost P&C Insurance Co.;ASI Preferred Insurance Corp.;Nationwide P&C Insurance Co.;ACE Ins Co. of the Midwest;Castle Key Indemnity Co.;First Liberty Insurance Corp.,Universal P&C Insurance Co.;Florida Family Insurance Co.;First Protective Insurance Co.;Cypress P&C Insurance Co.;Florida Peninsula Insurance Co;Tower Hill Insurance Exchange;Kin Interinsurance Network;Unique Insurance Co.;Heritage P&C Insurance Co.;Florida Family Home Ins Co.;US Coastal P&C Insurance Co.;TypTap Insurance Co.;Homeowners Choice P&C Ins Co.;Vault E&S Insurance Co.;Edison Insurance Co.;Safe Harbor Insurance Co.;GeoVera Specialty Insurance Co;Florida Farm Bureau Cas Ins Co;Universal North America Ins Co;QBE Specialty Insurance Co.;American Platinum P&C Ins Co.,6213939833.237512,13,35.80938809441937,3323928662.0204678,38752099.402468264,1,0.9811320754716981,12850146624.586058,304390140.0,7383554489.43879,539937478.65,359958319.1,539937478.65,359958319.1,33793951053.18271,37234951053.18271,3441000000.0,1395853723.0,1395853723.0,0.0,False,15165470820.288727,15165470820.288727,0.0,1.0,10597231011.115925,4568239809.172801,2279519628.8471503,0.0,14,9464500000.0,9464500000.0,53
double_gm,baseline,,COMPOSITE,"{""double_gm"": 0.6851085949313908}",321140213590.4479,220015920508.9185,101124293081.5294,47509072785.815575,91622400422.74854,0.0,64640550696.06978,16243896604.284601,47509072785.815575,91622400422.74854,29666562969.95926,71457730111.57016,20.128451050514116,5.058194494757528,14.793872201381852,28.53034174648559,9.237884797508796,22.25125570935213,64640550696.06978,16243896604.284601,29666562969.95926,37,23,14,Universal P&C Insurance Co.;Florida Family Insurance Co.;First Protective Insurance Co.;Spinnaker Insurance Co.;Cypress P&C Insurance Co.;Florida Peninsula Insurance Co;Tower Hill Insurance Exchange;Kin Interinsurance Network;Unique Insurance Co.;Heritage P&C Insurance Co.;Florida Family Home Ins Co.;US Coastal P&C Insurance Co.;TypTap Insurance Co.;Homeowners Choice P&C Ins Co.;Vault E&S Insurance Co.;Edison Insurance Co.;Safe Harbor Insurance Co.;Spinnaker Specialty Ins Co.;GeoVera Specialty Insurance Co;Florida Farm Bureau Cas Ins Co;Universal North America Ins Co;QBE Specialty Insurance Co.;Auto Club Insurance Co. of FL;American Platinum P&C Ins Co.;Privilege Underwriters Recpl;FL Farm Bureau General Ins Co.;Castle Key Insurance Co.;Homesite Insurance Co.;PURE Specialty Exchange;State Farm FL Ins Co;AIG Property Casualty Co.;Foremost P&C Insurance Co.;ASI Preferred Insurance Corp.;Nationwide P&C Insurance Co.;ACE Ins Co. of the Midwest;Castle Key Indemnity Co.;First Liberty Insurance Corp.,Universal P&C Insurance Co.;Florida Family Insurance Co.;First Protective Insurance Co.;Spinnaker Insurance Co.;Cypress P&C Insurance Co.;Florida Peninsula Insurance Co;Tower Hill Insurance Exchange;Kin Interinsurance Network;Unique Insurance Co.;Heritage P&C Insurance Co.;Florida Family Home Ins Co.;US Coastal P&C Insurance Co.;TypTap Insurance Co.;Homeowners Choice P&C Ins Co.;Vault E&S Insurance Co.;Edison Insurance Co.;Safe Harbor Insurance Co.;Spinnaker Specialty Ins Co.;GeoVera Specialty Insurance Co;Florida Farm Bureau Cas Ins Co;Universal North America Ins Co;QBE Specialty Insurance Co.;American Platinum P&C Ins Co.,6783030596.163465,14,36.189312511589605,3775870138.2502313,64462233.12894799,1,0.9811320754716981,17303811241.02181,300194520.0,10582077552.709053,539937478.65,359958319.1,539937478.65,359958319.1,26225562969.95926,29666562969.95926,3441000000.0,1395853723.0,1395853723.0,0.0,False,15176890676.250465,15176890676.250465,0.0,1.0,10608650867.077667,4568239809.172799,2323825326.107148,0.0,14,9464500000.0,9464500000.0,54
double_gm,baseline,,COMPOSITE,"{""double_gm"": 0.5965010261089175}",321140213590.4479,191560466931.5391,129579746658.90878,45605057402.12507,89546585667.50385,0.0,42623391849.022156,13785432012.888052,45605057402.12507,89546585667.50385,37959466485.95731,91620280172.95146,13.272517749328033,4.292652065825895,14.200979968296803,27.88395282744103,11.82021586818998,28.529681520918267,42623391849.022156,13785432012.888052,37959466485.95731,29,19,10,Universal P&C Insurance Co.;Florida Family Insurance Co.;First Protective Insurance Co.;Cypress P&C Insurance Co.;Florida Peninsula Insurance Co;Tower Hill Insurance Exchange;Kin Interinsurance Network;Heritage P&C Insurance Co.;Florida Family Home Ins Co.;US Coastal P&C Insurance Co.;TypTap Insurance Co.;Homeowners Choice P&C Ins Co.;Vault E&S Insurance Co.;Edison Insurance Co.;Safe Harbor Insurance Co.;GeoVera Specialty Insurance Co;Florida Farm Bureau Cas Ins Co;Universal North America Ins Co;Auto Club Insurance Co. of FL;American Platinum P&C Ins Co.;FL Farm Bureau General Ins Co.;Castle Key Insurance Co.;Homesite Insurance Co.;State Farm FL Ins Co;AIG Property Casualty Co.;ASI Preferred Insurance Corp.;ACE Ins Co. of the Midwest;Castle Key Indemnity Co.;First Liberty Insurance Corp.,Universal P&C Insurance Co.;Florida Family Insurance Co.;First Protective Insurance Co.;Cypress P&C Insurance Co.;Florida Peninsula Insurance Co;Tower Hill Insurance Exchange;Kin Interinsurance Network;Heritage P&C Insurance Co.;Florida Family Home Ins Co.;US Coastal P&C Insurance Co.;TypTap Insurance Co.;Homeowners Choice P&C Ins Co.;Vault E&S Insurance Co.;Edison Insurance Co.;Safe Harbor Insurance Co.;GeoVera Specialty Insurance Co;Florida Farm Bureau Cas Ins Co;Universal North America Ins Co;American Platinum P&C Ins Co.,3913481213.1642804,10,35.41856476294073,1915272371.992908,25070440.888621695,1,0.9811320754716981,8195908678.71413,308706120.0,8073782380.318268,539937478.65,359958319.1,539937478.65,359958319.1,34518466485.95731,37959466485.95731,3441000000.0,1395853723.0,1395853723.0,0.0,False,15151489811.615519,15151489811.615519,0.0,1.0,10583250002.442719,4568239809.1728,2164172882.225947,0.0,14,9464500000.0,9464500000.0,55
double_gm,baseline,,COMPOSITE,"{""double_gm"": 0.7311157438000078}",321140213590.44794,234790666123.27374,86349547467.1742,33673528112.80466,103359899119.48558,0.0,75285961737.40138,22471277153.582085,33673528112.80466,103359899119.48558,25360691003.44579,60988856463.72842,23.44333053020075,6.9973414112004795,10.48561553108659,32.18528690751295,7.897077329526982,18.991348290472235,75285961737.40138,22471277153.582085,25360691003.44579,37,23,14,Universal P&C Insurance Co.;Florida Family Insurance Co.;First Protective Insurance Co.;Spinnaker Insurance Co.;Cypress P&C Insurance Co.;Florida Peninsula Insurance Co;Tower Hill Insurance Exchange;Kin Interinsurance Network;Unique Insurance Co.;Heritage P&C Insurance Co.;Florida Family Home Ins Co.;US Coastal P&C Insurance Co.;TypTap Insurance Co.;Homeowners Choice P&C Ins Co.;Vault E&S Insurance Co.;Edison Insurance Co.;Safe Harbor Insurance Co.;Spinnaker Specialty Ins Co.;GeoVera Specialty Insurance Co;Florida Farm Bureau Cas Ins Co;Universal North America Ins Co;QBE Specialty Insurance Co.;Auto Club Insurance Co. of FL;American Platinum P&C Ins Co.;Privilege Underwriters Recpl;FL Farm Bureau General Ins Co.;Castle Key Insurance Co.;Homesite Insurance Co.;PURE Specialty Exchange;State Farm FL Ins Co;AIG Property Casualty Co.;Foremost P&C Insurance Co.;ASI Preferred Insurance Corp.;Nationwide P&C Insurance Co.;ACE Ins Co. of the Midwest;Castle Key Indemnity Co.;First Liberty Insurance Corp.,Universal P&C Insurance Co.;Florida Family Insurance Co.;First Protective Insurance Co.;Spinnaker Insurance Co.;Cypress P&C Insurance Co.;Florida Peninsula Insurance Co;Tower Hill Insurance Exchange;Kin Interinsurance Network;Unique Insurance Co.;Heritage P&C Insurance Co.;Florida Family Home Ins Co.;US Coastal P&C Insurance Co.;TypTap Insurance Co.;Homeowners Choice P&C Ins Co.;Vault E&S Insurance Co.;Edison Insurance Co.;Safe Harbor Insurance Co.;Spinnaker Specialty Ins Co.;GeoVera Specialty Insurance Co;Florida Farm Bureau Cas Ins Co;Universal North America Ins Co;QBE Specialty Insurance Co.;American Platinum P&C Ins Co.,9370912776.720852,14,36.189312511589605,4495684606.053688,74996084.95834422,1,0.9811320754716981,22105145438.472626,300194520.0,16766814817.119839,539937478.65,359958319.1,539937478.65,359958319.1,21919691003.44579,25360691003.44579,3441000000.0,1395853723.0,1395853723.0,0.0,False,15183800230.720522,15183800230.720522,0.0,1.0,10615560421.547722,4568239809.1728,2575000000.0,0.0,14,9464500000.0,9464500000.0,56
double_gm,baseline,,COMPOSITE,"{""double_gm"": 0.8422499454371029}",321140213590.44794,270480327374.21432,50659886216.2336,62175413840.28259,80156211811.07745,0.0,100835018155.53224,27313683567.322033,62175413840.28259,80156211811.07745,14959489122.482388,35700397093.75121,31.399063053538274,8.505220589457332,19.36083094208042,24.959879958634254,4.658242253509962,11.116763202779751,100835018155.53224,27313683567.322033,14959489122.482388,40,24,16,Universal P&C Insurance Co.;Florida Family Insurance Co.;First Protective Insurance Co.;Spinnaker Insurance Co.;Cypress P&C Insurance Co.;Florida Peninsula Insurance Co;Tower Hill Insurance Exchange;Kin Interinsurance Network;Unique Insurance Co.;Heritage P&C Insurance Co.;Florida Family Home Ins Co.;US Coastal P&C Insurance Co.;TypTap Insurance Co.;Homeowners Choice P&C Ins Co.;Vault E&S Insurance Co.;Edison Insurance Co.;Safe Harbor Insurance Co.;Spinnaker Specialty Ins Co.;GeoVera Specialty Insurance Co;Florida Farm Bureau Cas Ins Co;Universal North America Ins Co;QBE Specialty Insurance Co.;Auto Club Insurance Co. of FL;American Platinum P&C Ins Co.;Privilege Underwriters Recpl;FL Farm Bureau General Ins Co.;Castle Key Insurance Co.;Chubb Custom Insurance Co.;Homesite Insurance Co.;Farmers Casualty Ins Co.;Scottsdale Insurance Co.;PURE Specialty Exchange;State Farm FL Ins Co;AIG Property Casualty Co.;Foremost P&C Insurance Co.;ASI Preferred Insurance Corp.;Nationwide P&C Insurance Co.;ACE Ins Co. of the Midwest;Castle Key Indemnity Co.;First Liberty Insurance Corp.,Universal P&C Insurance Co.;Florida Family Insurance Co.;First Protective Insurance Co.;Spinnaker Insurance Co.;Cypress P&C Insurance Co.;Florida Peninsula Insurance Co;Tower Hill Insurance Exchange;Kin Interinsurance Network;Unique Insurance Co.;Heritage P&C Insurance Co.;Florida Family Home Ins Co.;US Coastal P&C Insurance Co.;TypTap Insurance Co.;Homeowners Choice P&C Ins Co.;Vault E&S Insurance Co.;Edison Insurance Co.;Safe Harbor Insurance Co.;Spinnaker Specialty Ins Co.;GeoVera Specialty Insurance Co;Florida Farm Bureau Cas Ins Co;Universal North America Ins Co;QBE Specialty Insurance Co.;American Platinum P&C Ins Co.;Privilege Underwriters Recpl,14750822523.584171,17,37.427996398685764,7454353851.963235,159444049.33278367,1,0.9811320754716981,32118838625.076035,286515360.0,21626027346.21414,539937478.65,359958319.1,539937478.65,359958319.1,11518489122.482388,14959489122.482388,3441000000.0,1395853723.0,1395853723.0,0.0,False,15209268729.6576,15209268729.6576,0.0,1.0,10641028920.4848,4568239809.1728,2617835913.257454,0.0,15,9464500000.0,9464500000.0,57
double_gm,baseline,,COMPOSITE,"{""double_gm"": 0.7877735658559814}",321140213590.4479,252985771199.8986,68154442390.54929,43736603087.05998,106429197189.96083,0.0,80149207156.8542,22670763766.023598,43736603087.05998,106429197189.96083,20058007971.049957,48096434419.499344,24.957698776108117,7.059459639936519,13.619161112858183,33.141037056695325,6.2458724015890645,14.976771012812812,80149207156.8542,22670763766.023598,20058007971.049957,38,23,15,Universal P&C Insurance Co.;Florida Family Insurance Co.;First Protective Insurance Co.;Spinnaker Insurance Co.;Cypress P&C Insurance Co.;Florida Peninsula Insurance Co;Tower Hill Insurance Exchange;Kin Interinsurance Network;Unique Insurance Co.;Heritage P&C Insurance Co.;Florida Family Home Ins Co.;US Coastal P&C Insurance Co.;TypTap Insurance Co.;Homeowners Choice P&C Ins Co.;Vault E&S Insurance Co.;Edison Insurance Co.;Safe Harbor Insurance Co.;Spinnaker Specialty Ins Co.;GeoVera Specialty Insurance Co;Florida Farm Bureau Cas Ins Co;Universal North America Ins Co;QBE Specialty Insurance Co.;Auto Club Insurance Co. of FL;American Platinum P&C Ins Co.;Privilege Underwriters Recpl;FL Farm Bureau General Ins Co.;Castle Key Insurance Co.;Chubb Custom Insurance Co.;Homesite Insurance Co.;PURE Specialty Exchange;State Farm FL Ins Co;AIG Property Casualty Co.;Foremost P&C Insurance Co.;ASI Preferred Insurance Corp.;Nationwide P&C Insurance Co.;ACE Ins Co. of the Midwest;Castle Key Indemnity Co.;First Liberty Insurance Corp.,Universal P&C Insurance Co.;Florida Family Insurance Co.;First Protective Insurance Co.;Spinnaker Insurance Co.;Cypress P&C Insurance Co.;Florida Peninsula Insurance Co;Tower Hill Insurance Exchange;Kin Interinsurance Network;Unique Insurance Co.;Heritage P&C Insurance Co.;Florida Family Home Ins Co.;US Coastal P&C Insurance Co.;TypTap Insurance Co.;Homeowners Choice P&C Ins Co.;Vault E&S Insurance Co.;Edison Insurance Co.;Safe Harbor Insurance Co.;Spinnaker Specialty Ins Co.;GeoVera Specialty Insurance Co;Florida Farm Bureau Cas Ins Co;Universal North America Ins Co;QBE Specialty Insurance Co.;American Platinum P&C Ins Co.,10818716103.548262,15,36.189312511589605,5039288014.417168,92996269.29054946,1,0.9811320754716981,24102235460.39962,300194520.0,16977461400.87456,539937478.65,359958319.1,539937478.65,359958319.1,16617007971.049957,20058007971.049957,3441000000.0,1395853723.0,1395853723.0,0.0,False,15188247357.619282,15188247357.619282,0.0,1.0,10620007548.446482,4568239809.1728,2574999999.9999995,0.0,14,9464500000.0,9464500000.0,58
double_gm,baseline,,COMPOSITE,"{""double_gm"": 0.7328217044638874}",321140213590.4479,235338518695.24884,85801694895.19902,24634068288.73468,158712765457.9259,0.0,41756436381.78237,10235248566.80592,24634068288.73468,158712765457.9259,25201027812.4154,60600667082.78362,13.002556084438124,3.1871587965806727,7.670813945509379,49.421641619860566,7.847359734447467,18.870469819163798,41756436381.78237,10235248566.80592,25201027812.4154,30,19,11,Universal P&C Insurance Co.;Florida Family Insurance Co.;First Protective Insurance Co.;Cypress P&C Insurance Co.;Florida Peninsula Insurance Co;Tower Hill Insurance Exchange;Kin Interinsurance Network;Heritage P&C Insurance Co.;Florida Family Home Ins Co.;US Coastal P&C Insurance Co.;TypTap Insurance Co.;Homeowners Choice P&C Ins Co.;Vault E&S Insurance Co.;Edison Insurance Co.;Safe Harbor Insurance Co.;GeoVera Specialty Insurance Co;Florida Farm Bureau Cas Ins Co;Universal North America Ins Co;Auto Club Insurance Co. of FL;American Platinum P&C Ins Co.;FL Farm Bureau General Ins Co.;Castle Key Insurance Co.;Homesite Insurance Co.;State Farm FL Ins Co;AIG Property Casualty Co.;ASI Preferred Insurance Corp.;Nationwide P&C Insurance Co.;ACE Ins Co. of the Midwest;Castle Key Indemnity Co.;First Liberty Insurance Corp.,Universal P&C Insurance Co.;Florida Family Insurance Co.;First Protective Insurance Co.;Cypress P&C Insurance Co.;Florida Peninsula Insurance Co;Tower Hill Insurance Exchange;Kin Interinsurance Network;Heritage P&C Insurance Co.;Florida Family Home Ins Co.;US Coastal P&C Insurance Co.;TypTap Insurance Co.;Homeowners Choice P&C Ins Co.;Vault E&S Insurance Co.;Edison Insurance Co.;Safe Harbor Insurance Co.;GeoVera Specialty Insurance Co;Florida Farm Bureau Cas Ins Co;Universal North America Ins Co;American Platinum P&C Ins Co.,4413526099.487676,11,35.41856476294073,2260216561.7256556,33542403.945225164,1,0.9811320754716981,7873811379.370811,308706120.0,4599507561.464192,539937478.65,359958319.1,539937478.65,359958319.1,21760027812.4154,25201027812.4154,3441000000.0,1395853723.0,1395853723.0,0.0,False,15137027496.68034,15137027496.68034,0.0,1.0,10568787687.50754,4568239809.172799,2089988194.9457824,0.0,14,9464500000.0,9464500000.0,59
double_gm,baseline,,COMPOSITE,"{""double_gm"": 0.7319791672991243}",321140213590.4479,235067946130.19894,86072267460.24895,53362445453.00435,66501802156.96491,0.0,92649694233.32991,22554004286.8998,53362445453.00435,66501802156.96491,25279882017.635963,60792385442.61296,28.850231242446217,7.023101851599021,16.616556630013896,20.7080270058533,7.871914181970233,18.93016908811734,92649694233.32991,22554004286.8998,25279882017.635963,40,24,16,Universal P&C Insurance Co.;Florida Family Insurance Co.;First Protective Insurance Co.;Spinnaker Insurance Co.;Cypress P&C Insurance Co.;Florida Peninsula Insurance Co;Tower Hill Insurance Exchange;Kin Interinsurance Network;Unique Insurance Co.;Heritage P&C Insurance Co.;Florida Family Home Ins Co.;US Coastal P&C Insurance Co.;TypTap Insurance Co.;Homeowners Choice P&C Ins Co.;Vault E&S Insurance Co.;Edison Insurance Co.;Safe Harbor Insurance Co.;Spinnaker Specialty Ins Co.;GeoVera Specialty Insurance Co;Florida Farm Bureau Cas Ins Co;Universal North America Ins Co;QBE Specialty Insurance Co.;Auto Club Insurance Co. of FL;American Platinum P&C Ins Co.;Privilege Underwriters Recpl;FL Farm Bureau General Ins Co.;Castle Key Insurance Co.;Homesite Insurance Co.;Farmers Casualty Ins Co.;Scottsdale Insurance Co.;PURE Specialty Exchange;First Floridian Auto & Home;State Farm FL Ins Co;AIG Property Casualty Co.;Foremost P&C Insurance Co.;ASI Preferred Insurance Corp.;Nationwide P&C Insurance Co.;ACE Ins Co. of the Midwest;Castle Key Indemnity Co.;First Liberty Insurance Corp.,Universal P&C Insurance Co.;Florida Family Insurance Co.;First Protective Insurance Co.;Spinnaker Insurance Co.;Cypress P&C Insurance Co.;Florida Peninsula Insurance Co;Tower Hill Insurance Exchange;Kin Interinsurance Network;Unique Insurance Co.;Heritage P&C Insurance Co.;Florida Family Home Ins Co.;US Coastal P&C Insurance Co.;TypTap Insurance Co.;Homeowners Choice P&C Ins Co.;Vault E&S Insurance Co.;Edison Insurance Co.;Safe Harbor Insurance Co.;Spinnaker Specialty Ins Co.;GeoVera Specialty Insurance Co;Florida Farm Bureau Cas Ins Co;Universal North America Ins Co;QBE Specialty Insurance Co.;American Platinum P&C Ins Co.;Castle Key Indemnity Co.,12063037357.183125,17,37.927433985368395,6642059183.645465,128443155.8399024,1,0.9811320754716981,29448918543.658764,280999920.0,16889831266.053125,539937478.65,359958319.1,539937478.65,359958319.1,21838882017.635963,25279882017.635963,3441000000.0,1395853723.0,1395853723.0,0.0,False,15199914098.061049,15199914098.061049,0.0,1.0,10631674288.888248,4568239809.1728,2575000000.0,0.0,14,9464500000.0,9464500000.0,60
double_gm,baseline,,COMPOSITE,"{""double_gm"": 0.7244722359195385}",321140213590.4479,232657168583.54996,88483045006.89795,65092539277.176704,69320126456.17464,0.0,77118665771.25008,21125837078.948524,65092539277.176704,69320126456.17464,25982465989.405357,62500579017.49258,24.01401708899652,6.578384202574654,20.269195984340232,21.585626316042447,8.090692130678146,19.462084277368003,77118665771.25008,21125837078.948524,25982465989.405357,38,24,14,Universal P&C Insurance Co.;Florida Family Insurance Co.;First Protective Insurance Co.;Spinnaker Insurance Co.;Cypress P&C Insurance Co.;Florida Peninsula Insurance Co;Tower Hill Insurance Exchange;Kin Interinsurance Network;Unique Insurance Co.;Heritage P&C Insurance Co.;Florida Family Home Ins Co.;US Coastal P&C Insurance Co.;TypTap Insurance Co.;Homeowners Choice P&C Ins Co.;Vault E&S Insurance Co.;Edison Insurance Co.;Safe Harbor Insurance Co.;Spinnaker Specialty Ins Co.;GeoVera Specialty Insurance Co;Florida Farm Bureau Cas Ins Co;Universal North America Ins Co;QBE Specialty Insurance Co.;Auto Club Insurance Co. of FL;American Platinum P&C Ins Co.;Privilege Underwriters Recpl;FL Farm Bureau General Ins Co.;Castle Key Insurance Co.;Chubb Custom Insurance Co.;Homesite Insurance Co.;PURE Specialty Exchange;State Farm FL Ins Co;AIG Property Casualty Co.;Foremost P&C Insurance Co.;ASI Preferred Insurance Corp.;Nationwide P&C Insurance Co.;ACE Ins Co. of the Midwest;Castle Key Indemnity Co.;First Liberty Insurance Corp.,Universal P&C Insurance Co.;Florida Family Insurance Co.;First Protective Insurance Co.;Spinnaker Insurance Co.;Cypress P&C Insurance Co.;Florida Peninsula Insurance Co;Tower Hill Insurance Exchange;Kin Interinsurance Network;Unique Insurance Co.;Heritage P&C Insurance Co.;Florida Family Home Ins Co.;US Coastal P&C Insurance Co.;TypTap Insurance Co.;Homeowners Choice P&C Ins Co.;Vault E&S Insurance Co.;Edison Insurance Co.;Safe Harbor Insurance Co.;Spinnaker Specialty Ins Co.;GeoVera Specialty Insurance Co;Florida Farm Bureau Cas Ins Co;Universal North America Ins Co;QBE Specialty Insurance Co.;American Platinum P&C Ins Co.;Privilege Underwriters Recpl,9812675388.742643,15,37.427996398685764,5158027133.539191,82202283.4175387,1,0.9811320754716981,22609002670.62793,286515360.0,15440425214.823418,539937478.65,359958319.1,539937478.65,359958319.1,22541465989.405357,25982465989.405357,3441000000.0,1395853723.0,1395853723.0,0.0,False,15180751401.041199,15180751401.041199,0.0,1.0,10612511591.868399,4568239809.172801,2575000000.0,0.0,14,9464500000.0,9464500000.0,61
double_gm,baseline,,COMPOSITE,"{""double_gm"": 0.6768194116231124}",321140213590.4479,217353930410.80762,103786283179.64027,59162739952.410904,97009255296.82782,0.0,48210626788.89349,12971308372.675428,59162739952.410904,97009255296.82782,30442358969.279568,73343924210.36073,15.012329427661403,4.0391417280483655,18.422713023371628,30.207756983229867,9.479460273419042,22.83859856426972,48210626788.89349,12971308372.675428,30442358969.279568,30,19,11,Universal P&C Insurance Co.;Florida Family Insurance Co.;First Protective Insurance Co.;Cypress P&C Insurance Co.;Florida Peninsula Insurance Co;Tower Hill Insurance Exchange;Kin Interinsurance Network;Heritage P&C Insurance Co.;Florida Family Home Ins Co.;US Coastal P&C Insurance Co.;TypTap Insurance Co.;Homeowners Choice P&C Ins Co.;Vault E&S Insurance Co.;Edison Insurance Co.;Safe Harbor Insurance Co.;GeoVera Specialty Insurance Co;Florida Farm Bureau Cas Ins Co;Universal North America Ins Co;Auto Club Insurance Co. of FL;American Platinum P&C Ins Co.;FL Farm Bureau General Ins Co.;Castle Key Insurance Co.;Homesite Insurance Co.;State Farm FL Ins Co;AIG Property Casualty Co.;Foremost P&C Insurance Co.;ASI Preferred Insurance Corp.;ACE Ins Co. of the Midwest;Castle Key Indemnity Co.;First Liberty Insurance Corp.,Universal P&C Insurance Co.;Florida Family Insurance Co.;First Protective Insurance Co.;Cypress P&C Insurance Co.;Florida Peninsula Insurance Co;Tower Hill Insurance Exchange;Kin Interinsurance Network;Heritage P&C Insurance Co.;Florida Family Home Ins Co.;US Coastal P&C Insurance Co.;TypTap Insurance Co.;Homeowners Choice P&C Ins Co.;Vault E&S Insurance Co.;Edison Insurance Co.;Safe Harbor Insurance Co.;GeoVera Specialty Insurance Co;Florida Farm Bureau Cas Ins Co;Universal North America Ins Co;American Platinum P&C Ins Co.,4808776164.555222,11,35.41856476294073,2814453182.2878847,45620201.63242951,1,0.9811320754716981,11341007589.84596,308706120.0,7304131951.985522,539937478.65,359958319.1,539937478.65,359958319.1,27001358969.279568,30442358969.279568,3441000000.0,1395853723.0,1395853723.0,0.0,False,15164515111.55352,15164515111.55352,0.0,1.0,10596275302.38072,4568239809.172799,2161933028.666341,0.0,14,9464500000.0,9464500000.0,62
double_gm,baseline,,COMPOSITE,"{""double_gm"": 0.8127022120929248}",321140213590.4479,260991361976.95132,60148851613.49653,58925215192.52242,60004115656.091644,0.0,110080778957.60286,31981252170.734406,58925215192.52242,60004115656.091644,17724901885.704025,42423949727.79252,34.27810479630233,9.95865694089632,18.348750078266473,18.684709393827355,5.5193654159764325,13.210413374731091,110080778957.60286,31981252170.734406,17724901885.704025,40,23,17,Universal P&C Insurance Co.;Florida Family Insurance Co.;First Protective Insurance Co.;Spinnaker Insurance Co.;Cypress P&C Insurance Co.;Florida Peninsula Insurance Co;Tower Hill Insurance Exchange;Kin Interinsurance Network;Unique Insurance Co.;Heritage P&C Insurance Co.;Florida Family Home Ins Co.;US Coastal P&C Insurance Co.;TypTap Insurance Co.;Homeowners Choice P&C Ins Co.;Vault E&S Insurance Co.;Edison Insurance Co.;Safe Harbor Insurance Co.;Spinnaker Specialty Ins Co.;GeoVera Specialty Insurance Co;Florida Farm Bureau Cas Ins Co;Universal North America Ins Co;QBE Specialty Insurance Co.;Auto Club Insurance Co. of FL;American Platinum P&C Ins Co.;Privilege Underwriters Recpl;FL Farm Bureau General Ins Co.;Castle Key Insurance Co.;Chubb Custom Insurance Co.;Homesite Insurance Co.;PURE Specialty Exchange;First Floridian Auto & Home;State Farm FL Ins Co;AIG Specialty Insurance Co.;AIG Property Casualty Co.;Foremost P&C Insurance Co.;ASI Preferred Insurance Corp.;Nationwide P&C Insurance Co.;ACE Ins Co. of the Midwest;Castle Key Indemnity Co.;First Liberty Insurance Corp.,Universal P&C Insurance Co.;Florida Family Insurance Co.;First Protective Insurance Co.;Spinnaker Insurance Co.;Cypress P&C Insurance Co.;Florida Peninsula Insurance Co;Tower Hill Insurance Exchange;Kin Interinsurance Network;Unique Insurance Co.;Heritage P&C Insurance Co.;Florida Family Home Ins Co.;US Coastal P&C Insurance Co.;TypTap Insurance Co.;Homeowners Choice P&C Ins Co.;Vault E&S Insurance Co.;Edison Insurance Co.;Safe Harbor Insurance Co.;Spinnaker Specialty Ins Co.;GeoVera Specialty Insurance Co;Florida Farm Bureau Cas Ins Co;Universal North America Ins Co;QBE Specialty Insurance Co.;American Platinum P&C Ins Co.,15759183692.26084,17,36.189312511589605,9362864171.740578,139016430.08317706,1,0.9811320754716981,38442600322.33575,300194520.0,26277566443.269547,539937478.65,359958319.1,539937478.65,359958319.1,14283901885.704025,17724901885.704025,3441000000.0,1395853723.0,1395853723.0,0.0,False,15209268729.6576,15209268729.6576,0.0,1.0,10641028920.4848,4568239809.1728,2602199633.512866,0.0,15,9464500000.0,9464500000.0,63
double_gm,baseline,,COMPOSITE,"{""double_gm"": 0.6285106232624266}",321140213590.44794,201840035798.3612,119300177792.08672,44450601962.995384,57974572502.3969,0.0,79047536434.28519,20367324898.683746,44450601962.995384,57974572502.3969,34963644522.803635,84336533269.28307,24.61464901904032,6.342190743093395,13.841493553866632,18.052729010242306,10.887345478132172,26.261592195625166,79047536434.28519,20367324898.683746,34963644522.803635,37,24,13,Universal P&C Insurance Co.;Florida Family Insurance Co.;First Protective Insurance Co.;Spinnaker Insurance Co.;Cypress P&C Insurance Co.;Florida Peninsula Insurance Co;Tower Hill Insurance Exchange;Kin Interinsurance Network;Unique Insurance Co.;Heritage P&C Insurance Co.;Florida Family Home Ins Co.;US Coastal P&C Insurance Co.;TypTap Insurance Co.;Homeowners Choice P&C Ins Co.;Vault E&S Insurance Co.;Edison Insurance Co.;Safe Harbor Insurance Co.;Spinnaker Specialty Ins Co.;GeoVera Specialty Insurance Co;Florida Farm Bureau Cas Ins Co;Universal North America Ins Co;QBE Specialty Insurance Co.;Auto Club Insurance Co. of FL;American Platinum P&C Ins Co.;Privilege Underwriters Recpl;FL Farm Bureau General Ins Co.;Castle Key Insurance Co.;Homesite Insurance Co.;PURE Specialty Exchange;State Farm FL Ins Co;AIG Property Casualty Co.;Foremost P&C Insurance Co.;ASI Preferred Insurance Corp.;Nationwide P&C Insurance Co.;ACE Ins Co. of the Midwest;Castle Key Indemnity Co.;First Liberty Insurance Corp.,Universal P&C Insurance Co.;Florida Family Insurance Co.;First Protective Insurance Co.;Spinnaker Insurance Co.;Cypress P&C Insurance Co.;Florida Peninsula Insurance Co;Tower Hill Insurance Exchange;Kin Interinsurance Network;Unique Insurance Co.;Heritage P&C Insurance Co.;Florida Family Home Ins Co.;US Coastal P&C Insurance Co.;TypTap Insurance Co.;Homeowners Choice P&C Ins Co.;Vault E&S Insurance Co.;Edison Insurance Co.;Safe Harbor Insurance Co.;Spinnaker Specialty Ins Co.;GeoVera Specialty Insurance Co;Florida Farm Bureau Cas Ins Co;Universal North America Ins Co;QBE Specialty Insurance Co.;American Platinum P&C Ins Co.;Castle Key Indemnity Co.,9908579421.809872,14,37.927433985368395,6123111511.665087,90073505.88072371,1,0.9811320754716981,24792720770.676575,280999920.0,14694700396.778294,539937478.65,359958319.1,539937478.65,359958319.1,31522644522.803635,34963644522.803635,3441000000.0,1395853723.0,1395853723.0,0.0,False,15200005807.304367,15200005807.304367,0.0,1.0,10631765998.131567,4568239809.1728,2575000000.0,0.0,14,9464500000.0,9464500000.0,64
double_gm,baseline,,COMPOSITE,"{""double_gm"": 0.5763723740616561}",321140213590.4479,185096347313.79373,136043866276.65414,14616870429.132854,115940927060.60283,0.0,42800298458.78974,11738251365.268354,14616870429.132854,115940927060.60283,39843334552.23362,96200531724.42052,13.327604780562682,3.655179534830297,4.551554059739725,36.10289903103291,12.40683441876453,29.95592817506986,42800298458.78974,11738251365.268354,39843334552.23362,29,19,10,Universal P&C Insurance Co.;Florida Family Insurance Co.;First Protective Insurance Co.;Cypress P&C Insurance Co.;Florida Peninsula Insurance Co;Tower Hill Insurance Exchange;Kin Interinsurance Network;Heritage P&C Insurance Co.;Florida Family Home Ins Co.;US Coastal P&C Insurance Co.;TypTap Insurance Co.;Homeowners Choice P&C Ins Co.;Vault E&S Insurance Co.;Edison Insurance Co.;Safe Harbor Insurance Co.;GeoVera Specialty Insurance Co;Florida Farm Bureau Cas Ins Co;Universal North America Ins Co;Auto Club Insurance Co. of FL;American Platinum P&C Ins Co.;FL Farm Bureau General Ins Co.;Castle Key Insurance Co.;Homesite Insurance Co.;State Farm FL Ins Co;AIG Property Casualty Co.;ASI Preferred Insurance Corp.;ACE Ins Co. of the Midwest;Castle Key Indemnity Co.;First Liberty Insurance Corp.,Universal P&C Insurance Co.;Florida Family Insurance Co.;First Protective Insurance Co.;Cypress P&C Insurance Co.;Florida Peninsula Insurance Co;Tower Hill Insurance Exchange;Kin Interinsurance Network;Heritage P&C Insurance Co.;Florida Family Home Ins Co.;US Coastal P&C Insurance Co.;TypTap Insurance Co.;Homeowners Choice P&C Ins Co.;Vault E&S Insurance Co.;Edison Insurance Co.;Safe Harbor Insurance Co.;GeoVera Specialty Insurance Co;Florida Farm Bureau Cas Ins Co;Universal North America Ins Co;American Platinum P&C Ins Co.,4092064193.3848095,10,35.41856476294073,2646388408.6299872,28532575.33242707,1,0.9811320754716981,8633341273.07398,308706120.0,6071676576.496175,539937478.65,359958319.1,539937478.65,359958319.1,36402334552.23362,39843334552.23362,3441000000.0,1395853723.0,1395853723.0,0.0,False,15154631167.932,15154631167.932,0.0,1.0,10586391358.7592,4568239809.1728,2112207498.1741512,0.0,13,9464500000.0,9464500000.0,65
double_gm,baseline,,COMPOSITE,"{""double_gm"": 0.7364151168944727}",321140213590.4479,236492507930.7256,84647705659.72226,35142571947.50458,76455114755.5013,0.0,100120269549.22026,24774551678.499554,35142571947.50458,76455114755.5013,24864715429.894924,59782990229.82735,31.17649715364027,7.7145591333805035,10.94306177186583,23.807393630560693,7.742635265730081,18.615853044822646,100120269549.22026,24774551678.499554,24864715429.894924,41,23,18,Universal P&C Insurance Co.;Florida Family Insurance Co.;First Protective Insurance Co.;Spinnaker Insurance Co.;Cypress P&C Insurance Co.;Florida Peninsula Insurance Co;Tower Hill Insurance Exchange;Kin Interinsurance Network;Unique Insurance Co.;Heritage P&C Insurance Co.;Florida Family Home Ins Co.;US Coastal P&C Insurance Co.;TypTap Insurance Co.;Homeowners Choice P&C Ins Co.;Vault E&S Insurance Co.;Edison Insurance Co.;Safe Harbor Insurance Co.;Spinnaker Specialty Ins Co.;GeoVera Specialty Insurance Co;Florida Farm Bureau Cas Ins Co;Universal North America Ins Co;QBE Specialty Insurance Co.;Auto Club Insurance Co. of FL;American Platinum P&C Ins Co.;Privilege Underwriters Recpl;FL Farm Bureau General Ins Co.;Castle Key Insurance Co.;Chubb Custom Insurance Co.;Homesite Insurance Co.;Scottsdale Insurance Co.;PURE Specialty Exchange;First Floridian Auto & Home;State Farm FL Ins Co;AIG Specialty Insurance Co.;AIG Property Casualty Co.;Foremost P&C Insurance Co.;ASI Preferred Insurance Corp.;Nationwide P&C Insurance Co.;ACE Ins Co. of the Midwest;Castle Key Indemnity Co.;First Liberty Insurance Corp.,Universal P&C Insurance Co.;Florida Family Insurance Co.;First Protective Insurance Co.;Spinnaker Insurance Co.;Cypress P&C Insurance Co.;Florida Peninsula Insurance Co;Tower Hill Insurance Exchange;Kin Interinsurance Network;Unique Insurance Co.;Heritage P&C Insurance Co.;Florida Family Home Ins Co.;US Coastal P&C Insurance Co.;TypTap Insurance Co.;Homeowners Choice P&C Ins Co.;Vault E&S Insurance Co.;Edison Insurance Co.;Safe Harbor Insurance Co.;Spinnaker Specialty Ins Co.;GeoVera Specialty Insurance Co;Florida Farm Bureau Cas Ins Co;Universal North America Ins Co;QBE Specialty Insurance Co.;American Platinum P&C Ins Co.,14982968042.1106,18,36.189312511589605,7454381277.9492655,148491641.8230457,1,0.9811320754716981,31997555580.50636,300194520.0,19105615880.15723,539937478.65,359958319.1,539937478.65,359958319.1,21423715429.894924,24864715429.894924,3441000000.0,1395853723.0,1395853723.0,0.0,False,15209268729.657602,15209268729.657602,0.0,1.0,10641028920.484802,4568239809.1728,2625195717.384626,0.0,15,9464500000.0,9464500000.0,66
double_gm,baseline,,COMPOSITE,"{""double_gm"": 0.5868057578077519}",321140213590.44794,188446926398.48615,132693287191.96179,13980977012.337479,98943207293.37561,0.0,58415668614.557045,17107073478.215984,13980977012.337479,98943207293.37561,38866859902.25077,93826427289.71103,18.190082133113012,5.326979541725266,4.353542913864877,30.809971192072034,12.102769524783936,29.216654694440862,58415668614.557045,17107073478.215984,38866859902.25077,34,21,13,Universal P&C Insurance Co.;Florida Family Insurance Co.;First Protective Insurance Co.;Cypress P&C Insurance Co.;Florida Peninsula Insurance Co;Tower Hill Insurance Exchange;Kin Interinsurance Network;Unique Insurance Co.;Heritage P&C Insurance Co.;Florida Family Home Ins Co.;US Coastal P&C Insurance Co.;TypTap Insurance Co.;Homeowners Choice P&C Ins Co.;Vault E&S Insurance Co.;Edison Insurance Co.;Safe Harbor Insurance Co.;Spinnaker Specialty Ins Co.;GeoVera Specialty Insurance Co;Florida Farm Bureau Cas Ins Co;Universal North America Ins Co;Auto Club Insurance Co. of FL;American Platinum P&C Ins Co.;FL Farm Bureau General Ins Co.;Castle Key Insurance Co.;Homesite Insurance Co.;PURE Specialty Exchange;State Farm FL Ins Co;AIG Property Casualty Co.;Foremost P&C Insurance Co.;ASI Preferred Insurance Corp.;Nationwide P&C Insurance Co.;ACE Ins Co. of the Midwest;Castle Key Indemnity Co.;First Liberty Insurance Corp.,Universal P&C Insurance Co.;Florida Family Insurance Co.;First Protective Insurance Co.;Cypress P&C Insurance Co.;Florida Peninsula Insurance Co;Tower Hill Insurance Exchange;Kin Interinsurance Network;Unique Insurance Co.;Heritage P&C Insurance Co.;Florida Family Home Ins Co.;US Coastal P&C Insurance Co.;TypTap Insurance Co.;Homeowners Choice P&C Ins Co.;Vault E&S Insurance Co.;Edison Insurance Co.;Safe Harbor Insurance Co.;Spinnaker Specialty Ins Co.;GeoVera Specialty Insurance Co;Florida Farm Bureau Cas Ins Co;Universal North America Ins Co;American Platinum P&C Ins Co.,6916042547.030331,13,35.60316172831571,3600854375.385381,50927250.704897106,1,0.9811320754716981,14751909693.34412,306667560.0,11412469662.528725,539937478.65,359958319.1,539937478.65,359958319.1,35425859902.25077,38866859902.25077,3441000000.0,1395853723.0,1395853723.0,0.0,False,15172864404.324347,15172864404.324347,0.0,1.0,10604624595.151546,4568239809.1728,2403217546.69291,0.0,14,9464500000.0,9464500000.0,67
double_gm,baseline,,COMPOSITE,"{""double_gm"": 0.7382101612245877}",321140213590.4479,237068968850.30304,84071244740.1448,34785509752.615074,119192768055.08473,0.0,65404803287.046875,17685887755.55644,34785509752.615074,119192768055.08473,24696714776.740704,59374529963.40409,20.366432019148505,5.507216787901674,10.831876009454627,37.11549130595399,7.690321464454334,18.48866241308689,65404803287.046875,17685887755.55644,24696714776.740704,36,23,13,Universal P&C Insurance Co.;Florida Family Insurance Co.;First Protective Insurance Co.;Spinnaker Insurance Co.;Cypress P&C Insurance Co.;Florida Peninsula Insurance Co;Tower Hill Insurance Exchange;Kin Interinsurance Network;Unique Insurance Co.;Heritage P&C Insurance Co.;Florida Family Home Ins Co.;US Coastal P&C Insurance Co.;TypTap Insurance Co.;Homeowners Choice P&C Ins Co.;Vault E&S Insurance Co.;Edison Insurance Co.;Safe Harbor Insurance Co.;Spinnaker Specialty Ins Co.;GeoVera Specialty Insurance Co;Florida Farm Bureau Cas Ins Co;Universal North America Ins Co;QBE Specialty Insurance Co.;Auto Club Insurance Co. of FL;American Platinum P&C Ins Co.;FL Farm Bureau General Ins Co.;Castle Key Insurance Co.;Homesite Insurance Co.;PURE Specialty Exchange;State Farm FL Ins Co;AIG Property Casualty Co.;Foremost P&C Insurance Co.;ASI Preferred Insurance Corp.;Nationwide P&C Insurance Co.;ACE Ins Co. of the Midwest;Castle Key Indemnity Co.;First Liberty Insurance Corp.,Universal P&C Insurance Co.;Florida Family Insurance Co.;First Protective Insurance Co.;Spinnaker Insurance Co.;Cypress P&C Insurance Co.;Florida Peninsula Insurance Co;Tower Hill Insurance Exchange;Kin Interinsurance Network;Unique Insurance Co.;Heritage P&C Insurance Co.;Florida Family Home Ins Co.;US Coastal P&C Insurance Co.;TypTap Insurance Co.;Homeowners Choice P&C Ins Co.;Vault E&S Insurance Co.;Edison Insurance Co.;Safe Harbor Insurance Co.;Spinnaker Specialty Ins Co.;GeoVera Specialty Insurance Co;Florida Farm Bureau Cas Ins Co;Universal North America Ins Co;QBE Specialty Insurance Co.;American Platinum P&C Ins Co.,7405877610.804298,13,36.189312511589605,4657770293.817426,62447781.63612062,1,0.9811320754716981,18124366856.464256,300194520.0,12007196675.533133,539937478.65,359958319.1,539937478.65,359958319.1,21255714776.740704,24696714776.740704,3441000000.0,1395853723.0,1395853723.0,0.0,False,15183473761.515772,15183473761.515772,0.0,1.0,10615233952.342972,4568239809.1728,2469471088.0662584,0.0,14,9464500000.0,9464500000.0,68
double_gm,baseline,,COMPOSITE,"{""double_gm"": 0.819451661232453}",321140213590.44794,263158881515.23737,57981332075.21056,52203950094.820786,142532917113.13165,0.0,55185891801.67022,13236122505.61464,52203950094.820786,142532917113.13165,17093211712.459501,40888120362.75105,17.184360433928443,4.121602323679944,16.25581222331651,44.38339114232039,5.322663120059631,12.732170756695055,55185891801.67022,13236122505.61464,17093211712.459501,34,21,13,Universal P&C Insurance Co.;Florida Family Insurance Co.;First Protective Insurance Co.;Cypress P&C Insurance Co.;Florida Peninsula Insurance Co;Tower Hill Insurance Exchange;Kin Interinsurance Network;Heritage P&C Insurance Co.;Florida Family Home Ins Co.;US Coastal P&C Insurance Co.;TypTap Insurance Co.;Homeowners Choice P&C Ins Co.;Vault E&S Insurance Co.;Edison Insurance Co.;Safe Harbor Insurance Co.;Spinnaker Specialty Ins Co.;GeoVera Specialty Insurance Co;Florida Farm Bureau Cas Ins Co;Universal North America Ins Co;QBE Specialty Insurance Co.;Auto Club Insurance Co. of FL;American Platinum P&C Ins Co.;FL Farm Bureau General Ins Co.;Castle Key Insurance Co.;Homesite Insurance Co.;PURE Specialty Exchange;State Farm FL Ins Co;AIG Property Casualty Co.;Foremost P&C Insurance Co.;ASI Preferred Insurance Corp.;Nationwide P&C Insurance Co.;ACE Ins Co. of the Midwest;Castle Key Indemnity Co.;First Liberty Insurance Corp.,Universal P&C Insurance Co.;Florida Family Insurance Co.;First Protective Insurance Co.;Cypress P&C Insurance Co.;Florida Peninsula Insurance Co;Tower Hill Insurance Exchange;Kin Interinsurance Network;Heritage P&C Insurance Co.;Florida Family Home Ins Co.;US Coastal P&C Insurance Co.;TypTap Insurance Co.;Homeowners Choice P&C Ins Co.;Vault E&S Insurance Co.;Edison Insurance Co.;Safe Harbor Insurance Co.;Spinnaker Specialty Ins Co.;GeoVera Specialty Insurance Co;Florida Farm Bureau Cas Ins Co;Universal North America Ins Co;QBE Specialty Insurance Co.;American Platinum P&C Ins Co.,6794891680.809471,13,35.802781374679086,3869263315.1810994,53354047.55948441,1,0.9811320754716981,14067749045.571928,304463100.0,7590568185.05263,539937478.65,359958319.1,539937478.65,359958319.1,13652211712.459501,17093211712.459501,3441000000.0,1395853723.0,1395853723.0,0.0,False,15169502521.326803,15169502521.326803,0.0,1.0,10601262712.154003,4568239809.1728,2286786309.904731,0.0,14,9464500000.0,9464500000.0,69
double_gm,baseline,,COMPOSITE,"{""double_gm"": 0.7253853233886143}",321140213590.4479,232950397688.39566,88189815902.0522,68441422648.75002,111161722432.5433,0.0,43778011490.9304,9569241116.171986,68441422648.75002,111161722432.5433,25897008884.74331,62292807017.30889,13.632055294937548,2.9797704277470833,21.312006330055507,34.6147002861213,8.064081603236998,19.39738605790158,43778011490.9304,9569241116.171986,25897008884.74331,30,19,11,Universal P&C Insurance Co.;Florida Family Insurance Co.;First Protective Insurance Co.;Cypress P&C Insurance Co.;Florida Peninsula Insurance Co;Tower Hill Insurance Exchange;Kin Interinsurance Network;Heritage P&C Insurance Co.;Florida Family Home Ins Co.;US Coastal P&C Insurance Co.;TypTap Insurance Co.;Homeowners Choice P&C Ins Co.;Vault E&S Insurance Co.;Edison Insurance Co.;Safe Harbor Insurance Co.;GeoVera Specialty Insurance Co;Florida Farm Bureau Cas Ins Co;Universal North America Ins Co;Auto Club Insurance Co. of FL;American Platinum P&C Ins Co.;FL Farm Bureau General Ins Co.;Castle Key Insurance Co.;Homesite Insurance Co.;State Farm FL Ins Co;AIG Property Casualty Co.;ASI Preferred Insurance Corp.;Nationwide P&C Insurance Co.;ACE Ins Co. of the Midwest;Castle Key Indemnity Co.;First Liberty Insurance Corp.,Universal P&C Insurance Co.;Florida Family Insurance Co.;First Protective Insurance Co.;Cypress P&C Insurance Co.;Florida Peninsula Insurance Co;Tower Hill Insurance Exchange;Kin Interinsurance Network;Heritage P&C Insurance Co.;Florida Family Home Ins Co.;US Coastal P&C Insurance Co.;TypTap Insurance Co.;Homeowners Choice P&C Ins Co.;Vault E&S Insurance Co.;Edison Insurance Co.;Safe Harbor Insurance Co.;GeoVera Specialty Insurance Co;Florida Farm Bureau Cas Ins Co;Universal North America Ins Co;American Platinum P&C Ins Co.,4063951940.511621,11,35.41856476294073,2413021417.1714296,24739755.848791666,1,0.9811320754716981,9239694612.192913,308706120.0,3958403983.860724,539937478.65,359958319.1,539937478.65,359958319.1,22456008884.74331,25897008884.74331,3441000000.0,1395853723.0,1395853723.0,0.0,False,15148001339.183853,15148001339.183853,0.0,1.0,10579761530.011053,4568239809.172799,2113796962.3113546,0.0,14,9464500000.0,9464500000.0,70
double_gm,baseline,,COMPOSITE,"{""double_gm"": 0.6500138457878544}",321140213590.4479,208745585273.06,112394628317.38786,54236389372.40778,99745916522.17403,0.0,46052352175.97858,8710927202.499596,54236389372.40778,99745916522.17403,32951128526.07558,79443499791.31227,14.340263295306091,2.712499660229004,16.888694432263097,31.059927190987242,10.26066718884928,24.737948232365277,46052352175.97858,8710927202.499596,32951128526.07558,31,19,12,Universal P&C Insurance Co.;Florida Family Insurance Co.;First Protective Insurance Co.;Cypress P&C Insurance Co.;Florida Peninsula Insurance Co;Tower Hill Insurance Exchange;Kin Interinsurance Network;Heritage P&C Insurance Co.;Florida Family Home Ins Co.;US Coastal P&C Insurance Co.;TypTap Insurance Co.;Homeowners Choice P&C Ins Co.;Vault E&S Insurance Co.;Edison Insurance Co.;Safe Harbor Insurance Co.;GeoVera Specialty Insurance Co;Florida Farm Bureau Cas Ins Co;Universal North America Ins Co;Auto Club Insurance Co. of FL;American Platinum P&C Ins Co.;FL Farm Bureau General Ins Co.;Castle Key Insurance Co.;Homesite Insurance Co.;State Farm FL Ins Co;AIG Property Casualty Co.;Foremost P&C Insurance Co.;ASI Preferred Insurance Corp.;Nationwide P&C Insurance Co.;ACE Ins Co. of the Midwest;Castle Key Indemnity Co.;First Liberty Insurance Corp.,Universal P&C Insurance Co.;Florida Family Insurance Co.;First Protective Insurance Co.;Cypress P&C Insurance Co.;Florida Peninsula Insurance Co;Tower Hill Insurance Exchange;Kin Interinsurance Network;Heritage P&C Insurance Co.;Florida Family Home Ins Co.;US Coastal P&C Insurance Co.;TypTap Insurance Co.;Homeowners Choice P&C Ins Co.;Vault E&S Insurance Co.;Edison Insurance Co.;Safe Harbor Insurance Co.;GeoVera Specialty Insurance Co;Florida Farm Bureau Cas Ins Co;Universal North America Ins Co;American Platinum P&C Ins Co.,4502227751.825521,12,35.41856476294073,2719068434.95606,28569265.602816045,1,0.9811320754716981,9433799459.850142,308706120.0,3128784148.8024564,539937478.65,359958319.1,539937478.65,359958319.1,29510128526.07558,32951128526.07558,3441000000.0,1395853723.0,1395853723.0,0.0,False,15155960852.487259,15155960852.487259,0.0,1.0,10587721043.314459,4568239809.1728,2108595339.980364,0.0,13,9464500000.0,9464500000.0,71
double_gm,baseline,,COMPOSITE,"{""double_gm"": 0.7439407056528134}",321140213590.4479,238909277111.97302,82230936478.47484,53844261366.60173,94713629505.79092,0.0,71358267958.40344,18993118281.176975,53844261366.60173,94713629505.79092,24160385288.538303,58070551189.93655,22.220284143363962,5.914275907345262,16.766589510733045,29.49292100383909,7.523313576464825,18.082615858253828,71358267958.40344,18993118281.176975,24160385288.538303,38,24,14,Universal P&C Insurance Co.;Florida Family Insurance Co.;First Protective Insurance Co.;Spinnaker Insurance Co.;Cypress P&C Insurance Co.;Florida Peninsula Insurance Co;Tower Hill Insurance Exchange;Kin Interinsurance Network;Unique Insurance Co.;Heritage P&C Insurance Co.;Florida Family Home Ins Co.;US Coastal P&C Insurance Co.;TypTap Insurance Co.;Homeowners Choice P&C Ins Co.;Vault E&S Insurance Co.;Edison Insurance Co.;Safe Harbor Insurance Co.;Spinnaker Specialty Ins Co.;GeoVera Specialty Insurance Co;Florida Farm Bureau Cas Ins Co;Universal North America Ins Co;QBE Specialty Insurance Co.;Auto Club Insurance Co. of FL;American Platinum P&C Ins Co.;Privilege Underwriters Recpl;FL Farm Bureau General Ins Co.;Castle Key Insurance Co.;Chubb Custom Insurance Co.;Homesite Insurance Co.;PURE Specialty Exchange;State Farm FL Ins Co;AIG Property Casualty Co.;Foremost P&C Insurance Co.;ASI Preferred Insurance Corp.;Nationwide P&C Insurance Co.;ACE Ins Co. of the Midwest;Castle Key Indemnity Co.;First Liberty Insurance Corp.,Universal P&C Insurance Co.;Florida Family Insurance Co.;First Protective Insurance Co.;Spinnaker Insurance Co.;Cypress P&C Insurance Co.;Florida Peninsula Insurance Co;Tower Hill Insurance Exchange;Kin Interinsurance Network;Unique Insurance Co.;Heritage P&C Insurance Co.;Florida Family Home Ins Co.;US Coastal P&C Insurance Co.;TypTap Insurance Co.;Homeowners Choice P&C Ins Co.;Vault E&S Insurance Co.;Edison Insurance Co.;Safe Harbor Insurance Co.;Spinnaker Specialty Ins Co.;GeoVera Specialty Insurance Co;Florida Farm Bureau Cas Ins Co;Universal North America Ins Co;QBE Specialty Insurance Co.;American Platinum P&C Ins Co.;Castle Key Indemnity Co.,9385429794.111279,15,37.927433985368395,4966295526.769393,83482500.18418239,1,0.9811320754716981,21322345784.569504,280999920.0,13315798820.61644,539937478.65,359958319.1,539937478.65,359958319.1,20719385288.538303,24160385288.538303,3441000000.0,1395853723.0,1395853723.0,0.0,False,15187279349.602257,15187279349.602257,0.0,1.0,10619039540.429457,4568239809.172799,2543030274.648354,0.0,14,9464500000.0,9464500000.0,72
double_gm,baseline,,COMPOSITE,"{""double_gm"": 0.7578914929838645}",321140213590.4479,243389435935.22165,77750777655.22621,24381108241.71138,115351121676.8522,0.0,83302732518.71944,20354473497.938705,24381108241.71138,115351121676.8522,22854712027.821644,54896065627.40457,25.939676500606655,6.338188939457109,7.592044599187058,35.91923925913564,7.116739374461649,17.094111327151907,83302732518.71944,20354473497.938705,22854712027.821644,38,23,15,Universal P&C Insurance Co.;Florida Family Insurance Co.;First Protective Insurance Co.;Spinnaker Insurance Co.;Cypress P&C Insurance Co.;Florida Peninsula Insurance Co;Tower Hill Insurance Exchange;Kin Interinsurance Network;Unique Insurance Co.;Heritage P&C Insurance Co.;Florida Family Home Ins Co.;US Coastal P&C Insurance Co.;TypTap Insurance Co.;Homeowners Choice P&C Ins Co.;Vault E&S Insurance Co.;Edison Insurance Co.;Safe Harbor Insurance Co.;Spinnaker Specialty Ins Co.;GeoVera Specialty Insurance Co;Florida Farm Bureau Cas Ins Co;Universal North America Ins Co;QBE Specialty Insurance Co.;Auto Club Insurance Co. of FL;American Platinum P&C Ins Co.;Privilege Underwriters Recpl;FL Farm Bureau General Ins Co.;Castle Key Insurance Co.;Chubb Custom Insurance Co.;Homesite Insurance Co.;PURE Specialty Exchange;State Farm FL Ins Co;AIG Property Casualty Co.;Foremost P&C Insurance Co.;ASI Preferred Insurance Corp.;Nationwide P&C Insurance Co.;ACE Ins Co. of the Midwest;Castle Key Indemnity Co.;First Liberty Insurance Corp.,Universal P&C Insurance Co.;Florida Family Insurance Co.;First Protective Insurance Co.;Spinnaker Insurance Co.;Cypress P&C Insurance Co.;Florida Peninsula Insurance Co;Tower Hill Insurance Exchange;Kin Interinsurance Network;Unique Insurance Co.;Heritage P&C Insurance Co.;Florida Family Home Ins Co.;US Coastal P&C Insurance Co.;TypTap Insurance Co.;Homeowners Choice P&C Ins Co.;Vault E&S Insurance Co.;Edison Insurance Co.;Safe Harbor Insurance Co.;Spinnaker Specialty Ins Co.;GeoVera Specialty Insurance Co;Florida Farm Bureau Cas Ins Co;Universal North America Ins Co;QBE Specialty Insurance Co.;American Platinum P&C Ins Co.,12056667293.424152,15,36.189312511589605,6188609644.904133,78594214.61705287,1,0.9811320754716981,24683362480.20081,300194520.0,14691815099.851398,539937478.65,359958319.1,539937478.65,359958319.1,19413712027.821644,22854712027.821644,3441000000.0,1395853723.0,1395853723.0,0.0,False,15199732125.062523,15199732125.062523,0.0,1.0,10631492315.88972,4568239809.172801,2575000000.0,0.0,14,9464500000.0,9464500000.0,73
double_gm,baseline,,COMPOSITE,"{""double_gm"": 0.6546834806972767}",321140213590.4479,210245192825.26123,110895020765.18661,35677184047.04115,72039351163.70557,0.0,79498522524.88945,23030135089.625107,35677184047.04115,72039351163.70557,32514091010.280964,78380929754.90564,24.755081786884034,7.171364443007933,11.109534881402455,22.432366958433242,10.124577874182519,24.40707405608982,79498522524.88945,23030135089.625107,32514091010.280964,38,23,15,Universal P&C Insurance Co.;Florida Family Insurance Co.;First Protective Insurance Co.;Spinnaker Insurance Co.;Cypress P&C Insurance Co.;Florida Peninsula Insurance Co;Tower Hill Insurance Exchange;Kin Interinsurance Network;Unique Insurance Co.;Heritage P&C Insurance Co.;Florida Family Home Ins Co.;US Coastal P&C Insurance Co.;TypTap Insurance Co.;Homeowners Choice P&C Ins Co.;Vault E&S Insurance Co.;Edison Insurance Co.;Safe Harbor Insurance Co.;Spinnaker Specialty Ins Co.;GeoVera Specialty Insurance Co;Florida Farm Bureau Cas Ins Co;Universal North America Ins Co;QBE Specialty Insurance Co.;Auto Club Insurance Co. of FL;American Platinum P&C Ins Co.;Privilege Underwriters Recpl;FL Farm Bureau General Ins Co.;Castle Key Insurance Co.;Chubb Custom Insurance Co.;Homesite Insurance Co.;PURE Specialty Exchange;State Farm FL Ins Co;AIG Property Casualty Co.;Foremost P&C Insurance Co.;ASI Preferred Insurance Corp.;Nationwide P&C Insurance Co.;ACE Ins Co. of the Midwest;Castle Key Indemnity Co.;First Liberty Insurance Corp.,Universal P&C Insurance Co.;Florida Family Insurance Co.;First Protective Insurance Co.;Spinnaker Insurance Co.;Cypress P&C Insurance Co.;Florida Peninsula Insurance Co;Tower Hill Insurance Exchange;Kin Interinsurance Network;Unique Insurance Co.;Heritage P&C Insurance Co.;Florida Family Home Ins Co.;US Coastal P&C Insurance Co.;TypTap Insurance Co.;Homeowners Choice P&C Ins Co.;Vault E&S Insurance Co.;Edison Insurance Co.;Safe Harbor Insurance Co.;Spinnaker Specialty Ins Co.;GeoVera Specialty Insurance Co;Florida Farm Bureau Cas Ins Co;Universal North America Ins Co;QBE Specialty Insurance Co.;American Platinum P&C Ins Co.,10446704507.99517,15,36.189312511589605,5534157669.7428055,96432382.58891302,1,0.9811320754716981,23787626902.86226,300194520.0,17331580932.47801,539937478.65,359958319.1,539937478.65,359958319.1,29073091010.280964,32514091010.280964,3441000000.0,1395853723.0,1395853723.0,0.0,False,15194257514.764431,15194257514.764431,0.0,1.0,10626017705.591629,4568239809.172801,2393059086.464241,0.0,14,9464500000.0,9464500000.0,74
double_gm,baseline,,COMPOSITE,"{""double_gm"": 0.7404785988168894}",321140213590.44794,237797455383.21146,83342758207.23647,77350627028.02576,86748802507.49629,0.0,56980410586.122246,16717615261.56714,77350627028.02576,86748802507.49629,24484408600.92507,58858349606.31142,17.74315647021077,5.205705967078672,24.08624761228797,27.012749832111517,7.6242113459356995,18.32792877237537,56980410586.122246,16717615261.56714,24484408600.92507,34,21,13,Universal P&C Insurance Co.;Florida Family Insurance Co.;First Protective Insurance Co.;Cypress P&C Insurance Co.;Florida Peninsula Insurance Co;Tower Hill Insurance Exchange;Kin Interinsurance Network;Unique Insurance Co.;Heritage P&C Insurance Co.;Florida Family Home Ins Co.;US Coastal P&C Insurance Co.;TypTap Insurance Co.;Homeowners Choice P&C Ins Co.;Vault E&S Insurance Co.;Edison Insurance Co.;Safe Harbor Insurance Co.;GeoVera Specialty Insurance Co;Florida Farm Bureau Cas Ins Co;Universal North America Ins Co;QBE Specialty Insurance Co.;Auto Club Insurance Co. of FL;American Platinum P&C Ins Co.;FL Farm Bureau General Ins Co.;Castle Key Insurance Co.;Homesite Insurance Co.;PURE Specialty Exchange;State Farm FL Ins Co;AIG Property Casualty Co.;Foremost P&C Insurance Co.;ASI Preferred Insurance Corp.;Nationwide P&C Insurance Co.;ACE Ins Co. of the Midwest;Castle Key Indemnity Co.;First Liberty Insurance Corp.,Universal P&C Insurance Co.;Florida Family Insurance Co.;First Protective Insurance Co.;Cypress P&C Insurance Co.;Florida Peninsula Insurance Co;Tower Hill Insurance Exchange;Kin Interinsurance Network;Unique Insurance Co.;Heritage P&C Insurance Co.;Florida Family Home Ins Co.;US Coastal P&C Insurance Co.;TypTap Insurance Co.;Homeowners Choice P&C Ins Co.;Vault E&S Insurance Co.;Edison Insurance Co.;Safe Harbor Insurance Co.;GeoVera Specialty Insurance Co;Florida Farm Bureau Cas Ins Co;Universal North America Ins Co;QBE Specialty Insurance Co.;American Platinum P&C Ins Co.,6719352314.518745,13,35.80938809441937,3467590261.3020377,55391737.08535935,1,0.9811320754716981,14323573355.049433,304390140.0,11023226850.668478,539937478.65,359958319.1,539937478.65,359958319.1,21043408600.92507,24484408600.92507,3441000000.0,1395853723.0,1395853723.0,0.0,False,15166953479.089867,15166953479.089867,0.0,1.0,10598713669.917067,4568239809.1728,2484594453.2019563,0.0,14,9464500000.0,9464500000.0,75
double_gm,baseline,,COMPOSITE,"{""double_gm"": 0.8071565365545162}",321140213590.4479,259210422550.04352,61929791040.40439,56929108313.00407,121794372888.68861,0.0,63352734286.59855,17134207061.75229,56929108313.00407,121794372888.68861,18243929241.743942,43685861798.66045,19.727437301699215,5.335428680882567,17.727181431599256,37.92560624127059,5.680985585010085,13.603360759538297,63352734286.59855,17134207061.75229,18243929241.743942,35,23,12,Universal P&C Insurance Co.;Florida Family Insurance Co.;First Protective Insurance Co.;Cypress P&C Insurance Co.;Florida Peninsula Insurance Co;Tower Hill Insurance Exchange;Kin Interinsurance Network;Unique Insurance Co.;Heritage P&C Insurance Co.;Florida Family Home Ins Co.;US Coastal P&C Insurance Co.;TypTap Insurance Co.;Homeowners Choice P&C Ins Co.;Vault E&S Insurance Co.;Edison Insurance Co.;Safe Harbor Insurance Co.;Spinnaker Specialty Ins Co.;GeoVera Specialty Insurance Co;Florida Farm Bureau Cas Ins Co;Universal North America Ins Co;QBE Specialty Insurance Co.;Auto Club Insurance Co. of FL;American Platinum P&C Ins Co.;FL Farm Bureau General Ins Co.;Castle Key Insurance Co.;Homesite Insurance Co.;PURE Specialty Exchange;State Farm FL Ins Co;AIG Property Casualty Co.;Foremost P&C Insurance Co.;ASI Preferred Insurance Corp.;Nationwide P&C Insurance Co.;ACE Ins Co. of the Midwest;Castle Key Indemnity Co.;First Liberty Insurance Corp.,Universal P&C Insurance Co.;Florida Family Insurance Co.;First Protective Insurance Co.;Cypress P&C Insurance Co.;Florida Peninsula Insurance Co;Tower Hill Insurance Exchange;Kin Interinsurance Network;Unique Insurance Co.;Heritage P&C Insurance Co.;Florida Family Home Ins Co.;US Coastal P&C Insurance Co.;TypTap Insurance Co.;Homeowners Choice P&C Ins Co.;Vault E&S Insurance Co.;Edison Insurance Co.;Safe Harbor Insurance Co.;Spinnaker Specialty Ins Co.;GeoVera Specialty Insurance Co;Florida Farm Bureau Cas Ins Co;Universal North America Ins Co;QBE Specialty Insurance Co.;American Platinum P&C Ins Co.;Castle Key Indemnity Co.,7098870336.569298,13,37.63650469101551,5107066419.505408,46871096.08344458,1,0.9811320754716981,17811793711.858505,284212740.0,11456338724.567902,539937478.65,359958319.1,539937478.65,359958319.1,14802929241.743942,18243929241.743942,3441000000.0,1395853723.0,1395853723.0,0.0,False,15180471117.270378,15180471117.270378,0.0,1.0,10612231308.097576,4568239809.172801,2574999999.9999995,0.0,14,9464500000.0,9464500000.0,76
double_gm,baseline,,COMPOSITE,"{""double_gm"": 0.752751801700425}",321140213590.44794,241738874378.669,79401339211.77893,26400687022.48086,89880251231.4278,0.0,95639653576.73187,29818282548.028465,26400687022.48086,89880251231.4278,23335742762.351513,56065596449.427414,29.781276068621448,9.285128827265433,8.220922172067127,27.987853102088494,7.266527757906934,17.45829207205056,95639653576.73187,29818282548.028465,23335742762.351513,38,23,15,Universal P&C Insurance Co.;Florida Family Insurance Co.;First Protective Insurance Co.;Spinnaker Insurance Co.;Cypress P&C Insurance Co.;Florida Peninsula Insurance Co;Tower Hill Insurance Exchange;Kin Interinsurance Network;Unique Insurance Co.;Heritage P&C Insurance Co.;Florida Family Home Ins Co.;US Coastal P&C Insurance Co.;TypTap Insurance Co.;Homeowners Choice P&C Ins Co.;Vault E&S Insurance Co.;Edison Insurance Co.;Safe Harbor Insurance Co.;Spinnaker Specialty Ins Co.;GeoVera Specialty Insurance Co;Florida Farm Bureau Cas Ins Co;Universal North America Ins Co;QBE Specialty Insurance Co.;Auto Club Insurance Co. of FL;American Platinum P&C Ins Co.;Privilege Underwriters Recpl;FL Farm Bureau General Ins Co.;Castle Key Insurance Co.;Chubb Custom Insurance Co.;Homesite Insurance Co.;PURE Specialty Exchange;State Farm FL Ins Co;AIG Property Casualty Co.;Foremost P&C Insurance Co.;ASI Preferred Insurance Corp.;Nationwide P&C Insurance Co.;ACE Ins Co. of the Midwest;Castle Key Indemnity Co.;First Liberty Insurance Corp.,Universal P&C Insurance Co.;Florida Family Insurance Co.;First Protective Insurance Co.;Spinnaker Insurance Co.;Cypress P&C Insurance Co.;Florida Peninsula Insurance Co;Tower Hill Insurance Exchange;Kin Interinsurance Network;Unique Insurance Co.;Heritage P&C Insurance Co.;Florida Family Home Ins Co.;US Coastal P&C Insurance Co.;TypTap Insurance Co.;Homeowners Choice P&C Ins Co.;Vault E&S Insurance Co.;Edison Insurance Co.;Safe Harbor Insurance Co.;Spinnaker Specialty Ins Co.;GeoVera Specialty Insurance Co;Florida Farm Bureau Cas Ins Co;Universal North America Ins Co;QBE Specialty Insurance Co.;American Platinum P&C Ins Co.,13193164565.837936,15,36.189312511589605,7314111372.477494,136728635.85133424,1,0.9811320754716981,31437427766.312542,300194520.0,24100506312.918125,539937478.65,359958319.1,539937478.65,359958319.1,19894742762.351513,23335742762.351513,3441000000.0,1395853723.0,1395853723.0,0.0,False,15209268729.6576,15209268729.6576,0.0,1.0,10641028920.4848,4568239809.172799,2575000000.0,0.0,14,9464500000.0,9464500000.0,77
double_gm,baseline,,COMPOSITE,"{""double_gm"": 0.8822608091635903}",321140213590.44794,283329424697.2768,37810788893.17116,49425677896.32036,123165745057.3543,0.0,78782099261.47603,31955902482.12608,49425677896.32036,123165745057.3543,11214817680.923193,26595971212.247955,24.53199441473478,9.950763289607709,15.390684755336567,38.35263845667996,3.492187277182769,8.28173180645821,78782099261.47603,31955902482.12608,11214817680.923193,37,22,15,Universal P&C Insurance Co.;Florida Family Insurance Co.;First Protective Insurance Co.;Cypress P&C Insurance Co.;Florida Peninsula Insurance Co;Tower Hill Insurance Exchange;Kin Interinsurance Network;Unique Insurance Co.;Heritage P&C Insurance Co.;Florida Family Home Ins Co.;US Coastal P&C Insurance Co.;TypTap Insurance Co.;Homeowners Choice P&C Ins Co.;Vault E&S Insurance Co.;Edison Insurance Co.;Safe Harbor Insurance Co.;Spinnaker Specialty Ins Co.;GeoVera Specialty Insurance Co;Florida Farm Bureau Cas Ins Co;Universal North America Ins Co;QBE Specialty Insurance Co.;Auto Club Insurance Co. of FL;American Platinum P&C Ins Co.;Privilege Underwriters Recpl;FL Farm Bureau General Ins Co.;Castle Key Insurance Co.;Chubb Custom Insurance Co.;Homesite Insurance Co.;PURE Specialty Exchange;State Farm FL Ins Co;AIG Property Casualty Co.;Foremost P&C Insurance Co.;ASI Preferred Insurance Corp.;Nationwide P&C Insurance Co.;ACE Ins Co. of the Midwest;Castle Key Indemnity Co.;First Liberty Insurance Corp.,Universal P&C Insurance Co.;Florida Family Insurance Co.;First Protective Insurance Co.;Cypress P&C Insurance Co.;Florida Peninsula Insurance Co;Tower Hill Insurance Exchange;Kin Interinsurance Network;Unique Insurance Co.;Heritage P&C Insurance Co.;Florida Family Home Ins Co.;US Coastal P&C Insurance Co.;TypTap Insurance Co.;Homeowners Choice P&C Ins Co.;Vault E&S Insurance Co.;Edison Insurance Co.;Safe Harbor Insurance Co.;Spinnaker Specialty Ins Co.;GeoVera Specialty Insurance Co;Florida Farm Bureau Cas Ins Co;Universal North America Ins Co;QBE Specialty Insurance Co.;American Platinum P&C Ins Co.,10769984417.14812,15,35.89838321723671,5085043539.248525,97506875.31524615,1,0.9811320754716981,23323930038.968723,303407340.0,26175340737.572243,539937478.65,359958319.1,539937478.65,359958319.1,7773817680.923193,11214817680.923193,3441000000.0,1395853723.0,1395853723.0,0.0,False,15187250004.728374,15187250004.728374,0.0,1.0,10619010195.555574,4568239809.172801,2575000000.0,0.0,14,9464500000.0,9464500000.0,78
double_gm,baseline,,COMPOSITE,"{""double_gm"": 0.5940374380699972}",321140213590.4479,190769309742.52136,130370903847.92654,32262409905.622467,107860193006.56584,0.0,42963285913.92198,7683420916.411037,32262409905.622467,107860193006.56584,38190037058.894104,92180866789.03242,13.3783575197821,2.392544001421682,10.04620677831613,33.5866355074798,11.892013345796082,28.7042428472042,42963285913.92198,7683420916.411037,38190037058.894104,29,18,11,Universal P&C Insurance Co.;Florida Family Insurance Co.;First Protective Insurance Co.;Cypress P&C Insurance Co.;Florida Peninsula Insurance Co;Tower Hill Insurance Exchange;Kin Interinsurance Network;Heritage P&C Insurance Co.;Florida Family Home Ins Co.;US Coastal P&C Insurance Co.;TypTap Insurance Co.;Homeowners Choice P&C Ins Co.;Edison Insurance Co.;Safe Harbor Insurance Co.;GeoVera Specialty Insurance Co;Florida Farm Bureau Cas Ins Co;Universal North America Ins Co;Auto Club Insurance Co. of FL;American Platinum P&C Ins Co.;FL Farm Bureau General Ins Co.;Castle Key Insurance Co.;Homesite Insurance Co.;State Farm FL Ins Co;AIG Property Casualty Co.;ASI Preferred Insurance Corp.;Nationwide P&C Insurance Co.;ACE Ins Co. of the Midwest;Castle Key Indemnity Co.;First Liberty Insurance Corp.,Universal P&C Insurance Co.;Florida Family Insurance Co.;First Protective Insurance Co.;Cypress P&C Insurance Co.;Florida Peninsula Insurance Co;Tower Hill Insurance Exchange;Kin Interinsurance Network;Heritage P&C Insurance Co.;Florida Family Home Ins Co.;US Coastal P&C Insurance Co.;TypTap Insurance Co.;Homeowners Choice P&C Ins Co.;Edison Insurance Co.;Safe Harbor Insurance Co.;GeoVera Specialty Insurance Co;Florida Farm Bureau Cas Ins Co;Universal North America Ins Co;American Platinum P&C Ins Co.,3970509300.4263754,11,35.166819401784345,2307484706.156432,35348319.31965276,1,0.9811320754716981,9090321965.075293,311486220.0,2119609013.1543164,539937478.65,359958319.1,539937478.65,359958319.1,34749037058.894104,38190037058.894104,3441000000.0,1395853723.0,1395853723.0,0.0,False,15156752296.152285,15156752296.152285,0.0,1.0,10588512486.979485,4568239809.1728,2125684041.2190578,0.0,14,9464500000.0,9464500000.0,79
double_gm,baseline,,COMPOSITE,"{""double_gm"": 0.6301055357328919}",321140213590.4479,202352226329.7845,118787987260.66338,47869381616.23838,85446002140.71808,0.0,51462792326.2422,17574050246.58584,47869381616.23838,85446002140.71808,34814374484.02704,83973612776.63638,16.02502276213624,5.472391654132153,14.906068935137007,26.6070702218838,10.84086421155154,26.148582215159283,51462792326.2422,17574050246.58584,34814374484.02704,31,20,11,Universal P&C Insurance Co.;Florida Family Insurance Co.;First Protective Insurance Co.;Cypress P&C Insurance Co.;Florida Peninsula Insurance Co;Tower Hill Insurance Exchange;Kin Interinsurance Network;Unique Insurance Co.;Heritage P&C Insurance Co.;Florida Family Home Ins Co.;US Coastal P&C Insurance Co.;TypTap Insurance Co.;Homeowners Choice P&C Ins Co.;Vault E&S Insurance Co.;Edison Insurance Co.;Safe Harbor Insurance Co.;GeoVera Specialty Insurance Co;Florida Farm Bureau Cas Ins Co;Universal North America Ins Co;Auto Club Insurance Co. of FL;American Platinum P&C Ins Co.;FL Farm Bureau General Ins Co.;Castle Key Insurance Co.;Homesite Insurance Co.;State Farm FL Ins Co;AIG Property Casualty Co.;ASI Preferred Insurance Corp.;Nationwide P&C Insurance Co.;ACE Ins Co. of the Midwest;Castle Key Indemnity Co.;First Liberty Insurance Corp.,Universal P&C Insurance Co.;Florida Family Insurance Co.;First Protective Insurance Co.;Cypress P&C Insurance Co.;Florida Peninsula Insurance Co;Tower Hill Insurance Exchange;Kin Interinsurance Network;Unique Insurance Co.;Heritage P&C Insurance Co.;Florida Family Home Ins Co.;US Coastal P&C Insurance Co.;TypTap Insurance Co.;Homeowners Choice P&C Ins Co.;Vault E&S Insurance Co.;Edison Insurance Co.;Safe Harbor Insurance Co.;GeoVera Specialty Insurance Co;Florida Farm Bureau Cas Ins Co;Universal North America Ins Co;American Platinum P&C Ins Co.,5534996683.397338,11,35.51416660549837,3394861989.8244214,49802724.048183605,1,0.9811320754716981,11878751634.4664,307650360.0,11842749640.976927,539937478.65,359958319.1,539937478.65,359958319.1,31373374484.02704,34814374484.02704,3441000000.0,1395853723.0,1395853723.0,0.0,False,15168229924.650566,15168229924.650566,0.0,1.0,10599990115.477766,4568239809.1728,2330394760.9392385,0.0,14,9464500000.0,9464500000.0,80
double_gm,baseline,,COMPOSITE,"{""double_gm"": 0.686819398247262}",321140213590.4479,220565328251.18863,100574885339.25926,50302129821.715485,80504311058.94408,0.0,71296046230.96037,18462841139.568707,50302129821.715485,80504311058.94408,29506446548.50778,71068438790.75148,22.200908890807636,5.749152662367748,15.66360352673431,25.06827474481652,9.188026070798326,22.130034104475467,71296046230.96037,18462841139.568707,29506446548.50778,37,23,14,Universal P&C Insurance Co.;Florida Family Insurance Co.;First Protective Insurance Co.;Spinnaker Insurance Co.;Cypress P&C Insurance Co.;Florida Peninsula Insurance Co;Tower Hill Insurance Exchange;Kin Interinsurance Network;Unique Insurance Co.;Heritage P&C Insurance Co.;Florida Family Home Ins Co.;US Coastal P&C Insurance Co.;TypTap Insurance Co.;Homeowners Choice P&C Ins Co.;Vault E&S Insurance Co.;Edison Insurance Co.;Safe Harbor Insurance Co.;Spinnaker Specialty Ins Co.;GeoVera Specialty Insurance Co;Florida Farm Bureau Cas Ins Co;Universal North America Ins Co;QBE Specialty Insurance Co.;Auto Club Insurance Co. of FL;American Platinum P&C Ins Co.;Privilege Underwriters Recpl;FL Farm Bureau General Ins Co.;Castle Key Insurance Co.;Homesite Insurance Co.;PURE Specialty Exchange;State Farm FL Ins Co;AIG Property Casualty Co.;Foremost P&C Insurance Co.;ASI Preferred Insurance Corp.;Nationwide P&C Insurance Co.;ACE Ins Co. of the Midwest;Castle Key Indemnity Co.;First Liberty Insurance Corp.,Universal P&C Insurance Co.;Florida Family Insurance Co.;First Protective Insurance Co.;Spinnaker Insurance Co.;Cypress P&C Insurance Co.;Florida Peninsula Insurance Co;Tower Hill Insurance Exchange;Kin Interinsurance Network;Unique Insurance Co.;Heritage P&C Insurance Co.;Florida Family Home Ins Co.;US Coastal P&C Insurance Co.;TypTap Insurance Co.;Homeowners Choice P&C Ins Co.;Vault E&S Insurance Co.;Edison Insurance Co.;Safe Harbor Insurance Co.;Spinnaker Specialty Ins Co.;GeoVera Specialty Insurance Co;Florida Farm Bureau Cas Ins Co;Universal North America Ins Co;QBE Specialty Insurance Co.;American Platinum P&C Ins Co.,9160044773.12377,14,36.189312511589605,5214669316.611003,60925305.35868977,1,0.9811320754716981,19930203616.53238,300194520.0,12791618712.9321,539937478.65,359958319.1,539937478.65,359958319.1,26065446548.50778,29506446548.50778,3441000000.0,1395853723.0,1395853723.0,0.0,False,15184301626.982704,15184301626.982704,0.0,1.0,10616061817.809902,4568239809.172801,2575000000.0000005,0.0,14,9464500000.0,9464500000.0,81
double_gm,baseline,,COMPOSITE,"{""double_gm"": 0.7736027489384275}",321140213590.4479,248434952028.24426,72705261562.20361,48967865928.79021,91874129161.8551,0.0,77904187765.08354,29688769172.515427,48967865928.79021,91874129161.8551,21384274101.60584,51320987460.59778,24.258621146847474,9.24479959721821,15.24812647451223,28.608727675264845,6.658859026878937,15.980866079278305,77904187765.08354,29688769172.515427,21384274101.60584,38,24,14,Universal P&C Insurance Co.;Florida Family Insurance Co.;First Protective Insurance Co.;Spinnaker Insurance Co.;Cypress P&C Insurance Co.;Florida Peninsula Insurance Co;Tower Hill Insurance Exchange;Kin Interinsurance Network;Unique Insurance Co.;Heritage P&C Insurance Co.;Florida Family Home Ins Co.;US Coastal P&C Insurance Co.;TypTap Insurance Co.;Homeowners Choice P&C Ins Co.;Vault E&S Insurance Co.;Edison Insurance Co.;Safe Harbor Insurance Co.;Spinnaker Specialty Ins Co.;GeoVera Specialty Insurance Co;Florida Farm Bureau Cas Ins Co;Universal North America Ins Co;QBE Specialty Insurance Co.;Auto Club Insurance Co. of FL;American Platinum P&C Ins Co.;Privilege Underwriters Recpl;FL Farm Bureau General Ins Co.;Castle Key Insurance Co.;Chubb Custom Insurance Co.;Homesite Insurance Co.;PURE Specialty Exchange;State Farm FL Ins Co;AIG Property Casualty Co.;Foremost P&C Insurance Co.;ASI Preferred Insurance Corp.;Nationwide P&C Insurance Co.;ACE Ins Co. of the Midwest;Castle Key Indemnity Co.;First Liberty Insurance Corp.,Universal P&C Insurance Co.;Florida Family Insurance Co.;First Protective Insurance Co.;Spinnaker Insurance Co.;Cypress P&C Insurance Co.;Florida Peninsula Insurance Co;Tower Hill Insurance Exchange;Kin Interinsurance Network;Unique Insurance Co.;Heritage P&C Insurance Co.;Florida Family Home Ins Co.;US Coastal P&C Insurance Co.;TypTap Insurance Co.;Homeowners Choice P&C Ins Co.;Vault E&S Insurance Co.;Edison Insurance Co.;Safe Harbor Insurance Co.;Spinnaker Specialty Ins Co.;GeoVera Specialty Insurance Co;Florida Farm Bureau Cas Ins Co;Universal North America Ins Co;QBE Specialty Insurance Co.;American Platinum P&C Ins Co.;Castle Key Indemnity Co.,9654514592.219006,15,37.927433985368395,5672398302.280794,90371266.08523043,1,0.9811320754716981,24128734324.59303,280999920.0,23924284846.364475,539937478.65,359958319.1,539937478.65,359958319.1,17943274101.60584,21384274101.60584,3441000000.0,1395853723.0,1395853723.0,0.0,False,15197156890.414017,15197156890.414017,0.0,1.0,10628917081.241217,4568239809.1728,2575000000.0,0.0,14,9464500000.0,9464500000.0,82
double_gm,baseline,,COMPOSITE,"{""double_gm"": 0.625640899565041}",321140213590.4479,200918452117.2372,120221761473.21066,38002003622.391266,73047084451.02621,0.0,70206484081.77573,19662879962.04405,38002003622.391266,73047084451.02621,35232225887.310684,84989535585.89998,21.861629628019898,6.12283330767172,11.83346152682562,22.74616549398688,10.970979153748264,26.464930889747635,70206484081.77573,19662879962.04405,35232225887.310684,37,23,14,Universal P&C Insurance Co.;Florida Family Insurance Co.;First Protective Insurance Co.;Spinnaker Insurance Co.;Cypress P&C Insurance Co.;Florida Peninsula Insurance Co;Tower Hill Insurance Exchange;Kin Interinsurance Network;Unique Insurance Co.;Heritage P&C Insurance Co.;Florida Family Home Ins Co.;US Coastal P&C Insurance Co.;TypTap Insurance Co.;Homeowners Choice P&C Ins Co.;Vault E&S Insurance Co.;Edison Insurance Co.;Safe Harbor Insurance Co.;Spinnaker Specialty Ins Co.;GeoVera Specialty Insurance Co;Florida Farm Bureau Cas Ins Co;Universal North America Ins Co;QBE Specialty Insurance Co.;Auto Club Insurance Co. of FL;American Platinum P&C Ins Co.;Privilege Underwriters Recpl;FL Farm Bureau General Ins Co.;Castle Key Insurance Co.;Homesite Insurance Co.;PURE Specialty Exchange;State Farm FL Ins Co;AIG Property Casualty Co.;Foremost P&C Insurance Co.;ASI Preferred Insurance Corp.;Nationwide P&C Insurance Co.;ACE Ins Co. of the Midwest;Castle Key Indemnity Co.;First Liberty Insurance Corp.,Universal P&C Insurance Co.;Florida Family Insurance Co.;First Protective Insurance Co.;Spinnaker Insurance Co.;Cypress P&C Insurance Co.;Florida Peninsula Insurance Co;Tower Hill Insurance Exchange;Kin Interinsurance Network;Unique Insurance Co.;Heritage P&C Insurance Co.;Florida Family Home Ins Co.;US Coastal P&C Insurance Co.;TypTap Insurance Co.;Homeowners Choice P&C Ins Co.;Vault E&S Insurance Co.;Edison Insurance Co.;Safe Harbor Insurance Co.;Spinnaker Specialty Ins Co.;GeoVera Specialty Insurance Co;Florida Farm Bureau Cas Ins Co;Universal North America Ins Co;QBE Specialty Insurance Co.;American Platinum P&C Ins Co.,9457871748.953293,14,36.189312511589605,5503537615.787281,76533952.8990005,1,0.9811320754716981,20296892198.143787,300194520.0,13974426336.049814,539937478.65,359958319.1,539937478.65,359958319.1,31791225887.310684,35232225887.310684,3441000000.0,1395853723.0,1395853723.0,0.0,False,15190235046.681728,15190235046.681728,0.0,1.0,10621995237.508928,4568239809.1728,2574999999.9999995,0.0,14,9464500000.0,9464500000.0,83
double_gm,baseline,,COMPOSITE,"{""double_gm"": 0.8132966811342119}",321140213590.44794,261182269891.84326,59957943698.60468,36119778031.72098,120612240726.8758,0.0,80365492807.60953,24084758325.6369,36119778031.72098,120612240726.8758,17669264715.334087,42288678983.2706,25.025048065173216,7.4997640614240675,11.247354427491523,37.55750155933237,5.502040531699903,13.168291354878903,80365492807.60953,24084758325.6369,17669264715.334087,38,23,15,Universal P&C Insurance Co.;Florida Family Insurance Co.;First Protective Insurance Co.;Spinnaker Insurance Co.;Cypress P&C Insurance Co.;Florida Peninsula Insurance Co;Tower Hill Insurance Exchange;Kin Interinsurance Network;Unique Insurance Co.;Heritage P&C Insurance Co.;Florida Family Home Ins Co.;US Coastal P&C Insurance Co.;TypTap Insurance Co.;Homeowners Choice P&C Ins Co.;Vault E&S Insurance Co.;Edison Insurance Co.;Safe Harbor Insurance Co.;Spinnaker Specialty Ins Co.;GeoVera Specialty Insurance Co;Florida Farm Bureau Cas Ins Co;Universal North America Ins Co;QBE Specialty Insurance Co.;Auto Club Insurance Co. of FL;American Platinum P&C Ins Co.;Privilege Underwriters Recpl;FL Farm Bureau General Ins Co.;Castle Key Insurance Co.;Chubb Custom Insurance Co.;Homesite Insurance Co.;PURE Specialty Exchange;State Farm FL Ins Co;AIG Property Casualty Co.;Foremost P&C Insurance Co.;ASI Preferred Insurance Corp.;Nationwide P&C Insurance Co.;ACE Ins Co. of the Midwest;Castle Key Indemnity Co.;First Liberty Insurance Corp.,Universal P&C Insurance Co.;Florida Family Insurance Co.;First Protective Insurance Co.;Spinnaker Insurance Co.;Cypress P&C Insurance Co.;Florida Peninsula Insurance Co;Tower Hill Insurance Exchange;Kin Interinsurance Network;Unique Insurance Co.;Heritage P&C Insurance Co.;Florida Family Home Ins Co.;US Coastal P&C Insurance Co.;TypTap Insurance Co.;Homeowners Choice P&C Ins Co.;Vault E&S Insurance Co.;Edison Insurance Co.;Safe Harbor Insurance Co.;Spinnaker Specialty Ins Co.;GeoVera Specialty Insurance Co;Florida Farm Bureau Cas Ins Co;Universal North America Ins Co;QBE Specialty Insurance Co.;American Platinum P&C Ins Co.,10424847747.383451,15,36.189312511589605,4401976928.660132,96202528.90769833,1,0.9811320754716981,23313470215.308052,300194520.0,18378295638.483734,539937478.65,359958319.1,539937478.65,359958319.1,14228264715.334087,17669264715.334087,3441000000.0,1395853723.0,1395853723.0,0.0,False,15190544840.602898,15190544840.602898,0.0,1.0,10622305031.430096,4568239809.172801,2575000000.0,0.0,14,9464500000.0,9464500000.0,84
double_gm,baseline,,COMPOSITE,"{""double_gm"": 0.6522013598837698}",321140213590.4479,209448084017.0544,111692129573.3935,50794203688.814804,79103779915.85674,0.0,57145158176.12402,22404942236.258827,50794203688.814804,79103779915.85674,32746396090.930485,78945733482.463,17.794457298643266,6.976685350540368,15.816830636350318,24.632162702843026,10.196915460949455,24.582948550673564,57145158176.12402,22404942236.258827,32746396090.930485,35,22,13,Universal P&C Insurance Co.;Florida Family Insurance Co.;First Protective Insurance Co.;Cypress P&C Insurance Co.;Florida Peninsula Insurance Co;Tower Hill Insurance Exchange;Kin Interinsurance Network;Unique Insurance Co.;Heritage P&C Insurance Co.;Florida Family Home Ins Co.;US Coastal P&C Insurance Co.;TypTap Insurance Co.;Homeowners Choice P&C Ins Co.;Vault E&S Insurance Co.;Edison Insurance Co.;Safe Harbor Insurance Co.;Spinnaker Specialty Ins Co.;GeoVera Specialty Insurance Co;Florida Farm Bureau Cas Ins Co;Universal North America Ins Co;QBE Specialty Insurance Co.;Auto Club Insurance Co. of FL;American Platinum P&C Ins Co.;FL Farm Bureau General Ins Co.;Castle Key Insurance Co.;Homesite Insurance Co.;PURE Specialty Exchange;State Farm FL Ins Co;AIG Property Casualty Co.;Foremost P&C Insurance Co.;ASI Preferred Insurance Corp.;Nationwide P&C Insurance Co.;ACE Ins Co. of the Midwest;Castle Key Indemnity Co.;First Liberty Insurance Corp.,Universal P&C Insurance Co.;Florida Family Insurance Co.;First Protective Insurance Co.;Cypress P&C Insurance Co.;Florida Peninsula Insurance Co;Tower Hill Insurance Exchange;Kin Interinsurance Network;Unique Insurance Co.;Heritage P&C Insurance Co.;Florida Family Home Ins Co.;US Coastal P&C Insurance Co.;TypTap Insurance Co.;Homeowners Choice P&C Ins Co.;Vault E&S Insurance Co.;Edison Insurance Co.;Safe Harbor Insurance Co.;Spinnaker Specialty Ins Co.;GeoVera Specialty Insurance Co;Florida Farm Bureau Cas Ins Co;Universal North America Ins Co;QBE Specialty Insurance Co.;American Platinum P&C Ins Co.,6533752311.25301,13,35.89838321723671,3173522046.5208054,64441923.457645625,1,0.9811320754716981,14620444064.842669,303407340.0,16634802604.71907,539937478.65,359958319.1,539937478.65,359958319.1,29305396090.930485,32746396090.930485,3441000000.0,1395853723.0,1395853723.0,0.0,False,15173456193.211815,15173456193.211815,0.0,1.0,10605216384.039015,4568239809.1728,2353955435.7118807,0.0,14,9464500000.0,9464500000.0,85
double_gm,baseline,,COMPOSITE,"{""double_gm"": 0.7425048112235273}",321140213590.4479,238448153668.25876,82692059922.18915,35948897739.53375,94288767665.20569,0.0,84122687252.50247,24087801011.016853,35948897739.53375,94288767665.20569,24294772611.421368,58397287310.76777,26.195002585314548,7.500711524635211,11.194143934082202,29.36062307832078,7.5651605072433075,18.18435837040396,84122687252.50247,24087801011.016853,24294772611.421368,38,23,15,Universal P&C Insurance Co.;Florida Family Insurance Co.;First Protective Insurance Co.;Spinnaker Insurance Co.;Cypress P&C Insurance Co.;Florida Peninsula Insurance Co;Tower Hill Insurance Exchange;Kin Interinsurance Network;Unique Insurance Co.;Heritage P&C Insurance Co.;Florida Family Home Ins Co.;US Coastal P&C Insurance Co.;TypTap Insurance Co.;Homeowners Choice P&C Ins Co.;Vault E&S Insurance Co.;Edison Insurance Co.;Safe Harbor Insurance Co.;Spinnaker Specialty Ins Co.;GeoVera Specialty Insurance Co;Florida Farm Bureau Cas Ins Co;Universal North America Ins Co;QBE Specialty Insurance Co.;Auto Club Insurance Co. of FL;American Platinum P&C Ins Co.;Privilege Underwriters Recpl;FL Farm Bureau General Ins Co.;Castle Key Insurance Co.;Chubb Custom Insurance Co.;Homesite Insurance Co.;PURE Specialty Exchange;State Farm FL Ins Co;AIG Property Casualty Co.;Foremost P&C Insurance Co.;ASI Preferred Insurance Corp.;Nationwide P&C Insurance Co.;ACE Ins Co. of the Midwest;Castle Key Indemnity Co.;First Liberty Insurance Corp.,Universal P&C Insurance Co.;Florida Family Insurance Co.;First Protective Insurance Co.;Spinnaker Insurance Co.;Cypress P&C Insurance Co.;Florida Peninsula Insurance Co;Tower Hill Insurance Exchange;Kin Interinsurance Network;Unique Insurance Co.;Heritage P&C Insurance Co.;Florida Family Home Ins Co.;US Coastal P&C Insurance Co.;TypTap Insurance Co.;Homeowners Choice P&C Ins Co.;Vault E&S Insurance Co.;Edison Insurance Co.;Safe Harbor Insurance Co.;Spinnaker Specialty Ins Co.;GeoVera Specialty Insurance Co;Florida Farm Bureau Cas Ins Co;Universal North America Ins Co;QBE Specialty Insurance Co.;American Platinum P&C Ins Co.,11572853779.215322,15,36.189312511589605,5766095599.540284,112119290.04923046,1,0.9811320754716981,26262595475.026703,300194520.0,18390890751.28143,539937478.65,359958319.1,539937478.65,359958319.1,20853772611.421368,24294772611.421368,3441000000.0,1395853723.0,1395853723.0,0.0,False,15209268729.657602,15209268729.657602,0.0,1.0,10641028920.484802,4568239809.1728,2575000000.0,0.0,14,9464500000.0,9464500000.0,86
double_gm,baseline,,COMPOSITE,"{""double_gm"": 0.7624655802232414}",321140213590.4479,244858359288.25653,76281854302.19138,68988006427.46053,105580791054.33627,0.0,55689361944.66794,14600199861.791792,68988006427.46053,105580791054.33627,22426616949.10541,53855237353.08595,17.341136235180105,4.546363004046425,21.48220730632052,32.87685147677709,6.983434649422702,16.770007328253158,55689361944.66794,14600199861.791792,22426616949.10541,33,20,13,Universal P&C Insurance Co.;Florida Family Insurance Co.;First Protective Insurance Co.;Cypress P&C Insurance Co.;Florida Peninsula Insurance Co;Tower Hill Insurance Exchange;Kin Interinsurance Network;Heritage P&C Insurance Co.;Florida Family Home Ins Co.;US Coastal P&C Insurance Co.;TypTap Insurance Co.;Homeowners Choice P&C Ins Co.;Vault E&S Insurance Co.;Edison Insurance Co.;Safe Harbor Insurance Co.;GeoVera Specialty Insurance Co;Florida Farm Bureau Cas Ins Co;Universal North America Ins Co;QBE Specialty Insurance Co.;Auto Club Insurance Co. of FL;American Platinum P&C Ins Co.;FL Farm Bureau General Ins Co.;Castle Key Insurance Co.;Homesite Insurance Co.;PURE Specialty Exchange;State Farm FL Ins Co;AIG Property Casualty Co.;Foremost P&C Insurance Co.;ASI Preferred Insurance Corp.;Nationwide P&C Insurance Co.;ACE Ins Co. of the Midwest;Castle Key Indemnity Co.;First Liberty Insurance Corp.,Universal P&C Insurance Co.;Florida Family Insurance Co.;First Protective Insurance Co.;Cypress P&C Insurance Co.;Florida Peninsula Insurance Co;Tower Hill Insurance Exchange;Kin Interinsurance Network;Heritage P&C Insurance Co.;Florida Family Home Ins Co.;US Coastal P&C Insurance Co.;TypTap Insurance Co.;Homeowners Choice P&C Ins Co.;Vault E&S Insurance Co.;Edison Insurance Co.;Safe Harbor Insurance Co.;GeoVera Specialty Insurance Co;Florida Farm Bureau Cas Ins Co;Universal North America Ins Co;QBE Specialty Insurance Co.;American Platinum P&C Ins Co.,6642439084.376152,13,35.71378625186174,4054516569.3156624,41538957.432374895,1,0.9811320754716981,14240979412.675838,305445900.0,8933677906.208483,539937478.65,359958319.1,539937478.65,359958319.1,18985616949.10541,22426616949.10541,3441000000.0,1395853723.0,1395853723.0,0.0,False,15170666120.412292,15170666120.412292,0.0,1.0,10602426311.239494,4568239809.172799,2267875861.005095,0.0,14,9464500000.0,9464500000.0,87
double_gm,baseline,,COMPOSITE,"{""double_gm"": 0.7032683137185024}",321140213590.44794,225847736478.95404,95292477111.49391,24761043379.330975,114862150649.5911,0.0,66827111657.05525,19397430792.976685,24761043379.330975,114862150649.5911,27966970059.55115,67325507051.94276,20.809325281909498,6.040174967845773,7.710352777839552,35.76697834425541,8.708647773155436,20.96452085499432,66827111657.05525,19397430792.976685,27966970059.55115,36,22,14,Universal P&C Insurance Co.;Florida Family Insurance Co.;First Protective Insurance Co.;Cypress P&C Insurance Co.;Florida Peninsula Insurance Co;Tower Hill Insurance Exchange;Kin Interinsurance Network;Unique Insurance Co.;Heritage P&C Insurance Co.;Florida Family Home Ins Co.;US Coastal P&C Insurance Co.;TypTap Insurance Co.;Homeowners Choice P&C Ins Co.;Vault E&S Insurance Co.;Edison Insurance Co.;Safe Harbor Insurance Co.;Spinnaker Specialty Ins Co.;GeoVera Specialty Insurance Co;Florida Farm Bureau Cas Ins Co;Universal North America Ins Co;QBE Specialty Insurance Co.;Auto Club Insurance Co. of FL;American Platinum P&C Ins Co.;Privilege Underwriters Recpl;FL Farm Bureau General Ins Co.;Castle Key Insurance Co.;Homesite Insurance Co.;PURE Specialty Exchange;State Farm FL Ins Co;AIG Property Casualty Co.;Foremost P&C Insurance Co.;ASI Preferred Insurance Corp.;Nationwide P&C Insurance Co.;ACE Ins Co. of the Midwest;Castle Key Indemnity Co.;First Liberty Insurance Corp.,Universal P&C Insurance Co.;Florida Family Insurance Co.;First Protective Insurance Co.;Cypress P&C Insurance Co.;Florida Peninsula Insurance Co;Tower Hill Insurance Exchange;Kin Interinsurance Network;Unique Insurance Co.;Heritage P&C Insurance Co.;Florida Family Home Ins Co.;US Coastal P&C Insurance Co.;TypTap Insurance Co.;Homeowners Choice P&C Ins Co.;Vault E&S Insurance Co.;Edison Insurance Co.;Safe Harbor Insurance Co.;Spinnaker Specialty Ins Co.;GeoVera Specialty Insurance Co;Florida Farm Bureau Cas Ins Co;Universal North America Ins Co;QBE Specialty Insurance Co.;American Platinum P&C Ins Co.,8630306249.558262,14,35.89838321723671,4750643276.968856,79371129.39792897,1,0.9811320754716981,18496760007.887936,303407340.0,13701758670.655663,539937478.65,359958319.1,539937478.65,359958319.1,24525970059.55115,27966970059.55115,3441000000.0,1395853723.0,1395853723.0,0.0,False,15186194411.444838,15186194411.444838,0.0,1.0,10617954602.272038,4568239809.1728,2549702801.696483,0.0,14,9464500000.0,9464500000.0,88
double_gm,baseline,,COMPOSITE,"{""double_gm"": 0.7238773192650525}",321140213590.4479,232466116922.05978,88674096668.38809,35565838185.94893,92371085998.28008,0.0,74873822607.81647,29655370130.01432,35565838185.94893,92371085998.28008,26038145052.50658,62635951615.88152,23.314994335559458,9.23439945388901,11.074862842093722,28.763475294963058,8.108030059951691,19.504238013543063,74873822607.81647,29655370130.01432,26038145052.50658,36,23,13,Universal P&C Insurance Co.;Florida Family Insurance Co.;First Protective Insurance Co.;Spinnaker Insurance Co.;Cypress P&C Insurance Co.;Florida Peninsula Insurance Co;Tower Hill Insurance Exchange;Kin Interinsurance Network;Unique Insurance Co.;Heritage P&C Insurance Co.;Florida Family Home Ins Co.;US Coastal P&C Insurance Co.;TypTap Insurance Co.;Homeowners Choice P&C Ins Co.;Vault E&S Insurance Co.;Edison Insurance Co.;Safe Harbor Insurance Co.;Spinnaker Specialty Ins Co.;GeoVera Specialty Insurance Co;Florida Farm Bureau Cas Ins Co;Universal North America Ins Co;QBE Specialty Insurance Co.;Auto Club Insurance Co. of FL;American Platinum P&C Ins Co.;FL Farm Bureau General Ins Co.;Castle Key Insurance Co.;Homesite Insurance Co.;PURE Specialty Exchange;State Farm FL Ins Co;AIG Property Casualty Co.;Foremost P&C Insurance Co.;ASI Preferred Insurance Corp.;Nationwide P&C Insurance Co.;ACE Ins Co. of the Midwest;Castle Key Indemnity Co.;First Liberty Insurance Corp.,Universal P&C Insurance Co.;Florida Family Insurance Co.;First Protective Insurance Co.;Spinnaker Insurance Co.;Cypress P&C Insurance Co.;Florida Peninsula Insurance Co;Tower Hill Insurance Exchange;Kin Interinsurance Network;Unique Insurance Co.;Heritage P&C Insurance Co.;Florida Family Home Ins Co.;US Coastal P&C Insurance Co.;TypTap Insurance Co.;Homeowners Choice P&C Ins Co.;Vault E&S Insurance Co.;Edison Insurance Co.;Safe Harbor Insurance Co.;Spinnaker Specialty Ins Co.;GeoVera Specialty Insurance Co;Florida Farm Bureau Cas Ins Co;Universal North America Ins Co;QBE Specialty Insurance Co.;American Platinum P&C Ins Co.,9728693146.523184,13,36.189312511589605,5477516265.518601,70465067.06614715,1,0.9811320754716981,22407348347.65266,300194520.0,23881186308.649906,539937478.65,359958319.1,539937478.65,359958319.1,22597145052.50658,26038145052.50658,3441000000.0,1395853723.0,1395853723.0,0.0,False,15180617057.988705,15180617057.988705,0.0,1.0,10612377248.815907,4568239809.172799,2565672926.6441813,0.0,14,9464500000.0,9464500000.0,89
double_gm,baseline,,COMPOSITE,"{""double_gm"": 0.7779028363381628}",321140213590.4479,249815883014.2528,71324330576.19505,49200507450.95099,88887823622.51057,0.0,92239598806.43195,19487953134.359325,49200507450.95099,88887823622.51057,20981823042.51168,50342507533.68338,28.722531437332133,6.06836276169774,15.320568825957345,27.67882060882907,6.533539604999432,15.676176761184287,92239598806.43195,19487953134.359325,20981823042.51168,39,24,15,Universal P&C Insurance Co.;Florida Family Insurance Co.;First Protective Insurance Co.;Spinnaker Insurance Co.;Cypress P&C Insurance Co.;Florida Peninsula Insurance Co;Tower Hill Insurance Exchange;Kin Interinsurance Network;Unique Insurance Co.;Heritage P&C Insurance Co.;Florida Family Home Ins Co.;US Coastal P&C Insurance Co.;TypTap Insurance Co.;Homeowners Choice P&C Ins Co.;Vault E&S Insurance Co.;Edison Insurance Co.;Safe Harbor Insurance Co.;Spinnaker Specialty Ins Co.;GeoVera Specialty Insurance Co;Florida Farm Bureau Cas Ins Co;Universal North America Ins Co;QBE Specialty Insurance Co.;Auto Club Insurance Co. of FL;American Platinum P&C Ins Co.;Privilege Underwriters Recpl;FL Farm Bureau General Ins Co.;Castle Key Insurance Co.;Chubb Custom Insurance Co.;Homesite Insurance Co.;Farmers Casualty Ins Co.;PURE Specialty Exchange;State Farm FL Ins Co;AIG Property Casualty Co.;Foremost P&C Insurance Co.;ASI Preferred Insurance Corp.;Nationwide P&C Insurance Co.;ACE Ins Co. of the Midwest;Castle Key Indemnity Co.;First Liberty Insurance Corp.,Universal P&C Insurance Co.;Florida Family Insurance Co.;First Protective Insurance Co.;Spinnaker Insurance Co.;Cypress P&C Insurance Co.;Florida Peninsula Insurance Co;Tower Hill Insurance Exchange;Kin Interinsurance Network;Unique Insurance Co.;Heritage P&C Insurance Co.;Florida Family Home Ins Co.;US Coastal P&C Insurance Co.;TypTap Insurance Co.;Homeowners Choice P&C Ins Co.;Vault E&S Insurance Co.;Edison Insurance Co.;Safe Harbor Insurance Co.;Spinnaker Specialty Ins Co.;GeoVera Specialty Insurance Co;Florida Farm Bureau Cas Ins Co;Universal North America Ins Co;QBE Specialty Insurance Co.;American Platinum P&C Ins Co.;ACE Ins Co. of the Midwest,13540304266.990847,16,36.469587383729746,6843373879.969437,88274725.41500606,1,0.9811320754716981,28261678621.071144,297099360.0,13851330811.786222,539937478.65,359958319.1,539937478.65,359958319.1,17540823042.51168,20981823042.51168,3441000000.0,1395853723.0,1395853723.0,0.0,False,15206663266.061634,15206663266.061634,0.0,1.0,10638423456.888834,4568239809.1728,2575000000.0,0.0,14,9464500000.0,9464500000.0,90
double_gm,baseline,,COMPOSITE,"{""double_gm"": 0.7020112415557829}",321140213590.4479,225444040056.11963,95696173534.32828,52122057014.27009,82986112846.90793,0.0,73024506659.60353,17311363535.338085,52122057014.27009,82986112846.90793,28084621162.009075,67611552372.3192,22.73913498504804,5.390593517327411,16.230311498995786,25.841084154207056,8.74528320449633,21.053592639925387,73024506659.60353,17311363535.338085,28084621162.009075,37,23,14,Universal P&C Insurance Co.;Florida Family Insurance Co.;First Protective Insurance Co.;Spinnaker Insurance Co.;Cypress P&C Insurance Co.;Florida Peninsula Insurance Co;Tower Hill Insurance Exchange;Kin Interinsurance Network;Unique Insurance Co.;Heritage P&C Insurance Co.;Florida Family Home Ins Co.;US Coastal P&C Insurance Co.;TypTap Insurance Co.;Homeowners Choice P&C Ins Co.;Vault E&S Insurance Co.;Edison Insurance Co.;Safe Harbor Insurance Co.;Spinnaker Specialty Ins Co.;GeoVera Specialty Insurance Co;Florida Farm Bureau Cas Ins Co;Universal North America Ins Co;QBE Specialty Insurance Co.;Auto Club Insurance Co. of FL;American Platinum P&C Ins Co.;Privilege Underwriters Recpl;FL Farm Bureau General Ins Co.;Castle Key Insurance Co.;Homesite Insurance Co.;PURE Specialty Exchange;State Farm FL Ins Co;AIG Property Casualty Co.;Foremost P&C Insurance Co.;ASI Preferred Insurance Corp.;Nationwide P&C Insurance Co.;ACE Ins Co. of the Midwest;Castle Key Indemnity Co.;First Liberty Insurance Corp.,Universal P&C Insurance Co.;Florida Family Insurance Co.;First Protective Insurance Co.;Spinnaker Insurance Co.;Cypress P&C Insurance Co.;Florida Peninsula Insurance Co;Tower Hill Insurance Exchange;Kin Interinsurance Network;Unique Insurance Co.;Heritage P&C Insurance Co.;Florida Family Home Ins Co.;US Coastal P&C Insurance Co.;TypTap Insurance Co.;Homeowners Choice P&C Ins Co.;Vault E&S Insurance Co.;Edison Insurance Co.;Safe Harbor Insurance Co.;Spinnaker Specialty Ins Co.;GeoVera Specialty Insurance Co;Florida Farm Bureau Cas Ins Co;Universal North America Ins Co;QBE Specialty Insurance Co.;American Platinum P&C Ins Co.,8401211660.175831,14,36.189312511589605,5255613154.912541,89984886.22287154,1,0.9811320754716981,21211237028.775158,300194520.0,11658404372.701647,539937478.65,359958319.1,539937478.65,359958319.1,24643621162.009075,28084621162.009075,3441000000.0,1395853723.0,1395853723.0,0.0,False,15183085649.22505,15183085649.22505,0.0,1.0,10614845840.05225,4568239809.1728,2575000000.0,0.0,14,9464500000.0,9464500000.0,91
double_gm,baseline,,COMPOSITE,"{""double_gm"": 0.7405508979484897}",321140213590.44794,237820673541.776,83319540048.67195,49097740621.79923,154588850337.8481,0.0,28344782256.36606,5789300325.762569,49097740621.79923,154588850337.8481,24477642026.346622,58841898022.32532,8.826294888286501,1.8027329125295095,15.288568215382044,48.13749377865091,7.622104299140534,18.322805906010498,28344782256.36606,5789300325.762569,24477642026.346622,25,16,9,Universal P&C Insurance Co.;Florida Family Insurance Co.;First Protective Insurance Co.;Cypress P&C Insurance Co.;Florida Peninsula Insurance Co;Tower Hill Insurance Exchange;Kin Interinsurance Network;Florida Family Home Ins Co.;US Coastal P&C Insurance Co.;TypTap Insurance Co.;Homeowners Choice P&C Ins Co.;Edison Insurance Co.;Safe Harbor Insurance Co.;GeoVera Specialty Insurance Co;Universal North America Ins Co;Auto Club Insurance Co. of FL;American Platinum P&C Ins Co.;FL Farm Bureau General Ins Co.;Homesite Insurance Co.;State Farm FL Ins Co;AIG Property Casualty Co.;ASI Preferred Insurance Corp.;ACE Ins Co. of the Midwest;Castle Key Indemnity Co.;First Liberty Insurance Corp.,Universal P&C Insurance Co.;Florida Family Insurance Co.;First Protective Insurance Co.;Cypress P&C Insurance Co.;Florida Peninsula Insurance Co;Tower Hill Insurance Exchange;Kin Interinsurance Network;Florida Family Home Ins Co.;US Coastal P&C Insurance Co.;TypTap Insurance Co.;Homeowners Choice P&C Ins Co.;Edison Insurance Co.;Safe Harbor Insurance Co.;GeoVera Specialty Insurance Co;Universal North America Ins Co;American Platinum P&C Ins Co.,1616144714.7419546,9,32.43209381455101,817896114.8764603,2567513.9669193365,1,0.9811320754716981,2779728127.099561,341686620.0,1469862558.3450475,539937478.65,359958319.1,539937478.65,359958319.1,21036642026.346622,24477642026.346622,3441000000.0,1395853723.0,1395853723.0,0.0,False,13543586857.327347,13543586857.327347,0.0,1.0,10256504936.09123,3287081921.236116,2086255719.0633674,0.0,13,9464500000.0,9464500000.0,92
double_gm,baseline,,COMPOSITE,"{""double_gm"": 0.6319679156335942}",321140213590.4479,202950311408.88263,118189902181.56526,32615626255.215343,85926384774.7527,0.0,63791106678.489265,20617193700.4253,32615626255.215343,85926384774.7527,34640071802.75608,83549830378.8092,19.86394228405243,6.4199975051142415,10.156194981177368,26.756656793015388,10.786588018818714,26.016620417821862,63791106678.489265,20617193700.4253,34640071802.75608,36,23,13,Universal P&C Insurance Co.;Florida Family Insurance Co.;First Protective Insurance Co.;Spinnaker Insurance Co.;Cypress P&C Insurance Co.;Florida Peninsula Insurance Co;Tower Hill Insurance Exchange;Kin Interinsurance Network;Unique Insurance Co.;Heritage P&C Insurance Co.;Florida Family Home Ins Co.;US Coastal P&C Insurance Co.;TypTap Insurance Co.;Homeowners Choice P&C Ins Co.;Vault E&S Insurance Co.;Edison Insurance Co.;Safe Harbor Insurance Co.;Spinnaker Specialty Ins Co.;GeoVera Specialty Insurance Co;Florida Farm Bureau Cas Ins Co;Universal North America Ins Co;QBE Specialty Insurance Co.;Auto Club Insurance Co. of FL;American Platinum P&C Ins Co.;FL Farm Bureau General Ins Co.;Castle Key Insurance Co.;Homesite Insurance Co.;PURE Specialty Exchange;State Farm FL Ins Co;AIG Property Casualty Co.;Foremost P&C Insurance Co.;ASI Preferred Insurance Corp.;Nationwide P&C Insurance Co.;ACE Ins Co. of the Midwest;Castle Key Indemnity Co.;First Liberty Insurance Corp.,Universal P&C Insurance Co.;Florida Family Insurance Co.;First Protective Insurance Co.;Spinnaker Insurance Co.;Cypress P&C Insurance Co.;Florida Peninsula Insurance Co;Tower Hill Insurance Exchange;Kin Interinsurance Network;Unique Insurance Co.;Heritage P&C Insurance Co.;Florida Family Home Ins Co.;US Coastal P&C Insurance Co.;TypTap Insurance Co.;Homeowners Choice P&C Ins Co.;Vault E&S Insurance Co.;Edison Insurance Co.;Safe Harbor Insurance Co.;Spinnaker Specialty Ins Co.;GeoVera Specialty Insurance Co;Florida Farm Bureau Cas Ins Co;Universal North America Ins Co;QBE Specialty Insurance Co.;American Platinum P&C Ins Co.,7385455607.455043,13,36.189312511589605,4831266305.295817,69824064.87130563,1,0.9811320754716981,17439234820.481876,300194520.0,14896388521.514904,539937478.65,359958319.1,539937478.65,359958319.1,31199071802.75608,34640071802.75608,3441000000.0,1395853723.0,1395853723.0,0.0,False,15174163463.037762,15174163463.037762,0.0,1.0,10605923653.864964,4568239809.172799,2448422828.751521,0.0,14,9464500000.0,9464500000.0,93
double_gm,baseline,,COMPOSITE,"{""double_gm"": 0.6821366117755774}",321140213590.4479,219061497203.47336,102078716386.97455,48936405266.20193,78075539471.40958,0.0,73051685850.44765,18997866615.4142,48936405266.20193,78075539471.40958,29944714936.996193,72134001449.97835,22.747598325886063,5.91575449334486,15.238329924202777,24.311978434124043,9.324498667483878,22.461840154958384,73051685850.44765,18997866615.4142,29944714936.996193,37,23,14,Universal P&C Insurance Co.;Florida Family Insurance Co.;First Protective Insurance Co.;Spinnaker Insurance Co.;Cypress P&C Insurance Co.;Florida Peninsula Insurance Co;Tower Hill Insurance Exchange;Kin Interinsurance Network;Unique Insurance Co.;Heritage P&C Insurance Co.;Florida Family Home Ins Co.;US Coastal P&C Insurance Co.;TypTap Insurance Co.;Homeowners Choice P&C Ins Co.;Vault E&S Insurance Co.;Edison Insurance Co.;Safe Harbor Insurance Co.;Spinnaker Specialty Ins Co.;GeoVera Specialty Insurance Co;Florida Farm Bureau Cas Ins Co;Universal North America Ins Co;QBE Specialty Insurance Co.;Auto Club Insurance Co. of FL;American Platinum P&C Ins Co.;Privilege Underwriters Recpl;FL Farm Bureau General Ins Co.;Castle Key Insurance Co.;Homesite Insurance Co.;PURE Specialty Exchange;State Farm FL Ins Co;AIG Property Casualty Co.;Foremost P&C Insurance Co.;ASI Preferred Insurance Corp.;Nationwide P&C Insurance Co.;ACE Ins Co. of the Midwest;Castle Key Indemnity Co.;First Liberty Insurance Corp.,Universal P&C Insurance Co.;Florida Family Insurance Co.;First Protective Insurance Co.;Spinnaker Insurance Co.;Cypress P&C Insurance Co.;Florida Peninsula Insurance Co;Tower Hill Insurance Exchange;Kin Interinsurance Network;Unique Insurance Co.;Heritage P&C Insurance Co.;Florida Family Home Ins Co.;US Coastal P&C Insurance Co.;TypTap Insurance Co.;Homeowners Choice P&C Ins Co.;Vault E&S Insurance Co.;Edison Insurance Co.;Safe Harbor Insurance Co.;Spinnaker Specialty Ins Co.;GeoVera Specialty Insurance Co;Florida Farm Bureau Cas Ins Co;Universal North America Ins Co;QBE Specialty Insurance Co.;American Platinum P&C Ins Co.,9417579494.854012,14,36.189312511589605,5181514080.207153,83612208.19224904,1,0.9811320754716981,21105020766.816742,300194520.0,13325117090.96656,539937478.65,359958319.1,539937478.65,359958319.1,26503714936.996193,29944714936.996193,3441000000.0,1395853723.0,1395853723.0,0.0,False,15181402884.130692,15181402884.130692,0.0,1.0,10613163074.957893,4568239809.172799,2575000000.0,0.0,14,9464500000.0,9464500000.0,94
double_gm,baseline,,COMPOSITE,"{""double_gm"": 0.6122587033089482}",321140213590.44794,196620890753.2463,124519322837.20163,44712741669.44887,90307961082.20091,0.0,49664866840.86675,11935321160.729748,44712741669.44887,90307961082.20091,36484683931.90813,88034638905.29349,15.465165911673914,3.716545189806386,13.923121358594878,28.12103787081963,11.360982644931932,27.413147024173245,49664866840.86675,11935321160.729748,36484683931.90813,32,20,12,Universal P&C Insurance Co.;Florida Family Insurance Co.;First Protective Insurance Co.;Cypress P&C Insurance Co.;Florida Peninsula Insurance Co;Tower Hill Insurance Exchange;Kin Interinsurance Network;Heritage P&C Insurance Co.;Florida Family Home Ins Co.;US Coastal P&C Insurance Co.;TypTap Insurance Co.;Homeowners Choice P&C Ins Co.;Vault E&S Insurance Co.;Edison Insurance Co.;Safe Harbor Insurance Co.;GeoVera Specialty Insurance Co;Florida Farm Bureau Cas Ins Co;Universal North America Ins Co;QBE Specialty Insurance Co.;Auto Club Insurance Co. of FL;American Platinum P&C Ins Co.;FL Farm Bureau General Ins Co.;Castle Key Insurance Co.;Homesite Insurance Co.;State Farm FL Ins Co;AIG Property Casualty Co.;Foremost P&C Insurance Co.;ASI Preferred Insurance Corp.;Nationwide P&C Insurance Co.;ACE Ins Co. of the Midwest;Castle Key Indemnity Co.;First Liberty Insurance Corp.,Universal P&C Insurance Co.;Florida Family Insurance Co.;First Protective Insurance Co.;Cypress P&C Insurance Co.;Florida Peninsula Insurance Co;Tower Hill Insurance Exchange;Kin Interinsurance Network;Heritage P&C Insurance Co.;Florida Family Home Ins Co.;US Coastal P&C Insurance Co.;TypTap Insurance Co.;Homeowners Choice P&C Ins Co.;Vault E&S Insurance Co.;Edison Insurance Co.;Safe Harbor Insurance Co.;GeoVera Specialty Insurance Co;Florida Farm Bureau Cas Ins Co;Universal North America Ins Co;QBE Specialty Insurance Co.;American Platinum P&C Ins Co.,5509554940.244376,12,35.71378625186174,2664950364.9626613,49002634.10515751,1,0.9811320754716981,11182991847.939186,305445900.0,6294239126.68194,539937478.65,359958319.1,539937478.65,359958319.1,33043683931.908127,36484683931.90813,3441000000.0,1395853723.0,1395853723.0,0.0,False,15168938702.686213,15168938702.686213,0.0,1.0,10600698893.513412,4568239809.1728,2248930117.446089,0.0,14,9464500000.0,9464500000.0,95
double_gm,baseline,,COMPOSITE,"{""double_gm"": 0.6744369546156606}",321140213590.44794,216588827658.56448,104551385931.88344,40398290594.76404,80620640638.70595,0.0,80119370026.56801,15450526398.52645,40398290594.76404,80620640638.70595,30665336378.05372,73886049553.82974,24.94840777827492,4.81114657855668,12.579642438142058,25.10449866659239,9.548893312116123,23.00741122631782,80119370026.56801,15450526398.52645,30665336378.05372,37,23,14,Universal P&C Insurance Co.;Florida Family Insurance Co.;First Protective Insurance Co.;Spinnaker Insurance Co.;Cypress P&C Insurance Co.;Florida Peninsula Insurance Co;Tower Hill Insurance Exchange;Kin Interinsurance Network;Unique Insurance Co.;Heritage P&C Insurance Co.;Florida Family Home Ins Co.;US Coastal P&C Insurance Co.;TypTap Insurance Co.;Homeowners Choice P&C Ins Co.;Vault E&S Insurance Co.;Edison Insurance Co.;Safe Harbor Insurance Co.;Spinnaker Specialty Ins Co.;GeoVera Specialty Insurance Co;Florida Farm Bureau Cas Ins Co;Universal North America Ins Co;QBE Specialty Insurance Co.;Auto Club Insurance Co. of FL;American Platinum P&C Ins Co.;Privilege Underwriters Recpl;FL Farm Bureau General Ins Co.;Castle Key Insurance Co.;Homesite Insurance Co.;PURE Specialty Exchange;State Farm FL Ins Co;AIG Property Casualty Co.;Foremost P&C Insurance Co.;ASI Preferred Insurance Corp.;Nationwide P&C Insurance Co.;ACE Ins Co. of the Midwest;Castle Key Indemnity Co.;First Liberty Insurance Corp.,Universal P&C Insurance Co.;Florida Family Insurance Co.;First Protective Insurance Co.;Spinnaker Insurance Co.;Cypress P&C Insurance Co.;Florida Peninsula Insurance Co;Tower Hill Insurance Exchange;Kin Interinsurance Network;Unique Insurance Co.;Heritage P&C Insurance Co.;Florida Family Home Ins Co.;US Coastal P&C Insurance Co.;TypTap Insurance Co.;Homeowners Choice P&C Ins Co.;Vault E&S Insurance Co.;Edison Insurance Co.;Safe Harbor Insurance Co.;Spinnaker Specialty Ins Co.;GeoVera Specialty Insurance Co;Florida Farm Bureau Cas Ins Co;Universal North America Ins Co;QBE Specialty Insurance Co.;American Platinum P&C Ins Co.,10911389551.595667,14,36.189312511589605,7527871548.982184,103446994.99757925,1,0.9811320754716981,24719485563.588978,300194520.0,9834812489.67617,539937478.65,359958319.1,539937478.65,359958319.1,27224336378.05372,30665336378.05372,3441000000.0,1395853723.0,1395853723.0,0.0,False,15194311210.513157,15194311210.513157,0.0,1.0,10626071401.340357,4568239809.172799,2575000000.0,0.0,14,9464500000.0,9464500000.0,96
double_gm,baseline,,COMPOSITE,"{""double_gm"": 0.7499336044979386}",321140213590.4479,240833837927.12247,80306375663.32544,21041629483.61128,121811705456.38293,0.0,77806979312.4345,20173523674.69379,21041629483.61128,121811705456.38293,23599501691.750652,56706873971.57479,24.228351361708388,6.281842890103204,6.552162760421465,37.93100343756082,7.348659773218948,17.6579797769872,77806979312.4345,20173523674.69379,23599501691.750652,38,23,15,Universal P&C Insurance Co.;Florida Family Insurance Co.;First Protective Insurance Co.;Spinnaker Insurance Co.;Cypress P&C Insurance Co.;Florida Peninsula Insurance Co;Tower Hill Insurance Exchange;Kin Interinsurance Network;Unique Insurance Co.;Heritage P&C Insurance Co.;Florida Family Home Ins Co.;US Coastal P&C Insurance Co.;TypTap Insurance Co.;Homeowners Choice P&C Ins Co.;Vault E&S Insurance Co.;Edison Insurance Co.;Safe Harbor Insurance Co.;Spinnaker Specialty Ins Co.;GeoVera Specialty Insurance Co;Florida Farm Bureau Cas Ins Co;Universal North America Ins Co;QBE Specialty Insurance Co.;Auto Club Insurance Co. of FL;American Platinum P&C Ins Co.;Privilege Underwriters Recpl;FL Farm Bureau General Ins Co.;Castle Key Insurance Co.;Chubb Custom Insurance Co.;Homesite Insurance Co.;PURE Specialty Exchange;State Farm FL Ins Co;AIG Property Casualty Co.;Foremost P&C Insurance Co.;ASI Preferred Insurance Corp.;Nationwide P&C Insurance Co.;ACE Ins Co. of the Midwest;Castle Key Indemnity Co.;First Liberty Insurance Corp.,Universal P&C Insurance Co.;Florida Family Insurance Co.;First Protective Insurance Co.;Spinnaker Insurance Co.;Cypress P&C Insurance Co.;Florida Peninsula Insurance Co;Tower Hill Insurance Exchange;Kin Interinsurance Network;Unique Insurance Co.;Heritage P&C Insurance Co.;Florida Family Home Ins Co.;US Coastal P&C Insurance Co.;TypTap Insurance Co.;Homeowners Choice P&C Ins Co.;Vault E&S Insurance Co.;Edison Insurance Co.;Safe Harbor Insurance Co.;Spinnaker Specialty Ins Co.;GeoVera Specialty Insurance Co;Florida Farm Bureau Cas Ins Co;Universal North America Ins Co;QBE Specialty Insurance Co.;American Platinum P&C Ins Co.,10183028631.701694,15,36.189312511589605,5893089828.35872,103911888.1713423,1,0.9811320754716981,23821775298.037693,300194520.0,14499956782.011398,539937478.65,359958319.1,539937478.65,359958319.1,20158501691.750652,23599501691.750652,3441000000.0,1395853723.0,1395853723.0,0.0,False,15180264695.65589,15180264695.65589,0.0,1.0,10612024886.48309,4568239809.1728,2575000000.0,0.0,14,9464500000.0,9464500000.0,97
double_gm,baseline,,COMPOSITE,"{""double_gm"": 0.5634556522997742}",321140213590.4479,180948268528.29465,140191945062.15326,23029829742.28047,71447025314.91939,0.0,66672857275.014626,19798556196.080162,23029829742.28047,71447025314.91939,41052228202.491516,99139716859.66173,20.761291938368995,6.1650815930917275,7.171269360756718,22.247922337759988,12.783272372997073,30.871162397025504,66672857275.014626,19798556196.080162,41052228202.491516,36,22,14,Universal P&C Insurance Co.;Florida Family Insurance Co.;First Protective Insurance Co.;Cypress P&C Insurance Co.;Florida Peninsula Insurance Co;Tower Hill Insurance Exchange;Kin Interinsurance Network;Unique Insurance Co.;Heritage P&C Insurance Co.;Florida Family Home Ins Co.;US Coastal P&C Insurance Co.;TypTap Insurance Co.;Homeowners Choice P&C Ins Co.;Vault E&S Insurance Co.;Edison Insurance Co.;Safe Harbor Insurance Co.;Spinnaker Specialty Ins Co.;GeoVera Specialty Insurance Co;Florida Farm Bureau Cas Ins Co;Universal North America Ins Co;QBE Specialty Insurance Co.;Auto Club Insurance Co. of FL;American Platinum P&C Ins Co.;Privilege Underwriters Recpl;FL Farm Bureau General Ins Co.;Castle Key Insurance Co.;Homesite Insurance Co.;PURE Specialty Exchange;State Farm FL Ins Co;AIG Property Casualty Co.;Foremost P&C Insurance Co.;ASI Preferred Insurance Corp.;Nationwide P&C Insurance Co.;ACE Ins Co. of the Midwest;Castle Key Indemnity Co.;First Liberty Insurance Corp.,Universal P&C Insurance Co.;Florida Family Insurance Co.;First Protective Insurance Co.;Cypress P&C Insurance Co.;Florida Peninsula Insurance Co;Tower Hill Insurance Exchange;Kin Interinsurance Network;Unique Insurance Co.;Heritage P&C Insurance Co.;Florida Family Home Ins Co.;US Coastal P&C Insurance Co.;TypTap Insurance Co.;Homeowners Choice P&C Ins Co.;Vault E&S Insurance Co.;Edison Insurance Co.;Safe Harbor Insurance Co.;Spinnaker Specialty Ins Co.;GeoVera Specialty Insurance Co;Florida Farm Bureau Cas Ins Co;Universal North America Ins Co;QBE Specialty Insurance Co.;American Platinum P&C Ins Co.,8659747548.232834,14,35.89838321723671,3876258135.4355407,63669559.98681751,1,0.9811320754716981,18462359975.364914,303407340.0,14097577997.330334,539937478.65,359958319.1,539937478.65,359958319.1,37611228202.491516,41052228202.491516,3441000000.0,1395853723.0,1395853723.0,0.0,False,15174127474.289993,15174127474.289993,0.0,1.0,10605887665.117193,4568239809.172801,2455078081.564892,0.0,14,9464500000.0,9464500000.0,98
double_gm,baseline,,COMPOSITE,"{""double_gm"": 0.689367688555459}",321140213590.44794,221383686745.0535,99756526845.39442,31351773984.74606,87174792319.90086,0.0,75300824094.69765,27556296345.708893,31351773984.74606,87174792319.90086,29267948574.37907,70488578271.01537,23.44795852652986,8.580767895001653,9.762643436716763,27.145398997297608,9.113760076059693,21.949471068394406,75300824094.69765,27556296345.708893,29267948574.37907,37,24,13,Universal P&C Insurance Co.;Florida Family Insurance Co.;First Protective Insurance Co.;Spinnaker Insurance Co.;Cypress P&C Insurance Co.;Florida Peninsula Insurance Co;Tower Hill Insurance Exchange;Kin Interinsurance Network;Unique Insurance Co.;Heritage P&C Insurance Co.;Florida Family Home Ins Co.;US Coastal P&C Insurance Co.;TypTap Insurance Co.;Homeowners Choice P&C Ins Co.;Vault E&S Insurance Co.;Edison Insurance Co.;Safe Harbor Insurance Co.;Spinnaker Specialty Ins Co.;GeoVera Specialty Insurance Co;Florida Farm Bureau Cas Ins Co;Universal North America Ins Co;QBE Specialty Insurance Co.;Auto Club Insurance Co. of FL;American Platinum P&C Ins Co.;Privilege Underwriters Recpl;FL Farm Bureau General Ins Co.;Castle Key Insurance Co.;Homesite Insurance Co.;PURE Specialty Exchange;State Farm FL Ins Co;AIG Property Casualty Co.;Foremost P&C Insurance Co.;ASI Preferred Insurance Corp.;Nationwide P&C Insurance Co.;ACE Ins Co. of the Midwest;Castle Key Indemnity Co.;First Liberty Insurance Corp.,Universal P&C Insurance Co.;Florida Family Insurance Co.;First Protective Insurance Co.;Spinnaker Insurance Co.;Cypress P&C Insurance Co.;Florida Peninsula Insurance Co;Tower Hill Insurance Exchange;Kin Interinsurance Network;Unique Insurance Co.;Heritage P&C Insurance Co.;Florida Family Home Ins Co.;US Coastal P&C Insurance Co.;TypTap Insurance Co.;Homeowners Choice P&C Ins Co.;Vault E&S Insurance Co.;Edison Insurance Co.;Safe Harbor Insurance Co.;Spinnaker Specialty Ins Co.;GeoVera Specialty Insurance Co;Florida Farm Bureau Cas Ins Co;Universal North America Ins Co;QBE Specialty Insurance Co.;American Platinum P&C Ins Co.;Castle Key Indemnity Co.,9591339176.213104,14,37.927433985368395,5445633475.860894,85494432.49629368,1,0.9811320754716981,23259930457.2166,280999920.0,21802381366.251747,539937478.65,359958319.1,539937478.65,359958319.1,25826948574.37907,29267948574.37907,3441000000.0,1395853723.0,1395853723.0,0.0,False,15177658474.294304,15177658474.294304,0.0,1.0,10609418665.121504,4568239809.172799,2575000000.0,0.0,14,9464500000.0,9464500000.0,99
double_gm,baseline,,COMPOSITE,"{""double_gm"": 0.7779321985456746}",321140213590.44794,249825312399.8447,71314901190.60323,55361218894.14665,130236822667.25058,0.0,50505981742.03866,13721289096.408781,55361218894.14665,130236822667.25058,20979074993.36477,50335826197.23846,15.7270810707155,4.272678573324867,17.238955618541485,40.554504591985605,6.532683888701498,15.674096256731037,50505981742.03866,13721289096.408781,20979074993.36477,33,20,13,Universal P&C Insurance Co.;Florida Family Insurance Co.;First Protective Insurance Co.;Cypress P&C Insurance Co.;Florida Peninsula Insurance Co;Tower Hill Insurance Exchange;Kin Interinsurance Network;Heritage P&C Insurance Co.;Florida Family Home Ins Co.;US Coastal P&C Insurance Co.;TypTap Insurance Co.;Homeowners Choice P&C Ins Co.;Vault E&S Insurance Co.;Edison Insurance Co.;Safe Harbor Insurance Co.;Spinnaker Specialty Ins Co.;GeoVera Specialty Insurance Co;Florida Farm Bureau Cas Ins Co;Universal North America Ins Co;Auto Club Insurance Co. of FL;American Platinum P&C Ins Co.;FL Farm Bureau General Ins Co.;Castle Key Insurance Co.;Homesite Insurance Co.;PURE Specialty Exchange;State Farm FL Ins Co;AIG Property Casualty Co.;Foremost P&C Insurance Co.;ASI Preferred Insurance Corp.;Nationwide P&C Insurance Co.;ACE Ins Co. of the Midwest;Castle Key Indemnity Co.;First Liberty Insurance Corp.,Universal P&C Insurance Co.;Florida Family Insurance Co.;First Protective Insurance Co.;Cypress P&C Insurance Co.;Florida Peninsula Insurance Co;Tower Hill Insurance Exchange;Kin Interinsurance Network;Heritage P&C Insurance Co.;Florida Family Home Ins Co.;US Coastal P&C Insurance Co.;TypTap Insurance Co.;Homeowners Choice P&C Ins Co.;Vault E&S Insurance Co.;Edison Insurance Co.;Safe Harbor Insurance Co.;Spinnaker Specialty Ins Co.;GeoVera Specialty Insurance Co;Florida Farm Bureau Cas Ins Co;Universal North America Ins Co;American Platinum P&C Ins Co.,5210220192.706295,13,35.50755988575808,2892267195.0235615,38911114.88618763,1,0.9811320754716981,12069534140.68378,307723320.0,8049797184.76284,539937478.65,359958319.1,539937478.65,359958319.1,17538074993.36477,20979074993.36477,3441000000.0,1395853723.0,1395853723.0,0.0,False,15166467256.919949,15166467256.919949,0.0,1.0,10598227447.74715,4568239809.172799,2270111830.31077,0.0,14,9464500000.0,9464500000.0,100
