scenario,policy_scenario,policy_severity,events,wind_shares,total_damage_usd,wind_total_usd,water_total_usd,underinsured_wind_usd,uninsured_wind_usd,nfip_policyholder_shortfall_usd,wind_insured_private_usd,wind_insured_citizens_usd,wind_underinsured_usd,wind_uninsured_usd,flood_insured_capped_usd,flood_un_derinsured_usd,wind_insured_private_pct,wind_insured_citizens_pct,wind_underinsured_pct,wind_uninsured_pct,flood_insured_capped_pct,flood_un_derinsured_pct,insured_private_wind_pre_usd,insured_citizens_wind_pre_usd,insured_flood_pre_usd,defaults_pre,defaults_post,rescued_defaults,default_companies_pre,default_companies_post,group_contrib_total_usd,group_supported_companies,defaulted_premium_base_pct,largest_entity_deficit_usd,diag_group_shortfall_total_usd,diag_groups_with_shortfall,diag_groups_fully_funded_share,figa_residual_deficit_usd,figa_collected_usd,citizens_residual_deficit_usd,citizens_tier1_usd,citizens_tier2_usd,citizens_tier1_capacity_usd,citizens_tier2_capacity_usd,nfip_borrowed_usd,nfip_claims_paid_usd,nfip_pool_used_usd,nfip_fl_premium_base_usd,nfip_fl_premium_depletion_usd,underinsured_flood_usd,fhcf_cap_binding,fhcf_total_precap_usd,fhcf_total_postcap_usd,fhcf_shortfall_usd,fhcf_scaling_factor,fhcf_recovery_private_usd,fhcf_recovery_citizens_usd,catbond_payout_usd,catbond_unfilled_usd,catbond_triggers,catbond_limit_in_force_usd,catbond_issue_volume_year_usd,iter
double_gm,baseline,,COMPOSITE,"{""double_gm"": 0.6661152119807906}",321140213590.44794,213916381451.3576,107223832139.09032,33981059566.27674,66732869516.20954,0.0,83212623102.13875,29989829266.732544,33981059566.27674,66732869516.20954,31444179649.266914,75779652489.8234,25.911617287600208,9.338546839536813,10.58137789296391,20.77997917797812,9.791417679433902,23.597061122487027,83212623102.13875,29989829266.732544,31444179649.266914,37,23,14,Universal P&C Insurance Co.;Florida Family Insurance Co.;First Protective Insurance Co.;Spinnaker Insurance Co.;Cypress P&C Insurance Co.;Florida Peninsula Insurance Co;Tower Hill Insurance Exchange;Kin Interinsurance Network;Unique Insurance Co.;Heritage P&C Insurance Co.;Florida Family Home Ins Co.;US Coastal P&C Insurance Co.;TypTap Insurance Co.;Homeowners Choice P&C Ins Co.;Vault E&S Insurance Co.;Edison Insurance Co.;Safe Harbor Insurance Co.;Spinnaker Specialty Ins Co.;GeoVera Specialty Insurance Co;Florida Farm Bureau Cas Ins Co;Universal North America Ins Co;QBE Specialty Insurance Co.;Auto Club Insurance Co. of FL;American Platinum P&C Ins Co.;Privilege Underwriters Recpl;FL Farm Bureau General Ins Co.;Castle Key Insurance Co.;Homesite Insurance Co.;PURE Specialty Exchange;State Farm FL Ins Co;AIG Property Casualty Co.;Foremost P&C Insurance Co.;ASI Preferred Insurance Corp.;Nationwide P&C Insurance Co.;ACE Ins Co. of the Midwest;Castle Key Indemnity Co.;First Liberty Insurance Corp.,Universal P&C Insurance Co.;Florida Family Insurance Co.;First Protective Insurance Co.;Spinnaker Insurance Co.;Cypress P&C Insurance Co.;Florida Peninsula Insurance Co;Tower Hill Insurance Exchange;Kin Interinsurance Network;Unique Insurance Co.;Heritage P&C Insurance Co.;Florida Family Home Ins Co.;US Coastal P&C Insurance Co.;TypTap Insurance Co.;Homeowners Choice P&C Ins Co.;Vault E&S Insurance Co.;Edison Insurance Co.;Safe Harbor Insurance Co.;Spinnaker Specialty Ins Co.;GeoVera Specialty Insurance Co;Florida Farm Bureau Cas Ins Co;Universal North America Ins Co;QBE Specialty Insurance Co.;American Platinum P&C Ins Co.,12149685619.82452,14,36.189312511589605,5795025342.456139,114783638.26153979,1,0.9811320754716981,24848177891.506035,300194520.0,24285410181.685158,539937478.65,359958319.1,539937478.65,359958319.1,28003179649.266914,31444179649.266914,3441000000.0,1395853723.0,1395853723.0,0.0,False,14753212002.76142,14753212002.76142,0.0,1.0,10230654591.680347,4522557411.081072,2575000000.0,0.0,14,9464500000.0,9464500000.0,1
double_gm,baseline,,COMPOSITE,"{""double_gm"": 0.6631529136220402}",321140213590.4479,212965068323.70984,108175145266.73807,77285038844.75298,73857034584.46532,0.0,47208690515.5208,14614304378.970736,77285038844.75298,73857034584.46532,31721425202.90506,76453720063.83302,14.700336026968685,4.550755016190046,24.06582407749005,22.998376241555242,9.877749300920497,23.80695933687549,47208690515.5208,14614304378.970736,31721425202.90506,32,19,13,Universal P&C Insurance Co.;Florida Family Insurance Co.;First Protective Insurance Co.;Cypress P&C Insurance Co.;Florida Peninsula Insurance Co;Tower Hill Insurance Exchange;Kin Interinsurance Network;Heritage P&C Insurance Co.;Florida Family Home Ins Co.;US Coastal P&C Insurance Co.;TypTap Insurance Co.;Homeowners Choice P&C Ins Co.;Vault E&S Insurance Co.;Edison Insurance Co.;Safe Harbor Insurance Co.;GeoVera Specialty Insurance Co;Florida Farm Bureau Cas Ins Co;Universal North America Ins Co;Auto Club Insurance Co. of FL;American Platinum P&C Ins Co.;FL Farm Bureau General Ins Co.;Castle Key Insurance Co.;Homesite Insurance Co.;PURE Specialty Exchange;State Farm FL Ins Co;AIG Property Casualty Co.;Foremost P&C Insurance Co.;ASI Preferred Insurance Corp.;Nationwide P&C Insurance Co.;ACE Ins Co. of the Midwest;Castle Key Indemnity Co.;First Liberty Insurance Corp.,Universal P&C Insurance Co.;Florida Family Insurance Co.;First Protective Insurance Co.;Cypress P&C Insurance Co.;Florida Peninsula Insurance Co;Tower Hill Insurance Exchange;Kin Interinsurance Network;Heritage P&C Insurance Co.;Florida Family Home Ins Co.;US Coastal P&C Insurance Co.;TypTap Insurance Co.;Homeowners Choice P&C Ins Co.;Vault E&S Insurance Co.;Edison Insurance Co.;Safe Harbor Insurance Co.;GeoVera Specialty Insurance Co;Florida Farm Bureau Cas Ins Co;Universal North America Ins Co;American Platinum P&C Ins Co.,5228342834.771917,13,35.41856476294073,2790559320.101879,33427684.11542985,1,0.9811320754716981,10052351190.377203,308706120.0,8958276562.76964,539937478.65,359958319.1,539937478.65,359958319.1,28280425202.90506,31721425202.90506,3441000000.0,1395853723.0,1395853723.0,0.0,False,14728816640.886347,14728816640.886347,0.0,1.0,10206259229.805275,4522557411.081072,2385002679.9810734,0.0,14,9464500000.0,9464500000.0,2
double_gm,baseline,,COMPOSITE,"{""double_gm"": 0.6039756464541733}",321140213590.4479,193960868105.72208,127179345484.72581,45904610124.33409,83863085160.36139,0.0,47972588975.31794,16220583845.708649,45904610124.33409,83863085160.36139,37259906548.068565,89919438936.65726,14.938206722530763,5.05093512405608,14.294257829346943,26.11416496948355,11.602379574794192,28.000055779788475,47972588975.31794,16220583845.708649,37259906548.068565,30,19,11,Universal P&C Insurance Co.;Florida Family Insurance Co.;First Protective Insurance Co.;Cypress P&C Insurance Co.;Florida Peninsula Insurance Co;Tower Hill Insurance Exchange;Kin Interinsurance Network;Heritage P&C Insurance Co.;Florida Family Home Ins Co.;US Coastal P&C Insurance Co.;TypTap Insurance Co.;Homeowners Choice P&C Ins Co.;Vault E&S Insurance Co.;Edison Insurance Co.;Safe Harbor Insurance Co.;GeoVera Specialty Insurance Co;Florida Farm Bureau Cas Ins Co;Universal North America Ins Co;Auto Club Insurance Co. of FL;American Platinum P&C Ins Co.;FL Farm Bureau General Ins Co.;Castle Key Insurance Co.;Homesite Insurance Co.;State Farm FL Ins Co;AIG Property Casualty Co.;ASI Preferred Insurance Corp.;Nationwide P&C Insurance Co.;ACE Ins Co. of the Midwest;Castle Key Indemnity Co.;First Liberty Insurance Corp.,Universal P&C Insurance Co.;Florida Family Insurance Co.;First Protective Insurance Co.;Cypress P&C Insurance Co.;Florida Peninsula Insurance Co;Tower Hill Insurance Exchange;Kin Interinsurance Network;Heritage P&C Insurance Co.;Florida Family Home Ins Co.;US Coastal P&C Insurance Co.;TypTap Insurance Co.;Homeowners Choice P&C Ins Co.;Vault E&S Insurance Co.;Edison Insurance Co.;Safe Harbor Insurance Co.;GeoVera Specialty Insurance Co;Florida Farm Bureau Cas Ins Co;Universal North America Ins Co;American Platinum P&C Ins Co.,5207376661.272811,11,35.41856476294073,3268460672.931631,41690533.70220548,1,0.9811320754716981,10974269926.969275,308706120.0,10540362714.72211,539937478.65,359958319.1,539937478.65,359958319.1,33818906548.068565,37259906548.068565,3441000000.0,1395853723.0,1395853723.0,0.0,False,14726781863.140577,14726781863.140577,0.0,1.0,10204224452.059504,4522557411.081074,2278670285.090799,0.0,14,9464500000.0,9464500000.0,3
double_gm,baseline,,COMPOSITE,"{""double_gm"": 0.7000295951623592}",321140213590.44794,224807653710.07483,96332559880.3731,38471513879.42297,109480684013.34752,0.0,64093553109.46239,12761902707.841928,38471513879.42297,109480684013.34752,28270086157.402554,68062473722.97052,19.958121218416228,3.9739348009892215,11.979662543441517,34.09124095338895,8.80303523539894,21.194005248365126,64093553109.46239,12761902707.841928,28270086157.402554,35,22,13,Universal P&C Insurance Co.;Florida Family Insurance Co.;First Protective Insurance Co.;Cypress P&C Insurance Co.;Florida Peninsula Insurance Co;Tower Hill Insurance Exchange;Kin Interinsurance Network;Unique Insurance Co.;Heritage P&C Insurance Co.;Florida Family Home Ins Co.;US Coastal P&C Insurance Co.;TypTap Insurance Co.;Homeowners Choice P&C Ins Co.;Vault E&S Insurance Co.;Edison Insurance Co.;Safe Harbor Insurance Co.;Spinnaker Specialty Ins Co.;GeoVera Specialty Insurance Co;Florida Farm Bureau Cas Ins Co;Universal North America Ins Co;QBE Specialty Insurance Co.;Auto Club Insurance Co. of FL;American Platinum P&C Ins Co.;FL Farm Bureau General Ins Co.;Castle Key Insurance Co.;Homesite Insurance Co.;PURE Specialty Exchange;State Farm FL Ins Co;AIG Property Casualty Co.;Foremost P&C Insurance Co.;ASI Preferred Insurance Corp.;Nationwide P&C Insurance Co.;ACE Ins Co. of the Midwest;Castle Key Indemnity Co.;First Liberty Insurance Corp.,Universal P&C Insurance Co.;Florida Family Insurance Co.;First Protective Insurance Co.;Cypress P&C Insurance Co.;Florida Peninsula Insurance Co;Tower Hill Insurance Exchange;Kin Interinsurance Network;Unique Insurance Co.;Heritage P&C Insurance Co.;Florida Family Home Ins Co.;US Coastal P&C Insurance Co.;TypTap Insurance Co.;Homeowners Choice P&C Ins Co.;Vault E&S Insurance Co.;Edison Insurance Co.;Safe Harbor Insurance Co.;Spinnaker Specialty Ins Co.;GeoVera Specialty Insurance Co;Florida Farm Bureau Cas Ins Co;Universal North America Ins Co;QBE Specialty Insurance Co.;American Platinum P&C Ins Co.,7921830631.796135,13,35.89838321723671,4506328062.288375,64761529.46489367,1,0.9811320754716981,18037138183.514694,303407340.0,7194863580.96253,539937478.65,359958319.1,539937478.65,359958319.1,24829086157.402554,28270086157.402554,3441000000.0,1395853723.0,1395853723.0,0.0,False,14740925614.80188,14740925614.80188,0.0,1.0,10218368203.720808,4522557411.081073,2459920344.4418535,0.0,14,9464500000.0,9464500000.0,4
double_gm,baseline,,COMPOSITE,"{""double_gm"": 0.7539449474627977}",321140213590.4479,242122041463.6419,79018172126.806,23129803943.024822,160044581972.1991,0.0,47709813917.32851,11237841631.089483,23129803943.024822,160044581972.1991,23224074619.10628,55794097507.69972,14.856381075393172,3.499356715699633,7.202400373477488,49.836356581709495,7.231755363009158,17.373749890711064,47709813917.32851,11237841631.089483,23224074619.10628,32,19,13,Universal P&C Insurance Co.;Florida Family Insurance Co.;First Protective Insurance Co.;Cypress P&C Insurance Co.;Florida Peninsula Insurance Co;Tower Hill Insurance Exchange;Kin Interinsurance Network;Heritage P&C Insurance Co.;Florida Family Home Ins Co.;US Coastal P&C Insurance Co.;TypTap Insurance Co.;Homeowners Choice P&C Ins Co.;Vault E&S Insurance Co.;Edison Insurance Co.;Safe Harbor Insurance Co.;GeoVera Specialty Insurance Co;Florida Farm Bureau Cas Ins Co;Universal North America Ins Co;Auto Club Insurance Co. of FL;American Platinum P&C Ins Co.;FL Farm Bureau General Ins Co.;Castle Key Insurance Co.;Homesite Insurance Co.;PURE Specialty Exchange;State Farm FL Ins Co;AIG Property Casualty Co.;Foremost P&C Insurance Co.;ASI Preferred Insurance Corp.;Nationwide P&C Insurance Co.;ACE Ins Co. of the Midwest;Castle Key Indemnity Co.;First Liberty Insurance Corp.,Universal P&C Insurance Co.;Florida Family Insurance Co.;First Protective Insurance Co.;Cypress P&C Insurance Co.;Florida Peninsula Insurance Co;Tower Hill Insurance Exchange;Kin Interinsurance Network;Heritage P&C Insurance Co.;Florida Family Home Ins Co.;US Coastal P&C Insurance Co.;TypTap Insurance Co.;Homeowners Choice P&C Ins Co.;Vault E&S Insurance Co.;Edison Insurance Co.;Safe Harbor Insurance Co.;GeoVera Specialty Insurance Co;Florida Farm Bureau Cas Ins Co;Universal North America Ins Co;American Platinum P&C Ins Co.,5054738878.587045,13,35.41856476294073,2447625390.67294,48494002.57334028,1,0.9811320754716981,10535252410.949211,308706120.0,5649888814.90438,539937478.65,359958319.1,539937478.65,359958319.1,19783074619.10628,23224074619.10628,3441000000.0,1395853723.0,1395853723.0,0.0,False,14719998958.56726,14719998958.56726,0.0,1.0,10197441547.486187,4522557411.081073,2271352512.489949,0.0,14,9464500000.0,9464500000.0,5
double_gm,baseline,,COMPOSITE,"{""double_gm"": 0.7225038299802558}",321140213590.44794,232025034279.776,89115179310.67192,60947945225.143745,80138264485.42601,0.0,67155649587.289154,23783174981.91707,60947945225.143745,80138264485.42601,26166691792.592606,62948487518.079315,20.911628860324903,7.405853884200219,18.978608920921697,24.954291332578745,8.148058288945135,19.601558713029288,67155649587.289154,23783174981.91707,26166691792.592606,36,24,12,Universal P&C Insurance Co.;Florida Family Insurance Co.;First Protective Insurance Co.;Spinnaker Insurance Co.;Cypress P&C Insurance Co.;Florida Peninsula Insurance Co;Tower Hill Insurance Exchange;Kin Interinsurance Network;Unique Insurance Co.;Heritage P&C Insurance Co.;Florida Family Home Ins Co.;US Coastal P&C Insurance Co.;TypTap Insurance Co.;Homeowners Choice P&C Ins Co.;Vault E&S Insurance Co.;Edison Insurance Co.;Safe Harbor Insurance Co.;Spinnaker Specialty Ins Co.;GeoVera Specialty Insurance Co;Florida Farm Bureau Cas Ins Co;Universal North America Ins Co;QBE Specialty Insurance Co.;Auto Club Insurance Co. of FL;American Platinum P&C Ins Co.;FL Farm Bureau General Ins Co.;Castle Key Insurance Co.;Homesite Insurance Co.;PURE Specialty Exchange;State Farm FL Ins Co;AIG Property Casualty Co.;Foremost P&C Insurance Co.;ASI Preferred Insurance Corp.;Nationwide P&C Insurance Co.;ACE Ins Co. of the Midwest;Castle Key Indemnity Co.;First Liberty Insurance Corp.,Universal P&C Insurance Co.;Florida Family Insurance Co.;First Protective Insurance Co.;Spinnaker Insurance Co.;Cypress P&C Insurance Co.;Florida Peninsula Insurance Co;Tower Hill Insurance Exchange;Kin Interinsurance Network;Unique Insurance Co.;Heritage P&C Insurance Co.;Florida Family Home Ins Co.;US Coastal P&C Insurance Co.;TypTap Insurance Co.;Homeowners Choice P&C Ins Co.;Vault E&S Insurance Co.;Edison Insurance Co.;Safe Harbor Insurance Co.;Spinnaker Specialty Ins Co.;GeoVera Specialty Insurance Co;Florida Farm Bureau Cas Ins Co;Universal North America Ins Co;QBE Specialty Insurance Co.;American Platinum P&C Ins Co.;Castle Key Indemnity Co.,8671440012.14015,13,37.927433985368395,4342217488.992577,82509466.39274913,1,0.9811320754716981,18546353893.651566,280999920.0,18085175010.903404,539937478.65,359958319.1,539937478.65,359958319.1,22725691792.592606,26166691792.592606,3441000000.0,1395853723.0,1395853723.0,0.0,False,14748224520.349552,14748224520.349552,0.0,1.0,10225667109.26848,4522557411.081073,2523455916.9807887,0.0,14,9464500000.0,9464500000.0,6
double_gm,baseline,,COMPOSITE,"{""double_gm"": 0.6911457885350392}",321140213590.4479,221954706152.281,99185507438.16689,24506672877.514103,117824577243.54262,0.0,64518079314.45883,15105376716.765488,24506672877.514103,117824577243.54262,29101533766.158794,70083973672.00807,20.090314630212937,4.703670259131567,7.631144229345134,36.68944973481429,9.061940091773172,21.823481054722908,64518079314.45883,15105376716.765488,29101533766.158794,35,23,12,Universal P&C Insurance Co.;Florida Family Insurance Co.;First Protective Insurance Co.;Cypress P&C Insurance Co.;Florida Peninsula Insurance Co;Tower Hill Insurance Exchange;Kin Interinsurance Network;Unique Insurance Co.;Heritage P&C Insurance Co.;Florida Family Home Ins Co.;US Coastal P&C Insurance Co.;TypTap Insurance Co.;Homeowners Choice P&C Ins Co.;Vault E&S Insurance Co.;Edison Insurance Co.;Safe Harbor Insurance Co.;Spinnaker Specialty Ins Co.;GeoVera Specialty Insurance Co;Florida Farm Bureau Cas Ins Co;Universal North America Ins Co;QBE Specialty Insurance Co.;Auto Club Insurance Co. of FL;American Platinum P&C Ins Co.;FL Farm Bureau General Ins Co.;Castle Key Insurance Co.;Homesite Insurance Co.;PURE Specialty Exchange;State Farm FL Ins Co;AIG Property Casualty Co.;Foremost P&C Insurance Co.;ASI Preferred Insurance Corp.;Nationwide P&C Insurance Co.;ACE Ins Co. of the Midwest;Castle Key Indemnity Co.;First Liberty Insurance Corp.,Universal P&C Insurance Co.;Florida Family Insurance Co.;First Protective Insurance Co.;Cypress P&C Insurance Co.;Florida Peninsula Insurance Co;Tower Hill Insurance Exchange;Kin Interinsurance Network;Unique Insurance Co.;Heritage P&C Insurance Co.;Florida Family Home Ins Co.;US Coastal P&C Insurance Co.;TypTap Insurance Co.;Homeowners Choice P&C Ins Co.;Vault E&S Insurance Co.;Edison Insurance Co.;Safe Harbor Insurance Co.;Spinnaker Specialty Ins Co.;GeoVera Specialty Insurance Co;Florida Farm Bureau Cas Ins Co;Universal North America Ins Co;QBE Specialty Insurance Co.;American Platinum P&C Ins Co.;Castle Key Indemnity Co.,8001984758.211019,13,37.63650469101551,4153998582.9086723,74758274.21568348,1,0.9811320754716981,17219938198.09752,284212740.0,9505135616.376907,539937478.65,359958319.1,539937478.65,359958319.1,25660533766.158794,29101533766.158794,3441000000.0,1395853723.0,1395853723.0,0.0,False,14741236313.438492,14741236313.438492,0.0,1.0,10218678902.357418,4522557411.081073,2535116091.572075,0.0,14,9464500000.0,9464500000.0,7
double_gm,baseline,,COMPOSITE,"{""double_gm"": 0.6345821703776315}",321140213590.4479,203789853735.76257,117350359854.68532,40190461620.649536,101067970807.6816,0.0,50955517534.70761,11575903772.72386,40190461620.649536,101067970807.6816,34395400126.88629,82954959727.79901,15.867062229612733,3.6046260427187367,12.514926477536905,31.471602287894783,10.71039959223262,25.83138337000423,50955517534.70761,11575903772.72386,34395400126.88629,32,20,12,Universal P&C Insurance Co.;Florida Family Insurance Co.;First Protective Insurance Co.;Cypress P&C Insurance Co.;Florida Peninsula Insurance Co;Tower Hill Insurance Exchange;Kin Interinsurance Network;Heritage P&C Insurance Co.;Florida Family Home Ins Co.;US Coastal P&C Insurance Co.;TypTap Insurance Co.;Homeowners Choice P&C Ins Co.;Vault E&S Insurance Co.;Edison Insurance Co.;Safe Harbor Insurance Co.;GeoVera Specialty Insurance Co;Florida Farm Bureau Cas Ins Co;Universal North America Ins Co;QBE Specialty Insurance Co.;Auto Club Insurance Co. of FL;American Platinum P&C Ins Co.;FL Farm Bureau General Ins Co.;Castle Key Insurance Co.;Homesite Insurance Co.;State Farm FL Ins Co;AIG Property Casualty Co.;Foremost P&C Insurance Co.;ASI Preferred Insurance Corp.;Nationwide P&C Insurance Co.;ACE Ins Co. of the Midwest;Castle Key Indemnity Co.;First Liberty Insurance Corp.,Universal P&C Insurance Co.;Florida Family Insurance Co.;First Protective Insurance Co.;Cypress P&C Insurance Co.;Florida Peninsula Insurance Co;Tower Hill Insurance Exchange;Kin Interinsurance Network;Heritage P&C Insurance Co.;Florida Family Home Ins Co.;US Coastal P&C Insurance Co.;TypTap Insurance Co.;Homeowners Choice P&C Ins Co.;Vault E&S Insurance Co.;Edison Insurance Co.;Safe Harbor Insurance Co.;GeoVera Specialty Insurance Co;Florida Farm Bureau Cas Ins Co;Universal North America Ins Co;QBE Specialty Insurance Co.;American Platinum P&C Ins Co.,6051752664.9246435,12,35.71378625186174,3467011506.5839915,43918883.17075592,1,0.9811320754716981,12173591295.064053,305445900.0,5992641630.5729885,539937478.65,359958319.1,539937478.65,359958319.1,30954400126.88629,34395400126.88629,3441000000.0,1395853723.0,1395853723.0,0.0,False,14722214595.62891,14722214595.62891,0.0,1.0,10199657184.547838,4522557411.081072,2261163576.50616,0.0,14,9464500000.0,9464500000.0,8
double_gm,baseline,,COMPOSITE,"{""double_gm"": 0.7572897210665588}",321140213590.4479,243196182773.1654,77944030817.28249,60190441210.74231,77432122931.42688,0.0,81710318519.21974,23863300111.776474,60190441210.74231,77432122931.42688,22911032684.343124,55032998132.939384,25.443813967012375,7.430804085535512,18.742729394676044,24.111624659431953,7.134277089807789,17.136750803536337,81710318519.21974,23863300111.776474,22911032684.343124,38,23,15,Universal P&C Insurance Co.;Florida Family Insurance Co.;First Protective Insurance Co.;Spinnaker Insurance Co.;Cypress P&C Insurance Co.;Florida Peninsula Insurance Co;Tower Hill Insurance Exchange;Kin Interinsurance Network;Unique Insurance Co.;Heritage P&C Insurance Co.;Florida Family Home Ins Co.;US Coastal P&C Insurance Co.;TypTap Insurance Co.;Homeowners Choice P&C Ins Co.;Vault E&S Insurance Co.;Edison Insurance Co.;Safe Harbor Insurance Co.;Spinnaker Specialty Ins Co.;GeoVera Specialty Insurance Co;Florida Farm Bureau Cas Ins Co;Universal North America Ins Co;QBE Specialty Insurance Co.;Auto Club Insurance Co. of FL;American Platinum P&C Ins Co.;Privilege Underwriters Recpl;FL Farm Bureau General Ins Co.;Castle Key Insurance Co.;Chubb Custom Insurance Co.;Homesite Insurance Co.;PURE Specialty Exchange;State Farm FL Ins Co;AIG Property Casualty Co.;Foremost P&C Insurance Co.;ASI Preferred Insurance Corp.;Nationwide P&C Insurance Co.;ACE Ins Co. of the Midwest;Castle Key Indemnity Co.;First Liberty Insurance Corp.,Universal P&C Insurance Co.;Florida Family Insurance Co.;First Protective Insurance Co.;Spinnaker Insurance Co.;Cypress P&C Insurance Co.;Florida Peninsula Insurance Co;Tower Hill Insurance Exchange;Kin Interinsurance Network;Unique Insurance Co.;Heritage P&C Insurance Co.;Florida Family Home Ins Co.;US Coastal P&C Insurance Co.;TypTap Insurance Co.;Homeowners Choice P&C Ins Co.;Vault E&S Insurance Co.;Edison Insurance Co.;Safe Harbor Insurance Co.;Spinnaker Specialty Ins Co.;GeoVera Specialty Insurance Co;Florida Farm Bureau Cas Ins Co;Universal North America Ins Co;QBE Specialty Insurance Co.;American Platinum P&C Ins Co.,10881035509.407564,15,36.189312511589605,6165122811.809382,86840747.04691558,1,0.9811320754716981,25129094990.904102,300194520.0,18208698791.7082,539937478.65,359958319.1,539937478.65,359958319.1,19470032684.343124,22911032684.343124,3441000000.0,1395853723.0,1395853723.0,0.0,False,14763448212.604687,14763448212.604687,0.0,1.0,10240890801.523613,4522557411.081073,2575000000.0,0.0,14,9464500000.0,9464500000.0,9
double_gm,baseline,,COMPOSITE,"{""double_gm"": 0.7126635198106699}",321140213590.44794,228864914970.11893,92275298620.329,38301119808.88472,84676504753.17622,0.0,84357510554.70714,21529779853.350815,38301119808.88472,84676504753.17622,27087659875.661976,65187638744.667015,26.268124322259055,6.704168130375561,11.926603454816895,26.367456073615458,8.43483896732006,20.298809051612952,84357510554.70714,21529779853.350815,27087659875.661976,38,23,15,Universal P&C Insurance Co.;Florida Family Insurance Co.;First Protective Insurance Co.;Spinnaker Insurance Co.;Cypress P&C Insurance Co.;Florida Peninsula Insurance Co;Tower Hill Insurance Exchange;Kin Interinsurance Network;Unique Insurance Co.;Heritage P&C Insurance Co.;Florida Family Home Ins Co.;US Coastal P&C Insurance Co.;TypTap Insurance Co.;Homeowners Choice P&C Ins Co.;Vault E&S Insurance Co.;Edison Insurance Co.;Safe Harbor Insurance Co.;Spinnaker Specialty Ins Co.;GeoVera Specialty Insurance Co;Florida Farm Bureau Cas Ins Co;Universal North America Ins Co;QBE Specialty Insurance Co.;Auto Club Insurance Co. of FL;American Platinum P&C Ins Co.;Privilege Underwriters Recpl;FL Farm Bureau General Ins Co.;Castle Key Insurance Co.;Chubb Custom Insurance Co.;Homesite Insurance Co.;PURE Specialty Exchange;State Farm FL Ins Co;AIG Property Casualty Co.;Foremost P&C Insurance Co.;ASI Preferred Insurance Corp.;Nationwide P&C Insurance Co.;ACE Ins Co. of the Midwest;Castle Key Indemnity Co.;First Liberty Insurance Corp.,Universal P&C Insurance Co.;Florida Family Insurance Co.;First Protective Insurance Co.;Spinnaker Insurance Co.;Cypress P&C Insurance Co.;Florida Peninsula Insurance Co;Tower Hill Insurance Exchange;Kin Interinsurance Network;Unique Insurance Co.;Heritage P&C Insurance Co.;Florida Family Home Ins Co.;US Coastal P&C Insurance Co.;TypTap Insurance Co.;Homeowners Choice P&C Ins Co.;Vault E&S Insurance Co.;Edison Insurance Co.;Safe Harbor Insurance Co.;Spinnaker Specialty Ins Co.;GeoVera Specialty Insurance Co;Florida Farm Bureau Cas Ins Co;Universal North America Ins Co;QBE Specialty Insurance Co.;American Platinum P&C Ins Co.,12061358398.701283,15,36.189312511589605,6452534938.568045,109440948.4512395,1,0.9811320754716981,27429650557.059612,300194520.0,15903891662.884443,539937478.65,359958319.1,539937478.65,359958319.1,23646659875.661976,27087659875.661976,3441000000.0,1395853723.0,1395853723.0,0.0,False,14762979765.61901,14762979765.61901,0.0,1.0,10240422354.537937,4522557411.081074,2575000000.0,0.0,14,9464500000.0,9464500000.0,10
double_gm,baseline,,COMPOSITE,"{""double_gm"": 0.6988347527096136}",321140213590.4479,224423941749.59314,96716271840.85475,12431367438.408981,102415525771.04143,0.0,87076348723.93083,22500699816.211926,12431367438.408981,102415525771.04143,28381913096.2196,68334358744.635155,27.114744600307155,7.006503347758001,3.8710092701946017,31.891218052701614,8.837857077723449,21.278667651315196,87076348723.93083,22500699816.211926,28381913096.2196,37,23,14,Universal P&C Insurance Co.;Florida Family Insurance Co.;First Protective Insurance Co.;Spinnaker Insurance Co.;Cypress P&C Insurance Co.;Florida Peninsula Insurance Co;Tower Hill Insurance Exchange;Kin Interinsurance Network;Unique Insurance Co.;Heritage P&C Insurance Co.;Florida Family Home Ins Co.;US Coastal P&C Insurance Co.;TypTap Insurance Co.;Homeowners Choice P&C Ins Co.;Vault E&S Insurance Co.;Edison Insurance Co.;Safe Harbor Insurance Co.;Spinnaker Specialty Ins Co.;GeoVera Specialty Insurance Co;Florida Farm Bureau Cas Ins Co;Universal North America Ins Co;QBE Specialty Insurance Co.;Auto Club Insurance Co. of FL;American Platinum P&C Ins Co.;Privilege Underwriters Recpl;FL Farm Bureau General Ins Co.;Castle Key Insurance Co.;Homesite Insurance Co.;PURE Specialty Exchange;State Farm FL Ins Co;AIG Property Casualty Co.;Foremost P&C Insurance Co.;ASI Preferred Insurance Corp.;Nationwide P&C Insurance Co.;ACE Ins Co. of the Midwest;Castle Key Indemnity Co.;First Liberty Insurance Corp.,Universal P&C Insurance Co.;Florida Family Insurance Co.;First Protective Insurance Co.;Spinnaker Insurance Co.;Cypress P&C Insurance Co.;Florida Peninsula Insurance Co;Tower Hill Insurance Exchange;Kin Interinsurance Network;Unique Insurance Co.;Heritage P&C Insurance Co.;Florida Family Home Ins Co.;US Coastal P&C Insurance Co.;TypTap Insurance Co.;Homeowners Choice P&C Ins Co.;Vault E&S Insurance Co.;Edison Insurance Co.;Safe Harbor Insurance Co.;Spinnaker Specialty Ins Co.;GeoVera Specialty Insurance Co;Florida Farm Bureau Cas Ins Co;Universal North America Ins Co;QBE Specialty Insurance Co.;American Platinum P&C Ins Co.,11978745640.76498,14,36.189312511589605,7751658705.57409,128939448.96062323,1,0.9811320754716981,28181998571.52199,300194520.0,16871574851.545786,539937478.65,359958319.1,539937478.65,359958319.1,24940913096.2196,28381913096.2196,3441000000.0,1395853723.0,1395853723.0,0.0,False,14759180745.805187,14759180745.805187,0.0,1.0,10236623334.724115,4522557411.081072,2574999999.9999995,0.0,14,9464500000.0,9464500000.0,11
double_gm,baseline,,COMPOSITE,"{""double_gm"": 0.8134988484299556}",321140213590.44794,261247193940.37933,59893019650.06858,23357291177.12205,84020748184.66957,0.0,115920032947.13297,37949121631.45472,23357291177.12205,84020748184.66957,17650343601.70946,42242676048.35911,36.096392803352394,11.816994579150235,7.273237728772812,26.163259731720096,5.496148677355945,13.153966479648496,115920032947.13297,37949121631.45472,17650343601.70946,43,23,20,Universal P&C Insurance Co.;Florida Family Insurance Co.;First Protective Insurance Co.;Spinnaker Insurance Co.;Cypress P&C Insurance Co.;Florida Peninsula Insurance Co;Tower Hill Insurance Exchange;Kin Interinsurance Network;Unique Insurance Co.;Heritage P&C Insurance Co.;Florida Family Home Ins Co.;US Coastal P&C Insurance Co.;TypTap Insurance Co.;Homeowners Choice P&C Ins Co.;Vault E&S Insurance Co.;Edison Insurance Co.;Safe Harbor Insurance Co.;Spinnaker Specialty Ins Co.;GeoVera Specialty Insurance Co;Florida Farm Bureau Cas Ins Co;Universal North America Ins Co;QBE Specialty Insurance Co.;Auto Club Insurance Co. of FL;American Platinum P&C Ins Co.;Privilege Underwriters Recpl;American Strategic Ins Corp.;FL Farm Bureau General Ins Co.;Castle Key Insurance Co.;Chubb Custom Insurance Co.;Homesite Insurance Co.;Farmers Casualty Ins Co.;Scottsdale Insurance Co.;PURE Specialty Exchange;First Floridian Auto & Home;State Farm FL Ins Co;AIG Specialty Insurance Co.;AIG Property Casualty Co.;Foremost P&C Insurance Co.;ASI Preferred Insurance Corp.;Nationwide P&C Insurance Co.;ACE Ins Co. of the Midwest;Castle Key Indemnity Co.;First Liberty Insurance Corp.,Universal P&C Insurance Co.;Florida Family Insurance Co.;First Protective Insurance Co.;Spinnaker Insurance Co.;Cypress P&C Insurance Co.;Florida Peninsula Insurance Co;Tower Hill Insurance Exchange;Kin Interinsurance Network;Unique Insurance Co.;Heritage P&C Insurance Co.;Florida Family Home Ins Co.;US Coastal P&C Insurance Co.;TypTap Insurance Co.;Homeowners Choice P&C Ins Co.;Vault E&S Insurance Co.;Edison Insurance Co.;Safe Harbor Insurance Co.;Spinnaker Specialty Ins Co.;GeoVera Specialty Insurance Co;Florida Farm Bureau Cas Ins Co;Universal North America Ins Co;QBE Specialty Insurance Co.;American Platinum P&C Ins Co.,17874272750.361675,20,36.189312511589605,9294809397.088781,160377477.64206383,1,0.9811320754716981,39771790578.597115,300194520.0,32264729838.56751,539937478.65,359958319.1,539937478.65,359958319.1,14209343601.709461,17650343601.70946,3441000000.0,1395853723.0,1395853723.0,0.0,False,14771834756.47836,14771834756.47836,0.0,1.0,10249277345.397287,4522557411.081073,2642464952.0220857,0.0,15,9464500000.0,9464500000.0,12
double_gm,baseline,,COMPOSITE,"{""double_gm"": 0.7023871426090355}",321140213590.4479,225564757000.65002,95575456589.79787,38339534968.772316,76870799518.62253,0.0,87260148458.48235,23094274054.772827,38339534968.772316,76870799518.62253,28049440068.479336,67526016521.318535,27.17197808486413,7.191336705101996,11.938565569264696,23.936833901672724,8.73432814747111,21.026957591625347,87260148458.48235,23094274054.772827,28049440068.479336,38,23,15,Universal P&C Insurance Co.;Florida Family Insurance Co.;First Protective Insurance Co.;Spinnaker Insurance Co.;Cypress P&C Insurance Co.;Florida Peninsula Insurance Co;Tower Hill Insurance Exchange;Kin Interinsurance Network;Unique Insurance Co.;Heritage P&C Insurance Co.;Florida Family Home Ins Co.;US Coastal P&C Insurance Co.;TypTap Insurance Co.;Homeowners Choice P&C Ins Co.;Vault E&S Insurance Co.;Edison Insurance Co.;Safe Harbor Insurance Co.;Spinnaker Specialty Ins Co.;GeoVera Specialty Insurance Co;Florida Farm Bureau Cas Ins Co;Universal North America Ins Co;QBE Specialty Insurance Co.;Auto Club Insurance Co. of FL;American Platinum P&C Ins Co.;Privilege Underwriters Recpl;FL Farm Bureau General Ins Co.;Castle Key Insurance Co.;Chubb Custom Insurance Co.;Homesite Insurance Co.;PURE Specialty Exchange;State Farm FL Ins Co;AIG Property Casualty Co.;Foremost P&C Insurance Co.;ASI Preferred Insurance Corp.;Nationwide P&C Insurance Co.;ACE Ins Co. of the Midwest;Castle Key Indemnity Co.;First Liberty Insurance Corp.,Universal P&C Insurance Co.;Florida Family Insurance Co.;First Protective Insurance Co.;Spinnaker Insurance Co.;Cypress P&C Insurance Co.;Florida Peninsula Insurance Co;Tower Hill Insurance Exchange;Kin Interinsurance Network;Unique Insurance Co.;Heritage P&C Insurance Co.;Florida Family Home Ins Co.;US Coastal P&C Insurance Co.;TypTap Insurance Co.;Homeowners Choice P&C Ins Co.;Vault E&S Insurance Co.;Edison Insurance Co.;Safe Harbor Insurance Co.;Spinnaker Specialty Ins Co.;GeoVera Specialty Insurance Co;Florida Farm Bureau Cas Ins Co;Universal North America Ins Co;QBE Specialty Insurance Co.;American Platinum P&C Ins Co.,11307064786.886038,15,36.189312511589605,7550487588.6860485,125981388.93659118,1,0.9811320754716981,28911890135.898792,300194520.0,17460041865.78906,539937478.65,359958319.1,539937478.65,359958319.1,24608440068.479336,28049440068.479336,3441000000.0,1395853723.0,1395853723.0,0.0,False,14768113017.251015,14768113017.251015,0.0,1.0,10245555606.16994,4522557411.081073,2575000000.0,0.0,14,9464500000.0,9464500000.0,13
double_gm,baseline,,COMPOSITE,"{""double_gm"": 0.7668800254108712}",321140213590.4479,246276015158.69528,74864198431.75261,37301827888.73793,105292002113.66634,0.0,81726115470.17184,21956069686.11918,37301827888.73793,105292002113.66634,22013462988.284954,52850735443.46765,25.44873298689328,6.836910719041836,11.615433480501194,32.78692535465081,6.8547824460124644,16.457215012900416,81726115470.17184,21956069686.11918,22013462988.284954,38,23,15,Universal P&C Insurance Co.;Florida Family Insurance Co.;First Protective Insurance Co.;Spinnaker Insurance Co.;Cypress P&C Insurance Co.;Florida Peninsula Insurance Co;Tower Hill Insurance Exchange;Kin Interinsurance Network;Unique Insurance Co.;Heritage P&C Insurance Co.;Florida Family Home Ins Co.;US Coastal P&C Insurance Co.;TypTap Insurance Co.;Homeowners Choice P&C Ins Co.;Vault E&S Insurance Co.;Edison Insurance Co.;Safe Harbor Insurance Co.;Spinnaker Specialty Ins Co.;GeoVera Specialty Insurance Co;Florida Farm Bureau Cas Ins Co;Universal North America Ins Co;QBE Specialty Insurance Co.;Auto Club Insurance Co. of FL;American Platinum P&C Ins Co.;Privilege Underwriters Recpl;FL Farm Bureau General Ins Co.;Castle Key Insurance Co.;Chubb Custom Insurance Co.;Homesite Insurance Co.;PURE Specialty Exchange;State Farm FL Ins Co;AIG Property Casualty Co.;Foremost P&C Insurance Co.;ASI Preferred Insurance Corp.;Nationwide P&C Insurance Co.;ACE Ins Co. of the Midwest;Castle Key Indemnity Co.;First Liberty Insurance Corp.,Universal P&C Insurance Co.;Florida Family Insurance Co.;First Protective Insurance Co.;Spinnaker Insurance Co.;Cypress P&C Insurance Co.;Florida Peninsula Insurance Co;Tower Hill Insurance Exchange;Kin Interinsurance Network;Unique Insurance Co.;Heritage P&C Insurance Co.;Florida Family Home Ins Co.;US Coastal P&C Insurance Co.;TypTap Insurance Co.;Homeowners Choice P&C Ins Co.;Vault E&S Insurance Co.;Edison Insurance Co.;Safe Harbor Insurance Co.;Spinnaker Specialty Ins Co.;GeoVera Specialty Insurance Co;Florida Farm Bureau Cas Ins Co;Universal North America Ins Co;QBE Specialty Insurance Co.;American Platinum P&C Ins Co.,11196666744.099558,15,36.189312511589605,5170880498.429981,119969064.87496412,1,0.9811320754716981,24777681287.28527,300194520.0,16319903491.10706,539937478.65,359958319.1,539937478.65,359958319.1,18572462988.284954,22013462988.284954,3441000000.0,1395853723.0,1395853723.0,0.0,False,14766070514.132328,14766070514.132328,0.0,1.0,10243513103.051256,4522557411.081073,2575000000.0,0.0,14,9464500000.0,9464500000.0,14
double_gm,baseline,,COMPOSITE,"{""double_gm"": 0.6763904915416825}",321140213590.44794,217216186924.24402,103924026666.20393,45463719688.26389,67950373429.462036,0.0,78357735457.37419,25444358349.143864,45463719688.26389,67950373429.462036,30482502186.147408,73441524480.05653,24.399851573027938,7.923130543094553,14.156968752049238,21.15909828599652,9.491960488331095,22.86899035750065,78357735457.37419,25444358349.143864,30482502186.147408,37,23,14,Universal P&C Insurance Co.;Florida Family Insurance Co.;First Protective Insurance Co.;Spinnaker Insurance Co.;Cypress P&C Insurance Co.;Florida Peninsula Insurance Co;Tower Hill Insurance Exchange;Kin Interinsurance Network;Unique Insurance Co.;Heritage P&C Insurance Co.;Florida Family Home Ins Co.;US Coastal P&C Insurance Co.;TypTap Insurance Co.;Homeowners Choice P&C Ins Co.;Vault E&S Insurance Co.;Edison Insurance Co.;Safe Harbor Insurance Co.;Spinnaker Specialty Ins Co.;GeoVera Specialty Insurance Co;Florida Farm Bureau Cas Ins Co;Universal North America Ins Co;QBE Specialty Insurance Co.;Auto Club Insurance Co. of FL;American Platinum P&C Ins Co.;Privilege Underwriters Recpl;FL Farm Bureau General Ins Co.;Castle Key Insurance Co.;Homesite Insurance Co.;PURE Specialty Exchange;State Farm FL Ins Co;AIG Property Casualty Co.;Foremost P&C Insurance Co.;ASI Preferred Insurance Corp.;Nationwide P&C Insurance Co.;ACE Ins Co. of the Midwest;Castle Key Indemnity Co.;First Liberty Insurance Corp.,Universal P&C Insurance Co.;Florida Family Insurance Co.;First Protective Insurance Co.;Spinnaker Insurance Co.;Cypress P&C Insurance Co.;Florida Peninsula Insurance Co;Tower Hill Insurance Exchange;Kin Interinsurance Network;Unique Insurance Co.;Heritage P&C Insurance Co.;Florida Family Home Ins Co.;US Coastal P&C Insurance Co.;TypTap Insurance Co.;Homeowners Choice P&C Ins Co.;Vault E&S Insurance Co.;Edison Insurance Co.;Safe Harbor Insurance Co.;Spinnaker Specialty Ins Co.;GeoVera Specialty Insurance Co;Florida Farm Bureau Cas Ins Co;Universal North America Ins Co;QBE Specialty Insurance Co.;American Platinum P&C Ins Co.,10745992034.488495,14,36.189312511589605,5498512491.872569,99311788.30780688,1,0.9811320754716981,24417002579.91366,300194520.0,19765802947.167183,539937478.65,359958319.1,539937478.65,359958319.1,27041502186.147408,30482502186.147408,3441000000.0,1395853723.0,1395853723.0,0.0,False,14756534522.601288,14756534522.601288,0.0,1.0,10233977111.520214,4522557411.081074,2575000000.0,0.0,14,9464500000.0,9464500000.0,15
double_gm,baseline,,COMPOSITE,"{""double_gm"": 0.8205497439492779}",321140213590.4479,263511520033.45844,57628693556.98944,54247033613.20114,86385932741.76408,0.0,97618540450.63155,25260013227.861694,54247033613.20114,86385932741.76408,16990440649.62334,40638252907.3661,30.39748256975537,7.865727230310666,16.892008947338724,26.89975564752305,5.290661191155386,12.654364413916818,97618540450.63155,25260013227.861694,16990440649.62334,40,23,17,Universal P&C Insurance Co.;Florida Family Insurance Co.;First Protective Insurance Co.;Spinnaker Insurance Co.;Cypress P&C Insurance Co.;Florida Peninsula Insurance Co;Tower Hill Insurance Exchange;Kin Interinsurance Network;Unique Insurance Co.;Heritage P&C Insurance Co.;Florida Family Home Ins Co.;US Coastal P&C Insurance Co.;TypTap Insurance Co.;Homeowners Choice P&C Ins Co.;Vault E&S Insurance Co.;Edison Insurance Co.;Safe Harbor Insurance Co.;Spinnaker Specialty Ins Co.;GeoVera Specialty Insurance Co;Florida Farm Bureau Cas Ins Co;Universal North America Ins Co;QBE Specialty Insurance Co.;Auto Club Insurance Co. of FL;American Platinum P&C Ins Co.;Privilege Underwriters Recpl;FL Farm Bureau General Ins Co.;Castle Key Insurance Co.;Chubb Custom Insurance Co.;Homesite Insurance Co.;Farmers Casualty Ins Co.;Scottsdale Insurance Co.;PURE Specialty Exchange;State Farm FL Ins Co;AIG Property Casualty Co.;Foremost P&C Insurance Co.;ASI Preferred Insurance Corp.;Nationwide P&C Insurance Co.;ACE Ins Co. of the Midwest;Castle Key Indemnity Co.;First Liberty Insurance Corp.,Universal P&C Insurance Co.;Florida Family Insurance Co.;First Protective Insurance Co.;Spinnaker Insurance Co.;Cypress P&C Insurance Co.;Florida Peninsula Insurance Co;Tower Hill Insurance Exchange;Kin Interinsurance Network;Unique Insurance Co.;Heritage P&C Insurance Co.;Florida Family Home Ins Co.;US Coastal P&C Insurance Co.;TypTap Insurance Co.;Homeowners Choice P&C Ins Co.;Vault E&S Insurance Co.;Edison Insurance Co.;Safe Harbor Insurance Co.;Spinnaker Specialty Ins Co.;GeoVera Specialty Insurance Co;Florida Farm Bureau Cas Ins Co;Universal North America Ins Co;QBE Specialty Insurance Co.;American Platinum P&C Ins Co.,14184935827.557644,17,36.189312511589605,6295206209.706846,116220902.40880111,1,0.9811320754716981,31121793276.500275,300194520.0,19628471933.982025,539937478.65,359958319.1,539937478.65,359958319.1,13549440649.62334,16990440649.62334,3441000000.0,1395853723.0,1395853723.0,0.0,False,14771834756.478363,14771834756.478363,0.0,1.0,10249277345.39729,4522557411.081073,2575000000.0,0.0,14,9464500000.0,9464500000.0,16
double_gm,baseline,,COMPOSITE,"{""double_gm"": 0.6483173630721579}",321140213590.4479,208200776451.38873,112939437139.05913,50677824320.82696,89725251723.13531,0.0,54196516943.52121,13601183463.905275,50677824320.82696,89725251723.13531,33109904662.97667,79829532476.08249,16.87627853814607,4.235278824735089,15.780591210995675,27.93958773333896,10.310108563732207,24.858155129052008,54196516943.52121,13601183463.905275,33109904662.97667,34,22,12,Universal P&C Insurance Co.;Florida Family Insurance Co.;First Protective Insurance Co.;Cypress P&C Insurance Co.;Florida Peninsula Insurance Co;Tower Hill Insurance Exchange;Kin Interinsurance Network;Unique Insurance Co.;Heritage P&C Insurance Co.;Florida Family Home Ins Co.;US Coastal P&C Insurance Co.;TypTap Insurance Co.;Homeowners Choice P&C Ins Co.;Vault E&S Insurance Co.;Edison Insurance Co.;Safe Harbor Insurance Co.;Spinnaker Specialty Ins Co.;GeoVera Specialty Insurance Co;Florida Farm Bureau Cas Ins Co;Universal North America Ins Co;QBE Specialty Insurance Co.;Auto Club Insurance Co. of FL;American Platinum P&C Ins Co.;FL Farm Bureau General Ins Co.;Castle Key Insurance Co.;Homesite Insurance Co.;State Farm FL Ins Co;AIG Property Casualty Co.;Foremost P&C Insurance Co.;ASI Preferred Insurance Corp.;Nationwide P&C Insurance Co.;ACE Ins Co. of the Midwest;Castle Key Indemnity Co.;First Liberty Insurance Corp.,Universal P&C Insurance Co.;Florida Family Insurance Co.;First Protective Insurance Co.;Cypress P&C Insurance Co.;Florida Peninsula Insurance Co;Tower Hill Insurance Exchange;Kin Interinsurance Network;Unique Insurance Co.;Heritage P&C Insurance Co.;Florida Family Home Ins Co.;US Coastal P&C Insurance Co.;TypTap Insurance Co.;Homeowners Choice P&C Ins Co.;Vault E&S Insurance Co.;Edison Insurance Co.;Safe Harbor Insurance Co.;Spinnaker Specialty Ins Co.;GeoVera Specialty Insurance Co;Florida Farm Bureau Cas Ins Co;Universal North America Ins Co;QBE Specialty Insurance Co.;American Platinum P&C Ins Co.,7397822563.91651,12,35.89838321723671,3310765247.302611,61041909.547526404,1,0.9811320754716981,12798378565.884964,303407340.0,7992253847.572668,539937478.65,359958319.1,539937478.65,359958319.1,29668904662.97667,33109904662.97667,3441000000.0,1395853723.0,1395853723.0,0.0,False,14730920914.170952,14730920914.170952,0.0,1.0,10208363503.08988,4522557411.081073,2298211284.161337,0.0,14,9464500000.0,9464500000.0,17
double_gm,baseline,,COMPOSITE,"{""double_gm"": 0.7331522288994118}",321140213590.4479,235444663383.07004,85695550207.37787,49971100216.04493,109555637313.64882,0.0,56899262764.720474,19018663088.655834,49971100216.04493,109555637313.64882,25170093578.580643,60525456628.797226,17.71788781248195,5.92223031678943,15.56052406434947,34.11458069632033,7.837727109031639,18.847050001027192,56899262764.720474,19018663088.655834,25170093578.580643,35,23,12,Universal P&C Insurance Co.;Florida Family Insurance Co.;First Protective Insurance Co.;Cypress P&C Insurance Co.;Florida Peninsula Insurance Co;Tower Hill Insurance Exchange;Kin Interinsurance Network;Unique Insurance Co.;Heritage P&C Insurance Co.;Florida Family Home Ins Co.;US Coastal P&C Insurance Co.;TypTap Insurance Co.;Homeowners Choice P&C Ins Co.;Vault E&S Insurance Co.;Edison Insurance Co.;Safe Harbor Insurance Co.;Spinnaker Specialty Ins Co.;GeoVera Specialty Insurance Co;Florida Farm Bureau Cas Ins Co;Universal North America Ins Co;QBE Specialty Insurance Co.;Auto Club Insurance Co. of FL;American Platinum P&C Ins Co.;FL Farm Bureau General Ins Co.;Castle Key Insurance Co.;Homesite Insurance Co.;PURE Specialty Exchange;State Farm FL Ins Co;AIG Property Casualty Co.;Foremost P&C Insurance Co.;ASI Preferred Insurance Corp.;Nationwide P&C Insurance Co.;ACE Ins Co. of the Midwest;Castle Key Indemnity Co.;First Liberty Insurance Corp.,Universal P&C Insurance Co.;Florida Family Insurance Co.;First Protective Insurance Co.;Cypress P&C Insurance Co.;Florida Peninsula Insurance Co;Tower Hill Insurance Exchange;Kin Interinsurance Network;Unique Insurance Co.;Heritage P&C Insurance Co.;Florida Family Home Ins Co.;US Coastal P&C Insurance Co.;TypTap Insurance Co.;Homeowners Choice P&C Ins Co.;Vault E&S Insurance Co.;Edison Insurance Co.;Safe Harbor Insurance Co.;Spinnaker Specialty Ins Co.;GeoVera Specialty Insurance Co;Florida Farm Bureau Cas Ins Co;Universal North America Ins Co;QBE Specialty Insurance Co.;American Platinum P&C Ins Co.;Castle Key Indemnity Co.,7180567225.21043,13,37.63650469101551,3628397857.775593,48860727.13617864,1,0.9811320754716981,14856321476.71263,284212740.0,13337961135.309895,539937478.65,359958319.1,539937478.65,359958319.1,21729093578.580643,25170093578.580643,3441000000.0,1395853723.0,1395853723.0,0.0,False,14733678014.188736,14733678014.188736,0.0,1.0,10211120603.107664,4522557411.081072,2276432987.9603405,0.0,14,9464500000.0,9464500000.0,18
double_gm,baseline,,COMPOSITE,"{""double_gm"": 0.7010571973069182}",321140213590.4479,225137658082.26447,96002555508.18341,46306172663.10993,108717766471.87645,0.0,56066292854.42627,14047426092.85183,46306172663.10993,108717766471.87645,28173911467.690277,67828644040.49313,17.458508925926033,4.374234523853994,14.419300574472583,33.85367570643921,8.773087354180015,21.121192915128166,56066292854.42627,14047426092.85183,28173911467.690277,33,21,12,Universal P&C Insurance Co.;Florida Family Insurance Co.;First Protective Insurance Co.;Cypress P&C Insurance Co.;Florida Peninsula Insurance Co;Tower Hill Insurance Exchange;Kin Interinsurance Network;Unique Insurance Co.;Heritage P&C Insurance Co.;Florida Family Home Ins Co.;US Coastal P&C Insurance Co.;TypTap Insurance Co.;Homeowners Choice P&C Ins Co.;Vault E&S Insurance Co.;Edison Insurance Co.;Safe Harbor Insurance Co.;GeoVera Specialty Insurance Co;Florida Farm Bureau Cas Ins Co;Universal North America Ins Co;QBE Specialty Insurance Co.;Auto Club Insurance Co. of FL;American Platinum P&C Ins Co.;FL Farm Bureau General Ins Co.;Castle Key Insurance Co.;Homesite Insurance Co.;State Farm FL Ins Co;AIG Property Casualty Co.;Foremost P&C Insurance Co.;ASI Preferred Insurance Corp.;Nationwide P&C Insurance Co.;ACE Ins Co. of the Midwest;Castle Key Indemnity Co.;First Liberty Insurance Corp.,Universal P&C Insurance Co.;Florida Family Insurance Co.;First Protective Insurance Co.;Cypress P&C Insurance Co.;Florida Peninsula Insurance Co;Tower Hill Insurance Exchange;Kin Interinsurance Network;Unique Insurance Co.;Heritage P&C Insurance Co.;Florida Family Home Ins Co.;US Coastal P&C Insurance Co.;TypTap Insurance Co.;Homeowners Choice P&C Ins Co.;Vault E&S Insurance Co.;Edison Insurance Co.;Safe Harbor Insurance Co.;GeoVera Specialty Insurance Co;Florida Farm Bureau Cas Ins Co;Universal North America Ins Co;QBE Specialty Insurance Co.;American Platinum P&C Ins Co.,6555674267.941408,12,35.80938809441937,3477261366.9703455,56650734.54557067,1,0.9811320754716981,13464778865.726675,304390140.0,8437510335.070257,539937478.65,359958319.1,539937478.65,359958319.1,24732911467.690277,28173911467.690277,3441000000.0,1395853723.0,1395853723.0,0.0,False,14731420342.816708,14731420342.816708,0.0,1.0,10208862931.735636,4522557411.081073,2219687273.4138584,0.0,14,9464500000.0,9464500000.0,19
double_gm,baseline,,COMPOSITE,"{""double_gm"": 0.6467885147624054}",321140213590.4479,207709801778.64743,113430411811.80046,30726014876.965466,103273103880.6171,0.0,57696839141.574394,16013843879.490484,30726014876.965466,103273103880.6171,33252991666.62504,80177420145.17545,17.966245490250415,4.986558270124663,9.567788018024595,32.158259697840876,10.354664492137626,24.966484031621842,57696839141.574394,16013843879.490484,33252991666.62504,35,22,13,Universal P&C Insurance Co.;Florida Family Insurance Co.;First Protective Insurance Co.;Cypress P&C Insurance Co.;Florida Peninsula Insurance Co;Tower Hill Insurance Exchange;Kin Interinsurance Network;Unique Insurance Co.;Heritage P&C Insurance Co.;Florida Family Home Ins Co.;US Coastal P&C Insurance Co.;TypTap Insurance Co.;Homeowners Choice P&C Ins Co.;Vault E&S Insurance Co.;Edison Insurance Co.;Safe Harbor Insurance Co.;Spinnaker Specialty Ins Co.;GeoVera Specialty Insurance Co;Florida Farm Bureau Cas Ins Co;Universal North America Ins Co;QBE Specialty Insurance Co.;Auto Club Insurance Co. of FL;American Platinum P&C Ins Co.;FL Farm Bureau General Ins Co.;Castle Key Insurance Co.;Homesite Insurance Co.;PURE Specialty Exchange;State Farm FL Ins Co;AIG Property Casualty Co.;Foremost P&C Insurance Co.;ASI Preferred Insurance Corp.;Nationwide P&C Insurance Co.;ACE Ins Co. of the Midwest;Castle Key Indemnity Co.;First Liberty Insurance Corp.,Universal P&C Insurance Co.;Florida Family Insurance Co.;First Protective Insurance Co.;Cypress P&C Insurance Co.;Florida Peninsula Insurance Co;Tower Hill Insurance Exchange;Kin Interinsurance Network;Unique Insurance Co.;Heritage P&C Insurance Co.;Florida Family Home Ins Co.;US Coastal P&C Insurance Co.;TypTap Insurance Co.;Homeowners Choice P&C Ins Co.;Vault E&S Insurance Co.;Edison Insurance Co.;Safe Harbor Insurance Co.;Spinnaker Specialty Ins Co.;GeoVera Specialty Insurance Co;Florida Farm Bureau Cas Ins Co;Universal North America Ins Co;QBE Specialty Insurance Co.;American Platinum P&C Ins Co.,6923503926.045346,13,35.89838321723671,4227511784.705909,57031603.89207721,1,0.9811320754716981,15059477804.380684,303407340.0,10379023755.431843,539937478.65,359958319.1,539937478.65,359958319.1,29811991666.62504,33252991666.62504,3441000000.0,1395853723.0,1395853723.0,0.0,False,14730204648.789951,14730204648.789951,0.0,1.0,10207647237.708878,4522557411.081073,2346927071.27858,0.0,14,9464500000.0,9464500000.0,20
double_gm,baseline,,COMPOSITE,"{""double_gm"": 0.7612040326609165}",321140213590.4479,244453225634.637,76686987955.8109,88038989425.26073,85228874166.03554,0.0,56901338476.13848,14284023567.202248,88038989425.26073,85228874166.03554,22544686910.331455,54142301045.479454,17.718534169222767,4.447908721085535,27.41450173460288,26.53945864118047,7.0202005093895945,16.85939622451876,56901338476.13848,14284023567.202248,22544686910.331455,35,22,13,Universal P&C Insurance Co.;Florida Family Insurance Co.;First Protective Insurance Co.;Cypress P&C Insurance Co.;Florida Peninsula Insurance Co;Tower Hill Insurance Exchange;Kin Interinsurance Network;Unique Insurance Co.;Heritage P&C Insurance Co.;Florida Family Home Ins Co.;US Coastal P&C Insurance Co.;TypTap Insurance Co.;Homeowners Choice P&C Ins Co.;Vault E&S Insurance Co.;Edison Insurance Co.;Safe Harbor Insurance Co.;Spinnaker Specialty Ins Co.;GeoVera Specialty Insurance Co;Florida Farm Bureau Cas Ins Co;Universal North America Ins Co;QBE Specialty Insurance Co.;Auto Club Insurance Co. of FL;American Platinum P&C Ins Co.;FL Farm Bureau General Ins Co.;Castle Key Insurance Co.;Homesite Insurance Co.;PURE Specialty Exchange;State Farm FL Ins Co;AIG Property Casualty Co.;Foremost P&C Insurance Co.;ASI Preferred Insurance Corp.;Nationwide P&C Insurance Co.;ACE Ins Co. of the Midwest;Castle Key Indemnity Co.;First Liberty Insurance Corp.,Universal P&C Insurance Co.;Florida Family Insurance Co.;First Protective Insurance Co.;Cypress P&C Insurance Co.;Florida Peninsula Insurance Co;Tower Hill Insurance Exchange;Kin Interinsurance Network;Unique Insurance Co.;Heritage P&C Insurance Co.;Florida Family Home Ins Co.;US Coastal P&C Insurance Co.;TypTap Insurance Co.;Homeowners Choice P&C Ins Co.;Vault E&S Insurance Co.;Edison Insurance Co.;Safe Harbor Insurance Co.;Spinnaker Specialty Ins Co.;GeoVera Specialty Insurance Co;Florida Farm Bureau Cas Ins Co;Universal North America Ins Co;QBE Specialty Insurance Co.;American Platinum P&C Ins Co.,6884836422.610934,13,35.89838321723671,2997078875.6941743,49100601.80847989,1,0.9811320754716981,14058854305.932968,303407340.0,8673104737.08101,539937478.65,359958319.1,539937478.65,359958319.1,19103686910.331455,22544686910.331455,3441000000.0,1395853723.0,1395853723.0,0.0,False,14729452274.042713,14729452274.042713,0.0,1.0,10206894862.961641,4522557411.081073,2509822285.103512,0.0,14,9464500000.0,9464500000.0,21
double_gm,baseline,,COMPOSITE,"{""double_gm"": 0.709297675395873}",321140213590.4479,227784006975.8388,93356206614.60907,31698930422.78271,82057059629.9716,0.0,90922443006.76646,23105573916.318043,31698930422.78271,82057059629.9716,27402673856.439346,65953532758.16974,28.312381682202037,7.19485537422751,9.870744640908956,25.551785842248798,8.532931316844095,20.537301143568612,90922443006.76646,23105573916.318043,27402673856.439346,38,23,15,Universal P&C Insurance Co.;Florida Family Insurance Co.;First Protective Insurance Co.;Spinnaker Insurance Co.;Cypress P&C Insurance Co.;Florida Peninsula Insurance Co;Tower Hill Insurance Exchange;Kin Interinsurance Network;Unique Insurance Co.;Heritage P&C Insurance Co.;Florida Family Home Ins Co.;US Coastal P&C Insurance Co.;TypTap Insurance Co.;Homeowners Choice P&C Ins Co.;Vault E&S Insurance Co.;Edison Insurance Co.;Safe Harbor Insurance Co.;Spinnaker Specialty Ins Co.;GeoVera Specialty Insurance Co;Florida Farm Bureau Cas Ins Co;Universal North America Ins Co;QBE Specialty Insurance Co.;Auto Club Insurance Co. of FL;American Platinum P&C Ins Co.;Privilege Underwriters Recpl;FL Farm Bureau General Ins Co.;Castle Key Insurance Co.;Chubb Custom Insurance Co.;Homesite Insurance Co.;PURE Specialty Exchange;State Farm FL Ins Co;AIG Property Casualty Co.;Foremost P&C Insurance Co.;ASI Preferred Insurance Corp.;Nationwide P&C Insurance Co.;ACE Ins Co. of the Midwest;Castle Key Indemnity Co.;First Liberty Insurance Corp.,Universal P&C Insurance Co.;Florida Family Insurance Co.;First Protective Insurance Co.;Spinnaker Insurance Co.;Cypress P&C Insurance Co.;Florida Peninsula Insurance Co;Tower Hill Insurance Exchange;Kin Interinsurance Network;Unique Insurance Co.;Heritage P&C Insurance Co.;Florida Family Home Ins Co.;US Coastal P&C Insurance Co.;TypTap Insurance Co.;Homeowners Choice P&C Ins Co.;Vault E&S Insurance Co.;Edison Insurance Co.;Safe Harbor Insurance Co.;Spinnaker Specialty Ins Co.;GeoVera Specialty Insurance Co;Florida Farm Bureau Cas Ins Co;Universal North America Ins Co;QBE Specialty Insurance Co.;American Platinum P&C Ins Co.,13398818630.30598,15,36.189312511589605,6239572927.877473,127515008.17070925,1,0.9811320754716981,28594334694.364704,300194520.0,17479060117.868362,539937478.65,359958319.1,539937478.65,359958319.1,23961673856.439346,27402673856.439346,3441000000.0,1395853723.0,1395853723.0,0.0,False,14765890764.544922,14765890764.544922,0.0,1.0,10243333353.46385,4522557411.081072,2577639217.303383,0.0,15,9464500000.0,9464500000.0,22
double_gm,baseline,,COMPOSITE,"{""double_gm"": 0.5624731390757329}",321140213590.4479,180632744021.67056,140507469568.77734,31018890441.958054,78780223835.22983,0.0,55643197712.07498,15190432032.407726,31018890441.958054,78780223835.22983,41144182958.4841,99363286610.2932,17.326761133389883,4.730155673303556,9.658986675993383,24.531410424886477,12.81190620709854,30.940779885328162,55643197712.07498,15190432032.407726,41144182958.4841,35,22,13,Universal P&C Insurance Co.;Florida Family Insurance Co.;First Protective Insurance Co.;Cypress P&C Insurance Co.;Florida Peninsula Insurance Co;Tower Hill Insurance Exchange;Kin Interinsurance Network;Unique Insurance Co.;Heritage P&C Insurance Co.;Florida Family Home Ins Co.;US Coastal P&C Insurance Co.;TypTap Insurance Co.;Homeowners Choice P&C Ins Co.;Vault E&S Insurance Co.;Edison Insurance Co.;Safe Harbor Insurance Co.;Spinnaker Specialty Ins Co.;GeoVera Specialty Insurance Co;Florida Farm Bureau Cas Ins Co;Universal North America Ins Co;QBE Specialty Insurance Co.;Auto Club Insurance Co. of FL;American Platinum P&C Ins Co.;FL Farm Bureau General Ins Co.;Castle Key Insurance Co.;Homesite Insurance Co.;PURE Specialty Exchange;State Farm FL Ins Co;AIG Property Casualty Co.;Foremost P&C Insurance Co.;ASI Preferred Insurance Corp.;Nationwide P&C Insurance Co.;ACE Ins Co. of the Midwest;Castle Key Indemnity Co.;First Liberty Insurance Corp.,Universal P&C Insurance Co.;Florida Family Insurance Co.;First Protective Insurance Co.;Cypress P&C Insurance Co.;Florida Peninsula Insurance Co;Tower Hill Insurance Exchange;Kin Interinsurance Network;Unique Insurance Co.;Heritage P&C Insurance Co.;Florida Family Home Ins Co.;US Coastal P&C Insurance Co.;TypTap Insurance Co.;Homeowners Choice P&C Ins Co.;Vault E&S Insurance Co.;Edison Insurance Co.;Safe Harbor Insurance Co.;Spinnaker Specialty Ins Co.;GeoVera Specialty Insurance Co;Florida Farm Bureau Cas Ins Co;Universal North America Ins Co;QBE Specialty Insurance Co.;American Platinum P&C Ins Co.,6651195800.569232,13,35.89838321723671,3516031018.7290726,43399254.33108573,1,0.9811320754716981,14387429481.861872,303407340.0,9560667064.300808,539937478.65,359958319.1,539937478.65,359958319.1,37703182958.4841,41144182958.4841,3441000000.0,1395853723.0,1395853723.0,0.0,False,14744272450.602154,14744272450.602154,0.0,1.0,10221715039.52108,4522557411.081074,2353729594.5294695,0.0,14,9464500000.0,9464500000.0,23
double_gm,baseline,,COMPOSITE,"{""double_gm"": 0.7306099403525013}",321140213590.4479,234628232296.10666,86511981294.34122,48423995084.42812,101605526313.73608,0.0,63449273181.20744,21149437716.73502,48423995084.42812,101605526313.73608,25408029839.66456,61103951454.67666,19.757498592849757,6.5857332161169415,15.078770280131765,31.638991946151673,7.911818191684825,19.02718777306504,63449273181.20744,21149437716.73502,25408029839.66456,35,22,13,Universal P&C Insurance Co.;Florida Family Insurance Co.;First Protective Insurance Co.;Cypress P&C Insurance Co.;Florida Peninsula Insurance Co;Tower Hill Insurance Exchange;Kin Interinsurance Network;Unique Insurance Co.;Heritage P&C Insurance Co.;Florida Family Home Ins Co.;US Coastal P&C Insurance Co.;TypTap Insurance Co.;Homeowners Choice P&C Ins Co.;Vault E&S Insurance Co.;Edison Insurance Co.;Safe Harbor Insurance Co.;Spinnaker Specialty Ins Co.;GeoVera Specialty Insurance Co;Florida Farm Bureau Cas Ins Co;Universal North America Ins Co;QBE Specialty Insurance Co.;Auto Club Insurance Co. of FL;American Platinum P&C Ins Co.;FL Farm Bureau General Ins Co.;Castle Key Insurance Co.;Homesite Insurance Co.;PURE Specialty Exchange;State Farm FL Ins Co;AIG Property Casualty Co.;Foremost P&C Insurance Co.;ASI Preferred Insurance Corp.;Nationwide P&C Insurance Co.;ACE Ins Co. of the Midwest;Castle Key Indemnity Co.;First Liberty Insurance Corp.,Universal P&C Insurance Co.;Florida Family Insurance Co.;First Protective Insurance Co.;Cypress P&C Insurance Co.;Florida Peninsula Insurance Co;Tower Hill Insurance Exchange;Kin Interinsurance Network;Unique Insurance Co.;Heritage P&C Insurance Co.;Florida Family Home Ins Co.;US Coastal P&C Insurance Co.;TypTap Insurance Co.;Homeowners Choice P&C Ins Co.;Vault E&S Insurance Co.;Edison Insurance Co.;Safe Harbor Insurance Co.;Spinnaker Specialty Ins Co.;GeoVera Specialty Insurance Co;Florida Farm Bureau Cas Ins Co;Universal North America Ins Co;QBE Specialty Insurance Co.;American Platinum P&C Ins Co.,7838613543.927387,13,35.89838321723671,4315702044.537667,75330058.6582869,1,0.9811320754716981,17436750630.143974,303407340.0,15467556370.225063,539937478.65,359958319.1,539937478.65,359958319.1,21967029839.66456,25408029839.66456,3441000000.0,1395853723.0,1395853723.0,0.0,False,14740060655.478142,14740060655.478142,0.0,1.0,10217503244.397068,4522557411.081074,2445608709.0478063,0.0,14,9464500000.0,9464500000.0,24
double_gm,baseline,,COMPOSITE,"{""double_gm"": 0.7118442989065642}",321140213590.4479,228601830193.99667,92538383396.45122,54445958019.9742,67552223226.42097,0.0,80942760557.78601,25660888389.815495,54445958019.9742,67552223226.42097,27164331880.168137,65374051516.283104,25.204803737539024,7.990555932849004,16.953952110591004,21.035118109677395,8.458713898350638,20.356856210992945,80942760557.78601,25660888389.815495,27164331880.168137,38,23,15,Universal P&C Insurance Co.;Florida Family Insurance Co.;First Protective Insurance Co.;Spinnaker Insurance Co.;Cypress P&C Insurance Co.;Florida Peninsula Insurance Co;Tower Hill Insurance Exchange;Kin Interinsurance Network;Unique Insurance Co.;Heritage P&C Insurance Co.;Florida Family Home Ins Co.;US Coastal P&C Insurance Co.;TypTap Insurance Co.;Homeowners Choice P&C Ins Co.;Vault E&S Insurance Co.;Edison Insurance Co.;Safe Harbor Insurance Co.;Spinnaker Specialty Ins Co.;GeoVera Specialty Insurance Co;Florida Farm Bureau Cas Ins Co;Universal North America Ins Co;QBE Specialty Insurance Co.;Auto Club Insurance Co. of FL;American Platinum P&C Ins Co.;Privilege Underwriters Recpl;FL Farm Bureau General Ins Co.;Castle Key Insurance Co.;Chubb Custom Insurance Co.;Homesite Insurance Co.;PURE Specialty Exchange;State Farm FL Ins Co;AIG Property Casualty Co.;Foremost P&C Insurance Co.;ASI Preferred Insurance Corp.;Nationwide P&C Insurance Co.;ACE Ins Co. of the Midwest;Castle Key Indemnity Co.;First Liberty Insurance Corp.,Universal P&C Insurance Co.;Florida Family Insurance Co.;First Protective Insurance Co.;Spinnaker Insurance Co.;Cypress P&C Insurance Co.;Florida Peninsula Insurance Co;Tower Hill Insurance Exchange;Kin Interinsurance Network;Unique Insurance Co.;Heritage P&C Insurance Co.;Florida Family Home Ins Co.;US Coastal P&C Insurance Co.;TypTap Insurance Co.;Homeowners Choice P&C Ins Co.;Vault E&S Insurance Co.;Edison Insurance Co.;Safe Harbor Insurance Co.;Spinnaker Specialty Ins Co.;GeoVera Specialty Insurance Co;Florida Farm Bureau Cas Ins Co;Universal North America Ins Co;QBE Specialty Insurance Co.;American Platinum P&C Ins Co.,11822714473.647861,15,36.189312511589605,5114474033.303619,100497124.39122362,1,0.9811320754716981,23564213547.819717,300194520.0,19987590062.055264,539937478.65,359958319.1,539937478.65,359958319.1,23723331880.168137,27164331880.168137,3441000000.0,1395853723.0,1395853723.0,0.0,False,14751031423.367935,14751031423.367935,0.0,1.0,10228474012.286861,4522557411.081073,2575000000.0,0.0,14,9464500000.0,9464500000.0,25
double_gm,baseline,,COMPOSITE,"{""double_gm"": 0.6722249095355987}",321140213590.4479,215878451029.08167,105261762561.36623,26779688189.830353,88720504210.65665,0.0,81904466695.59593,18473791932.99877,26779688189.830353,88720504210.65665,30872364701.54541,74389397859.82082,25.504269857666973,5.752562635011047,8.3389395212842,27.626718939597662,9.613359957752637,23.1641490886875,81904466695.59593,18473791932.99877,30872364701.54541,37,23,14,Universal P&C Insurance Co.;Florida Family Insurance Co.;First Protective Insurance Co.;Spinnaker Insurance Co.;Cypress P&C Insurance Co.;Florida Peninsula Insurance Co;Tower Hill Insurance Exchange;Kin Interinsurance Network;Unique Insurance Co.;Heritage P&C Insurance Co.;Florida Family Home Ins Co.;US Coastal P&C Insurance Co.;TypTap Insurance Co.;Homeowners Choice P&C Ins Co.;Vault E&S Insurance Co.;Edison Insurance Co.;Safe Harbor Insurance Co.;Spinnaker Specialty Ins Co.;GeoVera Specialty Insurance Co;Florida Farm Bureau Cas Ins Co;Universal North America Ins Co;QBE Specialty Insurance Co.;Auto Club Insurance Co. of FL;American Platinum P&C Ins Co.;Privilege Underwriters Recpl;FL Farm Bureau General Ins Co.;Castle Key Insurance Co.;Homesite Insurance Co.;PURE Specialty Exchange;State Farm FL Ins Co;AIG Property Casualty Co.;Foremost P&C Insurance Co.;ASI Preferred Insurance Corp.;Nationwide P&C Insurance Co.;ACE Ins Co. of the Midwest;Castle Key Indemnity Co.;First Liberty Insurance Corp.,Universal P&C Insurance Co.;Florida Family Insurance Co.;First Protective Insurance Co.;Spinnaker Insurance Co.;Cypress P&C Insurance Co.;Florida Peninsula Insurance Co;Tower Hill Insurance Exchange;Kin Interinsurance Network;Unique Insurance Co.;Heritage P&C Insurance Co.;Florida Family Home Ins Co.;US Coastal P&C Insurance Co.;TypTap Insurance Co.;Homeowners Choice P&C Ins Co.;Vault E&S Insurance Co.;Edison Insurance Co.;Safe Harbor Insurance Co.;Spinnaker Specialty Ins Co.;GeoVera Specialty Insurance Co;Florida Farm Bureau Cas Ins Co;Universal North America Ins Co;QBE Specialty Insurance Co.;American Platinum P&C Ins Co.,11066251490.58157,14,36.189312511589605,5769133822.810118,90952765.31388828,1,0.9811320754716981,24586903312.485035,300194520.0,12873723841.763515,539937478.65,359958319.1,539937478.65,359958319.1,27431364701.54541,30872364701.54541,3441000000.0,1395853723.0,1395853723.0,0.0,False,14761302306.854359,14761302306.854359,0.0,1.0,10238744895.773287,4522557411.081072,2575000000.0,0.0,14,9464500000.0,9464500000.0,26
double_gm,baseline,,COMPOSITE,"{""double_gm"": 0.7223739681676007}",321140213590.44794,231983330429.5227,89156883160.92522,30175384781.171947,103197933939.51224,0.0,75659257313.64339,22950754395.19511,30175384781.171947,103197933939.51224,26178845737.194324,62978037423.730896,23.559571212757582,7.146646051766144,9.396327057207104,32.13485249502923,8.151842911389592,19.610760271850342,75659257313.64339,22950754395.19511,26178845737.194324,37,23,14,Universal P&C Insurance Co.;Florida Family Insurance Co.;First Protective Insurance Co.;Spinnaker Insurance Co.;Cypress P&C Insurance Co.;Florida Peninsula Insurance Co;Tower Hill Insurance Exchange;Kin Interinsurance Network;Unique Insurance Co.;Heritage P&C Insurance Co.;Florida Family Home Ins Co.;US Coastal P&C Insurance Co.;TypTap Insurance Co.;Homeowners Choice P&C Ins Co.;Vault E&S Insurance Co.;Edison Insurance Co.;Safe Harbor Insurance Co.;Spinnaker Specialty Ins Co.;GeoVera Specialty Insurance Co;Florida Farm Bureau Cas Ins Co;Universal North America Ins Co;QBE Specialty Insurance Co.;Auto Club Insurance Co. of FL;American Platinum P&C Ins Co.;Privilege Underwriters Recpl;FL Farm Bureau General Ins Co.;Castle Key Insurance Co.;Homesite Insurance Co.;PURE Specialty Exchange;State Farm FL Ins Co;AIG Property Casualty Co.;Foremost P&C Insurance Co.;ASI Preferred Insurance Corp.;Nationwide P&C Insurance Co.;ACE Ins Co. of the Midwest;Castle Key Indemnity Co.;First Liberty Insurance Corp.,Universal P&C Insurance Co.;Florida Family Insurance Co.;First Protective Insurance Co.;Spinnaker Insurance Co.;Cypress P&C Insurance Co.;Florida Peninsula Insurance Co;Tower Hill Insurance Exchange;Kin Interinsurance Network;Unique Insurance Co.;Heritage P&C Insurance Co.;Florida Family Home Ins Co.;US Coastal P&C Insurance Co.;TypTap Insurance Co.;Homeowners Choice P&C Ins Co.;Vault E&S Insurance Co.;Edison Insurance Co.;Safe Harbor Insurance Co.;Spinnaker Specialty Ins Co.;GeoVera Specialty Insurance Co;Florida Farm Bureau Cas Ins Co;Universal North America Ins Co;QBE Specialty Insurance Co.;American Platinum P&C Ins Co.,10087911504.850132,14,36.189312511589605,5517596488.703086,89403081.11602996,1,0.9811320754716981,23477319861.478046,300194520.0,17288773386.194237,539937478.65,359958319.1,539937478.65,359958319.1,22737845737.194324,26178845737.194324,3441000000.0,1395853723.0,1395853723.0,0.0,False,14750289795.789444,14750289795.789444,0.0,1.0,10227732384.708372,4522557411.081072,2575000000.0,0.0,14,9464500000.0,9464500000.0,27
double_gm,baseline,,COMPOSITE,"{""double_gm"": 0.656107008315078}",321140213590.44794,210702344788.49393,110437868801.954,34274675517.272377,88916249324.91364,0.0,68446269361.82471,19065150584.48318,34274675517.272377,88916249324.91364,32380861114.193447,78057007687.76054,21.31351555028691,5.93670607966808,10.672807100073452,27.687672101479343,10.083091355070515,24.306207813421686,68446269361.82471,19065150584.48318,32380861114.193447,36,23,13,Universal P&C Insurance Co.;Florida Family Insurance Co.;First Protective Insurance Co.;Spinnaker Insurance Co.;Cypress P&C Insurance Co.;Florida Peninsula Insurance Co;Tower Hill Insurance Exchange;Kin Interinsurance Network;Unique Insurance Co.;Heritage P&C Insurance Co.;Florida Family Home Ins Co.;US Coastal P&C Insurance Co.;TypTap Insurance Co.;Homeowners Choice P&C Ins Co.;Vault E&S Insurance Co.;Edison Insurance Co.;Safe Harbor Insurance Co.;Spinnaker Specialty Ins Co.;GeoVera Specialty Insurance Co;Florida Farm Bureau Cas Ins Co;Universal North America Ins Co;QBE Specialty Insurance Co.;Auto Club Insurance Co. of FL;American Platinum P&C Ins Co.;FL Farm Bureau General Ins Co.;Castle Key Insurance Co.;Homesite Insurance Co.;PURE Specialty Exchange;State Farm FL Ins Co;AIG Property Casualty Co.;Foremost P&C Insurance Co.;ASI Preferred Insurance Corp.;Nationwide P&C Insurance Co.;ACE Ins Co. of the Midwest;Castle Key Indemnity Co.;First Liberty Insurance Corp.,Universal P&C Insurance Co.;Florida Family Insurance Co.;First Protective Insurance Co.;Spinnaker Insurance Co.;Cypress P&C Insurance Co.;Florida Peninsula Insurance Co;Tower Hill Insurance Exchange;Kin Interinsurance Network;Unique Insurance Co.;Heritage P&C Insurance Co.;Florida Family Home Ins Co.;US Coastal P&C Insurance Co.;TypTap Insurance Co.;Homeowners Choice P&C Ins Co.;Vault E&S Insurance Co.;Edison Insurance Co.;Safe Harbor Insurance Co.;Spinnaker Specialty Ins Co.;GeoVera Specialty Insurance Co;Florida Farm Bureau Cas Ins Co;Universal North America Ins Co;QBE Specialty Insurance Co.;American Platinum P&C Ins Co.,8707878128.827929,13,36.189312511589605,4860661904.304016,64620251.2481655,1,0.9811320754716981,19427382843.33227,300194520.0,13424838226.465273,539937478.65,359958319.1,539937478.65,359958319.1,28939861114.193447,32380861114.193447,3441000000.0,1395853723.0,1395853723.0,0.0,False,14751443520.374256,14751443520.374256,0.0,1.0,10228886109.293182,4522557411.081074,2551639773.68198,0.0,14,9464500000.0,9464500000.0,28
double_gm,baseline,,COMPOSITE,"{""double_gm"": 0.8022445978401873}",321140213590.4479,257633001502.18073,63507212088.267166,58383785372.52953,128733752378.4942,0.0,55620018927.53228,14895444823.62472,58383785372.52953,128733752378.4942,18703644301.93295,44803567786.33422,17.319543480924764,4.638299469595849,18.18015399559606,40.08646283790206,5.824136470739794,13.951403745241475,55620018927.53228,14895444823.62472,18703644301.93295,33,21,12,Universal P&C Insurance Co.;Florida Family Insurance Co.;First Protective Insurance Co.;Cypress P&C Insurance Co.;Florida Peninsula Insurance Co;Tower Hill Insurance Exchange;Kin Interinsurance Network;Unique Insurance Co.;Heritage P&C Insurance Co.;Florida Family Home Ins Co.;US Coastal P&C Insurance Co.;TypTap Insurance Co.;Homeowners Choice P&C Ins Co.;Vault E&S Insurance Co.;Edison Insurance Co.;Safe Harbor Insurance Co.;GeoVera Specialty Insurance Co;Florida Farm Bureau Cas Ins Co;Universal North America Ins Co;QBE Specialty Insurance Co.;Auto Club Insurance Co. of FL;American Platinum P&C Ins Co.;FL Farm Bureau General Ins Co.;Castle Key Insurance Co.;Homesite Insurance Co.;State Farm FL Ins Co;AIG Property Casualty Co.;Foremost P&C Insurance Co.;ASI Preferred Insurance Corp.;Nationwide P&C Insurance Co.;ACE Ins Co. of the Midwest;Castle Key Indemnity Co.;First Liberty Insurance Corp.,Universal P&C Insurance Co.;Florida Family Insurance Co.;First Protective Insurance Co.;Cypress P&C Insurance Co.;Florida Peninsula Insurance Co;Tower Hill Insurance Exchange;Kin Interinsurance Network;Unique Insurance Co.;Heritage P&C Insurance Co.;Florida Family Home Ins Co.;US Coastal P&C Insurance Co.;TypTap Insurance Co.;Homeowners Choice P&C Ins Co.;Vault E&S Insurance Co.;Edison Insurance Co.;Safe Harbor Insurance Co.;GeoVera Specialty Insurance Co;Florida Farm Bureau Cas Ins Co;Universal North America Ins Co;QBE Specialty Insurance Co.;American Platinum P&C Ins Co.,5936101136.913399,12,35.80938809441937,3258390238.7908,52202554.5564982,1,0.9811320754716981,13830170137.420925,304390140.0,9270308308.836935,539937478.65,359958319.1,539937478.65,359958319.1,15262644301.93295,18703644301.93295,3441000000.0,1395853723.0,1395853723.0,0.0,False,14731652517.649076,14731652517.649076,0.0,1.0,10209095106.568003,4522557411.081074,2341872970.539915,0.0,14,9464500000.0,9464500000.0,29
double_gm,baseline,,COMPOSITE,"{""double_gm"": 0.6516411203210898}",321140213590.44794,209268168564.23355,111872045026.21437,36501625056.48142,84579132770.98967,0.0,70329956424.12976,17857454312.63265,36501625056.48142,84579132770.98967,32798829677.596867,79073215348.6175,21.900077737950934,5.560640977652947,11.366257949567215,26.33713536693787,10.213242779811255,24.622645188079762,70329956424.12976,17857454312.63265,32798829677.596867,35,22,13,Universal P&C Insurance Co.;Florida Family Insurance Co.;First Protective Insurance Co.;Cypress P&C Insurance Co.;Florida Peninsula Insurance Co;Tower Hill Insurance Exchange;Kin Interinsurance Network;Unique Insurance Co.;Heritage P&C Insurance Co.;Florida Family Home Ins Co.;US Coastal P&C Insurance Co.;TypTap Insurance Co.;Homeowners Choice P&C Ins Co.;Vault E&S Insurance Co.;Edison Insurance Co.;Safe Harbor Insurance Co.;Spinnaker Specialty Ins Co.;GeoVera Specialty Insurance Co;Florida Farm Bureau Cas Ins Co;Universal North America Ins Co;QBE Specialty Insurance Co.;Auto Club Insurance Co. of FL;American Platinum P&C Ins Co.;FL Farm Bureau General Ins Co.;Castle Key Insurance Co.;Homesite Insurance Co.;PURE Specialty Exchange;State Farm FL Ins Co;AIG Property Casualty Co.;Foremost P&C Insurance Co.;ASI Preferred Insurance Corp.;Nationwide P&C Insurance Co.;ACE Ins Co. of the Midwest;Castle Key Indemnity Co.;First Liberty Insurance Corp.,Universal P&C Insurance Co.;Florida Family Insurance Co.;First Protective Insurance Co.;Cypress P&C Insurance Co.;Florida Peninsula Insurance Co;Tower Hill Insurance Exchange;Kin Interinsurance Network;Unique Insurance Co.;Heritage P&C Insurance Co.;Florida Family Home Ins Co.;US Coastal P&C Insurance Co.;TypTap Insurance Co.;Homeowners Choice P&C Ins Co.;Vault E&S Insurance Co.;Edison Insurance Co.;Safe Harbor Insurance Co.;Spinnaker Specialty Ins Co.;GeoVera Specialty Insurance Co;Florida Farm Bureau Cas Ins Co;Universal North America Ins Co;QBE Specialty Insurance Co.;American Platinum P&C Ins Co.,9767882835.912252,13,35.89838321723671,4460436151.417039,73636648.56453584,1,0.9811320754716981,20299139498.275517,303407340.0,12237104802.650124,539937478.65,359958319.1,539937478.65,359958319.1,29357829677.596867,32798829677.596867,3441000000.0,1395853723.0,1395853723.0,0.0,False,14739662910.654556,14739662910.654556,0.0,1.0,10217105499.573484,4522557411.081072,2575000000.0,0.0,14,9464500000.0,9464500000.0,30
double_gm,baseline,,COMPOSITE,"{""double_gm"": 0.5902256469332898}",321140213590.44794,189545190322.717,131595023267.73094,37695780624.50123,74964443273.55815,0.0,62208965948.70696,14676000475.95065,37695780624.50123,74964443273.55815,38546787803.10178,93048235464.62914,19.37127874867843,4.569966592432751,11.73810660553863,23.343212746679168,12.00310212543507,28.974333181235945,62208965948.70696,14676000475.95065,38546787803.10178,35,23,12,Universal P&C Insurance Co.;Florida Family Insurance Co.;First Protective Insurance Co.;Cypress P&C Insurance Co.;Florida Peninsula Insurance Co;Tower Hill Insurance Exchange;Kin Interinsurance Network;Unique Insurance Co.;Heritage P&C Insurance Co.;Florida Family Home Ins Co.;US Coastal P&C Insurance Co.;TypTap Insurance Co.;Homeowners Choice P&C Ins Co.;Vault E&S Insurance Co.;Edison Insurance Co.;Safe Harbor Insurance Co.;Spinnaker Specialty Ins Co.;GeoVera Specialty Insurance Co;Florida Farm Bureau Cas Ins Co;Universal North America Ins Co;QBE Specialty Insurance Co.;Auto Club Insurance Co. of FL;American Platinum P&C Ins Co.;FL Farm Bureau General Ins Co.;Castle Key Insurance Co.;Homesite Insurance Co.;PURE Specialty Exchange;State Farm FL Ins Co;AIG Property Casualty Co.;Foremost P&C Insurance Co.;ASI Preferred Insurance Corp.;Nationwide P&C Insurance Co.;ACE Ins Co. of the Midwest;Castle Key Indemnity Co.;First Liberty Insurance Corp.,Universal P&C Insurance Co.;Florida Family Insurance Co.;First Protective Insurance Co.;Cypress P&C Insurance Co.;Florida Peninsula Insurance Co;Tower Hill Insurance Exchange;Kin Interinsurance Network;Unique Insurance Co.;Heritage P&C Insurance Co.;Florida Family Home Ins Co.;US Coastal P&C Insurance Co.;TypTap Insurance Co.;Homeowners Choice P&C Ins Co.;Vault E&S Insurance Co.;Edison Insurance Co.;Safe Harbor Insurance Co.;Spinnaker Specialty Ins Co.;GeoVera Specialty Insurance Co;Florida Farm Bureau Cas Ins Co;Universal North America Ins Co;QBE Specialty Insurance Co.;American Platinum P&C Ins Co.;Castle Key Indemnity Co.,7508471730.0872,13,37.63650469101551,4713065699.048231,48329030.71836518,1,0.9811320754716981,16941086414.733727,284212740.0,9075448632.225204,539937478.65,359958319.1,539937478.65,359958319.1,35105787803.10178,38546787803.10178,3441000000.0,1395853723.0,1395853723.0,0.0,False,14743822292.52087,14743822292.52087,0.0,1.0,10221264881.439798,4522557411.081073,2341322966.5790753,0.0,14,9464500000.0,9464500000.0,31
double_gm,baseline,,COMPOSITE,"{""double_gm"": 0.856645881045689}",321140213590.4479,275103441210.38995,46036772380.05791,56556078190.49154,108267067788.45526,0.0,84346925011.53166,25933370219.91149,56556078190.49154,108267067788.45526,13612153825.836184,32424618554.22173,26.264828085061882,8.075404176253205,17.611023408802318,33.713332434451495,4.238694890822938,10.096717004608164,84346925011.53166,25933370219.91149,13612153825.836184,38,23,15,Universal P&C Insurance Co.;Florida Family Insurance Co.;First Protective Insurance Co.;Spinnaker Insurance Co.;Cypress P&C Insurance Co.;Florida Peninsula Insurance Co;Tower Hill Insurance Exchange;Kin Interinsurance Network;Unique Insurance Co.;Heritage P&C Insurance Co.;Florida Family Home Ins Co.;US Coastal P&C Insurance Co.;TypTap Insurance Co.;Homeowners Choice P&C Ins Co.;Vault E&S Insurance Co.;Edison Insurance Co.;Safe Harbor Insurance Co.;Spinnaker Specialty Ins Co.;GeoVera Specialty Insurance Co;Florida Farm Bureau Cas Ins Co;Universal North America Ins Co;QBE Specialty Insurance Co.;Auto Club Insurance Co. of FL;American Platinum P&C Ins Co.;Privilege Underwriters Recpl;FL Farm Bureau General Ins Co.;Castle Key Insurance Co.;Chubb Custom Insurance Co.;Homesite Insurance Co.;PURE Specialty Exchange;State Farm FL Ins Co;AIG Property Casualty Co.;Foremost P&C Insurance Co.;ASI Preferred Insurance Corp.;Nationwide P&C Insurance Co.;ACE Ins Co. of the Midwest;Castle Key Indemnity Co.;First Liberty Insurance Corp.,Universal P&C Insurance Co.;Florida Family Insurance Co.;First Protective Insurance Co.;Spinnaker Insurance Co.;Cypress P&C Insurance Co.;Florida Peninsula Insurance Co;Tower Hill Insurance Exchange;Kin Interinsurance Network;Unique Insurance Co.;Heritage P&C Insurance Co.;Florida Family Home Ins Co.;US Coastal P&C Insurance Co.;TypTap Insurance Co.;Homeowners Choice P&C Ins Co.;Vault E&S Insurance Co.;Edison Insurance Co.;Safe Harbor Insurance Co.;Spinnaker Specialty Ins Co.;GeoVera Specialty Insurance Co;Florida Farm Bureau Cas Ins Co;Universal North America Ins Co;QBE Specialty Insurance Co.;American Platinum P&C Ins Co.,11747356124.730446,15,36.189312511589605,7208795779.685825,91732652.08339044,1,0.9811320754716981,26190783184.014202,300194520.0,20266564184.951668,539937478.65,359958319.1,539937478.65,359958319.1,10171153825.836184,13612153825.836184,3441000000.0,1395853723.0,1395853723.0,0.0,False,14771737661.789667,14771737661.789667,0.0,1.0,10249180250.708595,4522557411.081072,2575000000.0,0.0,14,9464500000.0,9464500000.0,32
double_gm,baseline,,COMPOSITE,"{""double_gm"": 0.710977965376286}",321140213590.4479,228323615659.04257,92816597931.40533,34357842202.29298,96127798594.29517,0.0,80792053393.5139,17045921468.940536,34357842202.29298,96127798594.29517,27245413219.773163,65571184711.632164,25.15787496378405,5.307937389205112,10.698704412680547,29.933279771958908,8.483961854281945,20.418241608089453,80792053393.5139,17045921468.940536,27245413219.773163,38,23,15,Universal P&C Insurance Co.;Florida Family Insurance Co.;First Protective Insurance Co.;Spinnaker Insurance Co.;Cypress P&C Insurance Co.;Florida Peninsula Insurance Co;Tower Hill Insurance Exchange;Kin Interinsurance Network;Unique Insurance Co.;Heritage P&C Insurance Co.;Florida Family Home Ins Co.;US Coastal P&C Insurance Co.;TypTap Insurance Co.;Homeowners Choice P&C Ins Co.;Vault E&S Insurance Co.;Edison Insurance Co.;Safe Harbor Insurance Co.;Spinnaker Specialty Ins Co.;GeoVera Specialty Insurance Co;Florida Farm Bureau Cas Ins Co;Universal North America Ins Co;QBE Specialty Insurance Co.;Auto Club Insurance Co. of FL;American Platinum P&C Ins Co.;Privilege Underwriters Recpl;FL Farm Bureau General Ins Co.;Castle Key Insurance Co.;Chubb Custom Insurance Co.;Homesite Insurance Co.;PURE Specialty Exchange;State Farm FL Ins Co;AIG Property Casualty Co.;Foremost P&C Insurance Co.;ASI Preferred Insurance Corp.;Nationwide P&C Insurance Co.;ACE Ins Co. of the Midwest;Castle Key Indemnity Co.;First Liberty Insurance Corp.,Universal P&C Insurance Co.;Florida Family Insurance Co.;First Protective Insurance Co.;Spinnaker Insurance Co.;Cypress P&C Insurance Co.;Florida Peninsula Insurance Co;Tower Hill Insurance Exchange;Kin Interinsurance Network;Unique Insurance Co.;Heritage P&C Insurance Co.;Florida Family Home Ins Co.;US Coastal P&C Insurance Co.;TypTap Insurance Co.;Homeowners Choice P&C Ins Co.;Vault E&S Insurance Co.;Edison Insurance Co.;Safe Harbor Insurance Co.;Spinnaker Specialty Ins Co.;GeoVera Specialty Insurance Co;Florida Farm Bureau Cas Ins Co;Universal North America Ins Co;QBE Specialty Insurance Co.;American Platinum P&C Ins Co.,11297402489.806837,15,36.189312511589605,5854794838.3668375,87802414.94129243,1,0.9811320754716981,23844099114.638653,300194520.0,11459158229.183107,539937478.65,359958319.1,539937478.65,359958319.1,23804413219.773163,27245413219.773163,3441000000.0,1395853723.0,1395853723.0,0.0,False,14760473470.07264,14760473470.07264,0.0,1.0,10237916058.991566,4522557411.081073,2575000000.0,0.0,14,9464500000.0,9464500000.0,33
double_gm,baseline,,COMPOSITE,"{""double_gm"": 0.7820369115379724}",321140213590.4479,251143500806.91867,69996712783.52924,39333496722.18764,117864903994.82268,0.0,73493000045.29837,20452100044.60999,39333496722.18764,117864903994.82268,20594909292.190994,49401803491.338234,22.885019357626902,6.368588915087627,12.248075780490666,36.702007100592056,6.4130583529024525,15.383250493300308,73493000045.29837,20452100044.60999,20594909292.190994,37,23,14,Universal P&C Insurance Co.;Florida Family Insurance Co.;First Protective Insurance Co.;Spinnaker Insurance Co.;Cypress P&C Insurance Co.;Florida Peninsula Insurance Co;Tower Hill Insurance Exchange;Kin Interinsurance Network;Unique Insurance Co.;Heritage P&C Insurance Co.;Florida Family Home Ins Co.;US Coastal P&C Insurance Co.;TypTap Insurance Co.;Homeowners Choice P&C Ins Co.;Vault E&S Insurance Co.;Edison Insurance Co.;Safe Harbor Insurance Co.;Spinnaker Specialty Ins Co.;GeoVera Specialty Insurance Co;Florida Farm Bureau Cas Ins Co;Universal North America Ins Co;QBE Specialty Insurance Co.;Auto Club Insurance Co. of FL;American Platinum P&C Ins Co.;Privilege Underwriters Recpl;FL Farm Bureau General Ins Co.;Castle Key Insurance Co.;Homesite Insurance Co.;PURE Specialty Exchange;State Farm FL Ins Co;AIG Property Casualty Co.;Foremost P&C Insurance Co.;ASI Preferred Insurance Corp.;Nationwide P&C Insurance Co.;ACE Ins Co. of the Midwest;Castle Key Indemnity Co.;First Liberty Insurance Corp.,Universal P&C Insurance Co.;Florida Family Insurance Co.;First Protective Insurance Co.;Spinnaker Insurance Co.;Cypress P&C Insurance Co.;Florida Peninsula Insurance Co;Tower Hill Insurance Exchange;Kin Interinsurance Network;Unique Insurance Co.;Heritage P&C Insurance Co.;Florida Family Home Ins Co.;US Coastal P&C Insurance Co.;TypTap Insurance Co.;Homeowners Choice P&C Ins Co.;Vault E&S Insurance Co.;Edison Insurance Co.;Safe Harbor Insurance Co.;Spinnaker Specialty Ins Co.;GeoVera Specialty Insurance Co;Florida Farm Bureau Cas Ins Co;Universal North America Ins Co;QBE Specialty Insurance Co.;American Platinum P&C Ins Co.,9838087741.330578,14,36.189312511589605,4541014173.149079,80594799.27943698,1,0.9811320754716981,21951763801.745625,300194520.0,14810402499.966942,539937478.65,359958319.1,539937478.65,359958319.1,17153909292.190994,20594909292.190994,3441000000.0,1395853723.0,1395853723.0,0.0,False,14749432816.490625,14749432816.490625,0.0,1.0,10226875405.409554,4522557411.081072,2575000000.0,0.0,14,9464500000.0,9464500000.0,34
double_gm,baseline,,COMPOSITE,"{""double_gm"": 0.6606629075863515}",321140213590.4479,212165427253.56726,108974786336.88062,56389466187.38413,80042169741.43631,0.0,54463200670.264084,21270590654.482746,56389466187.38413,80042169741.43631,31954468272.279766,77020318064.60088,16.959321307458975,6.62345908557228,17.559142019908467,24.924368345695438,9.950316690338726,23.983392551026128,54463200670.264084,21270590654.482746,31954468272.279766,35,22,13,Universal P&C Insurance Co.;Florida Family Insurance Co.;First Protective Insurance Co.;Cypress P&C Insurance Co.;Florida Peninsula Insurance Co;Tower Hill Insurance Exchange;Kin Interinsurance Network;Unique Insurance Co.;Heritage P&C Insurance Co.;Florida Family Home Ins Co.;US Coastal P&C Insurance Co.;TypTap Insurance Co.;Homeowners Choice P&C Ins Co.;Vault E&S Insurance Co.;Edison Insurance Co.;Safe Harbor Insurance Co.;Spinnaker Specialty Ins Co.;GeoVera Specialty Insurance Co;Florida Farm Bureau Cas Ins Co;Universal North America Ins Co;QBE Specialty Insurance Co.;Auto Club Insurance Co. of FL;American Platinum P&C Ins Co.;FL Farm Bureau General Ins Co.;Castle Key Insurance Co.;Homesite Insurance Co.;PURE Specialty Exchange;State Farm FL Ins Co;AIG Property Casualty Co.;Foremost P&C Insurance Co.;ASI Preferred Insurance Corp.;Nationwide P&C Insurance Co.;ACE Ins Co. of the Midwest;Castle Key Indemnity Co.;First Liberty Insurance Corp.,Universal P&C Insurance Co.;Florida Family Insurance Co.;First Protective Insurance Co.;Cypress P&C Insurance Co.;Florida Peninsula Insurance Co;Tower Hill Insurance Exchange;Kin Interinsurance Network;Unique Insurance Co.;Heritage P&C Insurance Co.;Florida Family Home Ins Co.;US Coastal P&C Insurance Co.;TypTap Insurance Co.;Homeowners Choice P&C Ins Co.;Vault E&S Insurance Co.;Edison Insurance Co.;Safe Harbor Insurance Co.;Spinnaker Specialty Ins Co.;GeoVera Specialty Insurance Co;Florida Farm Bureau Cas Ins Co;Universal North America Ins Co;QBE Specialty Insurance Co.;American Platinum P&C Ins Co.,6477306180.668505,13,35.89838321723671,3525546840.364481,50062554.74672116,1,0.9811320754716981,13973560455.566236,303407340.0,15548879174.421759,539937478.65,359958319.1,539937478.65,359958319.1,28513468272.279766,31954468272.279766,3441000000.0,1395853723.0,1395853723.0,0.0,False,14731780719.391254,14731780719.391254,0.0,1.0,10209223308.31018,4522557411.081073,2352325880.467038,0.0,14,9464500000.0,9464500000.0,35
double_gm,baseline,,COMPOSITE,"{""double_gm"": 0.8190572018883328}",321140213590.4479,263032204757.21378,58108008833.23411,67879755370.703476,109277946912.52422,0.0,66194244481.20431,19680257992.781822,67879755370.703476,109277946912.52422,17130129701.80562,40977879131.42848,20.6122564786054,6.1282446607201235,21.13710849593908,34.02811055356869,5.334159029878389,12.760120781288334,66194244481.20431,19680257992.781822,17130129701.80562,35,22,13,Universal P&C Insurance Co.;Florida Family Insurance Co.;First Protective Insurance Co.;Cypress P&C Insurance Co.;Florida Peninsula Insurance Co;Tower Hill Insurance Exchange;Kin Interinsurance Network;Unique Insurance Co.;Heritage P&C Insurance Co.;Florida Family Home Ins Co.;US Coastal P&C Insurance Co.;TypTap Insurance Co.;Homeowners Choice P&C Ins Co.;Vault E&S Insurance Co.;Edison Insurance Co.;Safe Harbor Insurance Co.;Spinnaker Specialty Ins Co.;GeoVera Specialty Insurance Co;Florida Farm Bureau Cas Ins Co;Universal North America Ins Co;QBE Specialty Insurance Co.;Auto Club Insurance Co. of FL;American Platinum P&C Ins Co.;FL Farm Bureau General Ins Co.;Castle Key Insurance Co.;Homesite Insurance Co.;PURE Specialty Exchange;State Farm FL Ins Co;AIG Property Casualty Co.;Foremost P&C Insurance Co.;ASI Preferred Insurance Corp.;Nationwide P&C Insurance Co.;ACE Ins Co. of the Midwest;Castle Key Indemnity Co.;First Liberty Insurance Corp.,Universal P&C Insurance Co.;Florida Family Insurance Co.;First Protective Insurance Co.;Cypress P&C Insurance Co.;Florida Peninsula Insurance Co;Tower Hill Insurance Exchange;Kin Interinsurance Network;Unique Insurance Co.;Heritage P&C Insurance Co.;Florida Family Home Ins Co.;US Coastal P&C Insurance Co.;TypTap Insurance Co.;Homeowners Choice P&C Ins Co.;Vault E&S Insurance Co.;Edison Insurance Co.;Safe Harbor Insurance Co.;Spinnaker Specialty Ins Co.;GeoVera Specialty Insurance Co;Florida Farm Bureau Cas Ins Co;Universal North America Ins Co;QBE Specialty Insurance Co.;American Platinum P&C Ins Co.,8716655540.425571,13,35.89838321723671,4277106900.6002817,69999566.58004083,1,0.9811320754716981,17326263813.399696,303407340.0,14025519137.386803,539937478.65,359958319.1,539937478.65,359958319.1,13689129701.80562,17130129701.80562,3441000000.0,1395853723.0,1395853723.0,0.0,False,14747018367.881126,14747018367.881126,0.0,1.0,10224460956.800055,4522557411.081072,2514768991.7492666,0.0,14,9464500000.0,9464500000.0,36
double_gm,baseline,,COMPOSITE,"{""double_gm"": 0.7306576971303103}",321140213590.4479,234643568917.93262,86496644672.51526,52348036347.07346,99037093649.53374,0.0,65761003311.71332,17497435609.61212,52348036347.07346,99037093649.53374,25403560217.533306,61093084454.98194,20.477349309974223,5.448534586804103,16.30067930820811,30.839206508044605,7.910426393977126,19.023803892991843,65761003311.71332,17497435609.61212,25403560217.533306,35,22,13,Universal P&C Insurance Co.;Florida Family Insurance Co.;First Protective Insurance Co.;Cypress P&C Insurance Co.;Florida Peninsula Insurance Co;Tower Hill Insurance Exchange;Kin Interinsurance Network;Unique Insurance Co.;Heritage P&C Insurance Co.;Florida Family Home Ins Co.;US Coastal P&C Insurance Co.;TypTap Insurance Co.;Homeowners Choice P&C Ins Co.;Vault E&S Insurance Co.;Edison Insurance Co.;Safe Harbor Insurance Co.;Spinnaker Specialty Ins Co.;GeoVera Specialty Insurance Co;Florida Farm Bureau Cas Ins Co;Universal North America Ins Co;QBE Specialty Insurance Co.;Auto Club Insurance Co. of FL;American Platinum P&C Ins Co.;FL Farm Bureau General Ins Co.;Castle Key Insurance Co.;Homesite Insurance Co.;PURE Specialty Exchange;State Farm FL Ins Co;AIG Property Casualty Co.;Foremost P&C Insurance Co.;ASI Preferred Insurance Corp.;Nationwide P&C Insurance Co.;ACE Ins Co. of the Midwest;Castle Key Indemnity Co.;First Liberty Insurance Corp.,Universal P&C Insurance Co.;Florida Family Insurance Co.;First Protective Insurance Co.;Cypress P&C Insurance Co.;Florida Peninsula Insurance Co;Tower Hill Insurance Exchange;Kin Interinsurance Network;Unique Insurance Co.;Heritage P&C Insurance Co.;Florida Family Home Ins Co.;US Coastal P&C Insurance Co.;TypTap Insurance Co.;Homeowners Choice P&C Ins Co.;Vault E&S Insurance Co.;Edison Insurance Co.;Safe Harbor Insurance Co.;Spinnaker Specialty Ins Co.;GeoVera Specialty Insurance Co;Florida Farm Bureau Cas Ins Co;Universal North America Ins Co;QBE Specialty Insurance Co.;American Platinum P&C Ins Co.,7434662552.051042,13,35.89838321723671,4557486476.258575,77269297.12533382,1,0.9811320754716981,19159769610.532436,303407340.0,11868592153.916574,539937478.65,359958319.1,539937478.65,359958319.1,21962560217.533306,25403560217.533306,3441000000.0,1395853723.0,1395853723.0,0.0,False,14734768586.817863,14734768586.817863,0.0,1.0,10212211175.73679,4522557411.081073,2424900955.8195453,0.0,14,9464500000.0,9464500000.0,37
double_gm,baseline,,COMPOSITE,"{""double_gm"": 0.7541641343028161}",321140213590.4479,242192431172.2616,78947782418.18626,34847869478.974846,64107480332.745804,0.0,109746547348.11461,33490534012.426384,34847869478.974846,64107480332.745804,23203560623.06277,55744221795.12349,34.174028260464155,10.428632913328343,10.851294233557605,19.962458022931525,7.225367500270277,17.358219069448104,109746547348.11461,33490534012.426384,23203560623.06277,43,23,20,Universal P&C Insurance Co.;Florida Family Insurance Co.;First Protective Insurance Co.;Spinnaker Insurance Co.;Cypress P&C Insurance Co.;Florida Peninsula Insurance Co;Tower Hill Insurance Exchange;Kin Interinsurance Network;Unique Insurance Co.;Heritage P&C Insurance Co.;Florida Family Home Ins Co.;US Coastal P&C Insurance Co.;TypTap Insurance Co.;Homeowners Choice P&C Ins Co.;Vault E&S Insurance Co.;Edison Insurance Co.;Safe Harbor Insurance Co.;Spinnaker Specialty Ins Co.;GeoVera Specialty Insurance Co;Florida Farm Bureau Cas Ins Co;Universal North America Ins Co;QBE Specialty Insurance Co.;Auto Club Insurance Co. of FL;American Platinum P&C Ins Co.;Privilege Underwriters Recpl;American Strategic Ins Corp.;FL Farm Bureau General Ins Co.;Castle Key Insurance Co.;Chubb Custom Insurance Co.;Homesite Insurance Co.;Farmers Casualty Ins Co.;Scottsdale Insurance Co.;PURE Specialty Exchange;First Floridian Auto & Home;State Farm FL Ins Co;AIG Specialty Insurance Co.;AIG Property Casualty Co.;Foremost P&C Insurance Co.;ASI Preferred Insurance Corp.;Nationwide P&C Insurance Co.;ACE Ins Co. of the Midwest;Castle Key Indemnity Co.;First Liberty Insurance Corp.,Universal P&C Insurance Co.;Florida Family Insurance Co.;First Protective Insurance Co.;Spinnaker Insurance Co.;Cypress P&C Insurance Co.;Florida Peninsula Insurance Co;Tower Hill Insurance Exchange;Kin Interinsurance Network;Unique Insurance Co.;Heritage P&C Insurance Co.;Florida Family Home Ins Co.;US Coastal P&C Insurance Co.;TypTap Insurance Co.;Homeowners Choice P&C Ins Co.;Vault E&S Insurance Co.;Edison Insurance Co.;Safe Harbor Insurance Co.;Spinnaker Specialty Ins Co.;GeoVera Specialty Insurance Co;Florida Farm Bureau Cas Ins Co;Universal North America Ins Co;QBE Specialty Insurance Co.;American Platinum P&C Ins Co.,17718658202.30731,20,36.189312511589605,8569937168.102261,154553568.7786597,1,0.9811320754716981,36432486236.20339,300194520.0,27822293749.663265,539937478.65,359958319.1,539937478.65,359958319.1,19762560623.06277,23203560623.06277,3441000000.0,1395853723.0,1395853723.0,0.0,False,14771834756.478363,14771834756.478363,0.0,1.0,10249277345.39729,4522557411.081073,2575000000.0,0.0,14,9464500000.0,9464500000.0,38
double_gm,baseline,,COMPOSITE,"{""double_gm"": 0.7068439179834216}",321140213590.4479,226996006796.30505,94144206794.14282,33150849799.46626,111170254202.65991,0.0,62164264217.42729,20510638576.751606,33150849799.46626,111170254202.65991,27632324367.603832,66511882426.538994,19.357359055850218,6.386817255751394,10.322858488767073,34.61735699797349,8.604442295988353,20.711165905669482,62164264217.42729,20510638576.751606,27632324367.603832,35,23,12,Universal P&C Insurance Co.;Florida Family Insurance Co.;First Protective Insurance Co.;Cypress P&C Insurance Co.;Florida Peninsula Insurance Co;Tower Hill Insurance Exchange;Kin Interinsurance Network;Unique Insurance Co.;Heritage P&C Insurance Co.;Florida Family Home Ins Co.;US Coastal P&C Insurance Co.;TypTap Insurance Co.;Homeowners Choice P&C Ins Co.;Vault E&S Insurance Co.;Edison Insurance Co.;Safe Harbor Insurance Co.;Spinnaker Specialty Ins Co.;GeoVera Specialty Insurance Co;Florida Farm Bureau Cas Ins Co;Universal North America Ins Co;QBE Specialty Insurance Co.;Auto Club Insurance Co. of FL;American Platinum P&C Ins Co.;FL Farm Bureau General Ins Co.;Castle Key Insurance Co.;Homesite Insurance Co.;PURE Specialty Exchange;State Farm FL Ins Co;AIG Property Casualty Co.;Foremost P&C Insurance Co.;ASI Preferred Insurance Corp.;Nationwide P&C Insurance Co.;ACE Ins Co. of the Midwest;Castle Key Indemnity Co.;First Liberty Insurance Corp.,Universal P&C Insurance Co.;Florida Family Insurance Co.;First Protective Insurance Co.;Cypress P&C Insurance Co.;Florida Peninsula Insurance Co;Tower Hill Insurance Exchange;Kin Interinsurance Network;Unique Insurance Co.;Heritage P&C Insurance Co.;Florida Family Home Ins Co.;US Coastal P&C Insurance Co.;TypTap Insurance Co.;Homeowners Choice P&C Ins Co.;Vault E&S Insurance Co.;Edison Insurance Co.;Safe Harbor Insurance Co.;Spinnaker Specialty Ins Co.;GeoVera Specialty Insurance Co;Florida Farm Bureau Cas Ins Co;Universal North America Ins Co;QBE Specialty Insurance Co.;American Platinum P&C Ins Co.;Castle Key Indemnity Co.,7706063167.640152,13,37.63650469101551,4964126809.522642,75506175.45123598,1,0.9811320754716981,16970230828.450722,284212740.0,14831666596.054781,539937478.65,359958319.1,539937478.65,359958319.1,24191324367.603832,27632324367.603832,3441000000.0,1395853723.0,1395853723.0,0.0,False,14738321218.383217,14738321218.383217,0.0,1.0,10215763807.302143,4522557411.081074,2536356997.1672764,0.0,14,9464500000.0,9464500000.0,39
double_gm,baseline,,COMPOSITE,"{""double_gm"": 0.7011759388538035}",321140213590.4479,225175790767.9933,95964422822.4546,40893933116.057816,95632473543.2766,0.0,74173628223.28845,14475755885.370443,40893933116.057816,95632473543.2766,28162798283.9663,67801624538.488304,23.09696048153052,4.507612336532685,12.733980792642214,29.77904027467494,8.769626814747808,21.112779299871843,74173628223.28845,14475755885.370443,28162798283.9663,37,24,13,Universal P&C Insurance Co.;Florida Family Insurance Co.;First Protective Insurance Co.;Spinnaker Insurance Co.;Cypress P&C Insurance Co.;Florida Peninsula Insurance Co;Tower Hill Insurance Exchange;Kin Interinsurance Network;Unique Insurance Co.;Heritage P&C Insurance Co.;Florida Family Home Ins Co.;US Coastal P&C Insurance Co.;TypTap Insurance Co.;Homeowners Choice P&C Ins Co.;Vault E&S Insurance Co.;Edison Insurance Co.;Safe Harbor Insurance Co.;Spinnaker Specialty Ins Co.;GeoVera Specialty Insurance Co;Florida Farm Bureau Cas Ins Co;Universal North America Ins Co;QBE Specialty Insurance Co.;Auto Club Insurance Co. of FL;American Platinum P&C Ins Co.;Privilege Underwriters Recpl;FL Farm Bureau General Ins Co.;Castle Key Insurance Co.;Homesite Insurance Co.;PURE Specialty Exchange;State Farm FL Ins Co;AIG Property Casualty Co.;Foremost P&C Insurance Co.;ASI Preferred Insurance Corp.;Nationwide P&C Insurance Co.;ACE Ins Co. of the Midwest;Castle Key Indemnity Co.;First Liberty Insurance Corp.,Universal P&C Insurance Co.;Florida Family Insurance Co.;First Protective Insurance Co.;Spinnaker Insurance Co.;Cypress P&C Insurance Co.;Florida Peninsula Insurance Co;Tower Hill Insurance Exchange;Kin Interinsurance Network;Unique Insurance Co.;Heritage P&C Insurance Co.;Florida Family Home Ins Co.;US Coastal P&C Insurance Co.;TypTap Insurance Co.;Homeowners Choice P&C Ins Co.;Vault E&S Insurance Co.;Edison Insurance Co.;Safe Harbor Insurance Co.;Spinnaker Specialty Ins Co.;GeoVera Specialty Insurance Co;Florida Farm Bureau Cas Ins Co;Universal North America Ins Co;QBE Specialty Insurance Co.;American Platinum P&C Ins Co.;Privilege Underwriters Recpl,10198075960.030514,14,37.427996398685764,5303302735.431988,81095152.97858584,1,0.9811320754716981,21607149698.871086,286515360.0,8906507925.552137,539937478.65,359958319.1,539937478.65,359958319.1,24721798283.9663,28162798283.9663,3441000000.0,1395853723.0,1395853723.0,0.0,False,14743564833.696224,14743564833.696224,0.0,1.0,10221007422.615152,4522557411.081072,2575000000.0,0.0,14,9464500000.0,9464500000.0,40
double_gm,baseline,,COMPOSITE,"{""double_gm"": 0.7021697328683978}",321140213590.44794,225494937990.10504,95645275600.34288,40264870016.32317,94229153094.31842,0.0,71706559161.0791,19294355718.384323,40264870016.32317,94229153094.31842,28069787743.362034,67575487856.980835,22.3287387024432,6.008078372579814,12.538096542363645,29.342059669453118,8.740664219386614,21.0423624937736,71706559161.0791,19294355718.384323,28069787743.362034,37,23,14,Universal P&C Insurance Co.;Florida Family Insurance Co.;First Protective Insurance Co.;Spinnaker Insurance Co.;Cypress P&C Insurance Co.;Florida Peninsula Insurance Co;Tower Hill Insurance Exchange;Kin Interinsurance Network;Unique Insurance Co.;Heritage P&C Insurance Co.;Florida Family Home Ins Co.;US Coastal P&C Insurance Co.;TypTap Insurance Co.;Homeowners Choice P&C Ins Co.;Vault E&S Insurance Co.;Edison Insurance Co.;Safe Harbor Insurance Co.;Spinnaker Specialty Ins Co.;GeoVera Specialty Insurance Co;Florida Farm Bureau Cas Ins Co;Universal North America Ins Co;QBE Specialty Insurance Co.;Auto Club Insurance Co. of FL;American Platinum P&C Ins Co.;Privilege Underwriters Recpl;FL Farm Bureau General Ins Co.;Castle Key Insurance Co.;Homesite Insurance Co.;PURE Specialty Exchange;State Farm FL Ins Co;AIG Property Casualty Co.;Foremost P&C Insurance Co.;ASI Preferred Insurance Corp.;Nationwide P&C Insurance Co.;ACE Ins Co. of the Midwest;Castle Key Indemnity Co.;First Liberty Insurance Corp.,Universal P&C Insurance Co.;Florida Family Insurance Co.;First Protective Insurance Co.;Spinnaker Insurance Co.;Cypress P&C Insurance Co.;Florida Peninsula Insurance Co;Tower Hill Insurance Exchange;Kin Interinsurance Network;Unique Insurance Co.;Heritage P&C Insurance Co.;Florida Family Home Ins Co.;US Coastal P&C Insurance Co.;TypTap Insurance Co.;Homeowners Choice P&C Ins Co.;Vault E&S Insurance Co.;Edison Insurance Co.;Safe Harbor Insurance Co.;Spinnaker Specialty Ins Co.;GeoVera Specialty Insurance Co;Florida Farm Bureau Cas Ins Co;Universal North America Ins Co;QBE Specialty Insurance Co.;American Platinum P&C Ins Co.,8861002333.748316,14,36.189312511589605,5397923776.692536,89029204.36207391,1,0.9811320754716981,21357668471.34285,300194520.0,13660730351.57001,539937478.65,359958319.1,539937478.65,359958319.1,24628787743.362034,28069787743.362034,3441000000.0,1395853723.0,1395853723.0,0.0,False,14753836151.222527,14753836151.222527,0.0,1.0,10231278740.141455,4522557411.081072,2575000000.0,0.0,14,9464500000.0,9464500000.0,41
double_gm,baseline,,COMPOSITE,"{""double_gm"": 0.7110100725707018}",321140213590.4479,228333926570.31503,92806287020.13286,24596280404.813156,116695300301.5597,0.0,68569122583.48917,18473223280.453007,24596280404.813156,116695300301.5597,27242408263.548798,65563878756.58406,21.351770871939383,5.752385562031177,7.659047158815478,36.33780366428414,8.483026139570054,20.415966603359767,68569122583.48917,18473223280.453007,27242408263.548798,36,23,13,Universal P&C Insurance Co.;Florida Family Insurance Co.;First Protective Insurance Co.;Spinnaker Insurance Co.;Cypress P&C Insurance Co.;Florida Peninsula Insurance Co;Tower Hill Insurance Exchange;Kin Interinsurance Network;Unique Insurance Co.;Heritage P&C Insurance Co.;Florida Family Home Ins Co.;US Coastal P&C Insurance Co.;TypTap Insurance Co.;Homeowners Choice P&C Ins Co.;Vault E&S Insurance Co.;Edison Insurance Co.;Safe Harbor Insurance Co.;Spinnaker Specialty Ins Co.;GeoVera Specialty Insurance Co;Florida Farm Bureau Cas Ins Co;Universal North America Ins Co;QBE Specialty Insurance Co.;Auto Club Insurance Co. of FL;American Platinum P&C Ins Co.;FL Farm Bureau General Ins Co.;Castle Key Insurance Co.;Homesite Insurance Co.;PURE Specialty Exchange;State Farm FL Ins Co;AIG Property Casualty Co.;Foremost P&C Insurance Co.;ASI Preferred Insurance Corp.;Nationwide P&C Insurance Co.;ACE Ins Co. of the Midwest;Castle Key Indemnity Co.;First Liberty Insurance Corp.,Universal P&C Insurance Co.;Florida Family Insurance Co.;First Protective Insurance Co.;Spinnaker Insurance Co.;Cypress P&C Insurance Co.;Florida Peninsula Insurance Co;Tower Hill Insurance Exchange;Kin Interinsurance Network;Unique Insurance Co.;Heritage P&C Insurance Co.;Florida Family Home Ins Co.;US Coastal P&C Insurance Co.;TypTap Insurance Co.;Homeowners Choice P&C Ins Co.;Vault E&S Insurance Co.;Edison Insurance Co.;Safe Harbor Insurance Co.;Spinnaker Specialty Ins Co.;GeoVera Specialty Insurance Co;Florida Farm Bureau Cas Ins Co;Universal North America Ins Co;QBE Specialty Insurance Co.;American Platinum P&C Ins Co.,8908706480.3169,13,36.189312511589605,4683170933.356226,70817504.67169857,1,0.9811320754716981,20486877308.776203,300194520.0,12840437924.130606,539937478.65,359958319.1,539937478.65,359958319.1,23801408263.548798,27242408263.548798,3441000000.0,1395853723.0,1395853723.0,0.0,False,14746094534.875301,14746094534.875301,0.0,1.0,10223537123.794228,4522557411.081074,2437877934.9081755,0.0,14,9464500000.0,9464500000.0,42
double_gm,baseline,,COMPOSITE,"{""double_gm"": 0.5042594131952383}",321140213590.4479,161937975658.51276,159202237931.93515,46547560450.21921,56347807683.30419,0.0,47028868865.163574,12013738659.825747,46547560450.21921,56347807683.30419,46592485157.14752,112609752774.78763,14.644341279893332,3.7409636512065547,14.494466429415034,17.546169959008903,14.508455554733862,35.065603125742314,47028868865.163574,12013738659.825747,46592485157.14752,30,19,11,Universal P&C Insurance Co.;Florida Family Insurance Co.;First Protective Insurance Co.;Cypress P&C Insurance Co.;Florida Peninsula Insurance Co;Tower Hill Insurance Exchange;Kin Interinsurance Network;Heritage P&C Insurance Co.;Florida Family Home Ins Co.;US Coastal P&C Insurance Co.;TypTap Insurance Co.;Homeowners Choice P&C Ins Co.;Vault E&S Insurance Co.;Edison Insurance Co.;Safe Harbor Insurance Co.;GeoVera Specialty Insurance Co;Florida Farm Bureau Cas Ins Co;Universal North America Ins Co;Auto Club Insurance Co. of FL;American Platinum P&C Ins Co.;FL Farm Bureau General Ins Co.;Castle Key Insurance Co.;Homesite Insurance Co.;State Farm FL Ins Co;AIG Property Casualty Co.;ASI Preferred Insurance Corp.;Nationwide P&C Insurance Co.;ACE Ins Co. of the Midwest;Castle Key Indemnity Co.;First Liberty Insurance Corp.,Universal P&C Insurance Co.;Florida Family Insurance Co.;First Protective Insurance Co.;Cypress P&C Insurance Co.;Florida Peninsula Insurance Co;Tower Hill Insurance Exchange;Kin Interinsurance Network;Heritage P&C Insurance Co.;Florida Family Home Ins Co.;US Coastal P&C Insurance Co.;TypTap Insurance Co.;Homeowners Choice P&C Ins Co.;Vault E&S Insurance Co.;Edison Insurance Co.;Safe Harbor Insurance Co.;GeoVera Specialty Insurance Co;Florida Farm Bureau Cas Ins Co;Universal North America Ins Co;American Platinum P&C Ins Co.,4691879324.548622,11,35.41856476294073,2833829990.70233,33891441.27364602,1,0.9811320754716981,10856482648.393877,308706120.0,6407033342.317793,539937478.65,359958319.1,539937478.65,359958319.1,43151485157.14752,46592485157.14752,3441000000.0,1395853723.0,1395853723.0,0.0,False,14726221570.073616,14726221570.073616,0.0,1.0,10203664158.992544,4522557411.081073,2149006677.501,0.0,14,9464500000.0,9464500000.0,43
double_gm,baseline,,COMPOSITE,"{""double_gm"": 0.6751175414628573}",321140213590.4479,216807391464.04004,104332822126.40782,24848255368.553516,60749510618.020546,0.0,101856795403.65402,29352830073.811924,24848255368.553516,60749510618.020546,30601639324.48296,73731182801.9249,31.717234744556976,9.140191365521657,7.737509759597611,18.916818276609472,9.529058657072895,22.95918719664138,101856795403.65402,29352830073.811924,30601639324.48296,39,23,16,Universal P&C Insurance Co.;Florida Family Insurance Co.;First Protective Insurance Co.;Spinnaker Insurance Co.;Cypress P&C Insurance Co.;Florida Peninsula Insurance Co;Tower Hill Insurance Exchange;Kin Interinsurance Network;Unique Insurance Co.;Heritage P&C Insurance Co.;Florida Family Home Ins Co.;US Coastal P&C Insurance Co.;TypTap Insurance Co.;Homeowners Choice P&C Ins Co.;Vault E&S Insurance Co.;Edison Insurance Co.;Safe Harbor Insurance Co.;Spinnaker Specialty Ins Co.;GeoVera Specialty Insurance Co;Florida Farm Bureau Cas Ins Co;Universal North America Ins Co;QBE Specialty Insurance Co.;Auto Club Insurance Co. of FL;American Platinum P&C Ins Co.;Privilege Underwriters Recpl;FL Farm Bureau General Ins Co.;Castle Key Insurance Co.;Chubb Custom Insurance Co.;Homesite Insurance Co.;PURE Specialty Exchange;First Floridian Auto & Home;State Farm FL Ins Co;AIG Property Casualty Co.;Foremost P&C Insurance Co.;ASI Preferred Insurance Corp.;Nationwide P&C Insurance Co.;ACE Ins Co. of the Midwest;Castle Key Indemnity Co.;First Liberty Insurance Corp.,Universal P&C Insurance Co.;Florida Family Insurance Co.;First Protective Insurance Co.;Spinnaker Insurance Co.;Cypress P&C Insurance Co.;Florida Peninsula Insurance Co;Tower Hill Insurance Exchange;Kin Interinsurance Network;Unique Insurance Co.;Heritage P&C Insurance Co.;Florida Family Home Ins Co.;US Coastal P&C Insurance Co.;TypTap Insurance Co.;Homeowners Choice P&C Ins Co.;Vault E&S Insurance Co.;Edison Insurance Co.;Safe Harbor Insurance Co.;Spinnaker Specialty Ins Co.;GeoVera Specialty Insurance Co;Florida Farm Bureau Cas Ins Co;Universal North America Ins Co;QBE Specialty Insurance Co.;American Platinum P&C Ins Co.,15060046000.159847,16,36.189312511589605,7534566683.15337,155658493.81129763,1,0.9811320754716981,32777747325.461872,300194520.0,23697935171.997932,539937478.65,359958319.1,539937478.65,359958319.1,27160639324.48296,30601639324.48296,3441000000.0,1395853723.0,1395853723.0,0.0,False,14771834756.478363,14771834756.478363,0.0,1.0,10249277345.39729,4522557411.081074,2575498848.240578,0.0,15,9464500000.0,9464500000.0,44
double_gm,baseline,,COMPOSITE,"{""double_gm"": 0.7328351542026398}",321140213590.4479,235342837947.22458,85797375643.22331,36565039514.530174,124493663964.33922,0.0,59787636615.70495,14496497852.650246,36565039514.530174,124493663964.33922,25199769032.976215,60597606610.24711,18.617299885075276,4.514071187340531,11.38600460705983,38.766139740788354,7.846967762534292,18.869516817201728,59787636615.70495,14496497852.650246,25199769032.976215,35,23,12,Universal P&C Insurance Co.;Florida Family Insurance Co.;First Protective Insurance Co.;Cypress P&C Insurance Co.;Florida Peninsula Insurance Co;Tower Hill Insurance Exchange;Kin Interinsurance Network;Unique Insurance Co.;Heritage P&C Insurance Co.;Florida Family Home Ins Co.;US Coastal P&C Insurance Co.;TypTap Insurance Co.;Homeowners Choice P&C Ins Co.;Vault E&S Insurance Co.;Edison Insurance Co.;Safe Harbor Insurance Co.;Spinnaker Specialty Ins Co.;GeoVera Specialty Insurance Co;Florida Farm Bureau Cas Ins Co;Universal North America Ins Co;QBE Specialty Insurance Co.;Auto Club Insurance Co. of FL;American Platinum P&C Ins Co.;FL Farm Bureau General Ins Co.;Castle Key Insurance Co.;Homesite Insurance Co.;PURE Specialty Exchange;State Farm FL Ins Co;AIG Property Casualty Co.;Foremost P&C Insurance Co.;ASI Preferred Insurance Corp.;Nationwide P&C Insurance Co.;ACE Ins Co. of the Midwest;Castle Key Indemnity Co.;First Liberty Insurance Corp.,Universal P&C Insurance Co.;Florida Family Insurance Co.;First Protective Insurance Co.;Cypress P&C Insurance Co.;Florida Peninsula Insurance Co;Tower Hill Insurance Exchange;Kin Interinsurance Network;Unique Insurance Co.;Heritage P&C Insurance Co.;Florida Family Home Ins Co.;US Coastal P&C Insurance Co.;TypTap Insurance Co.;Homeowners Choice P&C Ins Co.;Vault E&S Insurance Co.;Edison Insurance Co.;Safe Harbor Insurance Co.;Spinnaker Specialty Ins Co.;GeoVera Specialty Insurance Co;Florida Farm Bureau Cas Ins Co;Universal North America Ins Co;QBE Specialty Insurance Co.;American Platinum P&C Ins Co.;Castle Key Indemnity Co.,6388869737.291633,13,37.63650469101551,3315856840.6646385,62233782.27012412,1,0.9811320754716981,15549486007.844463,284212740.0,8891467199.024704,539937478.65,359958319.1,539937478.65,359958319.1,21758769032.976215,25199769032.976215,3441000000.0,1395853723.0,1395853723.0,0.0,False,14739018731.038223,14739018731.038223,0.0,1.0,10216461319.95715,4522557411.081074,2423553728.293713,0.0,14,9464500000.0,9464500000.0,45
double_gm,baseline,,COMPOSITE,"{""double_gm"": 0.7216294711963777}",321140213590.44794,231744242513.16672,89395971077.2812,56985055986.7423,55118335433.54446,0.0,91847397005.7718,27793454087.108112,56985055986.7423,55118335433.54446,26248524226.654686,63147446850.626526,28.60040353678825,8.654616554049277,17.744603003663592,17.163324025136635,8.173540128527655,19.663512751834578,91847397005.7718,27793454087.108112,26248524226.654686,39,23,16,Universal P&C Insurance Co.;Florida Family Insurance Co.;First Protective Insurance Co.;Spinnaker Insurance Co.;Cypress P&C Insurance Co.;Florida Peninsula Insurance Co;Tower Hill Insurance Exchange;Kin Interinsurance Network;Unique Insurance Co.;Heritage P&C Insurance Co.;Florida Family Home Ins Co.;US Coastal P&C Insurance Co.;TypTap Insurance Co.;Homeowners Choice P&C Ins Co.;Vault E&S Insurance Co.;Edison Insurance Co.;Safe Harbor Insurance Co.;Spinnaker Specialty Ins Co.;GeoVera Specialty Insurance Co;Florida Farm Bureau Cas Ins Co;Universal North America Ins Co;QBE Specialty Insurance Co.;Auto Club Insurance Co. of FL;American Platinum P&C Ins Co.;Privilege Underwriters Recpl;FL Farm Bureau General Ins Co.;Castle Key Insurance Co.;Chubb Custom Insurance Co.;Homesite Insurance Co.;PURE Specialty Exchange;First Floridian Auto & Home;State Farm FL Ins Co;AIG Property Casualty Co.;Foremost P&C Insurance Co.;ASI Preferred Insurance Corp.;Nationwide P&C Insurance Co.;ACE Ins Co. of the Midwest;Castle Key Indemnity Co.;First Liberty Insurance Corp.,Universal P&C Insurance Co.;Florida Family Insurance Co.;First Protective Insurance Co.;Spinnaker Insurance Co.;Cypress P&C Insurance Co.;Florida Peninsula Insurance Co;Tower Hill Insurance Exchange;Kin Interinsurance Network;Unique Insurance Co.;Heritage P&C Insurance Co.;Florida Family Home Ins Co.;US Coastal P&C Insurance Co.;TypTap Insurance Co.;Homeowners Choice P&C Ins Co.;Vault E&S Insurance Co.;Edison Insurance Co.;Safe Harbor Insurance Co.;Spinnaker Specialty Ins Co.;GeoVera Specialty Insurance Co;Florida Farm Bureau Cas Ins Co;Universal North America Ins Co;QBE Specialty Insurance Co.;American Platinum P&C Ins Co.,13025587996.394073,16,36.189312511589605,7857108341.560395,115249957.15908676,1,0.9811320754716981,30210593553.146095,300194520.0,22129130237.171654,539937478.65,359958319.1,539937478.65,359958319.1,22807524226.654686,26248524226.654686,3441000000.0,1395853723.0,1395853723.0,0.0,False,14769597347.71088,14769597347.71088,0.0,1.0,10247039936.629808,4522557411.081072,2574999999.9999995,0.0,14,9464500000.0,9464500000.0,46
double_gm,baseline,,COMPOSITE,"{""double_gm"": 0.78647615836105}",321140213590.44794,252569121479.86258,68571092110.58538,21787872040.18571,96412740968.25812,0.0,99047148504.92027,35321359966.49843,21787872040.18571,96412740968.25812,20179434112.39861,48391657998.18677,30.84233749412514,10.99873465599172,6.7845355760932256,30.02200810989491,6.283683344040359,15.068700819854639,99047148504.92027,35321359966.49843,20179434112.39861,41,23,18,Universal P&C Insurance Co.;Florida Family Insurance Co.;First Protective Insurance Co.;Spinnaker Insurance Co.;Cypress P&C Insurance Co.;Florida Peninsula Insurance Co;Tower Hill Insurance Exchange;Kin Interinsurance Network;Unique Insurance Co.;Heritage P&C Insurance Co.;Florida Family Home Ins Co.;US Coastal P&C Insurance Co.;TypTap Insurance Co.;Homeowners Choice P&C Ins Co.;Vault E&S Insurance Co.;Edison Insurance Co.;Safe Harbor Insurance Co.;Spinnaker Specialty Ins Co.;GeoVera Specialty Insurance Co;Florida Farm Bureau Cas Ins Co;Universal North America Ins Co;QBE Specialty Insurance Co.;Auto Club Insurance Co. of FL;American Platinum P&C Ins Co.;Privilege Underwriters Recpl;FL Farm Bureau General Ins Co.;Castle Key Insurance Co.;Chubb Custom Insurance Co.;Homesite Insurance Co.;Farmers Casualty Ins Co.;Scottsdale Insurance Co.;PURE Specialty Exchange;State Farm FL Ins Co;AIG Specialty Insurance Co.;AIG Property Casualty Co.;Foremost P&C Insurance Co.;ASI Preferred Insurance Corp.;Nationwide P&C Insurance Co.;ACE Ins Co. of the Midwest;Castle Key Indemnity Co.;First Liberty Insurance Corp.,Universal P&C Insurance Co.;Florida Family Insurance Co.;First Protective Insurance Co.;Spinnaker Insurance Co.;Cypress P&C Insurance Co.;Florida Peninsula Insurance Co;Tower Hill Insurance Exchange;Kin Interinsurance Network;Unique Insurance Co.;Heritage P&C Insurance Co.;Florida Family Home Ins Co.;US Coastal P&C Insurance Co.;TypTap Insurance Co.;Homeowners Choice P&C Ins Co.;Vault E&S Insurance Co.;Edison Insurance Co.;Safe Harbor Insurance Co.;Spinnaker Specialty Ins Co.;GeoVera Specialty Insurance Co;Florida Farm Bureau Cas Ins Co;Universal North America Ins Co;QBE Specialty Insurance Co.;American Platinum P&C Ins Co.,14124761194.958858,18,36.189312511589605,8078131458.512939,138760048.45215717,1,0.9811320754716981,33050144312.386772,300194520.0,29618207522.959373,539937478.65,359958319.1,539937478.65,359958319.1,16738434112.39861,20179434112.39861,3441000000.0,1395853723.0,1395853723.0,0.0,False,14771834756.478363,14771834756.478363,0.0,1.0,10249277345.39729,4522557411.081074,2594615760.464525,0.0,15,9464500000.0,9464500000.0,47
double_gm,baseline,,COMPOSITE,"{""double_gm"": 0.7414743803739042}",321140213590.4478,238117240885.12054,83022972705.32729,56623215729.56984,96919849747.83018,0.0,66578288696.3943,17995886711.32629,56623215729.56984,96919849747.83018,24391212043.50818,58631760661.819115,20.731844184827636,5.603747506463503,17.631929398222855,30.17991694787645,7.595190826712985,18.2573711358966,66578288696.3943,17995886711.32629,24391212043.50818,35,22,13,Universal P&C Insurance Co.;Florida Family Insurance Co.;First Protective Insurance Co.;Cypress P&C Insurance Co.;Florida Peninsula Insurance Co;Tower Hill Insurance Exchange;Kin Interinsurance Network;Unique Insurance Co.;Heritage P&C Insurance Co.;Florida Family Home Ins Co.;US Coastal P&C Insurance Co.;TypTap Insurance Co.;Homeowners Choice P&C Ins Co.;Vault E&S Insurance Co.;Edison Insurance Co.;Safe Harbor Insurance Co.;Spinnaker Specialty Ins Co.;GeoVera Specialty Insurance Co;Florida Farm Bureau Cas Ins Co;Universal North America Ins Co;QBE Specialty Insurance Co.;Auto Club Insurance Co. of FL;American Platinum P&C Ins Co.;FL Farm Bureau General Ins Co.;Castle Key Insurance Co.;Homesite Insurance Co.;PURE Specialty Exchange;State Farm FL Ins Co;AIG Property Casualty Co.;Foremost P&C Insurance Co.;ASI Preferred Insurance Corp.;Nationwide P&C Insurance Co.;ACE Ins Co. of the Midwest;Castle Key Indemnity Co.;First Liberty Insurance Corp.,Universal P&C Insurance Co.;Florida Family Insurance Co.;First Protective Insurance Co.;Cypress P&C Insurance Co.;Florida Peninsula Insurance Co;Tower Hill Insurance Exchange;Kin Interinsurance Network;Unique Insurance Co.;Heritage P&C Insurance Co.;Florida Family Home Ins Co.;US Coastal P&C Insurance Co.;TypTap Insurance Co.;Homeowners Choice P&C Ins Co.;Vault E&S Insurance Co.;Edison Insurance Co.;Safe Harbor Insurance Co.;Spinnaker Specialty Ins Co.;GeoVera Specialty Insurance Co;Florida Farm Bureau Cas Ins Co;Universal North America Ins Co;QBE Specialty Insurance Co.;American Platinum P&C Ins Co.,8763787547.724215,13,35.89838321723671,5369888429.335244,88272876.09694257,1,0.9811320754716981,19036071832.37285,303407340.0,12363155466.748297,539937478.65,359958319.1,539937478.65,359958319.1,20950212043.50818,24391212043.50818,3441000000.0,1395853723.0,1395853723.0,0.0,False,14733647912.293127,14733647912.293127,0.0,1.0,10211090501.212053,4522557411.081074,2469732217.809905,0.0,14,9464500000.0,9464500000.0,48
double_gm,baseline,,COMPOSITE,"{""double_gm"": 0.7480123079519175}",321140213590.4479,240216832343.96268,80923381246.4852,27913678656.983955,131244485810.34885,0.0,66317322141.769714,14741345734.86015,27913678656.983955,131244485810.34885,23779318462.411568,57144062784.07363,20.65058168839129,4.590314482900569,8.692053338602571,40.86828128529732,7.404653000803406,17.794116204004837,66317322141.769714,14741345734.86015,23779318462.411568,37,23,14,Universal P&C Insurance Co.;Florida Family Insurance Co.;First Protective Insurance Co.;Spinnaker Insurance Co.;Cypress P&C Insurance Co.;Florida Peninsula Insurance Co;Tower Hill Insurance Exchange;Kin Interinsurance Network;Unique Insurance Co.;Heritage P&C Insurance Co.;Florida Family Home Ins Co.;US Coastal P&C Insurance Co.;TypTap Insurance Co.;Homeowners Choice P&C Ins Co.;Vault E&S Insurance Co.;Edison Insurance Co.;Safe Harbor Insurance Co.;Spinnaker Specialty Ins Co.;GeoVera Specialty Insurance Co;Florida Farm Bureau Cas Ins Co;Universal North America Ins Co;QBE Specialty Insurance Co.;Auto Club Insurance Co. of FL;American Platinum P&C Ins Co.;Privilege Underwriters Recpl;FL Farm Bureau General Ins Co.;Castle Key Insurance Co.;Homesite Insurance Co.;PURE Specialty Exchange;State Farm FL Ins Co;AIG Property Casualty Co.;Foremost P&C Insurance Co.;ASI Preferred Insurance Corp.;Nationwide P&C Insurance Co.;ACE Ins Co. of the Midwest;Castle Key Indemnity Co.;First Liberty Insurance Corp.,Universal P&C Insurance Co.;Florida Family Insurance Co.;First Protective Insurance Co.;Spinnaker Insurance Co.;Cypress P&C Insurance Co.;Florida Peninsula Insurance Co;Tower Hill Insurance Exchange;Kin Interinsurance Network;Unique Insurance Co.;Heritage P&C Insurance Co.;Florida Family Home Ins Co.;US Coastal P&C Insurance Co.;TypTap Insurance Co.;Homeowners Choice P&C Ins Co.;Vault E&S Insurance Co.;Edison Insurance Co.;Safe Harbor Insurance Co.;Spinnaker Specialty Ins Co.;GeoVera Specialty Insurance Co;Florida Farm Bureau Cas Ins Co;Universal North America Ins Co;QBE Specialty Insurance Co.;American Platinum P&C Ins Co.,9544287648.86354,14,36.189312511589605,3829725676.66065,86489590.44371532,1,0.9811320754716981,17156035659.125504,300194520.0,9150918319.822542,539937478.65,359958319.1,539937478.65,359958319.1,20338318462.411568,23779318462.411568,3441000000.0,1395853723.0,1395853723.0,0.0,False,14748015042.08845,14748015042.08845,0.0,1.0,10225457631.007378,4522557411.081072,2483965789.3964024,0.0,14,9464500000.0,9464500000.0,49
double_gm,baseline,,COMPOSITE,"{""double_gm"": 0.8015348128333533}",321140213590.4479,257405060993.48276,63735152596.96515,23143505908.651894,98537867875.52026,0.0,101540413012.86874,34183274196.441853,23143505908.651894,98537867875.52026,18770074051.185745,44965078545.7794,31.618716285206144,10.64434560040369,7.206667034906737,30.683752362818762,5.844822061158413,14.00169665550626,101540413012.86874,34183274196.441853,18770074051.185745,39,23,16,Universal P&C Insurance Co.;Florida Family Insurance Co.;First Protective Insurance Co.;Spinnaker Insurance Co.;Cypress P&C Insurance Co.;Florida Peninsula Insurance Co;Tower Hill Insurance Exchange;Kin Interinsurance Network;Unique Insurance Co.;Heritage P&C Insurance Co.;Florida Family Home Ins Co.;US Coastal P&C Insurance Co.;TypTap Insurance Co.;Homeowners Choice P&C Ins Co.;Vault E&S Insurance Co.;Edison Insurance Co.;Safe Harbor Insurance Co.;Spinnaker Specialty Ins Co.;GeoVera Specialty Insurance Co;Florida Farm Bureau Cas Ins Co;Universal North America Ins Co;QBE Specialty Insurance Co.;Auto Club Insurance Co. of FL;American Platinum P&C Ins Co.;Privilege Underwriters Recpl;FL Farm Bureau General Ins Co.;Castle Key Insurance Co.;Chubb Custom Insurance Co.;Homesite Insurance Co.;Farmers Casualty Ins Co.;PURE Specialty Exchange;State Farm FL Ins Co;AIG Property Casualty Co.;Foremost P&C Insurance Co.;ASI Preferred Insurance Corp.;Nationwide P&C Insurance Co.;ACE Ins Co. of the Midwest;Castle Key Indemnity Co.;First Liberty Insurance Corp.,Universal P&C Insurance Co.;Florida Family Insurance Co.;First Protective Insurance Co.;Spinnaker Insurance Co.;Cypress P&C Insurance Co.;Florida Peninsula Insurance Co;Tower Hill Insurance Exchange;Kin Interinsurance Network;Unique Insurance Co.;Heritage P&C Insurance Co.;Florida Family Home Ins Co.;US Coastal P&C Insurance Co.;TypTap Insurance Co.;Homeowners Choice P&C Ins Co.;Vault E&S Insurance Co.;Edison Insurance Co.;Safe Harbor Insurance Co.;Spinnaker Specialty Ins Co.;GeoVera Specialty Insurance Co;Florida Farm Bureau Cas Ins Co;Universal North America Ins Co;QBE Specialty Insurance Co.;American Platinum P&C Ins Co.,14649251207.573195,16,36.189312511589605,7889609633.027033,128733745.65410829,1,0.9811320754716981,33741116678.650204,300194520.0,28493523045.161728,539937478.65,359958319.1,539937478.65,359958319.1,15329074051.185745,18770074051.185745,3441000000.0,1395853723.0,1395853723.0,0.0,False,14771834756.478363,14771834756.478363,0.0,1.0,10249277345.39729,4522557411.081073,2583322707.821697,0.0,15,9464500000.0,9464500000.0,50
double_gm,baseline,,COMPOSITE,"{""double_gm"": 0.7883341524127071}",321140213590.44794,253165798086.4615,67974415503.986435,32472578794.95237,101253686119.02872,0.0,90251857417.56197,29187675754.91842,32472578794.95237,101253686119.02872,20005541908.736393,47968873595.25003,28.1035677246764,9.088763885590996,10.111651366205058,31.529432264798253,6.229534970120429,14.937049788608855,90251857417.56197,29187675754.91842,20005541908.736393,39,23,16,Universal P&C Insurance Co.;Florida Family Insurance Co.;First Protective Insurance Co.;Spinnaker Insurance Co.;Cypress P&C Insurance Co.;Florida Peninsula Insurance Co;Tower Hill Insurance Exchange;Kin Interinsurance Network;Unique Insurance Co.;Heritage P&C Insurance Co.;Florida Family Home Ins Co.;US Coastal P&C Insurance Co.;TypTap Insurance Co.;Homeowners Choice P&C Ins Co.;Vault E&S Insurance Co.;Edison Insurance Co.;Safe Harbor Insurance Co.;Spinnaker Specialty Ins Co.;GeoVera Specialty Insurance Co;Florida Farm Bureau Cas Ins Co;Universal North America Ins Co;QBE Specialty Insurance Co.;Auto Club Insurance Co. of FL;American Platinum P&C Ins Co.;Privilege Underwriters Recpl;FL Farm Bureau General Ins Co.;Castle Key Insurance Co.;Chubb Custom Insurance Co.;Homesite Insurance Co.;PURE Specialty Exchange;First Floridian Auto & Home;State Farm FL Ins Co;AIG Property Casualty Co.;Foremost P&C Insurance Co.;ASI Preferred Insurance Corp.;Nationwide P&C Insurance Co.;ACE Ins Co. of the Midwest;Castle Key Indemnity Co.;First Liberty Insurance Corp.,Universal P&C Insurance Co.;Florida Family Insurance Co.;First Protective Insurance Co.;Spinnaker Insurance Co.;Cypress P&C Insurance Co.;Florida Peninsula Insurance Co;Tower Hill Insurance Exchange;Kin Interinsurance Network;Unique Insurance Co.;Heritage P&C Insurance Co.;Florida Family Home Ins Co.;US Coastal P&C Insurance Co.;TypTap Insurance Co.;Homeowners Choice P&C Ins Co.;Vault E&S Insurance Co.;Edison Insurance Co.;Safe Harbor Insurance Co.;Spinnaker Specialty Ins Co.;GeoVera Specialty Insurance Co;Florida Farm Bureau Cas Ins Co;Universal North America Ins Co;QBE Specialty Insurance Co.;American Platinum P&C Ins Co.,12625398019.608038,16,36.189312511589605,7051989047.167492,119919749.19016898,1,0.9811320754716981,29251313562.97992,300194520.0,23508397811.0874,539937478.65,359958319.1,539937478.65,359958319.1,16564541908.736393,20005541908.736393,3441000000.0,1395853723.0,1395853723.0,0.0,False,14757330366.790901,14757330366.790901,0.0,1.0,10234772955.70983,4522557411.081073,2577894270.4104605,0.0,15,9464500000.0,9464500000.0,51
double_gm,baseline,,COMPOSITE,"{""double_gm"": 0.8431736499568022}",321140213590.4479,270776966040.965,50363247549.48289,57350888335.046295,122197647804.63615,0.0,67810726828.848694,23417703072.43389,57350888335.046295,122197647804.63615,14873038353.536165,35490209195.946724,21.115613666287256,7.292049416862702,17.85851970821264,38.051182204317634,4.6313223084866735,11.051312695833108,67810726828.848694,23417703072.43389,14873038353.536165,36,23,13,Universal P&C Insurance Co.;Florida Family Insurance Co.;First Protective Insurance Co.;Spinnaker Insurance Co.;Cypress P&C Insurance Co.;Florida Peninsula Insurance Co;Tower Hill Insurance Exchange;Kin Interinsurance Network;Unique Insurance Co.;Heritage P&C Insurance Co.;Florida Family Home Ins Co.;US Coastal P&C Insurance Co.;TypTap Insurance Co.;Homeowners Choice P&C Ins Co.;Vault E&S Insurance Co.;Edison Insurance Co.;Safe Harbor Insurance Co.;Spinnaker Specialty Ins Co.;GeoVera Specialty Insurance Co;Florida Farm Bureau Cas Ins Co;Universal North America Ins Co;QBE Specialty Insurance Co.;Auto Club Insurance Co. of FL;American Platinum P&C Ins Co.;FL Farm Bureau General Ins Co.;Castle Key Insurance Co.;Homesite Insurance Co.;PURE Specialty Exchange;State Farm FL Ins Co;AIG Property Casualty Co.;Foremost P&C Insurance Co.;ASI Preferred Insurance Corp.;Nationwide P&C Insurance Co.;ACE Ins Co. of the Midwest;Castle Key Indemnity Co.;First Liberty Insurance Corp.,Universal P&C Insurance Co.;Florida Family Insurance Co.;First Protective Insurance Co.;Spinnaker Insurance Co.;Cypress P&C Insurance Co.;Florida Peninsula Insurance Co;Tower Hill Insurance Exchange;Kin Interinsurance Network;Unique Insurance Co.;Heritage P&C Insurance Co.;Florida Family Home Ins Co.;US Coastal P&C Insurance Co.;TypTap Insurance Co.;Homeowners Choice P&C Ins Co.;Vault E&S Insurance Co.;Edison Insurance Co.;Safe Harbor Insurance Co.;Spinnaker Specialty Ins Co.;GeoVera Specialty Insurance Co;Florida Farm Bureau Cas Ins Co;Universal North America Ins Co;QBE Specialty Insurance Co.;American Platinum P&C Ins Co.,9163761204.809227,13,36.189312511589605,4856883020.3329115,75624159.3652044,1,0.9811320754716981,19088897011.749203,300194520.0,17725983905.916668,539937478.65,359958319.1,539937478.65,359958319.1,11432038353.536165,14873038353.536165,3441000000.0,1395853723.0,1395853723.0,0.0,False,14740080063.608633,14740080063.608633,0.0,1.0,10217522652.52756,4522557411.081074,2497451112.849608,0.0,14,9464500000.0,9464500000.0,52
double_gm,baseline,,COMPOSITE,"{""double_gm"": 0.6042422895817983}",321140213590.4479,194046497936.67993,127093715653.76794,40407487593.15908,86989159863.28326,0.0,53618994356.35545,13030856123.882149,40407487593.15908,86989159863.28326,37234951053.18271,89858764600.58522,16.69644351197203,4.057684329904719,12.582506295736293,27.087594820566785,11.594608671671581,27.981162370148592,53618994356.35545,13030856123.882149,37234951053.18271,34,21,13,Universal P&C Insurance Co.;Florida Family Insurance Co.;First Protective Insurance Co.;Cypress P&C Insurance Co.;Florida Peninsula Insurance Co;Tower Hill Insurance Exchange;Kin Interinsurance Network;Unique Insurance Co.;Heritage P&C Insurance Co.;Florida Family Home Ins Co.;US Coastal P&C Insurance Co.;TypTap Insurance Co.;Homeowners Choice P&C Ins Co.;Vault E&S Insurance Co.;Edison Insurance Co.;Safe Harbor Insurance Co.;GeoVera Specialty Insurance Co;Florida Farm Bureau Cas Ins Co;Universal North America Ins Co;QBE Specialty Insurance Co.;Auto Club Insurance Co. of FL;American Platinum P&C Ins Co.;FL Farm Bureau General Ins Co.;Castle Key Insurance Co.;Homesite Insurance Co.;PURE Specialty Exchange;State Farm FL Ins Co;AIG Property Casualty Co.;Foremost P&C Insurance Co.;ASI Preferred Insurance Corp.;Nationwide P&C Insurance Co.;ACE Ins Co. of the Midwest;Castle Key Indemnity Co.;First Liberty Insurance Corp.,Universal P&C Insurance Co.;Florida Family Insurance Co.;First Protective Insurance Co.;Cypress P&C Insurance Co.;Florida Peninsula Insurance Co;Tower Hill Insurance Exchange;Kin Interinsurance Network;Unique Insurance Co.;Heritage P&C Insurance Co.;Florida Family Home Ins Co.;US Coastal P&C Insurance Co.;TypTap Insurance Co.;Homeowners Choice P&C Ins Co.;Vault E&S Insurance Co.;Edison Insurance Co.;Safe Harbor Insurance Co.;GeoVera Specialty Insurance Co;Florida Farm Bureau Cas Ins Co;Universal North America Ins Co;QBE Specialty Insurance Co.;American Platinum P&C Ins Co.,6504137972.487294,13,35.80938809441937,3336306835.9584455,38953760.55073943,1,0.9811320754716981,12905512192.403791,304390140.0,7429785117.861851,539937478.65,359958319.1,539937478.65,359958319.1,33793951053.18271,37234951053.18271,3441000000.0,1395853723.0,1395853723.0,0.0,False,14728677210.317356,14728677210.317356,0.0,1.0,10206119799.236284,4522557411.081072,2282109883.2825584,0.0,14,9464500000.0,9464500000.0,53
double_gm,baseline,,COMPOSITE,"{""double_gm"": 0.6851085949313908}",321140213590.4479,220015920508.9185,101124293081.5294,47509072785.815575,91622400422.74854,0.0,64640550696.06978,16243896604.284601,47509072785.815575,91622400422.74854,29666562969.95926,71457730111.57016,20.128451050514116,5.058194494757528,14.793872201381852,28.53034174648559,9.237884797508796,22.25125570935213,64640550696.06978,16243896604.284601,29666562969.95926,37,23,14,Universal P&C Insurance Co.;Florida Family Insurance Co.;First Protective Insurance Co.;Spinnaker Insurance Co.;Cypress P&C Insurance Co.;Florida Peninsula Insurance Co;Tower Hill Insurance Exchange;Kin Interinsurance Network;Unique Insurance Co.;Heritage P&C Insurance Co.;Florida Family Home Ins Co.;US Coastal P&C Insurance Co.;TypTap Insurance Co.;Homeowners Choice P&C Ins Co.;Vault E&S Insurance Co.;Edison Insurance Co.;Safe Harbor Insurance Co.;Spinnaker Specialty Ins Co.;GeoVera Specialty Insurance Co;Florida Farm Bureau Cas Ins Co;Universal North America Ins Co;QBE Specialty Insurance Co.;Auto Club Insurance Co. of FL;American Platinum P&C Ins Co.;Privilege Underwriters Recpl;FL Farm Bureau General Ins Co.;Castle Key Insurance Co.;Homesite Insurance Co.;PURE Specialty Exchange;State Farm FL Ins Co;AIG Property Casualty Co.;Foremost P&C Insurance Co.;ASI Preferred Insurance Corp.;Nationwide P&C Insurance Co.;ACE Ins Co. of the Midwest;Castle Key Indemnity Co.;First Liberty Insurance Corp.,Universal P&C Insurance Co.;Florida Family Insurance Co.;First Protective Insurance Co.;Spinnaker Insurance Co.;Cypress P&C Insurance Co.;Florida Peninsula Insurance Co;Tower Hill Insurance Exchange;Kin Interinsurance Network;Unique Insurance Co.;Heritage P&C Insurance Co.;Florida Family Home Ins Co.;US Coastal P&C Insurance Co.;TypTap Insurance Co.;Homeowners Choice P&C Ins Co.;Vault E&S Insurance Co.;Edison Insurance Co.;Safe Harbor Insurance Co.;Spinnaker Specialty Ins Co.;GeoVera Specialty Insurance Co;Florida Farm Bureau Cas Ins Co;Universal North America Ins Co;QBE Specialty Insurance Co.;American Platinum P&C Ins Co.,7075720806.533248,14,36.189312511589605,3788090855.339521,64662922.65138188,1,0.9811320754716981,17359015272.91796,300194520.0,10628286161.685585,539937478.65,359958319.1,539937478.65,359958319.1,26225562969.95926,29666562969.95926,3441000000.0,1395853723.0,1395853723.0,0.0,False,14740097066.279099,14740097066.279099,0.0,1.0,10217539655.198027,4522557411.081072,2325293467.401948,0.0,14,9464500000.0,9464500000.0,54
double_gm,baseline,,COMPOSITE,"{""double_gm"": 0.5965010261089175}",321140213590.4479,191560466931.5391,129579746658.90878,45605057402.12507,89546585667.50385,0.0,42623391849.022156,13785432012.888052,45605057402.12507,89546585667.50385,37959466485.95731,91620280172.95146,13.272517749328033,4.292652065825895,14.200979968296803,27.88395282744103,11.82021586818998,28.529681520918267,42623391849.022156,13785432012.888052,37959466485.95731,29,19,10,Universal P&C Insurance Co.;Florida Family Insurance Co.;First Protective Insurance Co.;Cypress P&C Insurance Co.;Florida Peninsula Insurance Co;Tower Hill Insurance Exchange;Kin Interinsurance Network;Heritage P&C Insurance Co.;Florida Family Home Ins Co.;US Coastal P&C Insurance Co.;TypTap Insurance Co.;Homeowners Choice P&C Ins Co.;Vault E&S Insurance Co.;Edison Insurance Co.;Safe Harbor Insurance Co.;GeoVera Specialty Insurance Co;Florida Farm Bureau Cas Ins Co;Universal North America Ins Co;Auto Club Insurance Co. of FL;American Platinum P&C Ins Co.;FL Farm Bureau General Ins Co.;Castle Key Insurance Co.;Homesite Insurance Co.;State Farm FL Ins Co;AIG Property Casualty Co.;ASI Preferred Insurance Corp.;ACE Ins Co. of the Midwest;Castle Key Indemnity Co.;First Liberty Insurance Corp.,Universal P&C Insurance Co.;Florida Family Insurance Co.;First Protective Insurance Co.;Cypress P&C Insurance Co.;Florida Peninsula Insurance Co;Tower Hill Insurance Exchange;Kin Interinsurance Network;Heritage P&C Insurance Co.;Florida Family Home Ins Co.;US Coastal P&C Insurance Co.;TypTap Insurance Co.;Homeowners Choice P&C Ins Co.;Vault E&S Insurance Co.;Edison Insurance Co.;Safe Harbor Insurance Co.;GeoVera Specialty Insurance Co;Florida Farm Bureau Cas Ins Co;Universal North America Ins Co;American Platinum P&C Ins Co.,4202128610.65527,10,35.41856476294073,1927568100.6164846,25274044.651095018,1,0.9811320754716981,8251128689.474463,308706120.0,8120821601.531034,539937478.65,359958319.1,539937478.65,359958319.1,34518466485.95731,37959466485.95731,3441000000.0,1395853723.0,1395853723.0,0.0,False,14714696201.644154,14714696201.644154,0.0,1.0,10192138790.56308,4522557411.081073,2166763136.661355,0.0,14,9464500000.0,9464500000.0,55
double_gm,baseline,,COMPOSITE,"{""double_gm"": 0.7311157438000078}",321140213590.44794,234790666123.27374,86349547467.1742,33673528112.80466,103359899119.48558,0.0,75285961737.40138,22471277153.582085,33673528112.80466,103359899119.48558,25360691003.44579,60988856463.72842,23.44333053020075,6.9973414112004795,10.48561553108659,32.18528690751295,7.897077329526982,18.991348290472235,75285961737.40138,22471277153.582085,25360691003.44579,37,23,14,Universal P&C Insurance Co.;Florida Family Insurance Co.;First Protective Insurance Co.;Spinnaker Insurance Co.;Cypress P&C Insurance Co.;Florida Peninsula Insurance Co;Tower Hill Insurance Exchange;Kin Interinsurance Network;Unique Insurance Co.;Heritage P&C Insurance Co.;Florida Family Home Ins Co.;US Coastal P&C Insurance Co.;TypTap Insurance Co.;Homeowners Choice P&C Ins Co.;Vault E&S Insurance Co.;Edison Insurance Co.;Safe Harbor Insurance Co.;Spinnaker Specialty Ins Co.;GeoVera Specialty Insurance Co;Florida Farm Bureau Cas Ins Co;Universal North America Ins Co;QBE Specialty Insurance Co.;Auto Club Insurance Co. of FL;American Platinum P&C Ins Co.;Privilege Underwriters Recpl;FL Farm Bureau General Ins Co.;Castle Key Insurance Co.;Homesite Insurance Co.;PURE Specialty Exchange;State Farm FL Ins Co;AIG Property Casualty Co.;Foremost P&C Insurance Co.;ASI Preferred Insurance Corp.;Nationwide P&C Insurance Co.;ACE Ins Co. of the Midwest;Castle Key Indemnity Co.;First Liberty Insurance Corp.,Universal P&C Insurance Co.;Florida Family Insurance Co.;First Protective Insurance Co.;Spinnaker Insurance Co.;Cypress P&C Insurance Co.;Florida Peninsula Insurance Co;Tower Hill Insurance Exchange;Kin Interinsurance Network;Unique Insurance Co.;Heritage P&C Insurance Co.;Florida Family Home Ins Co.;US Coastal P&C Insurance Co.;TypTap Insurance Co.;Homeowners Choice P&C Ins Co.;Vault E&S Insurance Co.;Edison Insurance Co.;Safe Harbor Insurance Co.;Spinnaker Specialty Ins Co.;GeoVera Specialty Insurance Co;Florida Farm Bureau Cas Ins Co;Universal North America Ins Co;QBE Specialty Insurance Co.;American Platinum P&C Ins Co.,9664396247.409822,14,36.189312511589605,4507825376.938521,75194373.28910169,1,0.9811320754716981,22159994707.908295,300194520.0,16813140897.200481,539937478.65,359958319.1,539937478.65,359958319.1,21919691003.44579,25360691003.44579,3441000000.0,1395853723.0,1395853723.0,0.0,False,14747006620.749157,14747006620.749157,0.0,1.0,10224449209.668083,4522557411.081073,2575000000.0,0.0,14,9464500000.0,9464500000.0,56
double_gm,baseline,,COMPOSITE,"{""double_gm"": 0.8422499454371029}",321140213590.44794,270480327374.21432,50659886216.2336,62175413840.28259,80156211811.07745,0.0,100835018155.53224,27313683567.322033,62175413840.28259,80156211811.07745,14959489122.482388,35700397093.75121,31.399063053538274,8.505220589457332,19.36083094208042,24.959879958634254,4.658242253509962,11.116763202779751,100835018155.53224,27313683567.322033,14959489122.482388,40,23,17,Universal P&C Insurance Co.;Florida Family Insurance Co.;First Protective Insurance Co.;Spinnaker Insurance Co.;Cypress P&C Insurance Co.;Florida Peninsula Insurance Co;Tower Hill Insurance Exchange;Kin Interinsurance Network;Unique Insurance Co.;Heritage P&C Insurance Co.;Florida Family Home Ins Co.;US Coastal P&C Insurance Co.;TypTap Insurance Co.;Homeowners Choice P&C Ins Co.;Vault E&S Insurance Co.;Edison Insurance Co.;Safe Harbor Insurance Co.;Spinnaker Specialty Ins Co.;GeoVera Specialty Insurance Co;Florida Farm Bureau Cas Ins Co;Universal North America Ins Co;QBE Specialty Insurance Co.;Auto Club Insurance Co. of FL;American Platinum P&C Ins Co.;Privilege Underwriters Recpl;FL Farm Bureau General Ins Co.;Castle Key Insurance Co.;Chubb Custom Insurance Co.;Homesite Insurance Co.;Farmers Casualty Ins Co.;Scottsdale Insurance Co.;PURE Specialty Exchange;State Farm FL Ins Co;AIG Property Casualty Co.;Foremost P&C Insurance Co.;ASI Preferred Insurance Corp.;Nationwide P&C Insurance Co.;ACE Ins Co. of the Midwest;Castle Key Indemnity Co.;First Liberty Insurance Corp.,Universal P&C Insurance Co.;Florida Family Insurance Co.;First Protective Insurance Co.;Spinnaker Insurance Co.;Cypress P&C Insurance Co.;Florida Peninsula Insurance Co;Tower Hill Insurance Exchange;Kin Interinsurance Network;Unique Insurance Co.;Heritage P&C Insurance Co.;Florida Family Home Ins Co.;US Coastal P&C Insurance Co.;TypTap Insurance Co.;Homeowners Choice P&C Ins Co.;Vault E&S Insurance Co.;Edison Insurance Co.;Safe Harbor Insurance Co.;Spinnaker Specialty Ins Co.;GeoVera Specialty Insurance Co;Florida Farm Bureau Cas Ins Co;Universal North America Ins Co;QBE Specialty Insurance Co.;American Platinum P&C Ins Co.,15045398442.745413,17,36.189312511589605,7466487858.498323,159642817.0019474,1,0.9811320754716981,32159718472.833046,300194520.0,21672117516.735767,539937478.65,359958319.1,539937478.65,359958319.1,11518489122.482388,14959489122.482388,3441000000.0,1395853723.0,1395853723.0,0.0,False,14771834756.478363,14771834756.478363,0.0,1.0,10249277345.39729,4522557411.081073,2618110193.65707,0.0,15,9464500000.0,9464500000.0,57
double_gm,baseline,,COMPOSITE,"{""double_gm"": 0.7877735658559814}",321140213590.4479,252985771199.8986,68154442390.54929,43736603087.05998,106429197189.96083,0.0,80149207156.8542,22670763766.023598,43736603087.05998,106429197189.96083,20058007971.049957,48096434419.499344,24.957698776108117,7.059459639936519,13.619161112858183,33.141037056695325,6.2458724015890645,14.976771012812812,80149207156.8542,22670763766.023598,20058007971.049957,38,23,15,Universal P&C Insurance Co.;Florida Family Insurance Co.;First Protective Insurance Co.;Spinnaker Insurance Co.;Cypress P&C Insurance Co.;Florida Peninsula Insurance Co;Tower Hill Insurance Exchange;Kin Interinsurance Network;Unique Insurance Co.;Heritage P&C Insurance Co.;Florida Family Home Ins Co.;US Coastal P&C Insurance Co.;TypTap Insurance Co.;Homeowners Choice P&C Ins Co.;Vault E&S Insurance Co.;Edison Insurance Co.;Safe Harbor Insurance Co.;Spinnaker Specialty Ins Co.;GeoVera Specialty Insurance Co;Florida Farm Bureau Cas Ins Co;Universal North America Ins Co;QBE Specialty Insurance Co.;Auto Club Insurance Co. of FL;American Platinum P&C Ins Co.;Privilege Underwriters Recpl;FL Farm Bureau General Ins Co.;Castle Key Insurance Co.;Chubb Custom Insurance Co.;Homesite Insurance Co.;PURE Specialty Exchange;State Farm FL Ins Co;AIG Property Casualty Co.;Foremost P&C Insurance Co.;ASI Preferred Insurance Corp.;Nationwide P&C Insurance Co.;ACE Ins Co. of the Midwest;Castle Key Indemnity Co.;First Liberty Insurance Corp.,Universal P&C Insurance Co.;Florida Family Insurance Co.;First Protective Insurance Co.;Spinnaker Insurance Co.;Cypress P&C Insurance Co.;Florida Peninsula Insurance Co;Tower Hill Insurance Exchange;Kin Interinsurance Network;Unique Insurance Co.;Heritage P&C Insurance Co.;Florida Family Home Ins Co.;US Coastal P&C Insurance Co.;TypTap Insurance Co.;Homeowners Choice P&C Ins Co.;Vault E&S Insurance Co.;Edison Insurance Co.;Safe Harbor Insurance Co.;Spinnaker Specialty Ins Co.;GeoVera Specialty Insurance Co;Florida Farm Bureau Cas Ins Co;Universal North America Ins Co;QBE Specialty Insurance Co.;American Platinum P&C Ins Co.,11112435738.217117,15,36.189312511589605,5051433096.208369,93195012.3687728,1,0.9811320754716981,24157043416.436104,300194520.0,17023695160.438112,539937478.65,359958319.1,539937478.65,359958319.1,16617007971.049957,20058007971.049957,3441000000.0,1395853723.0,1395853723.0,0.0,False,14751453747.647917,14751453747.647917,0.0,1.0,10228896336.566843,4522557411.081074,2575000000.0,0.0,14,9464500000.0,9464500000.0,58
double_gm,baseline,,COMPOSITE,"{""double_gm"": 0.7328217044638874}",321140213590.4479,235338518695.24884,85801694895.19902,24634068288.73468,158712765457.9259,0.0,41756436381.78237,10235248566.80592,24634068288.73468,158712765457.9259,25201027812.4154,60600667082.78362,13.002556084438124,3.1871587965806727,7.670813945509379,49.421641619860566,7.847359734447467,18.870469819163798,41756436381.78237,10235248566.80592,25201027812.4154,30,19,11,Universal P&C Insurance Co.;Florida Family Insurance Co.;First Protective Insurance Co.;Cypress P&C Insurance Co.;Florida Peninsula Insurance Co;Tower Hill Insurance Exchange;Kin Interinsurance Network;Heritage P&C Insurance Co.;Florida Family Home Ins Co.;US Coastal P&C Insurance Co.;TypTap Insurance Co.;Homeowners Choice P&C Ins Co.;Vault E&S Insurance Co.;Edison Insurance Co.;Safe Harbor Insurance Co.;GeoVera Specialty Insurance Co;Florida Farm Bureau Cas Ins Co;Universal North America Ins Co;Auto Club Insurance Co. of FL;American Platinum P&C Ins Co.;FL Farm Bureau General Ins Co.;Castle Key Insurance Co.;Homesite Insurance Co.;State Farm FL Ins Co;AIG Property Casualty Co.;ASI Preferred Insurance Corp.;Nationwide P&C Insurance Co.;ACE Ins Co. of the Midwest;Castle Key Indemnity Co.;First Liberty Insurance Corp.,Universal P&C Insurance Co.;Florida Family Insurance Co.;First Protective Insurance Co.;Cypress P&C Insurance Co.;Florida Peninsula Insurance Co;Tower Hill Insurance Exchange;Kin Interinsurance Network;Heritage P&C Insurance Co.;Florida Family Home Ins Co.;US Coastal P&C Insurance Co.;TypTap Insurance Co.;Homeowners Choice P&C Ins Co.;Vault E&S Insurance Co.;Edison Insurance Co.;Safe Harbor Insurance Co.;GeoVera Specialty Insurance Co;Florida Farm Bureau Cas Ins Co;Universal North America Ins Co;American Platinum P&C Ins Co.,4701836482.390083,11,35.41856476294073,2272763369.8618817,33752235.246193446,1,0.9811320754716981,7929593160.264837,308706120.0,4645812830.995805,539937478.65,359958319.1,539937478.65,359958319.1,21760027812.4154,25201027812.4154,3441000000.0,1395853723.0,1395853723.0,0.0,False,14701355999.849579,14701355999.849579,0.0,1.0,10178798588.768507,4522557411.081073,2091456336.240582,0.0,14,9464500000.0,9464500000.0,59
double_gm,baseline,,COMPOSITE,"{""double_gm"": 0.7319791672991243}",321140213590.4479,235067946130.19894,86072267460.24895,53362445453.00435,66501802156.96491,0.0,92649694233.32991,22554004286.8998,53362445453.00435,66501802156.96491,25279882017.635963,60792385442.61296,28.850231242446217,7.023101851599021,16.616556630013896,20.7080270058533,7.871914181970233,18.93016908811734,92649694233.32991,22554004286.8998,25279882017.635963,40,23,17,Universal P&C Insurance Co.;Florida Family Insurance Co.;First Protective Insurance Co.;Spinnaker Insurance Co.;Cypress P&C Insurance Co.;Florida Peninsula Insurance Co;Tower Hill Insurance Exchange;Kin Interinsurance Network;Unique Insurance Co.;Heritage P&C Insurance Co.;Florida Family Home Ins Co.;US Coastal P&C Insurance Co.;TypTap Insurance Co.;Homeowners Choice P&C Ins Co.;Vault E&S Insurance Co.;Edison Insurance Co.;Safe Harbor Insurance Co.;Spinnaker Specialty Ins Co.;GeoVera Specialty Insurance Co;Florida Farm Bureau Cas Ins Co;Universal North America Ins Co;QBE Specialty Insurance Co.;Auto Club Insurance Co. of FL;American Platinum P&C Ins Co.;Privilege Underwriters Recpl;FL Farm Bureau General Ins Co.;Castle Key Insurance Co.;Homesite Insurance Co.;Farmers Casualty Ins Co.;Scottsdale Insurance Co.;PURE Specialty Exchange;First Floridian Auto & Home;State Farm FL Ins Co;AIG Property Casualty Co.;Foremost P&C Insurance Co.;ASI Preferred Insurance Corp.;Nationwide P&C Insurance Co.;ACE Ins Co. of the Midwest;Castle Key Indemnity Co.;First Liberty Insurance Corp.,Universal P&C Insurance Co.;Florida Family Insurance Co.;First Protective Insurance Co.;Spinnaker Insurance Co.;Cypress P&C Insurance Co.;Florida Peninsula Insurance Co;Tower Hill Insurance Exchange;Kin Interinsurance Network;Unique Insurance Co.;Heritage P&C Insurance Co.;Florida Family Home Ins Co.;US Coastal P&C Insurance Co.;TypTap Insurance Co.;Homeowners Choice P&C Ins Co.;Vault E&S Insurance Co.;Edison Insurance Co.;Safe Harbor Insurance Co.;Spinnaker Specialty Ins Co.;GeoVera Specialty Insurance Co;Florida Farm Bureau Cas Ins Co;Universal North America Ins Co;QBE Specialty Insurance Co.;American Platinum P&C Ins Co.,12357442553.000912,17,36.189312511589605,6654220390.849767,128642132.97756141,1,0.9811320754716981,29484460682.823807,300194520.0,16935870433.057367,539937478.65,359958319.1,539937478.65,359958319.1,21838882017.635963,25279882017.635963,3441000000.0,1395853723.0,1395853723.0,0.0,False,14763120488.08968,14763120488.08968,0.0,1.0,10240563077.008608,4522557411.081073,2575000000.0,0.0,14,9464500000.0,9464500000.0,60
double_gm,baseline,,COMPOSITE,"{""double_gm"": 0.7244722359195385}",321140213590.4479,232657168583.54996,88483045006.89795,65092539277.176704,69320126456.17464,0.0,77118665771.25008,21125837078.948524,65092539277.176704,69320126456.17464,25982465989.405357,62500579017.49258,24.01401708899652,6.578384202574654,20.269195984340232,21.585626316042447,8.090692130678146,19.462084277368003,77118665771.25008,21125837078.948524,25982465989.405357,38,23,15,Universal P&C Insurance Co.;Florida Family Insurance Co.;First Protective Insurance Co.;Spinnaker Insurance Co.;Cypress P&C Insurance Co.;Florida Peninsula Insurance Co;Tower Hill Insurance Exchange;Kin Interinsurance Network;Unique Insurance Co.;Heritage P&C Insurance Co.;Florida Family Home Ins Co.;US Coastal P&C Insurance Co.;TypTap Insurance Co.;Homeowners Choice P&C Ins Co.;Vault E&S Insurance Co.;Edison Insurance Co.;Safe Harbor Insurance Co.;Spinnaker Specialty Ins Co.;GeoVera Specialty Insurance Co;Florida Farm Bureau Cas Ins Co;Universal North America Ins Co;QBE Specialty Insurance Co.;Auto Club Insurance Co. of FL;American Platinum P&C Ins Co.;Privilege Underwriters Recpl;FL Farm Bureau General Ins Co.;Castle Key Insurance Co.;Chubb Custom Insurance Co.;Homesite Insurance Co.;PURE Specialty Exchange;State Farm FL Ins Co;AIG Property Casualty Co.;Foremost P&C Insurance Co.;ASI Preferred Insurance Corp.;Nationwide P&C Insurance Co.;ACE Ins Co. of the Midwest;Castle Key Indemnity Co.;First Liberty Insurance Corp.,Universal P&C Insurance Co.;Florida Family Insurance Co.;First Protective Insurance Co.;Spinnaker Insurance Co.;Cypress P&C Insurance Co.;Florida Peninsula Insurance Co;Tower Hill Insurance Exchange;Kin Interinsurance Network;Unique Insurance Co.;Heritage P&C Insurance Co.;Florida Family Home Ins Co.;US Coastal P&C Insurance Co.;TypTap Insurance Co.;Homeowners Choice P&C Ins Co.;Vault E&S Insurance Co.;Edison Insurance Co.;Safe Harbor Insurance Co.;Spinnaker Specialty Ins Co.;GeoVera Specialty Insurance Co;Florida Farm Bureau Cas Ins Co;Universal North America Ins Co;QBE Specialty Insurance Co.;American Platinum P&C Ins Co.,10106220724.897774,15,36.189312511589605,5170210835.9583435,82401002.24667321,1,0.9811320754716981,22650189321.05394,300194520.0,15486647861.68589,539937478.65,359958319.1,539937478.65,359958319.1,22541465989.405357,25982465989.405357,3441000000.0,1395853723.0,1395853723.0,0.0,False,14743957791.069828,14743957791.069828,0.0,1.0,10221400379.988754,4522557411.081073,2574999999.9999995,0.0,14,9464500000.0,9464500000.0,61
double_gm,baseline,,COMPOSITE,"{""double_gm"": 0.6768194116231124}",321140213590.4479,217353930410.80762,103786283179.64027,59162739952.410904,97009255296.82782,0.0,48210626788.89349,12971308372.675428,59162739952.410904,97009255296.82782,30442358969.279568,73343924210.36073,15.012329427661403,4.0391417280483655,18.422713023371628,30.207756983229867,9.479460273419042,22.83859856426972,48210626788.89349,12971308372.675428,30442358969.279568,30,19,11,Universal P&C Insurance Co.;Florida Family Insurance Co.;First Protective Insurance Co.;Cypress P&C Insurance Co.;Florida Peninsula Insurance Co;Tower Hill Insurance Exchange;Kin Interinsurance Network;Heritage P&C Insurance Co.;Florida Family Home Ins Co.;US Coastal P&C Insurance Co.;TypTap Insurance Co.;Homeowners Choice P&C Ins Co.;Vault E&S Insurance Co.;Edison Insurance Co.;Safe Harbor Insurance Co.;GeoVera Specialty Insurance Co;Florida Farm Bureau Cas Ins Co;Universal North America Ins Co;Auto Club Insurance Co. of FL;American Platinum P&C Ins Co.;FL Farm Bureau General Ins Co.;Castle Key Insurance Co.;Homesite Insurance Co.;State Farm FL Ins Co;AIG Property Casualty Co.;Foremost P&C Insurance Co.;ASI Preferred Insurance Corp.;ACE Ins Co. of the Midwest;Castle Key Indemnity Co.;First Liberty Insurance Corp.,Universal P&C Insurance Co.;Florida Family Insurance Co.;First Protective Insurance Co.;Cypress P&C Insurance Co.;Florida Peninsula Insurance Co;Tower Hill Insurance Exchange;Kin Interinsurance Network;Heritage P&C Insurance Co.;Florida Family Home Ins Co.;US Coastal P&C Insurance Co.;TypTap Insurance Co.;Homeowners Choice P&C Ins Co.;Vault E&S Insurance Co.;Edison Insurance Co.;Safe Harbor Insurance Co.;GeoVera Specialty Insurance Co;Florida Farm Bureau Cas Ins Co;Universal North America Ins Co;American Platinum P&C Ins Co.,5098267700.463349,11,35.41856476294073,2826856833.683075,45826031.972010404,1,0.9811320754716981,11396429831.296593,308706120.0,7350613974.884783,539937478.65,359958319.1,539937478.65,359958319.1,27001358969.279568,30442358969.279568,3441000000.0,1395853723.0,1395853723.0,0.0,False,14727721501.582157,14727721501.582157,0.0,1.0,10205164090.501083,4522557411.081073,2164523283.1017485,0.0,14,9464500000.0,9464500000.0,62
double_gm,baseline,,COMPOSITE,"{""double_gm"": 0.8127022120929248}",321140213590.4479,260991361976.95132,60148851613.49653,58925215192.52242,60004115656.091644,0.0,110080778957.60286,31981252170.734406,58925215192.52242,60004115656.091644,17724901885.704025,42423949727.79252,34.27810479630233,9.95865694089632,18.348750078266473,18.684709393827355,5.5193654159764325,13.210413374731091,110080778957.60286,31981252170.734406,17724901885.704025,40,23,17,Universal P&C Insurance Co.;Florida Family Insurance Co.;First Protective Insurance Co.;Spinnaker Insurance Co.;Cypress P&C Insurance Co.;Florida Peninsula Insurance Co;Tower Hill Insurance Exchange;Kin Interinsurance Network;Unique Insurance Co.;Heritage P&C Insurance Co.;Florida Family Home Ins Co.;US Coastal P&C Insurance Co.;TypTap Insurance Co.;Homeowners Choice P&C Ins Co.;Vault E&S Insurance Co.;Edison Insurance Co.;Safe Harbor Insurance Co.;Spinnaker Specialty Ins Co.;GeoVera Specialty Insurance Co;Florida Farm Bureau Cas Ins Co;Universal North America Ins Co;QBE Specialty Insurance Co.;Auto Club Insurance Co. of FL;American Platinum P&C Ins Co.;Privilege Underwriters Recpl;FL Farm Bureau General Ins Co.;Castle Key Insurance Co.;Chubb Custom Insurance Co.;Homesite Insurance Co.;PURE Specialty Exchange;First Floridian Auto & Home;State Farm FL Ins Co;AIG Specialty Insurance Co.;AIG Property Casualty Co.;Foremost P&C Insurance Co.;ASI Preferred Insurance Corp.;Nationwide P&C Insurance Co.;ACE Ins Co. of the Midwest;Castle Key Indemnity Co.;First Liberty Insurance Corp.,Universal P&C Insurance Co.;Florida Family Insurance Co.;First Protective Insurance Co.;Spinnaker Insurance Co.;Cypress P&C Insurance Co.;Florida Peninsula Insurance Co;Tower Hill Insurance Exchange;Kin Interinsurance Network;Unique Insurance Co.;Heritage P&C Insurance Co.;Florida Family Home Ins Co.;US Coastal P&C Insurance Co.;TypTap Insurance Co.;Homeowners Choice P&C Ins Co.;Vault E&S Insurance Co.;Edison Insurance Co.;Safe Harbor Insurance Co.;Spinnaker Specialty Ins Co.;GeoVera Specialty Insurance Co;Florida Farm Bureau Cas Ins Co;Universal North America Ins Co;QBE Specialty Insurance Co.;American Platinum P&C Ins Co.,16053892098.332893,17,36.189312511589605,9375006317.560528,139213328.02933532,1,0.9811320754716981,38497122571.180115,300194520.0,26323667128.179184,539937478.65,359958319.1,539937478.65,359958319.1,14283901885.704025,17724901885.704025,3441000000.0,1395853723.0,1395853723.0,0.0,False,14771834756.478367,14771834756.478367,0.0,1.0,10249277345.397293,4522557411.081073,2602473913.9124827,0.0,15,9464500000.0,9464500000.0,63
double_gm,baseline,,COMPOSITE,"{""double_gm"": 0.6285106232624266}",321140213590.44794,201840035798.3612,119300177792.08672,44450601962.995384,57974572502.3969,0.0,79047536434.28519,20367324898.683746,44450601962.995384,57974572502.3969,34963644522.803635,84336533269.28307,24.61464901904032,6.342190743093395,13.841493553866632,18.052729010242306,10.887345478132172,26.261592195625166,79047536434.28519,20367324898.683746,34963644522.803635,37,23,14,Universal P&C Insurance Co.;Florida Family Insurance Co.;First Protective Insurance Co.;Spinnaker Insurance Co.;Cypress P&C Insurance Co.;Florida Peninsula Insurance Co;Tower Hill Insurance Exchange;Kin Interinsurance Network;Unique Insurance Co.;Heritage P&C Insurance Co.;Florida Family Home Ins Co.;US Coastal P&C Insurance Co.;TypTap Insurance Co.;Homeowners Choice P&C Ins Co.;Vault E&S Insurance Co.;Edison Insurance Co.;Safe Harbor Insurance Co.;Spinnaker Specialty Ins Co.;GeoVera Specialty Insurance Co;Florida Farm Bureau Cas Ins Co;Universal North America Ins Co;QBE Specialty Insurance Co.;Auto Club Insurance Co. of FL;American Platinum P&C Ins Co.;Privilege Underwriters Recpl;FL Farm Bureau General Ins Co.;Castle Key Insurance Co.;Homesite Insurance Co.;PURE Specialty Exchange;State Farm FL Ins Co;AIG Property Casualty Co.;Foremost P&C Insurance Co.;ASI Preferred Insurance Corp.;Nationwide P&C Insurance Co.;ACE Ins Co. of the Midwest;Castle Key Indemnity Co.;First Liberty Insurance Corp.,Universal P&C Insurance Co.;Florida Family Insurance Co.;First Protective Insurance Co.;Spinnaker Insurance Co.;Cypress P&C Insurance Co.;Florida Peninsula Insurance Co;Tower Hill Insurance Exchange;Kin Interinsurance Network;Unique Insurance Co.;Heritage P&C Insurance Co.;Florida Family Home Ins Co.;US Coastal P&C Insurance Co.;TypTap Insurance Co.;Homeowners Choice P&C Ins Co.;Vault E&S Insurance Co.;Edison Insurance Co.;Safe Harbor Insurance Co.;Spinnaker Specialty Ins Co.;GeoVera Specialty Insurance Co;Florida Farm Bureau Cas Ins Co;Universal North America Ins Co;QBE Specialty Insurance Co.;American Platinum P&C Ins Co.,10202142317.592201,14,36.189312511589605,6135352123.976711,90272582.73353769,1,0.9811320754716981,24828498516.963764,300194520.0,14740849715.82339,539937478.65,359958319.1,539937478.65,359958319.1,31522644522.803635,34963644522.803635,3441000000.0,1395853723.0,1395853723.0,0.0,False,14763212197.333002,14763212197.333002,0.0,1.0,10240654786.251928,4522557411.081074,2575000000.0000005,0.0,14,9464500000.0,9464500000.0,64
double_gm,baseline,,COMPOSITE,"{""double_gm"": 0.5763723740616561}",321140213590.4479,185096347313.79373,136043866276.65414,14616870429.132854,115940927060.60283,0.0,42800298458.78974,11738251365.268354,14616870429.132854,115940927060.60283,39843334552.23362,96200531724.42052,13.327604780562682,3.655179534830297,4.551554059739725,36.10289903103291,12.40683441876453,29.95592817506986,42800298458.78974,11738251365.268354,39843334552.23362,29,19,10,Universal P&C Insurance Co.;Florida Family Insurance Co.;First Protective Insurance Co.;Cypress P&C Insurance Co.;Florida Peninsula Insurance Co;Tower Hill Insurance Exchange;Kin Interinsurance Network;Heritage P&C Insurance Co.;Florida Family Home Ins Co.;US Coastal P&C Insurance Co.;TypTap Insurance Co.;Homeowners Choice P&C Ins Co.;Vault E&S Insurance Co.;Edison Insurance Co.;Safe Harbor Insurance Co.;GeoVera Specialty Insurance Co;Florida Farm Bureau Cas Ins Co;Universal North America Ins Co;Auto Club Insurance Co. of FL;American Platinum P&C Ins Co.;FL Farm Bureau General Ins Co.;Castle Key Insurance Co.;Homesite Insurance Co.;State Farm FL Ins Co;AIG Property Casualty Co.;ASI Preferred Insurance Corp.;ACE Ins Co. of the Midwest;Castle Key Indemnity Co.;First Liberty Insurance Corp.,Universal P&C Insurance Co.;Florida Family Insurance Co.;First Protective Insurance Co.;Cypress P&C Insurance Co.;Florida Peninsula Insurance Co;Tower Hill Insurance Exchange;Kin Interinsurance Network;Heritage P&C Insurance Co.;Florida Family Home Ins Co.;US Coastal P&C Insurance Co.;TypTap Insurance Co.;Homeowners Choice P&C Ins Co.;Vault E&S Insurance Co.;Edison Insurance Co.;Safe Harbor Insurance Co.;GeoVera Specialty Insurance Co;Florida Farm Bureau Cas Ins Co;Universal North America Ins Co;American Platinum P&C Ins Co.,4380558523.475172,10,35.41856476294073,2658961982.1856184,28738504.164886326,1,0.9811320754716981,8688959607.714266,308706120.0,6118285204.948456,539937478.65,359958319.1,539937478.65,359958319.1,36402334552.23362,39843334552.23362,3441000000.0,1395853723.0,1395853723.0,0.0,False,14717837557.960632,14717837557.960632,0.0,1.0,10195280146.87956,4522557411.081073,2113329611.3147593,0.0,13,9464500000.0,9464500000.0,65
double_gm,baseline,,COMPOSITE,"{""double_gm"": 0.7364151168944727}",321140213590.4479,236492507930.7256,84647705659.72226,35142571947.50458,76455114755.5013,0.0,100120269549.22026,24774551678.499554,35142571947.50458,76455114755.5013,24864715429.894924,59782990229.82735,31.17649715364027,7.7145591333805035,10.94306177186583,23.807393630560693,7.742635265730081,18.615853044822646,100120269549.22026,24774551678.499554,24864715429.894924,41,23,18,Universal P&C Insurance Co.;Florida Family Insurance Co.;First Protective Insurance Co.;Spinnaker Insurance Co.;Cypress P&C Insurance Co.;Florida Peninsula Insurance Co;Tower Hill Insurance Exchange;Kin Interinsurance Network;Unique Insurance Co.;Heritage P&C Insurance Co.;Florida Family Home Ins Co.;US Coastal P&C Insurance Co.;TypTap Insurance Co.;Homeowners Choice P&C Ins Co.;Vault E&S Insurance Co.;Edison Insurance Co.;Safe Harbor Insurance Co.;Spinnaker Specialty Ins Co.;GeoVera Specialty Insurance Co;Florida Farm Bureau Cas Ins Co;Universal North America Ins Co;QBE Specialty Insurance Co.;Auto Club Insurance Co. of FL;American Platinum P&C Ins Co.;Privilege Underwriters Recpl;FL Farm Bureau General Ins Co.;Castle Key Insurance Co.;Chubb Custom Insurance Co.;Homesite Insurance Co.;Scottsdale Insurance Co.;PURE Specialty Exchange;First Floridian Auto & Home;State Farm FL Ins Co;AIG Specialty Insurance Co.;AIG Property Casualty Co.;Foremost P&C Insurance Co.;ASI Preferred Insurance Corp.;Nationwide P&C Insurance Co.;ACE Ins Co. of the Midwest;Castle Key Indemnity Co.;First Liberty Insurance Corp.,Universal P&C Insurance Co.;Florida Family Insurance Co.;First Protective Insurance Co.;Spinnaker Insurance Co.;Cypress P&C Insurance Co.;Florida Peninsula Insurance Co;Tower Hill Insurance Exchange;Kin Interinsurance Network;Unique Insurance Co.;Heritage P&C Insurance Co.;Florida Family Home Ins Co.;US Coastal P&C Insurance Co.;TypTap Insurance Co.;Homeowners Choice P&C Ins Co.;Vault E&S Insurance Co.;Edison Insurance Co.;Safe Harbor Insurance Co.;Spinnaker Specialty Ins Co.;GeoVera Specialty Insurance Co;Florida Farm Bureau Cas Ins Co;Universal North America Ins Co;QBE Specialty Insurance Co.;American Platinum P&C Ins Co.,15277438693.74837,18,36.189312511589605,7466529693.077543,148690343.45311904,1,0.9811320754716981,32052176973.943306,300194520.0,19151643737.565376,539937478.65,359958319.1,539937478.65,359958319.1,21423715429.894924,24864715429.894924,3441000000.0,1395853723.0,1395853723.0,0.0,False,14771834756.478361,14771834756.478361,0.0,1.0,10249277345.39729,4522557411.081072,2625469997.784242,0.0,15,9464500000.0,9464500000.0,66
double_gm,baseline,,COMPOSITE,"{""double_gm"": 0.5868057578077519}",321140213590.44794,188446926398.48615,132693287191.96179,13980977012.337479,98943207293.37561,0.0,58415668614.557045,17107073478.215984,13980977012.337479,98943207293.37561,38866859902.25077,93826427289.71103,18.190082133113012,5.326979541725266,4.353542913864877,30.809971192072034,12.102769524783936,29.216654694440862,58415668614.557045,17107073478.215984,38866859902.25077,34,21,13,Universal P&C Insurance Co.;Florida Family Insurance Co.;First Protective Insurance Co.;Cypress P&C Insurance Co.;Florida Peninsula Insurance Co;Tower Hill Insurance Exchange;Kin Interinsurance Network;Unique Insurance Co.;Heritage P&C Insurance Co.;Florida Family Home Ins Co.;US Coastal P&C Insurance Co.;TypTap Insurance Co.;Homeowners Choice P&C Ins Co.;Vault E&S Insurance Co.;Edison Insurance Co.;Safe Harbor Insurance Co.;Spinnaker Specialty Ins Co.;GeoVera Specialty Insurance Co;Florida Farm Bureau Cas Ins Co;Universal North America Ins Co;Auto Club Insurance Co. of FL;American Platinum P&C Ins Co.;FL Farm Bureau General Ins Co.;Castle Key Insurance Co.;Homesite Insurance Co.;PURE Specialty Exchange;State Farm FL Ins Co;AIG Property Casualty Co.;Foremost P&C Insurance Co.;ASI Preferred Insurance Corp.;Nationwide P&C Insurance Co.;ACE Ins Co. of the Midwest;Castle Key Indemnity Co.;First Liberty Insurance Corp.,Universal P&C Insurance Co.;Florida Family Insurance Co.;First Protective Insurance Co.;Cypress P&C Insurance Co.;Florida Peninsula Insurance Co;Tower Hill Insurance Exchange;Kin Interinsurance Network;Unique Insurance Co.;Heritage P&C Insurance Co.;Florida Family Home Ins Co.;US Coastal P&C Insurance Co.;TypTap Insurance Co.;Homeowners Choice P&C Ins Co.;Vault E&S Insurance Co.;Edison Insurance Co.;Safe Harbor Insurance Co.;Spinnaker Specialty Ins Co.;GeoVera Specialty Insurance Co;Florida Farm Bureau Cas Ins Co;Universal North America Ins Co;American Platinum P&C Ins Co.,7206841886.577534,13,35.60316172831571,3613121058.441708,51127790.90494101,1,0.9811320754716981,14806850170.904013,306667560.0,11458960232.074497,539937478.65,359958319.1,539937478.65,359958319.1,35425859902.25077,38866859902.25077,3441000000.0,1395853723.0,1395853723.0,0.0,False,14736070794.352976,14736070794.352976,0.0,1.0,10213513383.271904,4522557411.081072,2404685687.98771,0.0,14,9464500000.0,9464500000.0,67
double_gm,baseline,,COMPOSITE,"{""double_gm"": 0.7382101612245877}",321140213590.4479,237068968850.30304,84071244740.1448,34785509752.615074,119192768055.08473,0.0,65404803287.046875,17685887755.55644,34785509752.615074,119192768055.08473,24696714776.740704,59374529963.40409,20.366432019148505,5.507216787901674,10.831876009454627,37.11549130595399,7.690321464454334,18.48866241308689,65404803287.046875,17685887755.55644,24696714776.740704,36,23,13,Universal P&C Insurance Co.;Florida Family Insurance Co.;First Protective Insurance Co.;Spinnaker Insurance Co.;Cypress P&C Insurance Co.;Florida Peninsula Insurance Co;Tower Hill Insurance Exchange;Kin Interinsurance Network;Unique Insurance Co.;Heritage P&C Insurance Co.;Florida Family Home Ins Co.;US Coastal P&C Insurance Co.;TypTap Insurance Co.;Homeowners Choice P&C Ins Co.;Vault E&S Insurance Co.;Edison Insurance Co.;Safe Harbor Insurance Co.;Spinnaker Specialty Ins Co.;GeoVera Specialty Insurance Co;Florida Farm Bureau Cas Ins Co;Universal North America Ins Co;QBE Specialty Insurance Co.;Auto Club Insurance Co. of FL;American Platinum P&C Ins Co.;FL Farm Bureau General Ins Co.;Castle Key Insurance Co.;Homesite Insurance Co.;PURE Specialty Exchange;State Farm FL Ins Co;AIG Property Casualty Co.;Foremost P&C Insurance Co.;ASI Preferred Insurance Corp.;Nationwide P&C Insurance Co.;ACE Ins Co. of the Midwest;Castle Key Indemnity Co.;First Liberty Insurance Corp.,Universal P&C Insurance Co.;Florida Family Insurance Co.;First Protective Insurance Co.;Spinnaker Insurance Co.;Cypress P&C Insurance Co.;Florida Peninsula Insurance Co;Tower Hill Insurance Exchange;Kin Interinsurance Network;Unique Insurance Co.;Heritage P&C Insurance Co.;Florida Family Home Ins Co.;US Coastal P&C Insurance Co.;TypTap Insurance Co.;Homeowners Choice P&C Ins Co.;Vault E&S Insurance Co.;Edison Insurance Co.;Safe Harbor Insurance Co.;Spinnaker Specialty Ins Co.;GeoVera Specialty Insurance Co;Florida Farm Bureau Cas Ins Co;Universal North America Ins Co;QBE Specialty Insurance Co.;American Platinum P&C Ins Co.,7697072014.022734,13,36.189312511589605,4670059608.535655,62647704.2554491,1,0.9811320754716981,18179533112.247726,300194520.0,12053496179.216484,539937478.65,359958319.1,539937478.65,359958319.1,21255714776.740704,24696714776.740704,3441000000.0,1395853723.0,1395853723.0,0.0,False,14746680151.544407,14746680151.544407,0.0,1.0,10224122740.463335,4522557411.081073,2470939229.3610587,0.0,14,9464500000.0,9464500000.0,68
double_gm,baseline,,COMPOSITE,"{""double_gm"": 0.819451661232453}",321140213590.44794,263158881515.23737,57981332075.21056,52203950094.820786,142532917113.13165,0.0,55185891801.67022,13236122505.61464,52203950094.820786,142532917113.13165,17093211712.459501,40888120362.75105,17.184360433928443,4.121602323679944,16.25581222331651,44.38339114232039,5.322663120059631,12.732170756695055,55185891801.67022,13236122505.61464,17093211712.459501,34,22,12,Universal P&C Insurance Co.;Florida Family Insurance Co.;First Protective Insurance Co.;Cypress P&C Insurance Co.;Florida Peninsula Insurance Co;Tower Hill Insurance Exchange;Kin Interinsurance Network;Heritage P&C Insurance Co.;Florida Family Home Ins Co.;US Coastal P&C Insurance Co.;TypTap Insurance Co.;Homeowners Choice P&C Ins Co.;Vault E&S Insurance Co.;Edison Insurance Co.;Safe Harbor Insurance Co.;Spinnaker Specialty Ins Co.;GeoVera Specialty Insurance Co;Florida Farm Bureau Cas Ins Co;Universal North America Ins Co;QBE Specialty Insurance Co.;Auto Club Insurance Co. of FL;American Platinum P&C Ins Co.;FL Farm Bureau General Ins Co.;Castle Key Insurance Co.;Homesite Insurance Co.;PURE Specialty Exchange;State Farm FL Ins Co;AIG Property Casualty Co.;Foremost P&C Insurance Co.;ASI Preferred Insurance Corp.;Nationwide P&C Insurance Co.;ACE Ins Co. of the Midwest;Castle Key Indemnity Co.;First Liberty Insurance Corp.,Universal P&C Insurance Co.;Florida Family Insurance Co.;First Protective Insurance Co.;Cypress P&C Insurance Co.;Florida Peninsula Insurance Co;Tower Hill Insurance Exchange;Kin Interinsurance Network;Heritage P&C Insurance Co.;Florida Family Home Ins Co.;US Coastal P&C Insurance Co.;TypTap Insurance Co.;Homeowners Choice P&C Ins Co.;Vault E&S Insurance Co.;Edison Insurance Co.;Safe Harbor Insurance Co.;Spinnaker Specialty Ins Co.;GeoVera Specialty Insurance Co;Florida Farm Bureau Cas Ins Co;Universal North America Ins Co;QBE Specialty Insurance Co.;American Platinum P&C Ins Co.;Castle Key Indemnity Co.,7085297720.609793,13,37.540902848457876,3881698107.830613,53557526.92926979,1,0.9811320754716981,14142171578.938786,285268500.0,7636766543.376711,539937478.65,359958319.1,539937478.65,359958319.1,13652211712.459501,17093211712.459501,3441000000.0,1395853723.0,1395853723.0,0.0,False,14732708911.355436,14732708911.355436,0.0,1.0,10210151500.274364,4522557411.081072,2288254451.1995306,0.0,14,9464500000.0,9464500000.0,69
double_gm,baseline,,COMPOSITE,"{""double_gm"": 0.7253853233886143}",321140213590.4479,232950397688.39566,88189815902.0522,68441422648.75002,111161722432.5433,0.0,43778011490.9304,9569241116.171986,68441422648.75002,111161722432.5433,25897008884.74331,62292807017.30889,13.632055294937548,2.9797704277470833,21.312006330055507,34.6147002861213,8.064081603236998,19.39738605790158,43778011490.9304,9569241116.171986,25897008884.74331,30,19,11,Universal P&C Insurance Co.;Florida Family Insurance Co.;First Protective Insurance Co.;Cypress P&C Insurance Co.;Florida Peninsula Insurance Co;Tower Hill Insurance Exchange;Kin Interinsurance Network;Heritage P&C Insurance Co.;Florida Family Home Ins Co.;US Coastal P&C Insurance Co.;TypTap Insurance Co.;Homeowners Choice P&C Ins Co.;Vault E&S Insurance Co.;Edison Insurance Co.;Safe Harbor Insurance Co.;GeoVera Specialty Insurance Co;Florida Farm Bureau Cas Ins Co;Universal North America Ins Co;Auto Club Insurance Co. of FL;American Platinum P&C Ins Co.;FL Farm Bureau General Ins Co.;Castle Key Insurance Co.;Homesite Insurance Co.;State Farm FL Ins Co;AIG Property Casualty Co.;ASI Preferred Insurance Corp.;Nationwide P&C Insurance Co.;ACE Ins Co. of the Midwest;Castle Key Indemnity Co.;First Liberty Insurance Corp.,Universal P&C Insurance Co.;Florida Family Insurance Co.;First Protective Insurance Co.;Cypress P&C Insurance Co.;Florida Peninsula Insurance Co;Tower Hill Insurance Exchange;Kin Interinsurance Network;Heritage P&C Insurance Co.;Florida Family Home Ins Co.;US Coastal P&C Insurance Co.;TypTap Insurance Co.;Homeowners Choice P&C Ins Co.;Vault E&S Insurance Co.;Edison Insurance Co.;Safe Harbor Insurance Co.;GeoVera Specialty Insurance Co;Florida Farm Bureau Cas Ins Co;Universal North America Ins Co;American Platinum P&C Ins Co.,4352297269.584794,11,35.41856476294073,2425565265.955187,24945339.775730208,1,0.9811320754716981,9295699955.453745,308706120.0,4004406744.2661376,539937478.65,359958319.1,539937478.65,359958319.1,22456008884.74331,25897008884.74331,3441000000.0,1395853723.0,1395853723.0,0.0,False,14712329842.353096,14712329842.353096,0.0,1.0,10189772431.272022,4522557411.081074,2115265103.606155,0.0,14,9464500000.0,9464500000.0,70
double_gm,baseline,,COMPOSITE,"{""double_gm"": 0.6500138457878544}",321140213590.4479,208745585273.06,112394628317.38786,54236389372.40778,99745916522.17403,0.0,46052352175.97858,8710927202.499596,54236389372.40778,99745916522.17403,32951128526.07558,79443499791.31227,14.340263295306091,2.712499660229004,16.888694432263097,31.059927190987242,10.26066718884928,24.737948232365277,46052352175.97858,8710927202.499596,32951128526.07558,31,19,12,Universal P&C Insurance Co.;Florida Family Insurance Co.;First Protective Insurance Co.;Cypress P&C Insurance Co.;Florida Peninsula Insurance Co;Tower Hill Insurance Exchange;Kin Interinsurance Network;Heritage P&C Insurance Co.;Florida Family Home Ins Co.;US Coastal P&C Insurance Co.;TypTap Insurance Co.;Homeowners Choice P&C Ins Co.;Vault E&S Insurance Co.;Edison Insurance Co.;Safe Harbor Insurance Co.;GeoVera Specialty Insurance Co;Florida Farm Bureau Cas Ins Co;Universal North America Ins Co;Auto Club Insurance Co. of FL;American Platinum P&C Ins Co.;FL Farm Bureau General Ins Co.;Castle Key Insurance Co.;Homesite Insurance Co.;State Farm FL Ins Co;AIG Property Casualty Co.;Foremost P&C Insurance Co.;ASI Preferred Insurance Corp.;Nationwide P&C Insurance Co.;ACE Ins Co. of the Midwest;Castle Key Indemnity Co.;First Liberty Insurance Corp.,Universal P&C Insurance Co.;Florida Family Insurance Co.;First Protective Insurance Co.;Cypress P&C Insurance Co.;Florida Peninsula Insurance Co;Tower Hill Insurance Exchange;Kin Interinsurance Network;Heritage P&C Insurance Co.;Florida Family Home Ins Co.;US Coastal P&C Insurance Co.;TypTap Insurance Co.;Homeowners Choice P&C Ins Co.;Vault E&S Insurance Co.;Edison Insurance Co.;Safe Harbor Insurance Co.;GeoVera Specialty Insurance Co;Florida Farm Bureau Cas Ins Co;Universal North America Ins Co;American Platinum P&C Ins Co.,4791033979.231763,12,35.41856476294073,2731655527.914949,28775035.10063132,1,0.9811320754716981,9489629964.573557,308706120.0,3174466644.544499,539937478.65,359958319.1,539937478.65,359958319.1,29510128526.07558,32951128526.07558,3441000000.0,1395853723.0,1395853723.0,0.0,False,14719167242.515892,14719167242.515892,0.0,1.0,10196609831.43482,4522557411.081073,2109717453.1209724,0.0,13,9464500000.0,9464500000.0,71
double_gm,baseline,,COMPOSITE,"{""double_gm"": 0.7439407056528134}",321140213590.4479,238909277111.97302,82230936478.47484,53844261366.60173,94713629505.79092,0.0,71358267958.40344,18993118281.176975,53844261366.60173,94713629505.79092,24160385288.538303,58070551189.93655,22.220284143363962,5.914275907345262,16.766589510733045,29.49292100383909,7.523313576464825,18.082615858253828,71358267958.40344,18993118281.176975,24160385288.538303,38,23,15,Universal P&C Insurance Co.;Florida Family Insurance Co.;First Protective Insurance Co.;Spinnaker Insurance Co.;Cypress P&C Insurance Co.;Florida Peninsula Insurance Co;Tower Hill Insurance Exchange;Kin Interinsurance Network;Unique Insurance Co.;Heritage P&C Insurance Co.;Florida Family Home Ins Co.;US Coastal P&C Insurance Co.;TypTap Insurance Co.;Homeowners Choice P&C Ins Co.;Vault E&S Insurance Co.;Edison Insurance Co.;Safe Harbor Insurance Co.;Spinnaker Specialty Ins Co.;GeoVera Specialty Insurance Co;Florida Farm Bureau Cas Ins Co;Universal North America Ins Co;QBE Specialty Insurance Co.;Auto Club Insurance Co. of FL;American Platinum P&C Ins Co.;Privilege Underwriters Recpl;FL Farm Bureau General Ins Co.;Castle Key Insurance Co.;Chubb Custom Insurance Co.;Homesite Insurance Co.;PURE Specialty Exchange;State Farm FL Ins Co;AIG Property Casualty Co.;Foremost P&C Insurance Co.;ASI Preferred Insurance Corp.;Nationwide P&C Insurance Co.;ACE Ins Co. of the Midwest;Castle Key Indemnity Co.;First Liberty Insurance Corp.,Universal P&C Insurance Co.;Florida Family Insurance Co.;First Protective Insurance Co.;Spinnaker Insurance Co.;Cypress P&C Insurance Co.;Florida Peninsula Insurance Co;Tower Hill Insurance Exchange;Kin Interinsurance Network;Unique Insurance Co.;Heritage P&C Insurance Co.;Florida Family Home Ins Co.;US Coastal P&C Insurance Co.;TypTap Insurance Co.;Homeowners Choice P&C Ins Co.;Vault E&S Insurance Co.;Edison Insurance Co.;Safe Harbor Insurance Co.;Spinnaker Specialty Ins Co.;GeoVera Specialty Insurance Co;Florida Farm Bureau Cas Ins Co;Universal North America Ins Co;QBE Specialty Insurance Co.;American Platinum P&C Ins Co.,9678729152.2009,15,36.189312511589605,4978532332.257891,83682767.42434445,1,0.9811320754716981,21358244687.466,300194520.0,13362031163.965208,539937478.65,359958319.1,539937478.65,359958319.1,20719385288.538303,24160385288.538303,3441000000.0,1395853723.0,1395853723.0,0.0,False,14750485739.63089,14750485739.63089,0.0,1.0,10227928328.549818,4522557411.081073,2544498415.943154,0.0,14,9464500000.0,9464500000.0,72
double_gm,baseline,,COMPOSITE,"{""double_gm"": 0.7578914929838645}",321140213590.4479,243389435935.22165,77750777655.22621,24381108241.71138,115351121676.8522,0.0,83302732518.71944,20354473497.938705,24381108241.71138,115351121676.8522,22854712027.821644,54896065627.40457,25.939676500606655,6.338188939457109,7.592044599187058,35.91923925913564,7.116739374461649,17.094111327151907,83302732518.71944,20354473497.938705,22854712027.821644,38,24,14,Universal P&C Insurance Co.;Florida Family Insurance Co.;First Protective Insurance Co.;Spinnaker Insurance Co.;Cypress P&C Insurance Co.;Florida Peninsula Insurance Co;Tower Hill Insurance Exchange;Kin Interinsurance Network;Unique Insurance Co.;Heritage P&C Insurance Co.;Florida Family Home Ins Co.;US Coastal P&C Insurance Co.;TypTap Insurance Co.;Homeowners Choice P&C Ins Co.;Vault E&S Insurance Co.;Edison Insurance Co.;Safe Harbor Insurance Co.;Spinnaker Specialty Ins Co.;GeoVera Specialty Insurance Co;Florida Farm Bureau Cas Ins Co;Universal North America Ins Co;QBE Specialty Insurance Co.;Auto Club Insurance Co. of FL;American Platinum P&C Ins Co.;Privilege Underwriters Recpl;FL Farm Bureau General Ins Co.;Castle Key Insurance Co.;Chubb Custom Insurance Co.;Homesite Insurance Co.;PURE Specialty Exchange;State Farm FL Ins Co;AIG Property Casualty Co.;Foremost P&C Insurance Co.;ASI Preferred Insurance Corp.;Nationwide P&C Insurance Co.;ACE Ins Co. of the Midwest;Castle Key Indemnity Co.;First Liberty Insurance Corp.,Universal P&C Insurance Co.;Florida Family Insurance Co.;First Protective Insurance Co.;Spinnaker Insurance Co.;Cypress P&C Insurance Co.;Florida Peninsula Insurance Co;Tower Hill Insurance Exchange;Kin Interinsurance Network;Unique Insurance Co.;Heritage P&C Insurance Co.;Florida Family Home Ins Co.;US Coastal P&C Insurance Co.;TypTap Insurance Co.;Homeowners Choice P&C Ins Co.;Vault E&S Insurance Co.;Edison Insurance Co.;Safe Harbor Insurance Co.;Spinnaker Specialty Ins Co.;GeoVera Specialty Insurance Co;Florida Farm Bureau Cas Ins Co;Universal North America Ins Co;QBE Specialty Insurance Co.;American Platinum P&C Ins Co.;Castle Key Indemnity Co.,12350481055.439905,15,37.927433985368395,6200820236.515566,78791956.0992781,1,0.9811320754716981,24757374119.92988,280999920.0,14737893164.606937,539937478.65,359958319.1,539937478.65,359958319.1,19413712027.821644,22854712027.821644,3441000000.0,1395853723.0,1395853723.0,0.0,False,14762938515.091152,14762938515.091152,0.0,1.0,10240381104.01008,4522557411.081073,2575000000.0,0.0,14,9464500000.0,9464500000.0,73
double_gm,baseline,,COMPOSITE,"{""double_gm"": 0.6546834806972767}",321140213590.4479,210245192825.26123,110895020765.18661,35677184047.04115,72039351163.70557,0.0,79498522524.88945,23030135089.625107,35677184047.04115,72039351163.70557,32514091010.280964,78380929754.90564,24.755081786884034,7.171364443007933,11.109534881402455,22.432366958433242,10.124577874182519,24.40707405608982,79498522524.88945,23030135089.625107,32514091010.280964,38,23,15,Universal P&C Insurance Co.;Florida Family Insurance Co.;First Protective Insurance Co.;Spinnaker Insurance Co.;Cypress P&C Insurance Co.;Florida Peninsula Insurance Co;Tower Hill Insurance Exchange;Kin Interinsurance Network;Unique Insurance Co.;Heritage P&C Insurance Co.;Florida Family Home Ins Co.;US Coastal P&C Insurance Co.;TypTap Insurance Co.;Homeowners Choice P&C Ins Co.;Vault E&S Insurance Co.;Edison Insurance Co.;Safe Harbor Insurance Co.;Spinnaker Specialty Ins Co.;GeoVera Specialty Insurance Co;Florida Farm Bureau Cas Ins Co;Universal North America Ins Co;QBE Specialty Insurance Co.;Auto Club Insurance Co. of FL;American Platinum P&C Ins Co.;Privilege Underwriters Recpl;FL Farm Bureau General Ins Co.;Castle Key Insurance Co.;Chubb Custom Insurance Co.;Homesite Insurance Co.;PURE Specialty Exchange;State Farm FL Ins Co;AIG Property Casualty Co.;Foremost P&C Insurance Co.;ASI Preferred Insurance Corp.;Nationwide P&C Insurance Co.;ACE Ins Co. of the Midwest;Castle Key Indemnity Co.;First Liberty Insurance Corp.,Universal P&C Insurance Co.;Florida Family Insurance Co.;First Protective Insurance Co.;Spinnaker Insurance Co.;Cypress P&C Insurance Co.;Florida Peninsula Insurance Co;Tower Hill Insurance Exchange;Kin Interinsurance Network;Unique Insurance Co.;Heritage P&C Insurance Co.;Florida Family Home Ins Co.;US Coastal P&C Insurance Co.;TypTap Insurance Co.;Homeowners Choice P&C Ins Co.;Vault E&S Insurance Co.;Edison Insurance Co.;Safe Harbor Insurance Co.;Spinnaker Specialty Ins Co.;GeoVera Specialty Insurance Co;Florida Farm Bureau Cas Ins Co;Universal North America Ins Co;QBE Specialty Insurance Co.;American Platinum P&C Ins Co.,10740394131.829515,15,36.189312511589605,5546335695.597685,96631385.41027486,1,0.9811320754716981,23842424828.145596,300194520.0,17377842695.32813,539937478.65,359958319.1,539937478.65,359958319.1,29073091010.280964,32514091010.280964,3441000000.0,1395853723.0,1395853723.0,0.0,False,14757463904.79306,14757463904.79306,0.0,1.0,10234906493.711988,4522557411.081073,2394527227.7590413,0.0,14,9464500000.0,9464500000.0,74
double_gm,baseline,,COMPOSITE,"{""double_gm"": 0.7404785988168894}",321140213590.44794,237797455383.21146,83342758207.23647,77350627028.02576,86748802507.49629,0.0,56980410586.122246,16717615261.56714,77350627028.02576,86748802507.49629,24484408600.92507,58858349606.31142,17.74315647021077,5.205705967078672,24.08624761228797,27.012749832111517,7.6242113459356995,18.32792877237537,56980410586.122246,16717615261.56714,24484408600.92507,34,21,13,Universal P&C Insurance Co.;Florida Family Insurance Co.;First Protective Insurance Co.;Cypress P&C Insurance Co.;Florida Peninsula Insurance Co;Tower Hill Insurance Exchange;Kin Interinsurance Network;Unique Insurance Co.;Heritage P&C Insurance Co.;Florida Family Home Ins Co.;US Coastal P&C Insurance Co.;TypTap Insurance Co.;Homeowners Choice P&C Ins Co.;Vault E&S Insurance Co.;Edison Insurance Co.;Safe Harbor Insurance Co.;GeoVera Specialty Insurance Co;Florida Farm Bureau Cas Ins Co;Universal North America Ins Co;QBE Specialty Insurance Co.;Auto Club Insurance Co. of FL;American Platinum P&C Ins Co.;FL Farm Bureau General Ins Co.;Castle Key Insurance Co.;Homesite Insurance Co.;PURE Specialty Exchange;State Farm FL Ins Co;AIG Property Casualty Co.;Foremost P&C Insurance Co.;ASI Preferred Insurance Corp.;Nationwide P&C Insurance Co.;ACE Ins Co. of the Midwest;Castle Key Indemnity Co.;First Liberty Insurance Corp.,Universal P&C Insurance Co.;Florida Family Insurance Co.;First Protective Insurance Co.;Cypress P&C Insurance Co.;Florida Peninsula Insurance Co;Tower Hill Insurance Exchange;Kin Interinsurance Network;Unique Insurance Co.;Heritage P&C Insurance Co.;Florida Family Home Ins Co.;US Coastal P&C Insurance Co.;TypTap Insurance Co.;Homeowners Choice P&C Ins Co.;Vault E&S Insurance Co.;Edison Insurance Co.;Safe Harbor Insurance Co.;GeoVera Specialty Insurance Co;Florida Farm Bureau Cas Ins Co;Universal North America Ins Co;QBE Specialty Insurance Co.;American Platinum P&C Ins Co.,7010033278.961928,13,35.80938809441937,3479865049.7977934,55593459.888462186,1,0.9811320754716981,14378594069.392273,304390140.0,11069740751.889599,539937478.65,359958319.1,539937478.65,359958319.1,21043408600.92507,24484408600.92507,3441000000.0,1395853723.0,1395853723.0,0.0,False,14730159869.118498,14730159869.118498,0.0,1.0,10207602458.037426,4522557411.081072,2486062594.4967566,0.0,14,9464500000.0,9464500000.0,75
double_gm,baseline,,COMPOSITE,"{""double_gm"": 0.8071565365545162}",321140213590.4479,259210422550.04352,61929791040.40439,56929108313.00407,121794372888.68861,0.0,63352734286.59855,17134207061.75229,56929108313.00407,121794372888.68861,18243929241.743942,43685861798.66045,19.727437301699215,5.335428680882567,17.727181431599256,37.92560624127059,5.680985585010085,13.603360759538297,63352734286.59855,17134207061.75229,18243929241.743942,35,22,13,Universal P&C Insurance Co.;Florida Family Insurance Co.;First Protective Insurance Co.;Cypress P&C Insurance Co.;Florida Peninsula Insurance Co;Tower Hill Insurance Exchange;Kin Interinsurance Network;Unique Insurance Co.;Heritage P&C Insurance Co.;Florida Family Home Ins Co.;US Coastal P&C Insurance Co.;TypTap Insurance Co.;Homeowners Choice P&C Ins Co.;Vault E&S Insurance Co.;Edison Insurance Co.;Safe Harbor Insurance Co.;Spinnaker Specialty Ins Co.;GeoVera Specialty Insurance Co;Florida Farm Bureau Cas Ins Co;Universal North America Ins Co;QBE Specialty Insurance Co.;Auto Club Insurance Co. of FL;American Platinum P&C Ins Co.;FL Farm Bureau General Ins Co.;Castle Key Insurance Co.;Homesite Insurance Co.;PURE Specialty Exchange;State Farm FL Ins Co;AIG Property Casualty Co.;Foremost P&C Insurance Co.;ASI Preferred Insurance Corp.;Nationwide P&C Insurance Co.;ACE Ins Co. of the Midwest;Castle Key Indemnity Co.;First Liberty Insurance Corp.,Universal P&C Insurance Co.;Florida Family Insurance Co.;First Protective Insurance Co.;Cypress P&C Insurance Co.;Florida Peninsula Insurance Co;Tower Hill Insurance Exchange;Kin Interinsurance Network;Unique Insurance Co.;Heritage P&C Insurance Co.;Florida Family Home Ins Co.;US Coastal P&C Insurance Co.;TypTap Insurance Co.;Homeowners Choice P&C Ins Co.;Vault E&S Insurance Co.;Edison Insurance Co.;Safe Harbor Insurance Co.;Spinnaker Specialty Ins Co.;GeoVera Specialty Insurance Co;Florida Farm Bureau Cas Ins Co;Universal North America Ins Co;QBE Specialty Insurance Co.;American Platinum P&C Ins Co.,7389921664.698159,13,35.89838321723671,5119441798.738826,47069909.8777637,1,0.9811320754716981,17847617405.104404,303407340.0,11502657174.173002,539937478.65,359958319.1,539937478.65,359958319.1,14802929241.743942,18243929241.743942,3441000000.0,1395853723.0,1395853723.0,0.0,False,14743677507.299011,14743677507.299011,0.0,1.0,10221120096.21794,4522557411.081073,2575000000.0,0.0,14,9464500000.0,9464500000.0,76
double_gm,baseline,,COMPOSITE,"{""double_gm"": 0.752751801700425}",321140213590.44794,241738874378.669,79401339211.77893,26400687022.48086,89880251231.4278,0.0,95639653576.73187,29818282548.028465,26400687022.48086,89880251231.4278,23335742762.351513,56065596449.427414,29.781276068621448,9.285128827265433,8.220922172067127,27.987853102088494,7.266527757906934,17.45829207205056,95639653576.73187,29818282548.028465,23335742762.351513,38,24,14,Universal P&C Insurance Co.;Florida Family Insurance Co.;First Protective Insurance Co.;Spinnaker Insurance Co.;Cypress P&C Insurance Co.;Florida Peninsula Insurance Co;Tower Hill Insurance Exchange;Kin Interinsurance Network;Unique Insurance Co.;Heritage P&C Insurance Co.;Florida Family Home Ins Co.;US Coastal P&C Insurance Co.;TypTap Insurance Co.;Homeowners Choice P&C Ins Co.;Vault E&S Insurance Co.;Edison Insurance Co.;Safe Harbor Insurance Co.;Spinnaker Specialty Ins Co.;GeoVera Specialty Insurance Co;Florida Farm Bureau Cas Ins Co;Universal North America Ins Co;QBE Specialty Insurance Co.;Auto Club Insurance Co. of FL;American Platinum P&C Ins Co.;Privilege Underwriters Recpl;FL Farm Bureau General Ins Co.;Castle Key Insurance Co.;Chubb Custom Insurance Co.;Homesite Insurance Co.;PURE Specialty Exchange;State Farm FL Ins Co;AIG Property Casualty Co.;Foremost P&C Insurance Co.;ASI Preferred Insurance Corp.;Nationwide P&C Insurance Co.;ACE Ins Co. of the Midwest;Castle Key Indemnity Co.;First Liberty Insurance Corp.,Universal P&C Insurance Co.;Florida Family Insurance Co.;First Protective Insurance Co.;Spinnaker Insurance Co.;Cypress P&C Insurance Co.;Florida Peninsula Insurance Co;Tower Hill Insurance Exchange;Kin Interinsurance Network;Unique Insurance Co.;Heritage P&C Insurance Co.;Florida Family Home Ins Co.;US Coastal P&C Insurance Co.;TypTap Insurance Co.;Homeowners Choice P&C Ins Co.;Vault E&S Insurance Co.;Edison Insurance Co.;Safe Harbor Insurance Co.;Spinnaker Specialty Ins Co.;GeoVera Specialty Insurance Co;Florida Farm Bureau Cas Ins Co;Universal North America Ins Co;QBE Specialty Insurance Co.;American Platinum P&C Ins Co.;Castle Key Indemnity Co.,13487414832.541388,15,37.927433985368395,7326251659.591891,136926811.11919123,1,0.9811320754716981,31511209702.369617,280999920.0,24146725431.31349,539937478.65,359958319.1,539937478.65,359958319.1,19894742762.351513,23335742762.351513,3441000000.0,1395853723.0,1395853723.0,0.0,False,14771834756.478363,14771834756.478363,0.0,1.0,10249277345.397291,4522557411.081072,2575000000.0,0.0,14,9464500000.0,9464500000.0,77
double_gm,baseline,,COMPOSITE,"{""double_gm"": 0.8822608091635903}",321140213590.44794,283329424697.2768,37810788893.17116,49425677896.32036,123165745057.3543,0.0,78782099261.47603,31955902482.12608,49425677896.32036,123165745057.3543,11214817680.923193,26595971212.247955,24.53199441473478,9.950763289607709,15.390684755336567,38.35263845667996,3.492187277182769,8.28173180645821,78782099261.47603,31955902482.12608,11214817680.923193,37,22,15,Universal P&C Insurance Co.;Florida Family Insurance Co.;First Protective Insurance Co.;Cypress P&C Insurance Co.;Florida Peninsula Insurance Co;Tower Hill Insurance Exchange;Kin Interinsurance Network;Unique Insurance Co.;Heritage P&C Insurance Co.;Florida Family Home Ins Co.;US Coastal P&C Insurance Co.;TypTap Insurance Co.;Homeowners Choice P&C Ins Co.;Vault E&S Insurance Co.;Edison Insurance Co.;Safe Harbor Insurance Co.;Spinnaker Specialty Ins Co.;GeoVera Specialty Insurance Co;Florida Farm Bureau Cas Ins Co;Universal North America Ins Co;QBE Specialty Insurance Co.;Auto Club Insurance Co. of FL;American Platinum P&C Ins Co.;Privilege Underwriters Recpl;FL Farm Bureau General Ins Co.;Castle Key Insurance Co.;Chubb Custom Insurance Co.;Homesite Insurance Co.;PURE Specialty Exchange;State Farm FL Ins Co;AIG Property Casualty Co.;Foremost P&C Insurance Co.;ASI Preferred Insurance Corp.;Nationwide P&C Insurance Co.;ACE Ins Co. of the Midwest;Castle Key Indemnity Co.;First Liberty Insurance Corp.,Universal P&C Insurance Co.;Florida Family Insurance Co.;First Protective Insurance Co.;Cypress P&C Insurance Co.;Florida Peninsula Insurance Co;Tower Hill Insurance Exchange;Kin Interinsurance Network;Unique Insurance Co.;Heritage P&C Insurance Co.;Florida Family Home Ins Co.;US Coastal P&C Insurance Co.;TypTap Insurance Co.;Homeowners Choice P&C Ins Co.;Vault E&S Insurance Co.;Edison Insurance Co.;Safe Harbor Insurance Co.;Spinnaker Specialty Ins Co.;GeoVera Specialty Insurance Co;Florida Farm Bureau Cas Ins Co;Universal North America Ins Co;QBE Specialty Insurance Co.;American Platinum P&C Ins Co.,11063868777.374844,15,35.89838321723671,5097149206.726951,97704848.10849309,1,0.9811320754716981,23378218326.51149,303407340.0,26221926085.3776,539937478.65,359958319.1,539937478.65,359958319.1,7773817680.923193,11214817680.923193,3441000000.0,1395853723.0,1395853723.0,0.0,False,14750456394.757008,14750456394.757008,0.0,1.0,10227898983.675936,4522557411.081073,2575000000.0,0.0,14,9464500000.0,9464500000.0,78
double_gm,baseline,,COMPOSITE,"{""double_gm"": 0.5940374380699972}",321140213590.4479,190769309742.52136,130370903847.92654,32262409905.622467,107860193006.56584,0.0,42963285913.92198,7683420916.411037,32262409905.622467,107860193006.56584,38190037058.894104,92180866789.03242,13.3783575197821,2.392544001421682,10.04620677831613,33.5866355074798,11.892013345796082,28.7042428472042,42963285913.92198,7683420916.411037,38190037058.894104,29,18,11,Universal P&C Insurance Co.;Florida Family Insurance Co.;First Protective Insurance Co.;Cypress P&C Insurance Co.;Florida Peninsula Insurance Co;Tower Hill Insurance Exchange;Kin Interinsurance Network;Heritage P&C Insurance Co.;Florida Family Home Ins Co.;US Coastal P&C Insurance Co.;TypTap Insurance Co.;Homeowners Choice P&C Ins Co.;Edison Insurance Co.;Safe Harbor Insurance Co.;GeoVera Specialty Insurance Co;Florida Farm Bureau Cas Ins Co;Universal North America Ins Co;Auto Club Insurance Co. of FL;American Platinum P&C Ins Co.;FL Farm Bureau General Ins Co.;Castle Key Insurance Co.;Homesite Insurance Co.;State Farm FL Ins Co;AIG Property Casualty Co.;ASI Preferred Insurance Corp.;Nationwide P&C Insurance Co.;ACE Ins Co. of the Midwest;Castle Key Indemnity Co.;First Liberty Insurance Corp.,Universal P&C Insurance Co.;Florida Family Insurance Co.;First Protective Insurance Co.;Cypress P&C Insurance Co.;Florida Peninsula Insurance Co;Tower Hill Insurance Exchange;Kin Interinsurance Network;Heritage P&C Insurance Co.;Florida Family Home Ins Co.;US Coastal P&C Insurance Co.;TypTap Insurance Co.;Homeowners Choice P&C Ins Co.;Edison Insurance Co.;Safe Harbor Insurance Co.;GeoVera Specialty Insurance Co;Florida Farm Bureau Cas Ins Co;Universal North America Ins Co;American Platinum P&C Ins Co.,4258497066.5145755,11,35.166819401784345,2320113627.793064,35560426.08933244,1,0.9811320754716981,9146799652.250172,311486220.0,2165068651.896284,539937478.65,359958319.1,539937478.65,359958319.1,34749037058.894104,38190037058.894104,3441000000.0,1395853723.0,1395853723.0,0.0,False,14719958686.18092,14719958686.18092,0.0,1.0,10197401275.099848,4522557411.081073,2128274295.6544662,0.0,14,9464500000.0,9464500000.0,79
double_gm,baseline,,COMPOSITE,"{""double_gm"": 0.6301055357328919}",321140213590.4479,202352226329.7845,118787987260.66338,47869381616.23838,85446002140.71808,0.0,51462792326.2422,17574050246.58584,47869381616.23838,85446002140.71808,34814374484.02704,83973612776.63638,16.02502276213624,5.472391654132153,14.906068935137007,26.6070702218838,10.84086421155154,26.148582215159283,51462792326.2422,17574050246.58584,34814374484.02704,31,20,11,Universal P&C Insurance Co.;Florida Family Insurance Co.;First Protective Insurance Co.;Cypress P&C Insurance Co.;Florida Peninsula Insurance Co;Tower Hill Insurance Exchange;Kin Interinsurance Network;Unique Insurance Co.;Heritage P&C Insurance Co.;Florida Family Home Ins Co.;US Coastal P&C Insurance Co.;TypTap Insurance Co.;Homeowners Choice P&C Ins Co.;Vault E&S Insurance Co.;Edison Insurance Co.;Safe Harbor Insurance Co.;GeoVera Specialty Insurance Co;Florida Farm Bureau Cas Ins Co;Universal North America Ins Co;Auto Club Insurance Co. of FL;American Platinum P&C Ins Co.;FL Farm Bureau General Ins Co.;Castle Key Insurance Co.;Homesite Insurance Co.;State Farm FL Ins Co;AIG Property Casualty Co.;ASI Preferred Insurance Corp.;Nationwide P&C Insurance Co.;ACE Ins Co. of the Midwest;Castle Key Indemnity Co.;First Liberty Insurance Corp.,Universal P&C Insurance Co.;Florida Family Insurance Co.;First Protective Insurance Co.;Cypress P&C Insurance Co.;Florida Peninsula Insurance Co;Tower Hill Insurance Exchange;Kin Interinsurance Network;Unique Insurance Co.;Heritage P&C Insurance Co.;Florida Family Home Ins Co.;US Coastal P&C Insurance Co.;TypTap Insurance Co.;Homeowners Choice P&C Ins Co.;Vault E&S Insurance Co.;Edison Insurance Co.;Safe Harbor Insurance Co.;GeoVera Specialty Insurance Co;Florida Farm Bureau Cas Ins Co;Universal North America Ins Co;American Platinum P&C Ins Co.,5825052796.25011,11,35.51416660549837,3407204177.9113364,50005341.6209061,1,0.9811320754716981,11933714825.136375,307650360.0,11889631827.089104,539937478.65,359958319.1,539937478.65,359958319.1,31373374484.02704,34814374484.02704,3441000000.0,1395853723.0,1395853723.0,0.0,False,14731436314.6792,14731436314.6792,0.0,1.0,10208878903.598127,4522557411.081073,2331862902.234039,0.0,14,9464500000.0,9464500000.0,80
double_gm,baseline,,COMPOSITE,"{""double_gm"": 0.686819398247262}",321140213590.4479,220565328251.18863,100574885339.25926,50302129821.715485,80504311058.94408,0.0,71296046230.96037,18462841139.568707,50302129821.715485,80504311058.94408,29506446548.50778,71068438790.75148,22.200908890807636,5.749152662367748,15.66360352673431,25.06827474481652,9.188026070798326,22.130034104475467,71296046230.96037,18462841139.568707,29506446548.50778,37,23,14,Universal P&C Insurance Co.;Florida Family Insurance Co.;First Protective Insurance Co.;Spinnaker Insurance Co.;Cypress P&C Insurance Co.;Florida Peninsula Insurance Co;Tower Hill Insurance Exchange;Kin Interinsurance Network;Unique Insurance Co.;Heritage P&C Insurance Co.;Florida Family Home Ins Co.;US Coastal P&C Insurance Co.;TypTap Insurance Co.;Homeowners Choice P&C Ins Co.;Vault E&S Insurance Co.;Edison Insurance Co.;Safe Harbor Insurance Co.;Spinnaker Specialty Ins Co.;GeoVera Specialty Insurance Co;Florida Farm Bureau Cas Ins Co;Universal North America Ins Co;QBE Specialty Insurance Co.;Auto Club Insurance Co. of FL;American Platinum P&C Ins Co.;Privilege Underwriters Recpl;FL Farm Bureau General Ins Co.;Castle Key Insurance Co.;Homesite Insurance Co.;PURE Specialty Exchange;State Farm FL Ins Co;AIG Property Casualty Co.;Foremost P&C Insurance Co.;ASI Preferred Insurance Corp.;Nationwide P&C Insurance Co.;ACE Ins Co. of the Midwest;Castle Key Indemnity Co.;First Liberty Insurance Corp.,Universal P&C Insurance Co.;Florida Family Insurance Co.;First Protective Insurance Co.;Spinnaker Insurance Co.;Cypress P&C Insurance Co.;Florida Peninsula Insurance Co;Tower Hill Insurance Exchange;Kin Interinsurance Network;Unique Insurance Co.;Heritage P&C Insurance Co.;Florida Family Home Ins Co.;US Coastal P&C Insurance Co.;TypTap Insurance Co.;Homeowners Choice P&C Ins Co.;Vault E&S Insurance Co.;Edison Insurance Co.;Safe Harbor Insurance Co.;Spinnaker Specialty Ins Co.;GeoVera Specialty Insurance Co;Florida Farm Bureau Cas Ins Co;Universal North America Ins Co;QBE Specialty Insurance Co.;American Platinum P&C Ins Co.,9453285001.06239,14,36.189312511589605,5226933475.173595,61123753.42727341,1,0.9811320754716981,19985206714.291443,300194520.0,12837819875.130497,539937478.65,359958319.1,539937478.65,359958319.1,26065446548.50778,29506446548.50778,3441000000.0,1395853723.0,1395853723.0,0.0,False,14747508017.011333,14747508017.011333,0.0,1.0,10224950605.930262,4522557411.081073,2575000000.0,0.0,14,9464500000.0,9464500000.0,81
double_gm,baseline,,COMPOSITE,"{""double_gm"": 0.7736027489384275}",321140213590.4479,248434952028.24426,72705261562.20361,48967865928.79021,91874129161.8551,0.0,77904187765.08354,29688769172.515427,48967865928.79021,91874129161.8551,21384274101.60584,51320987460.59778,24.258621146847474,9.24479959721821,15.24812647451223,28.608727675264845,6.658859026878937,15.980866079278305,77904187765.08354,29688769172.515427,21384274101.60584,38,23,15,Universal P&C Insurance Co.;Florida Family Insurance Co.;First Protective Insurance Co.;Spinnaker Insurance Co.;Cypress P&C Insurance Co.;Florida Peninsula Insurance Co;Tower Hill Insurance Exchange;Kin Interinsurance Network;Unique Insurance Co.;Heritage P&C Insurance Co.;Florida Family Home Ins Co.;US Coastal P&C Insurance Co.;TypTap Insurance Co.;Homeowners Choice P&C Ins Co.;Vault E&S Insurance Co.;Edison Insurance Co.;Safe Harbor Insurance Co.;Spinnaker Specialty Ins Co.;GeoVera Specialty Insurance Co;Florida Farm Bureau Cas Ins Co;Universal North America Ins Co;QBE Specialty Insurance Co.;Auto Club Insurance Co. of FL;American Platinum P&C Ins Co.;Privilege Underwriters Recpl;FL Farm Bureau General Ins Co.;Castle Key Insurance Co.;Chubb Custom Insurance Co.;Homesite Insurance Co.;PURE Specialty Exchange;State Farm FL Ins Co;AIG Property Casualty Co.;Foremost P&C Insurance Co.;ASI Preferred Insurance Corp.;Nationwide P&C Insurance Co.;ACE Ins Co. of the Midwest;Castle Key Indemnity Co.;First Liberty Insurance Corp.,Universal P&C Insurance Co.;Florida Family Insurance Co.;First Protective Insurance Co.;Spinnaker Insurance Co.;Cypress P&C Insurance Co.;Florida Peninsula Insurance Co;Tower Hill Insurance Exchange;Kin Interinsurance Network;Unique Insurance Co.;Heritage P&C Insurance Co.;Florida Family Home Ins Co.;US Coastal P&C Insurance Co.;TypTap Insurance Co.;Homeowners Choice P&C Ins Co.;Vault E&S Insurance Co.;Edison Insurance Co.;Safe Harbor Insurance Co.;Spinnaker Specialty Ins Co.;GeoVera Specialty Insurance Co;Florida Farm Bureau Cas Ins Co;Universal North America Ins Co;QBE Specialty Insurance Co.;American Platinum P&C Ins Co.,9948271486.765017,15,36.189312511589605,5684552373.620969,90569222.74094276,1,0.9811320754716981,24164205375.792324,300194520.0,23970825234.196922,539937478.65,359958319.1,539937478.65,359958319.1,17943274101.60584,21384274101.60584,3441000000.0,1395853723.0,1395853723.0,0.0,False,14760363280.44265,14760363280.44265,0.0,1.0,10237805869.361576,4522557411.081073,2575000000.0,0.0,14,9464500000.0,9464500000.0,82
double_gm,baseline,,COMPOSITE,"{""double_gm"": 0.625640899565041}",321140213590.4479,200918452117.2372,120221761473.21066,38002003622.391266,73047084451.02621,0.0,70206484081.77573,19662879962.04405,38002003622.391266,73047084451.02621,35232225887.310684,84989535585.89998,21.861629628019898,6.12283330767172,11.83346152682562,22.74616549398688,10.970979153748264,26.464930889747635,70206484081.77573,19662879962.04405,35232225887.310684,37,24,13,Universal P&C Insurance Co.;Florida Family Insurance Co.;First Protective Insurance Co.;Spinnaker Insurance Co.;Cypress P&C Insurance Co.;Florida Peninsula Insurance Co;Tower Hill Insurance Exchange;Kin Interinsurance Network;Unique Insurance Co.;Heritage P&C Insurance Co.;Florida Family Home Ins Co.;US Coastal P&C Insurance Co.;TypTap Insurance Co.;Homeowners Choice P&C Ins Co.;Vault E&S Insurance Co.;Edison Insurance Co.;Safe Harbor Insurance Co.;Spinnaker Specialty Ins Co.;GeoVera Specialty Insurance Co;Florida Farm Bureau Cas Ins Co;Universal North America Ins Co;QBE Specialty Insurance Co.;Auto Club Insurance Co. of FL;American Platinum P&C Ins Co.;Privilege Underwriters Recpl;FL Farm Bureau General Ins Co.;Castle Key Insurance Co.;Homesite Insurance Co.;PURE Specialty Exchange;State Farm FL Ins Co;AIG Property Casualty Co.;Foremost P&C Insurance Co.;ASI Preferred Insurance Corp.;Nationwide P&C Insurance Co.;ACE Ins Co. of the Midwest;Castle Key Indemnity Co.;First Liberty Insurance Corp.,Universal P&C Insurance Co.;Florida Family Insurance Co.;First Protective Insurance Co.;Spinnaker Insurance Co.;Cypress P&C Insurance Co.;Florida Peninsula Insurance Co;Tower Hill Insurance Exchange;Kin Interinsurance Network;Unique Insurance Co.;Heritage P&C Insurance Co.;Florida Family Home Ins Co.;US Coastal P&C Insurance Co.;TypTap Insurance Co.;Homeowners Choice P&C Ins Co.;Vault E&S Insurance Co.;Edison Insurance Co.;Safe Harbor Insurance Co.;Spinnaker Specialty Ins Co.;GeoVera Specialty Insurance Co;Florida Farm Bureau Cas Ins Co;Universal North America Ins Co;QBE Specialty Insurance Co.;American Platinum P&C Ins Co.;Castle Key Indemnity Co.,9751140789.002771,14,37.927433985368395,5515825537.068121,76733727.68098323,1,0.9811320754716981,20371116762.240032,280999920.0,14020726974.420837,539937478.65,359958319.1,539937478.65,359958319.1,31791225887.310684,35232225887.310684,3441000000.0,1395853723.0,1395853723.0,0.0,False,14753441436.710361,14753441436.710361,0.0,1.0,10230884025.62929,4522557411.081073,2574999999.9999995,0.0,14,9464500000.0,9464500000.0,83
double_gm,baseline,,COMPOSITE,"{""double_gm"": 0.8132966811342119}",321140213590.44794,261182269891.84326,59957943698.60468,36119778031.72098,120612240726.8758,0.0,80365492807.60953,24084758325.6369,36119778031.72098,120612240726.8758,17669264715.334087,42288678983.2706,25.025048065173216,7.4997640614240675,11.247354427491523,37.55750155933237,5.502040531699903,13.168291354878903,80365492807.60953,24084758325.6369,17669264715.334087,38,23,15,Universal P&C Insurance Co.;Florida Family Insurance Co.;First Protective Insurance Co.;Spinnaker Insurance Co.;Cypress P&C Insurance Co.;Florida Peninsula Insurance Co;Tower Hill Insurance Exchange;Kin Interinsurance Network;Unique Insurance Co.;Heritage P&C Insurance Co.;Florida Family Home Ins Co.;US Coastal P&C Insurance Co.;TypTap Insurance Co.;Homeowners Choice P&C Ins Co.;Vault E&S Insurance Co.;Edison Insurance Co.;Safe Harbor Insurance Co.;Spinnaker Specialty Ins Co.;GeoVera Specialty Insurance Co;Florida Farm Bureau Cas Ins Co;Universal North America Ins Co;QBE Specialty Insurance Co.;Auto Club Insurance Co. of FL;American Platinum P&C Ins Co.;Privilege Underwriters Recpl;FL Farm Bureau General Ins Co.;Castle Key Insurance Co.;Chubb Custom Insurance Co.;Homesite Insurance Co.;PURE Specialty Exchange;State Farm FL Ins Co;AIG Property Casualty Co.;Foremost P&C Insurance Co.;ASI Preferred Insurance Corp.;Nationwide P&C Insurance Co.;ACE Ins Co. of the Midwest;Castle Key Indemnity Co.;First Liberty Insurance Corp.,Universal P&C Insurance Co.;Florida Family Insurance Co.;First Protective Insurance Co.;Spinnaker Insurance Co.;Cypress P&C Insurance Co.;Florida Peninsula Insurance Co;Tower Hill Insurance Exchange;Kin Interinsurance Network;Unique Insurance Co.;Heritage P&C Insurance Co.;Florida Family Home Ins Co.;US Coastal P&C Insurance Co.;TypTap Insurance Co.;Homeowners Choice P&C Ins Co.;Vault E&S Insurance Co.;Edison Insurance Co.;Safe Harbor Insurance Co.;Spinnaker Specialty Ins Co.;GeoVera Specialty Insurance Co;Florida Farm Bureau Cas Ins Co;Universal North America Ins Co;QBE Specialty Insurance Co.;American Platinum P&C Ins Co.,10718579446.369453,15,36.189312511589605,4414074034.556775,96401234.31631616,1,0.9811320754716981,23368179120.445698,300194520.0,18424583477.49976,539937478.65,359958319.1,539937478.65,359958319.1,14228264715.334087,17669264715.334087,3441000000.0,1395853723.0,1395853723.0,0.0,False,14753751230.63153,14753751230.63153,0.0,1.0,10231193819.550457,4522557411.081073,2575000000.0,0.0,14,9464500000.0,9464500000.0,84
double_gm,baseline,,COMPOSITE,"{""double_gm"": 0.6522013598837698}",321140213590.4479,209448084017.0544,111692129573.3935,50794203688.814804,79103779915.85674,0.0,57145158176.12402,22404942236.258827,50794203688.814804,79103779915.85674,32746396090.930485,78945733482.463,17.794457298643266,6.976685350540368,15.816830636350318,24.632162702843026,10.196915460949455,24.582948550673564,57145158176.12402,22404942236.258827,32746396090.930485,35,23,12,Universal P&C Insurance Co.;Florida Family Insurance Co.;First Protective Insurance Co.;Cypress P&C Insurance Co.;Florida Peninsula Insurance Co;Tower Hill Insurance Exchange;Kin Interinsurance Network;Unique Insurance Co.;Heritage P&C Insurance Co.;Florida Family Home Ins Co.;US Coastal P&C Insurance Co.;TypTap Insurance Co.;Homeowners Choice P&C Ins Co.;Vault E&S Insurance Co.;Edison Insurance Co.;Safe Harbor Insurance Co.;Spinnaker Specialty Ins Co.;GeoVera Specialty Insurance Co;Florida Farm Bureau Cas Ins Co;Universal North America Ins Co;QBE Specialty Insurance Co.;Auto Club Insurance Co. of FL;American Platinum P&C Ins Co.;FL Farm Bureau General Ins Co.;Castle Key Insurance Co.;Homesite Insurance Co.;PURE Specialty Exchange;State Farm FL Ins Co;AIG Property Casualty Co.;Foremost P&C Insurance Co.;ASI Preferred Insurance Corp.;Nationwide P&C Insurance Co.;ACE Ins Co. of the Midwest;Castle Key Indemnity Co.;First Liberty Insurance Corp.,Universal P&C Insurance Co.;Florida Family Insurance Co.;First Protective Insurance Co.;Cypress P&C Insurance Co.;Florida Peninsula Insurance Co;Tower Hill Insurance Exchange;Kin Interinsurance Network;Unique Insurance Co.;Heritage P&C Insurance Co.;Florida Family Home Ins Co.;US Coastal P&C Insurance Co.;TypTap Insurance Co.;Homeowners Choice P&C Ins Co.;Vault E&S Insurance Co.;Edison Insurance Co.;Safe Harbor Insurance Co.;Spinnaker Specialty Ins Co.;GeoVera Specialty Insurance Co;Florida Farm Bureau Cas Ins Co;Universal North America Ins Co;QBE Specialty Insurance Co.;American Platinum P&C Ins Co.;Castle Key Indemnity Co.,6824696955.839928,13,37.63650469101551,3185688270.4555507,64642977.59620604,1,0.9811320754716981,14694347186.630846,284212740.0,16681752018.062096,539937478.65,359958319.1,539937478.65,359958319.1,29305396090.930485,32746396090.930485,3441000000.0,1395853723.0,1395853723.0,0.0,False,14736662583.240448,14736662583.240448,0.0,1.0,10214105172.159374,4522557411.081073,2355423577.0066805,0.0,14,9464500000.0,9464500000.0,85
double_gm,baseline,,COMPOSITE,"{""double_gm"": 0.7425048112235273}",321140213590.4479,238448153668.25876,82692059922.18915,35948897739.53375,94288767665.20569,0.0,84122687252.50247,24087801011.016853,35948897739.53375,94288767665.20569,24294772611.421368,58397287310.76777,26.195002585314548,7.500711524635211,11.194143934082202,29.36062307832078,7.5651605072433075,18.18435837040396,84122687252.50247,24087801011.016853,24294772611.421368,38,23,15,Universal P&C Insurance Co.;Florida Family Insurance Co.;First Protective Insurance Co.;Spinnaker Insurance Co.;Cypress P&C Insurance Co.;Florida Peninsula Insurance Co;Tower Hill Insurance Exchange;Kin Interinsurance Network;Unique Insurance Co.;Heritage P&C Insurance Co.;Florida Family Home Ins Co.;US Coastal P&C Insurance Co.;TypTap Insurance Co.;Homeowners Choice P&C Ins Co.;Vault E&S Insurance Co.;Edison Insurance Co.;Safe Harbor Insurance Co.;Spinnaker Specialty Ins Co.;GeoVera Specialty Insurance Co;Florida Farm Bureau Cas Ins Co;Universal North America Ins Co;QBE Specialty Insurance Co.;Auto Club Insurance Co. of FL;American Platinum P&C Ins Co.;Privilege Underwriters Recpl;FL Farm Bureau General Ins Co.;Castle Key Insurance Co.;Chubb Custom Insurance Co.;Homesite Insurance Co.;PURE Specialty Exchange;State Farm FL Ins Co;AIG Property Casualty Co.;Foremost P&C Insurance Co.;ASI Preferred Insurance Corp.;Nationwide P&C Insurance Co.;ACE Ins Co. of the Midwest;Castle Key Indemnity Co.;First Liberty Insurance Corp.,Universal P&C Insurance Co.;Florida Family Insurance Co.;First Protective Insurance Co.;Spinnaker Insurance Co.;Cypress P&C Insurance Co.;Florida Peninsula Insurance Co;Tower Hill Insurance Exchange;Kin Interinsurance Network;Unique Insurance Co.;Heritage P&C Insurance Co.;Florida Family Home Ins Co.;US Coastal P&C Insurance Co.;TypTap Insurance Co.;Homeowners Choice P&C Ins Co.;Vault E&S Insurance Co.;Edison Insurance Co.;Safe Harbor Insurance Co.;Spinnaker Specialty Ins Co.;GeoVera Specialty Insurance Co;Florida Farm Bureau Cas Ins Co;Universal North America Ins Co;QBE Specialty Insurance Co.;American Platinum P&C Ins Co.,11866731666.40069,15,36.189312511589605,5778251841.731819,112318391.87444627,1,0.9811320754716981,26317366479.658054,300194520.0,18437111256.350677,539937478.65,359958319.1,539937478.65,359958319.1,20853772611.421368,24294772611.421368,3441000000.0,1395853723.0,1395853723.0,0.0,False,14771834756.478363,14771834756.478363,0.0,1.0,10249277345.39729,4522557411.081074,2575000000.0,0.0,14,9464500000.0,9464500000.0,86
double_gm,baseline,,COMPOSITE,"{""double_gm"": 0.7624655802232414}",321140213590.4479,244858359288.25653,76281854302.19138,68988006427.46053,105580791054.33627,0.0,55689361944.66794,14600199861.791792,68988006427.46053,105580791054.33627,22426616949.10541,53855237353.08595,17.341136235180105,4.546363004046425,21.48220730632052,32.87685147677709,6.983434649422702,16.770007328253158,55689361944.66794,14600199861.791792,22426616949.10541,33,20,13,Universal P&C Insurance Co.;Florida Family Insurance Co.;First Protective Insurance Co.;Cypress P&C Insurance Co.;Florida Peninsula Insurance Co;Tower Hill Insurance Exchange;Kin Interinsurance Network;Heritage P&C Insurance Co.;Florida Family Home Ins Co.;US Coastal P&C Insurance Co.;TypTap Insurance Co.;Homeowners Choice P&C Ins Co.;Vault E&S Insurance Co.;Edison Insurance Co.;Safe Harbor Insurance Co.;GeoVera Specialty Insurance Co;Florida Farm Bureau Cas Ins Co;Universal North America Ins Co;QBE Specialty Insurance Co.;Auto Club Insurance Co. of FL;American Platinum P&C Ins Co.;FL Farm Bureau General Ins Co.;Castle Key Insurance Co.;Homesite Insurance Co.;PURE Specialty Exchange;State Farm FL Ins Co;AIG Property Casualty Co.;Foremost P&C Insurance Co.;ASI Preferred Insurance Corp.;Nationwide P&C Insurance Co.;ACE Ins Co. of the Midwest;Castle Key Indemnity Co.;First Liberty Insurance Corp.,Universal P&C Insurance Co.;Florida Family Insurance Co.;First Protective Insurance Co.;Cypress P&C Insurance Co.;Florida Peninsula Insurance Co;Tower Hill Insurance Exchange;Kin Interinsurance Network;Heritage P&C Insurance Co.;Florida Family Home Ins Co.;US Coastal P&C Insurance Co.;TypTap Insurance Co.;Homeowners Choice P&C Ins Co.;Vault E&S Insurance Co.;Edison Insurance Co.;Safe Harbor Insurance Co.;GeoVera Specialty Insurance Co;Florida Farm Bureau Cas Ins Co;Universal North America Ins Co;QBE Specialty Insurance Co.;American Platinum P&C Ins Co.,6932925237.07946,13,35.71378625186174,4066940452.019891,41739768.590987846,1,0.9811320754716981,14296060005.9727,305445900.0,8980023784.061646,539937478.65,359958319.1,539937478.65,359958319.1,18985616949.10541,22426616949.10541,3441000000.0,1395853723.0,1395853723.0,0.0,False,14733872510.44093,14733872510.44093,0.0,1.0,10211315099.359856,4522557411.081073,2270466115.440503,0.0,14,9464500000.0,9464500000.0,87
double_gm,baseline,,COMPOSITE,"{""double_gm"": 0.7032683137185024}",321140213590.44794,225847736478.95404,95292477111.49391,24761043379.330975,114862150649.5911,0.0,66827111657.05525,19397430792.976685,24761043379.330975,114862150649.5911,27966970059.55115,67325507051.94276,20.809325281909498,6.040174967845773,7.710352777839552,35.76697834425541,8.708647773155436,20.96452085499432,66827111657.05525,19397430792.976685,27966970059.55115,36,22,14,Universal P&C Insurance Co.;Florida Family Insurance Co.;First Protective Insurance Co.;Cypress P&C Insurance Co.;Florida Peninsula Insurance Co;Tower Hill Insurance Exchange;Kin Interinsurance Network;Unique Insurance Co.;Heritage P&C Insurance Co.;Florida Family Home Ins Co.;US Coastal P&C Insurance Co.;TypTap Insurance Co.;Homeowners Choice P&C Ins Co.;Vault E&S Insurance Co.;Edison Insurance Co.;Safe Harbor Insurance Co.;Spinnaker Specialty Ins Co.;GeoVera Specialty Insurance Co;Florida Farm Bureau Cas Ins Co;Universal North America Ins Co;QBE Specialty Insurance Co.;Auto Club Insurance Co. of FL;American Platinum P&C Ins Co.;Privilege Underwriters Recpl;FL Farm Bureau General Ins Co.;Castle Key Insurance Co.;Homesite Insurance Co.;PURE Specialty Exchange;State Farm FL Ins Co;AIG Property Casualty Co.;Foremost P&C Insurance Co.;ASI Preferred Insurance Corp.;Nationwide P&C Insurance Co.;ACE Ins Co. of the Midwest;Castle Key Indemnity Co.;First Liberty Insurance Corp.,Universal P&C Insurance Co.;Florida Family Insurance Co.;First Protective Insurance Co.;Cypress P&C Insurance Co.;Florida Peninsula Insurance Co;Tower Hill Insurance Exchange;Kin Interinsurance Network;Unique Insurance Co.;Heritage P&C Insurance Co.;Florida Family Home Ins Co.;US Coastal P&C Insurance Co.;TypTap Insurance Co.;Homeowners Choice P&C Ins Co.;Vault E&S Insurance Co.;Edison Insurance Co.;Safe Harbor Insurance Co.;Spinnaker Specialty Ins Co.;GeoVera Specialty Insurance Co;Florida Farm Bureau Cas Ins Co;Universal North America Ins Co;QBE Specialty Insurance Co.;American Platinum P&C Ins Co.,8923386343.015774,14,35.89838321723671,4762904247.648233,79571982.26618074,1,0.9811320754716981,18551538062.89699,303407340.0,13748134913.920654,539937478.65,359958319.1,539937478.65,359958319.1,24525970059.55115,27966970059.55115,3441000000.0,1395853723.0,1395853723.0,0.0,False,14749400801.473467,14749400801.473467,0.0,1.0,10226843390.392395,4522557411.081072,2551170942.9912825,0.0,14,9464500000.0,9464500000.0,88
double_gm,baseline,,COMPOSITE,"{""double_gm"": 0.7238773192650525}",321140213590.4479,232466116922.05978,88674096668.38809,35565838185.94893,92371085998.28008,0.0,74873822607.81647,29655370130.01432,35565838185.94893,92371085998.28008,26038145052.50658,62635951615.88152,23.314994335559458,9.23439945388901,11.074862842093722,28.763475294963058,8.108030059951691,19.504238013543063,74873822607.81647,29655370130.01432,26038145052.50658,36,23,13,Universal P&C Insurance Co.;Florida Family Insurance Co.;First Protective Insurance Co.;Spinnaker Insurance Co.;Cypress P&C Insurance Co.;Florida Peninsula Insurance Co;Tower Hill Insurance Exchange;Kin Interinsurance Network;Unique Insurance Co.;Heritage P&C Insurance Co.;Florida Family Home Ins Co.;US Coastal P&C Insurance Co.;TypTap Insurance Co.;Homeowners Choice P&C Ins Co.;Vault E&S Insurance Co.;Edison Insurance Co.;Safe Harbor Insurance Co.;Spinnaker Specialty Ins Co.;GeoVera Specialty Insurance Co;Florida Farm Bureau Cas Ins Co;Universal North America Ins Co;QBE Specialty Insurance Co.;Auto Club Insurance Co. of FL;American Platinum P&C Ins Co.;FL Farm Bureau General Ins Co.;Castle Key Insurance Co.;Homesite Insurance Co.;PURE Specialty Exchange;State Farm FL Ins Co;AIG Property Casualty Co.;Foremost P&C Insurance Co.;ASI Preferred Insurance Corp.;Nationwide P&C Insurance Co.;ACE Ins Co. of the Midwest;Castle Key Indemnity Co.;First Liberty Insurance Corp.,Universal P&C Insurance Co.;Florida Family Insurance Co.;First Protective Insurance Co.;Spinnaker Insurance Co.;Cypress P&C Insurance Co.;Florida Peninsula Insurance Co;Tower Hill Insurance Exchange;Kin Interinsurance Network;Unique Insurance Co.;Heritage P&C Insurance Co.;Florida Family Home Ins Co.;US Coastal P&C Insurance Co.;TypTap Insurance Co.;Homeowners Choice P&C Ins Co.;Vault E&S Insurance Co.;Edison Insurance Co.;Safe Harbor Insurance Co.;Spinnaker Specialty Ins Co.;GeoVera Specialty Insurance Co;Florida Farm Bureau Cas Ins Co;Universal North America Ins Co;QBE Specialty Insurance Co.;American Platinum P&C Ins Co.,10020747626.360691,13,36.189312511589605,5489677559.948437,70662213.53895251,1,0.9811320754716981,22462000179.097355,300194520.0,23927803002.508923,539937478.65,359958319.1,539937478.65,359958319.1,22597145052.50658,26038145052.50658,3441000000.0,1395853723.0,1395853723.0,0.0,False,14743823448.017338,14743823448.017338,0.0,1.0,10221266036.936266,4522557411.081073,2567141067.9389815,0.0,14,9464500000.0,9464500000.0,89
double_gm,baseline,,COMPOSITE,"{""double_gm"": 0.7779028363381628}",321140213590.4479,249815883014.2528,71324330576.19505,49200507450.95099,88887823622.51057,0.0,92239598806.43195,19487953134.359325,49200507450.95099,88887823622.51057,20981823042.51168,50342507533.68338,28.722531437332133,6.06836276169774,15.320568825957345,27.67882060882907,6.533539604999432,15.676176761184287,92239598806.43195,19487953134.359325,20981823042.51168,39,24,15,Universal P&C Insurance Co.;Florida Family Insurance Co.;First Protective Insurance Co.;Spinnaker Insurance Co.;Cypress P&C Insurance Co.;Florida Peninsula Insurance Co;Tower Hill Insurance Exchange;Kin Interinsurance Network;Unique Insurance Co.;Heritage P&C Insurance Co.;Florida Family Home Ins Co.;US Coastal P&C Insurance Co.;TypTap Insurance Co.;Homeowners Choice P&C Ins Co.;Vault E&S Insurance Co.;Edison Insurance Co.;Safe Harbor Insurance Co.;Spinnaker Specialty Ins Co.;GeoVera Specialty Insurance Co;Florida Farm Bureau Cas Ins Co;Universal North America Ins Co;QBE Specialty Insurance Co.;Auto Club Insurance Co. of FL;American Platinum P&C Ins Co.;Privilege Underwriters Recpl;FL Farm Bureau General Ins Co.;Castle Key Insurance Co.;Chubb Custom Insurance Co.;Homesite Insurance Co.;Farmers Casualty Ins Co.;PURE Specialty Exchange;State Farm FL Ins Co;AIG Property Casualty Co.;Foremost P&C Insurance Co.;ASI Preferred Insurance Corp.;Nationwide P&C Insurance Co.;ACE Ins Co. of the Midwest;Castle Key Indemnity Co.;First Liberty Insurance Corp.,Universal P&C Insurance Co.;Florida Family Insurance Co.;First Protective Insurance Co.;Spinnaker Insurance Co.;Cypress P&C Insurance Co.;Florida Peninsula Insurance Co;Tower Hill Insurance Exchange;Kin Interinsurance Network;Unique Insurance Co.;Heritage P&C Insurance Co.;Florida Family Home Ins Co.;US Coastal P&C Insurance Co.;TypTap Insurance Co.;Homeowners Choice P&C Ins Co.;Vault E&S Insurance Co.;Edison Insurance Co.;Safe Harbor Insurance Co.;Spinnaker Specialty Ins Co.;GeoVera Specialty Insurance Co;Florida Farm Bureau Cas Ins Co;Universal North America Ins Co;QBE Specialty Insurance Co.;American Platinum P&C Ins Co.;ACE Ins Co. of the Midwest,13834578856.013527,16,36.469587383729746,6855565616.216159,88472112.90774283,1,0.9811320754716981,28316452189.499786,297099360.0,13897258678.893717,539937478.65,359958319.1,539937478.65,359958319.1,17540823042.51168,20981823042.51168,3441000000.0,1395853723.0,1395853723.0,0.0,False,14769869656.090263,14769869656.090263,0.0,1.0,10247312245.009192,4522557411.081073,2575000000.0,0.0,14,9464500000.0,9464500000.0,90
double_gm,baseline,,COMPOSITE,"{""double_gm"": 0.7020112415557829}",321140213590.4479,225444040056.11963,95696173534.32828,52122057014.27009,82986112846.90793,0.0,73024506659.60353,17311363535.338085,52122057014.27009,82986112846.90793,28084621162.009075,67611552372.3192,22.73913498504804,5.390593517327411,16.230311498995786,25.841084154207056,8.74528320449633,21.053592639925387,73024506659.60353,17311363535.338085,28084621162.009075,37,23,14,Universal P&C Insurance Co.;Florida Family Insurance Co.;First Protective Insurance Co.;Spinnaker Insurance Co.;Cypress P&C Insurance Co.;Florida Peninsula Insurance Co;Tower Hill Insurance Exchange;Kin Interinsurance Network;Unique Insurance Co.;Heritage P&C Insurance Co.;Florida Family Home Ins Co.;US Coastal P&C Insurance Co.;TypTap Insurance Co.;Homeowners Choice P&C Ins Co.;Vault E&S Insurance Co.;Edison Insurance Co.;Safe Harbor Insurance Co.;Spinnaker Specialty Ins Co.;GeoVera Specialty Insurance Co;Florida Farm Bureau Cas Ins Co;Universal North America Ins Co;QBE Specialty Insurance Co.;Auto Club Insurance Co. of FL;American Platinum P&C Ins Co.;Privilege Underwriters Recpl;FL Farm Bureau General Ins Co.;Castle Key Insurance Co.;Homesite Insurance Co.;PURE Specialty Exchange;State Farm FL Ins Co;AIG Property Casualty Co.;Foremost P&C Insurance Co.;ASI Preferred Insurance Corp.;Nationwide P&C Insurance Co.;ACE Ins Co. of the Midwest;Castle Key Indemnity Co.;First Liberty Insurance Corp.,Universal P&C Insurance Co.;Florida Family Insurance Co.;First Protective Insurance Co.;Spinnaker Insurance Co.;Cypress P&C Insurance Co.;Florida Peninsula Insurance Co;Tower Hill Insurance Exchange;Kin Interinsurance Network;Unique Insurance Co.;Heritage P&C Insurance Co.;Florida Family Home Ins Co.;US Coastal P&C Insurance Co.;TypTap Insurance Co.;Homeowners Choice P&C Ins Co.;Vault E&S Insurance Co.;Edison Insurance Co.;Safe Harbor Insurance Co.;Spinnaker Specialty Ins Co.;GeoVera Specialty Insurance Co;Florida Farm Bureau Cas Ins Co;Universal North America Ins Co;QBE Specialty Insurance Co.;American Platinum P&C Ins Co.,8694404772.854776,14,36.189312511589605,5267874676.872627,90185708.8987146,1,0.9811320754716981,21266323249.491283,300194520.0,11704496032.690886,539937478.65,359958319.1,539937478.65,359958319.1,24643621162.009075,28084621162.009075,3441000000.0,1395853723.0,1395853723.0,0.0,False,14746292039.253685,14746292039.253685,0.0,1.0,10223734628.172611,4522557411.081073,2575000000.0,0.0,14,9464500000.0,9464500000.0,91
double_gm,baseline,,COMPOSITE,"{""double_gm"": 0.7405508979484897}",321140213590.44794,237820673541.776,83319540048.67195,49097740621.79923,154588850337.8481,0.0,28344782256.36606,5789300325.762569,49097740621.79923,154588850337.8481,24477642026.346622,58841898022.32532,8.826294888286501,1.8027329125295095,15.288568215382044,48.13749377865091,7.622104299140534,18.322805906010498,28344782256.36606,5789300325.762569,24477642026.346622,25,16,9,Universal P&C Insurance Co.;Florida Family Insurance Co.;First Protective Insurance Co.;Cypress P&C Insurance Co.;Florida Peninsula Insurance Co;Tower Hill Insurance Exchange;Kin Interinsurance Network;Florida Family Home Ins Co.;US Coastal P&C Insurance Co.;TypTap Insurance Co.;Homeowners Choice P&C Ins Co.;Edison Insurance Co.;Safe Harbor Insurance Co.;GeoVera Specialty Insurance Co;Universal North America Ins Co;Auto Club Insurance Co. of FL;American Platinum P&C Ins Co.;FL Farm Bureau General Ins Co.;Homesite Insurance Co.;State Farm FL Ins Co;AIG Property Casualty Co.;ASI Preferred Insurance Corp.;ACE Ins Co. of the Midwest;Castle Key Indemnity Co.;First Liberty Insurance Corp.,Universal P&C Insurance Co.;Florida Family Insurance Co.;First Protective Insurance Co.;Cypress P&C Insurance Co.;Florida Peninsula Insurance Co;Tower Hill Insurance Exchange;Kin Interinsurance Network;Florida Family Home Ins Co.;US Coastal P&C Insurance Co.;TypTap Insurance Co.;Homeowners Choice P&C Ins Co.;Edison Insurance Co.;Safe Harbor Insurance Co.;GeoVera Specialty Insurance Co;Universal North America Ins Co;American Platinum P&C Ins Co.,1898218243.8660526,9,32.43209381455101,830440773.3002775,2781800.902975291,1,0.9811320754716981,2825312518.949503,341686620.0,1472249035.9316459,539937478.65,359958319.1,539937478.65,359958319.1,21036642026.346622,24477642026.346622,3441000000.0,1395853723.0,1395853723.0,0.0,False,13165810217.345596,13165810217.345596,0.0,1.0,9878728296.10948,3287081921.236116,2086255719.0633674,0.0,13,9464500000.0,9464500000.0,92
double_gm,baseline,,COMPOSITE,"{""double_gm"": 0.6319679156335942}",321140213590.4479,202950311408.88263,118189902181.56526,32615626255.215343,85926384774.7527,0.0,63791106678.489265,20617193700.4253,32615626255.215343,85926384774.7527,34640071802.75608,83549830378.8092,19.86394228405243,6.4199975051142415,10.156194981177368,26.756656793015388,10.786588018818714,26.016620417821862,63791106678.489265,20617193700.4253,34640071802.75608,36,23,13,Universal P&C Insurance Co.;Florida Family Insurance Co.;First Protective Insurance Co.;Spinnaker Insurance Co.;Cypress P&C Insurance Co.;Florida Peninsula Insurance Co;Tower Hill Insurance Exchange;Kin Interinsurance Network;Unique Insurance Co.;Heritage P&C Insurance Co.;Florida Family Home Ins Co.;US Coastal P&C Insurance Co.;TypTap Insurance Co.;Homeowners Choice P&C Ins Co.;Vault E&S Insurance Co.;Edison Insurance Co.;Safe Harbor Insurance Co.;Spinnaker Specialty Ins Co.;GeoVera Specialty Insurance Co;Florida Farm Bureau Cas Ins Co;Universal North America Ins Co;QBE Specialty Insurance Co.;Auto Club Insurance Co. of FL;American Platinum P&C Ins Co.;FL Farm Bureau General Ins Co.;Castle Key Insurance Co.;Homesite Insurance Co.;PURE Specialty Exchange;State Farm FL Ins Co;AIG Property Casualty Co.;Foremost P&C Insurance Co.;ASI Preferred Insurance Corp.;Nationwide P&C Insurance Co.;ACE Ins Co. of the Midwest;Castle Key Indemnity Co.;First Liberty Insurance Corp.,Universal P&C Insurance Co.;Florida Family Insurance Co.;First Protective Insurance Co.;Spinnaker Insurance Co.;Cypress P&C Insurance Co.;Florida Peninsula Insurance Co;Tower Hill Insurance Exchange;Kin Interinsurance Network;Unique Insurance Co.;Heritage P&C Insurance Co.;Florida Family Home Ins Co.;US Coastal P&C Insurance Co.;TypTap Insurance Co.;Homeowners Choice P&C Ins Co.;Vault E&S Insurance Co.;Edison Insurance Co.;Safe Harbor Insurance Co.;Spinnaker Specialty Ins Co.;GeoVera Specialty Insurance Co;Florida Farm Bureau Cas Ins Co;Universal North America Ins Co;QBE Specialty Insurance Co.;American Platinum P&C Ins Co.,7676701287.485695,13,36.189312511589605,4843556591.600019,70024426.33199753,1,0.9811320754716981,17494260789.747257,300194520.0,14942940301.429169,539937478.65,359958319.1,539937478.65,359958319.1,31199071802.75608,34640071802.75608,3441000000.0,1395853723.0,1395853723.0,0.0,False,14737369853.066399,14737369853.066399,0.0,1.0,10214812441.985327,4522557411.081073,2449890970.046322,0.0,14,9464500000.0,9464500000.0,93
double_gm,baseline,,COMPOSITE,"{""double_gm"": 0.6821366117755774}",321140213590.4479,219061497203.47336,102078716386.97455,48936405266.20193,78075539471.40958,0.0,73051685850.44765,18997866615.4142,48936405266.20193,78075539471.40958,29944714936.996193,72134001449.97835,22.747598325886063,5.91575449334486,15.238329924202777,24.311978434124043,9.324498667483878,22.461840154958384,73051685850.44765,18997866615.4142,29944714936.996193,37,23,14,Universal P&C Insurance Co.;Florida Family Insurance Co.;First Protective Insurance Co.;Spinnaker Insurance Co.;Cypress P&C Insurance Co.;Florida Peninsula Insurance Co;Tower Hill Insurance Exchange;Kin Interinsurance Network;Unique Insurance Co.;Heritage P&C Insurance Co.;Florida Family Home Ins Co.;US Coastal P&C Insurance Co.;TypTap Insurance Co.;Homeowners Choice P&C Ins Co.;Vault E&S Insurance Co.;Edison Insurance Co.;Safe Harbor Insurance Co.;Spinnaker Specialty Ins Co.;GeoVera Specialty Insurance Co;Florida Farm Bureau Cas Ins Co;Universal North America Ins Co;QBE Specialty Insurance Co.;Auto Club Insurance Co. of FL;American Platinum P&C Ins Co.;Privilege Underwriters Recpl;FL Farm Bureau General Ins Co.;Castle Key Insurance Co.;Homesite Insurance Co.;PURE Specialty Exchange;State Farm FL Ins Co;AIG Property Casualty Co.;Foremost P&C Insurance Co.;ASI Preferred Insurance Corp.;Nationwide P&C Insurance Co.;ACE Ins Co. of the Midwest;Castle Key Indemnity Co.;First Liberty Insurance Corp.,Universal P&C Insurance Co.;Florida Family Insurance Co.;First Protective Insurance Co.;Spinnaker Insurance Co.;Cypress P&C Insurance Co.;Florida Peninsula Insurance Co;Tower Hill Insurance Exchange;Kin Interinsurance Network;Unique Insurance Co.;Heritage P&C Insurance Co.;Florida Family Home Ins Co.;US Coastal P&C Insurance Co.;TypTap Insurance Co.;Homeowners Choice P&C Ins Co.;Vault E&S Insurance Co.;Edison Insurance Co.;Safe Harbor Insurance Co.;Spinnaker Specialty Ins Co.;GeoVera Specialty Insurance Co;Florida Farm Bureau Cas Ins Co;Universal North America Ins Co;QBE Specialty Insurance Co.;American Platinum P&C Ins Co.,9710908901.856247,14,36.189312511589605,5193752140.777043,83812130.19179314,1,0.9811320754716981,21160020600.60596,300194520.0,13371311490.4405,539937478.65,359958319.1,539937478.65,359958319.1,26503714936.996193,29944714936.996193,3441000000.0,1395853723.0,1395853723.0,0.0,False,14744609274.159328,14744609274.159328,0.0,1.0,10222051863.078257,4522557411.081072,2575000000.0,0.0,14,9464500000.0,9464500000.0,94
double_gm,baseline,,COMPOSITE,"{""double_gm"": 0.6122587033089482}",321140213590.44794,196620890753.2463,124519322837.20163,44712741669.44887,90307961082.20091,0.0,49664866840.86675,11935321160.729748,44712741669.44887,90307961082.20091,36484683931.90813,88034638905.29349,15.465165911673914,3.716545189806386,13.923121358594878,28.12103787081963,11.360982644931932,27.413147024173245,49664866840.86675,11935321160.729748,36484683931.90813,32,20,12,Universal P&C Insurance Co.;Florida Family Insurance Co.;First Protective Insurance Co.;Cypress P&C Insurance Co.;Florida Peninsula Insurance Co;Tower Hill Insurance Exchange;Kin Interinsurance Network;Heritage P&C Insurance Co.;Florida Family Home Ins Co.;US Coastal P&C Insurance Co.;TypTap Insurance Co.;Homeowners Choice P&C Ins Co.;Vault E&S Insurance Co.;Edison Insurance Co.;Safe Harbor Insurance Co.;GeoVera Specialty Insurance Co;Florida Farm Bureau Cas Ins Co;Universal North America Ins Co;QBE Specialty Insurance Co.;Auto Club Insurance Co. of FL;American Platinum P&C Ins Co.;FL Farm Bureau General Ins Co.;Castle Key Insurance Co.;Homesite Insurance Co.;State Farm FL Ins Co;AIG Property Casualty Co.;Foremost P&C Insurance Co.;ASI Preferred Insurance Corp.;Nationwide P&C Insurance Co.;ACE Ins Co. of the Midwest;Castle Key Indemnity Co.;First Liberty Insurance Corp.,Universal P&C Insurance Co.;Florida Family Insurance Co.;First Protective Insurance Co.;Cypress P&C Insurance Co.;Florida Peninsula Insurance Co;Tower Hill Insurance Exchange;Kin Interinsurance Network;Heritage P&C Insurance Co.;Florida Family Home Ins Co.;US Coastal P&C Insurance Co.;TypTap Insurance Co.;Homeowners Choice P&C Ins Co.;Vault E&S Insurance Co.;Edison Insurance Co.;Safe Harbor Insurance Co.;GeoVera Specialty Insurance Co;Florida Farm Bureau Cas Ins Co;Universal North America Ins Co;QBE Specialty Insurance Co.;American Platinum P&C Ins Co.,5799238409.812281,12,35.71378625186174,2677309948.601689,49208962.20574215,1,0.9811320754716981,11238366428.355122,305445900.0,6340470898.690681,539937478.65,359958319.1,539937478.65,359958319.1,33043683931.908127,36484683931.90813,3441000000.0,1395853723.0,1395853723.0,0.0,False,14732145092.714848,14732145092.714848,0.0,1.0,10209587681.633776,4522557411.081073,2251520371.8814964,0.0,14,9464500000.0,9464500000.0,95
double_gm,baseline,,COMPOSITE,"{""double_gm"": 0.6744369546156606}",321140213590.44794,216588827658.56448,104551385931.88344,40398290594.76404,80620640638.70595,0.0,80119370026.56801,15450526398.52645,40398290594.76404,80620640638.70595,30665336378.05372,73886049553.82974,24.94840777827492,4.81114657855668,12.579642438142058,25.10449866659239,9.548893312116123,23.00741122631782,80119370026.56801,15450526398.52645,30665336378.05372,37,23,14,Universal P&C Insurance Co.;Florida Family Insurance Co.;First Protective Insurance Co.;Spinnaker Insurance Co.;Cypress P&C Insurance Co.;Florida Peninsula Insurance Co;Tower Hill Insurance Exchange;Kin Interinsurance Network;Unique Insurance Co.;Heritage P&C Insurance Co.;Florida Family Home Ins Co.;US Coastal P&C Insurance Co.;TypTap Insurance Co.;Homeowners Choice P&C Ins Co.;Vault E&S Insurance Co.;Edison Insurance Co.;Safe Harbor Insurance Co.;Spinnaker Specialty Ins Co.;GeoVera Specialty Insurance Co;Florida Farm Bureau Cas Ins Co;Universal North America Ins Co;QBE Specialty Insurance Co.;Auto Club Insurance Co. of FL;American Platinum P&C Ins Co.;Privilege Underwriters Recpl;FL Farm Bureau General Ins Co.;Castle Key Insurance Co.;Homesite Insurance Co.;PURE Specialty Exchange;State Farm FL Ins Co;AIG Property Casualty Co.;Foremost P&C Insurance Co.;ASI Preferred Insurance Corp.;Nationwide P&C Insurance Co.;ACE Ins Co. of the Midwest;Castle Key Indemnity Co.;First Liberty Insurance Corp.,Universal P&C Insurance Co.;Florida Family Insurance Co.;First Protective Insurance Co.;Spinnaker Insurance Co.;Cypress P&C Insurance Co.;Florida Peninsula Insurance Co;Tower Hill Insurance Exchange;Kin Interinsurance Network;Unique Insurance Co.;Heritage P&C Insurance Co.;Florida Family Home Ins Co.;US Coastal P&C Insurance Co.;TypTap Insurance Co.;Homeowners Choice P&C Ins Co.;Vault E&S Insurance Co.;Edison Insurance Co.;Safe Harbor Insurance Co.;Spinnaker Specialty Ins Co.;GeoVera Specialty Insurance Co;Florida Farm Bureau Cas Ins Co;Universal North America Ins Co;QBE Specialty Insurance Co.;American Platinum P&C Ins Co.,11204928215.09068,14,36.189312511589605,7540252491.713656,103647731.85000329,1,0.9811320754716981,24774612116.363766,300194520.0,9880676387.750273,539937478.65,359958319.1,539937478.65,359958319.1,27224336378.05372,30665336378.05372,3441000000.0,1395853723.0,1395853723.0,0.0,False,14757517600.54179,14757517600.54179,0.0,1.0,10234960189.460718,4522557411.081072,2575000000.0,0.0,14,9464500000.0,9464500000.0,96
double_gm,baseline,,COMPOSITE,"{""double_gm"": 0.7499336044979386}",321140213590.4479,240833837927.12247,80306375663.32544,21041629483.61128,121811705456.38293,0.0,77806979312.4345,20173523674.69379,21041629483.61128,121811705456.38293,23599501691.750652,56706873971.57479,24.228351361708388,6.281842890103204,6.552162760421465,37.93100343756082,7.348659773218948,17.6579797769872,77806979312.4345,20173523674.69379,23599501691.750652,38,23,15,Universal P&C Insurance Co.;Florida Family Insurance Co.;First Protective Insurance Co.;Spinnaker Insurance Co.;Cypress P&C Insurance Co.;Florida Peninsula Insurance Co;Tower Hill Insurance Exchange;Kin Interinsurance Network;Unique Insurance Co.;Heritage P&C Insurance Co.;Florida Family Home Ins Co.;US Coastal P&C Insurance Co.;TypTap Insurance Co.;Homeowners Choice P&C Ins Co.;Vault E&S Insurance Co.;Edison Insurance Co.;Safe Harbor Insurance Co.;Spinnaker Specialty Ins Co.;GeoVera Specialty Insurance Co;Florida Farm Bureau Cas Ins Co;Universal North America Ins Co;QBE Specialty Insurance Co.;Auto Club Insurance Co. of FL;American Platinum P&C Ins Co.;Privilege Underwriters Recpl;FL Farm Bureau General Ins Co.;Castle Key Insurance Co.;Chubb Custom Insurance Co.;Homesite Insurance Co.;PURE Specialty Exchange;State Farm FL Ins Co;AIG Property Casualty Co.;Foremost P&C Insurance Co.;ASI Preferred Insurance Corp.;Nationwide P&C Insurance Co.;ACE Ins Co. of the Midwest;Castle Key Indemnity Co.;First Liberty Insurance Corp.,Universal P&C Insurance Co.;Florida Family Insurance Co.;First Protective Insurance Co.;Spinnaker Insurance Co.;Cypress P&C Insurance Co.;Florida Peninsula Insurance Co;Tower Hill Insurance Exchange;Kin Interinsurance Network;Unique Insurance Co.;Heritage P&C Insurance Co.;Florida Family Home Ins Co.;US Coastal P&C Insurance Co.;TypTap Insurance Co.;Homeowners Choice P&C Ins Co.;Vault E&S Insurance Co.;Edison Insurance Co.;Safe Harbor Insurance Co.;Spinnaker Specialty Ins Co.;GeoVera Specialty Insurance Co;Florida Farm Bureau Cas Ins Co;Universal North America Ins Co;QBE Specialty Insurance Co.;American Platinum P&C Ins Co.,10476593248.97398,15,36.189312511589605,5905326960.700889,104112167.7727596,1,0.9811320754716981,23876736572.882145,300194520.0,14546118981.677921,539937478.65,359958319.1,539937478.65,359958319.1,20158501691.750652,23599501691.750652,3441000000.0,1395853723.0,1395853723.0,0.0,False,14743471085.684523,14743471085.684523,0.0,1.0,10220913674.603449,4522557411.081074,2575000000.0,0.0,14,9464500000.0,9464500000.0,97
double_gm,baseline,,COMPOSITE,"{""double_gm"": 0.5634556522997742}",321140213590.4479,180948268528.29465,140191945062.15326,23029829742.28047,71447025314.91939,0.0,66672857275.014626,19798556196.080162,23029829742.28047,71447025314.91939,41052228202.491516,99139716859.66173,20.761291938368995,6.1650815930917275,7.171269360756718,22.247922337759988,12.783272372997073,30.871162397025504,66672857275.014626,19798556196.080162,41052228202.491516,36,22,14,Universal P&C Insurance Co.;Florida Family Insurance Co.;First Protective Insurance Co.;Cypress P&C Insurance Co.;Florida Peninsula Insurance Co;Tower Hill Insurance Exchange;Kin Interinsurance Network;Unique Insurance Co.;Heritage P&C Insurance Co.;Florida Family Home Ins Co.;US Coastal P&C Insurance Co.;TypTap Insurance Co.;Homeowners Choice P&C Ins Co.;Vault E&S Insurance Co.;Edison Insurance Co.;Safe Harbor Insurance Co.;Spinnaker Specialty Ins Co.;GeoVera Specialty Insurance Co;Florida Farm Bureau Cas Ins Co;Universal North America Ins Co;QBE Specialty Insurance Co.;Auto Club Insurance Co. of FL;American Platinum P&C Ins Co.;Privilege Underwriters Recpl;FL Farm Bureau General Ins Co.;Castle Key Insurance Co.;Homesite Insurance Co.;PURE Specialty Exchange;State Farm FL Ins Co;AIG Property Casualty Co.;Foremost P&C Insurance Co.;ASI Preferred Insurance Corp.;Nationwide P&C Insurance Co.;ACE Ins Co. of the Midwest;Castle Key Indemnity Co.;First Liberty Insurance Corp.,Universal P&C Insurance Co.;Florida Family Insurance Co.;First Protective Insurance Co.;Cypress P&C Insurance Co.;Florida Peninsula Insurance Co;Tower Hill Insurance Exchange;Kin Interinsurance Network;Unique Insurance Co.;Heritage P&C Insurance Co.;Florida Family Home Ins Co.;US Coastal P&C Insurance Co.;TypTap Insurance Co.;Homeowners Choice P&C Ins Co.;Vault E&S Insurance Co.;Edison Insurance Co.;Safe Harbor Insurance Co.;Spinnaker Specialty Ins Co.;GeoVera Specialty Insurance Co;Florida Farm Bureau Cas Ins Co;Universal North America Ins Co;QBE Specialty Insurance Co.;American Platinum P&C Ins Co.,8952839008.758251,14,35.89838321723671,3888433540.7210364,63868864.68154478,1,0.9811320754716981,18517122271.310722,303407340.0,14143984045.08208,539937478.65,359958319.1,539937478.65,359958319.1,37611228202.491516,41052228202.491516,3441000000.0,1395853723.0,1395853723.0,0.0,False,14737333864.318626,14737333864.318626,0.0,1.0,10214776453.237555,4522557411.081073,2456546222.859692,0.0,14,9464500000.0,9464500000.0,98
double_gm,baseline,,COMPOSITE,"{""double_gm"": 0.689367688555459}",321140213590.44794,221383686745.0535,99756526845.39442,31351773984.74606,87174792319.90086,0.0,75300824094.69765,27556296345.708893,31351773984.74606,87174792319.90086,29267948574.37907,70488578271.01537,23.44795852652986,8.580767895001653,9.762643436716763,27.145398997297608,9.113760076059693,21.949471068394406,75300824094.69765,27556296345.708893,29267948574.37907,37,23,14,Universal P&C Insurance Co.;Florida Family Insurance Co.;First Protective Insurance Co.;Spinnaker Insurance Co.;Cypress P&C Insurance Co.;Florida Peninsula Insurance Co;Tower Hill Insurance Exchange;Kin Interinsurance Network;Unique Insurance Co.;Heritage P&C Insurance Co.;Florida Family Home Ins Co.;US Coastal P&C Insurance Co.;TypTap Insurance Co.;Homeowners Choice P&C Ins Co.;Vault E&S Insurance Co.;Edison Insurance Co.;Safe Harbor Insurance Co.;Spinnaker Specialty Ins Co.;GeoVera Specialty Insurance Co;Florida Farm Bureau Cas Ins Co;Universal North America Ins Co;QBE Specialty Insurance Co.;Auto Club Insurance Co. of FL;American Platinum P&C Ins Co.;Privilege Underwriters Recpl;FL Farm Bureau General Ins Co.;Castle Key Insurance Co.;Homesite Insurance Co.;PURE Specialty Exchange;State Farm FL Ins Co;AIG Property Casualty Co.;Foremost P&C Insurance Co.;ASI Preferred Insurance Corp.;Nationwide P&C Insurance Co.;ACE Ins Co. of the Midwest;Castle Key Indemnity Co.;First Liberty Insurance Corp.,Universal P&C Insurance Co.;Florida Family Insurance Co.;First Protective Insurance Co.;Spinnaker Insurance Co.;Cypress P&C Insurance Co.;Florida Peninsula Insurance Co;Tower Hill Insurance Exchange;Kin Interinsurance Network;Unique Insurance Co.;Heritage P&C Insurance Co.;Florida Family Home Ins Co.;US Coastal P&C Insurance Co.;TypTap Insurance Co.;Homeowners Choice P&C Ins Co.;Vault E&S Insurance Co.;Edison Insurance Co.;Safe Harbor Insurance Co.;Spinnaker Specialty Ins Co.;GeoVera Specialty Insurance Co;Florida Farm Bureau Cas Ins Co;Universal North America Ins Co;QBE Specialty Insurance Co.;American Platinum P&C Ins Co.,9884966981.124552,14,36.189312511589605,5457803623.276434,85692700.50234728,1,0.9811320754716981,23295488499.49294,300194520.0,21848915284.751083,539937478.65,359958319.1,539937478.65,359958319.1,25826948574.37907,29267948574.37907,3441000000.0,1395853723.0,1395853723.0,0.0,False,14740864864.322937,14740864864.322937,0.0,1.0,10218307453.241865,4522557411.081072,2575000000.0,0.0,14,9464500000.0,9464500000.0,99
double_gm,baseline,,COMPOSITE,"{""double_gm"": 0.7779321985456746}",321140213590.44794,249825312399.8447,71314901190.60323,55361218894.14665,130236822667.25058,0.0,50505981742.03866,13721289096.408781,55361218894.14665,130236822667.25058,20979074993.36477,50335826197.23846,15.7270810707155,4.272678573324867,17.238955618541485,40.554504591985605,6.532683888701498,15.674096256731037,50505981742.03866,13721289096.408781,20979074993.36477,33,20,13,Universal P&C Insurance Co.;Florida Family Insurance Co.;First Protective Insurance Co.;Cypress P&C Insurance Co.;Florida Peninsula Insurance Co;Tower Hill Insurance Exchange;Kin Interinsurance Network;Heritage P&C Insurance Co.;Florida Family Home Ins Co.;US Coastal P&C Insurance Co.;TypTap Insurance Co.;Homeowners Choice P&C Ins Co.;Vault E&S Insurance Co.;Edison Insurance Co.;Safe Harbor Insurance Co.;Spinnaker Specialty Ins Co.;GeoVera Specialty Insurance Co;Florida Farm Bureau Cas Ins Co;Universal North America Ins Co;Auto Club Insurance Co. of FL;American Platinum P&C Ins Co.;FL Farm Bureau General Ins Co.;Castle Key Insurance Co.;Homesite Insurance Co.;PURE Specialty Exchange;State Farm FL Ins Co;AIG Property Casualty Co.;Foremost P&C Insurance Co.;ASI Preferred Insurance Corp.;Nationwide P&C Insurance Co.;ACE Ins Co. of the Midwest;Castle Key Indemnity Co.;First Liberty Insurance Corp.,Universal P&C Insurance Co.;Florida Family Insurance Co.;First Protective Insurance Co.;Cypress P&C Insurance Co.;Florida Peninsula Insurance Co;Tower Hill Insurance Exchange;Kin Interinsurance Network;Heritage P&C Insurance Co.;Florida Family Home Ins Co.;US Coastal P&C Insurance Co.;TypTap Insurance Co.;Homeowners Choice P&C Ins Co.;Vault E&S Insurance Co.;Edison Insurance Co.;Safe Harbor Insurance Co.;Spinnaker Specialty Ins Co.;GeoVera Specialty Insurance Co;Florida Farm Bureau Cas Ins Co;Universal North America Ins Co;American Platinum P&C Ins Co.,5500060953.622217,13,35.50755988575808,2904615347.330205,39113847.08110706,1,0.9811320754716981,12124779682.95706,307723320.0,8096268124.576693,539937478.65,359958319.1,539937478.65,359958319.1,17538074993.36477,20979074993.36477,3441000000.0,1395853723.0,1395853723.0,0.0,False,14729673646.948582,14729673646.948582,0.0,1.0,10207116235.86751,4522557411.081073,2272702084.746178,0.0,14,9464500000.0,9464500000.0,100
