scenario,policy_scenario,policy_severity,events,wind_shares,total_damage_usd,wind_total_usd,water_total_usd,underinsured_wind_usd,uninsured_wind_usd,nfip_policyholder_shortfall_usd,wind_insured_private_usd,wind_insured_citizens_usd,wind_underinsured_usd,wind_uninsured_usd,flood_insured_capped_usd,flood_un_derinsured_usd,wind_insured_private_pct,wind_insured_citizens_pct,wind_underinsured_pct,wind_uninsured_pct,flood_insured_capped_pct,flood_un_derinsured_pct,insured_private_wind_pre_usd,insured_citizens_wind_pre_usd,insured_flood_pre_usd,defaults_pre,defaults_post,rescued_defaults,default_companies_pre,default_companies_post,group_contrib_total_usd,group_supported_companies,defaulted_premium_base_pct,largest_entity_deficit_usd,diag_group_shortfall_total_usd,diag_groups_with_shortfall,diag_groups_fully_funded_share,figa_residual_deficit_usd,figa_collected_usd,citizens_residual_deficit_usd,citizens_tier1_usd,citizens_tier2_usd,citizens_tier1_capacity_usd,citizens_tier2_capacity_usd,nfip_borrowed_usd,nfip_claims_paid_usd,nfip_pool_used_usd,nfip_fl_premium_base_usd,nfip_fl_premium_depletion_usd,underinsured_flood_usd,fhcf_cap_binding,fhcf_total_precap_usd,fhcf_total_postcap_usd,fhcf_shortfall_usd,fhcf_scaling_factor,fhcf_recovery_private_usd,fhcf_recovery_citizens_usd,catbond_payout_usd,catbond_unfilled_usd,catbond_triggers,catbond_limit_in_force_usd,catbond_issue_volume_year_usd,iter
great_miami,baseline,,1926255N15314,"{""1926255N15314"": 0.6466763379335798}",170354720952.15982,110164367095.03961,60190353857.12022,18385226386.85963,34332037409.618645,0.0,42005550859.40461,15441552439.156727,18385226386.85963,34332037409.618645,17692182490.301872,42498171366.81834,24.657696965850974,9.064352518585693,10.79231986298912,20.153264445932205,10.385495859119931,24.946870347522076,42005550859.40461,15441552439.156727,17692182490.301872,29,18,11,Universal P&C Insurance Co.;Florida Family Insurance Co.;First Protective Insurance Co.;Cypress P&C Insurance Co.;Florida Peninsula Insurance Co;Tower Hill Insurance Exchange;Kin Interinsurance Network;Heritage P&C Insurance Co.;Florida Family Home Ins Co.;US Coastal P&C Insurance Co.;TypTap Insurance Co.;Homeowners Choice P&C Ins Co.;Edison Insurance Co.;Safe Harbor Insurance Co.;GeoVera Specialty Insurance Co;Florida Farm Bureau Cas Ins Co;Universal North America Ins Co;Auto Club Insurance Co. of FL;American Platinum P&C Ins Co.;FL Farm Bureau General Ins Co.;Castle Key Insurance Co.;Homesite Insurance Co.;State Farm FL Ins Co;AIG Property Casualty Co.;Foremost P&C Insurance Co.;ASI Preferred Insurance Corp.;ACE Ins Co. of the Midwest;Castle Key Indemnity Co.;First Liberty Insurance Corp.,Universal P&C Insurance Co.;Florida Family Insurance Co.;First Protective Insurance Co.;Cypress P&C Insurance Co.;Florida Peninsula Insurance Co;Tower Hill Insurance Exchange;Kin Interinsurance Network;Heritage P&C Insurance Co.;Florida Family Home Ins Co.;US Coastal P&C Insurance Co.;TypTap Insurance Co.;Homeowners Choice P&C Ins Co.;Edison Insurance Co.;Safe Harbor Insurance Co.;GeoVera Specialty Insurance Co;Florida Farm Bureau Cas Ins Co;Universal North America Ins Co;American Platinum P&C Ins Co.,4125091658.8598156,11,35.166819401784345,1743617919.9561415,24217312.153608054,1,0.9811320754716981,7457848364.481961,311486220.0,9734115483.27319,539937478.65,359958319.1,539937478.65,359958319.1,14251182490.301872,17692182490.301872,3441000000.0,1395853723.0,1395853723.0,0.0,True,19064369366.33436,17000000000.0,2064369366.3343582,0.8917158324691393,12486969141.78325,4513030858.216747,2148974364.210968,0.0,14,9464500000.0,9464500000.0,1
great_miami,baseline,,1926255N15314,"{""1926255N15314"": 0.6374503055728079}",170354720952.1598,108592668926.7247,61762052025.435104,39206392290.314186,37120966685.91729,0.0,24664140470.681503,7601169479.811733,39206392290.314186,37120966685.91729,18151447156.4264,43610604869.0087,14.478107993031704,4.4619658541463885,23.014561657686258,21.790395052416457,10.655089013660982,25.59988042905822,24664140470.681503,7601169479.811733,18151447156.4264,26,17,9,Universal P&C Insurance Co.;Florida Family Insurance Co.;First Protective Insurance Co.;Cypress P&C Insurance Co.;Florida Peninsula Insurance Co;Tower Hill Insurance Exchange;Kin Interinsurance Network;Heritage P&C Insurance Co.;Florida Family Home Ins Co.;US Coastal P&C Insurance Co.;TypTap Insurance Co.;Homeowners Choice P&C Ins Co.;Edison Insurance Co.;Safe Harbor Insurance Co.;GeoVera Specialty Insurance Co;Universal North America Ins Co;Auto Club Insurance Co. of FL;American Platinum P&C Ins Co.;FL Farm Bureau General Ins Co.;Homesite Insurance Co.;State Farm FL Ins Co;AIG Property Casualty Co.;ASI Preferred Insurance Corp.;ACE Ins Co. of the Midwest;Castle Key Indemnity Co.;First Liberty Insurance Corp.,Universal P&C Insurance Co.;Florida Family Insurance Co.;First Protective Insurance Co.;Cypress P&C Insurance Co.;Florida Peninsula Insurance Co;Tower Hill Insurance Exchange;Kin Interinsurance Network;Heritage P&C Insurance Co.;Florida Family Home Ins Co.;US Coastal P&C Insurance Co.;TypTap Insurance Co.;Homeowners Choice P&C Ins Co.;Edison Insurance Co.;Safe Harbor Insurance Co.;GeoVera Specialty Insurance Co;Universal North America Ins Co;American Platinum P&C Ins Co.,1558177107.067175,9,34.45361965929429,1158212735.8379872,1680539.8400848694,1,0.9811320754716981,3853914402.743452,319362300.0,3226636222.3432865,539937478.65,359958319.1,539937478.65,359958319.1,14710447156.4264,18151447156.4264,3441000000.0,1395853723.0,1395853723.0,0.0,False,9168228306.97357,9168228306.97357,0.0,1.0,5897975961.772394,3270252345.201176,2124999999.9999998,0.0,13,9464500000.0,9464500000.0,2
great_miami,baseline,,1926255N15314,"{""1926255N15314"": 0.5310082183274566}",170354720952.15985,90459756856.47746,79894964095.68237,20923049238.884567,39672734627.25478,0.0,22272134103.290615,7591838887.047485,20923049238.884567,39672734627.25478,23450050905.984947,56444913189.69742,13.07397527864533,4.456488698766075,12.282048376434673,23.28830947889959,13.765424741337428,33.13375342591689,22272134103.290615,7591838887.047485,23450050905.984947,24,16,8,Universal P&C Insurance Co.;Florida Family Insurance Co.;First Protective Insurance Co.;Cypress P&C Insurance Co.;Florida Peninsula Insurance Co;Tower Hill Insurance Exchange;Kin Interinsurance Network;Heritage P&C Insurance Co.;Florida Family Home Ins Co.;US Coastal P&C Insurance Co.;TypTap Insurance Co.;Homeowners Choice P&C Ins Co.;Edison Insurance Co.;Safe Harbor Insurance Co.;GeoVera Specialty Insurance Co;Auto Club Insurance Co. of FL;American Platinum P&C Ins Co.;FL Farm Bureau General Ins Co.;State Farm FL Ins Co;AIG Property Casualty Co.;ASI Preferred Insurance Corp.;ACE Ins Co. of the Midwest;Castle Key Indemnity Co.;First Liberty Insurance Corp.,Universal P&C Insurance Co.;Florida Family Insurance Co.;First Protective Insurance Co.;Cypress P&C Insurance Co.;Florida Peninsula Insurance Co;Tower Hill Insurance Exchange;Kin Interinsurance Network;Heritage P&C Insurance Co.;Florida Family Home Ins Co.;US Coastal P&C Insurance Co.;TypTap Insurance Co.;Homeowners Choice P&C Ins Co.;Edison Insurance Co.;Safe Harbor Insurance Co.;GeoVera Specialty Insurance Co;American Platinum P&C Ins Co.,1327230235.778344,8,34.139892835311265,1344545909.1441042,1443245.8432500511,1,0.9811320754716981,4045812500.0141516,322826880.0,4408255985.106174,539937478.65,359958319.1,539937478.65,359958319.1,20009050905.984947,23450050905.984947,3441000000.0,1395853723.0,1395853723.0,0.0,False,6215597869.413002,6215597869.413002,0.0,1.0,4188395791.8380923,2027202077.5749102,2114360576.9159956,0.0,13,9464500000.0,9464500000.0,3
great_miami,baseline,,1926255N15314,"{""1926255N15314"": 0.7056572148009131}",170354720952.1598,120212037915.28784,50142683036.87193,20689343904.420574,58906707752.42872,0.0,33819034013.916958,6796952244.521606,20689343904.420574,58906707752.42872,14756160627.059504,35386522409.81244,19.85212609600309,3.9898819395973035,12.144860904812084,34.57885253967884,8.662020368195979,20.772258151712702,33819034013.916958,6796952244.521606,14756160627.059504,27,17,10,Universal P&C Insurance Co.;Florida Family Insurance Co.;First Protective Insurance Co.;Cypress P&C Insurance Co.;Florida Peninsula Insurance Co;Tower Hill Insurance Exchange;Kin Interinsurance Network;Heritage P&C Insurance Co.;Florida Family Home Ins Co.;US Coastal P&C Insurance Co.;TypTap Insurance Co.;Homeowners Choice P&C Ins Co.;Edison Insurance Co.;Safe Harbor Insurance Co.;GeoVera Specialty Insurance Co;Universal North America Ins Co;Auto Club Insurance Co. of FL;American Platinum P&C Ins Co.;FL Farm Bureau General Ins Co.;Homesite Insurance Co.;State Farm FL Ins Co;AIG Property Casualty Co.;Foremost P&C Insurance Co.;ASI Preferred Insurance Corp.;ACE Ins Co. of the Midwest;Castle Key Indemnity Co.;First Liberty Insurance Corp.,Universal P&C Insurance Co.;Florida Family Insurance Co.;First Protective Insurance Co.;Cypress P&C Insurance Co.;Florida Peninsula Insurance Co;Tower Hill Insurance Exchange;Kin Interinsurance Network;Heritage P&C Insurance Co.;Florida Family Home Ins Co.;US Coastal P&C Insurance Co.;TypTap Insurance Co.;Homeowners Choice P&C Ins Co.;Edison Insurance Co.;Safe Harbor Insurance Co.;GeoVera Specialty Insurance Co;Universal North America Ins Co;American Platinum P&C Ins Co.,2419951973.395548,10,34.45361965929429,1457831349.2204096,5545755.606037375,1,0.9811320754716981,5688779155.036896,319362300.0,4599318284.691458,539937478.65,359958319.1,539937478.65,359958319.1,11315160627.059504,14756160627.059504,3441000000.0,1395853723.0,1395853723.0,0.0,False,11658949348.591333,11658949348.591333,0.0,1.0,10576309166.581793,1082640182.00954,2125000000.0,0.0,13,9464500000.0,9464500000.0,4
great_miami,baseline,,1926255N15314,"{""1926255N15314"": 0.7947765763247159}",170354720952.15982,135393941879.10995,34960779073.04987,12513427137.878815,88970788650.51201,0.0,27489920934.40242,6419805156.316696,12513427137.878815,88970788650.51201,10319868598.702013,24640910474.34787,16.136870631323642,3.7684926607461318,7.345512391988784,52.226781948413034,6.057870624906315,14.46447174262209,27489920934.40242,6419805156.316696,10319868598.702013,26,17,9,Universal P&C Insurance Co.;Florida Family Insurance Co.;First Protective Insurance Co.;Cypress P&C Insurance Co.;Florida Peninsula Insurance Co;Tower Hill Insurance Exchange;Kin Interinsurance Network;Heritage P&C Insurance Co.;Florida Family Home Ins Co.;US Coastal P&C Insurance Co.;TypTap Insurance Co.;Homeowners Choice P&C Ins Co.;Edison Insurance Co.;Safe Harbor Insurance Co.;GeoVera Specialty Insurance Co;Universal North America Ins Co;Auto Club Insurance Co. of FL;American Platinum P&C Ins Co.;FL Farm Bureau General Ins Co.;Homesite Insurance Co.;State Farm FL Ins Co;AIG Property Casualty Co.;ASI Preferred Insurance Corp.;ACE Ins Co. of the Midwest;Castle Key Indemnity Co.;First Liberty Insurance Corp.,Universal P&C Insurance Co.;Florida Family Insurance Co.;First Protective Insurance Co.;Cypress P&C Insurance Co.;Florida Peninsula Insurance Co;Tower Hill Insurance Exchange;Kin Interinsurance Network;Heritage P&C Insurance Co.;Florida Family Home Ins Co.;US Coastal P&C Insurance Co.;TypTap Insurance Co.;Homeowners Choice P&C Ins Co.;Edison Insurance Co.;Safe Harbor Insurance Co.;GeoVera Specialty Insurance Co;Universal North America Ins Co;American Platinum P&C Ins Co.,1907761121.3272054,9,34.45361965929429,1368898841.7186491,7239581.427041493,1,0.9811320754716981,4773086618.518876,319362300.0,3678954887.8252525,539937478.65,359958319.1,539937478.65,359958319.1,6878868598.702013,10319868598.702013,3441000000.0,1395853723.0,1395853723.0,0.0,False,8248057623.388631,8248057623.388631,0.0,1.0,6610221115.674924,1637836507.7137067,2125000000.0,0.0,13,9464500000.0,9464500000.0,5
great_miami,baseline,,1926255N15314,"{""1926255N15314"": 0.7464213169812842}",170354720952.15982,127156395167.09033,43198325785.06948,32636700488.461937,44092583863.48827,0.0,37260359419.39698,13166751395.743147,32636700488.461937,44092583863.48827,12726955542.39751,30471370242.67197,21.87222004247284,7.729020553202471,19.158083970932157,25.882807131520973,7.47085579505107,17.887012506820486,37260359419.39698,13166751395.743147,12726955542.39751,28,18,10,Universal P&C Insurance Co.;Florida Family Insurance Co.;First Protective Insurance Co.;Cypress P&C Insurance Co.;Florida Peninsula Insurance Co;Tower Hill Insurance Exchange;Kin Interinsurance Network;Heritage P&C Insurance Co.;Florida Family Home Ins Co.;US Coastal P&C Insurance Co.;TypTap Insurance Co.;Homeowners Choice P&C Ins Co.;Edison Insurance Co.;Safe Harbor Insurance Co.;GeoVera Specialty Insurance Co;Florida Farm Bureau Cas Ins Co;Universal North America Ins Co;Auto Club Insurance Co. of FL;American Platinum P&C Ins Co.;FL Farm Bureau General Ins Co.;Homesite Insurance Co.;State Farm FL Ins Co;AIG Property Casualty Co.;Foremost P&C Insurance Co.;ASI Preferred Insurance Corp.;ACE Ins Co. of the Midwest;Castle Key Indemnity Co.;First Liberty Insurance Corp.,Universal P&C Insurance Co.;Florida Family Insurance Co.;First Protective Insurance Co.;Cypress P&C Insurance Co.;Florida Peninsula Insurance Co;Tower Hill Insurance Exchange;Kin Interinsurance Network;Heritage P&C Insurance Co.;Florida Family Home Ins Co.;US Coastal P&C Insurance Co.;TypTap Insurance Co.;Homeowners Choice P&C Ins Co.;Edison Insurance Co.;Safe Harbor Insurance Co.;GeoVera Specialty Insurance Co;Florida Farm Bureau Cas Ins Co;Universal North America Ins Co;American Platinum P&C Ins Co.,3010104159.282794,10,35.166819401784345,1551354310.7828805,17157663.998976536,1,0.9811320754716981,6307475761.993722,311486220.0,6960646995.51674,539937478.65,359958319.1,539937478.65,359958319.1,9285955542.39751,12726955542.39751,3441000000.0,1395853723.0,1395853723.0,0.0,True,17608738576.294838,17000000000.0,608738576.294838,0.9654297453700442,11958749874.910177,5041250125.089822,2125000000.0000002,0.0,13,9464500000.0,9464500000.0,6
great_miami,baseline,,1926255N15314,"{""1926255N15314"": 0.690344131267792}",170354720952.15982,117603381843.0859,52751339109.073906,13151360134.093857,63119903082.52749,0.0,33382429830.43761,7949688796.02696,13151360134.093857,63119903082.52749,15518433933.847202,37232905175.2267,19.595834881389813,4.66655033191563,7.71998572190266,37.05204219157111,9.109482758746202,21.856104114474583,33382429830.43761,7949688796.02696,15518433933.847202,26,18,8,Universal P&C Insurance Co.;Florida Family Insurance Co.;First Protective Insurance Co.;Cypress P&C Insurance Co.;Florida Peninsula Insurance Co;Tower Hill Insurance Exchange;Kin Interinsurance Network;Heritage P&C Insurance Co.;Florida Family Home Ins Co.;US Coastal P&C Insurance Co.;TypTap Insurance Co.;Homeowners Choice P&C Ins Co.;Edison Insurance Co.;Safe Harbor Insurance Co.;GeoVera Specialty Insurance Co;Florida Farm Bureau Cas Ins Co;Universal North America Ins Co;American Platinum P&C Ins Co.;FL Farm Bureau General Ins Co.;Homesite Insurance Co.;State Farm FL Ins Co;AIG Property Casualty Co.;ASI Preferred Insurance Corp.;ACE Ins Co. of the Midwest;Castle Key Indemnity Co.;First Liberty Insurance Corp.,Universal P&C Insurance Co.;Florida Family Insurance Co.;First Protective Insurance Co.;Cypress P&C Insurance Co.;Florida Peninsula Insurance Co;Tower Hill Insurance Exchange;Kin Interinsurance Network;Heritage P&C Insurance Co.;Florida Family Home Ins Co.;US Coastal P&C Insurance Co.;TypTap Insurance Co.;Homeowners Choice P&C Ins Co.;Edison Insurance Co.;Safe Harbor Insurance Co.;GeoVera Specialty Insurance Co;Florida Farm Bureau Cas Ins Co;Universal North America Ins Co;American Platinum P&C Ins Co.,2585086281.543228,8,35.166819401784345,1362573528.3691704,5936339.704622239,1,0.9811320754716981,5031531560.961346,311486220.0,3365408335.7909684,539937478.65,359958319.1,539937478.65,359958319.1,12077433933.847202,15518433933.847202,3441000000.0,1395853723.0,1395853723.0,0.0,False,14251746701.63831,14251746701.63831,0.0,1.0,10746242953.939026,3505503747.6992846,2125000000.0000002,0.0,13,9464500000.0,9464500000.0,7
great_miami,baseline,,1926255N15314,"{""1926255N15314"": 0.5880049308616303}",170354720952.15985,100169415915.4271,70185305036.73274,19494173314.13713,49565779619.50188,0.0,25351100356.80065,5758362624.987415,19494173314.13713,49565779619.50188,20612799189.4721,49572505847.260635,14.881360619245717,3.380218988239555,11.44328328864547,29.095630190032285,12.099928357876694,29.099578555960253,25351100356.80065,5758362624.987415,20612799189.4721,26,17,9,Universal P&C Insurance Co.;Florida Family Insurance Co.;First Protective Insurance Co.;Cypress P&C Insurance Co.;Florida Peninsula Insurance Co;Tower Hill Insurance Exchange;Kin Interinsurance Network;Heritage P&C Insurance Co.;Florida Family Home Ins Co.;US Coastal P&C Insurance Co.;TypTap Insurance Co.;Homeowners Choice P&C Ins Co.;Edison Insurance Co.;Safe Harbor Insurance Co.;GeoVera Specialty Insurance Co;Universal North America Ins Co;Auto Club Insurance Co. of FL;American Platinum P&C Ins Co.;FL Farm Bureau General Ins Co.;Homesite Insurance Co.;State Farm FL Ins Co;AIG Property Casualty Co.;ASI Preferred Insurance Corp.;ACE Ins Co. of the Midwest;Castle Key Indemnity Co.;First Liberty Insurance Corp.,Universal P&C Insurance Co.;Florida Family Insurance Co.;First Protective Insurance Co.;Cypress P&C Insurance Co.;Florida Peninsula Insurance Co;Tower Hill Insurance Exchange;Kin Interinsurance Network;Heritage P&C Insurance Co.;Florida Family Home Ins Co.;US Coastal P&C Insurance Co.;TypTap Insurance Co.;Homeowners Choice P&C Ins Co.;Edison Insurance Co.;Safe Harbor Insurance Co.;GeoVera Specialty Insurance Co;Universal North America Ins Co;American Platinum P&C Ins Co.,1846125826.3295622,9,34.45361965929429,1737915967.310741,6436888.482206635,1,0.9811320754716981,5098622165.6765,319362300.0,3402705737.8883495,539937478.65,359958319.1,539937478.65,359958319.1,17171799189.4721,20612799189.4721,3441000000.0,1395853723.0,1395853723.0,0.0,False,5671965837.449261,5671965837.449261,0.0,1.0,4408825601.325606,1263140236.1236548,2125000000.0,0.0,13,9464500000.0,9464500000.0,8
great_miami,baseline,,1926255N15314,"{""1926255N15314"": 0.8060693487176859}",170354720952.1598,137317718968.89058,33037001983.269226,34437225309.633865,44515994616.43974,0.0,44974226685.719765,13390272357.097214,34437225309.633865,44515994616.43974,9757723232.21386,23279278751.05537,26.400340674063116,7.8602296914668806,20.215010841586697,26.13135366465191,5.727885424997463,13.665179703233948,44974226685.719765,13390272357.097214,9757723232.21386,31,19,12,Universal P&C Insurance Co.;Florida Family Insurance Co.;First Protective Insurance Co.;Cypress P&C Insurance Co.;Florida Peninsula Insurance Co;Tower Hill Insurance Exchange;Kin Interinsurance Network;Heritage P&C Insurance Co.;Florida Family Home Ins Co.;US Coastal P&C Insurance Co.;TypTap Insurance Co.;Homeowners Choice P&C Ins Co.;Vault E&S Insurance Co.;Edison Insurance Co.;Safe Harbor Insurance Co.;GeoVera Specialty Insurance Co;Florida Farm Bureau Cas Ins Co;Universal North America Ins Co;Auto Club Insurance Co. of FL;American Platinum P&C Ins Co.;FL Farm Bureau General Ins Co.;Castle Key Insurance Co.;Homesite Insurance Co.;State Farm FL Ins Co;AIG Property Casualty Co.;Foremost P&C Insurance Co.;ASI Preferred Insurance Corp.;Nationwide P&C Insurance Co.;ACE Ins Co. of the Midwest;Castle Key Indemnity Co.;First Liberty Insurance Corp.,Universal P&C Insurance Co.;Florida Family Insurance Co.;First Protective Insurance Co.;Cypress P&C Insurance Co.;Florida Peninsula Insurance Co;Tower Hill Insurance Exchange;Kin Interinsurance Network;Heritage P&C Insurance Co.;Florida Family Home Ins Co.;US Coastal P&C Insurance Co.;TypTap Insurance Co.;Homeowners Choice P&C Ins Co.;Vault E&S Insurance Co.;Edison Insurance Co.;Safe Harbor Insurance Co.;GeoVera Specialty Insurance Co;Florida Farm Bureau Cas Ins Co;Universal North America Ins Co;American Platinum P&C Ins Co.,4139157017.067175,12,35.41856476294073,2317226715.5421877,18978885.182671785,1,0.9811320754716981,8996403580.585026,308706120.0,7953845782.102827,539937478.65,359958319.1,539937478.65,359958319.1,6316723232.21386,9757723232.21386,3441000000.0,1395853723.0,1395853723.0,0.0,True,17892732999.430935,17000000000.0,892732999.4309349,0.9501063923851473,12703089293.803053,4296910706.19695,2125000000.0,0.0,13,9464500000.0,9464500000.0,9
great_miami,baseline,,1926255N15314,"{""1926255N15314"": 0.7272475603435673}",170354720952.1598,123890055205.4674,46464665746.69239,20377106957.555706,47237853852.09264,0.0,44694229812.80218,11580864583.016897,20377106957.555706,47237853852.09264,13681410133.085438,32783255613.606945,26.235979586003683,6.798088434701564,11.961574556702862,27.72911345694864,8.031130605959284,19.24411335968398,44694229812.80218,11580864583.016897,13681410133.085438,31,20,11,Universal P&C Insurance Co.;Florida Family Insurance Co.;First Protective Insurance Co.;Cypress P&C Insurance Co.;Florida Peninsula Insurance Co;Tower Hill Insurance Exchange;Kin Interinsurance Network;Heritage P&C Insurance Co.;Florida Family Home Ins Co.;US Coastal P&C Insurance Co.;TypTap Insurance Co.;Homeowners Choice P&C Ins Co.;Vault E&S Insurance Co.;Edison Insurance Co.;Safe Harbor Insurance Co.;GeoVera Specialty Insurance Co;Florida Farm Bureau Cas Ins Co;Universal North America Ins Co;Auto Club Insurance Co. of FL;American Platinum P&C Ins Co.;FL Farm Bureau General Ins Co.;Castle Key Insurance Co.;Homesite Insurance Co.;State Farm FL Ins Co;AIG Property Casualty Co.;Foremost P&C Insurance Co.;ASI Preferred Insurance Corp.;Nationwide P&C Insurance Co.;ACE Ins Co. of the Midwest;Castle Key Indemnity Co.;First Liberty Insurance Corp.,Universal P&C Insurance Co.;Florida Family Insurance Co.;First Protective Insurance Co.;Cypress P&C Insurance Co.;Florida Peninsula Insurance Co;Tower Hill Insurance Exchange;Kin Interinsurance Network;Heritage P&C Insurance Co.;Florida Family Home Ins Co.;US Coastal P&C Insurance Co.;TypTap Insurance Co.;Homeowners Choice P&C Ins Co.;Vault E&S Insurance Co.;Edison Insurance Co.;Safe Harbor Insurance Co.;GeoVera Specialty Insurance Co;Florida Farm Bureau Cas Ins Co;Universal North America Ins Co;American Platinum P&C Ins Co.;Castle Key Indemnity Co.,4476391533.907503,12,37.15668623671953,2318321476.2372184,31606557.338838696,1,0.9811320754716981,9416107661.041433,289511520.0,5828851944.492776,539937478.65,359958319.1,539937478.65,359958319.1,10240410133.085438,13681410133.085438,3441000000.0,1395853723.0,1395853723.0,0.0,True,21719089696.24788,16999999999.999998,4719089696.247881,0.7827215706437671,12339956405.477892,4660043594.522106,2125000000.0,0.0,13,9464500000.0,9464500000.0,10
great_miami,baseline,,1926255N15314,"{""1926255N15314"": 0.7038968348903806}",170354720952.15982,119912148886.85931,50442572065.3005,6583792795.698567,54850546723.73707,0.0,46396923928.311325,12080885439.112352,6583792795.698567,54850546723.73707,14843790960.473528,35598781104.826965,27.235478810910575,7.091605898321414,3.864755117380911,32.19784366242517,8.713460288923876,20.89685622203805,46396923928.311325,12080885439.112352,14843790960.473528,31,19,12,Universal P&C Insurance Co.;Florida Family Insurance Co.;First Protective Insurance Co.;Cypress P&C Insurance Co.;Florida Peninsula Insurance Co;Tower Hill Insurance Exchange;Kin Interinsurance Network;Heritage P&C Insurance Co.;Florida Family Home Ins Co.;US Coastal P&C Insurance Co.;TypTap Insurance Co.;Homeowners Choice P&C Ins Co.;Vault E&S Insurance Co.;Edison Insurance Co.;Safe Harbor Insurance Co.;GeoVera Specialty Insurance Co;Florida Farm Bureau Cas Ins Co;Universal North America Ins Co;Auto Club Insurance Co. of FL;American Platinum P&C Ins Co.;FL Farm Bureau General Ins Co.;Castle Key Insurance Co.;Homesite Insurance Co.;State Farm FL Ins Co;AIG Property Casualty Co.;Foremost P&C Insurance Co.;ASI Preferred Insurance Corp.;Nationwide P&C Insurance Co.;ACE Ins Co. of the Midwest;Castle Key Indemnity Co.;First Liberty Insurance Corp.,Universal P&C Insurance Co.;Florida Family Insurance Co.;First Protective Insurance Co.;Cypress P&C Insurance Co.;Florida Peninsula Insurance Co;Tower Hill Insurance Exchange;Kin Interinsurance Network;Heritage P&C Insurance Co.;Florida Family Home Ins Co.;US Coastal P&C Insurance Co.;TypTap Insurance Co.;Homeowners Choice P&C Ins Co.;Vault E&S Insurance Co.;Edison Insurance Co.;Safe Harbor Insurance Co.;GeoVera Specialty Insurance Co;Florida Farm Bureau Cas Ins Co;Universal North America Ins Co;American Platinum P&C Ins Co.,4486902449.580873,12,35.41856476294073,2775365721.850211,34405902.35991358,1,0.9811320754716981,9524813041.219017,308706120.0,7323023639.743182,539937478.65,359958319.1,539937478.65,359958319.1,11402790960.473528,14843790960.473528,3441000000.0,1395853723.0,1395853723.0,0.0,True,21144820097.02344,17000000000.0,4144820097.0234413,0.8039794106544842,13363956957.987968,3636043042.0120306,2125000000.0,0.0,13,9464500000.0,9464500000.0,11
great_miami,baseline,,1926255N15314,"{""1926255N15314"": 0.8894665170830168}",170354720952.1598,151524820313.96683,18829900638.192974,14152148148.157318,47784501766.25507,0.0,67428089786.03355,22160080613.520916,14152148148.157318,47784501766.25507,5606277498.304628,13223623139.888346,39.58099277152946,13.00819871011621,8.307458736134247,28.050001490521797,3.2909434308421797,7.762404860856129,67428089786.03355,22160080613.520916,5606277498.304628,36,23,13,Universal P&C Insurance Co.;Florida Family Insurance Co.;First Protective Insurance Co.;Spinnaker Insurance Co.;Cypress P&C Insurance Co.;Florida Peninsula Insurance Co;Tower Hill Insurance Exchange;Kin Interinsurance Network;Unique Insurance Co.;Heritage P&C Insurance Co.;Florida Family Home Ins Co.;US Coastal P&C Insurance Co.;TypTap Insurance Co.;Homeowners Choice P&C Ins Co.;Vault E&S Insurance Co.;Edison Insurance Co.;Safe Harbor Insurance Co.;Spinnaker Specialty Ins Co.;GeoVera Specialty Insurance Co;Florida Farm Bureau Cas Ins Co;Universal North America Ins Co;QBE Specialty Insurance Co.;Auto Club Insurance Co. of FL;American Platinum P&C Ins Co.;FL Farm Bureau General Ins Co.;Castle Key Insurance Co.;Homesite Insurance Co.;PURE Specialty Exchange;State Farm FL Ins Co;AIG Property Casualty Co.;Foremost P&C Insurance Co.;ASI Preferred Insurance Corp.;Nationwide P&C Insurance Co.;ACE Ins Co. of the Midwest;Castle Key Indemnity Co.;First Liberty Insurance Corp.,Universal P&C Insurance Co.;Florida Family Insurance Co.;First Protective Insurance Co.;Spinnaker Insurance Co.;Cypress P&C Insurance Co.;Florida Peninsula Insurance Co;Tower Hill Insurance Exchange;Kin Interinsurance Network;Unique Insurance Co.;Heritage P&C Insurance Co.;Florida Family Home Ins Co.;US Coastal P&C Insurance Co.;TypTap Insurance Co.;Homeowners Choice P&C Ins Co.;Vault E&S Insurance Co.;Edison Insurance Co.;Safe Harbor Insurance Co.;Spinnaker Specialty Ins Co.;GeoVera Specialty Insurance Co;Florida Farm Bureau Cas Ins Co;Universal North America Ins Co;QBE Specialty Insurance Co.;American Platinum P&C Ins Co.,8459091953.709449,13,36.189312511589605,4340425479.902057,66767680.619776055,1,0.9811320754716981,18183233077.997494,300194520.0,16263422978.121323,539937478.65,359958319.1,539937478.65,359958319.1,2165277498.3046284,5606277498.304628,3441000000.0,1395853723.0,1395853723.0,0.0,True,25748904074.87221,17000000000.0,8748904074.872211,0.6602222739487358,12264895451.776888,4735104548.223112,2574999999.9999995,0.0,14,9464500000.0,9464500000.0,12
great_miami,baseline,,1926255N15314,"{""1926255N15314"": 0.7113102758533727}",170354720952.1598,121175063553.40514,49179657398.75467,20854205150.147324,41215787046.26279,0.0,46656334672.068405,12448736684.926632,20854205150.147324,41215787046.26279,14474755674.712013,34704901724.042656,27.387755626197624,7.307538420624442,12.241636177493284,24.194097361021942,8.496832722808378,20.372139691854347,46656334672.068405,12448736684.926632,14474755674.712013,31,19,12,Universal P&C Insurance Co.;Florida Family Insurance Co.;First Protective Insurance Co.;Cypress P&C Insurance Co.;Florida Peninsula Insurance Co;Tower Hill Insurance Exchange;Kin Interinsurance Network;Heritage P&C Insurance Co.;Florida Family Home Ins Co.;US Coastal P&C Insurance Co.;TypTap Insurance Co.;Homeowners Choice P&C Ins Co.;Vault E&S Insurance Co.;Edison Insurance Co.;Safe Harbor Insurance Co.;GeoVera Specialty Insurance Co;Florida Farm Bureau Cas Ins Co;Universal North America Ins Co;Auto Club Insurance Co. of FL;American Platinum P&C Ins Co.;FL Farm Bureau General Ins Co.;Castle Key Insurance Co.;Homesite Insurance Co.;State Farm FL Ins Co;AIG Property Casualty Co.;Foremost P&C Insurance Co.;ASI Preferred Insurance Corp.;Nationwide P&C Insurance Co.;ACE Ins Co. of the Midwest;Castle Key Indemnity Co.;First Liberty Insurance Corp.,Universal P&C Insurance Co.;Florida Family Insurance Co.;First Protective Insurance Co.;Cypress P&C Insurance Co.;Florida Peninsula Insurance Co;Tower Hill Insurance Exchange;Kin Interinsurance Network;Heritage P&C Insurance Co.;Florida Family Home Ins Co.;US Coastal P&C Insurance Co.;TypTap Insurance Co.;Homeowners Choice P&C Ins Co.;Vault E&S Insurance Co.;Edison Insurance Co.;Safe Harbor Insurance Co.;GeoVera Specialty Insurance Co;Florida Farm Bureau Cas Ins Co;Universal North America Ins Co;American Platinum P&C Ins Co.,4147505525.106506,12,35.41856476294073,2881399047.475376,35408273.412024625,1,0.9811320754716981,9955059536.324278,308706120.0,7429241841.959992,539937478.65,359958319.1,539937478.65,359958319.1,11033755674.712013,14474755674.712013,3441000000.0,1395853723.0,1395853723.0,0.0,True,19722575615.84603,17000000000.0,2722575615.846031,0.8619563859773676,13101752758.569397,3898247241.4306016,2147580779.3236604,0.0,14,9464500000.0,9464500000.0,13
great_miami,baseline,,1926255N15314,"{""1926255N15314"": 0.8148852490539027}",170354720952.15982,138819549210.60886,31535171741.55096,21106937583.79624,59438918442.86632,0.0,45874773277.47436,12398919906.471949,21106937583.79624,59438918442.86632,9318874617.10224,22216297124.448723,26.928970926703716,7.278295451497289,12.389992755013603,34.89126577217567,5.470276705580252,13.041198389029473,45874773277.47436,12398919906.471949,9318874617.10224,30,19,11,Universal P&C Insurance Co.;Florida Family Insurance Co.;First Protective Insurance Co.;Cypress P&C Insurance Co.;Florida Peninsula Insurance Co;Tower Hill Insurance Exchange;Kin Interinsurance Network;Heritage P&C Insurance Co.;Florida Family Home Ins Co.;US Coastal P&C Insurance Co.;TypTap Insurance Co.;Homeowners Choice P&C Ins Co.;Vault E&S Insurance Co.;Edison Insurance Co.;Safe Harbor Insurance Co.;GeoVera Specialty Insurance Co;Florida Farm Bureau Cas Ins Co;Universal North America Ins Co;Auto Club Insurance Co. of FL;American Platinum P&C Ins Co.;FL Farm Bureau General Ins Co.;Castle Key Insurance Co.;Homesite Insurance Co.;State Farm FL Ins Co;AIG Property Casualty Co.;Foremost P&C Insurance Co.;ASI Preferred Insurance Corp.;ACE Ins Co. of the Midwest;Castle Key Indemnity Co.;First Liberty Insurance Corp.,Universal P&C Insurance Co.;Florida Family Insurance Co.;First Protective Insurance Co.;Cypress P&C Insurance Co.;Florida Peninsula Insurance Co;Tower Hill Insurance Exchange;Kin Interinsurance Network;Heritage P&C Insurance Co.;Florida Family Home Ins Co.;US Coastal P&C Insurance Co.;TypTap Insurance Co.;Homeowners Choice P&C Ins Co.;Vault E&S Insurance Co.;Edison Insurance Co.;Safe Harbor Insurance Co.;GeoVera Specialty Insurance Co;Florida Farm Bureau Cas Ins Co;Universal North America Ins Co;American Platinum P&C Ins Co.,4484856805.1543255,11,35.41856476294073,2170718649.998118,38585411.868281476,1,0.9811320754716981,9281911157.574522,308706120.0,6591252708.735464,539937478.65,359958319.1,539937478.65,359958319.1,5877874617.10224,9318874617.10224,3441000000.0,1395853723.0,1395853723.0,0.0,True,22705481520.690403,17000000000.0,5705481520.690403,0.7487178805042617,12295429232.536043,4704570767.463955,2124999999.9999998,0.0,13,9464500000.0,9464500000.0,14
great_miami,baseline,,1926255N15314,"{""1926255N15314"": 0.664826105822245}",170354720952.15982,113256265739.05962,57098455213.1002,24233351249.090378,35613125679.16328,0.0,40153385974.91397,13256402835.891998,24233351249.090378,35613125679.16328,16788701257.668505,40309753955.43168,23.570456838815826,7.7816468846876,14.22523022176518,20.905276636955897,9.85514294164071,23.662246476134783,40153385974.91397,13256402835.891998,16788701257.668505,29,18,11,Universal P&C Insurance Co.;Florida Family Insurance Co.;First Protective Insurance Co.;Cypress P&C Insurance Co.;Florida Peninsula Insurance Co;Tower Hill Insurance Exchange;Kin Interinsurance Network;Heritage P&C Insurance Co.;Florida Family Home Ins Co.;US Coastal P&C Insurance Co.;TypTap Insurance Co.;Homeowners Choice P&C Ins Co.;Edison Insurance Co.;Safe Harbor Insurance Co.;GeoVera Specialty Insurance Co;Florida Farm Bureau Cas Ins Co;Universal North America Ins Co;Auto Club Insurance Co. of FL;American Platinum P&C Ins Co.;FL Farm Bureau General Ins Co.;Castle Key Insurance Co.;Homesite Insurance Co.;State Farm FL Ins Co;AIG Property Casualty Co.;Foremost P&C Insurance Co.;ASI Preferred Insurance Corp.;ACE Ins Co. of the Midwest;Castle Key Indemnity Co.;First Liberty Insurance Corp.,Universal P&C Insurance Co.;Florida Family Insurance Co.;First Protective Insurance Co.;Cypress P&C Insurance Co.;Florida Peninsula Insurance Co;Tower Hill Insurance Exchange;Kin Interinsurance Network;Heritage P&C Insurance Co.;Florida Family Home Ins Co.;US Coastal P&C Insurance Co.;TypTap Insurance Co.;Homeowners Choice P&C Ins Co.;Edison Insurance Co.;Safe Harbor Insurance Co.;GeoVera Specialty Insurance Co;Florida Farm Bureau Cas Ins Co;Universal North America Ins Co;American Platinum P&C Ins Co.,3523820127.083824,11,35.166819401784345,1862171859.8367662,17213781.80333764,1,0.9811320754716981,7872598222.061581,311486220.0,6730699056.975698,539937478.65,359958319.1,539937478.65,359958319.1,13347701257.668505,16788701257.668505,3441000000.0,1395853723.0,1395853723.0,0.0,True,22251206433.08467,17000000000.0,5251206433.084671,0.7640035182417433,11609678941.935188,5390321058.064814,2125000000.0,0.0,13,9464500000.0,9464500000.0,15
great_miami,baseline,,1926255N15314,"{""1926255N15314"": 0.8943878662381811}",170354720952.15982,152363195376.003,17991525576.156826,31400847347.200478,49117133069.65817,0.0,57079193534.64489,14766021424.499456,31400847347.200478,49117133069.65817,5361296591.209735,12630228984.947088,33.506082611396636,8.667808759257193,18.432625272544502,28.832269980619778,3.1471370803485574,7.414076295833325,57079193534.64489,14766021424.499456,5361296591.209735,34,21,13,Universal P&C Insurance Co.;Florida Family Insurance Co.;First Protective Insurance Co.;Cypress P&C Insurance Co.;Florida Peninsula Insurance Co;Tower Hill Insurance Exchange;Kin Interinsurance Network;Unique Insurance Co.;Heritage P&C Insurance Co.;Florida Family Home Ins Co.;US Coastal P&C Insurance Co.;TypTap Insurance Co.;Homeowners Choice P&C Ins Co.;Vault E&S Insurance Co.;Edison Insurance Co.;Safe Harbor Insurance Co.;Spinnaker Specialty Ins Co.;GeoVera Specialty Insurance Co;Florida Farm Bureau Cas Ins Co;Universal North America Ins Co;Auto Club Insurance Co. of FL;American Platinum P&C Ins Co.;FL Farm Bureau General Ins Co.;Castle Key Insurance Co.;Homesite Insurance Co.;PURE Specialty Exchange;State Farm FL Ins Co;AIG Property Casualty Co.;Foremost P&C Insurance Co.;ASI Preferred Insurance Corp.;Nationwide P&C Insurance Co.;ACE Ins Co. of the Midwest;Castle Key Indemnity Co.;First Liberty Insurance Corp.,Universal P&C Insurance Co.;Florida Family Insurance Co.;First Protective Insurance Co.;Cypress P&C Insurance Co.;Florida Peninsula Insurance Co;Tower Hill Insurance Exchange;Kin Interinsurance Network;Unique Insurance Co.;Heritage P&C Insurance Co.;Florida Family Home Ins Co.;US Coastal P&C Insurance Co.;TypTap Insurance Co.;Homeowners Choice P&C Ins Co.;Vault E&S Insurance Co.;Edison Insurance Co.;Safe Harbor Insurance Co.;Spinnaker Specialty Ins Co.;GeoVera Specialty Insurance Co;Florida Farm Bureau Cas Ins Co;Universal North America Ins Co;American Platinum P&C Ins Co.,6566057948.614848,13,35.60316172831571,2911751994.5807614,36378211.851350695,1,0.9811320754716981,13337977095.472607,306667560.0,9373605508.219255,539937478.65,359958319.1,539937478.65,359958319.1,1920296591.209735,5361296591.209735,3441000000.0,1395853723.0,1395853723.0,0.0,True,21401487931.301258,17000000000.0,4401487931.301258,0.7943372934895916,12715796719.7899,4284203280.210099,2259659309.2158017,0.0,14,9464500000.0,9464500000.0,16
great_miami,baseline,,1926255N15314,"{""1926255N15314"": 0.6109346528979662}",170354720952.15982,104075602314.43767,66279118637.72215,24306988647.219696,45925964942.52217,0.0,27024471943.017365,6818176781.678439,24306988647.219696,45925964942.52217,19471375582.49214,46807743055.23001,15.863647213279497,4.002340964529633,14.268456143370251,26.959020968617253,11.429900782121692,27.47663392808168,27024471943.017365,6818176781.678439,19471375582.49214,24,16,8,Universal P&C Insurance Co.;Florida Family Insurance Co.;First Protective Insurance Co.;Cypress P&C Insurance Co.;Florida Peninsula Insurance Co;Tower Hill Insurance Exchange;Kin Interinsurance Network;Heritage P&C Insurance Co.;Florida Family Home Ins Co.;US Coastal P&C Insurance Co.;TypTap Insurance Co.;Homeowners Choice P&C Ins Co.;Edison Insurance Co.;Safe Harbor Insurance Co.;GeoVera Specialty Insurance Co;American Platinum P&C Ins Co.;FL Farm Bureau General Ins Co.;Homesite Insurance Co.;State Farm FL Ins Co;AIG Property Casualty Co.;ASI Preferred Insurance Corp.;ACE Ins Co. of the Midwest;Castle Key Indemnity Co.;First Liberty Insurance Corp.,Universal P&C Insurance Co.;Florida Family Insurance Co.;First Protective Insurance Co.;Cypress P&C Insurance Co.;Florida Peninsula Insurance Co;Tower Hill Insurance Exchange;Kin Interinsurance Network;Heritage P&C Insurance Co.;Florida Family Home Ins Co.;US Coastal P&C Insurance Co.;TypTap Insurance Co.;Homeowners Choice P&C Ins Co.;Edison Insurance Co.;Safe Harbor Insurance Co.;GeoVera Specialty Insurance Co;American Platinum P&C Ins Co.,1956027726.2633874,8,34.139892835311265,1269263790.644263,96805.50178707018,1,0.9811320754716981,4246843907.6983547,322826880.0,4358269682.885487,539937478.65,359958319.1,539937478.65,359958319.1,16030375582.492142,19471375582.49214,3441000000.0,1395853723.0,1395853723.0,0.0,False,9045654980.874966,9045654980.874966,0.0,1.0,7727403577.178194,1318251403.696771,2110092648.6094537,0.0,13,9464500000.0,9464500000.0,17
great_miami,baseline,,1926255N15314,"{""1926255N15314"": 0.7636423724145907}",170354720952.1598,130090083259.93289,40264637692.226906,27136497080.207443,60526354517.37903,0.0,31806585610.278275,10620646052.068161,27136497080.207443,60526354517.37903,11869704888.528381,28394932803.69853,18.670797869587908,6.234430130674644,15.929407138548338,35.5296021026482,6.967640710034514,16.66812204850642,31806585610.278275,10620646052.068161,11869704888.528381,27,18,9,Universal P&C Insurance Co.;Florida Family Insurance Co.;First Protective Insurance Co.;Cypress P&C Insurance Co.;Florida Peninsula Insurance Co;Tower Hill Insurance Exchange;Kin Interinsurance Network;Heritage P&C Insurance Co.;Florida Family Home Ins Co.;US Coastal P&C Insurance Co.;TypTap Insurance Co.;Homeowners Choice P&C Ins Co.;Edison Insurance Co.;Safe Harbor Insurance Co.;GeoVera Specialty Insurance Co;Florida Farm Bureau Cas Ins Co;Universal North America Ins Co;Auto Club Insurance Co. of FL;American Platinum P&C Ins Co.;FL Farm Bureau General Ins Co.;Homesite Insurance Co.;State Farm FL Ins Co;AIG Property Casualty Co.;ASI Preferred Insurance Corp.;ACE Ins Co. of the Midwest;Castle Key Indemnity Co.;First Liberty Insurance Corp.,Universal P&C Insurance Co.;Florida Family Insurance Co.;First Protective Insurance Co.;Cypress P&C Insurance Co.;Florida Peninsula Insurance Co;Tower Hill Insurance Exchange;Kin Interinsurance Network;Heritage P&C Insurance Co.;Florida Family Home Ins Co.;US Coastal P&C Insurance Co.;TypTap Insurance Co.;Homeowners Choice P&C Ins Co.;Edison Insurance Co.;Safe Harbor Insurance Co.;GeoVera Specialty Insurance Co;Florida Farm Bureau Cas Ins Co;Universal North America Ins Co;American Platinum P&C Ins Co.,2851117900.2057853,9,35.166819401784345,1314459671.6104074,5959345.558923446,1,0.9811320754716981,5227117493.107837,311486220.0,4969113627.543931,539937478.65,359958319.1,539937478.65,359958319.1,8428704888.528381,11869704888.528381,3441000000.0,1395853723.0,1395853723.0,0.0,False,13411432046.639702,13411432046.639702,0.0,1.0,8888874635.55863,4522557411.081073,2125000000.0000002,0.0,13,9464500000.0,9464500000.0,18
great_miami,baseline,,1926255N15314,"{""1926255N15314"": 0.7092374514124984}",170354720952.1598,120821948124.19716,49532772827.96264,26040840224.222065,58075440427.34571,0.0,29228326957.846214,7477340514.783177,26040840224.222065,58075440427.34571,14577939252.174911,34954833575.78773,17.157333119082928,4.389276958683768,15.286245123512037,34.09088993997112,8.557402560196023,20.518852298554137,29228326957.846214,7477340514.783177,14577939252.174911,27,17,10,Universal P&C Insurance Co.;Florida Family Insurance Co.;First Protective Insurance Co.;Cypress P&C Insurance Co.;Florida Peninsula Insurance Co;Tower Hill Insurance Exchange;Kin Interinsurance Network;Heritage P&C Insurance Co.;Florida Family Home Ins Co.;US Coastal P&C Insurance Co.;TypTap Insurance Co.;Homeowners Choice P&C Ins Co.;Edison Insurance Co.;Safe Harbor Insurance Co.;GeoVera Specialty Insurance Co;Universal North America Ins Co;Auto Club Insurance Co. of FL;American Platinum P&C Ins Co.;FL Farm Bureau General Ins Co.;Homesite Insurance Co.;State Farm FL Ins Co;AIG Property Casualty Co.;Foremost P&C Insurance Co.;ASI Preferred Insurance Corp.;ACE Ins Co. of the Midwest;Castle Key Indemnity Co.;First Liberty Insurance Corp.,Universal P&C Insurance Co.;Florida Family Insurance Co.;First Protective Insurance Co.;Cypress P&C Insurance Co.;Florida Peninsula Insurance Co;Tower Hill Insurance Exchange;Kin Interinsurance Network;Heritage P&C Insurance Co.;Florida Family Home Ins Co.;US Coastal P&C Insurance Co.;TypTap Insurance Co.;Homeowners Choice P&C Ins Co.;Edison Insurance Co.;Safe Harbor Insurance Co.;GeoVera Specialty Insurance Co;Universal North America Ins Co;American Platinum P&C Ins Co.,2025600387.982542,10,34.45361965929429,1642035697.479333,7869664.65960741,1,0.9811320754716981,5532251581.412094,319362300.0,4701072627.866561,539937478.65,359958319.1,539937478.65,359958319.1,11136939252.174911,14577939252.174911,3441000000.0,1395853723.0,1395853723.0,0.0,False,8913531049.973343,8913531049.973343,0.0,1.0,7265794433.537744,1647736616.4356,2125000000.0,0.0,13,9464500000.0,9464500000.0,19
great_miami,baseline,,1926255N15314,"{""1926255N15314"": 0.6101442692151599}",170354720952.15982,103940956722.70804,66413764229.45178,15491156366.563902,51980866241.357414,0.0,28469520399.424755,7999413715.361952,15491156366.563902,51980866241.357414,19510720263.28231,46903043966.16948,16.711905746022595,4.6957393787803525,9.093470541925418,30.513311254787613,11.452996520572768,27.53257655791125,28469520399.424755,7999413715.361952,19510720263.28231,25,16,9,Universal P&C Insurance Co.;Florida Family Insurance Co.;First Protective Insurance Co.;Cypress P&C Insurance Co.;Florida Peninsula Insurance Co;Tower Hill Insurance Exchange;Kin Interinsurance Network;Heritage P&C Insurance Co.;Florida Family Home Ins Co.;US Coastal P&C Insurance Co.;TypTap Insurance Co.;Homeowners Choice P&C Ins Co.;Edison Insurance Co.;Safe Harbor Insurance Co.;GeoVera Specialty Insurance Co;Auto Club Insurance Co. of FL;American Platinum P&C Ins Co.;FL Farm Bureau General Ins Co.;Homesite Insurance Co.;State Farm FL Ins Co;AIG Property Casualty Co.;ASI Preferred Insurance Corp.;ACE Ins Co. of the Midwest;Castle Key Indemnity Co.;First Liberty Insurance Corp.,Universal P&C Insurance Co.;Florida Family Insurance Co.;First Protective Insurance Co.;Cypress P&C Insurance Co.;Florida Peninsula Insurance Co;Tower Hill Insurance Exchange;Kin Interinsurance Network;Heritage P&C Insurance Co.;Florida Family Home Ins Co.;US Coastal P&C Insurance Co.;TypTap Insurance Co.;Homeowners Choice P&C Ins Co.;Edison Insurance Co.;Safe Harbor Insurance Co.;GeoVera Specialty Insurance Co;American Platinum P&C Ins Co.,2026485877.010024,9,34.139892835311265,1480364028.6969466,4591095.415436257,1,0.9811320754716981,4963831995.913748,322826880.0,3720288393.9999866,539937478.65,359958319.1,539937478.65,359958319.1,16069720263.28231,19510720263.28231,3441000000.0,1395853723.0,1395853723.0,0.0,False,10577337924.15595,10577337924.15595,0.0,1.0,7401159878.775452,3176178045.380499,2124999999.9999998,0.0,13,9464500000.0,9464500000.0,20
great_miami,baseline,,1926255N15314,"{""1926255N15314"": 0.8076210080696372}",170354720952.1598,137582051464.80505,32772669487.354744,49663030531.86486,48737796498.66965,0.0,31182068099.058094,7999156335.212466,49663030531.86486,48737796498.66965,9680482844.759449,23092186642.595287,18.30419956944713,4.695588293945106,29.152717491058894,28.609595452512604,5.682544511037055,13.555354681999212,31182068099.058094,7999156335.212466,9680482844.759449,27,17,10,Universal P&C Insurance Co.;Florida Family Insurance Co.;First Protective Insurance Co.;Cypress P&C Insurance Co.;Florida Peninsula Insurance Co;Tower Hill Insurance Exchange;Kin Interinsurance Network;Heritage P&C Insurance Co.;Florida Family Home Ins Co.;US Coastal P&C Insurance Co.;TypTap Insurance Co.;Homeowners Choice P&C Ins Co.;Edison Insurance Co.;Safe Harbor Insurance Co.;GeoVera Specialty Insurance Co;Universal North America Ins Co;Auto Club Insurance Co. of FL;American Platinum P&C Ins Co.;FL Farm Bureau General Ins Co.;Homesite Insurance Co.;State Farm FL Ins Co;AIG Property Casualty Co.;Foremost P&C Insurance Co.;ASI Preferred Insurance Corp.;ACE Ins Co. of the Midwest;Castle Key Indemnity Co.;First Liberty Insurance Corp.,Universal P&C Insurance Co.;Florida Family Insurance Co.;First Protective Insurance Co.;Cypress P&C Insurance Co.;Florida Peninsula Insurance Co;Tower Hill Insurance Exchange;Kin Interinsurance Network;Heritage P&C Insurance Co.;Florida Family Home Ins Co.;US Coastal P&C Insurance Co.;TypTap Insurance Co.;Homeowners Choice P&C Ins Co.;Edison Insurance Co.;Safe Harbor Insurance Co.;GeoVera Specialty Insurance Co;Universal North America Ins Co;American Platinum P&C Ins Co.,2212996778.4936604,10,34.45361965929429,1638501387.8119328,5537480.712975036,1,0.9811320754716981,5736443017.068937,319362300.0,4706081240.347057,539937478.65,359958319.1,539937478.65,359958319.1,6239482844.759449,9680482844.759449,3441000000.0,1395853723.0,1395853723.0,0.0,False,10622760876.21935,10622760876.21935,0.0,1.0,8452037231.150587,2170723645.0687637,2124999999.9999998,0.0,13,9464500000.0,9464500000.0,21
great_miami,baseline,,1926255N15314,"{""1926255N15314"": 0.7268493376389696}",170354720952.1598,123822216087.74887,46532504864.410934,16871958651.886978,45073923953.27291,0.0,49270753706.21998,12605579776.369013,16871958651.886978,45073923953.27291,13701233347.476912,32831271516.93402,28.92244689834956,7.3996069530171695,9.904015901399692,26.45886401113057,8.042767039796091,19.27229919630694,49270753706.21998,12605579776.369013,13701233347.476912,33,21,12,Universal P&C Insurance Co.;Florida Family Insurance Co.;First Protective Insurance Co.;Cypress P&C Insurance Co.;Florida Peninsula Insurance Co;Tower Hill Insurance Exchange;Kin Interinsurance Network;Unique Insurance Co.;Heritage P&C Insurance Co.;Florida Family Home Ins Co.;US Coastal P&C Insurance Co.;TypTap Insurance Co.;Homeowners Choice P&C Ins Co.;Vault E&S Insurance Co.;Edison Insurance Co.;Safe Harbor Insurance Co.;GeoVera Specialty Insurance Co;Florida Farm Bureau Cas Ins Co;Universal North America Ins Co;QBE Specialty Insurance Co.;Auto Club Insurance Co. of FL;American Platinum P&C Ins Co.;FL Farm Bureau General Ins Co.;Castle Key Insurance Co.;Homesite Insurance Co.;State Farm FL Ins Co;AIG Property Casualty Co.;Foremost P&C Insurance Co.;ASI Preferred Insurance Corp.;Nationwide P&C Insurance Co.;ACE Ins Co. of the Midwest;Castle Key Indemnity Co.;First Liberty Insurance Corp.,Universal P&C Insurance Co.;Florida Family Insurance Co.;First Protective Insurance Co.;Cypress P&C Insurance Co.;Florida Peninsula Insurance Co;Tower Hill Insurance Exchange;Kin Interinsurance Network;Unique Insurance Co.;Heritage P&C Insurance Co.;Florida Family Home Ins Co.;US Coastal P&C Insurance Co.;TypTap Insurance Co.;Homeowners Choice P&C Ins Co.;Vault E&S Insurance Co.;Edison Insurance Co.;Safe Harbor Insurance Co.;GeoVera Specialty Insurance Co;Florida Farm Bureau Cas Ins Co;Universal North America Ins Co;QBE Specialty Insurance Co.;American Platinum P&C Ins Co.,5380555446.293542,12,35.80938809441937,2498899072.8822675,38484618.493548535,1,0.9811320754716981,10564711114.415771,304390140.0,6695163636.406867,539937478.65,359958319.1,539937478.65,359958319.1,10260233347.476912,13701233347.476912,3441000000.0,1395853723.0,1395853723.0,0.0,True,23701833441.39855,17000000000.0,6701833441.398548,0.7172440917716997,12178548121.045301,4821451878.954702,2255942613.887974,0.0,14,9464500000.0,9464500000.0,22
great_miami,baseline,,1926255N15314,"{""1926255N15314"": 0.4595016996111897}",170354720952.1598,78278283814.30737,92076437137.8524,13369366708.682186,34475081718.68187,0.0,23850710607.389206,6583124779.554141,13369366708.682186,34475081718.68187,27009589411.78813,65066847726.06429,14.000616169649405,3.864362984928877,7.847957857555745,20.23723294898496,15.854911012048298,38.194919026832736,23850710607.389206,6583124779.554141,27009589411.78813,25,16,9,Universal P&C Insurance Co.;Florida Family Insurance Co.;First Protective Insurance Co.;Cypress P&C Insurance Co.;Florida Peninsula Insurance Co;Tower Hill Insurance Exchange;Kin Interinsurance Network;Heritage P&C Insurance Co.;Florida Family Home Ins Co.;US Coastal P&C Insurance Co.;TypTap Insurance Co.;Homeowners Choice P&C Ins Co.;Edison Insurance Co.;Safe Harbor Insurance Co.;GeoVera Specialty Insurance Co;Auto Club Insurance Co. of FL;American Platinum P&C Ins Co.;FL Farm Bureau General Ins Co.;Homesite Insurance Co.;State Farm FL Ins Co;AIG Property Casualty Co.;ASI Preferred Insurance Corp.;ACE Ins Co. of the Midwest;Castle Key Indemnity Co.;First Liberty Insurance Corp.,Universal P&C Insurance Co.;Florida Family Insurance Co.;First Protective Insurance Co.;Cypress P&C Insurance Co.;Florida Peninsula Insurance Co;Tower Hill Insurance Exchange;Kin Interinsurance Network;Heritage P&C Insurance Co.;Florida Family Home Ins Co.;US Coastal P&C Insurance Co.;TypTap Insurance Co.;Homeowners Choice P&C Ins Co.;Edison Insurance Co.;Safe Harbor Insurance Co.;GeoVera Specialty Insurance Co;American Platinum P&C Ins Co.,1494229100.6028311,9,34.139892835311265,1390565207.9413025,2846934.9814738855,1,0.9811320754716981,4437903089.03602,322826880.0,4423927914.789715,539937478.65,359958319.1,539937478.65,359958319.1,23568589411.78813,27009589411.78813,3441000000.0,1395853723.0,1395853723.0,0.0,False,5749366131.149502,5749366131.149502,0.0,1.0,4736011170.561832,1013354960.5876691,2106733587.2618384,0.0,13,9464500000.0,9464500000.0,23
great_miami,baseline,,1926255N15314,"{""1926255N15314"": 0.7645359527638673}",170354720952.15982,130242308890.98227,40112412061.17755,27164443671.39033,57162418526.92453,0.0,34224680639.17243,11690766053.494968,27164443671.39033,57162418526.92453,11825223158.493385,28287188902.684162,20.090244900687924,6.8626017454356605,15.945812079383956,33.55493655087919,6.94152947003695,16.60487525357631,34224680639.17243,11690766053.494968,11825223158.493385,26,17,9,Universal P&C Insurance Co.;Florida Family Insurance Co.;First Protective Insurance Co.;Cypress P&C Insurance Co.;Florida Peninsula Insurance Co;Tower Hill Insurance Exchange;Kin Interinsurance Network;Heritage P&C Insurance Co.;Florida Family Home Ins Co.;US Coastal P&C Insurance Co.;TypTap Insurance Co.;Homeowners Choice P&C Ins Co.;Edison Insurance Co.;Safe Harbor Insurance Co.;GeoVera Specialty Insurance Co;Universal North America Ins Co;Auto Club Insurance Co. of FL;American Platinum P&C Ins Co.;FL Farm Bureau General Ins Co.;Homesite Insurance Co.;State Farm FL Ins Co;AIG Property Casualty Co.;ASI Preferred Insurance Corp.;ACE Ins Co. of the Midwest;Castle Key Indemnity Co.;First Liberty Insurance Corp.,Universal P&C Insurance Co.;Florida Family Insurance Co.;First Protective Insurance Co.;Cypress P&C Insurance Co.;Florida Peninsula Insurance Co;Tower Hill Insurance Exchange;Kin Interinsurance Network;Heritage P&C Insurance Co.;Florida Family Home Ins Co.;US Coastal P&C Insurance Co.;TypTap Insurance Co.;Homeowners Choice P&C Ins Co.;Edison Insurance Co.;Safe Harbor Insurance Co.;GeoVera Specialty Insurance Co;Universal North America Ins Co;American Platinum P&C Ins Co.,2554163317.1916766,9,34.45361965929429,1691421918.6697204,8418410.69850903,1,0.9811320754716981,6039986662.581051,319362300.0,6004156546.594835,539937478.65,359958319.1,539937478.65,359958319.1,8384223158.493385,11825223158.493385,3441000000.0,1395853723.0,1395853723.0,0.0,False,15180244220.411045,15180244220.411045,0.0,1.0,10647379917.83449,4532864302.576554,2125000000.0,0.0,13,9464500000.0,9464500000.0,24
great_miami,baseline,,1926255N15314,"{""1926255N15314"": 0.7251954343631863}",170354720952.15982,123540465856.72098,46814255095.43885,29434143953.72051,36086283961.960365,0.0,44023623576.44075,13996414364.599344,29434143953.72051,36086283961.960365,13783563357.393688,33030691738.045162,25.84232672295813,8.216041379052779,17.27814984475036,21.183025489557384,8.091095615286461,19.38936094839489,44023623576.44075,13996414364.599344,13783563357.393688,30,19,11,Universal P&C Insurance Co.;Florida Family Insurance Co.;First Protective Insurance Co.;Cypress P&C Insurance Co.;Florida Peninsula Insurance Co;Tower Hill Insurance Exchange;Kin Interinsurance Network;Heritage P&C Insurance Co.;Florida Family Home Ins Co.;US Coastal P&C Insurance Co.;TypTap Insurance Co.;Homeowners Choice P&C Ins Co.;Vault E&S Insurance Co.;Edison Insurance Co.;Safe Harbor Insurance Co.;GeoVera Specialty Insurance Co;Florida Farm Bureau Cas Ins Co;Universal North America Ins Co;Auto Club Insurance Co. of FL;American Platinum P&C Ins Co.;FL Farm Bureau General Ins Co.;Castle Key Insurance Co.;Homesite Insurance Co.;State Farm FL Ins Co;AIG Property Casualty Co.;Foremost P&C Insurance Co.;ASI Preferred Insurance Corp.;ACE Ins Co. of the Midwest;Castle Key Indemnity Co.;First Liberty Insurance Corp.,Universal P&C Insurance Co.;Florida Family Insurance Co.;First Protective Insurance Co.;Cypress P&C Insurance Co.;Florida Peninsula Insurance Co;Tower Hill Insurance Exchange;Kin Interinsurance Network;Heritage P&C Insurance Co.;Florida Family Home Ins Co.;US Coastal P&C Insurance Co.;TypTap Insurance Co.;Homeowners Choice P&C Ins Co.;Vault E&S Insurance Co.;Edison Insurance Co.;Safe Harbor Insurance Co.;GeoVera Specialty Insurance Co;Florida Farm Bureau Cas Ins Co;Universal North America Ins Co;American Platinum P&C Ins Co.,4560596288.575108,11,35.41856476294073,2011983932.318472,20952391.69243428,1,0.9811320754716981,8355143839.012543,308706120.0,8127735273.243578,539937478.65,359958319.1,539937478.65,359958319.1,10342563357.393688,13783563357.393688,3441000000.0,1395853723.0,1395853723.0,0.0,True,21122539004.13,17000000000.0,4122539004.130001,0.8048274876744723,12277650678.781452,4722349321.218543,2125000000.0000002,0.0,13,9464500000.0,9464500000.0,25
great_miami,baseline,,1926255N15314,"{""1926255N15314"": 0.6546457265710128}",170354720952.15982,111521990072.52881,58832730879.631004,13657461010.397621,45030160383.3589,0.0,43157777109.68458,9676591569.087696,13657461010.397621,45030160383.3589,17295472564.6626,41537258314.96839,25.334065806021567,5.680260291586015,8.017072220870828,26.433174338622866,10.152622990424572,24.382804352474135,43157777109.68458,9676591569.087696,17295472564.6626,29,18,11,Universal P&C Insurance Co.;Florida Family Insurance Co.;First Protective Insurance Co.;Cypress P&C Insurance Co.;Florida Peninsula Insurance Co;Tower Hill Insurance Exchange;Kin Interinsurance Network;Heritage P&C Insurance Co.;Florida Family Home Ins Co.;US Coastal P&C Insurance Co.;TypTap Insurance Co.;Homeowners Choice P&C Ins Co.;Edison Insurance Co.;Safe Harbor Insurance Co.;GeoVera Specialty Insurance Co;Florida Farm Bureau Cas Ins Co;Universal North America Ins Co;Auto Club Insurance Co. of FL;American Platinum P&C Ins Co.;FL Farm Bureau General Ins Co.;Castle Key Insurance Co.;Homesite Insurance Co.;State Farm FL Ins Co;AIG Property Casualty Co.;Foremost P&C Insurance Co.;ASI Preferred Insurance Corp.;ACE Ins Co. of the Midwest;Castle Key Indemnity Co.;First Liberty Insurance Corp.,Universal P&C Insurance Co.;Florida Family Insurance Co.;First Protective Insurance Co.;Cypress P&C Insurance Co.;Florida Peninsula Insurance Co;Tower Hill Insurance Exchange;Kin Interinsurance Network;Heritage P&C Insurance Co.;Florida Family Home Ins Co.;US Coastal P&C Insurance Co.;TypTap Insurance Co.;Homeowners Choice P&C Ins Co.;Edison Insurance Co.;Safe Harbor Insurance Co.;GeoVera Specialty Insurance Co;Florida Farm Bureau Cas Ins Co;Universal North America Ins Co;American Platinum P&C Ins Co.,3707697711.8568325,11,35.166819401784345,1886661931.6067681,13567674.56949097,1,0.9811320754716981,7775370949.360167,311486220.0,5022092289.052587,539937478.65,359958319.1,539937478.65,359958319.1,13854472564.662601,17295472564.6626,3441000000.0,1395853723.0,1395853723.0,0.0,True,17777874496.20414,17000000000.0,777874496.2041397,0.9562447976348225,13431181071.013123,3568818928.9868774,2125000000.0000002,0.0,13,9464500000.0,9464500000.0,26
great_miami,baseline,,1926255N15314,"{""1926255N15314"": 0.7455501575053544}",170354720952.1598,127007989037.66344,43346731914.49635,16354373195.494184,56854073085.46783,0.0,41187771803.08775,12611770953.613722,16354373195.494184,56854073085.46783,12770321178.914822,30576410735.58153,24.177652120750086,7.403241238706528,9.60018783400017,33.37393455707869,7.496311876499785,17.948672372964772,41187771803.08775,12611770953.613722,12770321178.914822,30,19,11,Universal P&C Insurance Co.;Florida Family Insurance Co.;First Protective Insurance Co.;Cypress P&C Insurance Co.;Florida Peninsula Insurance Co;Tower Hill Insurance Exchange;Kin Interinsurance Network;Heritage P&C Insurance Co.;Florida Family Home Ins Co.;US Coastal P&C Insurance Co.;TypTap Insurance Co.;Homeowners Choice P&C Ins Co.;Vault E&S Insurance Co.;Edison Insurance Co.;Safe Harbor Insurance Co.;GeoVera Specialty Insurance Co;Florida Farm Bureau Cas Ins Co;Universal North America Ins Co;Auto Club Insurance Co. of FL;American Platinum P&C Ins Co.;FL Farm Bureau General Ins Co.;Castle Key Insurance Co.;Homesite Insurance Co.;State Farm FL Ins Co;AIG Property Casualty Co.;Foremost P&C Insurance Co.;ASI Preferred Insurance Corp.;ACE Ins Co. of the Midwest;Castle Key Indemnity Co.;First Liberty Insurance Corp.,Universal P&C Insurance Co.;Florida Family Insurance Co.;First Protective Insurance Co.;Cypress P&C Insurance Co.;Florida Peninsula Insurance Co;Tower Hill Insurance Exchange;Kin Interinsurance Network;Heritage P&C Insurance Co.;Florida Family Home Ins Co.;US Coastal P&C Insurance Co.;TypTap Insurance Co.;Homeowners Choice P&C Ins Co.;Vault E&S Insurance Co.;Edison Insurance Co.;Safe Harbor Insurance Co.;GeoVera Specialty Insurance Co;Florida Farm Bureau Cas Ins Co;Universal North America Ins Co;American Platinum P&C Ins Co.,3718785560.833973,11,35.41856476294073,1945982594.801166,15215247.360186413,1,0.9811320754716981,7772127957.006619,308706120.0,6818173011.364538,539937478.65,359958319.1,539937478.65,359958319.1,9329321178.914822,12770321178.914822,3441000000.0,1395853723.0,1395853723.0,0.0,True,21191714708.345905,17000000000.0,4191714708.3459053,0.8022003048816485,12341884602.137499,4658115397.8625,2125000000.0,0.0,13,9464500000.0,9464500000.0,27
great_miami,baseline,,1926255N15314,"{""1926255N15314"": 0.6290400270622404}",170354720952.15982,107159938277.92703,63194782674.23278,16533650599.13234,46388670955.875725,0.0,34522623853.76208,9714992869.156885,16533650599.13234,46388670955.875725,18570104234.69476,44624678439.53802,20.26514067870004,5.702802255703331,9.705425541905253,27.230634229915417,10.900845090116254,26.195152203659696,34522623853.76208,9714992869.156885,18570104234.69476,26,17,9,Universal P&C Insurance Co.;Florida Family Insurance Co.;First Protective Insurance Co.;Cypress P&C Insurance Co.;Florida Peninsula Insurance Co;Tower Hill Insurance Exchange;Kin Interinsurance Network;Heritage P&C Insurance Co.;Florida Family Home Ins Co.;US Coastal P&C Insurance Co.;TypTap Insurance Co.;Homeowners Choice P&C Ins Co.;Edison Insurance Co.;Safe Harbor Insurance Co.;GeoVera Specialty Insurance Co;Universal North America Ins Co;Auto Club Insurance Co. of FL;American Platinum P&C Ins Co.;FL Farm Bureau General Ins Co.;Homesite Insurance Co.;State Farm FL Ins Co;AIG Property Casualty Co.;ASI Preferred Insurance Corp.;ACE Ins Co. of the Midwest;Castle Key Indemnity Co.;First Liberty Insurance Corp.,Universal P&C Insurance Co.;Florida Family Insurance Co.;First Protective Insurance Co.;Cypress P&C Insurance Co.;Florida Peninsula Insurance Co;Tower Hill Insurance Exchange;Kin Interinsurance Network;Heritage P&C Insurance Co.;Florida Family Home Ins Co.;US Coastal P&C Insurance Co.;TypTap Insurance Co.;Homeowners Choice P&C Ins Co.;Edison Insurance Co.;Safe Harbor Insurance Co.;GeoVera Specialty Insurance Co;Universal North America Ins Co;American Platinum P&C Ins Co.,2490482589.6004395,9,34.45361965929429,1503097663.184995,4343631.82333469,1,0.9811320754716981,5349291453.992099,319362300.0,4525284323.554307,539937478.65,359958319.1,539937478.65,359958319.1,15129104234.69476,18570104234.69476,3441000000.0,1395853723.0,1395853723.0,0.0,False,16134394609.142908,16134394609.142908,0.0,1.0,12063491190.481607,4070903418.6613,2125000000.0,0.0,13,9464500000.0,9464500000.0,28
great_miami,baseline,,1926255N15314,"{""1926255N15314"": 0.8647391212241019}",170354720952.15982,147312391692.54782,23042329259.612007,32946146721.794636,72823727859.44194,0.0,32857978114.678215,8684538996.633001,32946146721.794636,72823727859.44194,6837187900.435875,16205141359.176134,19.28797624804634,5.0979150727920555,19.339732141058068,42.74828866051373,4.013500689749561,9.512587187840232,32857978114.678215,8684538996.633001,6837187900.435875,26,17,9,Universal P&C Insurance Co.;Florida Family Insurance Co.;First Protective Insurance Co.;Cypress P&C Insurance Co.;Florida Peninsula Insurance Co;Tower Hill Insurance Exchange;Kin Interinsurance Network;Heritage P&C Insurance Co.;Florida Family Home Ins Co.;US Coastal P&C Insurance Co.;TypTap Insurance Co.;Homeowners Choice P&C Ins Co.;Edison Insurance Co.;Safe Harbor Insurance Co.;GeoVera Specialty Insurance Co;Universal North America Ins Co;Auto Club Insurance Co. of FL;American Platinum P&C Ins Co.;FL Farm Bureau General Ins Co.;Homesite Insurance Co.;State Farm FL Ins Co;AIG Property Casualty Co.;ASI Preferred Insurance Corp.;ACE Ins Co. of the Midwest;Castle Key Indemnity Co.;First Liberty Insurance Corp.,Universal P&C Insurance Co.;Florida Family Insurance Co.;First Protective Insurance Co.;Cypress P&C Insurance Co.;Florida Peninsula Insurance Co;Tower Hill Insurance Exchange;Kin Interinsurance Network;Heritage P&C Insurance Co.;Florida Family Home Ins Co.;US Coastal P&C Insurance Co.;TypTap Insurance Co.;Homeowners Choice P&C Ins Co.;Edison Insurance Co.;Safe Harbor Insurance Co.;GeoVera Specialty Insurance Co;Universal North America Ins Co;American Platinum P&C Ins Co.,2240605696.939377,9,34.45361965929429,1563223395.6146815,5118577.179375105,1,0.9811320754716981,5526112722.433472,319362300.0,4204396595.5458465,539937478.65,359958319.1,539937478.65,359958319.1,3396187900.435875,6837187900.435875,3441000000.0,1395853723.0,1395853723.0,0.0,False,13194286953.970135,13194286953.970135,0.0,1.0,9818150400.206175,3376136553.76396,2125000000.0000002,0.0,13,9464500000.0,9464500000.0,29
great_miami,baseline,,1926255N15314,"{""1926255N15314"": 0.6150285617578781}",170354720952.15982,104773019015.87154,65581701936.28828,17489269620.723183,42268364034.36313,0.0,35950515220.56086,9064870140.224365,17489269620.723183,42268364034.36313,19267584005.336388,46314117930.9519,21.103327820692876,5.321173425402178,10.266383885912173,24.811971043780595,11.310272998390953,27.186870825821224,35950515220.56086,9064870140.224365,19267584005.336388,28,18,10,Universal P&C Insurance Co.;Florida Family Insurance Co.;First Protective Insurance Co.;Cypress P&C Insurance Co.;Florida Peninsula Insurance Co;Tower Hill Insurance Exchange;Kin Interinsurance Network;Heritage P&C Insurance Co.;Florida Family Home Ins Co.;US Coastal P&C Insurance Co.;TypTap Insurance Co.;Homeowners Choice P&C Ins Co.;Edison Insurance Co.;Safe Harbor Insurance Co.;GeoVera Specialty Insurance Co;Florida Farm Bureau Cas Ins Co;Universal North America Ins Co;Auto Club Insurance Co. of FL;American Platinum P&C Ins Co.;FL Farm Bureau General Ins Co.;Homesite Insurance Co.;State Farm FL Ins Co;AIG Property Casualty Co.;Foremost P&C Insurance Co.;ASI Preferred Insurance Corp.;ACE Ins Co. of the Midwest;Castle Key Indemnity Co.;First Liberty Insurance Corp.,Universal P&C Insurance Co.;Florida Family Insurance Co.;First Protective Insurance Co.;Cypress P&C Insurance Co.;Florida Peninsula Insurance Co;Tower Hill Insurance Exchange;Kin Interinsurance Network;Heritage P&C Insurance Co.;Florida Family Home Ins Co.;US Coastal P&C Insurance Co.;TypTap Insurance Co.;Homeowners Choice P&C Ins Co.;Edison Insurance Co.;Safe Harbor Insurance Co.;GeoVera Specialty Insurance Co;Florida Farm Bureau Cas Ins Co;Universal North America Ins Co;American Platinum P&C Ins Co.,3155601709.5307636,10,35.166819401784345,1559880672.2893755,8716856.907811008,1,0.9811320754716981,5993063765.241666,311486220.0,4845183999.984224,539937478.65,359958319.1,539937478.65,359958319.1,15826584005.336388,19267584005.336388,3441000000.0,1395853723.0,1395853723.0,0.0,False,14687234263.339811,14687234263.339811,0.0,1.0,11581620835.069033,3105613428.270779,2125000000.0,0.0,13,9464500000.0,9464500000.0,30
great_miami,baseline,,1926255N15314,"{""1926255N15314"": 0.5052218375600992}",170354720952.1598,86066925156.48811,84287795795.67166,17133648482.032724,33372604852.536743,0.0,28798998651.691383,6761673170.227271,17133648482.032724,33372604852.536743,24733676747.580154,59554119048.091545,16.90531292043202,3.9691727546113214,10.057630564194529,19.590067516772063,14.5189265136515,34.95888973033859,28798998651.691383,6761673170.227271,24733676747.580154,26,17,9,Universal P&C Insurance Co.;Florida Family Insurance Co.;First Protective Insurance Co.;Cypress P&C Insurance Co.;Florida Peninsula Insurance Co;Tower Hill Insurance Exchange;Kin Interinsurance Network;Heritage P&C Insurance Co.;Florida Family Home Ins Co.;US Coastal P&C Insurance Co.;TypTap Insurance Co.;Homeowners Choice P&C Ins Co.;Edison Insurance Co.;Safe Harbor Insurance Co.;GeoVera Specialty Insurance Co;Universal North America Ins Co;Auto Club Insurance Co. of FL;American Platinum P&C Ins Co.;FL Farm Bureau General Ins Co.;Homesite Insurance Co.;State Farm FL Ins Co;AIG Property Casualty Co.;ASI Preferred Insurance Corp.;ACE Ins Co. of the Midwest;Castle Key Indemnity Co.;First Liberty Insurance Corp.,Universal P&C Insurance Co.;Florida Family Insurance Co.;First Protective Insurance Co.;Cypress P&C Insurance Co.;Florida Peninsula Insurance Co;Tower Hill Insurance Exchange;Kin Interinsurance Network;Heritage P&C Insurance Co.;Florida Family Home Ins Co.;US Coastal P&C Insurance Co.;TypTap Insurance Co.;Homeowners Choice P&C Ins Co.;Edison Insurance Co.;Safe Harbor Insurance Co.;GeoVera Specialty Insurance Co;Universal North America Ins Co;American Platinum P&C Ins Co.,1910826799.299409,9,34.45361965929429,1343482896.6249318,1227712.7926878594,1,0.9811320754716981,4463668000.820205,319362300.0,3693160100.2555685,539937478.65,359958319.1,539937478.65,359958319.1,21292676747.580154,24733676747.580154,3441000000.0,1395853723.0,1395853723.0,0.0,False,10644548566.7987,10644548566.7987,0.0,1.0,8686054900.302504,1958493666.4961972,2113731427.066553,0.0,13,9464500000.0,9464500000.0,31
great_miami,baseline,,1926255N15314,"{""1926255N15314"": 0.9419423033418065}",170354720952.15988,160464318238.8282,9890402713.331684,32841303954.69995,63369425357.43208,0.0,49075668645.91104,15177920280.785048,32841303954.69995,63369425357.43208,2994073951.4975467,6896328761.834136,28.807929930919133,8.909597688840927,19.27818834203172,37.19851437238883,1.7575526728950248,4.048216992924316,49075668645.91104,15177920280.785048,2994073951.4975467,31,19,12,Universal P&C Insurance Co.;Florida Family Insurance Co.;First Protective Insurance Co.;Cypress P&C Insurance Co.;Florida Peninsula Insurance Co;Tower Hill Insurance Exchange;Kin Interinsurance Network;Heritage P&C Insurance Co.;Florida Family Home Ins Co.;US Coastal P&C Insurance Co.;TypTap Insurance Co.;Homeowners Choice P&C Ins Co.;Vault E&S Insurance Co.;Edison Insurance Co.;Safe Harbor Insurance Co.;GeoVera Specialty Insurance Co;Florida Farm Bureau Cas Ins Co;Universal North America Ins Co;Auto Club Insurance Co. of FL;American Platinum P&C Ins Co.;FL Farm Bureau General Ins Co.;Castle Key Insurance Co.;Homesite Insurance Co.;State Farm FL Ins Co;AIG Property Casualty Co.;Foremost P&C Insurance Co.;ASI Preferred Insurance Corp.;Nationwide P&C Insurance Co.;ACE Ins Co. of the Midwest;Castle Key Indemnity Co.;First Liberty Insurance Corp.,Universal P&C Insurance Co.;Florida Family Insurance Co.;First Protective Insurance Co.;Cypress P&C Insurance Co.;Florida Peninsula Insurance Co;Tower Hill Insurance Exchange;Kin Interinsurance Network;Heritage P&C Insurance Co.;Florida Family Home Ins Co.;US Coastal P&C Insurance Co.;TypTap Insurance Co.;Homeowners Choice P&C Ins Co.;Vault E&S Insurance Co.;Edison Insurance Co.;Safe Harbor Insurance Co.;GeoVera Specialty Insurance Co;Florida Farm Bureau Cas Ins Co;Universal North America Ins Co;American Platinum P&C Ins Co.,5225436512.180463,12,35.41856476294073,3218054281.8995876,31798057.525701016,1,0.9811320754716981,11363364796.53297,308706120.0,8095235158.499182,539937478.65,359958319.1,539937478.65,359958319.1,0.0,2994073951.4975467,2994073951.4975467,1395853723.0,1395853723.0,0.0,True,20034483281.115326,17000000000.0,3034483281.115326,0.8485369830338646,11029600850.714174,5970399149.285828,2186861114.757161,0.0,14,9464500000.0,9464500000.0,32
great_miami,baseline,,1926255N15314,"{""1926255N15314"": 0.7279138785251776}",170354720952.1598,124003565653.36101,46351155298.7988,19343864996.914795,52120020651.1953,0.0,43302052817.85996,9237627187.39097,19343864996.914795,52120020651.1953,13648241335.790606,32702913963.008198,25.418757153211125,5.422583615974544,11.355050736954379,30.59499634637775,8.011660175606991,19.196951971875237,43302052817.85996,9237627187.39097,13648241335.790606,30,19,11,Universal P&C Insurance Co.;Florida Family Insurance Co.;First Protective Insurance Co.;Cypress P&C Insurance Co.;Florida Peninsula Insurance Co;Tower Hill Insurance Exchange;Kin Interinsurance Network;Heritage P&C Insurance Co.;Florida Family Home Ins Co.;US Coastal P&C Insurance Co.;TypTap Insurance Co.;Homeowners Choice P&C Ins Co.;Vault E&S Insurance Co.;Edison Insurance Co.;Safe Harbor Insurance Co.;GeoVera Specialty Insurance Co;Florida Farm Bureau Cas Ins Co;Universal North America Ins Co;Auto Club Insurance Co. of FL;American Platinum P&C Ins Co.;FL Farm Bureau General Ins Co.;Castle Key Insurance Co.;Homesite Insurance Co.;State Farm FL Ins Co;AIG Property Casualty Co.;Foremost P&C Insurance Co.;ASI Preferred Insurance Corp.;ACE Ins Co. of the Midwest;Castle Key Indemnity Co.;First Liberty Insurance Corp.,Universal P&C Insurance Co.;Florida Family Insurance Co.;First Protective Insurance Co.;Cypress P&C Insurance Co.;Florida Peninsula Insurance Co;Tower Hill Insurance Exchange;Kin Interinsurance Network;Heritage P&C Insurance Co.;Florida Family Home Ins Co.;US Coastal P&C Insurance Co.;TypTap Insurance Co.;Homeowners Choice P&C Ins Co.;Vault E&S Insurance Co.;Edison Insurance Co.;Safe Harbor Insurance Co.;GeoVera Specialty Insurance Co;Florida Farm Bureau Cas Ins Co;Universal North America Ins Co;American Platinum P&C Ins Co.,3982684034.8283753,11,35.41856476294073,1783521721.6219683,16828699.176461436,1,0.9811320754716981,7087215953.00552,308706120.0,5130982567.881383,539937478.65,359958319.1,539937478.65,359958319.1,10207241335.790606,13648241335.790606,3441000000.0,1395853723.0,1395853723.0,0.0,True,19982319035.243847,17000000000.0,2982319035.243847,0.850752105900032,13984070292.308706,3015929707.6912904,2125000000.0,0.0,13,9464500000.0,9464500000.0,33
great_miami,baseline,,1926255N15314,"{""1926255N15314"": 0.8440929372265957}",170354720952.15976,143795216778.92563,26559504173.234135,22657787607.996407,67650256783.22174,0.0,41756966530.75132,11730205856.956213,22657787607.996407,67650256783.22174,7864938772.054001,18694565401.18013,24.511775369276563,6.885753321887905,13.300357912804383,39.71140711869076,4.616801182905104,10.973905094435318,41756966530.75132,11730205856.956213,7864938772.054001,29,19,10,Universal P&C Insurance Co.;Florida Family Insurance Co.;First Protective Insurance Co.;Cypress P&C Insurance Co.;Florida Peninsula Insurance Co;Tower Hill Insurance Exchange;Kin Interinsurance Network;Heritage P&C Insurance Co.;Florida Family Home Ins Co.;US Coastal P&C Insurance Co.;TypTap Insurance Co.;Homeowners Choice P&C Ins Co.;Vault E&S Insurance Co.;Edison Insurance Co.;Safe Harbor Insurance Co.;GeoVera Specialty Insurance Co;Florida Farm Bureau Cas Ins Co;Universal North America Ins Co;Auto Club Insurance Co. of FL;American Platinum P&C Ins Co.;FL Farm Bureau General Ins Co.;Homesite Insurance Co.;State Farm FL Ins Co;AIG Property Casualty Co.;Foremost P&C Insurance Co.;ASI Preferred Insurance Corp.;ACE Ins Co. of the Midwest;Castle Key Indemnity Co.;First Liberty Insurance Corp.,Universal P&C Insurance Co.;Florida Family Insurance Co.;First Protective Insurance Co.;Cypress P&C Insurance Co.;Florida Peninsula Insurance Co;Tower Hill Insurance Exchange;Kin Interinsurance Network;Heritage P&C Insurance Co.;Florida Family Home Ins Co.;US Coastal P&C Insurance Co.;TypTap Insurance Co.;Homeowners Choice P&C Ins Co.;Vault E&S Insurance Co.;Edison Insurance Co.;Safe Harbor Insurance Co.;GeoVera Specialty Insurance Co;Florida Farm Bureau Cas Ins Co;Universal North America Ins Co;American Platinum P&C Ins Co.,3821518732.0862494,10,35.41856476294073,1854119940.072466,12837721.850648046,1,0.9811320754716981,7949393422.599379,308706120.0,6157066514.003278,539937478.65,359958319.1,539937478.65,359958319.1,4423938772.054001,7864938772.054001,3441000000.0,1395853723.0,1395853723.0,0.0,True,20007667890.61137,17000000000.0,3007667890.61137,0.849674239543794,12544064459.95519,4455935540.044807,2125000000.0,0.0,13,9464500000.0,9464500000.0,34
great_miami,baseline,,1926255N15314,"{""1926255N15314"": 0.6352094065143153}",170354720952.15982,108210921192.93326,62143799759.22657,28900365016.63996,39759690593.07795,0.0,28537026117.611534,11013839465.603802,28900365016.63996,39759690593.07795,18262997356.73713,43880802402.48943,16.751532307475937,6.465238770046638,16.96481603509888,23.33935353881008,10.72057014602247,25.758489202545988,28537026117.611534,11013839465.603802,18262997356.73713,26,16,10,Universal P&C Insurance Co.;Florida Family Insurance Co.;First Protective Insurance Co.;Cypress P&C Insurance Co.;Florida Peninsula Insurance Co;Tower Hill Insurance Exchange;Kin Interinsurance Network;Heritage P&C Insurance Co.;Florida Family Home Ins Co.;US Coastal P&C Insurance Co.;TypTap Insurance Co.;Homeowners Choice P&C Ins Co.;Edison Insurance Co.;Safe Harbor Insurance Co.;GeoVera Specialty Insurance Co;Auto Club Insurance Co. of FL;American Platinum P&C Ins Co.;FL Farm Bureau General Ins Co.;Homesite Insurance Co.;State Farm FL Ins Co;AIG Property Casualty Co.;Foremost P&C Insurance Co.;ASI Preferred Insurance Corp.;ACE Ins Co. of the Midwest;Castle Key Indemnity Co.;First Liberty Insurance Corp.,Universal P&C Insurance Co.;Florida Family Insurance Co.;First Protective Insurance Co.;Cypress P&C Insurance Co.;Florida Peninsula Insurance Co;Tower Hill Insurance Exchange;Kin Interinsurance Network;Heritage P&C Insurance Co.;Florida Family Home Ins Co.;US Coastal P&C Insurance Co.;TypTap Insurance Co.;Homeowners Choice P&C Ins Co.;Edison Insurance Co.;Safe Harbor Insurance Co.;GeoVera Specialty Insurance Co;American Platinum P&C Ins Co.,1839327687.095086,10,34.139892835311265,1369901267.2092667,5298438.96709032,1,0.9811320754716981,4765110177.538194,322826880.0,5009686677.063301,539937478.65,359958319.1,539937478.65,359958319.1,14821997356.73713,18262997356.73713,3441000000.0,1395853723.0,1395853723.0,0.0,False,13070036670.578232,13070036670.578232,0.0,1.0,8219471472.194736,4850565198.383496,2125000000.0000002,0.0,13,9464500000.0,9464500000.0,35
great_miami,baseline,,1926255N15314,"{""1926255N15314"": 0.8914219742839772}",170354720952.15982,151857941679.77032,18496779272.389496,39310500179.27978,63776104048.645775,0.0,37446995072.19136,11324342379.653406,39310500179.27978,63776104048.645775,5508936370.13578,12987842902.253714,21.98177711946561,6.647507222786967,23.075674075577407,37.43723901056773,3.2338031721955254,7.6239993994067525,37446995072.19136,11324342379.653406,5508936370.13578,27,17,10,Universal P&C Insurance Co.;Florida Family Insurance Co.;First Protective Insurance Co.;Cypress P&C Insurance Co.;Florida Peninsula Insurance Co;Tower Hill Insurance Exchange;Kin Interinsurance Network;Heritage P&C Insurance Co.;Florida Family Home Ins Co.;US Coastal P&C Insurance Co.;TypTap Insurance Co.;Homeowners Choice P&C Ins Co.;Edison Insurance Co.;Safe Harbor Insurance Co.;GeoVera Specialty Insurance Co;Universal North America Ins Co;Auto Club Insurance Co. of FL;American Platinum P&C Ins Co.;FL Farm Bureau General Ins Co.;Homesite Insurance Co.;State Farm FL Ins Co;AIG Property Casualty Co.;Foremost P&C Insurance Co.;ASI Preferred Insurance Corp.;ACE Ins Co. of the Midwest;Castle Key Indemnity Co.;First Liberty Insurance Corp.,Universal P&C Insurance Co.;Florida Family Insurance Co.;First Protective Insurance Co.;Cypress P&C Insurance Co.;Florida Peninsula Insurance Co;Tower Hill Insurance Exchange;Kin Interinsurance Network;Heritage P&C Insurance Co.;Florida Family Home Ins Co.;US Coastal P&C Insurance Co.;TypTap Insurance Co.;Homeowners Choice P&C Ins Co.;Edison Insurance Co.;Safe Harbor Insurance Co.;GeoVera Specialty Insurance Co;Universal North America Ins Co;American Platinum P&C Ins Co.,3158920965.1902533,10,34.45361965929429,1601558344.1615155,8587167.650911905,1,0.9811320754716981,6102653753.688812,319362300.0,5261811436.414482,539937478.65,359958319.1,539937478.65,359958319.1,2067936370.1357803,5508936370.13578,3441000000.0,1395853723.0,1395853723.0,0.0,True,19537197282.804104,17000000000.0,2537197282.804104,0.870135043114027,12056268639.12544,4943731360.874557,2124999999.9999998,0.0,13,9464500000.0,9464500000.0,36
great_miami,baseline,,1926255N15314,"{""1926255N15314"": 0.7634955606835488}",170354720952.15982,130065073188.45877,40289647763.70104,28952838755.00481,55521628694.70551,0.0,35916801707.460495,9673804031.287945,28952838755.00481,55521628694.70551,11877013061.533146,28412634702.167896,21.08353763647495,5.678623977790793,16.995618667436606,32.59177578665253,6.971930683898411,16.6785132477467,35916801707.460495,9673804031.287945,11877013061.533146,29,19,10,Universal P&C Insurance Co.;Florida Family Insurance Co.;First Protective Insurance Co.;Cypress P&C Insurance Co.;Florida Peninsula Insurance Co;Tower Hill Insurance Exchange;Kin Interinsurance Network;Heritage P&C Insurance Co.;Florida Family Home Ins Co.;US Coastal P&C Insurance Co.;TypTap Insurance Co.;Homeowners Choice P&C Ins Co.;Vault E&S Insurance Co.;Edison Insurance Co.;Safe Harbor Insurance Co.;GeoVera Specialty Insurance Co;Florida Farm Bureau Cas Ins Co;Universal North America Ins Co;Auto Club Insurance Co. of FL;American Platinum P&C Ins Co.;FL Farm Bureau General Ins Co.;Homesite Insurance Co.;State Farm FL Ins Co;AIG Property Casualty Co.;Foremost P&C Insurance Co.;ASI Preferred Insurance Corp.;ACE Ins Co. of the Midwest;Castle Key Indemnity Co.;First Liberty Insurance Corp.,Universal P&C Insurance Co.;Florida Family Insurance Co.;First Protective Insurance Co.;Cypress P&C Insurance Co.;Florida Peninsula Insurance Co;Tower Hill Insurance Exchange;Kin Interinsurance Network;Heritage P&C Insurance Co.;Florida Family Home Ins Co.;US Coastal P&C Insurance Co.;TypTap Insurance Co.;Homeowners Choice P&C Ins Co.;Vault E&S Insurance Co.;Edison Insurance Co.;Safe Harbor Insurance Co.;GeoVera Specialty Insurance Co;Florida Farm Bureau Cas Ins Co;Universal North America Ins Co;American Platinum P&C Ins Co.,2402837127.0495577,10,35.41856476294073,1756763276.6658425,10289242.515087128,1,0.9811320754716981,6406775209.798347,308706120.0,4726887082.4317875,539937478.65,359958319.1,539937478.65,359958319.1,8436013061.533146,11877013061.533146,3441000000.0,1395853723.0,1395853723.0,0.0,False,14936687491.747171,14936687491.747171,0.0,1.0,11097121701.874136,3839565789.873035,2125000000.0,0.0,13,9464500000.0,9464500000.0,37
great_miami,baseline,,1926255N15314,"{""1926255N15314"": 0.7948603885320137}",170354720952.15982,135408219684.29654,34946501267.86327,19433246108.234974,35135677311.33198,0.0,61944115891.64193,18895180373.087643,19433246108.234974,35135677311.33198,10315696492.655054,24630804775.208218,36.36184283324763,11.091668177716024,11.40751838259437,20.62500945964334,6.0554215550926695,14.458539591705948,61944115891.64193,18895180373.087643,10315696492.655054,35,22,13,Universal P&C Insurance Co.;Florida Family Insurance Co.;First Protective Insurance Co.;Cypress P&C Insurance Co.;Florida Peninsula Insurance Co;Tower Hill Insurance Exchange;Kin Interinsurance Network;Unique Insurance Co.;Heritage P&C Insurance Co.;Florida Family Home Ins Co.;US Coastal P&C Insurance Co.;TypTap Insurance Co.;Homeowners Choice P&C Ins Co.;Vault E&S Insurance Co.;Edison Insurance Co.;Safe Harbor Insurance Co.;Spinnaker Specialty Ins Co.;GeoVera Specialty Insurance Co;Florida Farm Bureau Cas Ins Co;Universal North America Ins Co;QBE Specialty Insurance Co.;Auto Club Insurance Co. of FL;American Platinum P&C Ins Co.;FL Farm Bureau General Ins Co.;Castle Key Insurance Co.;Homesite Insurance Co.;PURE Specialty Exchange;State Farm FL Ins Co;AIG Property Casualty Co.;Foremost P&C Insurance Co.;ASI Preferred Insurance Corp.;Nationwide P&C Insurance Co.;ACE Ins Co. of the Midwest;Castle Key Indemnity Co.;First Liberty Insurance Corp.,Universal P&C Insurance Co.;Florida Family Insurance Co.;First Protective Insurance Co.;Cypress P&C Insurance Co.;Florida Peninsula Insurance Co;Tower Hill Insurance Exchange;Kin Interinsurance Network;Unique Insurance Co.;Heritage P&C Insurance Co.;Florida Family Home Ins Co.;US Coastal P&C Insurance Co.;TypTap Insurance Co.;Homeowners Choice P&C Ins Co.;Vault E&S Insurance Co.;Edison Insurance Co.;Safe Harbor Insurance Co.;Spinnaker Specialty Ins Co.;GeoVera Specialty Insurance Co;Florida Farm Bureau Cas Ins Co;Universal North America Ins Co;QBE Specialty Insurance Co.;American Platinum P&C Ins Co.,7988962158.227186,13,35.89838321723671,3922792119.802644,59420970.58148272,1,0.9811320754716981,15793790510.289646,303407340.0,12875724078.884243,539937478.65,359958319.1,539937478.65,359958319.1,6874696492.655054,10315696492.655054,3441000000.0,1395853723.0,1395853723.0,0.0,True,25141358257.675797,17000000000.0,8141358257.6757965,0.6761766737407596,12119731839.227682,4880268160.772317,2384611713.730042,0.0,14,9464500000.0,9464500000.0,38
great_miami,baseline,,1926255N15314,"{""1926255N15314"": 0.7198560263541061}",170354720952.1598,122630872495.28435,47723848456.87544,17977176890.206234,59730692766.681015,0.0,33753005116.044636,11169997722.352474,17977176890.206234,59730692766.681015,14049354906.859674,33674493550.015778,19.81336644349492,6.55690529732329,10.552790547703525,35.062540346888895,8.2471180301514,19.767279334437983,33753005116.044636,11169997722.352474,14049354906.859674,27,18,9,Universal P&C Insurance Co.;Florida Family Insurance Co.;First Protective Insurance Co.;Cypress P&C Insurance Co.;Florida Peninsula Insurance Co;Tower Hill Insurance Exchange;Kin Interinsurance Network;Heritage P&C Insurance Co.;Florida Family Home Ins Co.;US Coastal P&C Insurance Co.;TypTap Insurance Co.;Homeowners Choice P&C Ins Co.;Edison Insurance Co.;Safe Harbor Insurance Co.;GeoVera Specialty Insurance Co;Florida Farm Bureau Cas Ins Co;Universal North America Ins Co;Auto Club Insurance Co. of FL;American Platinum P&C Ins Co.;FL Farm Bureau General Ins Co.;Homesite Insurance Co.;State Farm FL Ins Co;AIG Property Casualty Co.;ASI Preferred Insurance Corp.;ACE Ins Co. of the Midwest;Castle Key Indemnity Co.;First Liberty Insurance Corp.,Universal P&C Insurance Co.;Florida Family Insurance Co.;First Protective Insurance Co.;Cypress P&C Insurance Co.;Florida Peninsula Insurance Co;Tower Hill Insurance Exchange;Kin Interinsurance Network;Heritage P&C Insurance Co.;Florida Family Home Ins Co.;US Coastal P&C Insurance Co.;TypTap Insurance Co.;Homeowners Choice P&C Ins Co.;Edison Insurance Co.;Safe Harbor Insurance Co.;GeoVera Specialty Insurance Co;Florida Farm Bureau Cas Ins Co;Universal North America Ins Co;American Platinum P&C Ins Co.,2792951827.7289305,9,35.166819401784345,1750988499.8001022,14832954.426532544,1,0.9811320754716981,5560054103.448598,311486220.0,5507628091.851355,539937478.65,359958319.1,539937478.65,359958319.1,10608354906.859674,14049354906.859674,3441000000.0,1395853723.0,1395853723.0,0.0,False,14722027478.524738,14722027478.524738,0.0,1.0,10199470067.443666,4522557411.081073,2125000000.0,0.0,13,9464500000.0,9464500000.0,39
great_miami,baseline,,1926255N15314,"{""1926255N15314"": 0.7080622332302335}",170354720952.15982,120621744158.69955,49732976793.46026,21836231178.658184,49880510132.45572,0.0,40958806245.425064,7946196602.160573,21836231178.658184,49880510132.45572,14636440692.988865,35096536100.4714,24.04324694760141,4.664500377651453,12.818095710297564,29.28038028747293,8.59174351681112,20.602033160165515,40958806245.425064,7946196602.160573,14636440692.988865,29,19,10,Universal P&C Insurance Co.;Florida Family Insurance Co.;First Protective Insurance Co.;Cypress P&C Insurance Co.;Florida Peninsula Insurance Co;Tower Hill Insurance Exchange;Kin Interinsurance Network;Heritage P&C Insurance Co.;Florida Family Home Ins Co.;US Coastal P&C Insurance Co.;TypTap Insurance Co.;Homeowners Choice P&C Ins Co.;Vault E&S Insurance Co.;Edison Insurance Co.;Safe Harbor Insurance Co.;GeoVera Specialty Insurance Co;Florida Farm Bureau Cas Ins Co;Universal North America Ins Co;Auto Club Insurance Co. of FL;American Platinum P&C Ins Co.;FL Farm Bureau General Ins Co.;Homesite Insurance Co.;State Farm FL Ins Co;AIG Property Casualty Co.;Foremost P&C Insurance Co.;ASI Preferred Insurance Corp.;ACE Ins Co. of the Midwest;Castle Key Indemnity Co.;First Liberty Insurance Corp.,Universal P&C Insurance Co.;Florida Family Insurance Co.;First Protective Insurance Co.;Cypress P&C Insurance Co.;Florida Peninsula Insurance Co;Tower Hill Insurance Exchange;Kin Interinsurance Network;Heritage P&C Insurance Co.;Florida Family Home Ins Co.;US Coastal P&C Insurance Co.;TypTap Insurance Co.;Homeowners Choice P&C Ins Co.;Vault E&S Insurance Co.;Edison Insurance Co.;Safe Harbor Insurance Co.;GeoVera Specialty Insurance Co;Florida Farm Bureau Cas Ins Co;Universal North America Ins Co;American Platinum P&C Ins Co.,3495276959.0063615,10,35.41856476294073,1751740476.724215,9229894.322073467,1,0.9811320754716981,6765688744.094341,308706120.0,4612744327.623479,539937478.65,359958319.1,539937478.65,359958319.1,11195440692.988865,14636440692.988865,3441000000.0,1395853723.0,1395853723.0,0.0,False,16514903542.443949,16514903542.443949,0.0,1.0,14273320186.19165,2241583356.2522984,2125000000.0000002,0.0,13,9464500000.0,9464500000.0,40
great_miami,baseline,,1926255N15314,"{""1926255N15314"": 0.709627283671182}",170354720952.15982,120888357889.84338,49466363062.31643,21492920212.591797,51645580265.36447,0.0,37470466038.19228,10279391373.694838,21492920212.591797,51645580265.36447,14558533707.610577,34907829354.70586,21.99555482158607,6.0341100711741165,12.616568588449969,30.316494885908057,8.546011302908948,20.491260329972842,37470466038.19228,10279391373.694838,14558533707.610577,29,18,11,Universal P&C Insurance Co.;Florida Family Insurance Co.;First Protective Insurance Co.;Cypress P&C Insurance Co.;Florida Peninsula Insurance Co;Tower Hill Insurance Exchange;Kin Interinsurance Network;Heritage P&C Insurance Co.;Florida Family Home Ins Co.;US Coastal P&C Insurance Co.;TypTap Insurance Co.;Homeowners Choice P&C Ins Co.;Edison Insurance Co.;Safe Harbor Insurance Co.;GeoVera Specialty Insurance Co;Florida Farm Bureau Cas Ins Co;Universal North America Ins Co;Auto Club Insurance Co. of FL;American Platinum P&C Ins Co.;FL Farm Bureau General Ins Co.;Castle Key Insurance Co.;Homesite Insurance Co.;State Farm FL Ins Co;AIG Property Casualty Co.;Foremost P&C Insurance Co.;ASI Preferred Insurance Corp.;ACE Ins Co. of the Midwest;Castle Key Indemnity Co.;First Liberty Insurance Corp.,Universal P&C Insurance Co.;Florida Family Insurance Co.;First Protective Insurance Co.;Cypress P&C Insurance Co.;Florida Peninsula Insurance Co;Tower Hill Insurance Exchange;Kin Interinsurance Network;Heritage P&C Insurance Co.;Florida Family Home Ins Co.;US Coastal P&C Insurance Co.;TypTap Insurance Co.;Homeowners Choice P&C Ins Co.;Edison Insurance Co.;Safe Harbor Insurance Co.;GeoVera Specialty Insurance Co;Florida Farm Bureau Cas Ins Co;Universal North America Ins Co;American Platinum P&C Ins Co.,2724623878.013575,11,35.166819401784345,1675678167.4306424,9136442.816034548,1,0.9811320754716981,6270866141.263157,311486220.0,4736161542.451344,539937478.65,359958319.1,539937478.65,359958319.1,11117533707.610577,14558533707.610577,3441000000.0,1395853723.0,1395853723.0,0.0,True,17967182493.99949,17000000000.0,967182493.9994888,0.9461694957279752,12563791119.385942,4436208880.614053,2124999999.9999998,0.0,13,9464500000.0,9464500000.0,41
great_miami,baseline,,1926255N15314,"{""1926255N15314"": 0.7246716448865398}",170354720952.1598,123451235846.58913,46903485105.57066,13000509220.709358,63622719412.1734,0.0,36829448299.74249,9998558913.963879,13000509220.709358,63622719412.1734,13809637187.367933,33093847918.202736,21.6192707157703,5.869258484930244,7.631434660598724,37.347200627354724,8.106401225737708,19.426434285608313,36829448299.74249,9998558913.963879,13809637187.367933,28,18,10,Universal P&C Insurance Co.;Florida Family Insurance Co.;First Protective Insurance Co.;Cypress P&C Insurance Co.;Florida Peninsula Insurance Co;Tower Hill Insurance Exchange;Kin Interinsurance Network;Heritage P&C Insurance Co.;Florida Family Home Ins Co.;US Coastal P&C Insurance Co.;TypTap Insurance Co.;Homeowners Choice P&C Ins Co.;Edison Insurance Co.;Safe Harbor Insurance Co.;GeoVera Specialty Insurance Co;Florida Farm Bureau Cas Ins Co;Universal North America Ins Co;Auto Club Insurance Co. of FL;American Platinum P&C Ins Co.;FL Farm Bureau General Ins Co.;Homesite Insurance Co.;State Farm FL Ins Co;AIG Property Casualty Co.;Foremost P&C Insurance Co.;ASI Preferred Insurance Corp.;ACE Ins Co. of the Midwest;Castle Key Indemnity Co.;First Liberty Insurance Corp.,Universal P&C Insurance Co.;Florida Family Insurance Co.;First Protective Insurance Co.;Cypress P&C Insurance Co.;Florida Peninsula Insurance Co;Tower Hill Insurance Exchange;Kin Interinsurance Network;Heritage P&C Insurance Co.;Florida Family Home Ins Co.;US Coastal P&C Insurance Co.;TypTap Insurance Co.;Homeowners Choice P&C Ins Co.;Edison Insurance Co.;Safe Harbor Insurance Co.;GeoVera Specialty Insurance Co;Florida Farm Bureau Cas Ins Co;Universal North America Ins Co;American Platinum P&C Ins Co.,2874116655.57222,10,35.166819401784345,1463456569.9679255,10281596.657042563,1,0.9811320754716981,6057938525.64856,311486220.0,4752012433.065562,539937478.65,359958319.1,539937478.65,359958319.1,10368637187.367933,13809637187.367933,3441000000.0,1395853723.0,1395853723.0,0.0,True,18047015739.636436,17000000000.0,1047015739.6364365,0.9419839958726867,12867719781.921743,4132280218.0782576,2125000000.0,0.0,13,9464500000.0,9464500000.0,42
great_miami,baseline,,1926255N15314,"{""1926255N15314"": 0.3609699387465893}",170354720952.1598,61492933187.29344,108861787764.86636,17685944948.42678,21516304089.994843,0.0,17720684040.70987,4570000108.161946,17685944948.42678,21516304089.994843,31914423308.59411,76947364456.27226,10.402226566815436,2.682637782280965,10.381834356908413,12.630295168654118,18.73409972451338,45.168906400827694,17720684040.70987,4570000108.161946,31914423308.59411,20,14,6,Universal P&C Insurance Co.;Florida Family Insurance Co.;First Protective Insurance Co.;Cypress P&C Insurance Co.;Florida Peninsula Insurance Co;Tower Hill Insurance Exchange;Kin Interinsurance Network;Heritage P&C Insurance Co.;US Coastal P&C Insurance Co.;TypTap Insurance Co.;Homeowners Choice P&C Ins Co.;Edison Insurance Co.;Safe Harbor Insurance Co.;GeoVera Specialty Insurance Co;FL Farm Bureau General Ins Co.;State Farm FL Ins Co;AIG Property Casualty Co.;ASI Preferred Insurance Corp.;ACE Ins Co. of the Midwest;Castle Key Indemnity Co.,Universal P&C Insurance Co.;Florida Family Insurance Co.;First Protective Insurance Co.;Cypress P&C Insurance Co.;Florida Peninsula Insurance Co;Tower Hill Insurance Exchange;Kin Interinsurance Network;Heritage P&C Insurance Co.;US Coastal P&C Insurance Co.;TypTap Insurance Co.;Homeowners Choice P&C Ins Co.;Edison Insurance Co.;Safe Harbor Insurance Co.;GeoVera Specialty Insurance Co,687722257.6448544,6,33.63270213261762,1026037917.9031079,0.0,0,1.0,2831071386.18576,328427940.0,2853184862.022412,539937478.65,359958319.1,539937478.65,359958319.1,28473423308.59411,31914423308.59411,3441000000.0,1395853723.0,1395853723.0,0.0,False,3442209240.2504053,3442209240.2504053,0.0,1.0,2855650672.522187,586558567.7282183,2037558684.7957683,0.0,13,9464500000.0,9464500000.0,43
great_miami,baseline,,1926255N15314,"{""1926255N15314"": 0.6633269540292113}",170354720952.15982,113000878153.69243,57353842798.467384,13478567239.75034,31969468113.903545,0.0,52270369932.83986,15282472867.198694,13478567239.75034,31969468113.903545,16863327859.958027,40490514938.50933,30.683252944612427,8.970971148777512,7.912059709537185,18.766411599994008,9.89894953641684,23.768355060662014,52270369932.83986,15282472867.198694,16863327859.958027,32,19,13,Universal P&C Insurance Co.;Florida Family Insurance Co.;First Protective Insurance Co.;Cypress P&C Insurance Co.;Florida Peninsula Insurance Co;Tower Hill Insurance Exchange;Kin Interinsurance Network;Heritage P&C Insurance Co.;Florida Family Home Ins Co.;US Coastal P&C Insurance Co.;TypTap Insurance Co.;Homeowners Choice P&C Ins Co.;Vault E&S Insurance Co.;Edison Insurance Co.;Safe Harbor Insurance Co.;GeoVera Specialty Insurance Co;Florida Farm Bureau Cas Ins Co;Universal North America Ins Co;Auto Club Insurance Co. of FL;American Platinum P&C Ins Co.;FL Farm Bureau General Ins Co.;Castle Key Insurance Co.;Homesite Insurance Co.;PURE Specialty Exchange;State Farm FL Ins Co;AIG Property Casualty Co.;Foremost P&C Insurance Co.;ASI Preferred Insurance Corp.;Nationwide P&C Insurance Co.;ACE Ins Co. of the Midwest;Castle Key Indemnity Co.;First Liberty Insurance Corp.,Universal P&C Insurance Co.;Florida Family Insurance Co.;First Protective Insurance Co.;Cypress P&C Insurance Co.;Florida Peninsula Insurance Co;Tower Hill Insurance Exchange;Kin Interinsurance Network;Heritage P&C Insurance Co.;Florida Family Home Ins Co.;US Coastal P&C Insurance Co.;TypTap Insurance Co.;Homeowners Choice P&C Ins Co.;Vault E&S Insurance Co.;Edison Insurance Co.;Safe Harbor Insurance Co.;GeoVera Specialty Insurance Co;Florida Farm Bureau Cas Ins Co;Universal North America Ins Co;American Platinum P&C Ins Co.,5722006996.553371,13,35.41856476294073,2856658531.7371807,50274925.7466158,1,0.9811320754716981,11529346813.000982,308706120.0,9319932293.457186,539937478.65,359958319.1,539937478.65,359958319.1,13422327859.958027,16863327859.958027,3441000000.0,1395853723.0,1395853723.0,0.0,True,25698954043.091404,17000000000.0,8698954043.091404,0.6615055216447642,12162566958.490664,4837433041.509335,2405277842.005269,0.0,14,9464500000.0,9464500000.0,44
great_miami,baseline,,1926255N15314,"{""1926255N15314"": 0.7611111353229869}",170354720952.15982,129658875071.529,40695845880.63081,20156233282.247078,68821328296.03156,0.0,32687904965.792984,7993408527.457405,20156233282.247078,68821328296.03156,11995707888.767166,28700137991.863644,19.188141533789736,4.6922142707757235,11.831919402989419,40.398838324743835,7.041605786866266,16.847280680835027,32687904965.792984,7993408527.457405,11995707888.767166,27,17,10,Universal P&C Insurance Co.;Florida Family Insurance Co.;First Protective Insurance Co.;Cypress P&C Insurance Co.;Florida Peninsula Insurance Co;Tower Hill Insurance Exchange;Kin Interinsurance Network;Heritage P&C Insurance Co.;Florida Family Home Ins Co.;US Coastal P&C Insurance Co.;TypTap Insurance Co.;Homeowners Choice P&C Ins Co.;Edison Insurance Co.;Safe Harbor Insurance Co.;GeoVera Specialty Insurance Co;Universal North America Ins Co;Auto Club Insurance Co. of FL;American Platinum P&C Ins Co.;FL Farm Bureau General Ins Co.;Homesite Insurance Co.;State Farm FL Ins Co;AIG Property Casualty Co.;Foremost P&C Insurance Co.;ASI Preferred Insurance Corp.;ACE Ins Co. of the Midwest;Castle Key Indemnity Co.;First Liberty Insurance Corp.,Universal P&C Insurance Co.;Florida Family Insurance Co.;First Protective Insurance Co.;Cypress P&C Insurance Co.;Florida Peninsula Insurance Co;Tower Hill Insurance Exchange;Kin Interinsurance Network;Heritage P&C Insurance Co.;Florida Family Home Ins Co.;US Coastal P&C Insurance Co.;TypTap Insurance Co.;Homeowners Choice P&C Ins Co.;Edison Insurance Co.;Safe Harbor Insurance Co.;GeoVera Specialty Insurance Co;Universal North America Ins Co;American Platinum P&C Ins Co.,2176955351.144384,10,34.45361965929429,1548956698.5185049,7593874.352030762,1,0.9811320754716981,6037009434.378039,319362300.0,4823294575.085589,539937478.65,359958319.1,539937478.65,359958319.1,8554707888.767166,11995707888.767166,3441000000.0,1395853723.0,1395853723.0,0.0,False,11163080474.576529,11163080474.576529,0.0,1.0,9112301829.3429,2050778645.2336297,2125000000.0,0.0,13,9464500000.0,9464500000.0,45
great_miami,baseline,,1926255N15314,"{""1926255N15314"": 0.740137503054839}",170354720952.15982,126085917799.13545,44268803153.02437,30427536645.674736,30115022017.27533,0.0,50299944246.31366,15243414889.871738,30427536645.674736,30115022017.27533,13039758878.87704,31229044274.147324,29.526592491932895,8.948043708253026,17.861281727683735,17.67783237761426,7.654474619778195,18.33177507473789,50299944246.31366,15243414889.871738,13039758878.87704,33,21,12,Universal P&C Insurance Co.;Florida Family Insurance Co.;First Protective Insurance Co.;Cypress P&C Insurance Co.;Florida Peninsula Insurance Co;Tower Hill Insurance Exchange;Kin Interinsurance Network;Unique Insurance Co.;Heritage P&C Insurance Co.;Florida Family Home Ins Co.;US Coastal P&C Insurance Co.;TypTap Insurance Co.;Homeowners Choice P&C Ins Co.;Vault E&S Insurance Co.;Edison Insurance Co.;Safe Harbor Insurance Co.;GeoVera Specialty Insurance Co;Florida Farm Bureau Cas Ins Co;Universal North America Ins Co;QBE Specialty Insurance Co.;Auto Club Insurance Co. of FL;American Platinum P&C Ins Co.;FL Farm Bureau General Ins Co.;Castle Key Insurance Co.;Homesite Insurance Co.;State Farm FL Ins Co;AIG Property Casualty Co.;Foremost P&C Insurance Co.;ASI Preferred Insurance Corp.;Nationwide P&C Insurance Co.;ACE Ins Co. of the Midwest;Castle Key Indemnity Co.;First Liberty Insurance Corp.,Universal P&C Insurance Co.;Florida Family Insurance Co.;First Protective Insurance Co.;Cypress P&C Insurance Co.;Florida Peninsula Insurance Co;Tower Hill Insurance Exchange;Kin Interinsurance Network;Unique Insurance Co.;Heritage P&C Insurance Co.;Florida Family Home Ins Co.;US Coastal P&C Insurance Co.;TypTap Insurance Co.;Homeowners Choice P&C Ins Co.;Vault E&S Insurance Co.;Edison Insurance Co.;Safe Harbor Insurance Co.;GeoVera Specialty Insurance Co;Florida Farm Bureau Cas Ins Co;Universal North America Ins Co;QBE Specialty Insurance Co.;American Platinum P&C Ins Co.,5377331195.941663,12,35.80938809441937,3164495403.6762533,34516187.58491884,1,0.9811320754716981,11433909743.176868,304390140.0,9397004835.377909,539937478.65,359958319.1,539937478.65,359958319.1,9598758878.87704,13039758878.87704,3441000000.0,1395853723.0,1395853723.0,0.0,True,25381366736.858482,17000000000.0,8381366736.858482,0.6697826864978405,12290004756.755283,4709995243.24472,2186609534.6373596,0.0,14,9464500000.0,9464500000.0,46
great_miami,baseline,,1926255N15314,"{""1926255N15314"": 0.8526538910529431}",170354720952.15982,145253615679.09744,25101105273.062386,12666852249.783224,56577556974.324936,0.0,55710485757.24064,20298720697.748627,12666852249.783224,56577556974.324936,7438781194.558135,17662324078.50425,32.70263685435852,11.915561003706527,7.435574534703042,33.21161671252623,4.366642235084958,10.367968659620711,55710485757.24064,20298720697.748627,7438781194.558135,33,21,12,Universal P&C Insurance Co.;Florida Family Insurance Co.;First Protective Insurance Co.;Cypress P&C Insurance Co.;Florida Peninsula Insurance Co;Tower Hill Insurance Exchange;Kin Interinsurance Network;Heritage P&C Insurance Co.;Florida Family Home Ins Co.;US Coastal P&C Insurance Co.;TypTap Insurance Co.;Homeowners Choice P&C Ins Co.;Vault E&S Insurance Co.;Edison Insurance Co.;Safe Harbor Insurance Co.;Spinnaker Specialty Ins Co.;GeoVera Specialty Insurance Co;Florida Farm Bureau Cas Ins Co;Universal North America Ins Co;Auto Club Insurance Co. of FL;American Platinum P&C Ins Co.;FL Farm Bureau General Ins Co.;Castle Key Insurance Co.;Homesite Insurance Co.;PURE Specialty Exchange;State Farm FL Ins Co;AIG Property Casualty Co.;Foremost P&C Insurance Co.;ASI Preferred Insurance Corp.;Nationwide P&C Insurance Co.;ACE Ins Co. of the Midwest;Castle Key Indemnity Co.;First Liberty Insurance Corp.,Universal P&C Insurance Co.;Florida Family Insurance Co.;First Protective Insurance Co.;Cypress P&C Insurance Co.;Florida Peninsula Insurance Co;Tower Hill Insurance Exchange;Kin Interinsurance Network;Heritage P&C Insurance Co.;Florida Family Home Ins Co.;US Coastal P&C Insurance Co.;TypTap Insurance Co.;Homeowners Choice P&C Ins Co.;Vault E&S Insurance Co.;Edison Insurance Co.;Safe Harbor Insurance Co.;Spinnaker Specialty Ins Co.;GeoVera Specialty Insurance Co;Florida Farm Bureau Cas Ins Co;Universal North America Ins Co;American Platinum P&C Ins Co.;Castle Key Indemnity Co.,6192472463.993544,13,37.245681359536874,3453342953.974463,51142094.60087672,1,0.9811320754716981,13360656092.826162,288528720.0,14767166620.486181,539937478.65,359958319.1,539937478.65,359958319.1,3997781194.558135,7438781194.558135,3441000000.0,1395853723.0,1395853723.0,0.0,True,25462481863.522415,17000000000.0,8462481863.522415,0.6676489782543241,12663185159.84214,4336814840.15786,2294396657.409317,0.0,14,9464500000.0,9464500000.0,47
great_miami,baseline,,1926255N15314,"{""1926255N15314"": 0.7743198055292706}",170354720952.1598,131909034398.66956,38445686553.49025,31545970559.661,54170321935.730034,0.0,36243624342.835846,9949117560.44269,31545970559.661,54170321935.730034,11338190629.448738,27107495924.041515,21.275385936039914,5.8402358941591475,18.51781411359886,31.798544609129166,6.655636290016764,15.912383157056171,36243624342.835846,9949117560.44269,11338190629.448738,28,18,10,Universal P&C Insurance Co.;Florida Family Insurance Co.;First Protective Insurance Co.;Cypress P&C Insurance Co.;Florida Peninsula Insurance Co;Tower Hill Insurance Exchange;Kin Interinsurance Network;Heritage P&C Insurance Co.;Florida Family Home Ins Co.;US Coastal P&C Insurance Co.;TypTap Insurance Co.;Homeowners Choice P&C Ins Co.;Edison Insurance Co.;Safe Harbor Insurance Co.;GeoVera Specialty Insurance Co;Florida Farm Bureau Cas Ins Co;Universal North America Ins Co;Auto Club Insurance Co. of FL;American Platinum P&C Ins Co.;FL Farm Bureau General Ins Co.;Homesite Insurance Co.;State Farm FL Ins Co;AIG Property Casualty Co.;Foremost P&C Insurance Co.;ASI Preferred Insurance Corp.;ACE Ins Co. of the Midwest;Castle Key Indemnity Co.;First Liberty Insurance Corp.,Universal P&C Insurance Co.;Florida Family Insurance Co.;First Protective Insurance Co.;Cypress P&C Insurance Co.;Florida Peninsula Insurance Co;Tower Hill Insurance Exchange;Kin Interinsurance Network;Heritage P&C Insurance Co.;Florida Family Home Ins Co.;US Coastal P&C Insurance Co.;TypTap Insurance Co.;Homeowners Choice P&C Ins Co.;Edison Insurance Co.;Safe Harbor Insurance Co.;GeoVera Specialty Insurance Co;Florida Farm Bureau Cas Ins Co;Universal North America Ins Co;American Platinum P&C Ins Co.,3105900578.4395213,10,35.166819401784345,2034918313.5071387,20088836.490096927,1,0.9811320754716981,6569743208.375279,311486220.0,4455586206.699153,539937478.65,359958319.1,539937478.65,359958319.1,7897190629.448738,11338190629.448738,3441000000.0,1395853723.0,1395853723.0,0.0,False,15219550512.831718,15219550512.831718,0.0,1.0,10821258061.548065,4398292451.283652,2124999999.9999998,0.0,13,9464500000.0,9464500000.0,48
great_miami,baseline,,1926255N15314,"{""1926255N15314"": 0.7870858885463299}",170354720952.15982,134083796908.69281,36270924043.467,15395498364.109112,73265786400.84529,0.0,37152337879.48221,8270174264.256192,15395498364.109112,73265786400.84529,10702705013.825201,25568219029.641808,21.80881027060916,4.8546786481947155,9.037318295647692,43.00778164018143,6.282599598065033,15.008811547301967,37152337879.48221,8270174264.256192,10702705013.825201,28,19,9,Universal P&C Insurance Co.;Florida Family Insurance Co.;First Protective Insurance Co.;Cypress P&C Insurance Co.;Florida Peninsula Insurance Co;Tower Hill Insurance Exchange;Kin Interinsurance Network;Heritage P&C Insurance Co.;Florida Family Home Ins Co.;US Coastal P&C Insurance Co.;TypTap Insurance Co.;Homeowners Choice P&C Ins Co.;Vault E&S Insurance Co.;Edison Insurance Co.;Safe Harbor Insurance Co.;GeoVera Specialty Insurance Co;Florida Farm Bureau Cas Ins Co;Universal North America Ins Co;Auto Club Insurance Co. of FL;American Platinum P&C Ins Co.;FL Farm Bureau General Ins Co.;Homesite Insurance Co.;State Farm FL Ins Co;AIG Property Casualty Co.;ASI Preferred Insurance Corp.;ACE Ins Co. of the Midwest;Castle Key Indemnity Co.;First Liberty Insurance Corp.,Universal P&C Insurance Co.;Florida Family Insurance Co.;First Protective Insurance Co.;Cypress P&C Insurance Co.;Florida Peninsula Insurance Co;Tower Hill Insurance Exchange;Kin Interinsurance Network;Heritage P&C Insurance Co.;Florida Family Home Ins Co.;US Coastal P&C Insurance Co.;TypTap Insurance Co.;Homeowners Choice P&C Ins Co.;Vault E&S Insurance Co.;Edison Insurance Co.;Safe Harbor Insurance Co.;GeoVera Specialty Insurance Co;Florida Farm Bureau Cas Ins Co;Universal North America Ins Co;American Platinum P&C Ins Co.,3494900399.5680118,9,35.41856476294073,1614645308.027951,15040504.82573229,1,0.9811320754716981,5903299225.757679,308706120.0,4786484952.449356,539937478.65,359958319.1,539937478.65,359958319.1,7261705013.825201,10702705013.825201,3441000000.0,1395853723.0,1395853723.0,0.0,False,14061193920.63872,14061193920.63872,0.0,1.0,11682153796.30997,2379040124.3287487,2125000000.0,0.0,13,9464500000.0,9464500000.0,49
great_miami,baseline,,1926255N15314,"{""1926255N15314"": 0.8645687546973587}",170354720952.15982,147283368950.42487,23071352001.73495,13378499142.911333,56615170465.76257,0.0,57669432341.98413,19620266999.766838,13378499142.911333,56615170465.76257,6845668612.725183,16225683389.009762,33.85255895442971,11.517301598748611,7.853318691806829,33.23369622475072,4.018478956416846,9.524645573847272,57669432341.98413,19620266999.766838,6845668612.725183,35,22,13,Universal P&C Insurance Co.;Florida Family Insurance Co.;First Protective Insurance Co.;Cypress P&C Insurance Co.;Florida Peninsula Insurance Co;Tower Hill Insurance Exchange;Kin Interinsurance Network;Unique Insurance Co.;Heritage P&C Insurance Co.;Florida Family Home Ins Co.;US Coastal P&C Insurance Co.;TypTap Insurance Co.;Homeowners Choice P&C Ins Co.;Vault E&S Insurance Co.;Edison Insurance Co.;Safe Harbor Insurance Co.;Spinnaker Specialty Ins Co.;GeoVera Specialty Insurance Co;Florida Farm Bureau Cas Ins Co;Universal North America Ins Co;QBE Specialty Insurance Co.;Auto Club Insurance Co. of FL;American Platinum P&C Ins Co.;FL Farm Bureau General Ins Co.;Castle Key Insurance Co.;Homesite Insurance Co.;PURE Specialty Exchange;State Farm FL Ins Co;AIG Property Casualty Co.;Foremost P&C Insurance Co.;ASI Preferred Insurance Corp.;Nationwide P&C Insurance Co.;ACE Ins Co. of the Midwest;Castle Key Indemnity Co.;First Liberty Insurance Corp.,Universal P&C Insurance Co.;Florida Family Insurance Co.;First Protective Insurance Co.;Cypress P&C Insurance Co.;Florida Peninsula Insurance Co;Tower Hill Insurance Exchange;Kin Interinsurance Network;Unique Insurance Co.;Heritage P&C Insurance Co.;Florida Family Home Ins Co.;US Coastal P&C Insurance Co.;TypTap Insurance Co.;Homeowners Choice P&C Ins Co.;Vault E&S Insurance Co.;Edison Insurance Co.;Safe Harbor Insurance Co.;Spinnaker Specialty Ins Co.;GeoVera Specialty Insurance Co;Florida Farm Bureau Cas Ins Co;Universal North America Ins Co;QBE Specialty Insurance Co.;American Platinum P&C Ins Co.,6442955030.401203,13,35.89838321723671,3388346238.15002,45206760.125473276,1,0.9811320754716981,14224775910.745443,303407340.0,13808163341.224678,539937478.65,359958319.1,539937478.65,359958319.1,3404668612.7251825,6845668612.725183,3441000000.0,1395853723.0,1395853723.0,0.0,True,24979626775.208366,17000000000.0,7979626775.208366,0.6805546036769476,12358600684.517054,4641399315.482948,2240037836.7043533,0.0,14,9464500000.0,9464500000.0,50
great_miami,baseline,,1926255N15314,"{""1926255N15314"": 0.853128141664015}",170354720952.15982,145334406509.60797,25020314442.55186,18599324423.6374,58308348205.669075,0.0,51599146535.7262,16827587344.57528,18599324423.6374,58308348205.669075,7415173370.518917,17605141072.03294,30.289237801761082,9.877969480693709,10.917997646135436,34.22760923781127,4.3527841958669855,10.334401637731505,51599146535.7262,16827587344.57528,7415173370.518917,32,19,13,Universal P&C Insurance Co.;Florida Family Insurance Co.;First Protective Insurance Co.;Cypress P&C Insurance Co.;Florida Peninsula Insurance Co;Tower Hill Insurance Exchange;Kin Interinsurance Network;Heritage P&C Insurance Co.;Florida Family Home Ins Co.;US Coastal P&C Insurance Co.;TypTap Insurance Co.;Homeowners Choice P&C Ins Co.;Vault E&S Insurance Co.;Edison Insurance Co.;Safe Harbor Insurance Co.;GeoVera Specialty Insurance Co;Florida Farm Bureau Cas Ins Co;Universal North America Ins Co;Auto Club Insurance Co. of FL;American Platinum P&C Ins Co.;FL Farm Bureau General Ins Co.;Castle Key Insurance Co.;Homesite Insurance Co.;PURE Specialty Exchange;State Farm FL Ins Co;AIG Property Casualty Co.;Foremost P&C Insurance Co.;ASI Preferred Insurance Corp.;Nationwide P&C Insurance Co.;ACE Ins Co. of the Midwest;Castle Key Indemnity Co.;First Liberty Insurance Corp.,Universal P&C Insurance Co.;Florida Family Insurance Co.;First Protective Insurance Co.;Cypress P&C Insurance Co.;Florida Peninsula Insurance Co;Tower Hill Insurance Exchange;Kin Interinsurance Network;Heritage P&C Insurance Co.;Florida Family Home Ins Co.;US Coastal P&C Insurance Co.;TypTap Insurance Co.;Homeowners Choice P&C Ins Co.;Vault E&S Insurance Co.;Edison Insurance Co.;Safe Harbor Insurance Co.;GeoVera Specialty Insurance Co;Florida Farm Bureau Cas Ins Co;Universal North America Ins Co;American Platinum P&C Ins Co.,5470808493.620896,13,35.41856476294073,2946465769.855279,42309059.928819075,1,0.9811320754716981,11835731291.069519,308706120.0,10940680980.630444,539937478.65,359958319.1,539937478.65,359958319.1,3974173370.518917,7415173370.518917,3441000000.0,1395853723.0,1395853723.0,0.0,True,23186341235.097282,17000000000.0,6186341235.097282,0.7331902790366517,12269387250.93659,4730612749.06341,2153922538.8614535,0.0,14,9464500000.0,9464500000.0,51
great_miami,baseline,,1926255N15314,"{""1926255N15314"": 0.9117046371887202}",170354720952.15982,155313189059.07455,15041531893.085253,32576288126.84266,70775482510.21289,0.0,38483922764.496124,13477495657.522896,32576288126.84266,70775482510.21289,4499281293.846419,10542250599.238832,22.59046450218626,7.9114306795804845,19.12262128385098,41.54594725325431,2.641125099849706,6.188411181278258,38483922764.496124,13477495657.522896,4499281293.846419,28,18,10,Universal P&C Insurance Co.;Florida Family Insurance Co.;First Protective Insurance Co.;Cypress P&C Insurance Co.;Florida Peninsula Insurance Co;Tower Hill Insurance Exchange;Kin Interinsurance Network;Heritage P&C Insurance Co.;Florida Family Home Ins Co.;US Coastal P&C Insurance Co.;TypTap Insurance Co.;Homeowners Choice P&C Ins Co.;Edison Insurance Co.;Safe Harbor Insurance Co.;GeoVera Specialty Insurance Co;Florida Farm Bureau Cas Ins Co;Universal North America Ins Co;Auto Club Insurance Co. of FL;American Platinum P&C Ins Co.;FL Farm Bureau General Ins Co.;Homesite Insurance Co.;State Farm FL Ins Co;AIG Property Casualty Co.;Foremost P&C Insurance Co.;ASI Preferred Insurance Corp.;ACE Ins Co. of the Midwest;Castle Key Indemnity Co.;First Liberty Insurance Corp.,Universal P&C Insurance Co.;Florida Family Insurance Co.;First Protective Insurance Co.;Cypress P&C Insurance Co.;Florida Peninsula Insurance Co;Tower Hill Insurance Exchange;Kin Interinsurance Network;Heritage P&C Insurance Co.;Florida Family Home Ins Co.;US Coastal P&C Insurance Co.;TypTap Insurance Co.;Homeowners Choice P&C Ins Co.;Edison Insurance Co.;Safe Harbor Insurance Co.;GeoVera Specialty Insurance Co;Florida Farm Bureau Cas Ins Co;Universal North America Ins Co;American Platinum P&C Ins Co.,3471394618.620461,10,35.166819401784345,1665978069.255229,11792137.967794165,1,0.9811320754716981,6500358417.198737,311486220.0,7592927655.982718,539937478.65,359958319.1,539937478.65,359958319.1,1058281293.8464193,4499281293.846419,3441000000.0,1395853723.0,1395853723.0,0.0,True,17127587346.754585,17000000000.0,127587346.75458527,0.9925507694591462,12288631306.834307,4711368693.165692,2125000000.0,0.0,13,9464500000.0,9464500000.0,52
great_miami,baseline,,1926255N15314,"{""1926255N15314"": 0.5251767312710264}",170354720952.1598,89466335506.24312,80888385445.91667,18252453910.337757,39968320802.05251,0.0,25154350819.92683,6091209973.9260235,18252453910.337757,39968320802.05251,23740337765.086853,57148047680.82984,14.76586658669169,3.57560385757469,10.714381032894028,23.461821649942237,13.935826158732509,33.546500714164864,25154350819.92683,6091209973.9260235,23740337765.086853,25,16,9,Universal P&C Insurance Co.;Florida Family Insurance Co.;First Protective Insurance Co.;Cypress P&C Insurance Co.;Florida Peninsula Insurance Co;Tower Hill Insurance Exchange;Kin Interinsurance Network;Heritage P&C Insurance Co.;Florida Family Home Ins Co.;US Coastal P&C Insurance Co.;TypTap Insurance Co.;Homeowners Choice P&C Ins Co.;Edison Insurance Co.;Safe Harbor Insurance Co.;GeoVera Specialty Insurance Co;Universal North America Ins Co;Auto Club Insurance Co. of FL;FL Farm Bureau General Ins Co.;Homesite Insurance Co.;State Farm FL Ins Co;AIG Property Casualty Co.;ASI Preferred Insurance Corp.;ACE Ins Co. of the Midwest;Castle Key Indemnity Co.;First Liberty Insurance Corp.,Universal P&C Insurance Co.;Florida Family Insurance Co.;First Protective Insurance Co.;Cypress P&C Insurance Co.;Florida Peninsula Insurance Co;Tower Hill Insurance Exchange;Kin Interinsurance Network;Heritage P&C Insurance Co.;Florida Family Home Ins Co.;US Coastal P&C Insurance Co.;TypTap Insurance Co.;Homeowners Choice P&C Ins Co.;Edison Insurance Co.;Safe Harbor Insurance Co.;GeoVera Specialty Insurance Co;Universal North America Ins Co,1705162519.8952327,9,34.296269979690315,1036400709.1110129,0.0,0,1.0,3311448701.5665793,321099960.0,2744445425.095839,539937478.65,359958319.1,539937478.65,359958319.1,20299337765.086853,23740337765.086853,3441000000.0,1395853723.0,1395853723.0,0.0,False,9622074341.849781,9622074341.849781,0.0,1.0,7368661872.155968,2253412469.6938124,2079529829.8464613,0.0,13,9464500000.0,9464500000.0,53
great_miami,baseline,,1926255N15314,"{""1926255N15314"": 0.6798110169280438}",170354720952.15982,115809016088.98091,54545704863.17892,24806751802.176342,47926033160.39177,0.0,34434218349.696884,8642012776.715918,24806751802.176342,47926033160.39177,16042764117.32504,38502940745.85387,20.213245724705768,5.072951737652652,14.56182233373077,28.1330818967152,9.417270051371386,22.601628255824227,34434218349.696884,8642012776.715918,16042764117.32504,27,17,10,Universal P&C Insurance Co.;Florida Family Insurance Co.;First Protective Insurance Co.;Cypress P&C Insurance Co.;Florida Peninsula Insurance Co;Tower Hill Insurance Exchange;Kin Interinsurance Network;Heritage P&C Insurance Co.;Florida Family Home Ins Co.;US Coastal P&C Insurance Co.;TypTap Insurance Co.;Homeowners Choice P&C Ins Co.;Edison Insurance Co.;Safe Harbor Insurance Co.;GeoVera Specialty Insurance Co;Universal North America Ins Co;Auto Club Insurance Co. of FL;American Platinum P&C Ins Co.;FL Farm Bureau General Ins Co.;Castle Key Insurance Co.;Homesite Insurance Co.;State Farm FL Ins Co;AIG Property Casualty Co.;ASI Preferred Insurance Corp.;ACE Ins Co. of the Midwest;Castle Key Indemnity Co.;First Liberty Insurance Corp.,Universal P&C Insurance Co.;Florida Family Insurance Co.;First Protective Insurance Co.;Cypress P&C Insurance Co.;Florida Peninsula Insurance Co;Tower Hill Insurance Exchange;Kin Interinsurance Network;Heritage P&C Insurance Co.;Florida Family Home Ins Co.;US Coastal P&C Insurance Co.;TypTap Insurance Co.;Homeowners Choice P&C Ins Co.;Edison Insurance Co.;Safe Harbor Insurance Co.;GeoVera Specialty Insurance Co;Universal North America Ins Co;American Platinum P&C Ins Co.,2224413391.448481,10,34.45361965929429,1491527304.9869518,7179933.8517846465,1,0.9811320754716981,5696968870.520692,319362300.0,4321703450.809823,539937478.65,359958319.1,539937478.65,359958319.1,12601764117.32504,16042764117.32504,3441000000.0,1395853723.0,1395853723.0,0.0,False,13541601337.653255,13541601337.653255,0.0,1.0,10321279820.649973,3220321517.0032816,2125000000.0,0.0,13,9464500000.0,9464500000.0,54
great_miami,baseline,,1926255N15314,"{""1926255N15314"": 0.5210623650271519}",170354720952.15985,88765433792.87291,81589287159.28693,21259533033.461433,41635912581.70269,0.0,19470188746.722527,6399799430.986267,21259533033.461433,41635912581.70269,23945147694.79632,57644139464.490585,11.429204097132287,3.7567490910824253,12.479567877330314,24.440715437170166,14.056051726045654,33.83771177123914,19470188746.722527,6399799430.986267,23945147694.79632,22,15,7,Universal P&C Insurance Co.;Florida Family Insurance Co.;First Protective Insurance Co.;Cypress P&C Insurance Co.;Florida Peninsula Insurance Co;Tower Hill Insurance Exchange;Kin Interinsurance Network;Heritage P&C Insurance Co.;Florida Family Home Ins Co.;US Coastal P&C Insurance Co.;TypTap Insurance Co.;Homeowners Choice P&C Ins Co.;Edison Insurance Co.;Safe Harbor Insurance Co.;GeoVera Specialty Insurance Co;FL Farm Bureau General Ins Co.;State Farm FL Ins Co;AIG Property Casualty Co.;ASI Preferred Insurance Corp.;ACE Ins Co. of the Midwest;Castle Key Indemnity Co.;First Liberty Insurance Corp.,Universal P&C Insurance Co.;Florida Family Insurance Co.;First Protective Insurance Co.;Cypress P&C Insurance Co.;Florida Peninsula Insurance Co;Tower Hill Insurance Exchange;Kin Interinsurance Network;Heritage P&C Insurance Co.;Florida Family Home Ins Co.;US Coastal P&C Insurance Co.;TypTap Insurance Co.;Homeowners Choice P&C Ins Co.;Edison Insurance Co.;Safe Harbor Insurance Co.;GeoVera Specialty Insurance Co,1008364211.0508286,7,33.98254315570729,1141495637.3811285,0.0,0,1.0,3342415340.3825536,324564540.0,3327255850.449627,539937478.65,359958319.1,539937478.65,359958319.1,20504147694.79632,23945147694.79632,3441000000.0,1395853723.0,1395853723.0,0.0,False,4841889510.128712,4841889510.128712,0.0,1.0,2900336746.6494875,1941552763.4792237,2082495002.5232868,0.0,13,9464500000.0,9464500000.0,55
great_miami,baseline,,1926255N15314,"{""1926255N15314"": 0.7687083969441488}",170354720952.15982,130953104455.00261,39401616497.15722,18224098707.826054,57733439537.806206,0.0,42346857299.46144,12648708909.908916,18224098707.826054,57733439537.806206,11617522154.589693,27784094342.567516,24.858047410000207,7.42492420474864,10.697736232941775,33.89013184672429,6.819606811983922,16.309553493601175,42346857299.46144,12648708909.908916,11617522154.589693,30,18,12,Universal P&C Insurance Co.;Florida Family Insurance Co.;First Protective Insurance Co.;Cypress P&C Insurance Co.;Florida Peninsula Insurance Co;Tower Hill Insurance Exchange;Kin Interinsurance Network;Heritage P&C Insurance Co.;Florida Family Home Ins Co.;US Coastal P&C Insurance Co.;TypTap Insurance Co.;Homeowners Choice P&C Ins Co.;Edison Insurance Co.;Safe Harbor Insurance Co.;GeoVera Specialty Insurance Co;Florida Farm Bureau Cas Ins Co;Universal North America Ins Co;Auto Club Insurance Co. of FL;American Platinum P&C Ins Co.;FL Farm Bureau General Ins Co.;Castle Key Insurance Co.;Homesite Insurance Co.;State Farm FL Ins Co;AIG Property Casualty Co.;Foremost P&C Insurance Co.;ASI Preferred Insurance Corp.;Nationwide P&C Insurance Co.;ACE Ins Co. of the Midwest;Castle Key Indemnity Co.;First Liberty Insurance Corp.,Universal P&C Insurance Co.;Florida Family Insurance Co.;First Protective Insurance Co.;Cypress P&C Insurance Co.;Florida Peninsula Insurance Co;Tower Hill Insurance Exchange;Kin Interinsurance Network;Heritage P&C Insurance Co.;Florida Family Home Ins Co.;US Coastal P&C Insurance Co.;TypTap Insurance Co.;Homeowners Choice P&C Ins Co.;Edison Insurance Co.;Safe Harbor Insurance Co.;GeoVera Specialty Insurance Co;Florida Farm Bureau Cas Ins Co;Universal North America Ins Co;American Platinum P&C Ins Co.,3739382365.175369,12,35.166819401784345,1761954636.7501183,20775313.540054858,1,0.9811320754716981,7859252309.779653,311486220.0,6759967773.490194,539937478.65,359958319.1,539937478.65,359958319.1,8176522154.589693,11617522154.589693,3441000000.0,1395853723.0,1395853723.0,0.0,True,21201670464.55962,17000000000.0,4201670464.55962,0.8018236123619096,12237387507.761145,4762612492.238854,2128426480.9860444,0.0,14,9464500000.0,9464500000.0,56
great_miami,baseline,,1926255N15314,"{""1926255N15314"": 0.9148733938393337}",170354720952.1598,155853001714.0551,14501719238.104689,36062115038.58369,46711128270.195496,0.0,57378254750.73421,15701503654.541712,36062115038.58369,46711128270.195496,4341543069.194004,10160176168.910686,33.68163466796295,9.216946596361787,21.168838079169465,27.419920040439173,2.548531114915933,5.964129501150683,57378254750.73421,15701503654.541712,4341543069.194004,35,22,13,Universal P&C Insurance Co.;Florida Family Insurance Co.;First Protective Insurance Co.;Cypress P&C Insurance Co.;Florida Peninsula Insurance Co;Tower Hill Insurance Exchange;Kin Interinsurance Network;Unique Insurance Co.;Heritage P&C Insurance Co.;Florida Family Home Ins Co.;US Coastal P&C Insurance Co.;TypTap Insurance Co.;Homeowners Choice P&C Ins Co.;Vault E&S Insurance Co.;Edison Insurance Co.;Safe Harbor Insurance Co.;Spinnaker Specialty Ins Co.;GeoVera Specialty Insurance Co;Florida Farm Bureau Cas Ins Co;Universal North America Ins Co;QBE Specialty Insurance Co.;Auto Club Insurance Co. of FL;American Platinum P&C Ins Co.;FL Farm Bureau General Ins Co.;Castle Key Insurance Co.;Homesite Insurance Co.;PURE Specialty Exchange;State Farm FL Ins Co;AIG Property Casualty Co.;Foremost P&C Insurance Co.;ASI Preferred Insurance Corp.;Nationwide P&C Insurance Co.;ACE Ins Co. of the Midwest;Castle Key Indemnity Co.;First Liberty Insurance Corp.,Universal P&C Insurance Co.;Florida Family Insurance Co.;First Protective Insurance Co.;Cypress P&C Insurance Co.;Florida Peninsula Insurance Co;Tower Hill Insurance Exchange;Kin Interinsurance Network;Unique Insurance Co.;Heritage P&C Insurance Co.;Florida Family Home Ins Co.;US Coastal P&C Insurance Co.;TypTap Insurance Co.;Homeowners Choice P&C Ins Co.;Vault E&S Insurance Co.;Edison Insurance Co.;Safe Harbor Insurance Co.;Spinnaker Specialty Ins Co.;GeoVera Specialty Insurance Co;Florida Farm Bureau Cas Ins Co;Universal North America Ins Co;QBE Specialty Insurance Co.;American Platinum P&C Ins Co.,6794832827.257221,13,35.89838321723671,3297317229.111374,64850680.49156292,1,0.9811320754716981,13822367346.965229,303407340.0,9033048931.957603,539937478.65,359958319.1,539937478.65,359958319.1,900543069.194004,4341543069.194004,3441000000.0,1395853723.0,1395853723.0,0.0,True,26982637778.695236,16999999999.999998,9982637778.695238,0.6300347704857359,11428330642.775673,5571669357.224325,2225352886.477046,0.0,14,9464500000.0,9464500000.0,57
great_miami,baseline,,1926255N15314,"{""1926255N15314"": 0.8422054003938141}",170354720952.15982,143473665968.49026,26881054983.669567,25157004335.343925,60380524426.996765,0.0,45052149323.20827,12883987882.94128,25157004335.343925,60380524426.996765,7958898877.482535,18922156106.18703,26.446082075917417,7.563035418642404,14.767424227948862,35.44399831687273,4.671956745899403,11.107503214719175,45052149323.20827,12883987882.94128,7958898877.482535,32,20,12,Universal P&C Insurance Co.;Florida Family Insurance Co.;First Protective Insurance Co.;Cypress P&C Insurance Co.;Florida Peninsula Insurance Co;Tower Hill Insurance Exchange;Kin Interinsurance Network;Heritage P&C Insurance Co.;Florida Family Home Ins Co.;US Coastal P&C Insurance Co.;TypTap Insurance Co.;Homeowners Choice P&C Ins Co.;Vault E&S Insurance Co.;Edison Insurance Co.;Safe Harbor Insurance Co.;Spinnaker Specialty Ins Co.;GeoVera Specialty Insurance Co;Florida Farm Bureau Cas Ins Co;Universal North America Ins Co;Auto Club Insurance Co. of FL;American Platinum P&C Ins Co.;FL Farm Bureau General Ins Co.;Castle Key Insurance Co.;Homesite Insurance Co.;State Farm FL Ins Co;AIG Property Casualty Co.;Foremost P&C Insurance Co.;ASI Preferred Insurance Corp.;Nationwide P&C Insurance Co.;ACE Ins Co. of the Midwest;Castle Key Indemnity Co.;First Liberty Insurance Corp.,Universal P&C Insurance Co.;Florida Family Insurance Co.;First Protective Insurance Co.;Cypress P&C Insurance Co.;Florida Peninsula Insurance Co;Tower Hill Insurance Exchange;Kin Interinsurance Network;Heritage P&C Insurance Co.;Florida Family Home Ins Co.;US Coastal P&C Insurance Co.;TypTap Insurance Co.;Homeowners Choice P&C Ins Co.;Vault E&S Insurance Co.;Edison Insurance Co.;Safe Harbor Insurance Co.;Spinnaker Specialty Ins Co.;GeoVera Specialty Insurance Co;Florida Farm Bureau Cas Ins Co;Universal North America Ins Co;American Platinum P&C Ins Co.,4324828479.402295,12,35.50755988575808,1992506912.8756022,18805770.613574445,1,0.9811320754716981,8794557482.948479,307723320.0,7662484993.964071,539937478.65,359958319.1,539937478.65,359958319.1,4517898877.482535,7958898877.482535,3441000000.0,1395853723.0,1395853723.0,0.0,True,18809959559.047688,17000000000.0,1809959559.0476875,0.903776531078341,12912618751.410507,4087381248.5894947,2125000000.0,0.0,13,9464500000.0,9464500000.0,58
great_miami,baseline,,1926255N15314,"{""1926255N15314"": 0.7619152562703884}",170354720952.15985,129795860871.13539,40558860081.024445,12942684425.51631,88318312529.4045,0.0,22889046577.66542,5645817338.549134,12942684425.51631,88318312529.4045,11955679377.702942,28603180703.321503,13.436109342747994,3.314153729930754,7.597490902028457,51.843771652331625,7.018108632903937,16.790365740057204,22889046577.66542,5645817338.549134,11955679377.702942,26,17,9,Universal P&C Insurance Co.;Florida Family Insurance Co.;First Protective Insurance Co.;Cypress P&C Insurance Co.;Florida Peninsula Insurance Co;Tower Hill Insurance Exchange;Kin Interinsurance Network;Heritage P&C Insurance Co.;Florida Family Home Ins Co.;US Coastal P&C Insurance Co.;TypTap Insurance Co.;Homeowners Choice P&C Ins Co.;Edison Insurance Co.;Safe Harbor Insurance Co.;GeoVera Specialty Insurance Co;Universal North America Ins Co;Auto Club Insurance Co. of FL;American Platinum P&C Ins Co.;FL Farm Bureau General Ins Co.;Homesite Insurance Co.;State Farm FL Ins Co;AIG Property Casualty Co.;ASI Preferred Insurance Corp.;ACE Ins Co. of the Midwest;Castle Key Indemnity Co.;First Liberty Insurance Corp.,Universal P&C Insurance Co.;Florida Family Insurance Co.;First Protective Insurance Co.;Cypress P&C Insurance Co.;Florida Peninsula Insurance Co;Tower Hill Insurance Exchange;Kin Interinsurance Network;Heritage P&C Insurance Co.;Florida Family Home Ins Co.;US Coastal P&C Insurance Co.;TypTap Insurance Co.;Homeowners Choice P&C Ins Co.;Edison Insurance Co.;Safe Harbor Insurance Co.;GeoVera Specialty Insurance Co;Universal North America Ins Co;American Platinum P&C Ins Co.,1546783048.0416281,9,34.45361965929429,1245488486.4028292,2107188.997384567,1,0.9811320754716981,3899814256.8215146,319362300.0,4463296674.951756,539937478.65,359958319.1,539937478.65,359958319.1,8514679377.702942,11955679377.702942,3441000000.0,1395853723.0,1395853723.0,0.0,False,4452410221.363551,4452410221.363551,0.0,1.0,4424037462.439151,28372758.924400367,2110533181.2821589,0.0,13,9464500000.0,9464500000.0,59
great_miami,baseline,,1926255N15314,"{""1926255N15314"": 0.7635492424236645}",170354720952.15982,130074218126.31642,40280502825.8434,29978944054.893105,35281157318.791115,0.0,52163276273.49873,12650840479.133461,29978944054.893105,35281157318.791115,11874340826.54771,28406161999.29569,30.620387848334175,7.426175458140756,17.597953192804088,20.710407743087444,6.970362054059157,16.67471370357438,52163276273.49873,12650840479.133461,11874340826.54771,35,22,13,Universal P&C Insurance Co.;Florida Family Insurance Co.;First Protective Insurance Co.;Cypress P&C Insurance Co.;Florida Peninsula Insurance Co;Tower Hill Insurance Exchange;Kin Interinsurance Network;Unique Insurance Co.;Heritage P&C Insurance Co.;Florida Family Home Ins Co.;US Coastal P&C Insurance Co.;TypTap Insurance Co.;Homeowners Choice P&C Ins Co.;Vault E&S Insurance Co.;Edison Insurance Co.;Safe Harbor Insurance Co.;Spinnaker Specialty Ins Co.;GeoVera Specialty Insurance Co;Florida Farm Bureau Cas Ins Co;Universal North America Ins Co;QBE Specialty Insurance Co.;Auto Club Insurance Co. of FL;American Platinum P&C Ins Co.;FL Farm Bureau General Ins Co.;Castle Key Insurance Co.;Homesite Insurance Co.;PURE Specialty Exchange;State Farm FL Ins Co;AIG Property Casualty Co.;Foremost P&C Insurance Co.;ASI Preferred Insurance Corp.;Nationwide P&C Insurance Co.;ACE Ins Co. of the Midwest;Castle Key Indemnity Co.;First Liberty Insurance Corp.,Universal P&C Insurance Co.;Florida Family Insurance Co.;First Protective Insurance Co.;Cypress P&C Insurance Co.;Florida Peninsula Insurance Co;Tower Hill Insurance Exchange;Kin Interinsurance Network;Unique Insurance Co.;Heritage P&C Insurance Co.;Florida Family Home Ins Co.;US Coastal P&C Insurance Co.;TypTap Insurance Co.;Homeowners Choice P&C Ins Co.;Vault E&S Insurance Co.;Edison Insurance Co.;Safe Harbor Insurance Co.;Spinnaker Specialty Ins Co.;GeoVera Specialty Insurance Co;Florida Farm Bureau Cas Ins Co;Universal North America Ins Co;QBE Specialty Insurance Co.;American Platinum P&C Ins Co.,5168800972.742304,13,35.89838321723671,2681127654.274707,41605057.105897635,1,0.9811320754716981,11812372656.930403,303407340.0,6891905849.298837,539937478.65,359958319.1,539937478.65,359958319.1,8433340826.54771,11874340826.54771,3441000000.0,1395853723.0,1395853723.0,0.0,True,23157109446.68682,17000000000.000002,6157109446.686819,0.7341158031462454,12322731619.355846,4677268380.6441555,2217349812.5781994,0.0,14,9464500000.0,9464500000.0,60
great_miami,baseline,,1926255N15314,"{""1926255N15314"": 0.7459043129998743}",170354720952.15982,127068321098.10608,43286399854.05375,34540699715.12092,37749449406.82035,0.0,43063555606.0005,11714616370.164291,34540699715.12092,37749449406.82035,12752691595.73252,30533708258.321224,25.27875679952181,6.876602130359552,20.27575139806127,22.159320972044803,7.485963127088105,17.923605572924455,43063555606.0005,11714616370.164291,12752691595.73252,29,18,11,Universal P&C Insurance Co.;Florida Family Insurance Co.;First Protective Insurance Co.;Cypress P&C Insurance Co.;Florida Peninsula Insurance Co;Tower Hill Insurance Exchange;Kin Interinsurance Network;Heritage P&C Insurance Co.;Florida Family Home Ins Co.;US Coastal P&C Insurance Co.;TypTap Insurance Co.;Homeowners Choice P&C Ins Co.;Edison Insurance Co.;Safe Harbor Insurance Co.;GeoVera Specialty Insurance Co;Florida Farm Bureau Cas Ins Co;Universal North America Ins Co;Auto Club Insurance Co. of FL;American Platinum P&C Ins Co.;FL Farm Bureau General Ins Co.;Castle Key Insurance Co.;Homesite Insurance Co.;State Farm FL Ins Co;AIG Property Casualty Co.;Foremost P&C Insurance Co.;ASI Preferred Insurance Corp.;ACE Ins Co. of the Midwest;Castle Key Indemnity Co.;First Liberty Insurance Corp.,Universal P&C Insurance Co.;Florida Family Insurance Co.;First Protective Insurance Co.;Cypress P&C Insurance Co.;Florida Peninsula Insurance Co;Tower Hill Insurance Exchange;Kin Interinsurance Network;Heritage P&C Insurance Co.;Florida Family Home Ins Co.;US Coastal P&C Insurance Co.;TypTap Insurance Co.;Homeowners Choice P&C Ins Co.;Edison Insurance Co.;Safe Harbor Insurance Co.;GeoVera Specialty Insurance Co;Florida Farm Bureau Cas Ins Co;Universal North America Ins Co;American Platinum P&C Ins Co.,3804750042.8971066,11,35.166819401784345,1928806962.8587599,16453907.153540477,1,0.9811320754716981,8062542419.481913,311486220.0,5997098290.704621,539937478.65,359958319.1,539937478.65,359958319.1,9311691595.73252,12752691595.73252,3441000000.0,1395853723.0,1395853723.0,0.0,True,21871200270.009506,17000000000.0,4871200270.009506,0.7772778718189942,12387286361.907124,4612713638.0928755,2125000000.0000002,0.0,13,9464500000.0,9464500000.0,61
great_miami,baseline,,1926255N15314,"{""1926255N15314"": 0.6644351650512846}",170354720952.15985,113189667133.11388,57165053819.04597,31886098639.297474,49942850731.12272,0.0,24620703902.764683,6740013859.928982,31886098639.297474,49942850731.12272,16808161983.105907,40356891835.94005,14.452610274110825,3.9564585133051624,18.71747284787719,29.316974869835278,9.866566590676456,23.689916904195066,24620703902.764683,6740013859.928982,16808161983.105907,25,16,9,Universal P&C Insurance Co.;Florida Family Insurance Co.;First Protective Insurance Co.;Cypress P&C Insurance Co.;Florida Peninsula Insurance Co;Tower Hill Insurance Exchange;Kin Interinsurance Network;Heritage P&C Insurance Co.;Florida Family Home Ins Co.;US Coastal P&C Insurance Co.;TypTap Insurance Co.;Homeowners Choice P&C Ins Co.;Edison Insurance Co.;Safe Harbor Insurance Co.;GeoVera Specialty Insurance Co;Auto Club Insurance Co. of FL;American Platinum P&C Ins Co.;FL Farm Bureau General Ins Co.;Homesite Insurance Co.;State Farm FL Ins Co;AIG Property Casualty Co.;ASI Preferred Insurance Corp.;ACE Ins Co. of the Midwest;Castle Key Indemnity Co.;First Liberty Insurance Corp.,Universal P&C Insurance Co.;Florida Family Insurance Co.;First Protective Insurance Co.;Cypress P&C Insurance Co.;Florida Peninsula Insurance Co;Tower Hill Insurance Exchange;Kin Interinsurance Network;Heritage P&C Insurance Co.;Florida Family Home Ins Co.;US Coastal P&C Insurance Co.;TypTap Insurance Co.;Homeowners Choice P&C Ins Co.;Edison Insurance Co.;Safe Harbor Insurance Co.;GeoVera Specialty Insurance Co;American Platinum P&C Ins Co.,1502832413.6263838,9,34.139892835311265,1367526835.7204597,3746828.5343687013,1,0.9811320754716981,4448303931.918674,322826880.0,4394858439.581722,539937478.65,359958319.1,539937478.65,359958319.1,13367161983.105907,16808161983.105907,3441000000.0,1395853723.0,1395853723.0,0.0,False,6639589578.838486,6639589578.838486,0.0,1.0,5438553679.873453,1201035898.965032,2118020161.278203,0.0,13,9464500000.0,9464500000.0,62
great_miami,baseline,,1926255N15314,"{""1926255N15314"": 0.878573785765994}",170354720952.15985,149669192110.04858,20685528842.11126,33382657703.136627,35464742923.88761,0.0,62465741835.08469,18356049647.939632,33382657703.136627,35464742923.88761,6148509133.299478,14537019708.81178,36.66804270873522,10.77519281258692,19.59596864504352,20.818174410233723,3.609239062430294,8.533382360970297,62465741835.08469,18356049647.939632,6148509133.299478,35,22,13,Universal P&C Insurance Co.;Florida Family Insurance Co.;First Protective Insurance Co.;Cypress P&C Insurance Co.;Florida Peninsula Insurance Co;Tower Hill Insurance Exchange;Kin Interinsurance Network;Unique Insurance Co.;Heritage P&C Insurance Co.;Florida Family Home Ins Co.;US Coastal P&C Insurance Co.;TypTap Insurance Co.;Homeowners Choice P&C Ins Co.;Vault E&S Insurance Co.;Edison Insurance Co.;Safe Harbor Insurance Co.;Spinnaker Specialty Ins Co.;GeoVera Specialty Insurance Co;Florida Farm Bureau Cas Ins Co;Universal North America Ins Co;QBE Specialty Insurance Co.;Auto Club Insurance Co. of FL;American Platinum P&C Ins Co.;FL Farm Bureau General Ins Co.;Castle Key Insurance Co.;Homesite Insurance Co.;PURE Specialty Exchange;State Farm FL Ins Co;AIG Property Casualty Co.;Foremost P&C Insurance Co.;ASI Preferred Insurance Corp.;Nationwide P&C Insurance Co.;ACE Ins Co. of the Midwest;Castle Key Indemnity Co.;First Liberty Insurance Corp.,Universal P&C Insurance Co.;Florida Family Insurance Co.;First Protective Insurance Co.;Cypress P&C Insurance Co.;Florida Peninsula Insurance Co;Tower Hill Insurance Exchange;Kin Interinsurance Network;Unique Insurance Co.;Heritage P&C Insurance Co.;Florida Family Home Ins Co.;US Coastal P&C Insurance Co.;TypTap Insurance Co.;Homeowners Choice P&C Ins Co.;Vault E&S Insurance Co.;Edison Insurance Co.;Safe Harbor Insurance Co.;Spinnaker Specialty Ins Co.;GeoVera Specialty Insurance Co;Florida Farm Bureau Cas Ins Co;Universal North America Ins Co;QBE Specialty Insurance Co.;American Platinum P&C Ins Co.,7243221348.57718,13,35.89838321723671,4313254664.950938,52729222.25125286,1,0.9811320754716981,16745577805.439745,303407340.0,12448470529.812868,539937478.65,359958319.1,539937478.65,359958319.1,2707509133.2994776,6148509133.299478,3441000000.0,1395853723.0,1395853723.0,0.0,True,26772922476.174545,16999999999.999998,9772922476.174547,0.6349699034585576,12224252018.198425,4775747981.801578,2249319247.072856,0.0,14,9464500000.0,9464500000.0,63
great_miami,baseline,,1926255N15314,"{""1926255N15314"": 0.5730883176653959}",170354720952.1598,97628300436.83124,72726420515.32857,21764518801.595425,27729337580.61874,0.0,38247800343.20475,9886643711.412323,21764518801.595425,27729337580.61874,21355336513.36072,51371084001.96786,22.451858175357387,5.803563092442128,12.775999796159152,16.277410702580934,12.535805520387003,30.155362713073412,38247800343.20475,9886643711.412323,21355336513.36072,28,18,10,Universal P&C Insurance Co.;Florida Family Insurance Co.;First Protective Insurance Co.;Cypress P&C Insurance Co.;Florida Peninsula Insurance Co;Tower Hill Insurance Exchange;Kin Interinsurance Network;Heritage P&C Insurance Co.;Florida Family Home Ins Co.;US Coastal P&C Insurance Co.;TypTap Insurance Co.;Homeowners Choice P&C Ins Co.;Edison Insurance Co.;Safe Harbor Insurance Co.;GeoVera Specialty Insurance Co;Florida Farm Bureau Cas Ins Co;Universal North America Ins Co;Auto Club Insurance Co. of FL;American Platinum P&C Ins Co.;FL Farm Bureau General Ins Co.;Homesite Insurance Co.;State Farm FL Ins Co;AIG Property Casualty Co.;Foremost P&C Insurance Co.;ASI Preferred Insurance Corp.;ACE Ins Co. of the Midwest;Castle Key Indemnity Co.;First Liberty Insurance Corp.,Universal P&C Insurance Co.;Florida Family Insurance Co.;First Protective Insurance Co.;Cypress P&C Insurance Co.;Florida Peninsula Insurance Co;Tower Hill Insurance Exchange;Kin Interinsurance Network;Heritage P&C Insurance Co.;Florida Family Home Ins Co.;US Coastal P&C Insurance Co.;TypTap Insurance Co.;Homeowners Choice P&C Ins Co.;Edison Insurance Co.;Safe Harbor Insurance Co.;GeoVera Specialty Insurance Co;Florida Farm Bureau Cas Ins Co;Universal North America Ins Co;American Platinum P&C Ins Co.,2950139370.7853127,10,35.166819401784345,1618801569.3559806,7524644.173837744,1,0.9811320754716981,6126258384.360717,311486220.0,5083248227.247897,539937478.65,359958319.1,539937478.65,359958319.1,17914336513.36072,21355336513.36072,3441000000.0,1395853723.0,1395853723.0,0.0,True,19783988296.026215,17000000000.0,2783988296.0262146,0.8592807347856447,13313566303.4036,3686433696.5963993,2125000000.0000002,0.0,13,9464500000.0,9464500000.0,64
great_miami,baseline,,1926255N15314,"{""1926255N15314"": 0.471188899660416}",170354720952.1598,80269253517.4054,90085467434.75441,5867705481.097299,51415182947.766716,0.0,17948993559.752266,5037371528.789122,5867705481.097299,51415182947.766716,26427809745.443085,63657657689.311325,10.536246638443808,2.9569896863637557,3.4444043865066174,30.181249254727426,15.513400273107036,37.36770976085137,17948993559.752266,5037371528.789122,26427809745.443085,21,14,7,Universal P&C Insurance Co.;First Protective Insurance Co.;Cypress P&C Insurance Co.;Florida Peninsula Insurance Co;Tower Hill Insurance Exchange;Kin Interinsurance Network;Heritage P&C Insurance Co.;Florida Family Home Ins Co.;US Coastal P&C Insurance Co.;TypTap Insurance Co.;Homeowners Choice P&C Ins Co.;Edison Insurance Co.;Safe Harbor Insurance Co.;GeoVera Specialty Insurance Co;FL Farm Bureau General Ins Co.;State Farm FL Ins Co;AIG Property Casualty Co.;ASI Preferred Insurance Corp.;ACE Ins Co. of the Midwest;Castle Key Indemnity Co.;First Liberty Insurance Corp.,Universal P&C Insurance Co.;First Protective Insurance Co.;Cypress P&C Insurance Co.;Florida Peninsula Insurance Co;Tower Hill Insurance Exchange;Kin Interinsurance Network;Heritage P&C Insurance Co.;Florida Family Home Ins Co.;US Coastal P&C Insurance Co.;TypTap Insurance Co.;Homeowners Choice P&C Ins Co.;Edison Insurance Co.;Safe Harbor Insurance Co.;GeoVera Specialty Insurance Co,936913179.7704684,7,33.538670472629846,1160264772.691575,0.0,0,1.0,3000248011.9366364,329466360.0,3156038533.5187993,539937478.65,359958319.1,539937478.65,359958319.1,22986809745.443085,26427809745.443085,3441000000.0,1395853723.0,1395853723.0,0.0,False,3023342554.181793,3023342554.181793,0.0,1.0,2276153390.490409,747189163.6913841,2058404290.5008218,0.0,13,9464500000.0,9464500000.0,65
great_miami,baseline,,1926255N15314,"{""1926255N15314"": 0.7687386682043469}",170354720952.1598,130958261307.08649,39396459645.07331,19646281556.4062,41949198592.59818,0.0,55564219963.6192,13798561194.462896,19646281556.4062,41949198592.59818,11616015274.962097,27780444370.111214,32.61677730623217,8.099899502249723,11.532572415133366,24.624617596819434,6.8187222579080675,16.307410921657237,55564219963.6192,13798561194.462896,11616015274.962097,34,21,13,Universal P&C Insurance Co.;Florida Family Insurance Co.;First Protective Insurance Co.;Cypress P&C Insurance Co.;Florida Peninsula Insurance Co;Tower Hill Insurance Exchange;Kin Interinsurance Network;Unique Insurance Co.;Heritage P&C Insurance Co.;Florida Family Home Ins Co.;US Coastal P&C Insurance Co.;TypTap Insurance Co.;Homeowners Choice P&C Ins Co.;Vault E&S Insurance Co.;Edison Insurance Co.;Safe Harbor Insurance Co.;GeoVera Specialty Insurance Co;Florida Farm Bureau Cas Ins Co;Universal North America Ins Co;QBE Specialty Insurance Co.;Auto Club Insurance Co. of FL;American Platinum P&C Ins Co.;FL Farm Bureau General Ins Co.;Castle Key Insurance Co.;Homesite Insurance Co.;PURE Specialty Exchange;State Farm FL Ins Co;AIG Property Casualty Co.;Foremost P&C Insurance Co.;ASI Preferred Insurance Corp.;Nationwide P&C Insurance Co.;ACE Ins Co. of the Midwest;Castle Key Indemnity Co.;First Liberty Insurance Corp.,Universal P&C Insurance Co.;Florida Family Insurance Co.;First Protective Insurance Co.;Cypress P&C Insurance Co.;Florida Peninsula Insurance Co;Tower Hill Insurance Exchange;Kin Interinsurance Network;Unique Insurance Co.;Heritage P&C Insurance Co.;Florida Family Home Ins Co.;US Coastal P&C Insurance Co.;TypTap Insurance Co.;Homeowners Choice P&C Ins Co.;Vault E&S Insurance Co.;Edison Insurance Co.;Safe Harbor Insurance Co.;GeoVera Specialty Insurance Co;Florida Farm Bureau Cas Ins Co;Universal North America Ins Co;QBE Specialty Insurance Co.;American Platinum P&C Ins Co.,6683941414.105513,13,35.80938809441937,3231058964.1884656,54592186.83531077,1,0.9811320754716981,12631936520.040089,304390140.0,8198767554.7250595,539937478.65,359958319.1,539937478.65,359958319.1,8175015274.962097,11616015274.962097,3441000000.0,1395853723.0,1395853723.0,0.0,True,25574100845.148834,16999999999.999998,8574100845.148836,0.6647350029209234,12493529212.878187,4506470787.121813,2247740861.8323145,0.0,14,9464500000.0,9464500000.0,66
great_miami,baseline,,1926255N15314,"{""1926255N15314"": 0.5072839896256506}",170354720952.15982,86418222496.17606,83936498455.98376,6562714272.931192,45851722796.65399,0.0,26206788172.181072,7796997254.409792,6562714272.931192,45851722796.65399,24631024432.603424,59305474023.38034,15.383658301750641,4.57691880261974,3.852381804419837,26.915440053774848,14.458668532890542,34.81293250454439,26206788172.181072,7796997254.409792,24631024432.603424,24,15,9,Universal P&C Insurance Co.;Florida Family Insurance Co.;First Protective Insurance Co.;Cypress P&C Insurance Co.;Florida Peninsula Insurance Co;Tower Hill Insurance Exchange;Kin Interinsurance Network;Heritage P&C Insurance Co.;Florida Family Home Ins Co.;US Coastal P&C Insurance Co.;TypTap Insurance Co.;Homeowners Choice P&C Ins Co.;Edison Insurance Co.;Safe Harbor Insurance Co.;GeoVera Specialty Insurance Co;Auto Club Insurance Co. of FL;FL Farm Bureau General Ins Co.;Homesite Insurance Co.;State Farm FL Ins Co;AIG Property Casualty Co.;ASI Preferred Insurance Corp.;ACE Ins Co. of the Midwest;Castle Key Indemnity Co.;First Liberty Insurance Corp.,Universal P&C Insurance Co.;Florida Family Insurance Co.;First Protective Insurance Co.;Cypress P&C Insurance Co.;Florida Peninsula Insurance Co;Tower Hill Insurance Exchange;Kin Interinsurance Network;Heritage P&C Insurance Co.;Florida Family Home Ins Co.;US Coastal P&C Insurance Co.;TypTap Insurance Co.;Homeowners Choice P&C Ins Co.;Edison Insurance Co.;Safe Harbor Insurance Co.;GeoVera Specialty Insurance Co,1816920012.5293584,9,33.98254315570729,1206089677.7862659,0.0,0,1.0,3863080489.1736875,324564540.0,3419867711.741722,539937478.65,359958319.1,539937478.65,359958319.1,21190024432.603424,24631024432.603424,3441000000.0,1395853723.0,1395853723.0,0.0,False,10555078513.843147,10555078513.843147,0.0,1.0,7288435758.99085,3266642754.8522973,2123437894.669412,0.0,13,9464500000.0,9464500000.0,67
great_miami,baseline,,1926255N15314,"{""1926255N15314"": 0.7721947603086203}",170354720952.1598,131547022913.09496,38807698039.064835,19306843428.179688,67051676475.16996,0.0,35417476170.35681,9771026839.388508,19306843428.179688,67051676475.16996,11443973716.435415,27363724322.629417,20.790428332363618,5.735694781321897,11.333318689536975,39.36003422763956,6.717732066638289,16.06279190249966,35417476170.35681,9771026839.388508,11443973716.435415,28,18,10,Universal P&C Insurance Co.;Florida Family Insurance Co.;First Protective Insurance Co.;Cypress P&C Insurance Co.;Florida Peninsula Insurance Co;Tower Hill Insurance Exchange;Kin Interinsurance Network;Heritage P&C Insurance Co.;Florida Family Home Ins Co.;US Coastal P&C Insurance Co.;TypTap Insurance Co.;Homeowners Choice P&C Ins Co.;Edison Insurance Co.;Safe Harbor Insurance Co.;GeoVera Specialty Insurance Co;Florida Farm Bureau Cas Ins Co;Universal North America Ins Co;Auto Club Insurance Co. of FL;American Platinum P&C Ins Co.;FL Farm Bureau General Ins Co.;Homesite Insurance Co.;State Farm FL Ins Co;AIG Property Casualty Co.;Foremost P&C Insurance Co.;ASI Preferred Insurance Corp.;ACE Ins Co. of the Midwest;Castle Key Indemnity Co.;First Liberty Insurance Corp.,Universal P&C Insurance Co.;Florida Family Insurance Co.;First Protective Insurance Co.;Cypress P&C Insurance Co.;Florida Peninsula Insurance Co;Tower Hill Insurance Exchange;Kin Interinsurance Network;Heritage P&C Insurance Co.;Florida Family Home Ins Co.;US Coastal P&C Insurance Co.;TypTap Insurance Co.;Homeowners Choice P&C Ins Co.;Edison Insurance Co.;Safe Harbor Insurance Co.;GeoVera Specialty Insurance Co;Florida Farm Bureau Cas Ins Co;Universal North America Ins Co;American Platinum P&C Ins Co.,2514303940.622217,10,35.166819401784345,1611011907.9449809,7384939.471130684,1,0.9811320754716981,5896871753.278396,311486220.0,4367710525.157039,539937478.65,359958319.1,539937478.65,359958319.1,8002973716.435415,11443973716.435415,3441000000.0,1395853723.0,1395853723.0,0.0,False,15600964261.730883,15600964261.730883,0.0,1.0,11299023983.34081,4301940278.390072,2124999999.9999998,0.0,13,9464500000.0,9464500000.0,68
great_miami,baseline,,1926255N15314,"{""1926255N15314"": 0.8972834435895669}",170354720952.15982,152856470647.69373,17498250304.466087,30710366125.342773,81375889570.94328,0.0,32898439607.080807,7871775344.32687,30710366125.342773,81375889570.94328,5217157018.149454,12281093286.31663,19.311727566575378,4.620814322215042,18.027305585483052,47.76849688468324,3.0625256458930608,7.2091299951502315,32898439607.080807,7871775344.32687,5217157018.149454,27,17,10,Universal P&C Insurance Co.;Florida Family Insurance Co.;First Protective Insurance Co.;Cypress P&C Insurance Co.;Florida Peninsula Insurance Co;Tower Hill Insurance Exchange;Kin Interinsurance Network;Heritage P&C Insurance Co.;Florida Family Home Ins Co.;US Coastal P&C Insurance Co.;TypTap Insurance Co.;Homeowners Choice P&C Ins Co.;Edison Insurance Co.;Safe Harbor Insurance Co.;GeoVera Specialty Insurance Co;Universal North America Ins Co;Auto Club Insurance Co. of FL;American Platinum P&C Ins Co.;FL Farm Bureau General Ins Co.;Homesite Insurance Co.;State Farm FL Ins Co;AIG Property Casualty Co.;Foremost P&C Insurance Co.;ASI Preferred Insurance Corp.;ACE Ins Co. of the Midwest;Castle Key Indemnity Co.;First Liberty Insurance Corp.,Universal P&C Insurance Co.;Florida Family Insurance Co.;First Protective Insurance Co.;Cypress P&C Insurance Co.;Florida Peninsula Insurance Co;Tower Hill Insurance Exchange;Kin Interinsurance Network;Heritage P&C Insurance Co.;Florida Family Home Ins Co.;US Coastal P&C Insurance Co.;TypTap Insurance Co.;Homeowners Choice P&C Ins Co.;Edison Insurance Co.;Safe Harbor Insurance Co.;GeoVera Specialty Insurance Co;Universal North America Ins Co;American Platinum P&C Ins Co.,2843811054.771277,10,34.45361965929429,1917851228.1822886,12613710.275788061,1,0.9811320754716981,6894825453.669354,319362300.0,4026083206.231195,539937478.65,359958319.1,539937478.65,359958319.1,1776157018.149454,5217157018.149454,3441000000.0,1395853723.0,1395853723.0,0.0,False,10066527477.082378,10066527477.082378,0.0,1.0,7302043143.861604,2764484333.220775,2125000000.0,0.0,13,9464500000.0,9464500000.0,69
great_miami,baseline,,1926255N15314,"{""1926255N15314"": 0.7511180018828909}",170354720952.15985,127956497612.90378,42398223339.25608,38142140111.29995,60903362573.65914,0.0,23671054446.576096,5239940481.368545,38142140111.29995,60903362573.65914,12493158245.912848,29905065093.343216,13.895156127327729,3.07589977670185,22.389834515951737,35.75090976830776,7.3336143407620975,17.554585470948794,23671054446.576096,5239940481.368545,12493158245.912848,25,16,9,Universal P&C Insurance Co.;Florida Family Insurance Co.;First Protective Insurance Co.;Cypress P&C Insurance Co.;Florida Peninsula Insurance Co;Tower Hill Insurance Exchange;Kin Interinsurance Network;Heritage P&C Insurance Co.;Florida Family Home Ins Co.;US Coastal P&C Insurance Co.;TypTap Insurance Co.;Homeowners Choice P&C Ins Co.;Edison Insurance Co.;Safe Harbor Insurance Co.;GeoVera Specialty Insurance Co;Auto Club Insurance Co. of FL;American Platinum P&C Ins Co.;FL Farm Bureau General Ins Co.;Homesite Insurance Co.;State Farm FL Ins Co;AIG Property Casualty Co.;ASI Preferred Insurance Corp.;ACE Ins Co. of the Midwest;Castle Key Indemnity Co.;First Liberty Insurance Corp.,Universal P&C Insurance Co.;Florida Family Insurance Co.;First Protective Insurance Co.;Cypress P&C Insurance Co.;Florida Peninsula Insurance Co;Tower Hill Insurance Exchange;Kin Interinsurance Network;Heritage P&C Insurance Co.;Florida Family Home Ins Co.;US Coastal P&C Insurance Co.;TypTap Insurance Co.;Homeowners Choice P&C Ins Co.;Edison Insurance Co.;Safe Harbor Insurance Co.;GeoVera Specialty Insurance Co;American Platinum P&C Ins Co.,1676111809.488069,9,34.139892835311265,1629325767.9789782,6480446.025029674,1,0.9811320754716981,5178016359.420586,322826880.0,3827210872.422207,539937478.65,359958319.1,539937478.65,359958319.1,9052158245.912848,12493158245.912848,3441000000.0,1395853723.0,1395853723.0,0.0,False,3159643695.9435043,3159643695.9435043,0.0,1.0,2855741918.60108,303901777.3424245,2115270879.5042217,0.0,13,9464500000.0,9464500000.0,70
great_miami,baseline,,1926255N15314,"{""1926255N15314"": 0.6195681555601533}",170354720952.1598,105546360251.29428,64808360700.865524,28025652937.048237,49976770315.24914,0.0,23145825323.736362,4398111675.260537,28025652937.048237,49976770315.24914,19041606580.7603,45766754120.10524,13.586841147910622,2.581737477352122,16.451350910855357,29.33688601989725,11.17762189056545,26.865562553419213,23145825323.736362,4398111675.260537,19041606580.7603,24,16,8,Universal P&C Insurance Co.;Florida Family Insurance Co.;First Protective Insurance Co.;Cypress P&C Insurance Co.;Florida Peninsula Insurance Co;Tower Hill Insurance Exchange;Kin Interinsurance Network;Heritage P&C Insurance Co.;Florida Family Home Ins Co.;US Coastal P&C Insurance Co.;TypTap Insurance Co.;Homeowners Choice P&C Ins Co.;Edison Insurance Co.;Safe Harbor Insurance Co.;GeoVera Specialty Insurance Co;Auto Club Insurance Co. of FL;American Platinum P&C Ins Co.;FL Farm Bureau General Ins Co.;State Farm FL Ins Co;AIG Property Casualty Co.;ASI Preferred Insurance Corp.;ACE Ins Co. of the Midwest;Castle Key Indemnity Co.;First Liberty Insurance Corp.,Universal P&C Insurance Co.;Florida Family Insurance Co.;First Protective Insurance Co.;Cypress P&C Insurance Co.;Florida Peninsula Insurance Co;Tower Hill Insurance Exchange;Kin Interinsurance Network;Heritage P&C Insurance Co.;Florida Family Home Ins Co.;US Coastal P&C Insurance Co.;TypTap Insurance Co.;Homeowners Choice P&C Ins Co.;Edison Insurance Co.;Safe Harbor Insurance Co.;GeoVera Specialty Insurance Co;American Platinum P&C Ins Co.,1380277633.5884633,8,34.139892835311265,1307246260.0130174,2876710.3461749516,1,0.9811320754716981,4128884818.164963,322826880.0,3289404925.22047,539937478.65,359958319.1,539937478.65,359958319.1,15600606580.7603,19041606580.7603,3441000000.0,1395853723.0,1395853723.0,0.0,False,4585650216.345107,4585650216.345107,0.0,1.0,4585650216.345107,0.0,2108685890.1336293,0.0,13,9464500000.0,9464500000.0,71
great_miami,baseline,,1926255N15314,"{""1926255N15314"": 0.7805732753494328}",170354720952.1598,132974342504.86601,37380378447.29378,29705884383.322956,52695059449.21564,0.0,39925195019.39222,10648203652.935219,29705884383.322956,52695059449.21564,11026897798.817877,26353480648.475903,23.436506365212086,6.250606730133133,17.43766431437211,30.932550125225962,6.472904147995129,15.469768317061593,39925195019.39222,10648203652.935219,11026897798.817877,30,19,11,Universal P&C Insurance Co.;Florida Family Insurance Co.;First Protective Insurance Co.;Cypress P&C Insurance Co.;Florida Peninsula Insurance Co;Tower Hill Insurance Exchange;Kin Interinsurance Network;Heritage P&C Insurance Co.;Florida Family Home Ins Co.;US Coastal P&C Insurance Co.;TypTap Insurance Co.;Homeowners Choice P&C Ins Co.;Vault E&S Insurance Co.;Edison Insurance Co.;Safe Harbor Insurance Co.;GeoVera Specialty Insurance Co;Florida Farm Bureau Cas Ins Co;Universal North America Ins Co;Auto Club Insurance Co. of FL;American Platinum P&C Ins Co.;FL Farm Bureau General Ins Co.;Castle Key Insurance Co.;Homesite Insurance Co.;State Farm FL Ins Co;AIG Property Casualty Co.;Foremost P&C Insurance Co.;ASI Preferred Insurance Corp.;ACE Ins Co. of the Midwest;Castle Key Indemnity Co.;First Liberty Insurance Corp.,Universal P&C Insurance Co.;Florida Family Insurance Co.;First Protective Insurance Co.;Cypress P&C Insurance Co.;Florida Peninsula Insurance Co;Tower Hill Insurance Exchange;Kin Interinsurance Network;Heritage P&C Insurance Co.;Florida Family Home Ins Co.;US Coastal P&C Insurance Co.;TypTap Insurance Co.;Homeowners Choice P&C Ins Co.;Vault E&S Insurance Co.;Edison Insurance Co.;Safe Harbor Insurance Co.;GeoVera Specialty Insurance Co;Florida Farm Bureau Cas Ins Co;Universal North America Ins Co;American Platinum P&C Ins Co.,3620110144.5239525,11,35.41856476294073,1684187751.3060524,16610135.328038968,1,0.9811320754716981,7030147128.358036,308706120.0,5110891378.853157,539937478.65,359958319.1,539937478.65,359958319.1,7585897798.817877,11026897798.817877,3441000000.0,1395853723.0,1395853723.0,0.0,True,18683914513.202713,17000000000.0,1683914513.202713,0.9098735700159193,12564279106.343487,4435720893.6565075,2125000000.0000005,0.0,13,9464500000.0,9464500000.0,72
great_miami,baseline,,1926255N15314,"{""1926255N15314"": 0.8113186630835375}",170354720952.15982,138211964452.87543,32142756499.284397,14510750512.691513,65521294357.69581,0.0,46645168154.27743,11534751428.210651,14510750512.691513,65521294357.69581,9496416473.756544,22646340025.52785,27.38120076365635,6.771019531328351,8.517962068551373,38.46168394481768,5.574495629283671,13.293638062362565,46645168154.27743,11534751428.210651,9496416473.756544,32,20,12,Universal P&C Insurance Co.;Florida Family Insurance Co.;First Protective Insurance Co.;Cypress P&C Insurance Co.;Florida Peninsula Insurance Co;Tower Hill Insurance Exchange;Kin Interinsurance Network;Heritage P&C Insurance Co.;Florida Family Home Ins Co.;US Coastal P&C Insurance Co.;TypTap Insurance Co.;Homeowners Choice P&C Ins Co.;Vault E&S Insurance Co.;Edison Insurance Co.;Safe Harbor Insurance Co.;Spinnaker Specialty Ins Co.;GeoVera Specialty Insurance Co;Florida Farm Bureau Cas Ins Co;Universal North America Ins Co;Auto Club Insurance Co. of FL;American Platinum P&C Ins Co.;FL Farm Bureau General Ins Co.;Castle Key Insurance Co.;Homesite Insurance Co.;State Farm FL Ins Co;AIG Property Casualty Co.;Foremost P&C Insurance Co.;ASI Preferred Insurance Corp.;Nationwide P&C Insurance Co.;ACE Ins Co. of the Midwest;Castle Key Indemnity Co.;First Liberty Insurance Corp.,Universal P&C Insurance Co.;Florida Family Insurance Co.;First Protective Insurance Co.;Cypress P&C Insurance Co.;Florida Peninsula Insurance Co;Tower Hill Insurance Exchange;Kin Interinsurance Network;Heritage P&C Insurance Co.;Florida Family Home Ins Co.;US Coastal P&C Insurance Co.;TypTap Insurance Co.;Homeowners Choice P&C Ins Co.;Vault E&S Insurance Co.;Edison Insurance Co.;Safe Harbor Insurance Co.;Spinnaker Specialty Ins Co.;GeoVera Specialty Insurance Co;Florida Farm Bureau Cas Ins Co;Universal North America Ins Co;American Platinum P&C Ins Co.,5008703943.405351,12,35.50755988575808,2250084873.1442704,16319760.40751335,1,0.9811320754716981,9008189178.091578,307723320.0,6220825659.381163,539937478.65,359958319.1,539937478.65,359958319.1,6055416473.756544,9496416473.756544,3441000000.0,1395853723.0,1395853723.0,0.0,True,22078772039.68148,17000000000.0,5078772039.68148,0.769970357474883,12779574467.869383,4220425532.130618,2143651073.1282833,0.0,14,9464500000.0,9464500000.0,73
great_miami,baseline,,1926255N15314,"{""1926255N15314"": 0.6261246435800641}",170354720952.1598,106663288938.35233,63691432013.80747,18355831800.907375,37158708492.742516,0.0,39489588415.06709,11659160229.635368,18355831800.907375,37158708492.742516,18715229741.43585,44976202272.37161,23.18080073997881,6.844048796810025,10.775064934104286,21.812549887113306,10.986035277937258,26.40150036405633,39489588415.06709,11659160229.635368,18715229741.43585,27,18,9,Universal P&C Insurance Co.;Florida Family Insurance Co.;First Protective Insurance Co.;Cypress P&C Insurance Co.;Florida Peninsula Insurance Co;Tower Hill Insurance Exchange;Kin Interinsurance Network;Heritage P&C Insurance Co.;Florida Family Home Ins Co.;US Coastal P&C Insurance Co.;TypTap Insurance Co.;Homeowners Choice P&C Ins Co.;Edison Insurance Co.;Safe Harbor Insurance Co.;GeoVera Specialty Insurance Co;Florida Farm Bureau Cas Ins Co;Universal North America Ins Co;Auto Club Insurance Co. of FL;American Platinum P&C Ins Co.;FL Farm Bureau General Ins Co.;Homesite Insurance Co.;State Farm FL Ins Co;AIG Property Casualty Co.;ASI Preferred Insurance Corp.;ACE Ins Co. of the Midwest;Castle Key Indemnity Co.;First Liberty Insurance Corp.,Universal P&C Insurance Co.;Florida Family Insurance Co.;First Protective Insurance Co.;Cypress P&C Insurance Co.;Florida Peninsula Insurance Co;Tower Hill Insurance Exchange;Kin Interinsurance Network;Heritage P&C Insurance Co.;Florida Family Home Ins Co.;US Coastal P&C Insurance Co.;TypTap Insurance Co.;Homeowners Choice P&C Ins Co.;Edison Insurance Co.;Safe Harbor Insurance Co.;GeoVera Specialty Insurance Co;Florida Farm Bureau Cas Ins Co;Universal North America Ins Co;American Platinum P&C Ins Co.,3483684528.082153,9,35.166819401784345,1648228553.8395834,11998260.940569393,1,0.9811320754716981,6547177591.538067,311486220.0,6080063587.26393,539937478.65,359958319.1,539937478.65,359958319.1,15274229741.435848,18715229741.43585,3441000000.0,1395853723.0,1395853723.0,0.0,True,17280834468.194054,17000000000.0,280834468.19405365,0.9837487900997525,12550939618.692331,4449060381.307674,2124999999.9999995,0.0,13,9464500000.0,9464500000.0,74
great_miami,baseline,,1926255N15314,"{""1926255N15314"": 0.7734745087727868}",170354720952.1598,131765034105.59697,38589686846.56281,43339291442.685196,46616162122.9544,0.0,32397628926.2945,9411951613.662918,43339291442.685196,46616162122.9544,11380268840.0448,27209418006.518013,19.017746467614845,5.524913874447923,25.440616614819874,27.364173920396063,6.680336639006727,15.972212483714584,32397628926.2945,9411951613.662918,11380268840.0448,27,18,9,Universal P&C Insurance Co.;Florida Family Insurance Co.;First Protective Insurance Co.;Cypress P&C Insurance Co.;Florida Peninsula Insurance Co;Tower Hill Insurance Exchange;Kin Interinsurance Network;Heritage P&C Insurance Co.;Florida Family Home Ins Co.;US Coastal P&C Insurance Co.;TypTap Insurance Co.;Homeowners Choice P&C Ins Co.;Edison Insurance Co.;Safe Harbor Insurance Co.;GeoVera Specialty Insurance Co;Florida Farm Bureau Cas Ins Co;Universal North America Ins Co;Auto Club Insurance Co. of FL;American Platinum P&C Ins Co.;FL Farm Bureau General Ins Co.;Homesite Insurance Co.;State Farm FL Ins Co;AIG Property Casualty Co.;ASI Preferred Insurance Corp.;ACE Ins Co. of the Midwest;Castle Key Indemnity Co.;First Liberty Insurance Corp.,Universal P&C Insurance Co.;Florida Family Insurance Co.;First Protective Insurance Co.;Cypress P&C Insurance Co.;Florida Peninsula Insurance Co;Tower Hill Insurance Exchange;Kin Interinsurance Network;Heritage P&C Insurance Co.;Florida Family Home Ins Co.;US Coastal P&C Insurance Co.;TypTap Insurance Co.;Homeowners Choice P&C Ins Co.;Edison Insurance Co.;Safe Harbor Insurance Co.;GeoVera Specialty Insurance Co;Florida Farm Bureau Cas Ins Co;Universal North America Ins Co;American Platinum P&C Ins Co.,2588242948.894816,9,35.166819401784345,1711519489.72576,8261160.59361507,1,0.9811320754716981,6126047063.824088,311486220.0,4511755836.793034,539937478.65,359958319.1,539937478.65,359958319.1,7939268840.0448,11380268840.0448,3441000000.0,1395853723.0,1395853723.0,0.0,False,12324963837.503859,12324963837.503859,0.0,1.0,8532403950.2282915,3792559887.275567,2125000000.0000002,0.0,13,9464500000.0,9464500000.0,75
great_miami,baseline,,1926255N15314,"{""1926255N15314"": 0.8713299469341184}",170354720952.15985,148435169967.22202,21919550984.937828,33018192528.134052,68772332015.24513,0.0,36723844857.62265,9920800566.220144,33018192528.134052,68772332015.24513,6509101757.7873955,15410449227.150434,21.557280392561402,5.823613522871591,19.382023781663463,40.370076996315376,3.82091069822205,9.046094608366092,36723844857.62265,9920800566.220144,6509101757.7873955,28,18,10,Universal P&C Insurance Co.;Florida Family Insurance Co.;First Protective Insurance Co.;Cypress P&C Insurance Co.;Florida Peninsula Insurance Co;Tower Hill Insurance Exchange;Kin Interinsurance Network;Heritage P&C Insurance Co.;Florida Family Home Ins Co.;US Coastal P&C Insurance Co.;TypTap Insurance Co.;Homeowners Choice P&C Ins Co.;Edison Insurance Co.;Safe Harbor Insurance Co.;GeoVera Specialty Insurance Co;Florida Farm Bureau Cas Ins Co;Universal North America Ins Co;Auto Club Insurance Co. of FL;American Platinum P&C Ins Co.;FL Farm Bureau General Ins Co.;Homesite Insurance Co.;State Farm FL Ins Co;AIG Property Casualty Co.;Foremost P&C Insurance Co.;ASI Preferred Insurance Corp.;ACE Ins Co. of the Midwest;Castle Key Indemnity Co.;First Liberty Insurance Corp.,Universal P&C Insurance Co.;Florida Family Insurance Co.;First Protective Insurance Co.;Cypress P&C Insurance Co.;Florida Peninsula Insurance Co;Tower Hill Insurance Exchange;Kin Interinsurance Network;Heritage P&C Insurance Co.;Florida Family Home Ins Co.;US Coastal P&C Insurance Co.;TypTap Insurance Co.;Homeowners Choice P&C Ins Co.;Edison Insurance Co.;Safe Harbor Insurance Co.;GeoVera Specialty Insurance Co;Florida Farm Bureau Cas Ins Co;Universal North America Ins Co;American Platinum P&C Ins Co.,2720398732.615216,10,35.166819401784345,1754888340.9103734,11499826.820762567,1,0.9811320754716981,6777794506.501982,311486220.0,4463565307.511863,539937478.65,359958319.1,539937478.65,359958319.1,3068101757.7873955,6509101757.7873955,3441000000.0,1395853723.0,1395853723.0,0.0,False,15204731321.115856,15204731321.115856,0.0,1.0,10840017532.34062,4364713788.775237,2125000000.0,0.0,13,9464500000.0,9464500000.0,76
great_miami,baseline,,1926255N15314,"{""1926255N15314"": 0.7975365075718626}",170354720952.15982,135864109196.56476,34490611755.595055,15483726393.748175,49352302855.96261,0.0,54121951384.04828,16906128562.805708,15483726393.748175,49352302855.96261,10182481382.487926,24308130373.10712,31.770150590218847,9.924073995902587,9.089109070300683,28.970317100764152,5.977222894425944,14.269126348387784,54121951384.04828,16906128562.805708,10182481382.487926,35,22,13,Universal P&C Insurance Co.;Florida Family Insurance Co.;First Protective Insurance Co.;Cypress P&C Insurance Co.;Florida Peninsula Insurance Co;Tower Hill Insurance Exchange;Kin Interinsurance Network;Unique Insurance Co.;Heritage P&C Insurance Co.;Florida Family Home Ins Co.;US Coastal P&C Insurance Co.;TypTap Insurance Co.;Homeowners Choice P&C Ins Co.;Vault E&S Insurance Co.;Edison Insurance Co.;Safe Harbor Insurance Co.;Spinnaker Specialty Ins Co.;GeoVera Specialty Insurance Co;Florida Farm Bureau Cas Ins Co;Universal North America Ins Co;QBE Specialty Insurance Co.;Auto Club Insurance Co. of FL;American Platinum P&C Ins Co.;FL Farm Bureau General Ins Co.;Castle Key Insurance Co.;Homesite Insurance Co.;PURE Specialty Exchange;State Farm FL Ins Co;AIG Property Casualty Co.;Foremost P&C Insurance Co.;ASI Preferred Insurance Corp.;Nationwide P&C Insurance Co.;ACE Ins Co. of the Midwest;Castle Key Indemnity Co.;First Liberty Insurance Corp.,Universal P&C Insurance Co.;Florida Family Insurance Co.;First Protective Insurance Co.;Cypress P&C Insurance Co.;Florida Peninsula Insurance Co;Tower Hill Insurance Exchange;Kin Interinsurance Network;Unique Insurance Co.;Heritage P&C Insurance Co.;Florida Family Home Ins Co.;US Coastal P&C Insurance Co.;TypTap Insurance Co.;Homeowners Choice P&C Ins Co.;Vault E&S Insurance Co.;Edison Insurance Co.;Safe Harbor Insurance Co.;Spinnaker Specialty Ins Co.;GeoVera Specialty Insurance Co;Florida Farm Bureau Cas Ins Co;Universal North America Ins Co;QBE Specialty Insurance Co.;American Platinum P&C Ins Co.,5833235908.3933115,13,35.89838321723671,3423467027.2157497,46408149.823632315,1,0.9811320754716981,13228153718.803604,303407340.0,11052815975.202745,539937478.65,359958319.1,539937478.65,359958319.1,6741481382.4879265,10182481382.487926,3441000000.0,1395853723.0,1395853723.0,0.0,True,19924719167.7676,17000000000.0,2924719167.767601,0.8532115236786401,12292690659.5596,4707309340.440397,2220480513.5543194,0.0,14,9464500000.0,9464500000.0,77
great_miami,baseline,,1926255N15314,"{""1926255N15314"": 0.9617659694888262}",170354720952.15982,163841373353.55246,6513347598.607365,28984448036.94009,70526470114.45323,0.0,45696154208.69304,18634300993.466103,28984448036.94009,70526470114.45323,2007267374.3728318,4506080224.234531,26.82411966823376,10.938529257841417,17.014173645988773,41.399774376818684,1.1782869081371254,2.645116142980246,45696154208.69304,18634300993.466103,2007267374.3728318,32,20,12,Universal P&C Insurance Co.;Florida Family Insurance Co.;First Protective Insurance Co.;Cypress P&C Insurance Co.;Florida Peninsula Insurance Co;Tower Hill Insurance Exchange;Kin Interinsurance Network;Heritage P&C Insurance Co.;Florida Family Home Ins Co.;US Coastal P&C Insurance Co.;TypTap Insurance Co.;Homeowners Choice P&C Ins Co.;Vault E&S Insurance Co.;Edison Insurance Co.;Safe Harbor Insurance Co.;GeoVera Specialty Insurance Co;Florida Farm Bureau Cas Ins Co;Universal North America Ins Co;QBE Specialty Insurance Co.;Auto Club Insurance Co. of FL;American Platinum P&C Ins Co.;FL Farm Bureau General Ins Co.;Castle Key Insurance Co.;Homesite Insurance Co.;State Farm FL Ins Co;AIG Property Casualty Co.;Foremost P&C Insurance Co.;ASI Preferred Insurance Corp.;Nationwide P&C Insurance Co.;ACE Ins Co. of the Midwest;Castle Key Indemnity Co.;First Liberty Insurance Corp.,Universal P&C Insurance Co.;Florida Family Insurance Co.;First Protective Insurance Co.;Cypress P&C Insurance Co.;Florida Peninsula Insurance Co;Tower Hill Insurance Exchange;Kin Interinsurance Network;Heritage P&C Insurance Co.;Florida Family Home Ins Co.;US Coastal P&C Insurance Co.;TypTap Insurance Co.;Homeowners Choice P&C Ins Co.;Vault E&S Insurance Co.;Edison Insurance Co.;Safe Harbor Insurance Co.;GeoVera Specialty Insurance Co;Florida Farm Bureau Cas Ins Co;Universal North America Ins Co;QBE Specialty Insurance Co.;American Platinum P&C Ins Co.,4766174193.084318,12,35.71378625186174,2251329670.9434705,27354876.92222728,1,0.9811320754716981,9473216266.597479,305445900.0,12126950509.64266,539937478.65,359958319.1,539937478.65,359958319.1,0.0,2007267374.3728318,2007267374.3728318,1395853723.0,1395853723.0,0.0,True,23209462050.543976,16999999999.999998,6209462050.543978,0.732459889116713,11699619766.653725,5300380233.346275,2220018529.995928,0.0,14,9464500000.0,9464500000.0,78
great_miami,baseline,,1926255N15314,"{""1926255N15314"": 0.5221685319048178}",170354720952.1598,88953874542.64421,81400846409.5156,14747028811.010424,50704626551.80086,0.0,19922860132.81574,3579359047.017199,14747028811.010424,50704626551.80086,23890083573.852055,57510762835.66354,11.694926927449586,2.10112113536459,8.656659896823045,29.76414523084458,14.023728512085695,33.75941829743252,19922860132.81574,3579359047.017199,23890083573.852055,23,15,8,Universal P&C Insurance Co.;First Protective Insurance Co.;Cypress P&C Insurance Co.;Florida Peninsula Insurance Co;Tower Hill Insurance Exchange;Kin Interinsurance Network;Heritage P&C Insurance Co.;Florida Family Home Ins Co.;US Coastal P&C Insurance Co.;TypTap Insurance Co.;Homeowners Choice P&C Ins Co.;Edison Insurance Co.;Safe Harbor Insurance Co.;GeoVera Specialty Insurance Co;Auto Club Insurance Co. of FL;American Platinum P&C Ins Co.;FL Farm Bureau General Ins Co.;State Farm FL Ins Co;AIG Property Casualty Co.;ASI Preferred Insurance Corp.;ACE Ins Co. of the Midwest;Castle Key Indemnity Co.;First Liberty Insurance Corp.,Universal P&C Insurance Co.;First Protective Insurance Co.;Cypress P&C Insurance Co.;Florida Peninsula Insurance Co;Tower Hill Insurance Exchange;Kin Interinsurance Network;Heritage P&C Insurance Co.;Florida Family Home Ins Co.;US Coastal P&C Insurance Co.;TypTap Insurance Co.;Homeowners Choice P&C Ins Co.;Edison Insurance Co.;Safe Harbor Insurance Co.;GeoVera Specialty Insurance Co;American Platinum P&C Ins Co.,1326941093.7611904,8,33.69602015223382,1365583374.3209279,7128070.571112499,1,0.9811320754716981,4290598458.0555067,327728700.0,2505536803.699505,539937478.65,359958319.1,539937478.65,359958319.1,20449083573.852055,23890083573.852055,3441000000.0,1395853723.0,1395853723.0,0.0,False,1070315000.3719964,1070315000.3719964,0.0,1.0,1070315000.3719964,0.0,2116715270.1830666,0.0,13,9464500000.0,9464500000.0,79
great_miami,baseline,,1926255N15314,"{""1926255N15314"": 0.5858415221998873}",170354720952.15985,99800869036.55037,70553851915.60947,23142689848.22657,41922420248.64972,0.0,25929226290.753147,8806532648.920929,23142689848.22657,41922420248.64972,20720491978.51443,49833359937.095024,15.2207265791212,5.1695266205120545,13.585000591046523,24.608898429308958,12.163145149545516,29.252702630465734,25929226290.753147,8806532648.920929,20720491978.51443,25,16,9,Universal P&C Insurance Co.;Florida Family Insurance Co.;First Protective Insurance Co.;Cypress P&C Insurance Co.;Florida Peninsula Insurance Co;Tower Hill Insurance Exchange;Kin Interinsurance Network;Heritage P&C Insurance Co.;Florida Family Home Ins Co.;US Coastal P&C Insurance Co.;TypTap Insurance Co.;Homeowners Choice P&C Ins Co.;Edison Insurance Co.;Safe Harbor Insurance Co.;GeoVera Specialty Insurance Co;Auto Club Insurance Co. of FL;American Platinum P&C Ins Co.;FL Farm Bureau General Ins Co.;Homesite Insurance Co.;State Farm FL Ins Co;AIG Property Casualty Co.;ASI Preferred Insurance Corp.;ACE Ins Co. of the Midwest;Castle Key Indemnity Co.;First Liberty Insurance Corp.,Universal P&C Insurance Co.;Florida Family Insurance Co.;First Protective Insurance Co.;Cypress P&C Insurance Co.;Florida Peninsula Insurance Co;Tower Hill Insurance Exchange;Kin Interinsurance Network;Heritage P&C Insurance Co.;Florida Family Home Ins Co.;US Coastal P&C Insurance Co.;TypTap Insurance Co.;Homeowners Choice P&C Ins Co.;Edison Insurance Co.;Safe Harbor Insurance Co.;GeoVera Specialty Insurance Co;American Platinum P&C Ins Co.,1596121498.6033366,9,34.139892835311265,1391890521.670985,3401083.7868553437,1,0.9811320754716981,4391097238.116912,322826880.0,3906099098.9889746,539937478.65,359958319.1,539937478.65,359958319.1,17279491978.51443,20720491978.51443,3441000000.0,1395853723.0,1395853723.0,0.0,False,10204535372.066547,10204535372.066547,0.0,1.0,6427472918.532587,3777062453.53396,2121474873.1710334,0.0,13,9464500000.0,9464500000.0,80
great_miami,baseline,,1926255N15314,"{""1926255N15314"": 0.6827510592638072}",170354720952.1598,116309866180.67741,54044854771.48238,27095044386.22562,42876934106.71288,0.0,36689947862.27026,9647939825.468658,27095044386.22562,42876934106.71288,15896411112.162436,38148443659.31995,21.537382502345675,5.663441418907352,15.905073974342422,25.169208030785295,9.331359309159726,22.39353476445954,36689947862.27026,9647939825.468658,15896411112.162436,28,18,10,Universal P&C Insurance Co.;Florida Family Insurance Co.;First Protective Insurance Co.;Cypress P&C Insurance Co.;Florida Peninsula Insurance Co;Tower Hill Insurance Exchange;Kin Interinsurance Network;Heritage P&C Insurance Co.;Florida Family Home Ins Co.;US Coastal P&C Insurance Co.;TypTap Insurance Co.;Homeowners Choice P&C Ins Co.;Edison Insurance Co.;Safe Harbor Insurance Co.;GeoVera Specialty Insurance Co;Florida Farm Bureau Cas Ins Co;Universal North America Ins Co;Auto Club Insurance Co. of FL;American Platinum P&C Ins Co.;FL Farm Bureau General Ins Co.;Homesite Insurance Co.;State Farm FL Ins Co;AIG Property Casualty Co.;Foremost P&C Insurance Co.;ASI Preferred Insurance Corp.;ACE Ins Co. of the Midwest;Castle Key Indemnity Co.;First Liberty Insurance Corp.,Universal P&C Insurance Co.;Florida Family Insurance Co.;First Protective Insurance Co.;Cypress P&C Insurance Co.;Florida Peninsula Insurance Co;Tower Hill Insurance Exchange;Kin Interinsurance Network;Heritage P&C Insurance Co.;Florida Family Home Ins Co.;US Coastal P&C Insurance Co.;TypTap Insurance Co.;Homeowners Choice P&C Ins Co.;Edison Insurance Co.;Safe Harbor Insurance Co.;GeoVera Specialty Insurance Co;Florida Farm Bureau Cas Ins Co;Universal North America Ins Co;American Platinum P&C Ins Co.,2777678804.9662576,10,35.166819401784345,1496221089.324159,4744625.802842703,1,0.9811320754716981,5548507069.359076,311486220.0,4614435121.90511,539937478.65,359958319.1,539937478.65,359958319.1,12455411112.162436,15896411112.162436,3441000000.0,1395853723.0,1395853723.0,0.0,True,17068906007.106197,17000000000.0,68906007.10619736,0.9959630683373902,13079172338.889326,3920827661.1106763,2125000000.0,0.0,13,9464500000.0,9464500000.0,81
great_miami,baseline,,1926255N15314,"{""1926255N15314"": 0.8302383801025753}",170354720952.15982,141435027566.14743,28919693386.01239,27391301854.554874,52048244594.18276,0.0,44907069872.783165,17088411244.626646,27391301854.554874,52048244594.18276,8554607776.35111,20365085609.661278,26.360918923634806,10.031075833481323,16.078980201697544,30.55286305144388,5.021644089777514,11.954517899964944,44907069872.783165,17088411244.626646,8554607776.35111,29,18,11,Universal P&C Insurance Co.;Florida Family Insurance Co.;First Protective Insurance Co.;Cypress P&C Insurance Co.;Florida Peninsula Insurance Co;Tower Hill Insurance Exchange;Kin Interinsurance Network;Heritage P&C Insurance Co.;Florida Family Home Ins Co.;US Coastal P&C Insurance Co.;TypTap Insurance Co.;Homeowners Choice P&C Ins Co.;Edison Insurance Co.;Safe Harbor Insurance Co.;GeoVera Specialty Insurance Co;Florida Farm Bureau Cas Ins Co;Universal North America Ins Co;Auto Club Insurance Co. of FL;American Platinum P&C Ins Co.;FL Farm Bureau General Ins Co.;Castle Key Insurance Co.;Homesite Insurance Co.;State Farm FL Ins Co;AIG Property Casualty Co.;ASI Preferred Insurance Corp.;Nationwide P&C Insurance Co.;ACE Ins Co. of the Midwest;Castle Key Indemnity Co.;First Liberty Insurance Corp.,Universal P&C Insurance Co.;Florida Family Insurance Co.;First Protective Insurance Co.;Cypress P&C Insurance Co.;Florida Peninsula Insurance Co;Tower Hill Insurance Exchange;Kin Interinsurance Network;Heritage P&C Insurance Co.;Florida Family Home Ins Co.;US Coastal P&C Insurance Co.;TypTap Insurance Co.;Homeowners Choice P&C Ins Co.;Edison Insurance Co.;Safe Harbor Insurance Co.;GeoVera Specialty Insurance Co;Florida Farm Bureau Cas Ins Co;Universal North America Ins Co;American Platinum P&C Ins Co.,4285228227.807732,11,35.166819401784345,2583511508.4206705,31592777.733162478,1,0.9811320754716981,9867455683.811193,311486220.0,11373355418.149044,539937478.65,359958319.1,539937478.65,359958319.1,5113607776.35111,8554607776.35111,3441000000.0,1395853723.0,1395853723.0,0.0,False,15185302901.196003,15185302901.196003,0.0,1.0,10662745490.11493,4522557411.081073,2170591092.8335705,0.0,14,9464500000.0,9464500000.0,82
great_miami,baseline,,1926255N15314,"{""1926255N15314"": 0.5743109216172588}",170354720952.1598,97836576791.88585,72518144160.27394,18453932775.712387,34616877774.35678,0.0,35014501696.87543,9751264544.941282,18453932775.712387,34616877774.35678,21294476246.043396,51223667914.230545,20.55387810867211,5.724094108128474,10.832651230660494,20.320468714264827,12.500079907984151,30.06882793028996,35014501696.87543,9751264544.941282,21294476246.043396,28,18,10,Universal P&C Insurance Co.;Florida Family Insurance Co.;First Protective Insurance Co.;Cypress P&C Insurance Co.;Florida Peninsula Insurance Co;Tower Hill Insurance Exchange;Kin Interinsurance Network;Heritage P&C Insurance Co.;Florida Family Home Ins Co.;US Coastal P&C Insurance Co.;TypTap Insurance Co.;Homeowners Choice P&C Ins Co.;Edison Insurance Co.;Safe Harbor Insurance Co.;GeoVera Specialty Insurance Co;Florida Farm Bureau Cas Ins Co;Universal North America Ins Co;Auto Club Insurance Co. of FL;American Platinum P&C Ins Co.;FL Farm Bureau General Ins Co.;Homesite Insurance Co.;State Farm FL Ins Co;AIG Property Casualty Co.;Foremost P&C Insurance Co.;ASI Preferred Insurance Corp.;ACE Ins Co. of the Midwest;Castle Key Indemnity Co.;First Liberty Insurance Corp.,Universal P&C Insurance Co.;Florida Family Insurance Co.;First Protective Insurance Co.;Cypress P&C Insurance Co.;Florida Peninsula Insurance Co;Tower Hill Insurance Exchange;Kin Interinsurance Network;Heritage P&C Insurance Co.;Florida Family Home Ins Co.;US Coastal P&C Insurance Co.;TypTap Insurance Co.;Homeowners Choice P&C Ins Co.;Edison Insurance Co.;Safe Harbor Insurance Co.;GeoVera Specialty Insurance Co;Florida Farm Bureau Cas Ins Co;Universal North America Ins Co;American Platinum P&C Ins Co.,2926262888.6324773,10,35.166819401784345,1714985520.1962488,7494070.368552722,1,0.9811320754716981,5948280524.9666605,311486220.0,4243830546.7705092,539937478.65,359958319.1,539937478.65,359958319.1,17853476246.043396,21294476246.043396,3441000000.0,1395853723.0,1395853723.0,0.0,False,14945275817.132412,14945275817.132412,0.0,1.0,10532884362.647806,4412391454.484606,2124999999.9999998,0.0,13,9464500000.0,9464500000.0,83
great_miami,baseline,,1926255N15314,"{""1926255N15314"": 0.8800082849129307}",170354720952.15982,149913565811.9311,20441155140.228725,20796803682.365685,70127510964.48813,0.0,45199489837.1559,13789761327.92138,20796803682.365685,70127510964.48813,6077100889.103947,14364054251.124783,26.532572496097206,8.094733888703862,12.207940916533792,41.165581189958225,3.5673216774606207,8.431849831246293,45199489837.1559,13789761327.92138,6077100889.103947,31,20,11,Universal P&C Insurance Co.;Florida Family Insurance Co.;First Protective Insurance Co.;Cypress P&C Insurance Co.;Florida Peninsula Insurance Co;Tower Hill Insurance Exchange;Kin Interinsurance Network;Heritage P&C Insurance Co.;Florida Family Home Ins Co.;US Coastal P&C Insurance Co.;TypTap Insurance Co.;Homeowners Choice P&C Ins Co.;Vault E&S Insurance Co.;Edison Insurance Co.;Safe Harbor Insurance Co.;Spinnaker Specialty Ins Co.;GeoVera Specialty Insurance Co;Florida Farm Bureau Cas Ins Co;Universal North America Ins Co;Auto Club Insurance Co. of FL;American Platinum P&C Ins Co.;FL Farm Bureau General Ins Co.;Castle Key Insurance Co.;Homesite Insurance Co.;State Farm FL Ins Co;AIG Property Casualty Co.;Foremost P&C Insurance Co.;ASI Preferred Insurance Corp.;ACE Ins Co. of the Midwest;Castle Key Indemnity Co.;First Liberty Insurance Corp.,Universal P&C Insurance Co.;Florida Family Insurance Co.;First Protective Insurance Co.;Cypress P&C Insurance Co.;Florida Peninsula Insurance Co;Tower Hill Insurance Exchange;Kin Interinsurance Network;Heritage P&C Insurance Co.;Florida Family Home Ins Co.;US Coastal P&C Insurance Co.;TypTap Insurance Co.;Homeowners Choice P&C Ins Co.;Vault E&S Insurance Co.;Edison Insurance Co.;Safe Harbor Insurance Co.;Spinnaker Specialty Ins Co.;GeoVera Specialty Insurance Co;Florida Farm Bureau Cas Ins Co;Universal North America Ins Co;American Platinum P&C Ins Co.,4142295903.2869196,11,35.50755988575808,1789394409.0692239,28089580.970960096,1,0.9811320754716981,8473729035.896748,307723320.0,8810086489.45047,539937478.65,359958319.1,539937478.65,359958319.1,2636100889.1039467,6077100889.103947,3441000000.0,1395853723.0,1395853723.0,0.0,True,20121298547.381374,17000000000.0,3121298547.3813744,0.8448758890967508,13179000286.321777,3820999713.6782207,2125000000.0000005,0.0,13,9464500000.0,9464500000.0,84
great_miami,baseline,,1926255N15314,"{""1926255N15314"": 0.6240177399067002}",170354720952.15982,106304367951.00336,64050353001.156456,26565915796.670994,39033218765.45918,0.0,29233262356.48494,11471971032.388256,26565915796.670994,39033218765.45918,18820109756.405045,45230243244.75141,17.160230249618046,6.734166783443526,15.594469967246411,22.912906990362046,11.04760094185487,26.550625067475103,29233262356.48494,11471971032.388256,18820109756.405045,27,18,9,Universal P&C Insurance Co.;Florida Family Insurance Co.;First Protective Insurance Co.;Cypress P&C Insurance Co.;Florida Peninsula Insurance Co;Tower Hill Insurance Exchange;Kin Interinsurance Network;Heritage P&C Insurance Co.;Florida Family Home Ins Co.;US Coastal P&C Insurance Co.;TypTap Insurance Co.;Homeowners Choice P&C Ins Co.;Edison Insurance Co.;Safe Harbor Insurance Co.;GeoVera Specialty Insurance Co;Florida Farm Bureau Cas Ins Co;Universal North America Ins Co;Auto Club Insurance Co. of FL;American Platinum P&C Ins Co.;FL Farm Bureau General Ins Co.;Homesite Insurance Co.;State Farm FL Ins Co;AIG Property Casualty Co.;ASI Preferred Insurance Corp.;ACE Ins Co. of the Midwest;Castle Key Indemnity Co.;First Liberty Insurance Corp.,Universal P&C Insurance Co.;Florida Family Insurance Co.;First Protective Insurance Co.;Cypress P&C Insurance Co.;Florida Peninsula Insurance Co;Tower Hill Insurance Exchange;Kin Interinsurance Network;Heritage P&C Insurance Co.;Florida Family Home Ins Co.;US Coastal P&C Insurance Co.;TypTap Insurance Co.;Homeowners Choice P&C Ins Co.;Edison Insurance Co.;Safe Harbor Insurance Co.;GeoVera Specialty Insurance Co;Florida Farm Bureau Cas Ins Co;Universal North America Ins Co;American Platinum P&C Ins Co.,2212848784.460886,9,35.166819401784345,1187226795.4989643,9266543.137463696,1,0.9811320754716981,4456255533.857223,311486220.0,5776815298.345367,539937478.65,359958319.1,539937478.65,359958319.1,15379109756.405045,18820109756.405045,3441000000.0,1395853723.0,1395853723.0,0.0,False,12928223105.080465,12928223105.080465,0.0,1.0,8405665693.9993925,4522557411.081073,2125000000.0,0.0,13,9464500000.0,9464500000.0,85
great_miami,baseline,,1926255N15314,"{""1926255N15314"": 0.7776307324082208}",170354720952.15985,132473066423.22615,37881654528.93369,20410558404.311493,52671215570.05371,0.0,46041445903.39031,13349846545.470633,20410558404.311493,52671215570.05371,11173375282.161509,26708279246.772167,27.026809498469945,7.836499317925933,11.981210905240086,30.91855351918612,6.5588879601988195,15.67803879897908,46041445903.39031,13349846545.470633,11173375282.161509,31,19,12,Universal P&C Insurance Co.;Florida Family Insurance Co.;First Protective Insurance Co.;Cypress P&C Insurance Co.;Florida Peninsula Insurance Co;Tower Hill Insurance Exchange;Kin Interinsurance Network;Heritage P&C Insurance Co.;Florida Family Home Ins Co.;US Coastal P&C Insurance Co.;TypTap Insurance Co.;Homeowners Choice P&C Ins Co.;Vault E&S Insurance Co.;Edison Insurance Co.;Safe Harbor Insurance Co.;GeoVera Specialty Insurance Co;Florida Farm Bureau Cas Ins Co;Universal North America Ins Co;Auto Club Insurance Co. of FL;American Platinum P&C Ins Co.;FL Farm Bureau General Ins Co.;Castle Key Insurance Co.;Homesite Insurance Co.;State Farm FL Ins Co;AIG Property Casualty Co.;Foremost P&C Insurance Co.;ASI Preferred Insurance Corp.;Nationwide P&C Insurance Co.;ACE Ins Co. of the Midwest;Castle Key Indemnity Co.;First Liberty Insurance Corp.,Universal P&C Insurance Co.;Florida Family Insurance Co.;First Protective Insurance Co.;Cypress P&C Insurance Co.;Florida Peninsula Insurance Co;Tower Hill Insurance Exchange;Kin Interinsurance Network;Heritage P&C Insurance Co.;Florida Family Home Ins Co.;US Coastal P&C Insurance Co.;TypTap Insurance Co.;Homeowners Choice P&C Ins Co.;Vault E&S Insurance Co.;Edison Insurance Co.;Safe Harbor Insurance Co.;GeoVera Specialty Insurance Co;Florida Farm Bureau Cas Ins Co;Universal North America Ins Co;American Platinum P&C Ins Co.,4483394472.728753,12,35.41856476294073,2280176440.935315,33114428.394059308,1,0.9811320754716981,9331131096.23077,308706120.0,7838483973.952303,539937478.65,359958319.1,539937478.65,359958319.1,7732375282.161509,11173375282.161509,3441000000.0,1395853723.0,1395853723.0,0.0,True,18414544505.79298,17000000000.0,1414544505.7929802,0.9231833019085548,12619151528.623764,4380848471.376237,2125000000.0,0.0,13,9464500000.0,9464500000.0,86
great_miami,baseline,,1926255N15314,"{""1926255N15314"": 0.8046520648887822}",170354720952.15982,137076277977.70769,33278442974.45212,38213656558.139694,59931399516.07895,0.0,30780905919.463825,8150315984.025221,38213656558.139694,59931399516.07895,9828274511.358809,23450168463.09331,18.06871318119087,4.784320586169167,22.431815417003392,35.18035730451479,5.769299762534231,13.765493748587543,30780905919.463825,8150315984.025221,9828274511.358809,26,17,9,Universal P&C Insurance Co.;Florida Family Insurance Co.;First Protective Insurance Co.;Cypress P&C Insurance Co.;Florida Peninsula Insurance Co;Tower Hill Insurance Exchange;Kin Interinsurance Network;Heritage P&C Insurance Co.;Florida Family Home Ins Co.;US Coastal P&C Insurance Co.;TypTap Insurance Co.;Homeowners Choice P&C Ins Co.;Edison Insurance Co.;Safe Harbor Insurance Co.;GeoVera Specialty Insurance Co;Universal North America Ins Co;Auto Club Insurance Co. of FL;American Platinum P&C Ins Co.;FL Farm Bureau General Ins Co.;Homesite Insurance Co.;State Farm FL Ins Co;AIG Property Casualty Co.;ASI Preferred Insurance Corp.;ACE Ins Co. of the Midwest;Castle Key Indemnity Co.;First Liberty Insurance Corp.,Universal P&C Insurance Co.;Florida Family Insurance Co.;First Protective Insurance Co.;Cypress P&C Insurance Co.;Florida Peninsula Insurance Co;Tower Hill Insurance Exchange;Kin Interinsurance Network;Heritage P&C Insurance Co.;Florida Family Home Ins Co.;US Coastal P&C Insurance Co.;TypTap Insurance Co.;Homeowners Choice P&C Ins Co.;Edison Insurance Co.;Safe Harbor Insurance Co.;GeoVera Specialty Insurance Co;Universal North America Ins Co;American Platinum P&C Ins Co.,2228013580.5476184,9,34.45361965929429,1459503394.2418056,2592402.5456460826,1,0.9811320754716981,4989884708.961949,319362300.0,4572028255.339974,539937478.65,359958319.1,539937478.65,359958319.1,6387274511.3588085,9828274511.358809,3441000000.0,1395853723.0,1395853723.0,0.0,False,12024833485.088898,12024833485.088898,0.0,1.0,9577472987.41242,2447360497.6764765,2121878432.16465,0.0,13,9464500000.0,9464500000.0,87
great_miami,baseline,,1926255N15314,"{""1926255N15314"": 0.7146620707116763}",170354720952.15982,121746057631.18033,48608663320.979485,12916428133.795015,62464288084.10602,0.0,35867008200.99929,10498333212.280005,12916428133.795015,62464288084.10602,14307905951.415798,34300757369.563686,21.054308328250972,6.162631216559134,7.582078184626474,36.667189341731046,8.398890193030718,20.134902735801646,35867008200.99929,10498333212.280005,14307905951.415798,27,18,9,Universal P&C Insurance Co.;Florida Family Insurance Co.;First Protective Insurance Co.;Cypress P&C Insurance Co.;Florida Peninsula Insurance Co;Tower Hill Insurance Exchange;Kin Interinsurance Network;Heritage P&C Insurance Co.;Florida Family Home Ins Co.;US Coastal P&C Insurance Co.;TypTap Insurance Co.;Homeowners Choice P&C Ins Co.;Edison Insurance Co.;Safe Harbor Insurance Co.;GeoVera Specialty Insurance Co;Florida Farm Bureau Cas Ins Co;Universal North America Ins Co;Auto Club Insurance Co. of FL;American Platinum P&C Ins Co.;FL Farm Bureau General Ins Co.;Homesite Insurance Co.;State Farm FL Ins Co;AIG Property Casualty Co.;ASI Preferred Insurance Corp.;ACE Ins Co. of the Midwest;Castle Key Indemnity Co.;First Liberty Insurance Corp.,Universal P&C Insurance Co.;Florida Family Insurance Co.;First Protective Insurance Co.;Cypress P&C Insurance Co.;Florida Peninsula Insurance Co;Tower Hill Insurance Exchange;Kin Interinsurance Network;Heritage P&C Insurance Co.;Florida Family Home Ins Co.;US Coastal P&C Insurance Co.;TypTap Insurance Co.;Homeowners Choice P&C Ins Co.;Edison Insurance Co.;Safe Harbor Insurance Co.;GeoVera Specialty Insurance Co;Florida Farm Bureau Cas Ins Co;Universal North America Ins Co;American Platinum P&C Ins Co.,3227024578.610199,9,35.166819401784345,1793192114.9413075,17004611.64829889,1,0.9811320754716981,5923905509.760608,311486220.0,4865973944.901403,539937478.65,359958319.1,539937478.65,359958319.1,10866905951.415798,14307905951.415798,3441000000.0,1395853723.0,1395853723.0,0.0,False,15334337980.703571,15334337980.703571,0.0,1.0,10811780569.622498,4522557411.081073,2125000000.0,0.0,13,9464500000.0,9464500000.0,88
great_miami,baseline,,1926255N15314,"{""1926255N15314"": 0.7464243603651702}",170354720952.15982,127156913621.90297,43197807330.25685,18286659894.26812,50586690022.05177,0.0,41851399036.23332,16432164669.349745,18286659894.26812,50586690022.05177,12726804045.130907,30471003285.125935,24.567208236034926,9.645852241432356,10.734460302631417,29.694915256418327,7.470766864573678,17.886797098909287,41851399036.23332,16432164669.349745,12726804045.130907,29,19,10,Universal P&C Insurance Co.;Florida Family Insurance Co.;First Protective Insurance Co.;Cypress P&C Insurance Co.;Florida Peninsula Insurance Co;Tower Hill Insurance Exchange;Kin Interinsurance Network;Heritage P&C Insurance Co.;Florida Family Home Ins Co.;US Coastal P&C Insurance Co.;TypTap Insurance Co.;Homeowners Choice P&C Ins Co.;Vault E&S Insurance Co.;Edison Insurance Co.;Safe Harbor Insurance Co.;GeoVera Specialty Insurance Co;Florida Farm Bureau Cas Ins Co;Universal North America Ins Co;Auto Club Insurance Co. of FL;American Platinum P&C Ins Co.;FL Farm Bureau General Ins Co.;Homesite Insurance Co.;State Farm FL Ins Co;AIG Property Casualty Co.;Foremost P&C Insurance Co.;ASI Preferred Insurance Corp.;ACE Ins Co. of the Midwest;Castle Key Indemnity Co.;First Liberty Insurance Corp.,Universal P&C Insurance Co.;Florida Family Insurance Co.;First Protective Insurance Co.;Cypress P&C Insurance Co.;Florida Peninsula Insurance Co;Tower Hill Insurance Exchange;Kin Interinsurance Network;Heritage P&C Insurance Co.;Florida Family Home Ins Co.;US Coastal P&C Insurance Co.;TypTap Insurance Co.;Homeowners Choice P&C Ins Co.;Vault E&S Insurance Co.;Edison Insurance Co.;Safe Harbor Insurance Co.;GeoVera Specialty Insurance Co;Florida Farm Bureau Cas Ins Co;Universal North America Ins Co;American Platinum P&C Ins Co.,3874342839.4917865,10,35.41856476294073,2137012475.3407407,11982180.097577684,1,0.9811320754716981,8053433278.141026,308706120.0,10310562001.150059,539937478.65,359958319.1,539937478.65,359958319.1,9285804045.130907,12726804045.130907,3441000000.0,1395853723.0,1395853723.0,0.0,True,20631501876.227028,17000000000.0,3631501876.227028,0.8239826698990109,12082306953.512476,4917693046.487524,2125000000.0,0.0,13,9464500000.0,9464500000.0,89
great_miami,baseline,,1926255N15314,"{""1926255N15314"": 0.8337345046067588}",170354720952.15982,142030608880.47162,28324112071.68819,27750906985.959152,50381712705.99101,0.0,52746895373.90077,11151093814.620676,27750906985.959152,50381712705.99101,8380573436.305798,19943538635.382397,30.962978354273794,6.545808506094882,16.29007216873805,29.574591431569157,4.919484114948178,11.707065424375926,52746895373.90077,11151093814.620676,8380573436.305798,35,22,13,Universal P&C Insurance Co.;Florida Family Insurance Co.;First Protective Insurance Co.;Cypress P&C Insurance Co.;Florida Peninsula Insurance Co;Tower Hill Insurance Exchange;Kin Interinsurance Network;Unique Insurance Co.;Heritage P&C Insurance Co.;Florida Family Home Ins Co.;US Coastal P&C Insurance Co.;TypTap Insurance Co.;Homeowners Choice P&C Ins Co.;Vault E&S Insurance Co.;Edison Insurance Co.;Safe Harbor Insurance Co.;Spinnaker Specialty Ins Co.;GeoVera Specialty Insurance Co;Florida Farm Bureau Cas Ins Co;Universal North America Ins Co;QBE Specialty Insurance Co.;Auto Club Insurance Co. of FL;American Platinum P&C Ins Co.;FL Farm Bureau General Ins Co.;Castle Key Insurance Co.;Homesite Insurance Co.;PURE Specialty Exchange;State Farm FL Ins Co;AIG Property Casualty Co.;Foremost P&C Insurance Co.;ASI Preferred Insurance Corp.;Nationwide P&C Insurance Co.;ACE Ins Co. of the Midwest;Castle Key Indemnity Co.;First Liberty Insurance Corp.,Universal P&C Insurance Co.;Florida Family Insurance Co.;First Protective Insurance Co.;Cypress P&C Insurance Co.;Florida Peninsula Insurance Co;Tower Hill Insurance Exchange;Kin Interinsurance Network;Unique Insurance Co.;Heritage P&C Insurance Co.;Florida Family Home Ins Co.;US Coastal P&C Insurance Co.;TypTap Insurance Co.;Homeowners Choice P&C Ins Co.;Vault E&S Insurance Co.;Edison Insurance Co.;Safe Harbor Insurance Co.;Spinnaker Specialty Ins Co.;GeoVera Specialty Insurance Co;Florida Farm Bureau Cas Ins Co;Universal North America Ins Co;QBE Specialty Insurance Co.;American Platinum P&C Ins Co.,6011991511.640824,13,35.89838321723671,2899811000.5518537,26365984.64053996,1,0.9811320754716981,11077726262.453255,303407340.0,5877025773.948043,539937478.65,359958319.1,539937478.65,359958319.1,4939573436.305798,8380573436.305798,3441000000.0,1395853723.0,1395853723.0,0.0,True,18249469979.473858,17000000000.0,1249469979.4738579,0.9315339031281893,12787084442.734327,4212915557.265671,2352011937.7962146,0.0,14,9464500000.0,9464500000.0,90
great_miami,baseline,,1926255N15314,"{""1926255N15314"": 0.7086664081349001}",170354720952.15982,120724668205.99034,49630052746.16948,28059115404.216747,44514901048.61674,0.0,38857512635.99555,9293139117.161293,28059115404.216747,44514901048.61674,14606365339.356644,35023687406.81284,22.809765657687752,5.455169698391309,16.47099372848992,26.130711728921042,8.574088970189738,20.559270216320236,38857512635.99555,9293139117.161293,14606365339.356644,29,18,11,Universal P&C Insurance Co.;Florida Family Insurance Co.;First Protective Insurance Co.;Cypress P&C Insurance Co.;Florida Peninsula Insurance Co;Tower Hill Insurance Exchange;Kin Interinsurance Network;Heritage P&C Insurance Co.;Florida Family Home Ins Co.;US Coastal P&C Insurance Co.;TypTap Insurance Co.;Homeowners Choice P&C Ins Co.;Edison Insurance Co.;Safe Harbor Insurance Co.;GeoVera Specialty Insurance Co;Florida Farm Bureau Cas Ins Co;Universal North America Ins Co;Auto Club Insurance Co. of FL;American Platinum P&C Ins Co.;FL Farm Bureau General Ins Co.;Castle Key Insurance Co.;Homesite Insurance Co.;State Farm FL Ins Co;AIG Property Casualty Co.;Foremost P&C Insurance Co.;ASI Preferred Insurance Corp.;ACE Ins Co. of the Midwest;Castle Key Indemnity Co.;First Liberty Insurance Corp.,Universal P&C Insurance Co.;Florida Family Insurance Co.;First Protective Insurance Co.;Cypress P&C Insurance Co.;Florida Peninsula Insurance Co;Tower Hill Insurance Exchange;Kin Interinsurance Network;Heritage P&C Insurance Co.;Florida Family Home Ins Co.;US Coastal P&C Insurance Co.;TypTap Insurance Co.;Homeowners Choice P&C Ins Co.;Edison Insurance Co.;Safe Harbor Insurance Co.;GeoVera Specialty Insurance Co;Florida Farm Bureau Cas Ins Co;Universal North America Ins Co;American Platinum P&C Ins Co.,2704840841.8262115,11,35.166819401784345,1690517097.046247,13331838.279932015,1,0.9811320754716981,6384396962.806567,311486220.0,4701616853.485649,539937478.65,359958319.1,539937478.65,359958319.1,11165365339.356644,14606365339.356644,3441000000.0,1395853723.0,1395853723.0,0.0,True,17375977267.609108,17000000000.0,375977267.609108,0.9783622375985739,13511484525.811443,3488515474.1885586,2124999999.9999998,0.0,13,9464500000.0,9464500000.0,91
great_miami,baseline,,1926255N15314,"{""1926255N15314"": 0.7760698282447329}",170354720952.15982,132207159030.02208,38147561922.13773,27354455133.766033,86170010789.25502,0.0,15481201284.146244,3201491822.854792,27354455133.766033,86170010789.25502,11251075869.09471,26896486053.04302,9.08762680459779,1.8793091291868906,16.057350791850318,50.5826960988383,6.604499016058566,15.788518159468135,15481201284.146244,3201491822.854792,11251075869.09471,21,14,7,Universal P&C Insurance Co.;First Protective Insurance Co.;Cypress P&C Insurance Co.;Florida Peninsula Insurance Co;Tower Hill Insurance Exchange;Kin Interinsurance Network;Heritage P&C Insurance Co.;Florida Family Home Ins Co.;US Coastal P&C Insurance Co.;TypTap Insurance Co.;Homeowners Choice P&C Ins Co.;Edison Insurance Co.;Safe Harbor Insurance Co.;GeoVera Specialty Insurance Co;FL Farm Bureau General Ins Co.;State Farm FL Ins Co;AIG Property Casualty Co.;ASI Preferred Insurance Corp.;ACE Ins Co. of the Midwest;Castle Key Indemnity Co.;First Liberty Insurance Corp.,Universal P&C Insurance Co.;First Protective Insurance Co.;Cypress P&C Insurance Co.;Florida Peninsula Insurance Co;Tower Hill Insurance Exchange;Kin Interinsurance Network;Heritage P&C Insurance Co.;Florida Family Home Ins Co.;US Coastal P&C Insurance Co.;TypTap Insurance Co.;Homeowners Choice P&C Ins Co.;Edison Insurance Co.;Safe Harbor Insurance Co.;GeoVera Specialty Insurance Co,806041586.5846065,7,33.538670472629846,883118669.6685903,0.0,0,1.0,2614159094.0915647,329466360.0,2113902180.3171701,539937478.65,359958319.1,539937478.65,359958319.1,7810075869.094709,11251075869.09471,3441000000.0,1395853723.0,1395853723.0,0.0,False,90575230.8912346,90575230.8912346,0.0,1.0,90575230.8912346,0.0,2057765130.586401,0.0,13,9464500000.0,9464500000.0,92
great_miami,baseline,,1926255N15314,"{""1926255N15314"": 0.5847354968409164}",170354720952.15982,99612452395.15686,70742268557.00296,16516497835.720665,41349135800.78603,0.0,31531793254.580956,10215025504.069197,16516497835.720665,41349135800.78603,20775549054.76888,49966719502.23408,18.509491887481023,5.996326633611669,9.695356690677766,24.272374472321186,12.195464228199,29.33098608770935,31531793254.580956,10215025504.069197,20775549054.76888,26,17,9,Universal P&C Insurance Co.;Florida Family Insurance Co.;First Protective Insurance Co.;Cypress P&C Insurance Co.;Florida Peninsula Insurance Co;Tower Hill Insurance Exchange;Kin Interinsurance Network;Heritage P&C Insurance Co.;Florida Family Home Ins Co.;US Coastal P&C Insurance Co.;TypTap Insurance Co.;Homeowners Choice P&C Ins Co.;Edison Insurance Co.;Safe Harbor Insurance Co.;GeoVera Specialty Insurance Co;Universal North America Ins Co;Auto Club Insurance Co. of FL;American Platinum P&C Ins Co.;FL Farm Bureau General Ins Co.;Homesite Insurance Co.;State Farm FL Ins Co;AIG Property Casualty Co.;ASI Preferred Insurance Corp.;ACE Ins Co. of the Midwest;Castle Key Indemnity Co.;First Liberty Insurance Corp.,Universal P&C Insurance Co.;Florida Family Insurance Co.;First Protective Insurance Co.;Cypress P&C Insurance Co.;Florida Peninsula Insurance Co;Tower Hill Insurance Exchange;Kin Interinsurance Network;Heritage P&C Insurance Co.;Florida Family Home Ins Co.;US Coastal P&C Insurance Co.;TypTap Insurance Co.;Homeowners Choice P&C Ins Co.;Edison Insurance Co.;Safe Harbor Insurance Co.;GeoVera Specialty Insurance Co;Universal North America Ins Co;American Platinum P&C Ins Co.,2226444566.965173,9,34.45361965929429,1459999198.2350068,6083480.057131648,1,0.9811320754716981,4865591236.98058,319362300.0,4566658692.038648,539937478.65,359958319.1,539937478.65,359958319.1,17334549054.76888,20775549054.76888,3441000000.0,1395853723.0,1395853723.0,0.0,False,14281495141.646202,14281495141.646202,0.0,1.0,9758937730.56513,4522557411.081073,2125000000.0000002,0.0,13,9464500000.0,9464500000.0,93
great_miami,baseline,,1926255N15314,"{""1926255N15314"": 0.6739693187008606}",170354720952.1598,114813855217.60239,55540865734.55742,25890826243.851807,42026547911.23306,0.0,37025585618.6402,9870895443.87733,25890826243.851807,42026547911.23306,16333559280.510773,39207306454.046646,21.73440536997973,5.794318694959645,15.198185350626503,24.670022454520208,9.587969848571252,23.01509828134268,37025585618.6402,9870895443.87733,16333559280.510773,29,18,11,Universal P&C Insurance Co.;Florida Family Insurance Co.;First Protective Insurance Co.;Cypress P&C Insurance Co.;Florida Peninsula Insurance Co;Tower Hill Insurance Exchange;Kin Interinsurance Network;Heritage P&C Insurance Co.;Florida Family Home Ins Co.;US Coastal P&C Insurance Co.;TypTap Insurance Co.;Homeowners Choice P&C Ins Co.;Edison Insurance Co.;Safe Harbor Insurance Co.;GeoVera Specialty Insurance Co;Florida Farm Bureau Cas Ins Co;Universal North America Ins Co;Auto Club Insurance Co. of FL;American Platinum P&C Ins Co.;FL Farm Bureau General Ins Co.;Castle Key Insurance Co.;Homesite Insurance Co.;State Farm FL Ins Co;AIG Property Casualty Co.;Foremost P&C Insurance Co.;ASI Preferred Insurance Corp.;ACE Ins Co. of the Midwest;Castle Key Indemnity Co.;First Liberty Insurance Corp.,Universal P&C Insurance Co.;Florida Family Insurance Co.;First Protective Insurance Co.;Cypress P&C Insurance Co.;Florida Peninsula Insurance Co;Tower Hill Insurance Exchange;Kin Interinsurance Network;Heritage P&C Insurance Co.;Florida Family Home Ins Co.;US Coastal P&C Insurance Co.;TypTap Insurance Co.;Homeowners Choice P&C Ins Co.;Edison Insurance Co.;Safe Harbor Insurance Co.;GeoVera Specialty Insurance Co;Florida Farm Bureau Cas Ins Co;Universal North America Ins Co;American Platinum P&C Ins Co.,2747666592.4550433,11,35.166819401784345,1570849879.6596804,5052752.307854574,1,0.9811320754716981,5640922924.217859,311486220.0,4789464544.140816,539937478.65,359958319.1,539937478.65,359958319.1,12892559280.510773,16333559280.510773,3441000000.0,1395853723.0,1395853723.0,0.0,True,17936615062.60524,17000000000.0,936615062.6052399,0.9477819499757275,13033742937.674152,3966257062.325845,2125000000.0,0.0,13,9464500000.0,9464500000.0,94
great_miami,baseline,,1926255N15314,"{""1926255N15314"": 0.5502263124215392}",170354720952.15982,93733649913.10724,76621071039.05258,21469665377.5495,42672479353.16028,0.0,23861109880.415127,5730395301.982306,21469665377.5495,42672479353.16028,22493389231.439274,54127681807.61331,14.006720651502208,3.3638018776078145,12.602917757459013,25.049190955584884,13.203854349158906,31.773514408687163,23861109880.415127,5730395301.982306,22493389231.439274,24,16,8,Universal P&C Insurance Co.;Florida Family Insurance Co.;First Protective Insurance Co.;Cypress P&C Insurance Co.;Florida Peninsula Insurance Co;Tower Hill Insurance Exchange;Kin Interinsurance Network;Heritage P&C Insurance Co.;Florida Family Home Ins Co.;US Coastal P&C Insurance Co.;TypTap Insurance Co.;Homeowners Choice P&C Ins Co.;Edison Insurance Co.;Safe Harbor Insurance Co.;GeoVera Specialty Insurance Co;Auto Club Insurance Co. of FL;American Platinum P&C Ins Co.;FL Farm Bureau General Ins Co.;State Farm FL Ins Co;AIG Property Casualty Co.;ASI Preferred Insurance Corp.;ACE Ins Co. of the Midwest;Castle Key Indemnity Co.;First Liberty Insurance Corp.,Universal P&C Insurance Co.;Florida Family Insurance Co.;First Protective Insurance Co.;Cypress P&C Insurance Co.;Florida Peninsula Insurance Co;Tower Hill Insurance Exchange;Kin Interinsurance Network;Heritage P&C Insurance Co.;Florida Family Home Ins Co.;US Coastal P&C Insurance Co.;TypTap Insurance Co.;Homeowners Choice P&C Ins Co.;Edison Insurance Co.;Safe Harbor Insurance Co.;GeoVera Specialty Insurance Co;American Platinum P&C Ins Co.,1503099904.289683,8,34.139892835311265,1241804323.9155293,3619552.099463843,1,0.9811320754716981,4177465897.455389,322826880.0,4133906786.929812,539937478.65,359958319.1,539937478.65,359958319.1,19052389231.439274,22493389231.439274,3441000000.0,1395853723.0,1395853723.0,0.0,False,5617996723.503446,5617996723.503446,0.0,1.0,5161176890.116769,456819833.3866767,2113487693.2158692,0.0,13,9464500000.0,9464500000.0,95
great_miami,baseline,,1926255N15314,"{""1926255N15314"": 0.6599551998249029}",170354720952.15985,112426483907.09824,57928237045.06161,21005794125.328644,41206674041.306076,0.0,42099337478.04852,8114678262.414963,21005794125.328644,41206674041.306076,17031171143.86844,40897065901.19316,24.712750690291195,4.7634008714638325,12.330620488778607,24.18874793195664,9.997475296649542,24.007004720860156,42099337478.04852,8114678262.414963,17031171143.86844,29,19,10,Universal P&C Insurance Co.;Florida Family Insurance Co.;First Protective Insurance Co.;Cypress P&C Insurance Co.;Florida Peninsula Insurance Co;Tower Hill Insurance Exchange;Kin Interinsurance Network;Heritage P&C Insurance Co.;Florida Family Home Ins Co.;US Coastal P&C Insurance Co.;TypTap Insurance Co.;Homeowners Choice P&C Ins Co.;Vault E&S Insurance Co.;Edison Insurance Co.;Safe Harbor Insurance Co.;GeoVera Specialty Insurance Co;Florida Farm Bureau Cas Ins Co;Universal North America Ins Co;Auto Club Insurance Co. of FL;American Platinum P&C Ins Co.;FL Farm Bureau General Ins Co.;Homesite Insurance Co.;State Farm FL Ins Co;AIG Property Casualty Co.;Foremost P&C Insurance Co.;ASI Preferred Insurance Corp.;ACE Ins Co. of the Midwest;Castle Key Indemnity Co.;First Liberty Insurance Corp.,Universal P&C Insurance Co.;Florida Family Insurance Co.;First Protective Insurance Co.;Cypress P&C Insurance Co.;Florida Peninsula Insurance Co;Tower Hill Insurance Exchange;Kin Interinsurance Network;Heritage P&C Insurance Co.;Florida Family Home Ins Co.;US Coastal P&C Insurance Co.;TypTap Insurance Co.;Homeowners Choice P&C Ins Co.;Vault E&S Insurance Co.;Edison Insurance Co.;Safe Harbor Insurance Co.;GeoVera Specialty Insurance Co;Florida Farm Bureau Cas Ins Co;Universal North America Ins Co;American Platinum P&C Ins Co.,3782915842.6295815,10,35.41856476294073,2328828118.7020693,17371375.887847207,1,0.9811320754716981,7260055641.886638,308706120.0,4733263744.987865,539937478.65,359958319.1,539937478.65,359958319.1,13590171143.86844,17031171143.86844,3441000000.0,1395853723.0,1395853723.0,0.0,False,16448337815.084774,16448337815.084774,0.0,1.0,14154730847.861795,2293606967.2229776,2125000000.0,0.0,13,9464500000.0,9464500000.0,96
great_miami,baseline,,1926255N15314,"{""1926255N15314"": 0.7924576006971029}",170354720952.15982,134998893433.17308,35355827518.98674,12045243922.497242,67324119400.32605,0.0,44183366394.35355,11446163715.996227,12045243922.497242,67324119400.32605,10435305389.482733,24920522129.504005,25.93609742506721,6.719017619247909,7.070683955908606,39.51996106948658,6.125633226456487,14.628606703833208,44183366394.35355,11446163715.996227,10435305389.482733,30,19,11,Universal P&C Insurance Co.;Florida Family Insurance Co.;First Protective Insurance Co.;Cypress P&C Insurance Co.;Florida Peninsula Insurance Co;Tower Hill Insurance Exchange;Kin Interinsurance Network;Heritage P&C Insurance Co.;Florida Family Home Ins Co.;US Coastal P&C Insurance Co.;TypTap Insurance Co.;Homeowners Choice P&C Ins Co.;Vault E&S Insurance Co.;Edison Insurance Co.;Safe Harbor Insurance Co.;GeoVera Specialty Insurance Co;Florida Farm Bureau Cas Ins Co;Universal North America Ins Co;Auto Club Insurance Co. of FL;American Platinum P&C Ins Co.;FL Farm Bureau General Ins Co.;Castle Key Insurance Co.;Homesite Insurance Co.;State Farm FL Ins Co;AIG Property Casualty Co.;Foremost P&C Insurance Co.;ASI Preferred Insurance Corp.;ACE Ins Co. of the Midwest;Castle Key Indemnity Co.;First Liberty Insurance Corp.,Universal P&C Insurance Co.;Florida Family Insurance Co.;First Protective Insurance Co.;Cypress P&C Insurance Co.;Florida Peninsula Insurance Co;Tower Hill Insurance Exchange;Kin Interinsurance Network;Heritage P&C Insurance Co.;Florida Family Home Ins Co.;US Coastal P&C Insurance Co.;TypTap Insurance Co.;Homeowners Choice P&C Ins Co.;Vault E&S Insurance Co.;Edison Insurance Co.;Safe Harbor Insurance Co.;GeoVera Specialty Insurance Co;Florida Farm Bureau Cas Ins Co;Universal North America Ins Co;American Platinum P&C Ins Co.,4149032145.513693,11,35.41856476294073,2288690137.9982624,25494805.056161053,1,0.9811320754716981,8804424633.638882,308706120.0,6031611099.702124,539937478.65,359958319.1,539937478.65,359958319.1,6994305389.482733,10435305389.482733,3441000000.0,1395853723.0,1395853723.0,0.0,True,17824360735.73392,17000000000.0,824360735.733921,0.9537508947470268,12686606822.636631,4313393177.36337,2125000000.0,0.0,13,9464500000.0,9464500000.0,97
great_miami,baseline,,1926255N15314,"{""1926255N15314"": 0.46785266078723725}",170354720952.1598,79700909475.13528,90653811477.02452,10080083839.099644,31088530385.52396,0.0,29717713973.30449,8814581277.207197,10080083839.099644,31088530385.52396,26593885103.98149,64059926373.04303,17.44460840721287,5.174251249357844,5.91711446724767,18.249291954905352,15.610888242686139,37.60384567859014,29717713973.30449,8814581277.207197,26593885103.98149,26,17,9,Universal P&C Insurance Co.;Florida Family Insurance Co.;First Protective Insurance Co.;Cypress P&C Insurance Co.;Florida Peninsula Insurance Co;Tower Hill Insurance Exchange;Kin Interinsurance Network;Heritage P&C Insurance Co.;Florida Family Home Ins Co.;US Coastal P&C Insurance Co.;TypTap Insurance Co.;Homeowners Choice P&C Ins Co.;Edison Insurance Co.;Safe Harbor Insurance Co.;GeoVera Specialty Insurance Co;Universal North America Ins Co;Auto Club Insurance Co. of FL;American Platinum P&C Ins Co.;FL Farm Bureau General Ins Co.;Homesite Insurance Co.;State Farm FL Ins Co;AIG Property Casualty Co.;ASI Preferred Insurance Corp.;ACE Ins Co. of the Midwest;Castle Key Indemnity Co.;First Liberty Insurance Corp.,Universal P&C Insurance Co.;Florida Family Insurance Co.;First Protective Insurance Co.;Cypress P&C Insurance Co.;Florida Peninsula Insurance Co;Tower Hill Insurance Exchange;Kin Interinsurance Network;Heritage P&C Insurance Co.;Florida Family Home Ins Co.;US Coastal P&C Insurance Co.;TypTap Insurance Co.;Homeowners Choice P&C Ins Co.;Edison Insurance Co.;Safe Harbor Insurance Co.;GeoVera Specialty Insurance Co;Universal North America Ins Co;American Platinum P&C Ins Co.,2027042470.2820134,9,34.45361965929429,1390108494.897063,773387.5800784379,1,0.9811320754716981,4810349559.407677,319362300.0,4247729479.024649,539937478.65,359958319.1,539937478.65,359958319.1,23152885103.98149,26593885103.98149,3441000000.0,1395853723.0,1395853723.0,0.0,False,12617769715.738049,12617769715.738049,0.0,1.0,9176836627.357727,3440933088.380322,2118044883.8371572,0.0,13,9464500000.0,9464500000.0,98
great_miami,baseline,,1926255N15314,"{""1926255N15314"": 0.6872392049289271}",170354720952.1598,117074442983.05156,53280277969.10824,16756616516.898106,47098321493.13654,0.0,38685863185.09043,14533641787.926485,16756616516.898106,47098321493.13654,15672994735.565521,37607283233.54272,22.709005637686126,8.531399486139234,9.836308863787705,27.647206505279666,9.200211563239813,22.075867943867465,38685863185.09043,14533641787.926485,15672994735.565521,28,19,9,Universal P&C Insurance Co.;Florida Family Insurance Co.;First Protective Insurance Co.;Cypress P&C Insurance Co.;Florida Peninsula Insurance Co;Tower Hill Insurance Exchange;Kin Interinsurance Network;Heritage P&C Insurance Co.;Florida Family Home Ins Co.;US Coastal P&C Insurance Co.;TypTap Insurance Co.;Homeowners Choice P&C Ins Co.;Vault E&S Insurance Co.;Edison Insurance Co.;Safe Harbor Insurance Co.;GeoVera Specialty Insurance Co;Florida Farm Bureau Cas Ins Co;Universal North America Ins Co;Auto Club Insurance Co. of FL;American Platinum P&C Ins Co.;FL Farm Bureau General Ins Co.;Homesite Insurance Co.;State Farm FL Ins Co;AIG Property Casualty Co.;ASI Preferred Insurance Corp.;ACE Ins Co. of the Midwest;Castle Key Indemnity Co.;First Liberty Insurance Corp.,Universal P&C Insurance Co.;Florida Family Insurance Co.;First Protective Insurance Co.;Cypress P&C Insurance Co.;Florida Peninsula Insurance Co;Tower Hill Insurance Exchange;Kin Interinsurance Network;Heritage P&C Insurance Co.;Florida Family Home Ins Co.;US Coastal P&C Insurance Co.;TypTap Insurance Co.;Homeowners Choice P&C Ins Co.;Vault E&S Insurance Co.;Edison Insurance Co.;Safe Harbor Insurance Co.;GeoVera Specialty Insurance Co;Florida Farm Bureau Cas Ins Co;Universal North America Ins Co;American Platinum P&C Ins Co.,3125343617.326335,9,35.41856476294073,1784854233.3551736,12553565.686432607,1,0.9811320754716981,7037930300.000452,308706120.0,8514841275.52379,539937478.65,359958319.1,539937478.65,359958319.1,12231994735.565521,15672994735.565521,3441000000.0,1395853723.0,1395853723.0,0.0,True,17557425193.50111,17000000000.0,557425193.5011101,0.9682513131989626,12173216208.137157,4826783791.86284,2124999999.9999998,0.0,13,9464500000.0,9464500000.0,99
great_miami,baseline,,1926255N15314,"{""1926255N15314"": 0.8323014865210252}",170354720952.1598,141786487484.35706,28568233467.80273,31264660125.162716,74231480189.58058,0.0,28480192422.597404,7810154747.016374,31264660125.162716,74231480189.58058,8451907954.43443,20116325513.368305,16.718170335059522,4.584642388167027,18.352681951175676,43.57465397770032,4.961358221946755,11.808493125950712,28480192422.597404,7810154747.016374,8451907954.43443,26,17,9,Universal P&C Insurance Co.;Florida Family Insurance Co.;First Protective Insurance Co.;Cypress P&C Insurance Co.;Florida Peninsula Insurance Co;Tower Hill Insurance Exchange;Kin Interinsurance Network;Heritage P&C Insurance Co.;Florida Family Home Ins Co.;US Coastal P&C Insurance Co.;TypTap Insurance Co.;Homeowners Choice P&C Ins Co.;Edison Insurance Co.;Safe Harbor Insurance Co.;GeoVera Specialty Insurance Co;Universal North America Ins Co;Auto Club Insurance Co. of FL;American Platinum P&C Ins Co.;FL Farm Bureau General Ins Co.;Homesite Insurance Co.;State Farm FL Ins Co;AIG Property Casualty Co.;ASI Preferred Insurance Corp.;ACE Ins Co. of the Midwest;Castle Key Indemnity Co.;First Liberty Insurance Corp.,Universal P&C Insurance Co.;Florida Family Insurance Co.;First Protective Insurance Co.;Cypress P&C Insurance Co.;Florida Peninsula Insurance Co;Tower Hill Insurance Exchange;Kin Interinsurance Network;Heritage P&C Insurance Co.;Florida Family Home Ins Co.;US Coastal P&C Insurance Co.;TypTap Insurance Co.;Homeowners Choice P&C Ins Co.;Edison Insurance Co.;Safe Harbor Insurance Co.;GeoVera Specialty Insurance Co;Universal North America Ins Co;American Platinum P&C Ins Co.,1915604956.8185694,9,34.45361965929429,1562952499.857529,6228172.608564176,1,0.9811320754716981,5390511695.15143,319362300.0,4151564275.987704,539937478.65,359958319.1,539937478.65,359958319.1,5010907954.43443,8451907954.43443,3441000000.0,1395853723.0,1395853723.0,0.0,False,9371344492.037754,9371344492.037754,0.0,1.0,6825824580.057722,2545519911.980032,2124999999.9999998,0.0,13,9464500000.0,9464500000.0,100
