scenario,policy_scenario,policy_severity,events,wind_shares,total_damage_usd,wind_total_usd,water_total_usd,underinsured_wind_usd,uninsured_wind_usd,nfip_policyholder_shortfall_usd,wind_insured_private_usd,wind_insured_citizens_usd,wind_underinsured_usd,wind_uninsured_usd,flood_insured_capped_usd,flood_un_derinsured_usd,wind_insured_private_pct,wind_insured_citizens_pct,wind_underinsured_pct,wind_uninsured_pct,flood_insured_capped_pct,flood_un_derinsured_pct,insured_private_wind_pre_usd,insured_citizens_wind_pre_usd,insured_flood_pre_usd,defaults_pre,defaults_post,rescued_defaults,default_companies_pre,default_companies_post,group_contrib_total_usd,group_supported_companies,defaulted_premium_base_pct,largest_entity_deficit_usd,diag_group_shortfall_total_usd,diag_groups_with_shortfall,diag_groups_fully_funded_share,figa_residual_deficit_usd,figa_collected_usd,citizens_residual_deficit_usd,citizens_tier1_usd,citizens_tier2_usd,citizens_tier1_capacity_usd,citizens_tier2_capacity_usd,nfip_borrowed_usd,nfip_claims_paid_usd,nfip_pool_used_usd,nfip_fl_premium_base_usd,nfip_fl_premium_depletion_usd,underinsured_flood_usd,fhcf_cap_binding,fhcf_total_precap_usd,fhcf_total_postcap_usd,fhcf_shortfall_usd,fhcf_scaling_factor,fhcf_recovery_private_usd,fhcf_recovery_citizens_usd,catbond_payout_usd,catbond_unfilled_usd,catbond_triggers,catbond_limit_in_force_usd,catbond_issue_volume_year_usd,iter
great_miami,baseline,,1926255N15314,"{""1926255N15314"": 0.6466763379335798}",170354720952.15982,110164367095.03961,60190353857.12022,18385226386.85963,34332037409.618645,0.0,42005550859.40461,15441552439.156727,18385226386.85963,34332037409.618645,17692182490.301872,42498171366.81834,24.657696965850974,9.064352518585693,10.79231986298912,20.153264445932205,10.385495859119931,24.946870347522076,42005550859.40461,15441552439.156727,17692182490.301872,28,18,10,Universal P&C Insurance Co.;Florida Family Insurance Co.;First Protective Insurance Co.;Cypress P&C Insurance Co.;Florida Peninsula Insurance Co;Tower Hill Insurance Exchange;Kin Interinsurance Network;Heritage P&C Insurance Co.;Florida Family Home Ins Co.;US Coastal P&C Insurance Co.;TypTap Insurance Co.;Homeowners Choice P&C Ins Co.;Edison Insurance Co.;Safe Harbor Insurance Co.;GeoVera Specialty Insurance Co;Florida Farm Bureau Cas Ins Co;Universal North America Ins Co;Auto Club Insurance Co. of FL;American Platinum P&C Ins Co.;FL Farm Bureau General Ins Co.;Castle Key Insurance Co.;Homesite Insurance Co.;State Farm FL Ins Co;AIG Property Casualty Co.;ASI Preferred Insurance Corp.;ACE Ins Co. of the Midwest;Castle Key Indemnity Co.;First Liberty Insurance Corp.,Universal P&C Insurance Co.;Florida Family Insurance Co.;First Protective Insurance Co.;Cypress P&C Insurance Co.;Florida Peninsula Insurance Co;Tower Hill Insurance Exchange;Kin Interinsurance Network;Heritage P&C Insurance Co.;Florida Family Home Ins Co.;US Coastal P&C Insurance Co.;TypTap Insurance Co.;Homeowners Choice P&C Ins Co.;Edison Insurance Co.;Safe Harbor Insurance Co.;GeoVera Specialty Insurance Co;Florida Farm Bureau Cas Ins Co;Universal North America Ins Co;American Platinum P&C Ins Co.,4362098470.108282,10,35.166819401784345,2080530755.0413752,33231451.58508201,1,0.9811320754716981,7901826091.494708,311486220.0,9693208471.678484,539937478.65,359958319.1,539937478.65,359958319.1,14251182490.301872,17692182490.301872,3441000000.0,1395853723.0,1395853723.0,0.0,False,15150325489.401285,15150325489.401285,0.0,1.0,10582085680.228485,4568239809.1728,2157718823.102565,0.0,14,9464500000.0,9464500000.0,1
great_miami,baseline,,1926255N15314,"{""1926255N15314"": 0.6374503055728079}",170354720952.1598,108592668926.7247,61762052025.435104,39206392290.314186,37120966685.91729,0.0,24664140470.681503,7601169479.811733,39206392290.314186,37120966685.91729,18151447156.4264,43610604869.0087,14.478107993031704,4.4619658541463885,23.014561657686258,21.790395052416457,10.655089013660982,25.59988042905822,24664140470.681503,7601169479.811733,18151447156.4264,22,14,8,Universal P&C Insurance Co.;Florida Family Insurance Co.;First Protective Insurance Co.;Cypress P&C Insurance Co.;Tower Hill Insurance Exchange;Kin Interinsurance Network;Florida Family Home Ins Co.;US Coastal P&C Insurance Co.;TypTap Insurance Co.;Homeowners Choice P&C Ins Co.;Edison Insurance Co.;Safe Harbor Insurance Co.;GeoVera Specialty Insurance Co;Universal North America Ins Co;Auto Club Insurance Co. of FL;FL Farm Bureau General Ins Co.;Homesite Insurance Co.;State Farm FL Ins Co;AIG Property Casualty Co.;ASI Preferred Insurance Corp.;Castle Key Indemnity Co.;First Liberty Insurance Corp.,Universal P&C Insurance Co.;Florida Family Insurance Co.;First Protective Insurance Co.;Cypress P&C Insurance Co.;Tower Hill Insurance Exchange;Kin Interinsurance Network;Florida Family Home Ins Co.;US Coastal P&C Insurance Co.;TypTap Insurance Co.;Homeowners Choice P&C Ins Co.;Edison Insurance Co.;Safe Harbor Insurance Co.;GeoVera Specialty Insurance Co;Universal North America Ins Co,1224995075.2475352,8,29.203227969374158,670546797.2905207,0.0,0,1.0,1671489563.0667896,377343960.0,1946988582.4373646,539937478.65,359958319.1,539937478.65,359958319.1,14710447156.4264,18151447156.4264,3441000000.0,1395853723.0,1395853723.0,0.0,False,14496016608.144253,14496016608.144253,0.0,1.0,9927776798.971453,4568239809.1728,1975079211.3194184,0.0,13,9464500000.0,9464500000.0,2
great_miami,baseline,,1926255N15314,"{""1926255N15314"": 0.5310082183274566}",170354720952.15985,90459756856.47746,79894964095.68237,20923049238.884567,39672734627.25478,0.0,22272134103.290615,7591838887.047485,20923049238.884567,39672734627.25478,23450050905.984947,56444913189.69742,13.07397527864533,4.456488698766075,12.282048376434673,23.28830947889959,13.765424741337428,33.13375342591689,22272134103.290615,7591838887.047485,23450050905.984947,18,12,6,Universal P&C Insurance Co.;Florida Family Insurance Co.;First Protective Insurance Co.;Cypress P&C Insurance Co.;Tower Hill Insurance Exchange;Kin Interinsurance Network;Florida Family Home Ins Co.;TypTap Insurance Co.;Homeowners Choice P&C Ins Co.;Edison Insurance Co.;Safe Harbor Insurance Co.;GeoVera Specialty Insurance Co;FL Farm Bureau General Ins Co.;Homesite Insurance Co.;State Farm FL Ins Co;AIG Property Casualty Co.;ASI Preferred Insurance Corp.;Castle Key Indemnity Co.,Universal P&C Insurance Co.;Florida Family Insurance Co.;First Protective Insurance Co.;Cypress P&C Insurance Co.;Tower Hill Insurance Exchange;Kin Interinsurance Network;Florida Family Home Ins Co.;TypTap Insurance Co.;Homeowners Choice P&C Ins Co.;Edison Insurance Co.;Safe Harbor Insurance Co.;GeoVera Specialty Insurance Co,886103205.2878085,6,28.525995730733356,629572171.395904,0.0,0,1.0,1314479306.9080467,384822840.0,1913083425.8747997,539937478.65,359958319.1,539937478.65,359958319.1,20009050905.984947,23450050905.984947,3441000000.0,1395853723.0,1395853723.0,0.0,False,14216241172.172207,14216241172.172207,0.0,1.0,9648001362.999405,4568239809.172801,1860824821.1020439,0.0,13,9464500000.0,9464500000.0,3
great_miami,baseline,,1926255N15314,"{""1926255N15314"": 0.7056572148009131}",170354720952.1598,120212037915.28784,50142683036.87193,20689343904.420574,58906707752.42872,0.0,33819034013.916958,6796952244.521606,20689343904.420574,58906707752.42872,14756160627.059504,35386522409.81244,19.85212609600309,3.9898819395973035,12.144860904812084,34.57885253967884,8.662020368195979,20.772258151712702,33819034013.916958,6796952244.521606,14756160627.059504,26,17,9,Universal P&C Insurance Co.;Florida Family Insurance Co.;First Protective Insurance Co.;Cypress P&C Insurance Co.;Florida Peninsula Insurance Co;Tower Hill Insurance Exchange;Kin Interinsurance Network;Florida Family Home Ins Co.;US Coastal P&C Insurance Co.;TypTap Insurance Co.;Homeowners Choice P&C Ins Co.;Edison Insurance Co.;Safe Harbor Insurance Co.;GeoVera Specialty Insurance Co;Florida Farm Bureau Cas Ins Co;Universal North America Ins Co;Auto Club Insurance Co. of FL;American Platinum P&C Ins Co.;FL Farm Bureau General Ins Co.;Homesite Insurance Co.;State Farm FL Ins Co;AIG Property Casualty Co.;ASI Preferred Insurance Corp.;ACE Ins Co. of the Midwest;Castle Key Indemnity Co.;First Liberty Insurance Corp.,Universal P&C Insurance Co.;Florida Family Insurance Co.;First Protective Insurance Co.;Cypress P&C Insurance Co.;Florida Peninsula Insurance Co;Tower Hill Insurance Exchange;Kin Interinsurance Network;Florida Family Home Ins Co.;US Coastal P&C Insurance Co.;TypTap Insurance Co.;Homeowners Choice P&C Ins Co.;Edison Insurance Co.;Safe Harbor Insurance Co.;GeoVera Specialty Insurance Co;Florida Farm Bureau Cas Ins Co;Universal North America Ins Co;American Platinum P&C Ins Co.,2605224390.2284484,9,33.145293557041065,1594908946.442399,10911428.67341023,1,0.9811320754716981,5177232641.023963,333810540.0,1506443393.155961,539937478.65,359958319.1,539937478.65,359958319.1,11315160627.059504,14756160627.059504,3441000000.0,1395853723.0,1395853723.0,0.0,False,14771216992.31148,14771216992.31148,0.0,1.0,10486559671.503918,4284657320.8075614,2086663052.6004534,0.0,13,9464500000.0,9464500000.0,4
great_miami,baseline,,1926255N15314,"{""1926255N15314"": 0.7947765763247159}",170354720952.15982,135393941879.10995,34960779073.04987,12513427137.878815,88970788650.51201,0.0,27489920934.40242,6419805156.316696,12513427137.878815,88970788650.51201,10319868598.702013,24640910474.34787,16.136870631323642,3.7684926607461318,7.345512391988784,52.226781948413034,6.057870624906315,14.46447174262209,27489920934.40242,6419805156.316696,10319868598.702013,23,15,8,Universal P&C Insurance Co.;Florida Family Insurance Co.;First Protective Insurance Co.;Cypress P&C Insurance Co.;Tower Hill Insurance Exchange;Kin Interinsurance Network;Florida Family Home Ins Co.;US Coastal P&C Insurance Co.;TypTap Insurance Co.;Homeowners Choice P&C Ins Co.;Edison Insurance Co.;Safe Harbor Insurance Co.;GeoVera Specialty Insurance Co;Universal North America Ins Co;Auto Club Insurance Co. of FL;American Platinum P&C Ins Co.;FL Farm Bureau General Ins Co.;Homesite Insurance Co.;State Farm FL Ins Co;AIG Property Casualty Co.;ASI Preferred Insurance Corp.;Castle Key Indemnity Co.;First Liberty Insurance Corp.,Universal P&C Insurance Co.;Florida Family Insurance Co.;First Protective Insurance Co.;Cypress P&C Insurance Co.;Tower Hill Insurance Exchange;Kin Interinsurance Network;Florida Family Home Ins Co.;US Coastal P&C Insurance Co.;TypTap Insurance Co.;Homeowners Choice P&C Ins Co.;Edison Insurance Co.;Safe Harbor Insurance Co.;GeoVera Specialty Insurance Co;Universal North America Ins Co;American Platinum P&C Ins Co.,1530577314.7147229,8,29.360577648978133,712201035.3008797,6577903.985453837,1,0.9811320754716981,2332521941.694486,375606300.0,1469424347.7568464,539937478.65,359958319.1,539937478.65,359958319.1,6878868598.702013,10319868598.702013,3441000000.0,1395853723.0,1395853723.0,0.0,False,14267300805.519665,14267300805.519665,0.0,1.0,10356019102.034966,3911281703.4847,2086068539.3482766,0.0,13,9464500000.0,9464500000.0,5
great_miami,baseline,,1926255N15314,"{""1926255N15314"": 0.7464213169812842}",170354720952.15982,127156395167.09033,43198325785.06948,32636700488.461937,44092583863.48827,0.0,37260359419.39698,13166751395.743147,32636700488.461937,44092583863.48827,12726955542.39751,30471370242.67197,21.87222004247284,7.729020553202471,19.158083970932157,25.882807131520973,7.47085579505107,17.887012506820486,37260359419.39698,13166751395.743147,12726955542.39751,27,18,9,Universal P&C Insurance Co.;Florida Family Insurance Co.;First Protective Insurance Co.;Cypress P&C Insurance Co.;Florida Peninsula Insurance Co;Tower Hill Insurance Exchange;Kin Interinsurance Network;Heritage P&C Insurance Co.;Florida Family Home Ins Co.;US Coastal P&C Insurance Co.;TypTap Insurance Co.;Homeowners Choice P&C Ins Co.;Edison Insurance Co.;Safe Harbor Insurance Co.;GeoVera Specialty Insurance Co;Florida Farm Bureau Cas Ins Co;Universal North America Ins Co;Auto Club Insurance Co. of FL;American Platinum P&C Ins Co.;FL Farm Bureau General Ins Co.;Homesite Insurance Co.;State Farm FL Ins Co;AIG Property Casualty Co.;ASI Preferred Insurance Corp.;ACE Ins Co. of the Midwest;Castle Key Indemnity Co.;First Liberty Insurance Corp.,Universal P&C Insurance Co.;Florida Family Insurance Co.;First Protective Insurance Co.;Cypress P&C Insurance Co.;Florida Peninsula Insurance Co;Tower Hill Insurance Exchange;Kin Interinsurance Network;Heritage P&C Insurance Co.;Florida Family Home Ins Co.;US Coastal P&C Insurance Co.;TypTap Insurance Co.;Homeowners Choice P&C Ins Co.;Edison Insurance Co.;Safe Harbor Insurance Co.;GeoVera Specialty Insurance Co;Florida Farm Bureau Cas Ins Co;Universal North America Ins Co;American Platinum P&C Ins Co.,3332070938.886802,9,35.166819401784345,1669738420.0887585,23852210.445926428,1,0.9811320754716981,6154285601.112908,311486220.0,7433059086.636474,539937478.65,359958319.1,539937478.65,359958319.1,9285955542.39751,12726955542.39751,3441000000.0,1395853723.0,1395853723.0,0.0,False,15133790961.844852,15133790961.844852,0.0,1.0,10565551152.672052,4568239809.172801,2086596184.0520117,0.0,13,9464500000.0,9464500000.0,6
great_miami,baseline,,1926255N15314,"{""1926255N15314"": 0.690344131267792}",170354720952.15982,117603381843.0859,52751339109.073906,13151360134.093857,63119903082.52749,0.0,33382429830.43761,7949688796.02696,13151360134.093857,63119903082.52749,15518433933.847202,37232905175.2267,19.595834881389813,4.66655033191563,7.71998572190266,37.05204219157111,9.109482758746202,21.856104114474583,33382429830.43761,7949688796.02696,15518433933.847202,27,18,9,Universal P&C Insurance Co.;Florida Family Insurance Co.;First Protective Insurance Co.;Cypress P&C Insurance Co.;Florida Peninsula Insurance Co;Tower Hill Insurance Exchange;Kin Interinsurance Network;Heritage P&C Insurance Co.;Florida Family Home Ins Co.;US Coastal P&C Insurance Co.;TypTap Insurance Co.;Homeowners Choice P&C Ins Co.;Edison Insurance Co.;Safe Harbor Insurance Co.;GeoVera Specialty Insurance Co;Florida Farm Bureau Cas Ins Co;Universal North America Ins Co;Auto Club Insurance Co. of FL;American Platinum P&C Ins Co.;FL Farm Bureau General Ins Co.;Homesite Insurance Co.;State Farm FL Ins Co;AIG Property Casualty Co.;ASI Preferred Insurance Corp.;ACE Ins Co. of the Midwest;Castle Key Indemnity Co.;First Liberty Insurance Corp.,Universal P&C Insurance Co.;Florida Family Insurance Co.;First Protective Insurance Co.;Cypress P&C Insurance Co.;Florida Peninsula Insurance Co;Tower Hill Insurance Exchange;Kin Interinsurance Network;Heritage P&C Insurance Co.;Florida Family Home Ins Co.;US Coastal P&C Insurance Co.;TypTap Insurance Co.;Homeowners Choice P&C Ins Co.;Edison Insurance Co.;Safe Harbor Insurance Co.;GeoVera Specialty Insurance Co;Florida Farm Bureau Cas Ins Co;Universal North America Ins Co;American Platinum P&C Ins Co.,2579928538.298589,9,35.166819401784345,1349100416.5849566,14571857.09888342,1,0.9811320754716981,4553231577.66423,311486220.0,2341710258.1776977,539937478.65,359958319.1,539937478.65,359958319.1,12077433933.847202,15518433933.847202,3441000000.0,1395853723.0,1395853723.0,0.0,False,14975552933.421124,14975552933.421124,0.0,1.0,10407313124.248322,4568239809.172801,2086605520.8846211,0.0,13,9464500000.0,9464500000.0,7
great_miami,baseline,,1926255N15314,"{""1926255N15314"": 0.5880049308616303}",170354720952.15985,100169415915.4271,70185305036.73274,19494173314.13713,49565779619.50188,0.0,25351100356.80065,5758362624.987415,19494173314.13713,49565779619.50188,20612799189.4721,49572505847.260635,14.881360619245717,3.380218988239555,11.44328328864547,29.095630190032285,12.099928357876694,29.099578555960253,25351100356.80065,5758362624.987415,20612799189.4721,21,14,7,Universal P&C Insurance Co.;Florida Family Insurance Co.;First Protective Insurance Co.;Cypress P&C Insurance Co.;Tower Hill Insurance Exchange;Kin Interinsurance Network;Florida Family Home Ins Co.;US Coastal P&C Insurance Co.;TypTap Insurance Co.;Homeowners Choice P&C Ins Co.;Edison Insurance Co.;Safe Harbor Insurance Co.;GeoVera Specialty Insurance Co;Universal North America Ins Co;FL Farm Bureau General Ins Co.;Homesite Insurance Co.;State Farm FL Ins Co;AIG Property Casualty Co.;ASI Preferred Insurance Corp.;Castle Key Indemnity Co.;First Liberty Insurance Corp.,Universal P&C Insurance Co.;Florida Family Insurance Co.;First Protective Insurance Co.;Cypress P&C Insurance Co.;Tower Hill Insurance Exchange;Kin Interinsurance Network;Florida Family Home Ins Co.;US Coastal P&C Insurance Co.;TypTap Insurance Co.;Homeowners Choice P&C Ins Co.;Edison Insurance Co.;Safe Harbor Insurance Co.;GeoVera Specialty Insurance Co;Universal North America Ins Co,1461916686.9070237,7,29.203227969374158,889905605.506407,0.0,0,1.0,2134302751.4485016,377343960.0,1449465290.6876879,539937478.65,359958319.1,539937478.65,359958319.1,17171799189.4721,20612799189.4721,3441000000.0,1395853723.0,1395853723.0,0.0,False,13232585349.589418,13232585349.589418,0.0,1.0,9976131752.120707,3256453597.4687123,1867800998.3088355,0.0,13,9464500000.0,9464500000.0,8
great_miami,baseline,,1926255N15314,"{""1926255N15314"": 0.8060693487176859}",170354720952.1598,137317718968.89058,33037001983.269226,34437225309.633865,44515994616.43974,0.0,44974226685.719765,13390272357.097214,34437225309.633865,44515994616.43974,9757723232.21386,23279278751.05537,26.400340674063116,7.8602296914668806,20.215010841586697,26.13135366465191,5.727885424997463,13.665179703233948,44974226685.719765,13390272357.097214,9757723232.21386,30,19,11,Universal P&C Insurance Co.;Florida Family Insurance Co.;First Protective Insurance Co.;Cypress P&C Insurance Co.;Florida Peninsula Insurance Co;Tower Hill Insurance Exchange;Kin Interinsurance Network;Heritage P&C Insurance Co.;Florida Family Home Ins Co.;US Coastal P&C Insurance Co.;TypTap Insurance Co.;Homeowners Choice P&C Ins Co.;Vault E&S Insurance Co.;Edison Insurance Co.;Safe Harbor Insurance Co.;GeoVera Specialty Insurance Co;Florida Farm Bureau Cas Ins Co;Universal North America Ins Co;Auto Club Insurance Co. of FL;American Platinum P&C Ins Co.;FL Farm Bureau General Ins Co.;Castle Key Insurance Co.;Homesite Insurance Co.;State Farm FL Ins Co;AIG Property Casualty Co.;ASI Preferred Insurance Corp.;Nationwide P&C Insurance Co.;ACE Ins Co. of the Midwest;Castle Key Indemnity Co.;First Liberty Insurance Corp.,Universal P&C Insurance Co.;Florida Family Insurance Co.;First Protective Insurance Co.;Cypress P&C Insurance Co.;Florida Peninsula Insurance Co;Tower Hill Insurance Exchange;Kin Interinsurance Network;Heritage P&C Insurance Co.;Florida Family Home Ins Co.;US Coastal P&C Insurance Co.;TypTap Insurance Co.;Homeowners Choice P&C Ins Co.;Vault E&S Insurance Co.;Edison Insurance Co.;Safe Harbor Insurance Co.;GeoVera Specialty Insurance Co;Florida Farm Bureau Cas Ins Co;Universal North America Ins Co;American Platinum P&C Ins Co.,4407970161.249737,11,35.41856476294073,2656051383.1252255,25751170.098694727,1,0.9811320754716981,9491756381.640093,308706120.0,7699567395.425871,539937478.65,359958319.1,539937478.65,359958319.1,6316723232.21386,9757723232.21386,3441000000.0,1395853723.0,1395853723.0,0.0,False,15159919112.656254,15159919112.656254,0.0,1.0,10591679303.483456,4568239809.172799,2126790612.9861772,0.0,14,9464500000.0,9464500000.0,9
great_miami,baseline,,1926255N15314,"{""1926255N15314"": 0.7272475603435673}",170354720952.1598,123890055205.4674,46464665746.69239,20377106957.555706,47237853852.09264,0.0,44694229812.80218,11580864583.016897,20377106957.555706,47237853852.09264,13681410133.085438,32783255613.606945,26.235979586003683,6.798088434701564,11.961574556702862,27.72911345694864,8.031130605959284,19.24411335968398,44694229812.80218,11580864583.016897,13681410133.085438,30,19,11,Universal P&C Insurance Co.;Florida Family Insurance Co.;First Protective Insurance Co.;Cypress P&C Insurance Co.;Florida Peninsula Insurance Co;Tower Hill Insurance Exchange;Kin Interinsurance Network;Heritage P&C Insurance Co.;Florida Family Home Ins Co.;US Coastal P&C Insurance Co.;TypTap Insurance Co.;Homeowners Choice P&C Ins Co.;Vault E&S Insurance Co.;Edison Insurance Co.;Safe Harbor Insurance Co.;GeoVera Specialty Insurance Co;Florida Farm Bureau Cas Ins Co;Universal North America Ins Co;Auto Club Insurance Co. of FL;American Platinum P&C Ins Co.;FL Farm Bureau General Ins Co.;Castle Key Insurance Co.;Homesite Insurance Co.;State Farm FL Ins Co;AIG Property Casualty Co.;ASI Preferred Insurance Corp.;Nationwide P&C Insurance Co.;ACE Ins Co. of the Midwest;Castle Key Indemnity Co.;First Liberty Insurance Corp.,Universal P&C Insurance Co.;Florida Family Insurance Co.;First Protective Insurance Co.;Cypress P&C Insurance Co.;Florida Peninsula Insurance Co;Tower Hill Insurance Exchange;Kin Interinsurance Network;Heritage P&C Insurance Co.;Florida Family Home Ins Co.;US Coastal P&C Insurance Co.;TypTap Insurance Co.;Homeowners Choice P&C Ins Co.;Vault E&S Insurance Co.;Edison Insurance Co.;Safe Harbor Insurance Co.;GeoVera Specialty Insurance Co;Florida Farm Bureau Cas Ins Co;Universal North America Ins Co;American Platinum P&C Ins Co.,4645200478.388427,11,35.41856476294073,2623459791.47807,34916706.859566435,1,0.9811320754716981,10047954489.356895,308706120.0,5926826930.778239,539937478.65,359958319.1,539937478.65,359958319.1,10240410133.085438,13681410133.085438,3441000000.0,1395853723.0,1395853723.0,0.0,False,15157951276.15733,15157951276.15733,0.0,1.0,10589711466.984528,4568239809.172801,2158692166.068632,0.0,14,9464500000.0,9464500000.0,10
great_miami,baseline,,1926255N15314,"{""1926255N15314"": 0.7038968348903806}",170354720952.15982,119912148886.85931,50442572065.3005,6583792795.698567,54850546723.73707,0.0,46396923928.311325,12080885439.112352,6583792795.698567,54850546723.73707,14843790960.473528,35598781104.826965,27.235478810910575,7.091605898321414,3.864755117380911,32.19784366242517,8.713460288923876,20.89685622203805,46396923928.311325,12080885439.112352,14843790960.473528,31,19,12,Universal P&C Insurance Co.;Florida Family Insurance Co.;First Protective Insurance Co.;Cypress P&C Insurance Co.;Florida Peninsula Insurance Co;Tower Hill Insurance Exchange;Kin Interinsurance Network;Heritage P&C Insurance Co.;Florida Family Home Ins Co.;US Coastal P&C Insurance Co.;TypTap Insurance Co.;Homeowners Choice P&C Ins Co.;Vault E&S Insurance Co.;Edison Insurance Co.;Safe Harbor Insurance Co.;GeoVera Specialty Insurance Co;Florida Farm Bureau Cas Ins Co;Universal North America Ins Co;Auto Club Insurance Co. of FL;American Platinum P&C Ins Co.;FL Farm Bureau General Ins Co.;Castle Key Insurance Co.;Homesite Insurance Co.;State Farm FL Ins Co;AIG Property Casualty Co.;Foremost P&C Insurance Co.;ASI Preferred Insurance Corp.;Nationwide P&C Insurance Co.;ACE Ins Co. of the Midwest;Castle Key Indemnity Co.;First Liberty Insurance Corp.,Universal P&C Insurance Co.;Florida Family Insurance Co.;First Protective Insurance Co.;Cypress P&C Insurance Co.;Florida Peninsula Insurance Co;Tower Hill Insurance Exchange;Kin Interinsurance Network;Heritage P&C Insurance Co.;Florida Family Home Ins Co.;US Coastal P&C Insurance Co.;TypTap Insurance Co.;Homeowners Choice P&C Ins Co.;Vault E&S Insurance Co.;Edison Insurance Co.;Safe Harbor Insurance Co.;GeoVera Specialty Insurance Co;Florida Farm Bureau Cas Ins Co;Universal North America Ins Co;American Platinum P&C Ins Co.,4723536995.4396305,12,35.41856476294073,3345382557.0478253,45646969.59465961,1,0.9811320754716981,10551365510.031809,308706120.0,6423726412.696548,539937478.65,359958319.1,539937478.65,359958319.1,11402790960.473528,14843790960.473528,3441000000.0,1395853723.0,1395853723.0,0.0,False,15156279376.071308,15156279376.071308,0.0,1.0,10588039566.898508,4568239809.172801,2097316865.6629438,0.0,13,9464500000.0,9464500000.0,11
great_miami,baseline,,1926255N15314,"{""1926255N15314"": 0.8894665170830168}",170354720952.1598,151524820313.96683,18829900638.192974,14152148148.157318,47784501766.25507,0.0,67428089786.03355,22160080613.520916,14152148148.157318,47784501766.25507,5606277498.304628,13223623139.888346,39.58099277152946,13.00819871011621,8.307458736134247,28.050001490521797,3.2909434308421797,7.762404860856129,67428089786.03355,22160080613.520916,5606277498.304628,36,23,13,Universal P&C Insurance Co.;Florida Family Insurance Co.;First Protective Insurance Co.;Spinnaker Insurance Co.;Cypress P&C Insurance Co.;Florida Peninsula Insurance Co;Tower Hill Insurance Exchange;Kin Interinsurance Network;Unique Insurance Co.;Heritage P&C Insurance Co.;Florida Family Home Ins Co.;US Coastal P&C Insurance Co.;TypTap Insurance Co.;Homeowners Choice P&C Ins Co.;Vault E&S Insurance Co.;Edison Insurance Co.;Safe Harbor Insurance Co.;Spinnaker Specialty Ins Co.;GeoVera Specialty Insurance Co;Florida Farm Bureau Cas Ins Co;Universal North America Ins Co;QBE Specialty Insurance Co.;Auto Club Insurance Co. of FL;American Platinum P&C Ins Co.;FL Farm Bureau General Ins Co.;Castle Key Insurance Co.;Homesite Insurance Co.;PURE Specialty Exchange;State Farm FL Ins Co;AIG Property Casualty Co.;Foremost P&C Insurance Co.;ASI Preferred Insurance Corp.;Nationwide P&C Insurance Co.;ACE Ins Co. of the Midwest;Castle Key Indemnity Co.;First Liberty Insurance Corp.,Universal P&C Insurance Co.;Florida Family Insurance Co.;First Protective Insurance Co.;Spinnaker Insurance Co.;Cypress P&C Insurance Co.;Florida Peninsula Insurance Co;Tower Hill Insurance Exchange;Kin Interinsurance Network;Unique Insurance Co.;Heritage P&C Insurance Co.;Florida Family Home Ins Co.;US Coastal P&C Insurance Co.;TypTap Insurance Co.;Homeowners Choice P&C Ins Co.;Vault E&S Insurance Co.;Edison Insurance Co.;Safe Harbor Insurance Co.;Spinnaker Specialty Ins Co.;GeoVera Specialty Insurance Co;Florida Farm Bureau Cas Ins Co;Universal North America Ins Co;QBE Specialty Insurance Co.;American Platinum P&C Ins Co.,8453826455.017479,13,36.189312511589605,4704085598.681455,72663456.6342679,1,0.9811320754716981,19046945365.708702,300194520.0,16434237994.914314,539937478.65,359958319.1,539937478.65,359958319.1,2165277498.3046284,5606277498.304628,3441000000.0,1395853723.0,1395853723.0,0.0,False,15181555106.266499,15181555106.266499,0.0,1.0,10613315297.093699,4568239809.1728,2575000000.0,0.0,14,9464500000.0,9464500000.0,12
great_miami,baseline,,1926255N15314,"{""1926255N15314"": 0.7113102758533727}",170354720952.1598,121175063553.40514,49179657398.75467,20854205150.147324,41215787046.26279,0.0,46656334672.068405,12448736684.926632,20854205150.147324,41215787046.26279,14474755674.712013,34704901724.042656,27.387755626197624,7.307538420624442,12.241636177493284,24.194097361021942,8.496832722808378,20.372139691854347,46656334672.068405,12448736684.926632,14474755674.712013,31,19,12,Universal P&C Insurance Co.;Florida Family Insurance Co.;First Protective Insurance Co.;Cypress P&C Insurance Co.;Florida Peninsula Insurance Co;Tower Hill Insurance Exchange;Kin Interinsurance Network;Heritage P&C Insurance Co.;Florida Family Home Ins Co.;US Coastal P&C Insurance Co.;TypTap Insurance Co.;Homeowners Choice P&C Ins Co.;Vault E&S Insurance Co.;Edison Insurance Co.;Safe Harbor Insurance Co.;GeoVera Specialty Insurance Co;Florida Farm Bureau Cas Ins Co;Universal North America Ins Co;Auto Club Insurance Co. of FL;American Platinum P&C Ins Co.;FL Farm Bureau General Ins Co.;Castle Key Insurance Co.;Homesite Insurance Co.;State Farm FL Ins Co;AIG Property Casualty Co.;Foremost P&C Insurance Co.;ASI Preferred Insurance Corp.;Nationwide P&C Insurance Co.;ACE Ins Co. of the Midwest;Castle Key Indemnity Co.;First Liberty Insurance Corp.,Universal P&C Insurance Co.;Florida Family Insurance Co.;First Protective Insurance Co.;Cypress P&C Insurance Co.;Florida Peninsula Insurance Co;Tower Hill Insurance Exchange;Kin Interinsurance Network;Heritage P&C Insurance Co.;Florida Family Home Ins Co.;US Coastal P&C Insurance Co.;TypTap Insurance Co.;Homeowners Choice P&C Ins Co.;Vault E&S Insurance Co.;Edison Insurance Co.;Safe Harbor Insurance Co.;GeoVera Specialty Insurance Co;Florida Farm Bureau Cas Ins Co;Universal North America Ins Co;American Platinum P&C Ins Co.,4243155467.318357,12,35.41856476294073,3256337919.5370374,44512457.750856236,1,0.9811320754716981,11011387124.542133,308706120.0,6785130616.330399,539937478.65,359958319.1,539937478.65,359958319.1,11033755674.712013,14474755674.712013,3441000000.0,1395853723.0,1395853723.0,0.0,False,15161134656.613518,15161134656.613518,0.0,1.0,10592894847.440718,4568239809.1728,2218776182.5315733,0.0,14,9464500000.0,9464500000.0,13
great_miami,baseline,,1926255N15314,"{""1926255N15314"": 0.8148852490539027}",170354720952.15982,138819549210.60886,31535171741.55096,21106937583.79624,59438918442.86632,0.0,45874773277.47436,12398919906.471949,21106937583.79624,59438918442.86632,9318874617.10224,22216297124.448723,26.928970926703716,7.278295451497289,12.389992755013603,34.89126577217567,5.470276705580252,13.041198389029473,45874773277.47436,12398919906.471949,9318874617.10224,30,20,10,Universal P&C Insurance Co.;Florida Family Insurance Co.;First Protective Insurance Co.;Cypress P&C Insurance Co.;Florida Peninsula Insurance Co;Tower Hill Insurance Exchange;Kin Interinsurance Network;Unique Insurance Co.;Heritage P&C Insurance Co.;Florida Family Home Ins Co.;US Coastal P&C Insurance Co.;TypTap Insurance Co.;Homeowners Choice P&C Ins Co.;Vault E&S Insurance Co.;Edison Insurance Co.;Safe Harbor Insurance Co.;GeoVera Specialty Insurance Co;Florida Farm Bureau Cas Ins Co;Universal North America Ins Co;Auto Club Insurance Co. of FL;American Platinum P&C Ins Co.;FL Farm Bureau General Ins Co.;Castle Key Insurance Co.;Homesite Insurance Co.;State Farm FL Ins Co;AIG Property Casualty Co.;ASI Preferred Insurance Corp.;ACE Ins Co. of the Midwest;Castle Key Indemnity Co.;First Liberty Insurance Corp.,Universal P&C Insurance Co.;Florida Family Insurance Co.;First Protective Insurance Co.;Cypress P&C Insurance Co.;Florida Peninsula Insurance Co;Tower Hill Insurance Exchange;Kin Interinsurance Network;Unique Insurance Co.;Heritage P&C Insurance Co.;Florida Family Home Ins Co.;US Coastal P&C Insurance Co.;TypTap Insurance Co.;Homeowners Choice P&C Ins Co.;Vault E&S Insurance Co.;Edison Insurance Co.;Safe Harbor Insurance Co.;GeoVera Specialty Insurance Co;Florida Farm Bureau Cas Ins Co;Universal North America Ins Co;American Platinum P&C Ins Co.,4570622402.778575,10,35.51416660549837,2176860176.5325975,45603932.49780597,1,0.9811320754716981,9698028785.365637,307650360.0,6732797113.521534,539937478.65,359958319.1,539937478.65,359958319.1,5877874617.10224,9318874617.10224,3441000000.0,1395853723.0,1395853723.0,0.0,False,15162613738.301506,15162613738.301506,0.0,1.0,10594373929.128706,4568239809.172801,2145220310.0040922,0.0,14,9464500000.0,9464500000.0,14
great_miami,baseline,,1926255N15314,"{""1926255N15314"": 0.664826105822245}",170354720952.15982,113256265739.05962,57098455213.1002,24233351249.090378,35613125679.16328,0.0,40153385974.91397,13256402835.891998,24233351249.090378,35613125679.16328,16788701257.668505,40309753955.43168,23.570456838815826,7.7816468846876,14.22523022176518,20.905276636955897,9.85514294164071,23.662246476134783,40153385974.91397,13256402835.891998,16788701257.668505,29,18,11,Universal P&C Insurance Co.;Florida Family Insurance Co.;First Protective Insurance Co.;Cypress P&C Insurance Co.;Florida Peninsula Insurance Co;Tower Hill Insurance Exchange;Kin Interinsurance Network;Heritage P&C Insurance Co.;Florida Family Home Ins Co.;US Coastal P&C Insurance Co.;TypTap Insurance Co.;Homeowners Choice P&C Ins Co.;Edison Insurance Co.;Safe Harbor Insurance Co.;GeoVera Specialty Insurance Co;Florida Farm Bureau Cas Ins Co;Universal North America Ins Co;Auto Club Insurance Co. of FL;American Platinum P&C Ins Co.;FL Farm Bureau General Ins Co.;Castle Key Insurance Co.;Homesite Insurance Co.;State Farm FL Ins Co;AIG Property Casualty Co.;ASI Preferred Insurance Corp.;Nationwide P&C Insurance Co.;ACE Ins Co. of the Midwest;Castle Key Indemnity Co.;First Liberty Insurance Corp.,Universal P&C Insurance Co.;Florida Family Insurance Co.;First Protective Insurance Co.;Cypress P&C Insurance Co.;Florida Peninsula Insurance Co;Tower Hill Insurance Exchange;Kin Interinsurance Network;Heritage P&C Insurance Co.;Florida Family Home Ins Co.;US Coastal P&C Insurance Co.;TypTap Insurance Co.;Homeowners Choice P&C Ins Co.;Edison Insurance Co.;Safe Harbor Insurance Co.;GeoVera Specialty Insurance Co;Florida Farm Bureau Cas Ins Co;Universal North America Ins Co;American Platinum P&C Ins Co.,3662639223.4547796,11,35.166819401784345,1987145623.9297333,26924441.982322738,1,0.9811320754716981,7898177701.998257,311486220.0,7540828738.129473,539937478.65,359958319.1,539937478.65,359958319.1,13347701257.668505,16788701257.668505,3441000000.0,1395853723.0,1395853723.0,0.0,False,15137256243.275564,15137256243.275564,0.0,1.0,10569016434.102764,4568239809.1728,2086619803.5753055,0.0,13,9464500000.0,9464500000.0,15
great_miami,baseline,,1926255N15314,"{""1926255N15314"": 0.8943878662381811}",170354720952.15982,152363195376.003,17991525576.156826,31400847347.200478,49117133069.65817,0.0,57079193534.64489,14766021424.499456,31400847347.200478,49117133069.65817,5361296591.209735,12630228984.947088,33.506082611396636,8.667808759257193,18.432625272544502,28.832269980619778,3.1471370803485574,7.414076295833325,57079193534.64489,14766021424.499456,5361296591.209735,34,22,12,Universal P&C Insurance Co.;Florida Family Insurance Co.;First Protective Insurance Co.;Cypress P&C Insurance Co.;Florida Peninsula Insurance Co;Tower Hill Insurance Exchange;Kin Interinsurance Network;Unique Insurance Co.;Heritage P&C Insurance Co.;Florida Family Home Ins Co.;US Coastal P&C Insurance Co.;TypTap Insurance Co.;Homeowners Choice P&C Ins Co.;Vault E&S Insurance Co.;Edison Insurance Co.;Safe Harbor Insurance Co.;Spinnaker Specialty Ins Co.;GeoVera Specialty Insurance Co;Florida Farm Bureau Cas Ins Co;Universal North America Ins Co;Auto Club Insurance Co. of FL;American Platinum P&C Ins Co.;FL Farm Bureau General Ins Co.;Castle Key Insurance Co.;Homesite Insurance Co.;PURE Specialty Exchange;State Farm FL Ins Co;AIG Property Casualty Co.;Foremost P&C Insurance Co.;ASI Preferred Insurance Corp.;Nationwide P&C Insurance Co.;ACE Ins Co. of the Midwest;Castle Key Indemnity Co.;First Liberty Insurance Corp.,Universal P&C Insurance Co.;Florida Family Insurance Co.;First Protective Insurance Co.;Cypress P&C Insurance Co.;Florida Peninsula Insurance Co;Tower Hill Insurance Exchange;Kin Interinsurance Network;Unique Insurance Co.;Heritage P&C Insurance Co.;Florida Family Home Ins Co.;US Coastal P&C Insurance Co.;TypTap Insurance Co.;Homeowners Choice P&C Ins Co.;Vault E&S Insurance Co.;Edison Insurance Co.;Safe Harbor Insurance Co.;Spinnaker Specialty Ins Co.;GeoVera Specialty Insurance Co;Florida Farm Bureau Cas Ins Co;Universal North America Ins Co;American Platinum P&C Ins Co.;Castle Key Indemnity Co.,6741559363.84609,13,37.3412832020945,2992203309.147583,47295193.7912489,1,0.9811320754716981,14186231879.077093,287472960.0,9101755121.27636,539937478.65,359958319.1,539937478.65,359958319.1,1920296591.209735,5361296591.209735,3441000000.0,1395853723.0,1395853723.0,0.0,False,15170853574.698744,15170853574.698744,0.0,1.0,10602613765.525944,4568239809.1728,2303978591.8175673,0.0,14,9464500000.0,9464500000.0,16
great_miami,baseline,,1926255N15314,"{""1926255N15314"": 0.6109346528979662}",170354720952.15982,104075602314.43767,66279118637.72215,24306988647.219696,45925964942.52217,0.0,27024471943.017365,6818176781.678439,24306988647.219696,45925964942.52217,19471375582.49214,46807743055.23001,15.863647213279497,4.002340964529633,14.268456143370251,26.959020968617253,11.429900782121692,27.47663392808168,27024471943.017365,6818176781.678439,19471375582.49214,24,15,9,Universal P&C Insurance Co.;Florida Family Insurance Co.;First Protective Insurance Co.;Cypress P&C Insurance Co.;Tower Hill Insurance Exchange;Kin Interinsurance Network;Florida Family Home Ins Co.;US Coastal P&C Insurance Co.;TypTap Insurance Co.;Homeowners Choice P&C Ins Co.;Edison Insurance Co.;Safe Harbor Insurance Co.;GeoVera Specialty Insurance Co;Universal North America Ins Co;Auto Club Insurance Co. of FL;American Platinum P&C Ins Co.;FL Farm Bureau General Ins Co.;Homesite Insurance Co.;State Farm FL Ins Co;AIG Property Casualty Co.;ASI Preferred Insurance Corp.;ACE Ins Co. of the Midwest;Castle Key Indemnity Co.;First Liberty Insurance Corp.,Universal P&C Insurance Co.;Florida Family Insurance Co.;First Protective Insurance Co.;Cypress P&C Insurance Co.;Tower Hill Insurance Exchange;Kin Interinsurance Network;Florida Family Home Ins Co.;US Coastal P&C Insurance Co.;TypTap Insurance Co.;Homeowners Choice P&C Ins Co.;Edison Insurance Co.;Safe Harbor Insurance Co.;GeoVera Specialty Insurance Co;Universal North America Ins Co;American Platinum P&C Ins Co.,2069409233.0224884,9,29.360577648978133,819525922.1427758,5632782.584289007,1,0.9811320754716981,2153373856.529705,375606300.0,1471362084.3572917,539937478.65,359958319.1,539937478.65,359958319.1,16030375582.492142,19471375582.49214,3441000000.0,1395853723.0,1395853723.0,0.0,False,14453999954.216373,14453999954.216373,0.0,1.0,10148330341.623547,4305669612.592827,2072217551.9514623,0.0,13,9464500000.0,9464500000.0,17
great_miami,baseline,,1926255N15314,"{""1926255N15314"": 0.7636423724145907}",170354720952.1598,130090083259.93289,40264637692.226906,27136497080.207443,60526354517.37903,0.0,31806585610.278275,10620646052.068161,27136497080.207443,60526354517.37903,11869704888.528381,28394932803.69853,18.670797869587908,6.234430130674644,15.929407138548338,35.5296021026482,6.967640710034514,16.66812204850642,31806585610.278275,10620646052.068161,11869704888.528381,26,18,8,Universal P&C Insurance Co.;Florida Family Insurance Co.;First Protective Insurance Co.;Cypress P&C Insurance Co.;Florida Peninsula Insurance Co;Tower Hill Insurance Exchange;Kin Interinsurance Network;Heritage P&C Insurance Co.;Florida Family Home Ins Co.;US Coastal P&C Insurance Co.;TypTap Insurance Co.;Homeowners Choice P&C Ins Co.;Edison Insurance Co.;Safe Harbor Insurance Co.;GeoVera Specialty Insurance Co;Florida Farm Bureau Cas Ins Co;Universal North America Ins Co;Auto Club Insurance Co. of FL;American Platinum P&C Ins Co.;FL Farm Bureau General Ins Co.;Homesite Insurance Co.;State Farm FL Ins Co;AIG Property Casualty Co.;ASI Preferred Insurance Corp.;Castle Key Indemnity Co.;First Liberty Insurance Corp.,Universal P&C Insurance Co.;Florida Family Insurance Co.;First Protective Insurance Co.;Cypress P&C Insurance Co.;Florida Peninsula Insurance Co;Tower Hill Insurance Exchange;Kin Interinsurance Network;Heritage P&C Insurance Co.;Florida Family Home Ins Co.;US Coastal P&C Insurance Co.;TypTap Insurance Co.;Homeowners Choice P&C Ins Co.;Edison Insurance Co.;Safe Harbor Insurance Co.;GeoVera Specialty Insurance Co;Florida Farm Bureau Cas Ins Co;Universal North America Ins Co;American Platinum P&C Ins Co.,2559174881.392721,8,35.166819401784345,1299191055.1698732,5697790.777608857,1,0.9811320754716981,4336077031.138895,311486220.0,4912163671.755134,539937478.65,359958319.1,539937478.65,359958319.1,8428704888.528381,11869704888.528381,3441000000.0,1395853723.0,1395853723.0,0.0,False,14978879800.992998,14978879800.992998,0.0,1.0,10410639991.820198,4568239809.1728,2086326662.1427207,0.0,13,9464500000.0,9464500000.0,18
great_miami,baseline,,1926255N15314,"{""1926255N15314"": 0.7092374514124984}",170354720952.1598,120821948124.19716,49532772827.96264,26040840224.222065,58075440427.34571,0.0,29228326957.846214,7477340514.783177,26040840224.222065,58075440427.34571,14577939252.174911,34954833575.78773,17.157333119082928,4.389276958683768,15.286245123512037,34.09088993997112,8.557402560196023,20.518852298554137,29228326957.846214,7477340514.783177,14577939252.174911,25,16,9,Universal P&C Insurance Co.;Florida Family Insurance Co.;First Protective Insurance Co.;Cypress P&C Insurance Co.;Florida Peninsula Insurance Co;Tower Hill Insurance Exchange;Kin Interinsurance Network;Florida Family Home Ins Co.;US Coastal P&C Insurance Co.;TypTap Insurance Co.;Homeowners Choice P&C Ins Co.;Edison Insurance Co.;Safe Harbor Insurance Co.;GeoVera Specialty Insurance Co;Universal North America Ins Co;Auto Club Insurance Co. of FL;American Platinum P&C Ins Co.;FL Farm Bureau General Ins Co.;Homesite Insurance Co.;State Farm FL Ins Co;AIG Property Casualty Co.;ASI Preferred Insurance Corp.;ACE Ins Co. of the Midwest;Castle Key Indemnity Co.;First Liberty Insurance Corp.,Universal P&C Insurance Co.;Florida Family Insurance Co.;First Protective Insurance Co.;Cypress P&C Insurance Co.;Florida Peninsula Insurance Co;Tower Hill Insurance Exchange;Kin Interinsurance Network;Florida Family Home Ins Co.;US Coastal P&C Insurance Co.;TypTap Insurance Co.;Homeowners Choice P&C Ins Co.;Edison Insurance Co.;Safe Harbor Insurance Co.;GeoVera Specialty Insurance Co;Universal North America Ins Co;American Platinum P&C Ins Co.,1846832109.9656231,9,32.43209381455101,1028234948.3527181,5821432.664132796,1,0.9811320754716981,2864686971.8648114,341686620.0,1864169190.956831,539937478.65,359958319.1,539937478.65,359958319.1,11136939252.174911,14577939252.174911,3441000000.0,1395853723.0,1395853723.0,0.0,False,14842640648.525982,14842640648.525982,0.0,1.0,10274400839.353182,4568239809.172801,2050834696.9577901,0.0,13,9464500000.0,9464500000.0,19
great_miami,baseline,,1926255N15314,"{""1926255N15314"": 0.6101442692151599}",170354720952.15982,103940956722.70804,66413764229.45178,15491156366.563902,51980866241.357414,0.0,28469520399.424755,7999413715.361952,15491156366.563902,51980866241.357414,19510720263.28231,46903043966.16948,16.711905746022595,4.6957393787803525,9.093470541925418,30.513311254787613,11.452996520572768,27.53257655791125,28469520399.424755,7999413715.361952,19510720263.28231,25,17,8,Universal P&C Insurance Co.;Florida Family Insurance Co.;First Protective Insurance Co.;Cypress P&C Insurance Co.;Florida Peninsula Insurance Co;Tower Hill Insurance Exchange;Kin Interinsurance Network;Florida Family Home Ins Co.;US Coastal P&C Insurance Co.;TypTap Insurance Co.;Homeowners Choice P&C Ins Co.;Edison Insurance Co.;Safe Harbor Insurance Co.;GeoVera Specialty Insurance Co;Florida Farm Bureau Cas Ins Co;Universal North America Ins Co;Auto Club Insurance Co. of FL;American Platinum P&C Ins Co.;FL Farm Bureau General Ins Co.;Homesite Insurance Co.;State Farm FL Ins Co;AIG Property Casualty Co.;ASI Preferred Insurance Corp.;Castle Key Indemnity Co.;First Liberty Insurance Corp.,Universal P&C Insurance Co.;Florida Family Insurance Co.;First Protective Insurance Co.;Cypress P&C Insurance Co.;Florida Peninsula Insurance Co;Tower Hill Insurance Exchange;Kin Interinsurance Network;Florida Family Home Ins Co.;US Coastal P&C Insurance Co.;TypTap Insurance Co.;Homeowners Choice P&C Ins Co.;Edison Insurance Co.;Safe Harbor Insurance Co.;GeoVera Specialty Insurance Co;Florida Farm Bureau Cas Ins Co;Universal North America Ins Co;American Platinum P&C Ins Co.,1804674921.9472141,8,33.145293557041065,1240094112.7621803,3236841.2700524665,1,0.9811320754716981,2885089081.7664685,333810540.0,2357728313.8690066,539937478.65,359958319.1,539937478.65,359958319.1,16069720263.28231,19510720263.28231,3441000000.0,1395853723.0,1395853723.0,0.0,False,14919040800.251366,14919040800.251366,0.0,1.0,10350800991.078566,4568239809.172799,2086154893.9078116,0.0,13,9464500000.0,9464500000.0,20
great_miami,baseline,,1926255N15314,"{""1926255N15314"": 0.8076210080696372}",170354720952.1598,137582051464.80505,32772669487.354744,49663030531.86486,48737796498.66965,0.0,31182068099.058094,7999156335.212466,49663030531.86486,48737796498.66965,9680482844.759449,23092186642.595287,18.30419956944713,4.695588293945106,29.152717491058894,28.609595452512604,5.682544511037055,13.555354681999212,31182068099.058094,7999156335.212466,9680482844.759449,26,17,9,Universal P&C Insurance Co.;Florida Family Insurance Co.;First Protective Insurance Co.;Cypress P&C Insurance Co.;Florida Peninsula Insurance Co;Tower Hill Insurance Exchange;Kin Interinsurance Network;Florida Family Home Ins Co.;US Coastal P&C Insurance Co.;TypTap Insurance Co.;Homeowners Choice P&C Ins Co.;Edison Insurance Co.;Safe Harbor Insurance Co.;GeoVera Specialty Insurance Co;Florida Farm Bureau Cas Ins Co;Universal North America Ins Co;Auto Club Insurance Co. of FL;American Platinum P&C Ins Co.;FL Farm Bureau General Ins Co.;Homesite Insurance Co.;State Farm FL Ins Co;AIG Property Casualty Co.;ASI Preferred Insurance Corp.;ACE Ins Co. of the Midwest;Castle Key Indemnity Co.;First Liberty Insurance Corp.,Universal P&C Insurance Co.;Florida Family Insurance Co.;First Protective Insurance Co.;Cypress P&C Insurance Co.;Florida Peninsula Insurance Co;Tower Hill Insurance Exchange;Kin Interinsurance Network;Florida Family Home Ins Co.;US Coastal P&C Insurance Co.;TypTap Insurance Co.;Homeowners Choice P&C Ins Co.;Edison Insurance Co.;Safe Harbor Insurance Co.;GeoVera Specialty Insurance Co;Florida Farm Bureau Cas Ins Co;Universal North America Ins Co;American Platinum P&C Ins Co.,2278747439.5257726,9,33.145293557041065,888043461.307298,4741460.95472667,1,0.9811320754716981,3622756482.931613,333810540.0,2376499093.4440646,539937478.65,359958319.1,539937478.65,359958319.1,6239482844.759449,9680482844.759449,3441000000.0,1395853723.0,1395853723.0,0.0,False,14979441835.219131,14979441835.219131,0.0,1.0,10411202026.046331,4568239809.1728,2086298780.6612031,0.0,13,9464500000.0,9464500000.0,21
great_miami,baseline,,1926255N15314,"{""1926255N15314"": 0.7268493376389696}",170354720952.1598,123822216087.74887,46532504864.410934,16871958651.886978,45073923953.27291,0.0,49270753706.21998,12605579776.369013,16871958651.886978,45073923953.27291,13701233347.476912,32831271516.93402,28.92244689834956,7.3996069530171695,9.904015901399692,26.45886401113057,8.042767039796091,19.27229919630694,49270753706.21998,12605579776.369013,13701233347.476912,32,20,12,Universal P&C Insurance Co.;Florida Family Insurance Co.;First Protective Insurance Co.;Cypress P&C Insurance Co.;Florida Peninsula Insurance Co;Tower Hill Insurance Exchange;Kin Interinsurance Network;Heritage P&C Insurance Co.;Florida Family Home Ins Co.;US Coastal P&C Insurance Co.;TypTap Insurance Co.;Homeowners Choice P&C Ins Co.;Vault E&S Insurance Co.;Edison Insurance Co.;Safe Harbor Insurance Co.;GeoVera Specialty Insurance Co;Florida Farm Bureau Cas Ins Co;Universal North America Ins Co;QBE Specialty Insurance Co.;Auto Club Insurance Co. of FL;American Platinum P&C Ins Co.;FL Farm Bureau General Ins Co.;Castle Key Insurance Co.;Homesite Insurance Co.;State Farm FL Ins Co;AIG Property Casualty Co.;Foremost P&C Insurance Co.;ASI Preferred Insurance Corp.;Nationwide P&C Insurance Co.;ACE Ins Co. of the Midwest;Castle Key Indemnity Co.;First Liberty Insurance Corp.,Universal P&C Insurance Co.;Florida Family Insurance Co.;First Protective Insurance Co.;Cypress P&C Insurance Co.;Florida Peninsula Insurance Co;Tower Hill Insurance Exchange;Kin Interinsurance Network;Heritage P&C Insurance Co.;Florida Family Home Ins Co.;US Coastal P&C Insurance Co.;TypTap Insurance Co.;Homeowners Choice P&C Ins Co.;Vault E&S Insurance Co.;Edison Insurance Co.;Safe Harbor Insurance Co.;GeoVera Specialty Insurance Co;Florida Farm Bureau Cas Ins Co;Universal North America Ins Co;QBE Specialty Insurance Co.;American Platinum P&C Ins Co.,5459091013.670273,12,35.71378625186174,2614826312.718955,46493194.425744474,1,0.9811320754716981,11074688945.688461,305445900.0,6949911508.520314,539937478.65,359958319.1,539937478.65,359958319.1,10260233347.476912,13701233347.476912,3441000000.0,1395853723.0,1395853723.0,0.0,False,15160734605.092157,15160734605.092157,0.0,1.0,10592494795.919357,4568239809.1728,2317625586.9850817,0.0,14,9464500000.0,9464500000.0,22
great_miami,baseline,,1926255N15314,"{""1926255N15314"": 0.4595016996111897}",170354720952.1598,78278283814.30737,92076437137.8524,13369366708.682186,34475081718.68187,0.0,23850710607.389206,6583124779.554141,13369366708.682186,34475081718.68187,27009589411.78813,65066847726.06429,14.000616169649405,3.864362984928877,7.847957857555745,20.23723294898496,15.854911012048298,38.194919026832736,23850710607.389206,6583124779.554141,27009589411.78813,20,13,7,Universal P&C Insurance Co.;Florida Family Insurance Co.;First Protective Insurance Co.;Cypress P&C Insurance Co.;Tower Hill Insurance Exchange;Kin Interinsurance Network;Florida Family Home Ins Co.;US Coastal P&C Insurance Co.;TypTap Insurance Co.;Homeowners Choice P&C Ins Co.;Edison Insurance Co.;Safe Harbor Insurance Co.;GeoVera Specialty Insurance Co;FL Farm Bureau General Ins Co.;Homesite Insurance Co.;State Farm FL Ins Co;AIG Property Casualty Co.;ASI Preferred Insurance Corp.;Castle Key Indemnity Co.;First Liberty Insurance Corp.,Universal P&C Insurance Co.;Florida Family Insurance Co.;First Protective Insurance Co.;Cypress P&C Insurance Co.;Tower Hill Insurance Exchange;Kin Interinsurance Network;Florida Family Home Ins Co.;US Coastal P&C Insurance Co.;TypTap Insurance Co.;Homeowners Choice P&C Ins Co.;Edison Insurance Co.;Safe Harbor Insurance Co.;GeoVera Specialty Insurance Co,1112811167.7082517,7,28.889501145391137,565813694.769023,0.0,0,1.0,1565873792.2298717,380808540.0,1443485832.0813098,539937478.65,359958319.1,539937478.65,359958319.1,23568589411.78813,27009589411.78813,3441000000.0,1395853723.0,1395853723.0,0.0,False,14028076538.511398,14028076538.511398,0.0,1.0,9955108408.021627,4072968130.4897714,2012927773.834845,0.0,13,9464500000.0,9464500000.0,23
great_miami,baseline,,1926255N15314,"{""1926255N15314"": 0.7645359527638673}",170354720952.15982,130242308890.98227,40112412061.17755,27164443671.39033,57162418526.92453,0.0,34224680639.17243,11690766053.494968,27164443671.39033,57162418526.92453,11825223158.493385,28287188902.684162,20.090244900687924,6.8626017454356605,15.945812079383956,33.55493655087919,6.94152947003695,16.60487525357631,34224680639.17243,11690766053.494968,11825223158.493385,27,17,10,Universal P&C Insurance Co.;Florida Family Insurance Co.;First Protective Insurance Co.;Cypress P&C Insurance Co.;Florida Peninsula Insurance Co;Tower Hill Insurance Exchange;Kin Interinsurance Network;Heritage P&C Insurance Co.;Florida Family Home Ins Co.;US Coastal P&C Insurance Co.;TypTap Insurance Co.;Homeowners Choice P&C Ins Co.;Edison Insurance Co.;Safe Harbor Insurance Co.;GeoVera Specialty Insurance Co;Universal North America Ins Co;Auto Club Insurance Co. of FL;American Platinum P&C Ins Co.;FL Farm Bureau General Ins Co.;Castle Key Insurance Co.;Homesite Insurance Co.;State Farm FL Ins Co;AIG Property Casualty Co.;ASI Preferred Insurance Corp.;ACE Ins Co. of the Midwest;Castle Key Indemnity Co.;First Liberty Insurance Corp.,Universal P&C Insurance Co.;Florida Family Insurance Co.;First Protective Insurance Co.;Cypress P&C Insurance Co.;Florida Peninsula Insurance Co;Tower Hill Insurance Exchange;Kin Interinsurance Network;Heritage P&C Insurance Co.;Florida Family Home Ins Co.;US Coastal P&C Insurance Co.;TypTap Insurance Co.;Homeowners Choice P&C Ins Co.;Edison Insurance Co.;Safe Harbor Insurance Co.;GeoVera Specialty Insurance Co;Universal North America Ins Co;American Platinum P&C Ins Co.,2715614242.082513,10,34.45361965929429,1541486412.0035486,17652795.55263497,1,0.9811320754716981,5121234403.7940235,319362300.0,5970671881.975762,539937478.65,359958319.1,539937478.65,359958319.1,8384223158.493385,11825223158.493385,3441000000.0,1395853723.0,1395853723.0,0.0,False,15102627851.81164,15102627851.81164,0.0,1.0,10534388042.63884,4568239809.1728,2086407774.102977,0.0,13,9464500000.0,9464500000.0,24
great_miami,baseline,,1926255N15314,"{""1926255N15314"": 0.7251954343631863}",170354720952.15982,123540465856.72098,46814255095.43885,29434143953.72051,36086283961.960365,0.0,44023623576.44075,13996414364.599344,29434143953.72051,36086283961.960365,13783563357.393688,33030691738.045162,25.84232672295813,8.216041379052779,17.27814984475036,21.183025489557384,8.091095615286461,19.38936094839489,44023623576.44075,13996414364.599344,13783563357.393688,30,19,11,Universal P&C Insurance Co.;Florida Family Insurance Co.;First Protective Insurance Co.;Cypress P&C Insurance Co.;Florida Peninsula Insurance Co;Tower Hill Insurance Exchange;Kin Interinsurance Network;Heritage P&C Insurance Co.;Florida Family Home Ins Co.;US Coastal P&C Insurance Co.;TypTap Insurance Co.;Homeowners Choice P&C Ins Co.;Vault E&S Insurance Co.;Edison Insurance Co.;Safe Harbor Insurance Co.;GeoVera Specialty Insurance Co;Florida Farm Bureau Cas Ins Co;Universal North America Ins Co;Auto Club Insurance Co. of FL;American Platinum P&C Ins Co.;FL Farm Bureau General Ins Co.;Castle Key Insurance Co.;Homesite Insurance Co.;State Farm FL Ins Co;AIG Property Casualty Co.;ASI Preferred Insurance Corp.;Nationwide P&C Insurance Co.;ACE Ins Co. of the Midwest;Castle Key Indemnity Co.;First Liberty Insurance Corp.,Universal P&C Insurance Co.;Florida Family Insurance Co.;First Protective Insurance Co.;Cypress P&C Insurance Co.;Florida Peninsula Insurance Co;Tower Hill Insurance Exchange;Kin Interinsurance Network;Heritage P&C Insurance Co.;Florida Family Home Ins Co.;US Coastal P&C Insurance Co.;TypTap Insurance Co.;Homeowners Choice P&C Ins Co.;Vault E&S Insurance Co.;Edison Insurance Co.;Safe Harbor Insurance Co.;GeoVera Specialty Insurance Co;Florida Farm Bureau Cas Ins Co;Universal North America Ins Co;American Platinum P&C Ins Co.,4777478467.770547,11,35.41856476294073,2027547880.0745249,32207987.53991875,1,0.9811320754716981,8477224833.560738,308706120.0,8288545553.044422,539937478.65,359958319.1,539937478.65,359958319.1,10342563357.393688,13783563357.393688,3441000000.0,1395853723.0,1395853723.0,0.0,False,15152758536.900486,15152758536.900486,0.0,1.0,10584518727.727684,4568239809.172801,2103523133.830684,0.0,14,9464500000.0,9464500000.0,25
great_miami,baseline,,1926255N15314,"{""1926255N15314"": 0.6546457265710128}",170354720952.15982,111521990072.52881,58832730879.631004,13657461010.397621,45030160383.3589,0.0,43157777109.68458,9676591569.087696,13657461010.397621,45030160383.3589,17295472564.6626,41537258314.96839,25.334065806021567,5.680260291586015,8.017072220870828,26.433174338622866,10.152622990424572,24.382804352474135,43157777109.68458,9676591569.087696,17295472564.6626,29,18,11,Universal P&C Insurance Co.;Florida Family Insurance Co.;First Protective Insurance Co.;Cypress P&C Insurance Co.;Florida Peninsula Insurance Co;Tower Hill Insurance Exchange;Kin Interinsurance Network;Heritage P&C Insurance Co.;Florida Family Home Ins Co.;US Coastal P&C Insurance Co.;TypTap Insurance Co.;Homeowners Choice P&C Ins Co.;Edison Insurance Co.;Safe Harbor Insurance Co.;GeoVera Specialty Insurance Co;Florida Farm Bureau Cas Ins Co;Universal North America Ins Co;Auto Club Insurance Co. of FL;American Platinum P&C Ins Co.;FL Farm Bureau General Ins Co.;Castle Key Insurance Co.;Homesite Insurance Co.;State Farm FL Ins Co;AIG Property Casualty Co.;ASI Preferred Insurance Corp.;Nationwide P&C Insurance Co.;ACE Ins Co. of the Midwest;Castle Key Indemnity Co.;First Liberty Insurance Corp.,Universal P&C Insurance Co.;Florida Family Insurance Co.;First Protective Insurance Co.;Cypress P&C Insurance Co.;Florida Peninsula Insurance Co;Tower Hill Insurance Exchange;Kin Interinsurance Network;Heritage P&C Insurance Co.;Florida Family Home Ins Co.;US Coastal P&C Insurance Co.;TypTap Insurance Co.;Homeowners Choice P&C Ins Co.;Edison Insurance Co.;Safe Harbor Insurance Co.;GeoVera Specialty Insurance Co;Florida Farm Bureau Cas Ins Co;Universal North America Ins Co;American Platinum P&C Ins Co.,4159928747.2541666,11,35.166819401784345,2246024264.888607,24495366.571376324,1,0.9811320754716981,8479853827.003611,311486220.0,4060673569.8808303,539937478.65,359958319.1,539937478.65,359958319.1,13854472564.662601,17295472564.6626,3441000000.0,1395853723.0,1395853723.0,0.0,False,15156649890.703293,15156649890.703293,0.0,1.0,10588410081.530495,4568239809.172799,2090938716.741778,0.0,13,9464500000.0,9464500000.0,26
great_miami,baseline,,1926255N15314,"{""1926255N15314"": 0.7455501575053544}",170354720952.1598,127007989037.66344,43346731914.49635,16354373195.494184,56854073085.46783,0.0,41187771803.08775,12611770953.613722,16354373195.494184,56854073085.46783,12770321178.914822,30576410735.58153,24.177652120750086,7.403241238706528,9.60018783400017,33.37393455707869,7.496311876499785,17.948672372964772,41187771803.08775,12611770953.613722,12770321178.914822,29,19,10,Universal P&C Insurance Co.;Florida Family Insurance Co.;First Protective Insurance Co.;Cypress P&C Insurance Co.;Florida Peninsula Insurance Co;Tower Hill Insurance Exchange;Kin Interinsurance Network;Heritage P&C Insurance Co.;Florida Family Home Ins Co.;US Coastal P&C Insurance Co.;TypTap Insurance Co.;Homeowners Choice P&C Ins Co.;Vault E&S Insurance Co.;Edison Insurance Co.;Safe Harbor Insurance Co.;GeoVera Specialty Insurance Co;Florida Farm Bureau Cas Ins Co;Universal North America Ins Co;Auto Club Insurance Co. of FL;American Platinum P&C Ins Co.;FL Farm Bureau General Ins Co.;Castle Key Insurance Co.;Homesite Insurance Co.;State Farm FL Ins Co;AIG Property Casualty Co.;ASI Preferred Insurance Corp.;ACE Ins Co. of the Midwest;Castle Key Indemnity Co.;First Liberty Insurance Corp.,Universal P&C Insurance Co.;Florida Family Insurance Co.;First Protective Insurance Co.;Cypress P&C Insurance Co.;Florida Peninsula Insurance Co;Tower Hill Insurance Exchange;Kin Interinsurance Network;Heritage P&C Insurance Co.;Florida Family Home Ins Co.;US Coastal P&C Insurance Co.;TypTap Insurance Co.;Homeowners Choice P&C Ins Co.;Vault E&S Insurance Co.;Edison Insurance Co.;Safe Harbor Insurance Co.;GeoVera Specialty Insurance Co;Florida Farm Bureau Cas Ins Co;Universal North America Ins Co;American Platinum P&C Ins Co.,3905634621.215279,10,35.41856476294073,2240531730.149432,26346746.20829793,1,0.9811320754716981,8448902880.379917,308706120.0,6916803679.045242,539937478.65,359958319.1,539937478.65,359958319.1,9329321178.914822,12770321178.914822,3441000000.0,1395853723.0,1395853723.0,0.0,False,15147757322.862604,15147757322.862604,0.0,1.0,10579517513.689804,4568239809.1728,2086734020.7964306,0.0,13,9464500000.0,9464500000.0,27
great_miami,baseline,,1926255N15314,"{""1926255N15314"": 0.6290400270622404}",170354720952.15982,107159938277.92703,63194782674.23278,16533650599.13234,46388670955.875725,0.0,34522623853.76208,9714992869.156885,16533650599.13234,46388670955.875725,18570104234.69476,44624678439.53802,20.26514067870004,5.702802255703331,9.705425541905253,27.230634229915417,10.900845090116254,26.195152203659696,34522623853.76208,9714992869.156885,18570104234.69476,27,18,9,Universal P&C Insurance Co.;Florida Family Insurance Co.;First Protective Insurance Co.;Cypress P&C Insurance Co.;Florida Peninsula Insurance Co;Tower Hill Insurance Exchange;Kin Interinsurance Network;Heritage P&C Insurance Co.;Florida Family Home Ins Co.;US Coastal P&C Insurance Co.;TypTap Insurance Co.;Homeowners Choice P&C Ins Co.;Edison Insurance Co.;Safe Harbor Insurance Co.;GeoVera Specialty Insurance Co;Florida Farm Bureau Cas Ins Co;Universal North America Ins Co;Auto Club Insurance Co. of FL;American Platinum P&C Ins Co.;FL Farm Bureau General Ins Co.;Homesite Insurance Co.;State Farm FL Ins Co;AIG Property Casualty Co.;ASI Preferred Insurance Corp.;ACE Ins Co. of the Midwest;Castle Key Indemnity Co.;First Liberty Insurance Corp.,Universal P&C Insurance Co.;Florida Family Insurance Co.;First Protective Insurance Co.;Cypress P&C Insurance Co.;Florida Peninsula Insurance Co;Tower Hill Insurance Exchange;Kin Interinsurance Network;Heritage P&C Insurance Co.;Florida Family Home Ins Co.;US Coastal P&C Insurance Co.;TypTap Insurance Co.;Homeowners Choice P&C Ins Co.;Edison Insurance Co.;Safe Harbor Insurance Co.;GeoVera Specialty Insurance Co;Florida Farm Bureau Cas Ins Co;Universal North America Ins Co;American Platinum P&C Ins Co.,2771078544.9111304,9,35.166819401784345,1623210078.669353,8240396.193202823,1,0.9811320754716981,5193525232.049947,311486220.0,4054132117.6493897,539937478.65,359958319.1,539937478.65,359958319.1,15129104234.69476,18570104234.69476,3441000000.0,1395853723.0,1395853723.0,0.0,False,15129007945.005848,15129007945.005848,0.0,1.0,10560768135.833048,4568239809.1728,2086610913.854777,0.0,13,9464500000.0,9464500000.0,28
great_miami,baseline,,1926255N15314,"{""1926255N15314"": 0.8647391212241019}",170354720952.15982,147312391692.54782,23042329259.612007,32946146721.794636,72823727859.44194,0.0,32857978114.678215,8684538996.633001,32946146721.794636,72823727859.44194,6837187900.435875,16205141359.176134,19.28797624804634,5.0979150727920555,19.339732141058068,42.74828866051373,4.013500689749561,9.512587187840232,32857978114.678215,8684538996.633001,6837187900.435875,27,18,9,Universal P&C Insurance Co.;Florida Family Insurance Co.;First Protective Insurance Co.;Cypress P&C Insurance Co.;Florida Peninsula Insurance Co;Tower Hill Insurance Exchange;Kin Interinsurance Network;Heritage P&C Insurance Co.;Florida Family Home Ins Co.;US Coastal P&C Insurance Co.;TypTap Insurance Co.;Homeowners Choice P&C Ins Co.;Edison Insurance Co.;Safe Harbor Insurance Co.;GeoVera Specialty Insurance Co;Florida Farm Bureau Cas Ins Co;Universal North America Ins Co;Auto Club Insurance Co. of FL;American Platinum P&C Ins Co.;FL Farm Bureau General Ins Co.;Homesite Insurance Co.;State Farm FL Ins Co;AIG Property Casualty Co.;ASI Preferred Insurance Corp.;ACE Ins Co. of the Midwest;Castle Key Indemnity Co.;First Liberty Insurance Corp.,Universal P&C Insurance Co.;Florida Family Insurance Co.;First Protective Insurance Co.;Cypress P&C Insurance Co.;Florida Peninsula Insurance Co;Tower Hill Insurance Exchange;Kin Interinsurance Network;Heritage P&C Insurance Co.;Florida Family Home Ins Co.;US Coastal P&C Insurance Co.;TypTap Insurance Co.;Homeowners Choice P&C Ins Co.;Edison Insurance Co.;Safe Harbor Insurance Co.;GeoVera Specialty Insurance Co;Florida Farm Bureau Cas Ins Co;Universal North America Ins Co;American Platinum P&C Ins Co.,2139042100.5171413,9,35.166819401784345,1256485789.0408049,10500087.605188556,1,0.9811320754716981,4422204717.757517,311486220.0,3046886850.795293,539937478.65,359958319.1,539937478.65,359958319.1,3396187900.435875,6837187900.435875,3441000000.0,1395853723.0,1395853723.0,0.0,False,15074503175.61007,15074503175.61007,0.0,1.0,10506263366.43727,4568239809.1728,2086202638.0738056,0.0,13,9464500000.0,9464500000.0,29
great_miami,baseline,,1926255N15314,"{""1926255N15314"": 0.6150285617578781}",170354720952.15982,104773019015.87154,65581701936.28828,17489269620.723183,42268364034.36313,0.0,35950515220.56086,9064870140.224365,17489269620.723183,42268364034.36313,19267584005.336388,46314117930.9519,21.103327820692876,5.321173425402178,10.266383885912173,24.811971043780595,11.310272998390953,27.186870825821224,35950515220.56086,9064870140.224365,19267584005.336388,27,18,9,Universal P&C Insurance Co.;Florida Family Insurance Co.;First Protective Insurance Co.;Cypress P&C Insurance Co.;Florida Peninsula Insurance Co;Tower Hill Insurance Exchange;Kin Interinsurance Network;Heritage P&C Insurance Co.;Florida Family Home Ins Co.;US Coastal P&C Insurance Co.;TypTap Insurance Co.;Homeowners Choice P&C Ins Co.;Edison Insurance Co.;Safe Harbor Insurance Co.;GeoVera Specialty Insurance Co;Florida Farm Bureau Cas Ins Co;Universal North America Ins Co;Auto Club Insurance Co. of FL;American Platinum P&C Ins Co.;FL Farm Bureau General Ins Co.;Homesite Insurance Co.;State Farm FL Ins Co;AIG Property Casualty Co.;ASI Preferred Insurance Corp.;ACE Ins Co. of the Midwest;Castle Key Indemnity Co.;First Liberty Insurance Corp.,Universal P&C Insurance Co.;Florida Family Insurance Co.;First Protective Insurance Co.;Cypress P&C Insurance Co.;Florida Peninsula Insurance Co;Tower Hill Insurance Exchange;Kin Interinsurance Network;Heritage P&C Insurance Co.;Florida Family Home Ins Co.;US Coastal P&C Insurance Co.;TypTap Insurance Co.;Homeowners Choice P&C Ins Co.;Edison Insurance Co.;Safe Harbor Insurance Co.;GeoVera Specialty Insurance Co;Florida Farm Bureau Cas Ins Co;Universal North America Ins Co;American Platinum P&C Ins Co.,3363128096.887246,9,35.166819401784345,1469330604.8511484,13107004.008214556,1,0.9811320754716981,5807886145.903835,311486220.0,3432789653.6019697,539937478.65,359958319.1,539937478.65,359958319.1,15826584005.336388,19267584005.336388,3441000000.0,1395853723.0,1395853723.0,0.0,False,15119196655.000751,15119196655.000751,0.0,1.0,10550956845.827951,4568239809.172801,2086539646.8461444,0.0,13,9464500000.0,9464500000.0,30
great_miami,baseline,,1926255N15314,"{""1926255N15314"": 0.5052218375600992}",170354720952.1598,86066925156.48811,84287795795.67166,17133648482.032724,33372604852.536743,0.0,28798998651.691383,6761673170.227271,17133648482.032724,33372604852.536743,24733676747.580154,59554119048.091545,16.90531292043202,3.9691727546113214,10.057630564194529,19.590067516772063,14.5189265136515,34.95888973033859,28798998651.691383,6761673170.227271,24733676747.580154,24,15,9,Universal P&C Insurance Co.;Florida Family Insurance Co.;First Protective Insurance Co.;Cypress P&C Insurance Co.;Florida Peninsula Insurance Co;Tower Hill Insurance Exchange;Kin Interinsurance Network;Florida Family Home Ins Co.;US Coastal P&C Insurance Co.;TypTap Insurance Co.;Homeowners Choice P&C Ins Co.;Edison Insurance Co.;Safe Harbor Insurance Co.;GeoVera Specialty Insurance Co;Universal North America Ins Co;Auto Club Insurance Co. of FL;FL Farm Bureau General Ins Co.;Homesite Insurance Co.;State Farm FL Ins Co;AIG Property Casualty Co.;ASI Preferred Insurance Corp.;ACE Ins Co. of the Midwest;Castle Key Indemnity Co.;First Liberty Insurance Corp.,Universal P&C Insurance Co.;Florida Family Insurance Co.;First Protective Insurance Co.;Cypress P&C Insurance Co.;Florida Peninsula Insurance Co;Tower Hill Insurance Exchange;Kin Interinsurance Network;Florida Family Home Ins Co.;US Coastal P&C Insurance Co.;TypTap Insurance Co.;Homeowners Choice P&C Ins Co.;Edison Insurance Co.;Safe Harbor Insurance Co.;GeoVera Specialty Insurance Co;Universal North America Ins Co,1743879609.5610988,9,32.274744134947035,1284190571.8317266,0.0,0,1.0,3195935931.9677987,343424280.0,1482283939.6028886,539937478.65,359958319.1,539937478.65,359958319.1,21292676747.580154,24733676747.580154,3441000000.0,1395853723.0,1395853723.0,0.0,False,14460437721.784441,14460437721.784441,0.0,1.0,10210706684.52827,4249731037.2561707,2066924931.3674357,0.0,13,9464500000.0,9464500000.0,31
great_miami,baseline,,1926255N15314,"{""1926255N15314"": 0.9419423033418065}",170354720952.15988,160464318238.8282,9890402713.331684,32841303954.69995,63369425357.43208,0.0,49075668645.91104,15177920280.785048,32841303954.69995,63369425357.43208,2994073951.4975467,6896328761.834136,28.807929930919133,8.909597688840927,19.27818834203172,37.19851437238883,1.7575526728950248,4.048216992924316,49075668645.91104,15177920280.785048,2994073951.4975467,30,20,10,Universal P&C Insurance Co.;Florida Family Insurance Co.;First Protective Insurance Co.;Cypress P&C Insurance Co.;Florida Peninsula Insurance Co;Tower Hill Insurance Exchange;Kin Interinsurance Network;Heritage P&C Insurance Co.;Florida Family Home Ins Co.;US Coastal P&C Insurance Co.;TypTap Insurance Co.;Homeowners Choice P&C Ins Co.;Vault E&S Insurance Co.;Edison Insurance Co.;Safe Harbor Insurance Co.;GeoVera Specialty Insurance Co;Florida Farm Bureau Cas Ins Co;Universal North America Ins Co;Auto Club Insurance Co. of FL;American Platinum P&C Ins Co.;FL Farm Bureau General Ins Co.;Castle Key Insurance Co.;Homesite Insurance Co.;State Farm FL Ins Co;AIG Property Casualty Co.;ASI Preferred Insurance Corp.;Nationwide P&C Insurance Co.;ACE Ins Co. of the Midwest;Castle Key Indemnity Co.;First Liberty Insurance Corp.,Universal P&C Insurance Co.;Florida Family Insurance Co.;First Protective Insurance Co.;Cypress P&C Insurance Co.;Florida Peninsula Insurance Co;Tower Hill Insurance Exchange;Kin Interinsurance Network;Heritage P&C Insurance Co.;Florida Family Home Ins Co.;US Coastal P&C Insurance Co.;TypTap Insurance Co.;Homeowners Choice P&C Ins Co.;Vault E&S Insurance Co.;Edison Insurance Co.;Safe Harbor Insurance Co.;GeoVera Specialty Insurance Co;Florida Farm Bureau Cas Ins Co;Universal North America Ins Co;American Platinum P&C Ins Co.;Castle Key Indemnity Co.,5260156967.288325,11,37.15668623671953,3498465409.1759624,32723142.84107092,1,0.9811320754716981,11288388392.913729,289511520.0,9474186123.086767,539937478.65,359958319.1,539937478.65,359958319.1,0.0,2994073951.4975467,2994073951.4975467,1395853723.0,1395853723.0,0.0,False,15167753398.453064,15167753398.453064,0.0,1.0,10599513589.280264,4568239809.1728,2205543781.245188,0.0,14,9464500000.0,9464500000.0,32
great_miami,baseline,,1926255N15314,"{""1926255N15314"": 0.7279138785251776}",170354720952.1598,124003565653.36101,46351155298.7988,19343864996.914795,52120020651.1953,0.0,43302052817.85996,9237627187.39097,19343864996.914795,52120020651.1953,13648241335.790606,32702913963.008198,25.418757153211125,5.422583615974544,11.355050736954379,30.59499634637775,8.011660175606991,19.196951971875237,43302052817.85996,9237627187.39097,13648241335.790606,29,19,10,Universal P&C Insurance Co.;Florida Family Insurance Co.;First Protective Insurance Co.;Cypress P&C Insurance Co.;Florida Peninsula Insurance Co;Tower Hill Insurance Exchange;Kin Interinsurance Network;Heritage P&C Insurance Co.;Florida Family Home Ins Co.;US Coastal P&C Insurance Co.;TypTap Insurance Co.;Homeowners Choice P&C Ins Co.;Vault E&S Insurance Co.;Edison Insurance Co.;Safe Harbor Insurance Co.;GeoVera Specialty Insurance Co;Florida Farm Bureau Cas Ins Co;Universal North America Ins Co;Auto Club Insurance Co. of FL;American Platinum P&C Ins Co.;FL Farm Bureau General Ins Co.;Castle Key Insurance Co.;Homesite Insurance Co.;State Farm FL Ins Co;AIG Property Casualty Co.;ASI Preferred Insurance Corp.;ACE Ins Co. of the Midwest;Castle Key Indemnity Co.;First Liberty Insurance Corp.,Universal P&C Insurance Co.;Florida Family Insurance Co.;First Protective Insurance Co.;Cypress P&C Insurance Co.;Florida Peninsula Insurance Co;Tower Hill Insurance Exchange;Kin Interinsurance Network;Heritage P&C Insurance Co.;Florida Family Home Ins Co.;US Coastal P&C Insurance Co.;TypTap Insurance Co.;Homeowners Choice P&C Ins Co.;Vault E&S Insurance Co.;Edison Insurance Co.;Safe Harbor Insurance Co.;GeoVera Specialty Insurance Co;Florida Farm Bureau Cas Ins Co;Universal North America Ins Co;American Platinum P&C Ins Co.,4248919327.1458797,10,35.41856476294073,2340609908.35618,24144027.47159294,1,0.9811320754716981,8344457338.952076,308706120.0,3633341208.5373964,539937478.65,359958319.1,539937478.65,359958319.1,10207241335.790606,13648241335.790606,3441000000.0,1395853723.0,1395853723.0,0.0,False,15157246376.309326,15157246376.309326,0.0,1.0,10589006567.136526,4568239809.1728,2120255073.4046874,0.0,14,9464500000.0,9464500000.0,33
great_miami,baseline,,1926255N15314,"{""1926255N15314"": 0.8440929372265957}",170354720952.15976,143795216778.92563,26559504173.234135,22657787607.996407,67650256783.22174,0.0,41756966530.75132,11730205856.956213,22657787607.996407,67650256783.22174,7864938772.054001,18694565401.18013,24.511775369276563,6.885753321887905,13.300357912804383,39.71140711869076,4.616801182905104,10.973905094435318,41756966530.75132,11730205856.956213,7864938772.054001,29,19,10,Universal P&C Insurance Co.;Florida Family Insurance Co.;First Protective Insurance Co.;Cypress P&C Insurance Co.;Florida Peninsula Insurance Co;Tower Hill Insurance Exchange;Kin Interinsurance Network;Heritage P&C Insurance Co.;Florida Family Home Ins Co.;US Coastal P&C Insurance Co.;TypTap Insurance Co.;Homeowners Choice P&C Ins Co.;Vault E&S Insurance Co.;Edison Insurance Co.;Safe Harbor Insurance Co.;GeoVera Specialty Insurance Co;Florida Farm Bureau Cas Ins Co;Universal North America Ins Co;Auto Club Insurance Co. of FL;American Platinum P&C Ins Co.;FL Farm Bureau General Ins Co.;Castle Key Insurance Co.;Homesite Insurance Co.;State Farm FL Ins Co;AIG Property Casualty Co.;ASI Preferred Insurance Corp.;ACE Ins Co. of the Midwest;Castle Key Indemnity Co.;First Liberty Insurance Corp.,Universal P&C Insurance Co.;Florida Family Insurance Co.;First Protective Insurance Co.;Cypress P&C Insurance Co.;Florida Peninsula Insurance Co;Tower Hill Insurance Exchange;Kin Interinsurance Network;Heritage P&C Insurance Co.;Florida Family Home Ins Co.;US Coastal P&C Insurance Co.;TypTap Insurance Co.;Homeowners Choice P&C Ins Co.;Vault E&S Insurance Co.;Edison Insurance Co.;Safe Harbor Insurance Co.;GeoVera Specialty Insurance Co;Florida Farm Bureau Cas Ins Co;Universal North America Ins Co;American Platinum P&C Ins Co.,4077920046.130725,10,35.41856476294073,1848972125.3775697,24463709.13336833,1,0.9811320754716981,8367822612.671453,308706120.0,6058439511.759722,539937478.65,359958319.1,539937478.65,359958319.1,4423938772.054001,7864938772.054001,3441000000.0,1395853723.0,1395853723.0,0.0,False,15150411158.705368,15150411158.705368,0.0,1.0,10582171349.532566,4568239809.172801,2111604363.2809916,0.0,14,9464500000.0,9464500000.0,34
great_miami,baseline,,1926255N15314,"{""1926255N15314"": 0.6352094065143153}",170354720952.15982,108210921192.93326,62143799759.22657,28900365016.63996,39759690593.07795,0.0,28537026117.611534,11013839465.603802,28900365016.63996,39759690593.07795,18262997356.73713,43880802402.48943,16.751532307475937,6.465238770046638,16.96481603509888,23.33935353881008,10.72057014602247,25.758489202545988,28537026117.611534,11013839465.603802,18262997356.73713,25,17,8,Universal P&C Insurance Co.;Florida Family Insurance Co.;First Protective Insurance Co.;Cypress P&C Insurance Co.;Florida Peninsula Insurance Co;Tower Hill Insurance Exchange;Kin Interinsurance Network;Florida Family Home Ins Co.;US Coastal P&C Insurance Co.;TypTap Insurance Co.;Homeowners Choice P&C Ins Co.;Edison Insurance Co.;Safe Harbor Insurance Co.;GeoVera Specialty Insurance Co;Florida Farm Bureau Cas Ins Co;Universal North America Ins Co;Auto Club Insurance Co. of FL;American Platinum P&C Ins Co.;FL Farm Bureau General Ins Co.;Homesite Insurance Co.;State Farm FL Ins Co;AIG Property Casualty Co.;ASI Preferred Insurance Corp.;Castle Key Indemnity Co.;First Liberty Insurance Corp.,Universal P&C Insurance Co.;Florida Family Insurance Co.;First Protective Insurance Co.;Cypress P&C Insurance Co.;Florida Peninsula Insurance Co;Tower Hill Insurance Exchange;Kin Interinsurance Network;Florida Family Home Ins Co.;US Coastal P&C Insurance Co.;TypTap Insurance Co.;Homeowners Choice P&C Ins Co.;Edison Insurance Co.;Safe Harbor Insurance Co.;GeoVera Specialty Insurance Co;Florida Farm Bureau Cas Ins Co;Universal North America Ins Co;American Platinum P&C Ins Co.,1896034848.085268,8,33.145293557041065,1053903612.9708025,2972733.91569018,1,0.9811320754716981,3139124060.0483384,333810540.0,5260877053.838727,539937478.65,359958319.1,539937478.65,359958319.1,14821997356.73713,18262997356.73713,3441000000.0,1395853723.0,1395853723.0,0.0,False,14884283976.191647,14884283976.191647,0.0,1.0,10316044167.018847,4568239809.1728,2086156049.6366053,0.0,13,9464500000.0,9464500000.0,35
great_miami,baseline,,1926255N15314,"{""1926255N15314"": 0.8914219742839772}",170354720952.15982,151857941679.77032,18496779272.389496,39310500179.27978,63776104048.645775,0.0,37446995072.19136,11324342379.653406,39310500179.27978,63776104048.645775,5508936370.13578,12987842902.253714,21.98177711946561,6.647507222786967,23.075674075577407,37.43723901056773,3.2338031721955254,7.6239993994067525,37446995072.19136,11324342379.653406,5508936370.13578,27,18,9,Universal P&C Insurance Co.;Florida Family Insurance Co.;First Protective Insurance Co.;Cypress P&C Insurance Co.;Florida Peninsula Insurance Co;Tower Hill Insurance Exchange;Kin Interinsurance Network;Heritage P&C Insurance Co.;Florida Family Home Ins Co.;US Coastal P&C Insurance Co.;TypTap Insurance Co.;Homeowners Choice P&C Ins Co.;Edison Insurance Co.;Safe Harbor Insurance Co.;GeoVera Specialty Insurance Co;Florida Farm Bureau Cas Ins Co;Universal North America Ins Co;Auto Club Insurance Co. of FL;American Platinum P&C Ins Co.;FL Farm Bureau General Ins Co.;Homesite Insurance Co.;State Farm FL Ins Co;AIG Property Casualty Co.;ASI Preferred Insurance Corp.;ACE Ins Co. of the Midwest;Castle Key Indemnity Co.;First Liberty Insurance Corp.,Universal P&C Insurance Co.;Florida Family Insurance Co.;First Protective Insurance Co.;Cypress P&C Insurance Co.;Florida Peninsula Insurance Co;Tower Hill Insurance Exchange;Kin Interinsurance Network;Heritage P&C Insurance Co.;Florida Family Home Ins Co.;US Coastal P&C Insurance Co.;TypTap Insurance Co.;Homeowners Choice P&C Ins Co.;Edison Insurance Co.;Safe Harbor Insurance Co.;GeoVera Specialty Insurance Co;Florida Farm Bureau Cas Ins Co;Universal North America Ins Co;American Platinum P&C Ins Co.,3450862419.643767,9,35.166819401784345,1705026693.97327,18292868.08075153,1,0.9811320754716981,5774968475.208489,311486220.0,5637160959.988045,539937478.65,359958319.1,539937478.65,359958319.1,2067936370.1357803,5508936370.13578,3441000000.0,1395853723.0,1395853723.0,0.0,False,15152106343.880955,15152106343.880955,0.0,1.0,10583866534.708155,4568239809.172801,2109962525.2001805,0.0,13,9464500000.0,9464500000.0,36
great_miami,baseline,,1926255N15314,"{""1926255N15314"": 0.7634955606835488}",170354720952.15982,130065073188.45877,40289647763.70104,28952838755.00481,55521628694.70551,0.0,35916801707.460495,9673804031.287945,28952838755.00481,55521628694.70551,11877013061.533146,28412634702.167896,21.08353763647495,5.678623977790793,16.995618667436606,32.59177578665253,6.971930683898411,16.6785132477467,35916801707.460495,9673804031.287945,11877013061.533146,28,18,10,Universal P&C Insurance Co.;Florida Family Insurance Co.;First Protective Insurance Co.;Cypress P&C Insurance Co.;Florida Peninsula Insurance Co;Tower Hill Insurance Exchange;Kin Interinsurance Network;Florida Family Home Ins Co.;US Coastal P&C Insurance Co.;TypTap Insurance Co.;Homeowners Choice P&C Ins Co.;Vault E&S Insurance Co.;Edison Insurance Co.;Safe Harbor Insurance Co.;GeoVera Specialty Insurance Co;Florida Farm Bureau Cas Ins Co;Universal North America Ins Co;Auto Club Insurance Co. of FL;American Platinum P&C Ins Co.;FL Farm Bureau General Ins Co.;Castle Key Insurance Co.;Homesite Insurance Co.;State Farm FL Ins Co;AIG Property Casualty Co.;ASI Preferred Insurance Corp.;ACE Ins Co. of the Midwest;Castle Key Indemnity Co.;First Liberty Insurance Corp.,Universal P&C Insurance Co.;Florida Family Insurance Co.;First Protective Insurance Co.;Cypress P&C Insurance Co.;Florida Peninsula Insurance Co;Tower Hill Insurance Exchange;Kin Interinsurance Network;Florida Family Home Ins Co.;US Coastal P&C Insurance Co.;TypTap Insurance Co.;Homeowners Choice P&C Ins Co.;Vault E&S Insurance Co.;Edison Insurance Co.;Safe Harbor Insurance Co.;GeoVera Specialty Insurance Co;Florida Farm Bureau Cas Ins Co;Universal North America Ins Co;American Platinum P&C Ins Co.,2529721975.4516673,10,33.39703891819745,1719912733.9192936,19976879.896861963,1,0.9811320754716981,6201791216.921756,331030440.0,4023013988.4525027,539937478.65,359958319.1,539937478.65,359958319.1,8436013061.533146,11877013061.533146,3441000000.0,1395853723.0,1395853723.0,0.0,False,15122881402.90421,15122881402.90421,0.0,1.0,10554641593.73141,4568239809.1728,2086622006.7650754,0.0,13,9464500000.0,9464500000.0,37
great_miami,baseline,,1926255N15314,"{""1926255N15314"": 0.7948603885320137}",170354720952.15982,135408219684.29654,34946501267.86327,19433246108.234974,35135677311.33198,0.0,61944115891.64193,18895180373.087643,19433246108.234974,35135677311.33198,10315696492.655054,24630804775.208218,36.36184283324763,11.091668177716024,11.40751838259437,20.62500945964334,6.0554215550926695,14.458539591705948,61944115891.64193,18895180373.087643,10315696492.655054,35,22,13,Universal P&C Insurance Co.;Florida Family Insurance Co.;First Protective Insurance Co.;Cypress P&C Insurance Co.;Florida Peninsula Insurance Co;Tower Hill Insurance Exchange;Kin Interinsurance Network;Unique Insurance Co.;Heritage P&C Insurance Co.;Florida Family Home Ins Co.;US Coastal P&C Insurance Co.;TypTap Insurance Co.;Homeowners Choice P&C Ins Co.;Vault E&S Insurance Co.;Edison Insurance Co.;Safe Harbor Insurance Co.;Spinnaker Specialty Ins Co.;GeoVera Specialty Insurance Co;Florida Farm Bureau Cas Ins Co;Universal North America Ins Co;QBE Specialty Insurance Co.;Auto Club Insurance Co. of FL;American Platinum P&C Ins Co.;FL Farm Bureau General Ins Co.;Castle Key Insurance Co.;Homesite Insurance Co.;PURE Specialty Exchange;State Farm FL Ins Co;AIG Property Casualty Co.;Foremost P&C Insurance Co.;ASI Preferred Insurance Corp.;Nationwide P&C Insurance Co.;ACE Ins Co. of the Midwest;Castle Key Indemnity Co.;First Liberty Insurance Corp.,Universal P&C Insurance Co.;Florida Family Insurance Co.;First Protective Insurance Co.;Cypress P&C Insurance Co.;Florida Peninsula Insurance Co;Tower Hill Insurance Exchange;Kin Interinsurance Network;Unique Insurance Co.;Heritage P&C Insurance Co.;Florida Family Home Ins Co.;US Coastal P&C Insurance Co.;TypTap Insurance Co.;Homeowners Choice P&C Ins Co.;Vault E&S Insurance Co.;Edison Insurance Co.;Safe Harbor Insurance Co.;Spinnaker Specialty Ins Co.;GeoVera Specialty Insurance Co;Florida Farm Bureau Cas Ins Co;Universal North America Ins Co;QBE Specialty Insurance Co.;American Platinum P&C Ins Co.,7976127204.637556,13,35.89838321723671,4099432872.1044636,65913141.05753,1,0.9811320754716981,16389127092.858915,303407340.0,13189183268.807531,539937478.65,359958319.1,539937478.65,359958319.1,6874696492.655054,10315696492.655054,3441000000.0,1395853723.0,1395853723.0,0.0,False,15186109901.370642,15186109901.370642,0.0,1.0,10617870092.197842,4568239809.1728,2434356717.915306,0.0,14,9464500000.0,9464500000.0,38
great_miami,baseline,,1926255N15314,"{""1926255N15314"": 0.7198560263541061}",170354720952.1598,122630872495.28435,47723848456.87544,17977176890.206234,59730692766.681015,0.0,33753005116.044636,11169997722.352474,17977176890.206234,59730692766.681015,14049354906.859674,33674493550.015778,19.81336644349492,6.55690529732329,10.552790547703525,35.062540346888895,8.2471180301514,19.767279334437983,33753005116.044636,11169997722.352474,14049354906.859674,26,17,9,Universal P&C Insurance Co.;Florida Family Insurance Co.;First Protective Insurance Co.;Cypress P&C Insurance Co.;Tower Hill Insurance Exchange;Kin Interinsurance Network;Heritage P&C Insurance Co.;Florida Family Home Ins Co.;US Coastal P&C Insurance Co.;TypTap Insurance Co.;Homeowners Choice P&C Ins Co.;Edison Insurance Co.;Safe Harbor Insurance Co.;GeoVera Specialty Insurance Co;Florida Farm Bureau Cas Ins Co;Universal North America Ins Co;Auto Club Insurance Co. of FL;American Platinum P&C Ins Co.;FL Farm Bureau General Ins Co.;Homesite Insurance Co.;State Farm FL Ins Co;AIG Property Casualty Co.;ASI Preferred Insurance Corp.;ACE Ins Co. of the Midwest;Castle Key Indemnity Co.;First Liberty Insurance Corp.,Universal P&C Insurance Co.;Florida Family Insurance Co.;First Protective Insurance Co.;Cypress P&C Insurance Co.;Tower Hill Insurance Exchange;Kin Interinsurance Network;Heritage P&C Insurance Co.;Florida Family Home Ins Co.;US Coastal P&C Insurance Co.;TypTap Insurance Co.;Homeowners Choice P&C Ins Co.;Edison Insurance Co.;Safe Harbor Insurance Co.;GeoVera Specialty Insurance Co;Florida Farm Bureau Cas Ins Co;Universal North America Ins Co;American Platinum P&C Ins Co.,2695051365.964795,9,32.09530323621147,1927859018.1167626,18434534.46589181,1,0.9811320754716981,4970214928.943428,345405900.0,5460484511.176103,539937478.65,359958319.1,539937478.65,359958319.1,10608354906.859674,14049354906.859674,3441000000.0,1395853723.0,1395853723.0,0.0,False,15111139606.022034,15111139606.022034,0.0,1.0,10542899796.849234,4568239809.172799,2086466933.2121835,0.0,13,9464500000.0,9464500000.0,39
great_miami,baseline,,1926255N15314,"{""1926255N15314"": 0.7080622332302335}",170354720952.15982,120621744158.69955,49732976793.46026,21836231178.658184,49880510132.45572,0.0,40958806245.425064,7946196602.160573,21836231178.658184,49880510132.45572,14636440692.988865,35096536100.4714,24.04324694760141,4.664500377651453,12.818095710297564,29.28038028747293,8.59174351681112,20.602033160165515,40958806245.425064,7946196602.160573,14636440692.988865,30,19,11,Universal P&C Insurance Co.;Florida Family Insurance Co.;First Protective Insurance Co.;Cypress P&C Insurance Co.;Florida Peninsula Insurance Co;Tower Hill Insurance Exchange;Kin Interinsurance Network;Heritage P&C Insurance Co.;Florida Family Home Ins Co.;US Coastal P&C Insurance Co.;TypTap Insurance Co.;Homeowners Choice P&C Ins Co.;Vault E&S Insurance Co.;Edison Insurance Co.;Safe Harbor Insurance Co.;GeoVera Specialty Insurance Co;Florida Farm Bureau Cas Ins Co;Universal North America Ins Co;Auto Club Insurance Co. of FL;American Platinum P&C Ins Co.;FL Farm Bureau General Ins Co.;Castle Key Insurance Co.;Homesite Insurance Co.;State Farm FL Ins Co;AIG Property Casualty Co.;ASI Preferred Insurance Corp.;Nationwide P&C Insurance Co.;ACE Ins Co. of the Midwest;Castle Key Indemnity Co.;First Liberty Insurance Corp.,Universal P&C Insurance Co.;Florida Family Insurance Co.;First Protective Insurance Co.;Cypress P&C Insurance Co.;Florida Peninsula Insurance Co;Tower Hill Insurance Exchange;Kin Interinsurance Network;Heritage P&C Insurance Co.;Florida Family Home Ins Co.;US Coastal P&C Insurance Co.;TypTap Insurance Co.;Homeowners Choice P&C Ins Co.;Vault E&S Insurance Co.;Edison Insurance Co.;Safe Harbor Insurance Co.;GeoVera Specialty Insurance Co;Florida Farm Bureau Cas Ins Co;Universal North America Ins Co;American Platinum P&C Ins Co.,3960485262.8154893,11,35.41856476294073,2178282856.292583,22981711.73072703,1,0.9811320754716981,7733663415.516425,308706120.0,2368984293.462878,539937478.65,359958319.1,539937478.65,359958319.1,11195440692.988865,14636440692.988865,3441000000.0,1395853723.0,1395853723.0,0.0,False,15149188412.02217,15149188412.02217,0.0,1.0,10580948602.84937,4568239809.1728,2121813177.438168,0.0,14,9464500000.0,9464500000.0,40
great_miami,baseline,,1926255N15314,"{""1926255N15314"": 0.709627283671182}",170354720952.15982,120888357889.84338,49466363062.31643,21492920212.591797,51645580265.36447,0.0,37470466038.19228,10279391373.694838,21492920212.591797,51645580265.36447,14558533707.610577,34907829354.70586,21.99555482158607,6.0341100711741165,12.616568588449969,30.316494885908057,8.546011302908948,20.491260329972842,37470466038.19228,10279391373.694838,14558533707.610577,28,18,10,Universal P&C Insurance Co.;Florida Family Insurance Co.;First Protective Insurance Co.;Cypress P&C Insurance Co.;Florida Peninsula Insurance Co;Tower Hill Insurance Exchange;Kin Interinsurance Network;Heritage P&C Insurance Co.;Florida Family Home Ins Co.;US Coastal P&C Insurance Co.;TypTap Insurance Co.;Homeowners Choice P&C Ins Co.;Edison Insurance Co.;Safe Harbor Insurance Co.;GeoVera Specialty Insurance Co;Florida Farm Bureau Cas Ins Co;Universal North America Ins Co;Auto Club Insurance Co. of FL;American Platinum P&C Ins Co.;FL Farm Bureau General Ins Co.;Castle Key Insurance Co.;Homesite Insurance Co.;State Farm FL Ins Co;AIG Property Casualty Co.;ASI Preferred Insurance Corp.;ACE Ins Co. of the Midwest;Castle Key Indemnity Co.;First Liberty Insurance Corp.,Universal P&C Insurance Co.;Florida Family Insurance Co.;First Protective Insurance Co.;Cypress P&C Insurance Co.;Florida Peninsula Insurance Co;Tower Hill Insurance Exchange;Kin Interinsurance Network;Heritage P&C Insurance Co.;Florida Family Home Ins Co.;US Coastal P&C Insurance Co.;TypTap Insurance Co.;Homeowners Choice P&C Ins Co.;Edison Insurance Co.;Safe Harbor Insurance Co.;GeoVera Specialty Insurance Co;Florida Farm Bureau Cas Ins Co;Universal North America Ins Co;American Platinum P&C Ins Co.,2913884995.1384215,10,35.166819401784345,2021939235.9900131,23400817.15301969,1,0.9811320754716981,6660564666.683788,311486220.0,4620284034.833547,539937478.65,359958319.1,539937478.65,359958319.1,11117533707.610577,14558533707.610577,3441000000.0,1395853723.0,1395853723.0,0.0,False,15152597376.909237,15152597376.909237,0.0,1.0,10584357567.736437,4568239809.1728,2177660689.600041,0.0,14,9464500000.0,9464500000.0,41
great_miami,baseline,,1926255N15314,"{""1926255N15314"": 0.7246716448865398}",170354720952.1598,123451235846.58913,46903485105.57066,13000509220.709358,63622719412.1734,0.0,36829448299.74249,9998558913.963879,13000509220.709358,63622719412.1734,13809637187.367933,33093847918.202736,21.6192707157703,5.869258484930244,7.631434660598724,37.347200627354724,8.106401225737708,19.426434285608313,36829448299.74249,9998558913.963879,13809637187.367933,27,17,10,Universal P&C Insurance Co.;Florida Family Insurance Co.;First Protective Insurance Co.;Cypress P&C Insurance Co.;Florida Peninsula Insurance Co;Tower Hill Insurance Exchange;Kin Interinsurance Network;Florida Family Home Ins Co.;US Coastal P&C Insurance Co.;TypTap Insurance Co.;Homeowners Choice P&C Ins Co.;Edison Insurance Co.;Safe Harbor Insurance Co.;GeoVera Specialty Insurance Co;Florida Farm Bureau Cas Ins Co;Universal North America Ins Co;Auto Club Insurance Co. of FL;American Platinum P&C Ins Co.;FL Farm Bureau General Ins Co.;Castle Key Insurance Co.;Homesite Insurance Co.;State Farm FL Ins Co;AIG Property Casualty Co.;ASI Preferred Insurance Corp.;ACE Ins Co. of the Midwest;Castle Key Indemnity Co.;First Liberty Insurance Corp.,Universal P&C Insurance Co.;Florida Family Insurance Co.;First Protective Insurance Co.;Cypress P&C Insurance Co.;Florida Peninsula Insurance Co;Tower Hill Insurance Exchange;Kin Interinsurance Network;Florida Family Home Ins Co.;US Coastal P&C Insurance Co.;TypTap Insurance Co.;Homeowners Choice P&C Ins Co.;Edison Insurance Co.;Safe Harbor Insurance Co.;GeoVera Specialty Insurance Co;Florida Farm Bureau Cas Ins Co;Universal North America Ins Co;American Platinum P&C Ins Co.,3229083714.8044686,10,33.145293557041065,1744346894.9388578,15269639.177055374,1,0.9811320754716981,6694901442.51544,333810540.0,4343998949.49832,539937478.65,359958319.1,539937478.65,359958319.1,10368637187.367933,13809637187.367933,3441000000.0,1395853723.0,1395853723.0,0.0,False,15077607736.724434,15077607736.724434,0.0,1.0,10509367927.551634,4568239809.172799,2086496083.7275727,0.0,13,9464500000.0,9464500000.0,42
great_miami,baseline,,1926255N15314,"{""1926255N15314"": 0.3609699387465893}",170354720952.1598,61492933187.29344,108861787764.86636,17685944948.42678,21516304089.994843,0.0,17720684040.70987,4570000108.161946,17685944948.42678,21516304089.994843,31914423308.59411,76947364456.27226,10.402226566815436,2.682637782280965,10.381834356908413,12.630295168654118,18.73409972451338,45.168906400827694,17720684040.70987,4570000108.161946,31914423308.59411,15,11,4,Universal P&C Insurance Co.;Florida Family Insurance Co.;First Protective Insurance Co.;Cypress P&C Insurance Co.;Tower Hill Insurance Exchange;Kin Interinsurance Network;TypTap Insurance Co.;Homeowners Choice P&C Ins Co.;Edison Insurance Co.;Safe Harbor Insurance Co.;GeoVera Specialty Insurance Co;FL Farm Bureau General Ins Co.;AIG Property Casualty Co.;ASI Preferred Insurance Corp.;Castle Key Indemnity Co.,Universal P&C Insurance Co.;Florida Family Insurance Co.;First Protective Insurance Co.;Cypress P&C Insurance Co.;Tower Hill Insurance Exchange;Kin Interinsurance Network;TypTap Insurance Co.;Homeowners Choice P&C Ins Co.;Edison Insurance Co.;Safe Harbor Insurance Co.;GeoVera Specialty Insurance Co,406944652.5213287,4,28.176154707643686,209712118.0732051,0.0,0,1.0,423814528.7183629,388686240.0,1357715224.563963,539937478.65,359958319.1,539937478.65,359958319.1,28473423308.59411,31914423308.59411,3441000000.0,1395853723.0,1395853723.0,0.0,False,10612716167.131927,10612716167.131927,0.0,1.0,8532741461.320428,2079974705.8114986,1536812571.8656564,0.0,12,9464500000.0,9464500000.0,43
great_miami,baseline,,1926255N15314,"{""1926255N15314"": 0.6633269540292113}",170354720952.15982,113000878153.69243,57353842798.467384,13478567239.75034,31969468113.903545,0.0,52270369932.83986,15282472867.198694,13478567239.75034,31969468113.903545,16863327859.958027,40490514938.50933,30.683252944612427,8.970971148777512,7.912059709537185,18.766411599994008,9.89894953641684,23.768355060662014,52270369932.83986,15282472867.198694,16863327859.958027,32,19,13,Universal P&C Insurance Co.;Florida Family Insurance Co.;First Protective Insurance Co.;Cypress P&C Insurance Co.;Florida Peninsula Insurance Co;Tower Hill Insurance Exchange;Kin Interinsurance Network;Heritage P&C Insurance Co.;Florida Family Home Ins Co.;US Coastal P&C Insurance Co.;TypTap Insurance Co.;Homeowners Choice P&C Ins Co.;Vault E&S Insurance Co.;Edison Insurance Co.;Safe Harbor Insurance Co.;GeoVera Specialty Insurance Co;Florida Farm Bureau Cas Ins Co;Universal North America Ins Co;Auto Club Insurance Co. of FL;American Platinum P&C Ins Co.;FL Farm Bureau General Ins Co.;Castle Key Insurance Co.;Homesite Insurance Co.;PURE Specialty Exchange;State Farm FL Ins Co;AIG Property Casualty Co.;Foremost P&C Insurance Co.;ASI Preferred Insurance Corp.;Nationwide P&C Insurance Co.;ACE Ins Co. of the Midwest;Castle Key Indemnity Co.;First Liberty Insurance Corp.,Universal P&C Insurance Co.;Florida Family Insurance Co.;First Protective Insurance Co.;Cypress P&C Insurance Co.;Florida Peninsula Insurance Co;Tower Hill Insurance Exchange;Kin Interinsurance Network;Heritage P&C Insurance Co.;Florida Family Home Ins Co.;US Coastal P&C Insurance Co.;TypTap Insurance Co.;Homeowners Choice P&C Ins Co.;Vault E&S Insurance Co.;Edison Insurance Co.;Safe Harbor Insurance Co.;GeoVera Specialty Insurance Co;Florida Farm Bureau Cas Ins Co;Universal North America Ins Co;American Platinum P&C Ins Co.,5717142821.182451,13,35.41856476294073,3079607302.206681,56207417.95237057,1,0.9811320754716981,12148388539.474771,308706120.0,9591421735.650627,539937478.65,359958319.1,539937478.65,359958319.1,13422327859.958027,16863327859.958027,3441000000.0,1395853723.0,1395853723.0,0.0,False,15162978734.355751,15162978734.355751,0.0,1.0,10594738925.18295,4568239809.172801,2450758059.9921184,0.0,14,9464500000.0,9464500000.0,44
great_miami,baseline,,1926255N15314,"{""1926255N15314"": 0.7611111353229869}",170354720952.15982,129658875071.529,40695845880.63081,20156233282.247078,68821328296.03156,0.0,32687904965.792984,7993408527.457405,20156233282.247078,68821328296.03156,11995707888.767166,28700137991.863644,19.188141533789736,4.6922142707757235,11.831919402989419,40.398838324743835,7.041605786866266,16.847280680835027,32687904965.792984,7993408527.457405,11995707888.767166,26,17,9,Universal P&C Insurance Co.;Florida Family Insurance Co.;First Protective Insurance Co.;Cypress P&C Insurance Co.;Florida Peninsula Insurance Co;Tower Hill Insurance Exchange;Kin Interinsurance Network;Florida Family Home Ins Co.;US Coastal P&C Insurance Co.;TypTap Insurance Co.;Homeowners Choice P&C Ins Co.;Edison Insurance Co.;Safe Harbor Insurance Co.;GeoVera Specialty Insurance Co;Florida Farm Bureau Cas Ins Co;Universal North America Ins Co;Auto Club Insurance Co. of FL;American Platinum P&C Ins Co.;FL Farm Bureau General Ins Co.;Homesite Insurance Co.;State Farm FL Ins Co;AIG Property Casualty Co.;ASI Preferred Insurance Corp.;ACE Ins Co. of the Midwest;Castle Key Indemnity Co.;First Liberty Insurance Corp.,Universal P&C Insurance Co.;Florida Family Insurance Co.;First Protective Insurance Co.;Cypress P&C Insurance Co.;Florida Peninsula Insurance Co;Tower Hill Insurance Exchange;Kin Interinsurance Network;Florida Family Home Ins Co.;US Coastal P&C Insurance Co.;TypTap Insurance Co.;Homeowners Choice P&C Ins Co.;Edison Insurance Co.;Safe Harbor Insurance Co.;GeoVera Specialty Insurance Co;Florida Farm Bureau Cas Ins Co;Universal North America Ins Co;American Platinum P&C Ins Co.,1991083527.6119547,9,33.145293557041065,1068192287.6461654,11685906.982842304,1,0.9811320754716981,4353143880.794925,333810540.0,2379570374.7958355,539937478.65,359958319.1,539937478.65,359958319.1,8554707888.767166,11995707888.767166,3441000000.0,1395853723.0,1395853723.0,0.0,False,15057643817.47184,15057643817.47184,0.0,1.0,10489404008.29904,4568239809.1728,2086589683.4086785,0.0,13,9464500000.0,9464500000.0,45
great_miami,baseline,,1926255N15314,"{""1926255N15314"": 0.740137503054839}",170354720952.15982,126085917799.13545,44268803153.02437,30427536645.674736,30115022017.27533,0.0,50299944246.31366,15243414889.871738,30427536645.674736,30115022017.27533,13039758878.87704,31229044274.147324,29.526592491932895,8.948043708253026,17.861281727683735,17.67783237761426,7.654474619778195,18.33177507473789,50299944246.31366,15243414889.871738,13039758878.87704,33,21,12,Universal P&C Insurance Co.;Florida Family Insurance Co.;First Protective Insurance Co.;Cypress P&C Insurance Co.;Florida Peninsula Insurance Co;Tower Hill Insurance Exchange;Kin Interinsurance Network;Unique Insurance Co.;Heritage P&C Insurance Co.;Florida Family Home Ins Co.;US Coastal P&C Insurance Co.;TypTap Insurance Co.;Homeowners Choice P&C Ins Co.;Vault E&S Insurance Co.;Edison Insurance Co.;Safe Harbor Insurance Co.;GeoVera Specialty Insurance Co;Florida Farm Bureau Cas Ins Co;Universal North America Ins Co;QBE Specialty Insurance Co.;Auto Club Insurance Co. of FL;American Platinum P&C Ins Co.;FL Farm Bureau General Ins Co.;Castle Key Insurance Co.;Homesite Insurance Co.;State Farm FL Ins Co;AIG Property Casualty Co.;Foremost P&C Insurance Co.;ASI Preferred Insurance Corp.;Nationwide P&C Insurance Co.;ACE Ins Co. of the Midwest;Castle Key Indemnity Co.;First Liberty Insurance Corp.,Universal P&C Insurance Co.;Florida Family Insurance Co.;First Protective Insurance Co.;Cypress P&C Insurance Co.;Florida Peninsula Insurance Co;Tower Hill Insurance Exchange;Kin Interinsurance Network;Unique Insurance Co.;Heritage P&C Insurance Co.;Florida Family Home Ins Co.;US Coastal P&C Insurance Co.;TypTap Insurance Co.;Homeowners Choice P&C Ins Co.;Vault E&S Insurance Co.;Edison Insurance Co.;Safe Harbor Insurance Co.;GeoVera Specialty Insurance Co;Florida Farm Bureau Cas Ins Co;Universal North America Ins Co;QBE Specialty Insurance Co.;American Platinum P&C Ins Co.,5376130388.447616,12,35.80938809441937,3548941014.732898,40745966.09194398,1,0.9811320754716981,12171923020.074995,304390140.0,9544316615.232847,539937478.65,359958319.1,539937478.65,359958319.1,9598758878.87704,13039758878.87704,3441000000.0,1395853723.0,1395853723.0,0.0,False,15163178854.126534,15163178854.126534,0.0,1.0,10594939044.953733,4568239809.172799,2204707479.137358,0.0,14,9464500000.0,9464500000.0,46
great_miami,baseline,,1926255N15314,"{""1926255N15314"": 0.8526538910529431}",170354720952.15982,145253615679.09744,25101105273.062386,12666852249.783224,56577556974.324936,0.0,55710485757.24064,20298720697.748627,12666852249.783224,56577556974.324936,7438781194.558135,17662324078.50425,32.70263685435852,11.915561003706527,7.435574534703042,33.21161671252623,4.366642235084958,10.367968659620711,55710485757.24064,20298720697.748627,7438781194.558135,33,20,13,Universal P&C Insurance Co.;Florida Family Insurance Co.;First Protective Insurance Co.;Cypress P&C Insurance Co.;Florida Peninsula Insurance Co;Tower Hill Insurance Exchange;Kin Interinsurance Network;Heritage P&C Insurance Co.;Florida Family Home Ins Co.;US Coastal P&C Insurance Co.;TypTap Insurance Co.;Homeowners Choice P&C Ins Co.;Vault E&S Insurance Co.;Edison Insurance Co.;Safe Harbor Insurance Co.;Spinnaker Specialty Ins Co.;GeoVera Specialty Insurance Co;Florida Farm Bureau Cas Ins Co;Universal North America Ins Co;Auto Club Insurance Co. of FL;American Platinum P&C Ins Co.;FL Farm Bureau General Ins Co.;Castle Key Insurance Co.;Homesite Insurance Co.;PURE Specialty Exchange;State Farm FL Ins Co;AIG Property Casualty Co.;Foremost P&C Insurance Co.;ASI Preferred Insurance Corp.;Nationwide P&C Insurance Co.;ACE Ins Co. of the Midwest;Castle Key Indemnity Co.;First Liberty Insurance Corp.,Universal P&C Insurance Co.;Florida Family Insurance Co.;First Protective Insurance Co.;Cypress P&C Insurance Co.;Florida Peninsula Insurance Co;Tower Hill Insurance Exchange;Kin Interinsurance Network;Heritage P&C Insurance Co.;Florida Family Home Ins Co.;US Coastal P&C Insurance Co.;TypTap Insurance Co.;Homeowners Choice P&C Ins Co.;Vault E&S Insurance Co.;Edison Insurance Co.;Safe Harbor Insurance Co.;Spinnaker Specialty Ins Co.;GeoVera Specialty Insurance Co;Florida Farm Bureau Cas Ins Co;Universal North America Ins Co;American Platinum P&C Ins Co.,6201133983.598605,13,35.50755988575808,3833474828.8399606,57307404.120501146,1,0.9811320754716981,14376533286.034784,307723320.0,14548741253.250156,539937478.65,359958319.1,539937478.65,359958319.1,3997781194.558135,7438781194.558135,3441000000.0,1395853723.0,1395853723.0,0.0,False,15173304148.116055,15173304148.116055,0.0,1.0,10605064338.943254,4568239809.1728,2341662728.939745,0.0,14,9464500000.0,9464500000.0,47
great_miami,baseline,,1926255N15314,"{""1926255N15314"": 0.7743198055292706}",170354720952.1598,131909034398.66956,38445686553.49025,31545970559.661,54170321935.730034,0.0,36243624342.835846,9949117560.44269,31545970559.661,54170321935.730034,11338190629.448738,27107495924.041515,21.275385936039914,5.8402358941591475,18.51781411359886,31.798544609129166,6.655636290016764,15.912383157056171,36243624342.835846,9949117560.44269,11338190629.448738,26,17,9,Universal P&C Insurance Co.;Florida Family Insurance Co.;First Protective Insurance Co.;Cypress P&C Insurance Co.;Florida Peninsula Insurance Co;Tower Hill Insurance Exchange;Kin Interinsurance Network;Florida Family Home Ins Co.;US Coastal P&C Insurance Co.;TypTap Insurance Co.;Homeowners Choice P&C Ins Co.;Edison Insurance Co.;Safe Harbor Insurance Co.;GeoVera Specialty Insurance Co;Florida Farm Bureau Cas Ins Co;Universal North America Ins Co;Auto Club Insurance Co. of FL;American Platinum P&C Ins Co.;FL Farm Bureau General Ins Co.;Homesite Insurance Co.;State Farm FL Ins Co;AIG Property Casualty Co.;ASI Preferred Insurance Corp.;ACE Ins Co. of the Midwest;Castle Key Indemnity Co.;First Liberty Insurance Corp.,Universal P&C Insurance Co.;Florida Family Insurance Co.;First Protective Insurance Co.;Cypress P&C Insurance Co.;Florida Peninsula Insurance Co;Tower Hill Insurance Exchange;Kin Interinsurance Network;Florida Family Home Ins Co.;US Coastal P&C Insurance Co.;TypTap Insurance Co.;Homeowners Choice P&C Ins Co.;Edison Insurance Co.;Safe Harbor Insurance Co.;GeoVera Specialty Insurance Co;Florida Farm Bureau Cas Ins Co;Universal North America Ins Co;American Platinum P&C Ins Co.,3246791093.4905996,9,33.145293557041065,2170063226.81448,25530987.773340493,1,0.9811320754716981,6163362717.060675,333810540.0,4292520749.3959603,539937478.65,359958319.1,539937478.65,359958319.1,7897190629.448738,11338190629.448738,3441000000.0,1395853723.0,1395853723.0,0.0,False,15071446800.932913,15071446800.932913,0.0,1.0,10503206991.760113,4568239809.1728,2086439326.8336325,0.0,13,9464500000.0,9464500000.0,48
great_miami,baseline,,1926255N15314,"{""1926255N15314"": 0.7870858885463299}",170354720952.15982,134083796908.69281,36270924043.467,15395498364.109112,73265786400.84529,0.0,37152337879.48221,8270174264.256192,15395498364.109112,73265786400.84529,10702705013.825201,25568219029.641808,21.80881027060916,4.8546786481947155,9.037318295647692,43.00778164018143,6.282599598065033,15.008811547301967,37152337879.48221,8270174264.256192,10702705013.825201,30,20,10,Universal P&C Insurance Co.;Florida Family Insurance Co.;First Protective Insurance Co.;Cypress P&C Insurance Co.;Florida Peninsula Insurance Co;Tower Hill Insurance Exchange;Kin Interinsurance Network;Heritage P&C Insurance Co.;Florida Family Home Ins Co.;US Coastal P&C Insurance Co.;TypTap Insurance Co.;Homeowners Choice P&C Ins Co.;Vault E&S Insurance Co.;Edison Insurance Co.;Safe Harbor Insurance Co.;GeoVera Specialty Insurance Co;Florida Farm Bureau Cas Ins Co;Universal North America Ins Co;Auto Club Insurance Co. of FL;American Platinum P&C Ins Co.;FL Farm Bureau General Ins Co.;Castle Key Insurance Co.;Homesite Insurance Co.;State Farm FL Ins Co;AIG Property Casualty Co.;ASI Preferred Insurance Corp.;Nationwide P&C Insurance Co.;ACE Ins Co. of the Midwest;Castle Key Indemnity Co.;First Liberty Insurance Corp.,Universal P&C Insurance Co.;Florida Family Insurance Co.;First Protective Insurance Co.;Cypress P&C Insurance Co.;Florida Peninsula Insurance Co;Tower Hill Insurance Exchange;Kin Interinsurance Network;Heritage P&C Insurance Co.;Florida Family Home Ins Co.;US Coastal P&C Insurance Co.;TypTap Insurance Co.;Homeowners Choice P&C Ins Co.;Vault E&S Insurance Co.;Edison Insurance Co.;Safe Harbor Insurance Co.;GeoVera Specialty Insurance Co;Florida Farm Bureau Cas Ins Co;Universal North America Ins Co;American Platinum P&C Ins Co.;Castle Key Indemnity Co.,3836276901.1917543,11,37.15668623671953,1415817842.0115738,26509249.772149637,1,0.9811320754716981,5486235772.370965,289511520.0,2668793211.4763308,539937478.65,359958319.1,539937478.65,359958319.1,7261705013.825201,10702705013.825201,3441000000.0,1395853723.0,1395853723.0,0.0,False,15139236568.455027,15139236568.455027,0.0,1.0,10570996759.282227,4568239809.1728,2086648252.5278404,0.0,13,9464500000.0,9464500000.0,49
great_miami,baseline,,1926255N15314,"{""1926255N15314"": 0.8645687546973587}",170354720952.15982,147283368950.42487,23071352001.73495,13378499142.911333,56615170465.76257,0.0,57669432341.98413,19620266999.766838,13378499142.911333,56615170465.76257,6845668612.725183,16225683389.009762,33.85255895442971,11.517301598748611,7.853318691806829,33.23369622475072,4.018478956416846,9.524645573847272,57669432341.98413,19620266999.766838,6845668612.725183,35,22,13,Universal P&C Insurance Co.;Florida Family Insurance Co.;First Protective Insurance Co.;Cypress P&C Insurance Co.;Florida Peninsula Insurance Co;Tower Hill Insurance Exchange;Kin Interinsurance Network;Unique Insurance Co.;Heritage P&C Insurance Co.;Florida Family Home Ins Co.;US Coastal P&C Insurance Co.;TypTap Insurance Co.;Homeowners Choice P&C Ins Co.;Vault E&S Insurance Co.;Edison Insurance Co.;Safe Harbor Insurance Co.;Spinnaker Specialty Ins Co.;GeoVera Specialty Insurance Co;Florida Farm Bureau Cas Ins Co;Universal North America Ins Co;QBE Specialty Insurance Co.;Auto Club Insurance Co. of FL;American Platinum P&C Ins Co.;FL Farm Bureau General Ins Co.;Castle Key Insurance Co.;Homesite Insurance Co.;PURE Specialty Exchange;State Farm FL Ins Co;AIG Property Casualty Co.;Foremost P&C Insurance Co.;ASI Preferred Insurance Corp.;Nationwide P&C Insurance Co.;ACE Ins Co. of the Midwest;Castle Key Indemnity Co.;First Liberty Insurance Corp.,Universal P&C Insurance Co.;Florida Family Insurance Co.;First Protective Insurance Co.;Cypress P&C Insurance Co.;Florida Peninsula Insurance Co;Tower Hill Insurance Exchange;Kin Interinsurance Network;Unique Insurance Co.;Heritage P&C Insurance Co.;Florida Family Home Ins Co.;US Coastal P&C Insurance Co.;TypTap Insurance Co.;Homeowners Choice P&C Ins Co.;Vault E&S Insurance Co.;Edison Insurance Co.;Safe Harbor Insurance Co.;Spinnaker Specialty Ins Co.;GeoVera Specialty Insurance Co;Florida Farm Bureau Cas Ins Co;Universal North America Ins Co;QBE Specialty Insurance Co.;American Platinum P&C Ins Co.,6468401649.412634,13,35.89838321723671,3765181489.093131,51855413.09467365,1,0.9811320754716981,14986335453.297874,303407340.0,13888029371.723427,539937478.65,359958319.1,539937478.65,359958319.1,3404668612.7251825,6845668612.725183,3441000000.0,1395853723.0,1395853723.0,0.0,False,15167078817.560337,15167078817.560337,0.0,1.0,10598839008.387535,4568239809.172801,2268686076.763246,0.0,14,9464500000.0,9464500000.0,50
great_miami,baseline,,1926255N15314,"{""1926255N15314"": 0.853128141664015}",170354720952.15982,145334406509.60797,25020314442.55186,18599324423.6374,58308348205.669075,0.0,51599146535.7262,16827587344.57528,18599324423.6374,58308348205.669075,7415173370.518917,17605141072.03294,30.289237801761082,9.877969480693709,10.917997646135436,34.22760923781127,4.3527841958669855,10.334401637731505,51599146535.7262,16827587344.57528,7415173370.518917,31,19,12,Universal P&C Insurance Co.;Florida Family Insurance Co.;First Protective Insurance Co.;Cypress P&C Insurance Co.;Florida Peninsula Insurance Co;Tower Hill Insurance Exchange;Kin Interinsurance Network;Heritage P&C Insurance Co.;Florida Family Home Ins Co.;US Coastal P&C Insurance Co.;TypTap Insurance Co.;Homeowners Choice P&C Ins Co.;Vault E&S Insurance Co.;Edison Insurance Co.;Safe Harbor Insurance Co.;GeoVera Specialty Insurance Co;Florida Farm Bureau Cas Ins Co;Universal North America Ins Co;Auto Club Insurance Co. of FL;American Platinum P&C Ins Co.;FL Farm Bureau General Ins Co.;Castle Key Insurance Co.;Homesite Insurance Co.;PURE Specialty Exchange;State Farm FL Ins Co;AIG Property Casualty Co.;ASI Preferred Insurance Corp.;Nationwide P&C Insurance Co.;ACE Ins Co. of the Midwest;Castle Key Indemnity Co.;First Liberty Insurance Corp.,Universal P&C Insurance Co.;Florida Family Insurance Co.;First Protective Insurance Co.;Cypress P&C Insurance Co.;Florida Peninsula Insurance Co;Tower Hill Insurance Exchange;Kin Interinsurance Network;Heritage P&C Insurance Co.;Florida Family Home Ins Co.;US Coastal P&C Insurance Co.;TypTap Insurance Co.;Homeowners Choice P&C Ins Co.;Vault E&S Insurance Co.;Edison Insurance Co.;Safe Harbor Insurance Co.;GeoVera Specialty Insurance Co;Florida Farm Bureau Cas Ins Co;Universal North America Ins Co;American Platinum P&C Ins Co.,5559604149.94455,12,35.41856476294073,3316867427.104455,47397535.47753182,1,0.9811320754716981,12608634342.813622,308706120.0,11108595652.844213,539937478.65,359958319.1,539937478.65,359958319.1,3974173370.518917,7415173370.518917,3441000000.0,1395853723.0,1395853723.0,0.0,False,15158387514.287807,15158387514.287807,0.0,1.0,10590147705.115007,4568239809.1728,2184715807.1015115,0.0,14,9464500000.0,9464500000.0,51
great_miami,baseline,,1926255N15314,"{""1926255N15314"": 0.9117046371887202}",170354720952.15982,155313189059.07455,15041531893.085253,32576288126.84266,70775482510.21289,0.0,38483922764.496124,13477495657.522896,32576288126.84266,70775482510.21289,4499281293.846419,10542250599.238832,22.59046450218626,7.9114306795804845,19.12262128385098,41.54594725325431,2.641125099849706,6.188411181278258,38483922764.496124,13477495657.522896,4499281293.846419,27,18,9,Universal P&C Insurance Co.;Florida Family Insurance Co.;First Protective Insurance Co.;Cypress P&C Insurance Co.;Florida Peninsula Insurance Co;Tower Hill Insurance Exchange;Kin Interinsurance Network;Heritage P&C Insurance Co.;Florida Family Home Ins Co.;US Coastal P&C Insurance Co.;TypTap Insurance Co.;Homeowners Choice P&C Ins Co.;Edison Insurance Co.;Safe Harbor Insurance Co.;GeoVera Specialty Insurance Co;Florida Farm Bureau Cas Ins Co;Universal North America Ins Co;Auto Club Insurance Co. of FL;American Platinum P&C Ins Co.;FL Farm Bureau General Ins Co.;Homesite Insurance Co.;State Farm FL Ins Co;AIG Property Casualty Co.;ASI Preferred Insurance Corp.;ACE Ins Co. of the Midwest;Castle Key Indemnity Co.;First Liberty Insurance Corp.,Universal P&C Insurance Co.;Florida Family Insurance Co.;First Protective Insurance Co.;Cypress P&C Insurance Co.;Florida Peninsula Insurance Co;Tower Hill Insurance Exchange;Kin Interinsurance Network;Heritage P&C Insurance Co.;Florida Family Home Ins Co.;US Coastal P&C Insurance Co.;TypTap Insurance Co.;Homeowners Choice P&C Ins Co.;Edison Insurance Co.;Safe Harbor Insurance Co.;GeoVera Specialty Insurance Co;Florida Farm Bureau Cas Ins Co;Universal North America Ins Co;American Platinum P&C Ins Co.,3752385902.6048856,9,35.166819401784345,2036993765.5959706,21625906.59395045,1,0.9811320754716981,6793029197.103292,311486220.0,7745661085.576517,539937478.65,359958319.1,539937478.65,359958319.1,1058281293.8464193,4499281293.846419,3441000000.0,1395853723.0,1395853723.0,0.0,False,15134998288.616657,15134998288.616657,0.0,1.0,10566758479.44386,4568239809.172799,2086646743.7643197,0.0,13,9464500000.0,9464500000.0,52
great_miami,baseline,,1926255N15314,"{""1926255N15314"": 0.5251767312710264}",170354720952.1598,89466335506.24312,80888385445.91667,18252453910.337757,39968320802.05251,0.0,25154350819.92683,6091209973.9260235,18252453910.337757,39968320802.05251,23740337765.086853,57148047680.82984,14.76586658669169,3.57560385757469,10.714381032894028,23.461821649942237,13.935826158732509,33.546500714164864,25154350819.92683,6091209973.9260235,23740337765.086853,22,14,8,Universal P&C Insurance Co.;Florida Family Insurance Co.;First Protective Insurance Co.;Cypress P&C Insurance Co.;Tower Hill Insurance Exchange;Kin Interinsurance Network;Florida Family Home Ins Co.;US Coastal P&C Insurance Co.;TypTap Insurance Co.;Homeowners Choice P&C Ins Co.;Edison Insurance Co.;Safe Harbor Insurance Co.;GeoVera Specialty Insurance Co;Universal North America Ins Co;Auto Club Insurance Co. of FL;FL Farm Bureau General Ins Co.;Homesite Insurance Co.;State Farm FL Ins Co;AIG Property Casualty Co.;ASI Preferred Insurance Corp.;Castle Key Indemnity Co.;First Liberty Insurance Corp.,Universal P&C Insurance Co.;Florida Family Insurance Co.;First Protective Insurance Co.;Cypress P&C Insurance Co.;Tower Hill Insurance Exchange;Kin Interinsurance Network;Florida Family Home Ins Co.;US Coastal P&C Insurance Co.;TypTap Insurance Co.;Homeowners Choice P&C Ins Co.;Edison Insurance Co.;Safe Harbor Insurance Co.;GeoVera Specialty Insurance Co;Universal North America Ins Co,1394327804.3761344,8,29.203227969374158,689300345.3721788,0.0,0,1.0,1891424813.6297855,377343960.0,1450438350.020658,539937478.65,359958319.1,539937478.65,359958319.1,20299337765.086853,23740337765.086853,3441000000.0,1395853723.0,1395853723.0,0.0,False,13617092338.988071,13617092338.988071,0.0,1.0,10031119866.070137,3585972472.9179354,1852319599.5523987,0.0,13,9464500000.0,9464500000.0,53
great_miami,baseline,,1926255N15314,"{""1926255N15314"": 0.6798110169280438}",170354720952.15982,115809016088.98091,54545704863.17892,24806751802.176342,47926033160.39177,0.0,34434218349.696884,8642012776.715918,24806751802.176342,47926033160.39177,16042764117.32504,38502940745.85387,20.213245724705768,5.072951737652652,14.56182233373077,28.1330818967152,9.417270051371386,22.601628255824227,34434218349.696884,8642012776.715918,16042764117.32504,28,19,9,Universal P&C Insurance Co.;Florida Family Insurance Co.;First Protective Insurance Co.;Cypress P&C Insurance Co.;Florida Peninsula Insurance Co;Tower Hill Insurance Exchange;Kin Interinsurance Network;Heritage P&C Insurance Co.;Florida Family Home Ins Co.;US Coastal P&C Insurance Co.;TypTap Insurance Co.;Homeowners Choice P&C Ins Co.;Edison Insurance Co.;Safe Harbor Insurance Co.;GeoVera Specialty Insurance Co;Florida Farm Bureau Cas Ins Co;Universal North America Ins Co;Auto Club Insurance Co. of FL;American Platinum P&C Ins Co.;FL Farm Bureau General Ins Co.;Castle Key Insurance Co.;Homesite Insurance Co.;State Farm FL Ins Co;AIG Property Casualty Co.;ASI Preferred Insurance Corp.;ACE Ins Co. of the Midwest;Castle Key Indemnity Co.;First Liberty Insurance Corp.,Universal P&C Insurance Co.;Florida Family Insurance Co.;First Protective Insurance Co.;Cypress P&C Insurance Co.;Florida Peninsula Insurance Co;Tower Hill Insurance Exchange;Kin Interinsurance Network;Heritage P&C Insurance Co.;Florida Family Home Ins Co.;US Coastal P&C Insurance Co.;TypTap Insurance Co.;Homeowners Choice P&C Ins Co.;Edison Insurance Co.;Safe Harbor Insurance Co.;GeoVera Specialty Insurance Co;Florida Farm Bureau Cas Ins Co;Universal North America Ins Co;American Platinum P&C Ins Co.;Castle Key Indemnity Co.,2169086163.780732,10,36.90494087556314,1244426121.4504967,11517080.935926124,1,0.9811320754716981,4903217361.739054,292291620.0,3015188959.5719824,539937478.65,359958319.1,539937478.65,359958319.1,12601764117.32504,16042764117.32504,3441000000.0,1395853723.0,1395853723.0,0.0,False,15094237199.868973,15094237199.868973,0.0,1.0,10525997390.696173,4568239809.1728,2086274352.8818207,0.0,13,9464500000.0,9464500000.0,54
great_miami,baseline,,1926255N15314,"{""1926255N15314"": 0.5210623650271519}",170354720952.15985,88765433792.87291,81589287159.28693,21259533033.461433,41635912581.70269,0.0,19470188746.722527,6399799430.986267,21259533033.461433,41635912581.70269,23945147694.79632,57644139464.490585,11.429204097132287,3.7567490910824253,12.479567877330314,24.440715437170166,14.056051726045654,33.83771177123914,19470188746.722527,6399799430.986267,23945147694.79632,16,11,5,Universal P&C Insurance Co.;Florida Family Insurance Co.;First Protective Insurance Co.;Cypress P&C Insurance Co.;Tower Hill Insurance Exchange;Kin Interinsurance Network;TypTap Insurance Co.;Homeowners Choice P&C Ins Co.;Edison Insurance Co.;Safe Harbor Insurance Co.;GeoVera Specialty Insurance Co;FL Farm Bureau General Ins Co.;Homesite Insurance Co.;AIG Property Casualty Co.;ASI Preferred Insurance Corp.;Castle Key Indemnity Co.,Universal P&C Insurance Co.;Florida Family Insurance Co.;First Protective Insurance Co.;Cypress P&C Insurance Co.;Tower Hill Insurance Exchange;Kin Interinsurance Network;TypTap Insurance Co.;Homeowners Choice P&C Ins Co.;Edison Insurance Co.;Safe Harbor Insurance Co.;GeoVera Specialty Insurance Co,476787788.5998894,5,28.176154707643686,216047008.73632503,0.0,0,1.0,668111248.8147844,388686240.0,1400807478.7394757,539937478.65,359958319.1,539937478.65,359958319.1,20504147694.79632,23945147694.79632,3441000000.0,1395853723.0,1395853723.0,0.0,False,12701358310.937845,12701358310.937845,0.0,1.0,8809882275.530268,3891476035.407578,1725895762.9100182,0.0,13,9464500000.0,9464500000.0,55
great_miami,baseline,,1926255N15314,"{""1926255N15314"": 0.7687083969441488}",170354720952.15982,130953104455.00261,39401616497.15722,18224098707.826054,57733439537.806206,0.0,42346857299.46144,12648708909.908916,18224098707.826054,57733439537.806206,11617522154.589693,27784094342.567516,24.858047410000207,7.42492420474864,10.697736232941775,33.89013184672429,6.819606811983922,16.309553493601175,42346857299.46144,12648708909.908916,11617522154.589693,30,18,12,Universal P&C Insurance Co.;Florida Family Insurance Co.;First Protective Insurance Co.;Cypress P&C Insurance Co.;Florida Peninsula Insurance Co;Tower Hill Insurance Exchange;Kin Interinsurance Network;Heritage P&C Insurance Co.;Florida Family Home Ins Co.;US Coastal P&C Insurance Co.;TypTap Insurance Co.;Homeowners Choice P&C Ins Co.;Edison Insurance Co.;Safe Harbor Insurance Co.;GeoVera Specialty Insurance Co;Florida Farm Bureau Cas Ins Co;Universal North America Ins Co;Auto Club Insurance Co. of FL;American Platinum P&C Ins Co.;FL Farm Bureau General Ins Co.;Castle Key Insurance Co.;Homesite Insurance Co.;State Farm FL Ins Co;AIG Property Casualty Co.;Foremost P&C Insurance Co.;ASI Preferred Insurance Corp.;Nationwide P&C Insurance Co.;ACE Ins Co. of the Midwest;Castle Key Indemnity Co.;First Liberty Insurance Corp.,Universal P&C Insurance Co.;Florida Family Insurance Co.;First Protective Insurance Co.;Cypress P&C Insurance Co.;Florida Peninsula Insurance Co;Tower Hill Insurance Exchange;Kin Interinsurance Network;Heritage P&C Insurance Co.;Florida Family Home Ins Co.;US Coastal P&C Insurance Co.;TypTap Insurance Co.;Homeowners Choice P&C Ins Co.;Edison Insurance Co.;Safe Harbor Insurance Co.;GeoVera Specialty Insurance Co;Florida Farm Bureau Cas Ins Co;Universal North America Ins Co;American Platinum P&C Ins Co.,3902676324.0857635,12,35.166819401784345,1813821289.6303139,20993590.655951306,1,0.9811320754716981,8329504939.747311,311486220.0,6959598123.353409,539937478.65,359958319.1,539937478.65,359958319.1,8176522154.589693,11617522154.589693,3441000000.0,1395853723.0,1395853723.0,0.0,False,15137192366.470594,15137192366.470594,0.0,1.0,10568952557.297794,4568239809.1728,2144126816.8148189,0.0,14,9464500000.0,9464500000.0,56
great_miami,baseline,,1926255N15314,"{""1926255N15314"": 0.9148733938393337}",170354720952.1598,155853001714.0551,14501719238.104689,36062115038.58369,46711128270.195496,0.0,57378254750.73421,15701503654.541712,36062115038.58369,46711128270.195496,4341543069.194004,10160176168.910686,33.68163466796295,9.216946596361787,21.168838079169465,27.419920040439173,2.548531114915933,5.964129501150683,57378254750.73421,15701503654.541712,4341543069.194004,35,22,13,Universal P&C Insurance Co.;Florida Family Insurance Co.;First Protective Insurance Co.;Cypress P&C Insurance Co.;Florida Peninsula Insurance Co;Tower Hill Insurance Exchange;Kin Interinsurance Network;Unique Insurance Co.;Heritage P&C Insurance Co.;Florida Family Home Ins Co.;US Coastal P&C Insurance Co.;TypTap Insurance Co.;Homeowners Choice P&C Ins Co.;Vault E&S Insurance Co.;Edison Insurance Co.;Safe Harbor Insurance Co.;Spinnaker Specialty Ins Co.;GeoVera Specialty Insurance Co;Florida Farm Bureau Cas Ins Co;Universal North America Ins Co;QBE Specialty Insurance Co.;Auto Club Insurance Co. of FL;American Platinum P&C Ins Co.;FL Farm Bureau General Ins Co.;Castle Key Insurance Co.;Homesite Insurance Co.;PURE Specialty Exchange;State Farm FL Ins Co;AIG Property Casualty Co.;Foremost P&C Insurance Co.;ASI Preferred Insurance Corp.;Nationwide P&C Insurance Co.;ACE Ins Co. of the Midwest;Castle Key Indemnity Co.;First Liberty Insurance Corp.,Universal P&C Insurance Co.;Florida Family Insurance Co.;First Protective Insurance Co.;Cypress P&C Insurance Co.;Florida Peninsula Insurance Co;Tower Hill Insurance Exchange;Kin Interinsurance Network;Unique Insurance Co.;Heritage P&C Insurance Co.;Florida Family Home Ins Co.;US Coastal P&C Insurance Co.;TypTap Insurance Co.;Homeowners Choice P&C Ins Co.;Vault E&S Insurance Co.;Edison Insurance Co.;Safe Harbor Insurance Co.;Spinnaker Specialty Ins Co.;GeoVera Specialty Insurance Co;Florida Farm Bureau Cas Ins Co;Universal North America Ins Co;QBE Specialty Insurance Co.;American Platinum P&C Ins Co.,6723149570.5947485,13,35.89838321723671,3519796226.1368423,69609123.16266951,1,0.9811320754716981,14118562199.376944,303407340.0,10023804585.184734,539937478.65,359958319.1,539937478.65,359958319.1,900543069.194004,4341543069.194004,3441000000.0,1395853723.0,1395853723.0,0.0,False,15172442642.808119,15172442642.808119,0.0,1.0,10604202833.635319,4568239809.1728,2261684809.611616,0.0,14,9464500000.0,9464500000.0,57
great_miami,baseline,,1926255N15314,"{""1926255N15314"": 0.8422054003938141}",170354720952.15982,143473665968.49026,26881054983.669567,25157004335.343925,60380524426.996765,0.0,45052149323.20827,12883987882.94128,25157004335.343925,60380524426.996765,7958898877.482535,18922156106.18703,26.446082075917417,7.563035418642404,14.767424227948862,35.44399831687273,4.671956745899403,11.107503214719175,45052149323.20827,12883987882.94128,7958898877.482535,31,20,11,Universal P&C Insurance Co.;Florida Family Insurance Co.;First Protective Insurance Co.;Cypress P&C Insurance Co.;Florida Peninsula Insurance Co;Tower Hill Insurance Exchange;Kin Interinsurance Network;Heritage P&C Insurance Co.;Florida Family Home Ins Co.;US Coastal P&C Insurance Co.;TypTap Insurance Co.;Homeowners Choice P&C Ins Co.;Vault E&S Insurance Co.;Edison Insurance Co.;Safe Harbor Insurance Co.;Spinnaker Specialty Ins Co.;GeoVera Specialty Insurance Co;Florida Farm Bureau Cas Ins Co;Universal North America Ins Co;Auto Club Insurance Co. of FL;American Platinum P&C Ins Co.;FL Farm Bureau General Ins Co.;Castle Key Insurance Co.;Homesite Insurance Co.;State Farm FL Ins Co;AIG Property Casualty Co.;ASI Preferred Insurance Corp.;Nationwide P&C Insurance Co.;ACE Ins Co. of the Midwest;Castle Key Indemnity Co.;First Liberty Insurance Corp.,Universal P&C Insurance Co.;Florida Family Insurance Co.;First Protective Insurance Co.;Cypress P&C Insurance Co.;Florida Peninsula Insurance Co;Tower Hill Insurance Exchange;Kin Interinsurance Network;Heritage P&C Insurance Co.;Florida Family Home Ins Co.;US Coastal P&C Insurance Co.;TypTap Insurance Co.;Homeowners Choice P&C Ins Co.;Vault E&S Insurance Co.;Edison Insurance Co.;Safe Harbor Insurance Co.;Spinnaker Specialty Ins Co.;GeoVera Specialty Insurance Co;Florida Farm Bureau Cas Ins Co;Universal North America Ins Co;American Platinum P&C Ins Co.,4644107415.536702,11,35.50755988575808,2105062966.7547088,30799835.300930664,1,0.9811320754716981,9377439739.72241,307723320.0,7203982509.277557,539937478.65,359958319.1,539937478.65,359958319.1,4517898877.482535,7958898877.482535,3441000000.0,1395853723.0,1395853723.0,0.0,False,15154358853.17014,15154358853.17014,0.0,1.0,10586119043.99734,4568239809.1728,2183741534.1282673,0.0,14,9464500000.0,9464500000.0,58
great_miami,baseline,,1926255N15314,"{""1926255N15314"": 0.7619152562703884}",170354720952.15985,129795860871.13539,40558860081.024445,12942684425.51631,88318312529.4045,0.0,22889046577.66542,5645817338.549134,12942684425.51631,88318312529.4045,11955679377.702942,28603180703.321503,13.436109342747994,3.314153729930754,7.597490902028457,51.843771652331625,7.018108632903937,16.790365740057204,22889046577.66542,5645817338.549134,11955679377.702942,22,14,8,Universal P&C Insurance Co.;Florida Family Insurance Co.;First Protective Insurance Co.;Cypress P&C Insurance Co.;Tower Hill Insurance Exchange;Kin Interinsurance Network;Florida Family Home Ins Co.;US Coastal P&C Insurance Co.;TypTap Insurance Co.;Homeowners Choice P&C Ins Co.;Edison Insurance Co.;Safe Harbor Insurance Co.;GeoVera Specialty Insurance Co;Universal North America Ins Co;Auto Club Insurance Co. of FL;FL Farm Bureau General Ins Co.;Homesite Insurance Co.;State Farm FL Ins Co;AIG Property Casualty Co.;ASI Preferred Insurance Corp.;Castle Key Indemnity Co.;First Liberty Insurance Corp.,Universal P&C Insurance Co.;Florida Family Insurance Co.;First Protective Insurance Co.;Cypress P&C Insurance Co.;Tower Hill Insurance Exchange;Kin Interinsurance Network;Florida Family Home Ins Co.;US Coastal P&C Insurance Co.;TypTap Insurance Co.;Homeowners Choice P&C Ins Co.;Edison Insurance Co.;Safe Harbor Insurance Co.;GeoVera Specialty Insurance Co;Universal North America Ins Co,1155129529.5107884,8,29.203227969374158,505596792.2077185,0.0,0,1.0,1255606472.4051013,377343960.0,1428056646.6447797,539937478.65,359958319.1,539937478.65,359958319.1,8514679377.702942,11955679377.702942,3441000000.0,1395853723.0,1395853723.0,0.0,False,12763086619.61405,12763086619.61405,0.0,1.0,9618052855.719234,3145033763.8948154,1807959938.798263,0.0,13,9464500000.0,9464500000.0,59
great_miami,baseline,,1926255N15314,"{""1926255N15314"": 0.7635492424236645}",170354720952.15982,130074218126.31642,40280502825.8434,29978944054.893105,35281157318.791115,0.0,52163276273.49873,12650840479.133461,29978944054.893105,35281157318.791115,11874340826.54771,28406161999.29569,30.620387848334175,7.426175458140756,17.597953192804088,20.710407743087444,6.970362054059157,16.67471370357438,52163276273.49873,12650840479.133461,11874340826.54771,35,22,13,Universal P&C Insurance Co.;Florida Family Insurance Co.;First Protective Insurance Co.;Cypress P&C Insurance Co.;Florida Peninsula Insurance Co;Tower Hill Insurance Exchange;Kin Interinsurance Network;Unique Insurance Co.;Heritage P&C Insurance Co.;Florida Family Home Ins Co.;US Coastal P&C Insurance Co.;TypTap Insurance Co.;Homeowners Choice P&C Ins Co.;Vault E&S Insurance Co.;Edison Insurance Co.;Safe Harbor Insurance Co.;Spinnaker Specialty Ins Co.;GeoVera Specialty Insurance Co;Florida Farm Bureau Cas Ins Co;Universal North America Ins Co;QBE Specialty Insurance Co.;Auto Club Insurance Co. of FL;American Platinum P&C Ins Co.;FL Farm Bureau General Ins Co.;Castle Key Insurance Co.;Homesite Insurance Co.;PURE Specialty Exchange;State Farm FL Ins Co;AIG Property Casualty Co.;Foremost P&C Insurance Co.;ASI Preferred Insurance Corp.;Nationwide P&C Insurance Co.;ACE Ins Co. of the Midwest;Castle Key Indemnity Co.;First Liberty Insurance Corp.,Universal P&C Insurance Co.;Florida Family Insurance Co.;First Protective Insurance Co.;Cypress P&C Insurance Co.;Florida Peninsula Insurance Co;Tower Hill Insurance Exchange;Kin Interinsurance Network;Unique Insurance Co.;Heritage P&C Insurance Co.;Florida Family Home Ins Co.;US Coastal P&C Insurance Co.;TypTap Insurance Co.;Homeowners Choice P&C Ins Co.;Vault E&S Insurance Co.;Edison Insurance Co.;Safe Harbor Insurance Co.;Spinnaker Specialty Ins Co.;GeoVera Specialty Insurance Co;Florida Farm Bureau Cas Ins Co;Universal North America Ins Co;QBE Specialty Insurance Co.;American Platinum P&C Ins Co.,5251261346.944802,13,35.89838321723671,3011133804.411673,50252320.825792715,1,0.9811320754716981,12380678255.858284,303407340.0,7005273105.151127,539937478.65,359958319.1,539937478.65,359958319.1,8433340826.54771,11874340826.54771,3441000000.0,1395853723.0,1395853723.0,0.0,False,15161031083.362347,15161031083.362347,0.0,1.0,10592791274.189547,4568239809.1728,2246533530.3736005,0.0,14,9464500000.0,9464500000.0,60
great_miami,baseline,,1926255N15314,"{""1926255N15314"": 0.7459043129998743}",170354720952.15982,127068321098.10608,43286399854.05375,34540699715.12092,37749449406.82035,0.0,43063555606.0005,11714616370.164291,34540699715.12092,37749449406.82035,12752691595.73252,30533708258.321224,25.27875679952181,6.876602130359552,20.27575139806127,22.159320972044803,7.485963127088105,17.923605572924455,43063555606.0005,11714616370.164291,12752691595.73252,29,18,11,Universal P&C Insurance Co.;Florida Family Insurance Co.;First Protective Insurance Co.;Cypress P&C Insurance Co.;Florida Peninsula Insurance Co;Tower Hill Insurance Exchange;Kin Interinsurance Network;Heritage P&C Insurance Co.;Florida Family Home Ins Co.;US Coastal P&C Insurance Co.;TypTap Insurance Co.;Homeowners Choice P&C Ins Co.;Edison Insurance Co.;Safe Harbor Insurance Co.;GeoVera Specialty Insurance Co;Florida Farm Bureau Cas Ins Co;Universal North America Ins Co;Auto Club Insurance Co. of FL;American Platinum P&C Ins Co.;FL Farm Bureau General Ins Co.;Castle Key Insurance Co.;Homesite Insurance Co.;State Farm FL Ins Co;AIG Property Casualty Co.;ASI Preferred Insurance Corp.;Nationwide P&C Insurance Co.;ACE Ins Co. of the Midwest;Castle Key Indemnity Co.;First Liberty Insurance Corp.,Universal P&C Insurance Co.;Florida Family Insurance Co.;First Protective Insurance Co.;Cypress P&C Insurance Co.;Florida Peninsula Insurance Co;Tower Hill Insurance Exchange;Kin Interinsurance Network;Heritage P&C Insurance Co.;Florida Family Home Ins Co.;US Coastal P&C Insurance Co.;TypTap Insurance Co.;Homeowners Choice P&C Ins Co.;Edison Insurance Co.;Safe Harbor Insurance Co.;GeoVera Specialty Insurance Co;Florida Farm Bureau Cas Ins Co;Universal North America Ins Co;American Platinum P&C Ins Co.,3985892409.4594307,11,35.166819401784345,2148482564.761221,24200511.91026903,1,0.9811320754716981,8432763806.377829,311486220.0,6049914064.085494,539937478.65,359958319.1,539937478.65,359958319.1,9311691595.73252,12752691595.73252,3441000000.0,1395853723.0,1395853723.0,0.0,False,15150145026.905632,15150145026.905632,0.0,1.0,10581905217.73283,4568239809.172801,2098174562.143801,0.0,14,9464500000.0,9464500000.0,61
great_miami,baseline,,1926255N15314,"{""1926255N15314"": 0.6644351650512846}",170354720952.15985,113189667133.11388,57165053819.04597,31886098639.297474,49942850731.12272,0.0,24620703902.764683,6740013859.928982,31886098639.297474,49942850731.12272,16808161983.105907,40356891835.94005,14.452610274110825,3.9564585133051624,18.71747284787719,29.316974869835278,9.866566590676456,23.689916904195066,24620703902.764683,6740013859.928982,16808161983.105907,21,14,7,Universal P&C Insurance Co.;Florida Family Insurance Co.;First Protective Insurance Co.;Cypress P&C Insurance Co.;Florida Peninsula Insurance Co;Tower Hill Insurance Exchange;Kin Interinsurance Network;Florida Family Home Ins Co.;US Coastal P&C Insurance Co.;TypTap Insurance Co.;Homeowners Choice P&C Ins Co.;Edison Insurance Co.;Safe Harbor Insurance Co.;GeoVera Specialty Insurance Co;FL Farm Bureau General Ins Co.;Homesite Insurance Co.;State Farm FL Ins Co;AIG Property Casualty Co.;ASI Preferred Insurance Corp.;Castle Key Indemnity Co.;First Liberty Insurance Corp.,Universal P&C Insurance Co.;Florida Family Insurance Co.;First Protective Insurance Co.;Cypress P&C Insurance Co.;Florida Peninsula Insurance Co;Tower Hill Insurance Exchange;Kin Interinsurance Network;Florida Family Home Ins Co.;US Coastal P&C Insurance Co.;TypTap Insurance Co.;Homeowners Choice P&C Ins Co.;Edison Insurance Co.;Safe Harbor Insurance Co.;GeoVera Specialty Insurance Co,1099211044.2483833,7,31.96101731096401,633243198.9322968,0.0,0,1.0,1855703645.0915794,346888860.0,1452468145.329936,539937478.65,359958319.1,539937478.65,359958319.1,13367161983.105907,16808161983.105907,3441000000.0,1395853723.0,1395853723.0,0.0,False,14181040264.260767,14181040264.260767,0.0,1.0,9952751944.199903,4228288320.060864,2026416188.7899141,0.0,13,9464500000.0,9464500000.0,62
great_miami,baseline,,1926255N15314,"{""1926255N15314"": 0.878573785765994}",170354720952.15985,149669192110.04858,20685528842.11126,33382657703.136627,35464742923.88761,0.0,62465741835.08469,18356049647.939632,33382657703.136627,35464742923.88761,6148509133.299478,14537019708.81178,36.66804270873522,10.77519281258692,19.59596864504352,20.818174410233723,3.609239062430294,8.533382360970297,62465741835.08469,18356049647.939632,6148509133.299478,35,22,13,Universal P&C Insurance Co.;Florida Family Insurance Co.;First Protective Insurance Co.;Cypress P&C Insurance Co.;Florida Peninsula Insurance Co;Tower Hill Insurance Exchange;Kin Interinsurance Network;Unique Insurance Co.;Heritage P&C Insurance Co.;Florida Family Home Ins Co.;US Coastal P&C Insurance Co.;TypTap Insurance Co.;Homeowners Choice P&C Ins Co.;Vault E&S Insurance Co.;Edison Insurance Co.;Safe Harbor Insurance Co.;Spinnaker Specialty Ins Co.;GeoVera Specialty Insurance Co;Florida Farm Bureau Cas Ins Co;Universal North America Ins Co;QBE Specialty Insurance Co.;Auto Club Insurance Co. of FL;American Platinum P&C Ins Co.;FL Farm Bureau General Ins Co.;Castle Key Insurance Co.;Homesite Insurance Co.;PURE Specialty Exchange;State Farm FL Ins Co;AIG Property Casualty Co.;Foremost P&C Insurance Co.;ASI Preferred Insurance Corp.;Nationwide P&C Insurance Co.;ACE Ins Co. of the Midwest;Castle Key Indemnity Co.;First Liberty Insurance Corp.,Universal P&C Insurance Co.;Florida Family Insurance Co.;First Protective Insurance Co.;Cypress P&C Insurance Co.;Florida Peninsula Insurance Co;Tower Hill Insurance Exchange;Kin Interinsurance Network;Unique Insurance Co.;Heritage P&C Insurance Co.;Florida Family Home Ins Co.;US Coastal P&C Insurance Co.;TypTap Insurance Co.;Homeowners Choice P&C Ins Co.;Vault E&S Insurance Co.;Edison Insurance Co.;Safe Harbor Insurance Co.;Spinnaker Specialty Ins Co.;GeoVera Specialty Insurance Co;Florida Farm Bureau Cas Ins Co;Universal North America Ins Co;QBE Specialty Insurance Co.;American Platinum P&C Ins Co.,7198795671.569747,13,35.89838321723671,4617915952.730437,57665024.87932408,1,0.9811320754716981,17646081752.28317,303407340.0,12658949092.440762,539937478.65,359958319.1,539937478.65,359958319.1,2707509133.2994776,6148509133.299478,3441000000.0,1395853723.0,1395853723.0,0.0,False,15184178312.454319,15184178312.454319,0.0,1.0,10615938503.281519,4568239809.1728,2287085773.7649465,0.0,14,9464500000.0,9464500000.0,63
great_miami,baseline,,1926255N15314,"{""1926255N15314"": 0.5730883176653959}",170354720952.1598,97628300436.83124,72726420515.32857,21764518801.595425,27729337580.61874,0.0,38247800343.20475,9886643711.412323,21764518801.595425,27729337580.61874,21355336513.36072,51371084001.96786,22.451858175357387,5.803563092442128,12.775999796159152,16.277410702580934,12.535805520387003,30.155362713073412,38247800343.20475,9886643711.412323,21355336513.36072,27,17,10,Universal P&C Insurance Co.;Florida Family Insurance Co.;First Protective Insurance Co.;Cypress P&C Insurance Co.;Florida Peninsula Insurance Co;Tower Hill Insurance Exchange;Kin Interinsurance Network;Florida Family Home Ins Co.;US Coastal P&C Insurance Co.;TypTap Insurance Co.;Homeowners Choice P&C Ins Co.;Edison Insurance Co.;Safe Harbor Insurance Co.;GeoVera Specialty Insurance Co;Florida Farm Bureau Cas Ins Co;Universal North America Ins Co;Auto Club Insurance Co. of FL;American Platinum P&C Ins Co.;FL Farm Bureau General Ins Co.;Castle Key Insurance Co.;Homesite Insurance Co.;State Farm FL Ins Co;AIG Property Casualty Co.;ASI Preferred Insurance Corp.;ACE Ins Co. of the Midwest;Castle Key Indemnity Co.;First Liberty Insurance Corp.,Universal P&C Insurance Co.;Florida Family Insurance Co.;First Protective Insurance Co.;Cypress P&C Insurance Co.;Florida Peninsula Insurance Co;Tower Hill Insurance Exchange;Kin Interinsurance Network;Florida Family Home Ins Co.;US Coastal P&C Insurance Co.;TypTap Insurance Co.;Homeowners Choice P&C Ins Co.;Edison Insurance Co.;Safe Harbor Insurance Co.;GeoVera Specialty Insurance Co;Florida Farm Bureau Cas Ins Co;Universal North America Ins Co;American Platinum P&C Ins Co.,3182206234.238613,10,33.145293557041065,2104087602.2041788,18247233.323794305,1,0.9811320754716981,7151961438.754875,333810540.0,4242861557.205752,539937478.65,359958319.1,539937478.65,359958319.1,17914336513.36072,21355336513.36072,3441000000.0,1395853723.0,1395853723.0,0.0,False,15130321041.168457,15130321041.168457,0.0,1.0,10562081231.995657,4568239809.1728,2086680971.558192,0.0,13,9464500000.0,9464500000.0,64
great_miami,baseline,,1926255N15314,"{""1926255N15314"": 0.471188899660416}",170354720952.1598,80269253517.4054,90085467434.75441,5867705481.097299,51415182947.766716,0.0,17948993559.752266,5037371528.789122,5867705481.097299,51415182947.766716,26427809745.443085,63657657689.311325,10.536246638443808,2.9569896863637557,3.4444043865066174,30.181249254727426,15.513400273107036,37.36770976085137,17948993559.752266,5037371528.789122,26427809745.443085,16,11,5,Universal P&C Insurance Co.;Florida Family Insurance Co.;First Protective Insurance Co.;Cypress P&C Insurance Co.;Tower Hill Insurance Exchange;Kin Interinsurance Network;Florida Family Home Ins Co.;TypTap Insurance Co.;Homeowners Choice P&C Ins Co.;Edison Insurance Co.;GeoVera Specialty Insurance Co;FL Farm Bureau General Ins Co.;AIG Property Casualty Co.;ASI Preferred Insurance Corp.;Castle Key Indemnity Co.;First Liberty Insurance Corp.,Universal P&C Insurance Co.;Florida Family Insurance Co.;First Protective Insurance Co.;Cypress P&C Insurance Co.;Tower Hill Insurance Exchange;Kin Interinsurance Network;Florida Family Home Ins Co.;TypTap Insurance Co.;Homeowners Choice P&C Ins Co.;Edison Insurance Co.;GeoVera Specialty Insurance Co,340413576.39983124,5,27.91334743744846,211493206.9882083,0.0,0,1.0,504411234.36168647,391588500.0,1364402545.3160357,539937478.65,359958319.1,539937478.65,359958319.1,22986809745.443085,26427809745.443085,3441000000.0,1395853723.0,1395853723.0,0.0,False,11184225730.025822,11184225730.025822,0.0,1.0,8641553317.793419,2542672412.2324033,1459987712.1937318,0.0,11,9464500000.0,9464500000.0,65
great_miami,baseline,,1926255N15314,"{""1926255N15314"": 0.7687386682043469}",170354720952.1598,130958261307.08649,39396459645.07331,19646281556.4062,41949198592.59818,0.0,55564219963.6192,13798561194.462896,19646281556.4062,41949198592.59818,11616015274.962097,27780444370.111214,32.61677730623217,8.099899502249723,11.532572415133366,24.624617596819434,6.8187222579080675,16.307410921657237,55564219963.6192,13798561194.462896,11616015274.962097,34,21,13,Universal P&C Insurance Co.;Florida Family Insurance Co.;First Protective Insurance Co.;Cypress P&C Insurance Co.;Florida Peninsula Insurance Co;Tower Hill Insurance Exchange;Kin Interinsurance Network;Unique Insurance Co.;Heritage P&C Insurance Co.;Florida Family Home Ins Co.;US Coastal P&C Insurance Co.;TypTap Insurance Co.;Homeowners Choice P&C Ins Co.;Vault E&S Insurance Co.;Edison Insurance Co.;Safe Harbor Insurance Co.;GeoVera Specialty Insurance Co;Florida Farm Bureau Cas Ins Co;Universal North America Ins Co;QBE Specialty Insurance Co.;Auto Club Insurance Co. of FL;American Platinum P&C Ins Co.;FL Farm Bureau General Ins Co.;Castle Key Insurance Co.;Homesite Insurance Co.;PURE Specialty Exchange;State Farm FL Ins Co;AIG Property Casualty Co.;Foremost P&C Insurance Co.;ASI Preferred Insurance Corp.;Nationwide P&C Insurance Co.;ACE Ins Co. of the Midwest;Castle Key Indemnity Co.;First Liberty Insurance Corp.,Universal P&C Insurance Co.;Florida Family Insurance Co.;First Protective Insurance Co.;Cypress P&C Insurance Co.;Florida Peninsula Insurance Co;Tower Hill Insurance Exchange;Kin Interinsurance Network;Unique Insurance Co.;Heritage P&C Insurance Co.;Florida Family Home Ins Co.;US Coastal P&C Insurance Co.;TypTap Insurance Co.;Homeowners Choice P&C Ins Co.;Vault E&S Insurance Co.;Edison Insurance Co.;Safe Harbor Insurance Co.;GeoVera Specialty Insurance Co;Florida Farm Bureau Cas Ins Co;Universal North America Ins Co;QBE Specialty Insurance Co.;American Platinum P&C Ins Co.,6701942272.615001,13,35.80938809441937,3395593914.924079,60648836.524104446,1,0.9811320754716981,13498477068.935097,304390140.0,8144762923.3611965,539937478.65,359958319.1,539937478.65,359958319.1,8175015274.962097,11616015274.962097,3441000000.0,1395853723.0,1395853723.0,0.0,False,15172832120.877323,15172832120.877323,0.0,1.0,10604592311.704523,4568239809.172799,2294159864.113981,0.0,14,9464500000.0,9464500000.0,66
great_miami,baseline,,1926255N15314,"{""1926255N15314"": 0.5072839896256506}",170354720952.15982,86418222496.17606,83936498455.98376,6562714272.931192,45851722796.65399,0.0,26206788172.181072,7796997254.409792,6562714272.931192,45851722796.65399,24631024432.603424,59305474023.38034,15.383658301750641,4.57691880261974,3.852381804419837,26.915440053774848,14.458668532890542,34.81293250454439,26206788172.181072,7796997254.409792,24631024432.603424,20,13,7,Universal P&C Insurance Co.;Florida Family Insurance Co.;First Protective Insurance Co.;Cypress P&C Insurance Co.;Tower Hill Insurance Exchange;Kin Interinsurance Network;Florida Family Home Ins Co.;US Coastal P&C Insurance Co.;TypTap Insurance Co.;Homeowners Choice P&C Ins Co.;Edison Insurance Co.;Safe Harbor Insurance Co.;GeoVera Specialty Insurance Co;FL Farm Bureau General Ins Co.;Homesite Insurance Co.;State Farm FL Ins Co;AIG Property Casualty Co.;ASI Preferred Insurance Corp.;Castle Key Indemnity Co.;First Liberty Insurance Corp.,Universal P&C Insurance Co.;Florida Family Insurance Co.;First Protective Insurance Co.;Cypress P&C Insurance Co.;Tower Hill Insurance Exchange;Kin Interinsurance Network;Florida Family Home Ins Co.;US Coastal P&C Insurance Co.;TypTap Insurance Co.;Homeowners Choice P&C Ins Co.;Edison Insurance Co.;Safe Harbor Insurance Co.;GeoVera Specialty Insurance Co,1533555159.0359347,7,28.889501145391137,710354444.8308816,0.0,0,1.0,1890820239.5558305,380808540.0,2146055539.3333802,539937478.65,359958319.1,539937478.65,359958319.1,21190024432.603424,24631024432.603424,3441000000.0,1395853723.0,1395853723.0,0.0,False,14751990993.381659,14751990993.381659,0.0,1.0,10183751184.208858,4568239809.1728,2082674097.4942217,0.0,13,9464500000.0,9464500000.0,67
great_miami,baseline,,1926255N15314,"{""1926255N15314"": 0.7721947603086203}",170354720952.1598,131547022913.09496,38807698039.064835,19306843428.179688,67051676475.16996,0.0,35417476170.35681,9771026839.388508,19306843428.179688,67051676475.16996,11443973716.435415,27363724322.629417,20.790428332363618,5.735694781321897,11.333318689536975,39.36003422763956,6.717732066638289,16.06279190249966,35417476170.35681,9771026839.388508,11443973716.435415,28,18,10,Universal P&C Insurance Co.;Florida Family Insurance Co.;First Protective Insurance Co.;Cypress P&C Insurance Co.;Florida Peninsula Insurance Co;Tower Hill Insurance Exchange;Kin Interinsurance Network;Heritage P&C Insurance Co.;Florida Family Home Ins Co.;US Coastal P&C Insurance Co.;TypTap Insurance Co.;Homeowners Choice P&C Ins Co.;Edison Insurance Co.;Safe Harbor Insurance Co.;GeoVera Specialty Insurance Co;Florida Farm Bureau Cas Ins Co;Universal North America Ins Co;Auto Club Insurance Co. of FL;American Platinum P&C Ins Co.;FL Farm Bureau General Ins Co.;Castle Key Insurance Co.;Homesite Insurance Co.;State Farm FL Ins Co;AIG Property Casualty Co.;ASI Preferred Insurance Corp.;ACE Ins Co. of the Midwest;Castle Key Indemnity Co.;First Liberty Insurance Corp.,Universal P&C Insurance Co.;Florida Family Insurance Co.;First Protective Insurance Co.;Cypress P&C Insurance Co.;Florida Peninsula Insurance Co;Tower Hill Insurance Exchange;Kin Interinsurance Network;Heritage P&C Insurance Co.;Florida Family Home Ins Co.;US Coastal P&C Insurance Co.;TypTap Insurance Co.;Homeowners Choice P&C Ins Co.;Edison Insurance Co.;Safe Harbor Insurance Co.;GeoVera Specialty Insurance Co;Florida Farm Bureau Cas Ins Co;Universal North America Ins Co;American Platinum P&C Ins Co.,2624873980.4335794,10,35.166819401784345,1751909870.881364,11249752.322964817,1,0.9811320754716981,5561770669.374934,311486220.0,4114199422.9319186,539937478.65,359958319.1,539937478.65,359958319.1,8002973716.435415,11443973716.435415,3441000000.0,1395853723.0,1395853723.0,0.0,False,15134003681.200623,15134003681.200623,0.0,1.0,10565763872.027822,4568239809.1728,2086623603.9299326,0.0,13,9464500000.0,9464500000.0,68
great_miami,baseline,,1926255N15314,"{""1926255N15314"": 0.8972834435895669}",170354720952.15982,152856470647.69373,17498250304.466087,30710366125.342773,81375889570.94328,0.0,32898439607.080807,7871775344.32687,30710366125.342773,81375889570.94328,5217157018.149454,12281093286.31663,19.311727566575378,4.620814322215042,18.027305585483052,47.76849688468324,3.0625256458930608,7.2091299951502315,32898439607.080807,7871775344.32687,5217157018.149454,27,18,9,Universal P&C Insurance Co.;Florida Family Insurance Co.;First Protective Insurance Co.;Cypress P&C Insurance Co.;Florida Peninsula Insurance Co;Tower Hill Insurance Exchange;Kin Interinsurance Network;Heritage P&C Insurance Co.;Florida Family Home Ins Co.;US Coastal P&C Insurance Co.;TypTap Insurance Co.;Homeowners Choice P&C Ins Co.;Edison Insurance Co.;Safe Harbor Insurance Co.;GeoVera Specialty Insurance Co;Florida Farm Bureau Cas Ins Co;Universal North America Ins Co;Auto Club Insurance Co. of FL;American Platinum P&C Ins Co.;FL Farm Bureau General Ins Co.;Homesite Insurance Co.;State Farm FL Ins Co;AIG Property Casualty Co.;ASI Preferred Insurance Corp.;ACE Ins Co. of the Midwest;Castle Key Indemnity Co.;First Liberty Insurance Corp.,Universal P&C Insurance Co.;Florida Family Insurance Co.;First Protective Insurance Co.;Cypress P&C Insurance Co.;Florida Peninsula Insurance Co;Tower Hill Insurance Exchange;Kin Interinsurance Network;Heritage P&C Insurance Co.;Florida Family Home Ins Co.;US Coastal P&C Insurance Co.;TypTap Insurance Co.;Homeowners Choice P&C Ins Co.;Edison Insurance Co.;Safe Harbor Insurance Co.;GeoVera Specialty Insurance Co;Florida Farm Bureau Cas Ins Co;Universal North America Ins Co;American Platinum P&C Ins Co.,2834670239.7948594,9,35.166819401784345,1618348112.7424777,12139452.254197456,1,0.9811320754716981,4810061957.334598,311486220.0,2263933584.2744446,539937478.65,359958319.1,539937478.65,359958319.1,1776157018.149454,5217157018.149454,3441000000.0,1395853723.0,1395853723.0,0.0,False,14995732921.422161,14995732921.422161,0.0,1.0,10427493112.249361,4568239809.1728,2086427535.5608306,0.0,13,9464500000.0,9464500000.0,69
great_miami,baseline,,1926255N15314,"{""1926255N15314"": 0.7511180018828909}",170354720952.15985,127956497612.90378,42398223339.25608,38142140111.29995,60903362573.65914,0.0,23671054446.576096,5239940481.368545,38142140111.29995,60903362573.65914,12493158245.912848,29905065093.343216,13.895156127327729,3.07589977670185,22.389834515951737,35.75090976830776,7.3336143407620975,17.554585470948794,23671054446.576096,5239940481.368545,12493158245.912848,21,14,7,Universal P&C Insurance Co.;Florida Family Insurance Co.;First Protective Insurance Co.;Cypress P&C Insurance Co.;Tower Hill Insurance Exchange;Kin Interinsurance Network;Florida Family Home Ins Co.;US Coastal P&C Insurance Co.;TypTap Insurance Co.;Homeowners Choice P&C Ins Co.;Edison Insurance Co.;Safe Harbor Insurance Co.;GeoVera Specialty Insurance Co;Universal North America Ins Co;FL Farm Bureau General Ins Co.;Homesite Insurance Co.;State Farm FL Ins Co;AIG Property Casualty Co.;ASI Preferred Insurance Corp.;Castle Key Indemnity Co.;First Liberty Insurance Corp.,Universal P&C Insurance Co.;Florida Family Insurance Co.;First Protective Insurance Co.;Cypress P&C Insurance Co.;Tower Hill Insurance Exchange;Kin Interinsurance Network;Florida Family Home Ins Co.;US Coastal P&C Insurance Co.;TypTap Insurance Co.;Homeowners Choice P&C Ins Co.;Edison Insurance Co.;Safe Harbor Insurance Co.;GeoVera Specialty Insurance Co;Universal North America Ins Co,953500402.012003,7,29.203227969374158,557637513.7337086,0.0,0,1.0,1466207302.9427938,377343960.0,1429035385.8962536,539937478.65,359958319.1,539937478.65,359958319.1,9052158245.912848,12493158245.912848,3441000000.0,1395853723.0,1395853723.0,0.0,False,12692082676.594105,12692082676.594105,0.0,1.0,9948867001.308073,2743215675.2860312,1999393808.1151497,0.0,13,9464500000.0,9464500000.0,70
great_miami,baseline,,1926255N15314,"{""1926255N15314"": 0.6195681555601533}",170354720952.1598,105546360251.29428,64808360700.865524,28025652937.048237,49976770315.24914,0.0,23145825323.736362,4398111675.260537,28025652937.048237,49976770315.24914,19041606580.7603,45766754120.10524,13.586841147910622,2.581737477352122,16.451350910855357,29.33688601989725,11.17762189056545,26.865562553419213,23145825323.736362,4398111675.260537,19041606580.7603,20,12,8,Universal P&C Insurance Co.;Florida Family Insurance Co.;First Protective Insurance Co.;Cypress P&C Insurance Co.;Tower Hill Insurance Exchange;Kin Interinsurance Network;Florida Family Home Ins Co.;TypTap Insurance Co.;Homeowners Choice P&C Ins Co.;Edison Insurance Co.;Safe Harbor Insurance Co.;GeoVera Specialty Insurance Co;Auto Club Insurance Co. of FL;FL Farm Bureau General Ins Co.;Homesite Insurance Co.;State Farm FL Ins Co;AIG Property Casualty Co.;ASI Preferred Insurance Corp.;Castle Key Indemnity Co.;First Liberty Insurance Corp.,Universal P&C Insurance Co.;Florida Family Insurance Co.;First Protective Insurance Co.;Cypress P&C Insurance Co.;Tower Hill Insurance Exchange;Kin Interinsurance Network;Florida Family Home Ins Co.;TypTap Insurance Co.;Homeowners Choice P&C Ins Co.;Edison Insurance Co.;Safe Harbor Insurance Co.;GeoVera Specialty Insurance Co,865754043.3138044,8,28.525995730733356,557014979.5968735,0.0,0,1.0,1277437667.9552455,384822840.0,1416507565.020969,539937478.65,359958319.1,539937478.65,359958319.1,15600606580.7603,19041606580.7603,3441000000.0,1395853723.0,1395853723.0,0.0,False,11766134080.30357,11766134080.30357,0.0,1.0,9856328923.064466,1909805157.2391038,1738602082.5210867,0.0,13,9464500000.0,9464500000.0,71
great_miami,baseline,,1926255N15314,"{""1926255N15314"": 0.7805732753494328}",170354720952.1598,132974342504.86601,37380378447.29378,29705884383.322956,52695059449.21564,0.0,39925195019.39222,10648203652.935219,29705884383.322956,52695059449.21564,11026897798.817877,26353480648.475903,23.436506365212086,6.250606730133133,17.43766431437211,30.932550125225962,6.472904147995129,15.469768317061593,39925195019.39222,10648203652.935219,11026897798.817877,29,19,10,Universal P&C Insurance Co.;Florida Family Insurance Co.;First Protective Insurance Co.;Cypress P&C Insurance Co.;Florida Peninsula Insurance Co;Tower Hill Insurance Exchange;Kin Interinsurance Network;Heritage P&C Insurance Co.;Florida Family Home Ins Co.;US Coastal P&C Insurance Co.;TypTap Insurance Co.;Homeowners Choice P&C Ins Co.;Vault E&S Insurance Co.;Edison Insurance Co.;Safe Harbor Insurance Co.;GeoVera Specialty Insurance Co;Florida Farm Bureau Cas Ins Co;Universal North America Ins Co;Auto Club Insurance Co. of FL;American Platinum P&C Ins Co.;FL Farm Bureau General Ins Co.;Castle Key Insurance Co.;Homesite Insurance Co.;State Farm FL Ins Co;AIG Property Casualty Co.;ASI Preferred Insurance Corp.;ACE Ins Co. of the Midwest;Castle Key Indemnity Co.;First Liberty Insurance Corp.,Universal P&C Insurance Co.;Florida Family Insurance Co.;First Protective Insurance Co.;Cypress P&C Insurance Co.;Florida Peninsula Insurance Co;Tower Hill Insurance Exchange;Kin Interinsurance Network;Heritage P&C Insurance Co.;Florida Family Home Ins Co.;US Coastal P&C Insurance Co.;TypTap Insurance Co.;Homeowners Choice P&C Ins Co.;Vault E&S Insurance Co.;Edison Insurance Co.;Safe Harbor Insurance Co.;GeoVera Specialty Insurance Co;Florida Farm Bureau Cas Ins Co;Universal North America Ins Co;American Platinum P&C Ins Co.,3828879973.652749,10,35.41856476294073,2044868853.567553,25138454.53065853,1,0.9811320754716981,7788027355.120377,308706120.0,4992991042.421804,539937478.65,359958319.1,539937478.65,359958319.1,7585897798.817877,11026897798.817877,3441000000.0,1395853723.0,1395853723.0,0.0,False,15148624581.956772,15148624581.956772,0.0,1.0,10580384772.783972,4568239809.1728,2086730089.6992302,0.0,13,9464500000.0,9464500000.0,72
great_miami,baseline,,1926255N15314,"{""1926255N15314"": 0.8113186630835375}",170354720952.15982,138211964452.87543,32142756499.284397,14510750512.691513,65521294357.69581,0.0,46645168154.27743,11534751428.210651,14510750512.691513,65521294357.69581,9496416473.756544,22646340025.52785,27.38120076365635,6.771019531328351,8.517962068551373,38.46168394481768,5.574495629283671,13.293638062362565,46645168154.27743,11534751428.210651,9496416473.756544,31,20,11,Universal P&C Insurance Co.;Florida Family Insurance Co.;First Protective Insurance Co.;Cypress P&C Insurance Co.;Florida Peninsula Insurance Co;Tower Hill Insurance Exchange;Kin Interinsurance Network;Heritage P&C Insurance Co.;Florida Family Home Ins Co.;US Coastal P&C Insurance Co.;TypTap Insurance Co.;Homeowners Choice P&C Ins Co.;Vault E&S Insurance Co.;Edison Insurance Co.;Safe Harbor Insurance Co.;Spinnaker Specialty Ins Co.;GeoVera Specialty Insurance Co;Florida Farm Bureau Cas Ins Co;Universal North America Ins Co;Auto Club Insurance Co. of FL;American Platinum P&C Ins Co.;FL Farm Bureau General Ins Co.;Castle Key Insurance Co.;Homesite Insurance Co.;State Farm FL Ins Co;AIG Property Casualty Co.;ASI Preferred Insurance Corp.;Nationwide P&C Insurance Co.;ACE Ins Co. of the Midwest;Castle Key Indemnity Co.;First Liberty Insurance Corp.,Universal P&C Insurance Co.;Florida Family Insurance Co.;First Protective Insurance Co.;Cypress P&C Insurance Co.;Florida Peninsula Insurance Co;Tower Hill Insurance Exchange;Kin Interinsurance Network;Heritage P&C Insurance Co.;Florida Family Home Ins Co.;US Coastal P&C Insurance Co.;TypTap Insurance Co.;Homeowners Choice P&C Ins Co.;Vault E&S Insurance Co.;Edison Insurance Co.;Safe Harbor Insurance Co.;Spinnaker Specialty Ins Co.;GeoVera Specialty Insurance Co;Florida Farm Bureau Cas Ins Co;Universal North America Ins Co;American Platinum P&C Ins Co.,5178267616.250904,11,35.50755988575808,2738596411.287107,22520816.11619076,1,0.9811320754716981,9619968334.437792,307723320.0,5890100801.85151,539937478.65,359958319.1,539937478.65,359958319.1,6055416473.756544,9496416473.756544,3441000000.0,1395853723.0,1395853723.0,0.0,False,15160930665.855408,15160930665.855408,0.0,1.0,10592690856.68261,4568239809.172798,2220661148.60928,0.0,14,9464500000.0,9464500000.0,73
great_miami,baseline,,1926255N15314,"{""1926255N15314"": 0.6261246435800641}",170354720952.1598,106663288938.35233,63691432013.80747,18355831800.907375,37158708492.742516,0.0,39489588415.06709,11659160229.635368,18355831800.907375,37158708492.742516,18715229741.43585,44976202272.37161,23.18080073997881,6.844048796810025,10.775064934104286,21.812549887113306,10.986035277937258,26.40150036405633,39489588415.06709,11659160229.635368,18715229741.43585,29,18,11,Universal P&C Insurance Co.;Florida Family Insurance Co.;First Protective Insurance Co.;Cypress P&C Insurance Co.;Florida Peninsula Insurance Co;Tower Hill Insurance Exchange;Kin Interinsurance Network;Heritage P&C Insurance Co.;Florida Family Home Ins Co.;US Coastal P&C Insurance Co.;TypTap Insurance Co.;Homeowners Choice P&C Ins Co.;Edison Insurance Co.;Safe Harbor Insurance Co.;GeoVera Specialty Insurance Co;Florida Farm Bureau Cas Ins Co;Universal North America Ins Co;Auto Club Insurance Co. of FL;American Platinum P&C Ins Co.;FL Farm Bureau General Ins Co.;Castle Key Insurance Co.;Homesite Insurance Co.;State Farm FL Ins Co;AIG Property Casualty Co.;ASI Preferred Insurance Corp.;Nationwide P&C Insurance Co.;ACE Ins Co. of the Midwest;Castle Key Indemnity Co.;First Liberty Insurance Corp.,Universal P&C Insurance Co.;Florida Family Insurance Co.;First Protective Insurance Co.;Cypress P&C Insurance Co.;Florida Peninsula Insurance Co;Tower Hill Insurance Exchange;Kin Interinsurance Network;Heritage P&C Insurance Co.;Florida Family Home Ins Co.;US Coastal P&C Insurance Co.;TypTap Insurance Co.;Homeowners Choice P&C Ins Co.;Edison Insurance Co.;Safe Harbor Insurance Co.;GeoVera Specialty Insurance Co;Florida Farm Bureau Cas Ins Co;Universal North America Ins Co;American Platinum P&C Ins Co.,3592659532.043084,11,35.166819401784345,1921665648.5367107,23658771.903081924,1,0.9811320754716981,7108420736.955553,311486220.0,5976309344.675279,539937478.65,359958319.1,539937478.65,359958319.1,15274229741.435848,18715229741.43585,3441000000.0,1395853723.0,1395853723.0,0.0,False,15151760777.999077,15151760777.999077,0.0,1.0,10583520968.826277,4568239809.1728,2086775790.3584042,0.0,13,9464500000.0,9464500000.0,74
great_miami,baseline,,1926255N15314,"{""1926255N15314"": 0.7734745087727868}",170354720952.1598,131765034105.59697,38589686846.56281,43339291442.685196,46616162122.9544,0.0,32397628926.2945,9411951613.662918,43339291442.685196,46616162122.9544,11380268840.0448,27209418006.518013,19.017746467614845,5.524913874447923,25.440616614819874,27.364173920396063,6.680336639006727,15.972212483714584,32397628926.2945,9411951613.662918,11380268840.0448,26,17,9,Universal P&C Insurance Co.;Florida Family Insurance Co.;First Protective Insurance Co.;Cypress P&C Insurance Co.;Florida Peninsula Insurance Co;Tower Hill Insurance Exchange;Kin Interinsurance Network;Florida Family Home Ins Co.;US Coastal P&C Insurance Co.;TypTap Insurance Co.;Homeowners Choice P&C Ins Co.;Edison Insurance Co.;Safe Harbor Insurance Co.;GeoVera Specialty Insurance Co;Florida Farm Bureau Cas Ins Co;Universal North America Ins Co;Auto Club Insurance Co. of FL;American Platinum P&C Ins Co.;FL Farm Bureau General Ins Co.;Homesite Insurance Co.;State Farm FL Ins Co;AIG Property Casualty Co.;ASI Preferred Insurance Corp.;ACE Ins Co. of the Midwest;Castle Key Indemnity Co.;First Liberty Insurance Corp.,Universal P&C Insurance Co.;Florida Family Insurance Co.;First Protective Insurance Co.;Cypress P&C Insurance Co.;Florida Peninsula Insurance Co;Tower Hill Insurance Exchange;Kin Interinsurance Network;Florida Family Home Ins Co.;US Coastal P&C Insurance Co.;TypTap Insurance Co.;Homeowners Choice P&C Ins Co.;Edison Insurance Co.;Safe Harbor Insurance Co.;GeoVera Specialty Insurance Co;Florida Farm Bureau Cas Ins Co;Universal North America Ins Co;American Platinum P&C Ins Co.,2538150188.5498023,9,33.145293557041065,1268919714.5794067,10537155.782293797,1,0.9811320754716981,4198083190.1114216,333810540.0,3746252682.493108,539937478.65,359958319.1,539937478.65,359958319.1,7939268840.0448,11380268840.0448,3441000000.0,1395853723.0,1395853723.0,0.0,False,15085764836.729221,15085764836.729221,0.0,1.0,10517525027.55642,4568239809.172801,2086304346.3919337,0.0,13,9464500000.0,9464500000.0,75
great_miami,baseline,,1926255N15314,"{""1926255N15314"": 0.8713299469341184}",170354720952.15985,148435169967.22202,21919550984.937828,33018192528.134052,68772332015.24513,0.0,36723844857.62265,9920800566.220144,33018192528.134052,68772332015.24513,6509101757.7873955,15410449227.150434,21.557280392561402,5.823613522871591,19.382023781663463,40.370076996315376,3.82091069822205,9.046094608366092,36723844857.62265,9920800566.220144,6509101757.7873955,28,18,10,Universal P&C Insurance Co.;Florida Family Insurance Co.;First Protective Insurance Co.;Cypress P&C Insurance Co.;Florida Peninsula Insurance Co;Tower Hill Insurance Exchange;Kin Interinsurance Network;Heritage P&C Insurance Co.;Florida Family Home Ins Co.;US Coastal P&C Insurance Co.;TypTap Insurance Co.;Homeowners Choice P&C Ins Co.;Edison Insurance Co.;Safe Harbor Insurance Co.;GeoVera Specialty Insurance Co;Florida Farm Bureau Cas Ins Co;Universal North America Ins Co;Auto Club Insurance Co. of FL;American Platinum P&C Ins Co.;FL Farm Bureau General Ins Co.;Castle Key Insurance Co.;Homesite Insurance Co.;State Farm FL Ins Co;AIG Property Casualty Co.;ASI Preferred Insurance Corp.;ACE Ins Co. of the Midwest;Castle Key Indemnity Co.;First Liberty Insurance Corp.,Universal P&C Insurance Co.;Florida Family Insurance Co.;First Protective Insurance Co.;Cypress P&C Insurance Co.;Florida Peninsula Insurance Co;Tower Hill Insurance Exchange;Kin Interinsurance Network;Heritage P&C Insurance Co.;Florida Family Home Ins Co.;US Coastal P&C Insurance Co.;TypTap Insurance Co.;Homeowners Choice P&C Ins Co.;Edison Insurance Co.;Safe Harbor Insurance Co.;GeoVera Specialty Insurance Co;Florida Farm Bureau Cas Ins Co;Universal North America Ins Co;American Platinum P&C Ins Co.,2844264174.6488433,10,35.166819401784345,2255150380.0494213,6647862.242284626,1,0.9811320754716981,6432420197.349437,311486220.0,4267581415.3527923,539937478.65,359958319.1,539937478.65,359958319.1,3068101757.7873955,6509101757.7873955,3441000000.0,1395853723.0,1395853723.0,0.0,False,15122171297.621002,15122171297.621002,0.0,1.0,10553931488.448202,4568239809.172801,2102566698.2233217,0.0,14,9464500000.0,9464500000.0,76
great_miami,baseline,,1926255N15314,"{""1926255N15314"": 0.7975365075718626}",170354720952.15982,135864109196.56476,34490611755.595055,15483726393.748175,49352302855.96261,0.0,54121951384.04828,16906128562.805708,15483726393.748175,49352302855.96261,10182481382.487926,24308130373.10712,31.770150590218847,9.924073995902587,9.089109070300683,28.970317100764152,5.977222894425944,14.269126348387784,54121951384.04828,16906128562.805708,10182481382.487926,35,22,13,Universal P&C Insurance Co.;Florida Family Insurance Co.;First Protective Insurance Co.;Cypress P&C Insurance Co.;Florida Peninsula Insurance Co;Tower Hill Insurance Exchange;Kin Interinsurance Network;Unique Insurance Co.;Heritage P&C Insurance Co.;Florida Family Home Ins Co.;US Coastal P&C Insurance Co.;TypTap Insurance Co.;Homeowners Choice P&C Ins Co.;Vault E&S Insurance Co.;Edison Insurance Co.;Safe Harbor Insurance Co.;Spinnaker Specialty Ins Co.;GeoVera Specialty Insurance Co;Florida Farm Bureau Cas Ins Co;Universal North America Ins Co;QBE Specialty Insurance Co.;Auto Club Insurance Co. of FL;American Platinum P&C Ins Co.;FL Farm Bureau General Ins Co.;Castle Key Insurance Co.;Homesite Insurance Co.;PURE Specialty Exchange;State Farm FL Ins Co;AIG Property Casualty Co.;Foremost P&C Insurance Co.;ASI Preferred Insurance Corp.;Nationwide P&C Insurance Co.;ACE Ins Co. of the Midwest;Castle Key Indemnity Co.;First Liberty Insurance Corp.,Universal P&C Insurance Co.;Florida Family Insurance Co.;First Protective Insurance Co.;Cypress P&C Insurance Co.;Florida Peninsula Insurance Co;Tower Hill Insurance Exchange;Kin Interinsurance Network;Unique Insurance Co.;Heritage P&C Insurance Co.;Florida Family Home Ins Co.;US Coastal P&C Insurance Co.;TypTap Insurance Co.;Homeowners Choice P&C Ins Co.;Vault E&S Insurance Co.;Edison Insurance Co.;Safe Harbor Insurance Co.;Spinnaker Specialty Ins Co.;GeoVera Specialty Insurance Co;Florida Farm Bureau Cas Ins Co;Universal North America Ins Co;QBE Specialty Insurance Co.;American Platinum P&C Ins Co.,5966690780.089781,13,35.89838321723671,3424382038.4761868,56056744.77273922,1,0.9811320754716981,13668337025.439745,303407340.0,11197216792.54924,539937478.65,359958319.1,539937478.65,359958319.1,6741481382.4879265,10182481382.487926,3441000000.0,1395853723.0,1395853723.0,0.0,False,15174134293.507828,15174134293.507828,0.0,1.0,10605894484.335028,4568239809.1728,2265016342.6117973,0.0,14,9464500000.0,9464500000.0,77
great_miami,baseline,,1926255N15314,"{""1926255N15314"": 0.9617659694888262}",170354720952.15982,163841373353.55246,6513347598.607365,28984448036.94009,70526470114.45323,0.0,45696154208.69304,18634300993.466103,28984448036.94009,70526470114.45323,2007267374.3728318,4506080224.234531,26.82411966823376,10.938529257841417,17.014173645988773,41.399774376818684,1.1782869081371254,2.645116142980246,45696154208.69304,18634300993.466103,2007267374.3728318,31,20,11,Universal P&C Insurance Co.;Florida Family Insurance Co.;First Protective Insurance Co.;Cypress P&C Insurance Co.;Florida Peninsula Insurance Co;Tower Hill Insurance Exchange;Kin Interinsurance Network;Heritage P&C Insurance Co.;Florida Family Home Ins Co.;US Coastal P&C Insurance Co.;TypTap Insurance Co.;Homeowners Choice P&C Ins Co.;Vault E&S Insurance Co.;Edison Insurance Co.;Safe Harbor Insurance Co.;GeoVera Specialty Insurance Co;Florida Farm Bureau Cas Ins Co;Universal North America Ins Co;QBE Specialty Insurance Co.;Auto Club Insurance Co. of FL;American Platinum P&C Ins Co.;FL Farm Bureau General Ins Co.;Castle Key Insurance Co.;Homesite Insurance Co.;State Farm FL Ins Co;AIG Property Casualty Co.;ASI Preferred Insurance Corp.;Nationwide P&C Insurance Co.;ACE Ins Co. of the Midwest;Castle Key Indemnity Co.;First Liberty Insurance Corp.,Universal P&C Insurance Co.;Florida Family Insurance Co.;First Protective Insurance Co.;Cypress P&C Insurance Co.;Florida Peninsula Insurance Co;Tower Hill Insurance Exchange;Kin Interinsurance Network;Heritage P&C Insurance Co.;Florida Family Home Ins Co.;US Coastal P&C Insurance Co.;TypTap Insurance Co.;Homeowners Choice P&C Ins Co.;Vault E&S Insurance Co.;Edison Insurance Co.;Safe Harbor Insurance Co.;GeoVera Specialty Insurance Co;Florida Farm Bureau Cas Ins Co;Universal North America Ins Co;QBE Specialty Insurance Co.;American Platinum P&C Ins Co.,4845478680.887947,11,35.71378625186174,2260643077.3278136,35927019.41513679,1,0.9811320754716981,9595969464.886814,305445900.0,12854382939.97405,539937478.65,359958319.1,539937478.65,359958319.1,0.0,2007267374.3728318,2007267374.3728318,1395853723.0,1395853723.0,0.0,False,15155118811.069813,15155118811.069813,0.0,1.0,10586879001.897015,4568239809.172799,2268683236.729937,0.0,14,9464500000.0,9464500000.0,78
great_miami,baseline,,1926255N15314,"{""1926255N15314"": 0.5221685319048178}",170354720952.1598,88953874542.64421,81400846409.5156,14747028811.010424,50704626551.80086,0.0,19922860132.81574,3579359047.017199,14747028811.010424,50704626551.80086,23890083573.852055,57510762835.66354,11.694926927449586,2.10112113536459,8.656659896823045,29.76414523084458,14.023728512085695,33.75941829743252,19922860132.81574,3579359047.017199,23890083573.852055,17,12,5,Universal P&C Insurance Co.;Florida Family Insurance Co.;First Protective Insurance Co.;Cypress P&C Insurance Co.;Tower Hill Insurance Exchange;Kin Interinsurance Network;Florida Family Home Ins Co.;TypTap Insurance Co.;Homeowners Choice P&C Ins Co.;Edison Insurance Co.;Safe Harbor Insurance Co.;GeoVera Specialty Insurance Co;FL Farm Bureau General Ins Co.;State Farm FL Ins Co;AIG Property Casualty Co.;ASI Preferred Insurance Corp.;Castle Key Indemnity Co.,Universal P&C Insurance Co.;Florida Family Insurance Co.;First Protective Insurance Co.;Cypress P&C Insurance Co.;Tower Hill Insurance Exchange;Kin Interinsurance Network;Florida Family Home Ins Co.;TypTap Insurance Co.;Homeowners Choice P&C Ins Co.;Edison Insurance Co.;Safe Harbor Insurance Co.;GeoVera Specialty Insurance Co,491653916.2458278,5,28.525995730733356,265872971.3520491,0.0,0,1.0,869639787.9194326,384822840.0,1375215075.6635928,539937478.65,359958319.1,539937478.65,359958319.1,20449083573.852055,23890083573.852055,3441000000.0,1395853723.0,1395853723.0,0.0,False,10315767233.063986,10315767233.063986,0.0,1.0,9216527177.785788,1099240055.278199,1698008693.2411723,0.0,13,9464500000.0,9464500000.0,79
great_miami,baseline,,1926255N15314,"{""1926255N15314"": 0.5858415221998873}",170354720952.15985,99800869036.55037,70553851915.60947,23142689848.22657,41922420248.64972,0.0,25929226290.753147,8806532648.920929,23142689848.22657,41922420248.64972,20720491978.51443,49833359937.095024,15.2207265791212,5.1695266205120545,13.585000591046523,24.608898429308958,12.163145149545516,29.252702630465734,25929226290.753147,8806532648.920929,20720491978.51443,22,14,8,Universal P&C Insurance Co.;Florida Family Insurance Co.;First Protective Insurance Co.;Cypress P&C Insurance Co.;Tower Hill Insurance Exchange;Kin Interinsurance Network;Florida Family Home Ins Co.;US Coastal P&C Insurance Co.;TypTap Insurance Co.;Homeowners Choice P&C Ins Co.;Edison Insurance Co.;Safe Harbor Insurance Co.;GeoVera Specialty Insurance Co;Auto Club Insurance Co. of FL;American Platinum P&C Ins Co.;FL Farm Bureau General Ins Co.;Homesite Insurance Co.;State Farm FL Ins Co;AIG Property Casualty Co.;ASI Preferred Insurance Corp.;Castle Key Indemnity Co.;First Liberty Insurance Corp.,Universal P&C Insurance Co.;Florida Family Insurance Co.;First Protective Insurance Co.;Cypress P&C Insurance Co.;Tower Hill Insurance Exchange;Kin Interinsurance Network;Florida Family Home Ins Co.;US Coastal P&C Insurance Co.;TypTap Insurance Co.;Homeowners Choice P&C Ins Co.;Edison Insurance Co.;Safe Harbor Insurance Co.;GeoVera Specialty Insurance Co;American Platinum P&C Ins Co.,1412582533.1978097,8,29.04685082499511,878676809.1308329,591690.2817114517,1,0.9811320754716981,2101727507.8296733,379070880.0,3107641574.4233575,539937478.65,359958319.1,539937478.65,359958319.1,17279491978.51443,20720491978.51443,3441000000.0,1395853723.0,1395853723.0,0.0,False,14715695086.458725,14715695086.458725,0.0,1.0,10147455277.285927,4568239809.172799,2003655662.9210637,0.0,13,9464500000.0,9464500000.0,80
great_miami,baseline,,1926255N15314,"{""1926255N15314"": 0.6827510592638072}",170354720952.1598,116309866180.67741,54044854771.48238,27095044386.22562,42876934106.71288,0.0,36689947862.27026,9647939825.468658,27095044386.22562,42876934106.71288,15896411112.162436,38148443659.31995,21.537382502345675,5.663441418907352,15.905073974342422,25.169208030785295,9.331359309159726,22.39353476445954,36689947862.27026,9647939825.468658,15896411112.162436,27,18,9,Universal P&C Insurance Co.;Florida Family Insurance Co.;First Protective Insurance Co.;Cypress P&C Insurance Co.;Florida Peninsula Insurance Co;Tower Hill Insurance Exchange;Kin Interinsurance Network;Heritage P&C Insurance Co.;Florida Family Home Ins Co.;US Coastal P&C Insurance Co.;TypTap Insurance Co.;Homeowners Choice P&C Ins Co.;Edison Insurance Co.;Safe Harbor Insurance Co.;GeoVera Specialty Insurance Co;Florida Farm Bureau Cas Ins Co;Universal North America Ins Co;Auto Club Insurance Co. of FL;American Platinum P&C Ins Co.;FL Farm Bureau General Ins Co.;Homesite Insurance Co.;State Farm FL Ins Co;AIG Property Casualty Co.;ASI Preferred Insurance Corp.;ACE Ins Co. of the Midwest;Castle Key Indemnity Co.;First Liberty Insurance Corp.,Universal P&C Insurance Co.;Florida Family Insurance Co.;First Protective Insurance Co.;Cypress P&C Insurance Co.;Florida Peninsula Insurance Co;Tower Hill Insurance Exchange;Kin Interinsurance Network;Heritage P&C Insurance Co.;Florida Family Home Ins Co.;US Coastal P&C Insurance Co.;TypTap Insurance Co.;Homeowners Choice P&C Ins Co.;Edison Insurance Co.;Safe Harbor Insurance Co.;GeoVera Specialty Insurance Co;Florida Farm Bureau Cas Ins Co;Universal North America Ins Co;American Platinum P&C Ins Co.,3173992597.2825365,9,35.166819401784345,1891980460.3661366,7278170.269663498,1,0.9811320754716981,5801260705.412714,311486220.0,4002431788.635781,539937478.65,359958319.1,539937478.65,359958319.1,12455411112.162436,15896411112.162436,3441000000.0,1395853723.0,1395853723.0,0.0,False,15121801734.755753,15121801734.755753,0.0,1.0,10553561925.582952,4568239809.1728,2090336526.0093858,0.0,14,9464500000.0,9464500000.0,81
great_miami,baseline,,1926255N15314,"{""1926255N15314"": 0.8302383801025753}",170354720952.15982,141435027566.14743,28919693386.01239,27391301854.554874,52048244594.18276,0.0,44907069872.783165,17088411244.626646,27391301854.554874,52048244594.18276,8554607776.35111,20365085609.661278,26.360918923634806,10.031075833481323,16.078980201697544,30.55286305144388,5.021644089777514,11.954517899964944,44907069872.783165,17088411244.626646,8554607776.35111,29,18,11,Universal P&C Insurance Co.;Florida Family Insurance Co.;First Protective Insurance Co.;Cypress P&C Insurance Co.;Florida Peninsula Insurance Co;Tower Hill Insurance Exchange;Kin Interinsurance Network;Heritage P&C Insurance Co.;Florida Family Home Ins Co.;US Coastal P&C Insurance Co.;TypTap Insurance Co.;Homeowners Choice P&C Ins Co.;Edison Insurance Co.;Safe Harbor Insurance Co.;GeoVera Specialty Insurance Co;Florida Farm Bureau Cas Ins Co;Universal North America Ins Co;Auto Club Insurance Co. of FL;American Platinum P&C Ins Co.;FL Farm Bureau General Ins Co.;Castle Key Insurance Co.;Homesite Insurance Co.;State Farm FL Ins Co;AIG Property Casualty Co.;ASI Preferred Insurance Corp.;Nationwide P&C Insurance Co.;ACE Ins Co. of the Midwest;Castle Key Indemnity Co.;First Liberty Insurance Corp.,Universal P&C Insurance Co.;Florida Family Insurance Co.;First Protective Insurance Co.;Cypress P&C Insurance Co.;Florida Peninsula Insurance Co;Tower Hill Insurance Exchange;Kin Interinsurance Network;Heritage P&C Insurance Co.;Florida Family Home Ins Co.;US Coastal P&C Insurance Co.;TypTap Insurance Co.;Homeowners Choice P&C Ins Co.;Edison Insurance Co.;Safe Harbor Insurance Co.;GeoVera Specialty Insurance Co;Florida Farm Bureau Cas Ins Co;Universal North America Ins Co;American Platinum P&C Ins Co.,4170375384.8866863,11,35.166819401784345,2571872774.4323997,31404448.19921191,1,0.9811320754716981,9895781234.683054,311486220.0,11328890023.934008,539937478.65,359958319.1,539937478.65,359958319.1,5113607776.35111,8554607776.35111,3441000000.0,1395853723.0,1395853723.0,0.0,False,15160681389.018494,15160681389.018494,0.0,1.0,10592441579.845694,4568239809.172801,2169122951.53877,0.0,14,9464500000.0,9464500000.0,82
great_miami,baseline,,1926255N15314,"{""1926255N15314"": 0.5743109216172588}",170354720952.1598,97836576791.88585,72518144160.27394,18453932775.712387,34616877774.35678,0.0,35014501696.87543,9751264544.941282,18453932775.712387,34616877774.35678,21294476246.043396,51223667914.230545,20.55387810867211,5.724094108128474,10.832651230660494,20.320468714264827,12.500079907984151,30.06882793028996,35014501696.87543,9751264544.941282,21294476246.043396,27,18,9,Universal P&C Insurance Co.;Florida Family Insurance Co.;First Protective Insurance Co.;Cypress P&C Insurance Co.;Florida Peninsula Insurance Co;Tower Hill Insurance Exchange;Kin Interinsurance Network;Florida Family Home Ins Co.;US Coastal P&C Insurance Co.;TypTap Insurance Co.;Homeowners Choice P&C Ins Co.;Edison Insurance Co.;Safe Harbor Insurance Co.;GeoVera Specialty Insurance Co;Florida Farm Bureau Cas Ins Co;Universal North America Ins Co;Auto Club Insurance Co. of FL;American Platinum P&C Ins Co.;FL Farm Bureau General Ins Co.;Castle Key Insurance Co.;Homesite Insurance Co.;State Farm FL Ins Co;AIG Property Casualty Co.;ASI Preferred Insurance Corp.;ACE Ins Co. of the Midwest;Castle Key Indemnity Co.;First Liberty Insurance Corp.,Universal P&C Insurance Co.;Florida Family Insurance Co.;First Protective Insurance Co.;Cypress P&C Insurance Co.;Florida Peninsula Insurance Co;Tower Hill Insurance Exchange;Kin Interinsurance Network;Florida Family Home Ins Co.;US Coastal P&C Insurance Co.;TypTap Insurance Co.;Homeowners Choice P&C Ins Co.;Edison Insurance Co.;Safe Harbor Insurance Co.;GeoVera Specialty Insurance Co;Florida Farm Bureau Cas Ins Co;Universal North America Ins Co;American Platinum P&C Ins Co.;Castle Key Indemnity Co.,3125078981.175974,10,34.88341503081986,1901461233.1704588,13504281.540773913,1,0.9811320754716981,5650859475.872973,314615940.0,4093597081.9741435,539937478.65,359958319.1,539937478.65,359958319.1,17853476246.043396,21294476246.043396,3441000000.0,1395853723.0,1395853723.0,0.0,False,14958128201.982246,14958128201.982246,0.0,1.0,10389888392.809444,4568239809.172801,2086470821.2682383,0.0,13,9464500000.0,9464500000.0,83
great_miami,baseline,,1926255N15314,"{""1926255N15314"": 0.8800082849129307}",170354720952.15982,149913565811.9311,20441155140.228725,20796803682.365685,70127510964.48813,0.0,45199489837.1559,13789761327.92138,20796803682.365685,70127510964.48813,6077100889.103947,14364054251.124783,26.532572496097206,8.094733888703862,12.207940916533792,41.165581189958225,3.5673216774606207,8.431849831246293,45199489837.1559,13789761327.92138,6077100889.103947,31,20,11,Universal P&C Insurance Co.;Florida Family Insurance Co.;First Protective Insurance Co.;Cypress P&C Insurance Co.;Florida Peninsula Insurance Co;Tower Hill Insurance Exchange;Kin Interinsurance Network;Heritage P&C Insurance Co.;Florida Family Home Ins Co.;US Coastal P&C Insurance Co.;TypTap Insurance Co.;Homeowners Choice P&C Ins Co.;Vault E&S Insurance Co.;Edison Insurance Co.;Safe Harbor Insurance Co.;Spinnaker Specialty Ins Co.;GeoVera Specialty Insurance Co;Florida Farm Bureau Cas Ins Co;Universal North America Ins Co;Auto Club Insurance Co. of FL;American Platinum P&C Ins Co.;FL Farm Bureau General Ins Co.;Castle Key Insurance Co.;Homesite Insurance Co.;State Farm FL Ins Co;AIG Property Casualty Co.;ASI Preferred Insurance Corp.;Nationwide P&C Insurance Co.;ACE Ins Co. of the Midwest;Castle Key Indemnity Co.;First Liberty Insurance Corp.,Universal P&C Insurance Co.;Florida Family Insurance Co.;First Protective Insurance Co.;Cypress P&C Insurance Co.;Florida Peninsula Insurance Co;Tower Hill Insurance Exchange;Kin Interinsurance Network;Heritage P&C Insurance Co.;Florida Family Home Ins Co.;US Coastal P&C Insurance Co.;TypTap Insurance Co.;Homeowners Choice P&C Ins Co.;Vault E&S Insurance Co.;Edison Insurance Co.;Safe Harbor Insurance Co.;Spinnaker Specialty Ins Co.;GeoVera Specialty Insurance Co;Florida Farm Bureau Cas Ins Co;Universal North America Ins Co;American Platinum P&C Ins Co.,4406901660.335774,11,35.50755988575808,1719813951.4656162,33085049.055754468,1,0.9811320754716981,8957874386.670855,307723320.0,8092317233.952196,539937478.65,359958319.1,539937478.65,359958319.1,2636100889.1039467,6077100889.103947,3441000000.0,1395853723.0,1395853723.0,0.0,False,15155468190.429546,15155468190.429546,0.0,1.0,10587228381.256744,4568239809.172801,2176567522.678913,0.0,14,9464500000.0,9464500000.0,84
great_miami,baseline,,1926255N15314,"{""1926255N15314"": 0.6240177399067002}",170354720952.15982,106304367951.00336,64050353001.156456,26565915796.670994,39033218765.45918,0.0,29233262356.48494,11471971032.388256,26565915796.670994,39033218765.45918,18820109756.405045,45230243244.75141,17.160230249618046,6.734166783443526,15.594469967246411,22.912906990362046,11.04760094185487,26.550625067475103,29233262356.48494,11471971032.388256,18820109756.405045,26,17,9,Universal P&C Insurance Co.;Florida Family Insurance Co.;First Protective Insurance Co.;Cypress P&C Insurance Co.;Florida Peninsula Insurance Co;Tower Hill Insurance Exchange;Kin Interinsurance Network;Florida Family Home Ins Co.;US Coastal P&C Insurance Co.;TypTap Insurance Co.;Homeowners Choice P&C Ins Co.;Edison Insurance Co.;Safe Harbor Insurance Co.;GeoVera Specialty Insurance Co;Florida Farm Bureau Cas Ins Co;Universal North America Ins Co;Auto Club Insurance Co. of FL;American Platinum P&C Ins Co.;FL Farm Bureau General Ins Co.;Homesite Insurance Co.;State Farm FL Ins Co;AIG Property Casualty Co.;ASI Preferred Insurance Corp.;ACE Ins Co. of the Midwest;Castle Key Indemnity Co.;First Liberty Insurance Corp.,Universal P&C Insurance Co.;Florida Family Insurance Co.;First Protective Insurance Co.;Cypress P&C Insurance Co.;Florida Peninsula Insurance Co;Tower Hill Insurance Exchange;Kin Interinsurance Network;Florida Family Home Ins Co.;US Coastal P&C Insurance Co.;TypTap Insurance Co.;Homeowners Choice P&C Ins Co.;Edison Insurance Co.;Safe Harbor Insurance Co.;GeoVera Specialty Insurance Co;Florida Farm Bureau Cas Ins Co;Universal North America Ins Co;American Platinum P&C Ins Co.,1937806651.0724194,9,33.145293557041065,828338275.1878741,8962429.794061325,1,0.9811320754716981,3151394027.057611,333810540.0,5711786881.671768,539937478.65,359958319.1,539937478.65,359958319.1,15379109756.405045,18820109756.405045,3441000000.0,1395853723.0,1395853723.0,0.0,False,14938739450.725769,14938739450.725769,0.0,1.0,10370499641.552969,4568239809.1728,2086342927.0217824,0.0,13,9464500000.0,9464500000.0,85
great_miami,baseline,,1926255N15314,"{""1926255N15314"": 0.7776307324082208}",170354720952.15985,132473066423.22615,37881654528.93369,20410558404.311493,52671215570.05371,0.0,46041445903.39031,13349846545.470633,20410558404.311493,52671215570.05371,11173375282.161509,26708279246.772167,27.026809498469945,7.836499317925933,11.981210905240086,30.91855351918612,6.5588879601988195,15.67803879897908,46041445903.39031,13349846545.470633,11173375282.161509,30,19,11,Universal P&C Insurance Co.;Florida Family Insurance Co.;First Protective Insurance Co.;Cypress P&C Insurance Co.;Florida Peninsula Insurance Co;Tower Hill Insurance Exchange;Kin Interinsurance Network;Heritage P&C Insurance Co.;Florida Family Home Ins Co.;US Coastal P&C Insurance Co.;TypTap Insurance Co.;Homeowners Choice P&C Ins Co.;Vault E&S Insurance Co.;Edison Insurance Co.;Safe Harbor Insurance Co.;GeoVera Specialty Insurance Co;Florida Farm Bureau Cas Ins Co;Universal North America Ins Co;Auto Club Insurance Co. of FL;American Platinum P&C Ins Co.;FL Farm Bureau General Ins Co.;Castle Key Insurance Co.;Homesite Insurance Co.;State Farm FL Ins Co;AIG Property Casualty Co.;ASI Preferred Insurance Corp.;Nationwide P&C Insurance Co.;ACE Ins Co. of the Midwest;Castle Key Indemnity Co.;First Liberty Insurance Corp.,Universal P&C Insurance Co.;Florida Family Insurance Co.;First Protective Insurance Co.;Cypress P&C Insurance Co.;Florida Peninsula Insurance Co;Tower Hill Insurance Exchange;Kin Interinsurance Network;Heritage P&C Insurance Co.;Florida Family Home Ins Co.;US Coastal P&C Insurance Co.;TypTap Insurance Co.;Homeowners Choice P&C Ins Co.;Vault E&S Insurance Co.;Edison Insurance Co.;Safe Harbor Insurance Co.;GeoVera Specialty Insurance Co;Florida Farm Bureau Cas Ins Co;Universal North America Ins Co;American Platinum P&C Ins Co.,4751322199.589905,11,35.41856476294073,2403151810.598747,39390531.22547841,1,0.9811320754716981,10095076972.642384,308706120.0,7665276130.421646,539937478.65,359958319.1,539937478.65,359958319.1,7732375282.161509,11173375282.161509,3441000000.0,1395853723.0,1395853723.0,0.0,False,15165728985.039305,15165728985.039305,0.0,1.0,10597489175.866505,4568239809.1728,2087957706.9567633,0.0,13,9464500000.0,9464500000.0,86
great_miami,baseline,,1926255N15314,"{""1926255N15314"": 0.8046520648887822}",170354720952.15982,137076277977.70769,33278442974.45212,38213656558.139694,59931399516.07895,0.0,30780905919.463825,8150315984.025221,38213656558.139694,59931399516.07895,9828274511.358809,23450168463.09331,18.06871318119087,4.784320586169167,22.431815417003392,35.18035730451479,5.769299762534231,13.765493748587543,30780905919.463825,8150315984.025221,9828274511.358809,25,16,9,Universal P&C Insurance Co.;Florida Family Insurance Co.;First Protective Insurance Co.;Cypress P&C Insurance Co.;Florida Peninsula Insurance Co;Tower Hill Insurance Exchange;Kin Interinsurance Network;Florida Family Home Ins Co.;US Coastal P&C Insurance Co.;TypTap Insurance Co.;Homeowners Choice P&C Ins Co.;Edison Insurance Co.;Safe Harbor Insurance Co.;GeoVera Specialty Insurance Co;Universal North America Ins Co;Auto Club Insurance Co. of FL;American Platinum P&C Ins Co.;FL Farm Bureau General Ins Co.;Homesite Insurance Co.;State Farm FL Ins Co;AIG Property Casualty Co.;ASI Preferred Insurance Corp.;ACE Ins Co. of the Midwest;Castle Key Indemnity Co.;First Liberty Insurance Corp.,Universal P&C Insurance Co.;Florida Family Insurance Co.;First Protective Insurance Co.;Cypress P&C Insurance Co.;Florida Peninsula Insurance Co;Tower Hill Insurance Exchange;Kin Interinsurance Network;Florida Family Home Ins Co.;US Coastal P&C Insurance Co.;TypTap Insurance Co.;Homeowners Choice P&C Ins Co.;Edison Insurance Co.;Safe Harbor Insurance Co.;GeoVera Specialty Insurance Co;Universal North America Ins Co;American Platinum P&C Ins Co.,2373493822.5362654,9,32.43209381455101,1495639969.845942,956137.2725292966,1,0.9811320754716981,3866854149.847383,341686620.0,2519244581.870852,539937478.65,359958319.1,539937478.65,359958319.1,6387274511.3588085,9828274511.358809,3441000000.0,1395853723.0,1395853723.0,0.0,False,14968022012.145323,14968022012.145323,0.0,1.0,10399782202.97252,4568239809.172802,2086169574.9198134,0.0,13,9464500000.0,9464500000.0,87
great_miami,baseline,,1926255N15314,"{""1926255N15314"": 0.7146620707116763}",170354720952.15982,121746057631.18033,48608663320.979485,12916428133.795015,62464288084.10602,0.0,35867008200.99929,10498333212.280005,12916428133.795015,62464288084.10602,14307905951.415798,34300757369.563686,21.054308328250972,6.162631216559134,7.582078184626474,36.667189341731046,8.398890193030718,20.134902735801646,35867008200.99929,10498333212.280005,14307905951.415798,27,18,9,Universal P&C Insurance Co.;Florida Family Insurance Co.;First Protective Insurance Co.;Cypress P&C Insurance Co.;Florida Peninsula Insurance Co;Tower Hill Insurance Exchange;Kin Interinsurance Network;Heritage P&C Insurance Co.;Florida Family Home Ins Co.;US Coastal P&C Insurance Co.;TypTap Insurance Co.;Homeowners Choice P&C Ins Co.;Edison Insurance Co.;Safe Harbor Insurance Co.;GeoVera Specialty Insurance Co;Florida Farm Bureau Cas Ins Co;Universal North America Ins Co;Auto Club Insurance Co. of FL;American Platinum P&C Ins Co.;FL Farm Bureau General Ins Co.;Homesite Insurance Co.;State Farm FL Ins Co;AIG Property Casualty Co.;ASI Preferred Insurance Corp.;ACE Ins Co. of the Midwest;Castle Key Indemnity Co.;First Liberty Insurance Corp.,Universal P&C Insurance Co.;Florida Family Insurance Co.;First Protective Insurance Co.;Cypress P&C Insurance Co.;Florida Peninsula Insurance Co;Tower Hill Insurance Exchange;Kin Interinsurance Network;Heritage P&C Insurance Co.;Florida Family Home Ins Co.;US Coastal P&C Insurance Co.;TypTap Insurance Co.;Homeowners Choice P&C Ins Co.;Edison Insurance Co.;Safe Harbor Insurance Co.;GeoVera Specialty Insurance Co;Florida Farm Bureau Cas Ins Co;Universal North America Ins Co;American Platinum P&C Ins Co.,3251829738.6670885,9,35.166819401784345,1782132227.0901408,19876122.46068853,1,0.9811320754716981,5662222582.939641,311486220.0,4823148613.719019,539937478.65,359958319.1,539937478.65,359958319.1,10866905951.415798,14307905951.415798,3441000000.0,1395853723.0,1395853723.0,0.0,False,15146634390.149967,15146634390.149967,0.0,1.0,10578394580.977167,4568239809.172799,2086732414.9253569,0.0,13,9464500000.0,9464500000.0,88
great_miami,baseline,,1926255N15314,"{""1926255N15314"": 0.7464243603651702}",170354720952.15982,127156913621.90297,43197807330.25685,18286659894.26812,50586690022.05177,0.0,41851399036.23332,16432164669.349745,18286659894.26812,50586690022.05177,12726804045.130907,30471003285.125935,24.567208236034926,9.645852241432356,10.734460302631417,29.694915256418327,7.470766864573678,17.886797098909287,41851399036.23332,16432164669.349745,12726804045.130907,29,19,10,Universal P&C Insurance Co.;Florida Family Insurance Co.;First Protective Insurance Co.;Cypress P&C Insurance Co.;Florida Peninsula Insurance Co;Tower Hill Insurance Exchange;Kin Interinsurance Network;Heritage P&C Insurance Co.;Florida Family Home Ins Co.;US Coastal P&C Insurance Co.;TypTap Insurance Co.;Homeowners Choice P&C Ins Co.;Vault E&S Insurance Co.;Edison Insurance Co.;Safe Harbor Insurance Co.;GeoVera Specialty Insurance Co;Florida Farm Bureau Cas Ins Co;Universal North America Ins Co;Auto Club Insurance Co. of FL;American Platinum P&C Ins Co.;FL Farm Bureau General Ins Co.;Castle Key Insurance Co.;Homesite Insurance Co.;State Farm FL Ins Co;AIG Property Casualty Co.;ASI Preferred Insurance Corp.;ACE Ins Co. of the Midwest;Castle Key Indemnity Co.;First Liberty Insurance Corp.,Universal P&C Insurance Co.;Florida Family Insurance Co.;First Protective Insurance Co.;Cypress P&C Insurance Co.;Florida Peninsula Insurance Co;Tower Hill Insurance Exchange;Kin Interinsurance Network;Heritage P&C Insurance Co.;Florida Family Home Ins Co.;US Coastal P&C Insurance Co.;TypTap Insurance Co.;Homeowners Choice P&C Ins Co.;Vault E&S Insurance Co.;Edison Insurance Co.;Safe Harbor Insurance Co.;GeoVera Specialty Insurance Co;Florida Farm Bureau Cas Ins Co;Universal North America Ins Co;American Platinum P&C Ins Co.,4090857355.7895327,10,35.41856476294073,2332617979.713781,18444322.20988685,1,0.9811320754716981,8386863125.585251,308706120.0,10664223285.949333,539937478.65,359958319.1,539937478.65,359958319.1,9285804045.130907,12726804045.130907,3441000000.0,1395853723.0,1395853723.0,0.0,False,15150044900.422434,15150044900.422434,0.0,1.0,10581805091.249634,4568239809.1728,2106457507.6434238,0.0,13,9464500000.0,9464500000.0,89
great_miami,baseline,,1926255N15314,"{""1926255N15314"": 0.8337345046067588}",170354720952.15982,142030608880.47162,28324112071.68819,27750906985.959152,50381712705.99101,0.0,52746895373.90077,11151093814.620676,27750906985.959152,50381712705.99101,8380573436.305798,19943538635.382397,30.962978354273794,6.545808506094882,16.29007216873805,29.574591431569157,4.919484114948178,11.707065424375926,52746895373.90077,11151093814.620676,8380573436.305798,33,21,12,Universal P&C Insurance Co.;Florida Family Insurance Co.;First Protective Insurance Co.;Cypress P&C Insurance Co.;Florida Peninsula Insurance Co;Tower Hill Insurance Exchange;Kin Interinsurance Network;Heritage P&C Insurance Co.;Florida Family Home Ins Co.;US Coastal P&C Insurance Co.;TypTap Insurance Co.;Homeowners Choice P&C Ins Co.;Vault E&S Insurance Co.;Edison Insurance Co.;Safe Harbor Insurance Co.;Spinnaker Specialty Ins Co.;GeoVera Specialty Insurance Co;Florida Farm Bureau Cas Ins Co;Universal North America Ins Co;QBE Specialty Insurance Co.;Auto Club Insurance Co. of FL;American Platinum P&C Ins Co.;FL Farm Bureau General Ins Co.;Castle Key Insurance Co.;Homesite Insurance Co.;PURE Specialty Exchange;State Farm FL Ins Co;AIG Property Casualty Co.;ASI Preferred Insurance Corp.;Nationwide P&C Insurance Co.;ACE Ins Co. of the Midwest;Castle Key Indemnity Co.;First Liberty Insurance Corp.,Universal P&C Insurance Co.;Florida Family Insurance Co.;First Protective Insurance Co.;Cypress P&C Insurance Co.;Florida Peninsula Insurance Co;Tower Hill Insurance Exchange;Kin Interinsurance Network;Heritage P&C Insurance Co.;Florida Family Home Ins Co.;US Coastal P&C Insurance Co.;TypTap Insurance Co.;Homeowners Choice P&C Ins Co.;Vault E&S Insurance Co.;Edison Insurance Co.;Safe Harbor Insurance Co.;Spinnaker Specialty Ins Co.;GeoVera Specialty Insurance Co;Florida Farm Bureau Cas Ins Co;Universal North America Ins Co;QBE Specialty Insurance Co.;American Platinum P&C Ins Co.,6173891484.77548,12,35.802781374679086,3195359519.993166,29670362.41448407,1,0.9811320754716981,12031115181.45285,304463100.0,5535718813.458834,539937478.65,359958319.1,539937478.65,359958319.1,4939573436.305798,8380573436.305798,3441000000.0,1395853723.0,1395853723.0,0.0,False,15165712727.989828,15165712727.989828,0.0,1.0,10597472918.817028,4568239809.1728,2416570568.1840997,0.0,14,9464500000.0,9464500000.0,90
great_miami,baseline,,1926255N15314,"{""1926255N15314"": 0.7086664081349001}",170354720952.15982,120724668205.99034,49630052746.16948,28059115404.216747,44514901048.61674,0.0,38857512635.99555,9293139117.161293,28059115404.216747,44514901048.61674,14606365339.356644,35023687406.81284,22.809765657687752,5.455169698391309,16.47099372848992,26.130711728921042,8.574088970189738,20.559270216320236,38857512635.99555,9293139117.161293,14606365339.356644,28,18,10,Universal P&C Insurance Co.;Florida Family Insurance Co.;First Protective Insurance Co.;Cypress P&C Insurance Co.;Florida Peninsula Insurance Co;Tower Hill Insurance Exchange;Kin Interinsurance Network;Heritage P&C Insurance Co.;Florida Family Home Ins Co.;US Coastal P&C Insurance Co.;TypTap Insurance Co.;Homeowners Choice P&C Ins Co.;Edison Insurance Co.;Safe Harbor Insurance Co.;GeoVera Specialty Insurance Co;Florida Farm Bureau Cas Ins Co;Universal North America Ins Co;Auto Club Insurance Co. of FL;American Platinum P&C Ins Co.;FL Farm Bureau General Ins Co.;Castle Key Insurance Co.;Homesite Insurance Co.;State Farm FL Ins Co;AIG Property Casualty Co.;ASI Preferred Insurance Corp.;ACE Ins Co. of the Midwest;Castle Key Indemnity Co.;First Liberty Insurance Corp.,Universal P&C Insurance Co.;Florida Family Insurance Co.;First Protective Insurance Co.;Cypress P&C Insurance Co.;Florida Peninsula Insurance Co;Tower Hill Insurance Exchange;Kin Interinsurance Network;Heritage P&C Insurance Co.;Florida Family Home Ins Co.;US Coastal P&C Insurance Co.;TypTap Insurance Co.;Homeowners Choice P&C Ins Co.;Edison Insurance Co.;Safe Harbor Insurance Co.;GeoVera Specialty Insurance Co;Florida Farm Bureau Cas Ins Co;Universal North America Ins Co;American Platinum P&C Ins Co.,3003981025.256036,10,35.166819401784345,2015617760.8289232,24858903.107941538,1,0.9811320754716981,6861216039.292169,311486220.0,3669091888.609783,539937478.65,359958319.1,539937478.65,359958319.1,11165365339.356644,14606365339.356644,3441000000.0,1395853723.0,1395853723.0,0.0,False,15118218430.308952,15118218430.308952,0.0,1.0,10549978621.136152,4568239809.172799,2167462793.3712215,0.0,14,9464500000.0,9464500000.0,91
great_miami,baseline,,1926255N15314,"{""1926255N15314"": 0.7760698282447329}",170354720952.15982,132207159030.02208,38147561922.13773,27354455133.766033,86170010789.25502,0.0,15481201284.146244,3201491822.854792,27354455133.766033,86170010789.25502,11251075869.09471,26896486053.04302,9.08762680459779,1.8793091291868906,16.057350791850318,50.5826960988383,6.604499016058566,15.788518159468135,15481201284.146244,3201491822.854792,11251075869.09471,13,9,4,Universal P&C Insurance Co.;First Protective Insurance Co.;Cypress P&C Insurance Co.;Tower Hill Insurance Exchange;Kin Interinsurance Network;TypTap Insurance Co.;Homeowners Choice P&C Ins Co.;Edison Insurance Co.;GeoVera Specialty Insurance Co;FL Farm Bureau General Ins Co.;AIG Property Casualty Co.;ASI Preferred Insurance Corp.;Castle Key Indemnity Co.,Universal P&C Insurance Co.;First Protective Insurance Co.;Cypress P&C Insurance Co.;Tower Hill Insurance Exchange;Kin Interinsurance Network;TypTap Insurance Co.;Homeowners Choice P&C Ins Co.;Edison Insurance Co.;GeoVera Specialty Insurance Co,236258913.2634317,4,27.119633731281347,200614665.75788045,0.0,0,1.0,280946543.7957641,400353720.0,1322548037.0874686,539937478.65,359958319.1,539937478.65,359958319.1,7810075869.094709,11251075869.09471,3441000000.0,1395853723.0,1395853723.0,0.0,False,8051545724.760926,8051545724.760926,0.0,1.0,7326394221.40351,725151503.357416,1453094367.033204,0.0,11,9464500000.0,9464500000.0,92
great_miami,baseline,,1926255N15314,"{""1926255N15314"": 0.5847354968409164}",170354720952.15982,99612452395.15686,70742268557.00296,16516497835.720665,41349135800.78603,0.0,31531793254.580956,10215025504.069197,16516497835.720665,41349135800.78603,20775549054.76888,49966719502.23408,18.509491887481023,5.996326633611669,9.695356690677766,24.272374472321186,12.195464228199,29.33098608770935,31531793254.580956,10215025504.069197,20775549054.76888,27,18,9,Universal P&C Insurance Co.;Florida Family Insurance Co.;First Protective Insurance Co.;Cypress P&C Insurance Co.;Florida Peninsula Insurance Co;Tower Hill Insurance Exchange;Kin Interinsurance Network;Heritage P&C Insurance Co.;Florida Family Home Ins Co.;US Coastal P&C Insurance Co.;TypTap Insurance Co.;Homeowners Choice P&C Ins Co.;Edison Insurance Co.;Safe Harbor Insurance Co.;GeoVera Specialty Insurance Co;Florida Farm Bureau Cas Ins Co;Universal North America Ins Co;Auto Club Insurance Co. of FL;American Platinum P&C Ins Co.;FL Farm Bureau General Ins Co.;Homesite Insurance Co.;State Farm FL Ins Co;AIG Property Casualty Co.;ASI Preferred Insurance Corp.;ACE Ins Co. of the Midwest;Castle Key Indemnity Co.;First Liberty Insurance Corp.,Universal P&C Insurance Co.;Florida Family Insurance Co.;First Protective Insurance Co.;Cypress P&C Insurance Co.;Florida Peninsula Insurance Co;Tower Hill Insurance Exchange;Kin Interinsurance Network;Heritage P&C Insurance Co.;Florida Family Home Ins Co.;US Coastal P&C Insurance Co.;TypTap Insurance Co.;Homeowners Choice P&C Ins Co.;Edison Insurance Co.;Safe Harbor Insurance Co.;GeoVera Specialty Insurance Co;Florida Farm Bureau Cas Ins Co;Universal North America Ins Co;American Platinum P&C Ins Co.,2170596750.100563,9,35.166819401784345,1545798840.170616,9702014.242526896,1,0.9811320754716981,3997548673.441657,311486220.0,4516097631.734728,539937478.65,359958319.1,539937478.65,359958319.1,17334549054.76888,20775549054.76888,3441000000.0,1395853723.0,1395853723.0,0.0,False,15077829672.476564,15077829672.476564,0.0,1.0,10509589863.303762,4568239809.172802,2086246753.4337049,0.0,13,9464500000.0,9464500000.0,93
great_miami,baseline,,1926255N15314,"{""1926255N15314"": 0.6739693187008606}",170354720952.1598,114813855217.60239,55540865734.55742,25890826243.851807,42026547911.23306,0.0,37025585618.6402,9870895443.87733,25890826243.851807,42026547911.23306,16333559280.510773,39207306454.046646,21.73440536997973,5.794318694959645,15.198185350626503,24.670022454520208,9.587969848571252,23.01509828134268,37025585618.6402,9870895443.87733,16333559280.510773,29,18,11,Universal P&C Insurance Co.;Florida Family Insurance Co.;First Protective Insurance Co.;Cypress P&C Insurance Co.;Florida Peninsula Insurance Co;Tower Hill Insurance Exchange;Kin Interinsurance Network;Heritage P&C Insurance Co.;Florida Family Home Ins Co.;US Coastal P&C Insurance Co.;TypTap Insurance Co.;Homeowners Choice P&C Ins Co.;Edison Insurance Co.;Safe Harbor Insurance Co.;GeoVera Specialty Insurance Co;Florida Farm Bureau Cas Ins Co;Universal North America Ins Co;Auto Club Insurance Co. of FL;American Platinum P&C Ins Co.;FL Farm Bureau General Ins Co.;Castle Key Insurance Co.;Homesite Insurance Co.;State Farm FL Ins Co;AIG Property Casualty Co.;ASI Preferred Insurance Corp.;Nationwide P&C Insurance Co.;ACE Ins Co. of the Midwest;Castle Key Indemnity Co.;First Liberty Insurance Corp.,Universal P&C Insurance Co.;Florida Family Insurance Co.;First Protective Insurance Co.;Cypress P&C Insurance Co.;Florida Peninsula Insurance Co;Tower Hill Insurance Exchange;Kin Interinsurance Network;Heritage P&C Insurance Co.;Florida Family Home Ins Co.;US Coastal P&C Insurance Co.;TypTap Insurance Co.;Homeowners Choice P&C Ins Co.;Edison Insurance Co.;Safe Harbor Insurance Co.;GeoVera Specialty Insurance Co;Florida Farm Bureau Cas Ins Co;Universal North America Ins Co;American Platinum P&C Ins Co.,3194228856.6363554,11,35.166819401784345,1799130095.0515933,18162779.69066173,1,0.9811320754716981,6074267422.844257,311486220.0,4220920086.7225213,539937478.65,359958319.1,539937478.65,359958319.1,12892559280.510773,16333559280.510773,3441000000.0,1395853723.0,1395853723.0,0.0,False,15110831145.745213,15110831145.745213,0.0,1.0,10542591336.572412,4568239809.172801,2090980772.7147355,0.0,14,9464500000.0,9464500000.0,94
great_miami,baseline,,1926255N15314,"{""1926255N15314"": 0.5502263124215392}",170354720952.15982,93733649913.10724,76621071039.05258,21469665377.5495,42672479353.16028,0.0,23861109880.415127,5730395301.982306,21469665377.5495,42672479353.16028,22493389231.439274,54127681807.61331,14.006720651502208,3.3638018776078145,12.602917757459013,25.049190955584884,13.203854349158906,31.773514408687163,23861109880.415127,5730395301.982306,22493389231.439274,20,13,7,Universal P&C Insurance Co.;Florida Family Insurance Co.;First Protective Insurance Co.;Cypress P&C Insurance Co.;Tower Hill Insurance Exchange;Kin Interinsurance Network;Florida Family Home Ins Co.;TypTap Insurance Co.;Homeowners Choice P&C Ins Co.;Edison Insurance Co.;Safe Harbor Insurance Co.;GeoVera Specialty Insurance Co;Universal North America Ins Co;FL Farm Bureau General Ins Co.;Homesite Insurance Co.;State Farm FL Ins Co;AIG Property Casualty Co.;ASI Preferred Insurance Corp.;Castle Key Indemnity Co.;First Liberty Insurance Corp.,Universal P&C Insurance Co.;Florida Family Insurance Co.;First Protective Insurance Co.;Cypress P&C Insurance Co.;Tower Hill Insurance Exchange;Kin Interinsurance Network;Florida Family Home Ins Co.;TypTap Insurance Co.;Homeowners Choice P&C Ins Co.;Edison Insurance Co.;Safe Harbor Insurance Co.;GeoVera Specialty Insurance Co;Universal North America Ins Co,1200469688.1594043,7,28.83972255471638,437046270.87116337,0.0,0,1.0,1245839219.3876464,381358260.0,1435832655.003931,539937478.65,359958319.1,539937478.65,359958319.1,19052389231.439274,22493389231.439274,3441000000.0,1395853723.0,1395853723.0,0.0,False,13155331714.081707,13155331714.081707,0.0,1.0,9926565766.388052,3228765947.6936545,1995812267.9582264,0.0,13,9464500000.0,9464500000.0,95
great_miami,baseline,,1926255N15314,"{""1926255N15314"": 0.6599551998249029}",170354720952.15985,112426483907.09824,57928237045.06161,21005794125.328644,41206674041.306076,0.0,42099337478.04852,8114678262.414963,21005794125.328644,41206674041.306076,17031171143.86844,40897065901.19316,24.712750690291195,4.7634008714638325,12.330620488778607,24.18874793195664,9.997475296649542,24.007004720860156,42099337478.04852,8114678262.414963,17031171143.86844,30,19,11,Universal P&C Insurance Co.;Florida Family Insurance Co.;First Protective Insurance Co.;Cypress P&C Insurance Co.;Florida Peninsula Insurance Co;Tower Hill Insurance Exchange;Kin Interinsurance Network;Heritage P&C Insurance Co.;Florida Family Home Ins Co.;US Coastal P&C Insurance Co.;TypTap Insurance Co.;Homeowners Choice P&C Ins Co.;Vault E&S Insurance Co.;Edison Insurance Co.;Safe Harbor Insurance Co.;GeoVera Specialty Insurance Co;Florida Farm Bureau Cas Ins Co;Universal North America Ins Co;Auto Club Insurance Co. of FL;American Platinum P&C Ins Co.;FL Farm Bureau General Ins Co.;Castle Key Insurance Co.;Homesite Insurance Co.;State Farm FL Ins Co;AIG Property Casualty Co.;ASI Preferred Insurance Corp.;Nationwide P&C Insurance Co.;ACE Ins Co. of the Midwest;Castle Key Indemnity Co.;First Liberty Insurance Corp.,Universal P&C Insurance Co.;Florida Family Insurance Co.;First Protective Insurance Co.;Cypress P&C Insurance Co.;Florida Peninsula Insurance Co;Tower Hill Insurance Exchange;Kin Interinsurance Network;Heritage P&C Insurance Co.;Florida Family Home Ins Co.;US Coastal P&C Insurance Co.;TypTap Insurance Co.;Homeowners Choice P&C Ins Co.;Vault E&S Insurance Co.;Edison Insurance Co.;Safe Harbor Insurance Co.;GeoVera Specialty Insurance Co;Florida Farm Bureau Cas Ins Co;Universal North America Ins Co;American Platinum P&C Ins Co.,4127993101.695401,11,35.41856476294073,3140564583.4899526,30923212.649791792,1,0.9811320754716981,8503880957.902239,308706120.0,2536314251.5574403,539937478.65,359958319.1,539937478.65,359958319.1,13590171143.86844,17031171143.86844,3441000000.0,1395853723.0,1395853723.0,0.0,False,15144852293.960184,15144852293.960184,0.0,1.0,10576612484.787384,4568239809.1728,2134593994.156721,0.0,14,9464500000.0,9464500000.0,96
great_miami,baseline,,1926255N15314,"{""1926255N15314"": 0.7924576006971029}",170354720952.15982,134998893433.17308,35355827518.98674,12045243922.497242,67324119400.32605,0.0,44183366394.35355,11446163715.996227,12045243922.497242,67324119400.32605,10435305389.482733,24920522129.504005,25.93609742506721,6.719017619247909,7.070683955908606,39.51996106948658,6.125633226456487,14.628606703833208,44183366394.35355,11446163715.996227,10435305389.482733,30,19,11,Universal P&C Insurance Co.;Florida Family Insurance Co.;First Protective Insurance Co.;Cypress P&C Insurance Co.;Florida Peninsula Insurance Co;Tower Hill Insurance Exchange;Kin Interinsurance Network;Heritage P&C Insurance Co.;Florida Family Home Ins Co.;US Coastal P&C Insurance Co.;TypTap Insurance Co.;Homeowners Choice P&C Ins Co.;Vault E&S Insurance Co.;Edison Insurance Co.;Safe Harbor Insurance Co.;GeoVera Specialty Insurance Co;Florida Farm Bureau Cas Ins Co;Universal North America Ins Co;Auto Club Insurance Co. of FL;American Platinum P&C Ins Co.;FL Farm Bureau General Ins Co.;Castle Key Insurance Co.;Homesite Insurance Co.;State Farm FL Ins Co;AIG Property Casualty Co.;ASI Preferred Insurance Corp.;Nationwide P&C Insurance Co.;ACE Ins Co. of the Midwest;Castle Key Indemnity Co.;First Liberty Insurance Corp.,Universal P&C Insurance Co.;Florida Family Insurance Co.;First Protective Insurance Co.;Cypress P&C Insurance Co.;Florida Peninsula Insurance Co;Tower Hill Insurance Exchange;Kin Interinsurance Network;Heritage P&C Insurance Co.;Florida Family Home Ins Co.;US Coastal P&C Insurance Co.;TypTap Insurance Co.;Homeowners Choice P&C Ins Co.;Vault E&S Insurance Co.;Edison Insurance Co.;Safe Harbor Insurance Co.;GeoVera Specialty Insurance Co;Florida Farm Bureau Cas Ins Co;Universal North America Ins Co;American Platinum P&C Ins Co.,4416396861.047047,11,35.41856476294073,2632852881.575746,37664609.19973134,1,0.9811320754716981,9451482031.624578,308706120.0,5792872051.7953825,539937478.65,359958319.1,539937478.65,359958319.1,6994305389.482733,10435305389.482733,3441000000.0,1395853723.0,1395853723.0,0.0,False,15139701321.332245,15139701321.332245,0.0,1.0,10571461512.159445,4568239809.172801,2131659992.7305293,0.0,14,9464500000.0,9464500000.0,97
great_miami,baseline,,1926255N15314,"{""1926255N15314"": 0.46785266078723725}",170354720952.1598,79700909475.13528,90653811477.02452,10080083839.099644,31088530385.52396,0.0,29717713973.30449,8814581277.207197,10080083839.099644,31088530385.52396,26593885103.98149,64059926373.04303,17.44460840721287,5.174251249357844,5.91711446724767,18.249291954905352,15.610888242686139,37.60384567859014,29717713973.30449,8814581277.207197,26593885103.98149,26,17,9,Universal P&C Insurance Co.;Florida Family Insurance Co.;First Protective Insurance Co.;Cypress P&C Insurance Co.;Florida Peninsula Insurance Co;Tower Hill Insurance Exchange;Kin Interinsurance Network;Florida Family Home Ins Co.;US Coastal P&C Insurance Co.;TypTap Insurance Co.;Homeowners Choice P&C Ins Co.;Edison Insurance Co.;Safe Harbor Insurance Co.;GeoVera Specialty Insurance Co;Florida Farm Bureau Cas Ins Co;Universal North America Ins Co;Auto Club Insurance Co. of FL;American Platinum P&C Ins Co.;FL Farm Bureau General Ins Co.;Homesite Insurance Co.;State Farm FL Ins Co;AIG Property Casualty Co.;ASI Preferred Insurance Corp.;ACE Ins Co. of the Midwest;Castle Key Indemnity Co.;First Liberty Insurance Corp.,Universal P&C Insurance Co.;Florida Family Insurance Co.;First Protective Insurance Co.;Cypress P&C Insurance Co.;Florida Peninsula Insurance Co;Tower Hill Insurance Exchange;Kin Interinsurance Network;Florida Family Home Ins Co.;US Coastal P&C Insurance Co.;TypTap Insurance Co.;Homeowners Choice P&C Ins Co.;Edison Insurance Co.;Safe Harbor Insurance Co.;GeoVera Specialty Insurance Co;Florida Farm Bureau Cas Ins Co;Universal North America Ins Co;American Platinum P&C Ins Co.,2190883756.6156087,9,33.145293557041065,825290933.3162618,1494843.996548161,1,0.9811320754716981,3263998954.910985,333810540.0,3149970088.8570313,539937478.65,359958319.1,539937478.65,359958319.1,23152885103.98149,26593885103.98149,3441000000.0,1395853723.0,1395853723.0,0.0,False,14974598326.893766,14974598326.893766,0.0,1.0,10406358517.720966,4568239809.1728,2086227159.4692469,0.0,13,9464500000.0,9464500000.0,98
great_miami,baseline,,1926255N15314,"{""1926255N15314"": 0.6872392049289271}",170354720952.1598,117074442983.05156,53280277969.10824,16756616516.898106,47098321493.13654,0.0,38685863185.09043,14533641787.926485,16756616516.898106,47098321493.13654,15672994735.565521,37607283233.54272,22.709005637686126,8.531399486139234,9.836308863787705,27.647206505279666,9.200211563239813,22.075867943867465,38685863185.09043,14533641787.926485,15672994735.565521,29,19,10,Universal P&C Insurance Co.;Florida Family Insurance Co.;First Protective Insurance Co.;Cypress P&C Insurance Co.;Florida Peninsula Insurance Co;Tower Hill Insurance Exchange;Kin Interinsurance Network;Heritage P&C Insurance Co.;Florida Family Home Ins Co.;US Coastal P&C Insurance Co.;TypTap Insurance Co.;Homeowners Choice P&C Ins Co.;Vault E&S Insurance Co.;Edison Insurance Co.;Safe Harbor Insurance Co.;GeoVera Specialty Insurance Co;Florida Farm Bureau Cas Ins Co;Universal North America Ins Co;Auto Club Insurance Co. of FL;American Platinum P&C Ins Co.;FL Farm Bureau General Ins Co.;Homesite Insurance Co.;State Farm FL Ins Co;AIG Property Casualty Co.;ASI Preferred Insurance Corp.;Nationwide P&C Insurance Co.;ACE Ins Co. of the Midwest;Castle Key Indemnity Co.;First Liberty Insurance Corp.,Universal P&C Insurance Co.;Florida Family Insurance Co.;First Protective Insurance Co.;Cypress P&C Insurance Co.;Florida Peninsula Insurance Co;Tower Hill Insurance Exchange;Kin Interinsurance Network;Heritage P&C Insurance Co.;Florida Family Home Ins Co.;US Coastal P&C Insurance Co.;TypTap Insurance Co.;Homeowners Choice P&C Ins Co.;Vault E&S Insurance Co.;Edison Insurance Co.;Safe Harbor Insurance Co.;GeoVera Specialty Insurance Co;Florida Farm Bureau Cas Ins Co;Universal North America Ins Co;American Platinum P&C Ins Co.,3370854836.8664713,10,35.41856476294073,1957874783.5917354,20399276.93241275,1,0.9811320754716981,7407965431.55549,308706120.0,8780298878.34612,539937478.65,359958319.1,539937478.65,359958319.1,12231994735.565521,15672994735.565521,3441000000.0,1395853723.0,1395853723.0,0.0,False,15133915804.623741,15133915804.623741,0.0,1.0,10565675995.450941,4568239809.172799,2086666090.448931,0.0,13,9464500000.0,9464500000.0,99
great_miami,baseline,,1926255N15314,"{""1926255N15314"": 0.8323014865210252}",170354720952.1598,141786487484.35706,28568233467.80273,31264660125.162716,74231480189.58058,0.0,28480192422.597404,7810154747.016374,31264660125.162716,74231480189.58058,8451907954.43443,20116325513.368305,16.718170335059522,4.584642388167027,18.352681951175676,43.57465397770032,4.961358221946755,11.808493125950712,28480192422.597404,7810154747.016374,8451907954.43443,25,17,8,Universal P&C Insurance Co.;Florida Family Insurance Co.;First Protective Insurance Co.;Cypress P&C Insurance Co.;Florida Peninsula Insurance Co;Tower Hill Insurance Exchange;Kin Interinsurance Network;Florida Family Home Ins Co.;US Coastal P&C Insurance Co.;TypTap Insurance Co.;Homeowners Choice P&C Ins Co.;Edison Insurance Co.;Safe Harbor Insurance Co.;GeoVera Specialty Insurance Co;Florida Farm Bureau Cas Ins Co;Universal North America Ins Co;Auto Club Insurance Co. of FL;American Platinum P&C Ins Co.;FL Farm Bureau General Ins Co.;Homesite Insurance Co.;State Farm FL Ins Co;AIG Property Casualty Co.;ASI Preferred Insurance Corp.;Castle Key Indemnity Co.;First Liberty Insurance Corp.,Universal P&C Insurance Co.;Florida Family Insurance Co.;First Protective Insurance Co.;Cypress P&C Insurance Co.;Florida Peninsula Insurance Co;Tower Hill Insurance Exchange;Kin Interinsurance Network;Florida Family Home Ins Co.;US Coastal P&C Insurance Co.;TypTap Insurance Co.;Homeowners Choice P&C Ins Co.;Edison Insurance Co.;Safe Harbor Insurance Co.;GeoVera Specialty Insurance Co;Florida Farm Bureau Cas Ins Co;Universal North America Ins Co;American Platinum P&C Ins Co.,1663627734.7872856,8,33.145293557041065,912792367.006732,562171.0628572293,1,0.9811320754716981,2969884049.061458,333810540.0,2176671863.4894814,539937478.65,359958319.1,539937478.65,359958319.1,5010907954.43443,8451907954.43443,3441000000.0,1395853723.0,1395853723.0,0.0,False,14919040941.749073,14919040941.749073,0.0,1.0,10350801132.576275,4568239809.172799,2086201691.062806,0.0,13,9464500000.0,9464500000.0,100
