scenario,policy_scenario,policy_severity,events,wind_shares,total_damage_usd,wind_total_usd,water_total_usd,underinsured_wind_usd,uninsured_wind_usd,nfip_policyholder_shortfall_usd,wind_insured_private_usd,wind_insured_citizens_usd,wind_underinsured_usd,wind_uninsured_usd,flood_insured_capped_usd,flood_un_derinsured_usd,wind_insured_private_pct,wind_insured_citizens_pct,wind_underinsured_pct,wind_uninsured_pct,flood_insured_capped_pct,flood_un_derinsured_pct,insured_private_wind_pre_usd,insured_citizens_wind_pre_usd,insured_flood_pre_usd,defaults_pre,defaults_post,rescued_defaults,default_companies_pre,default_companies_post,group_contrib_total_usd,group_supported_companies,defaulted_premium_base_pct,largest_entity_deficit_usd,diag_group_shortfall_total_usd,diag_groups_with_shortfall,diag_groups_fully_funded_share,figa_residual_deficit_usd,figa_collected_usd,citizens_residual_deficit_usd,citizens_tier1_usd,citizens_tier2_usd,citizens_tier1_capacity_usd,citizens_tier2_capacity_usd,nfip_borrowed_usd,nfip_claims_paid_usd,nfip_pool_used_usd,nfip_fl_premium_base_usd,nfip_fl_premium_depletion_usd,underinsured_flood_usd,fhcf_cap_binding,fhcf_total_precap_usd,fhcf_total_postcap_usd,fhcf_shortfall_usd,fhcf_scaling_factor,fhcf_recovery_private_usd,fhcf_recovery_citizens_usd,catbond_payout_usd,catbond_unfilled_usd,catbond_triggers,catbond_limit_in_force_usd,catbond_issue_volume_year_usd,iter
andrew,baseline,,1992230N11325,"{""1992230N11325"": 0.8353592015253047}",114169083378.42006,95372194329.87291,18796889048.54715,12878716706.637499,24986362346.322018,0.0,39175163310.08343,18331951966.829994,12878716706.637499,24986362346.322018,6463976748.809225,12332912299.73792,34.313285305300276,16.056844308776373,11.280388985825738,21.885401552628103,5.661757594552983,10.80232225291655,39175163310.08343,18331951966.829994,6463976748.809225,28,18,10,Universal P&C Insurance Co.;Florida Family Insurance Co.;First Protective Insurance Co.;Cypress P&C Insurance Co.;Florida Peninsula Insurance Co;Tower Hill Insurance Exchange;Kin Interinsurance Network;Heritage P&C Insurance Co.;Florida Family Home Ins Co.;US Coastal P&C Insurance Co.;TypTap Insurance Co.;Homeowners Choice P&C Ins Co.;Edison Insurance Co.;Safe Harbor Insurance Co.;GeoVera Specialty Insurance Co;Florida Farm Bureau Cas Ins Co;Universal North America Ins Co;Auto Club Insurance Co. of FL;American Platinum P&C Ins Co.;FL Farm Bureau General Ins Co.;Castle Key Insurance Co.;Homesite Insurance Co.;State Farm FL Ins Co;AIG Property Casualty Co.;ASI Preferred Insurance Corp.;ACE Ins Co. of the Midwest;Castle Key Indemnity Co.;First Liberty Insurance Corp.,Universal P&C Insurance Co.;Florida Family Insurance Co.;First Protective Insurance Co.;Cypress P&C Insurance Co.;Florida Peninsula Insurance Co;Tower Hill Insurance Exchange;Kin Interinsurance Network;Heritage P&C Insurance Co.;Florida Family Home Ins Co.;US Coastal P&C Insurance Co.;TypTap Insurance Co.;Homeowners Choice P&C Ins Co.;Edison Insurance Co.;Safe Harbor Insurance Co.;GeoVera Specialty Insurance Co;Florida Farm Bureau Cas Ins Co;Universal North America Ins Co;American Platinum P&C Ins Co.,4009766164.8296757,10,35.166819401784345,1529991376.5310473,27172558.006758884,1,0.9811320754716981,6642267695.1884365,311486220.0,12509355106.636223,539937478.65,359958319.1,539937478.65,359958319.1,3022976748.809225,6463976748.809225,3441000000.0,1395853723.0,1395853723.0,0.0,False,15182471572.12553,15182471572.12553,0.0,1.0,10614231762.95273,4568239809.1728,2174452906.8977633,0.0,14,9464500000.0,9464500000.0,1
andrew,baseline,,1992230N11325,"{""1992230N11325"": 0.8890392998487388}",114169083378.42007,101500801951.12285,12668281427.297234,42118784329.919556,26543918784.589657,0.0,23390520751.891304,9447578084.722317,42118784329.919556,26543918784.589657,4370387095.15171,8297894332.145525,20.487613686414615,8.275075708024886,36.89158490509589,23.249655685338467,3.8279952556558654,7.268074759470277,23390520751.891304,9447578084.722317,4370387095.15171,22,15,7,Universal P&C Insurance Co.;Florida Family Insurance Co.;First Protective Insurance Co.;Cypress P&C Insurance Co.;Tower Hill Insurance Exchange;Kin Interinsurance Network;Heritage P&C Insurance Co.;Florida Family Home Ins Co.;US Coastal P&C Insurance Co.;TypTap Insurance Co.;Homeowners Choice P&C Ins Co.;Edison Insurance Co.;Safe Harbor Insurance Co.;GeoVera Specialty Insurance Co;Universal North America Ins Co;FL Farm Bureau General Ins Co.;Homesite Insurance Co.;State Farm FL Ins Co;AIG Property Casualty Co.;ASI Preferred Insurance Corp.;Castle Key Indemnity Co.;First Liberty Insurance Corp.,Universal P&C Insurance Co.;Florida Family Insurance Co.;First Protective Insurance Co.;Cypress P&C Insurance Co.;Tower Hill Insurance Exchange;Kin Interinsurance Network;Heritage P&C Insurance Co.;Florida Family Home Ins Co.;US Coastal P&C Insurance Co.;TypTap Insurance Co.;Homeowners Choice P&C Ins Co.;Edison Insurance Co.;Safe Harbor Insurance Co.;GeoVera Specialty Insurance Co;Universal North America Ins Co,1101007886.2147644,7,31.22475381411744,618762822.1595027,0.0,0,1.0,1739416591.1926937,355019640.0,3699046957.6481457,539937478.65,359958319.1,539937478.65,359958319.1,929387095.1517096,4370387095.15171,3441000000.0,1395853723.0,1395853723.0,0.0,False,13870325323.406944,13870325323.406944,0.0,1.0,9302085514.234144,4568239809.1728,1890921258.8231,0.0,13,9464500000.0,9464500000.0,2
andrew,baseline,,1992230N11325,"{""1992230N11325"": 0.766533628295475}",114169083378.42009,87514441721.22894,26654641657.191143,16117769249.101284,47172669177.1482,0.0,16780791891.530888,7443211403.448558,16117769249.101284,47172669177.1482,9148258494.21199,17506383162.979153,14.698192711165047,6.519463223487219,14.117455244584908,41.3182516503103,8.012903514246105,15.333733656206405,16780791891.530888,7443211403.448558,9148258494.21199,17,12,5,Universal P&C Insurance Co.;First Protective Insurance Co.;Cypress P&C Insurance Co.;Tower Hill Insurance Exchange;Kin Interinsurance Network;Heritage P&C Insurance Co.;US Coastal P&C Insurance Co.;TypTap Insurance Co.;Homeowners Choice P&C Ins Co.;Edison Insurance Co.;Safe Harbor Insurance Co.;GeoVera Specialty Insurance Co;FL Farm Bureau General Ins Co.;State Farm FL Ins Co;AIG Property Casualty Co.;ASI Preferred Insurance Corp.;Castle Key Indemnity Co.,Universal P&C Insurance Co.;First Protective Insurance Co.;Cypress P&C Insurance Co.;Tower Hill Insurance Exchange;Kin Interinsurance Network;Heritage P&C Insurance Co.;US Coastal P&C Insurance Co.;TypTap Insurance Co.;Homeowners Choice P&C Ins Co.;Edison Insurance Co.;Safe Harbor Insurance Co.;GeoVera Specialty Insurance Co,466072595.0492819,5,30.1173132839673,616159846.0720432,0.0,0,1.0,1420802420.2122762,367249440.0,2804205267.8055487,539937478.65,359958319.1,539937478.65,359958319.1,5707258494.21199,9148258494.21199,3441000000.0,1395853723.0,1395853723.0,0.0,False,8749598255.937302,8749598255.937302,0.0,1.0,5291171766.315878,3458426489.6214237,1778554163.5163746,0.0,13,9464500000.0,9464500000.0,3
andrew,baseline,,1992230N11325,"{""1992230N11325"": 0.8820342743265873}",114169083378.42009,100701044608.2164,13468038770.203684,17990216490.768032,50453378286.83587,0.0,26868566132.813034,5388883697.7994585,17990216490.768032,50453378286.83587,4643591679.622087,8824447090.581598,23.534012306778013,4.720090184080474,15.757520300954338,44.191804640845895,4.067293475792068,7.729279091549202,26868566132.813034,5388883697.7994585,4643591679.622087,24,16,8,Universal P&C Insurance Co.;Florida Family Insurance Co.;First Protective Insurance Co.;Cypress P&C Insurance Co.;Florida Peninsula Insurance Co;Tower Hill Insurance Exchange;Kin Interinsurance Network;Heritage P&C Insurance Co.;Florida Family Home Ins Co.;US Coastal P&C Insurance Co.;TypTap Insurance Co.;Homeowners Choice P&C Ins Co.;Edison Insurance Co.;Safe Harbor Insurance Co.;GeoVera Specialty Insurance Co;Universal North America Ins Co;Auto Club Insurance Co. of FL;FL Farm Bureau General Ins Co.;State Farm FL Ins Co;AIG Property Casualty Co.;ASI Preferred Insurance Corp.;ACE Ins Co. of the Midwest;Castle Key Indemnity Co.;First Liberty Insurance Corp.,Universal P&C Insurance Co.;Florida Family Insurance Co.;First Protective Insurance Co.;Cypress P&C Insurance Co.;Florida Peninsula Insurance Co;Tower Hill Insurance Exchange;Kin Interinsurance Network;Heritage P&C Insurance Co.;Florida Family Home Ins Co.;US Coastal P&C Insurance Co.;TypTap Insurance Co.;Homeowners Choice P&C Ins Co.;Edison Insurance Co.;Safe Harbor Insurance Co.;GeoVera Specialty Insurance Co;Universal North America Ins Co,1377756564.6621284,8,34.296269979690315,1140510758.6476324,0.0,0,1.0,3341099760.9578905,321099960.0,2593481444.1071205,539937478.65,359958319.1,539937478.65,359958319.1,1202591679.6220865,4643591679.622087,3441000000.0,1395853723.0,1395853723.0,0.0,False,11268295896.22733,11268295896.22733,0.0,1.0,9564143364.485985,1704152531.741344,2104505384.3675342,0.0,13,9464500000.0,9464500000.0,4
andrew,baseline,,1992230N11325,"{""1992230N11325"": 0.9373369409972914}",114169083378.42007,107014899370.39297,7154184008.027107,7406486275.761998,87622028194.4521,0.0,8879976860.738228,3106408039.440648,7406486275.761998,87622028194.4521,2486719870.933311,4667464137.093796,7.777917276698306,2.7208837519911393,6.487295909359952,76.74759716167974,2.1781026853749306,4.08820321489594,8879976860.738228,3106408039.440648,2486719870.933311,15,11,4,Universal P&C Insurance Co.;First Protective Insurance Co.;Cypress P&C Insurance Co.;Tower Hill Insurance Exchange;Kin Interinsurance Network;US Coastal P&C Insurance Co.;TypTap Insurance Co.;Homeowners Choice P&C Ins Co.;Edison Insurance Co.;Safe Harbor Insurance Co.;GeoVera Specialty Insurance Co;FL Farm Bureau General Ins Co.;AIG Property Casualty Co.;ASI Preferred Insurance Corp.;Castle Key Indemnity Co.,Universal P&C Insurance Co.;First Protective Insurance Co.;Cypress P&C Insurance Co.;Tower Hill Insurance Exchange;Kin Interinsurance Network;US Coastal P&C Insurance Co.;TypTap Insurance Co.;Homeowners Choice P&C Ins Co.;Edison Insurance Co.;Safe Harbor Insurance Co.;GeoVera Specialty Insurance Co,251820354.92860252,4,28.09578743922402,262263200.15533853,0.0,0,1.0,485894788.8190111,389573760.0,1914955100.3821821,539937478.65,359958319.1,539937478.65,359958319.1,0.0,2486719870.933311,2486719870.933311,1395853723.0,1395853723.0,0.0,False,372933252.9494372,372933252.9494372,0.0,1.0,372933252.9494372,0.0,1662193812.5054455,0.0,12,9464500000.0,9464500000.0,5
andrew,baseline,,1992230N11325,"{""1992230N11325"": 0.9279654725052069}",114169083378.42007,105944967402.74194,8224115975.678133,26667949574.99829,34932483211.41167,0.0,30210375793.99365,14134158822.338352,26667949574.99829,34932483211.41167,2852218632.8094673,5371897342.868667,26.4610828956729,12.380023036087502,23.35829349405024,30.597147824710053,2.4982408095154995,4.705211939963816,30210375793.99365,14134158822.338352,2852218632.8094673,26,18,8,Universal P&C Insurance Co.;Florida Family Insurance Co.;First Protective Insurance Co.;Cypress P&C Insurance Co.;Florida Peninsula Insurance Co;Tower Hill Insurance Exchange;Kin Interinsurance Network;Heritage P&C Insurance Co.;Florida Family Home Ins Co.;US Coastal P&C Insurance Co.;TypTap Insurance Co.;Homeowners Choice P&C Ins Co.;Edison Insurance Co.;Safe Harbor Insurance Co.;GeoVera Specialty Insurance Co;Florida Farm Bureau Cas Ins Co;Universal North America Ins Co;American Platinum P&C Ins Co.;FL Farm Bureau General Ins Co.;Homesite Insurance Co.;State Farm FL Ins Co;AIG Property Casualty Co.;ASI Preferred Insurance Corp.;ACE Ins Co. of the Midwest;Castle Key Indemnity Co.;First Liberty Insurance Corp.,Universal P&C Insurance Co.;Florida Family Insurance Co.;First Protective Insurance Co.;Cypress P&C Insurance Co.;Florida Peninsula Insurance Co;Tower Hill Insurance Exchange;Kin Interinsurance Network;Heritage P&C Insurance Co.;Florida Family Home Ins Co.;US Coastal P&C Insurance Co.;TypTap Insurance Co.;Homeowners Choice P&C Ins Co.;Edison Insurance Co.;Safe Harbor Insurance Co.;GeoVera Specialty Insurance Co;Florida Farm Bureau Cas Ins Co;Universal North America Ins Co;American Platinum P&C Ins Co.,2170655660.864452,8,35.166819401784345,1078682851.7988186,17103156.670646094,1,0.9811320754716981,4122422515.4704714,311486220.0,8317593228.075733,539937478.65,359958319.1,539937478.65,359958319.1,0.0,2852218632.8094673,2852218632.8094673,1395853723.0,1395853723.0,0.0,False,14419292521.192482,14419292521.192482,0.0,1.0,9851052712.019682,4568239809.1728,2109514177.4973328,0.0,13,9464500000.0,9464500000.0,6
andrew,baseline,,1992230N11325,"{""1992230N11325"": 0.8722890314322749}",114169083378.4201,99588439159.67268,14580644218.747414,4863093725.71879,53845146737.43432,0.0,31796058777.502678,9084139919.016897,4863093725.71879,53845146737.43432,5023668101.482987,9556976117.264423,27.8499728968768,7.956742447433851,4.259553971892531,47.16263382702428,4.400200082917146,8.370896773855376,31796058777.502678,9084139919.016897,5023668101.482987,25,17,8,Universal P&C Insurance Co.;Florida Family Insurance Co.;First Protective Insurance Co.;Cypress P&C Insurance Co.;Tower Hill Insurance Exchange;Kin Interinsurance Network;Heritage P&C Insurance Co.;Florida Family Home Ins Co.;US Coastal P&C Insurance Co.;TypTap Insurance Co.;Homeowners Choice P&C Ins Co.;Edison Insurance Co.;Safe Harbor Insurance Co.;GeoVera Specialty Insurance Co;Florida Farm Bureau Cas Ins Co;Universal North America Ins Co;American Platinum P&C Ins Co.;FL Farm Bureau General Ins Co.;Homesite Insurance Co.;State Farm FL Ins Co;AIG Property Casualty Co.;ASI Preferred Insurance Corp.;ACE Ins Co. of the Midwest;Castle Key Indemnity Co.;First Liberty Insurance Corp.,Universal P&C Insurance Co.;Florida Family Insurance Co.;First Protective Insurance Co.;Cypress P&C Insurance Co.;Tower Hill Insurance Exchange;Kin Interinsurance Network;Heritage P&C Insurance Co.;Florida Family Home Ins Co.;US Coastal P&C Insurance Co.;TypTap Insurance Co.;Homeowners Choice P&C Ins Co.;Edison Insurance Co.;Safe Harbor Insurance Co.;GeoVera Specialty Insurance Co;Florida Farm Bureau Cas Ins Co;Universal North America Ins Co;American Platinum P&C Ins Co.,2433124460.792383,8,32.09530323621147,1318529345.914753,7132009.6788195,1,0.9811320754716981,4022205396.543522,345405900.0,3427534287.8608637,539937478.65,359958319.1,539937478.65,359958319.1,1582668101.4829874,5023668101.482987,3441000000.0,1395853723.0,1395853723.0,0.0,False,14762883013.264618,14762883013.264618,0.0,1.0,10194643204.091818,4568239809.1728,2101635716.9913456,0.0,13,9464500000.0,9464500000.0,7
andrew,baseline,,1992230N11325,"{""1992230N11325"": 0.8103614677120623}",114169083378.4201,92518225973.87732,21650857404.542778,18455408328.245815,48553574107.90814,0.0,19186881485.77084,6322362051.95251,18455408328.245815,48553574107.90814,7438919018.120278,14211938386.422504,16.805671831641845,5.5377181500149835,16.16497897865597,42.52777781089341,6.515703549500827,12.448149679292952,19186881485.77084,6322362051.95251,7438919018.120278,19,14,5,Universal P&C Insurance Co.;Florida Family Insurance Co.;First Protective Insurance Co.;Cypress P&C Insurance Co.;Tower Hill Insurance Exchange;Kin Interinsurance Network;Heritage P&C Insurance Co.;Florida Family Home Ins Co.;US Coastal P&C Insurance Co.;TypTap Insurance Co.;Homeowners Choice P&C Ins Co.;Edison Insurance Co.;Safe Harbor Insurance Co.;GeoVera Specialty Insurance Co;FL Farm Bureau General Ins Co.;State Farm FL Ins Co;AIG Property Casualty Co.;ASI Preferred Insurance Corp.;Castle Key Indemnity Co.,Universal P&C Insurance Co.;Florida Family Insurance Co.;First Protective Insurance Co.;Cypress P&C Insurance Co.;Tower Hill Insurance Exchange;Kin Interinsurance Network;Heritage P&C Insurance Co.;Florida Family Home Ins Co.;US Coastal P&C Insurance Co.;TypTap Insurance Co.;Homeowners Choice P&C Ins Co.;Edison Insurance Co.;Safe Harbor Insurance Co.;GeoVera Specialty Insurance Co,706474893.6880434,5,30.911026990134417,545625139.473368,0.0,0,1.0,1457242832.6719913,358484220.0,1905553290.7840948,539937478.65,359958319.1,539937478.65,359958319.1,3997919018.1202784,7438919018.120278,3441000000.0,1395853723.0,1395853723.0,0.0,False,10788094973.503075,10788094973.503075,0.0,1.0,7495516701.478807,3292578272.0242662,1684364962.7167015,0.0,13,9464500000.0,9464500000.0,8
andrew,baseline,,1992230N11325,"{""1992230N11325"": 0.9605590450102961}",114169083378.42009,109666145699.67606,4502937678.74403,28028934503.90995,29737193253.678776,0.0,36801972298.64863,15098045643.438702,28028934503.90995,29737193253.678776,1581029340.9932525,2921908337.7507772,32.23462185175504,13.224285591744087,24.55037184717198,26.046625210358492,1.3848139042623635,2.5592815947080365,36801972298.64863,15098045643.438702,1581029340.9932525,29,18,11,Universal P&C Insurance Co.;Florida Family Insurance Co.;First Protective Insurance Co.;Cypress P&C Insurance Co.;Florida Peninsula Insurance Co;Tower Hill Insurance Exchange;Kin Interinsurance Network;Heritage P&C Insurance Co.;Florida Family Home Ins Co.;US Coastal P&C Insurance Co.;TypTap Insurance Co.;Homeowners Choice P&C Ins Co.;Edison Insurance Co.;Safe Harbor Insurance Co.;GeoVera Specialty Insurance Co;Florida Farm Bureau Cas Ins Co;Universal North America Ins Co;Auto Club Insurance Co. of FL;American Platinum P&C Ins Co.;FL Farm Bureau General Ins Co.;Castle Key Insurance Co.;Homesite Insurance Co.;State Farm FL Ins Co;AIG Property Casualty Co.;ASI Preferred Insurance Corp.;Nationwide P&C Insurance Co.;ACE Ins Co. of the Midwest;Castle Key Indemnity Co.;First Liberty Insurance Corp.,Universal P&C Insurance Co.;Florida Family Insurance Co.;First Protective Insurance Co.;Cypress P&C Insurance Co.;Florida Peninsula Insurance Co;Tower Hill Insurance Exchange;Kin Interinsurance Network;Heritage P&C Insurance Co.;Florida Family Home Ins Co.;US Coastal P&C Insurance Co.;TypTap Insurance Co.;Homeowners Choice P&C Ins Co.;Edison Insurance Co.;Safe Harbor Insurance Co.;GeoVera Specialty Insurance Co;Florida Farm Bureau Cas Ins Co;Universal North America Ins Co;American Platinum P&C Ins Co.,3014253226.50853,11,35.166819401784345,1993614411.0477638,9102459.105767712,1,0.9811320754716981,6331061668.608981,311486220.0,9319339940.922274,539937478.65,359958319.1,539937478.65,359958319.1,0.0,1581029340.9932525,1581029340.9932525,1395853723.0,1395853723.0,0.0,False,14943825049.749569,14943825049.749569,0.0,1.0,10375585240.576769,4568239809.1728,2104716271.161851,0.0,13,9464500000.0,9464500000.0,9
andrew,baseline,,1992230N11325,"{""1992230N11325"": 0.897122470471632}",114169083378.42007,102423650131.92995,11745433246.490135,21196617315.43786,42373876013.13254,0.0,29019665633.351925,9833491170.007616,21196617315.43786,42373876013.13254,4055133529.801026,7690299716.689108,25.418147167884808,8.613094612850606,18.56598712033137,37.1150181460964,3.551866591028019,6.735886361808793,29019665633.351925,9833491170.007616,4055133529.801026,25,16,9,Universal P&C Insurance Co.;Florida Family Insurance Co.;First Protective Insurance Co.;Cypress P&C Insurance Co.;Florida Peninsula Insurance Co;Tower Hill Insurance Exchange;Kin Interinsurance Network;Heritage P&C Insurance Co.;Florida Family Home Ins Co.;US Coastal P&C Insurance Co.;TypTap Insurance Co.;Homeowners Choice P&C Ins Co.;Edison Insurance Co.;Safe Harbor Insurance Co.;GeoVera Specialty Insurance Co;Universal North America Ins Co;Auto Club Insurance Co. of FL;FL Farm Bureau General Ins Co.;Homesite Insurance Co.;State Farm FL Ins Co;AIG Property Casualty Co.;ASI Preferred Insurance Corp.;ACE Ins Co. of the Midwest;Castle Key Indemnity Co.;First Liberty Insurance Corp.,Universal P&C Insurance Co.;Florida Family Insurance Co.;First Protective Insurance Co.;Cypress P&C Insurance Co.;Florida Peninsula Insurance Co;Tower Hill Insurance Exchange;Kin Interinsurance Network;Heritage P&C Insurance Co.;Florida Family Home Ins Co.;US Coastal P&C Insurance Co.;TypTap Insurance Co.;Homeowners Choice P&C Ins Co.;Edison Insurance Co.;Safe Harbor Insurance Co.;GeoVera Specialty Insurance Co;Universal North America Ins Co,1975853270.2912176,9,34.296269979690315,951331899.0662999,0.0,0,1.0,3343228643.712784,321099960.0,4114798976.868752,539937478.65,359958319.1,539937478.65,359958319.1,614133529.8010259,4055133529.801026,3441000000.0,1395853723.0,1395853723.0,0.0,False,15947656413.276617,15947656413.276617,0.0,1.0,11379416604.103817,4568239809.1728,2001227773.222868,0.0,13,9464500000.0,9464500000.0,10
andrew,baseline,,1992230N11325,"{""1992230N11325"": 0.8876321977949508}",114169083378.42009,101340154399.422,12828928978.998096,4069631235.1009893,45524295456.67845,0.0,37494190683.34597,14252037024.296574,4069631235.1009893,45524295456.67845,4425265800.546417,8403663178.451679,32.84093168994735,12.483271830305727,3.564565042194443,39.87445121704754,3.8760631771725937,7.3607170433323414,37494190683.34597,14252037024.296574,4425265800.546417,28,18,10,Universal P&C Insurance Co.;Florida Family Insurance Co.;First Protective Insurance Co.;Cypress P&C Insurance Co.;Florida Peninsula Insurance Co;Tower Hill Insurance Exchange;Kin Interinsurance Network;Heritage P&C Insurance Co.;Florida Family Home Ins Co.;US Coastal P&C Insurance Co.;TypTap Insurance Co.;Homeowners Choice P&C Ins Co.;Edison Insurance Co.;Safe Harbor Insurance Co.;GeoVera Specialty Insurance Co;Florida Farm Bureau Cas Ins Co;Universal North America Ins Co;Auto Club Insurance Co. of FL;American Platinum P&C Ins Co.;FL Farm Bureau General Ins Co.;Homesite Insurance Co.;State Farm FL Ins Co;AIG Property Casualty Co.;ASI Preferred Insurance Corp.;Nationwide P&C Insurance Co.;ACE Ins Co. of the Midwest;Castle Key Indemnity Co.;First Liberty Insurance Corp.,Universal P&C Insurance Co.;Florida Family Insurance Co.;First Protective Insurance Co.;Cypress P&C Insurance Co.;Florida Peninsula Insurance Co;Tower Hill Insurance Exchange;Kin Interinsurance Network;Heritage P&C Insurance Co.;Florida Family Home Ins Co.;US Coastal P&C Insurance Co.;TypTap Insurance Co.;Homeowners Choice P&C Ins Co.;Edison Insurance Co.;Safe Harbor Insurance Co.;GeoVera Specialty Insurance Co;Florida Farm Bureau Cas Ins Co;Universal North America Ins Co;American Platinum P&C Ins Co.,2984191319.94281,10,35.166819401784345,2564939892.6874566,28412781.839175574,1,0.9811320754716981,7089262809.293819,311486220.0,8492823675.385778,539937478.65,359958319.1,539937478.65,359958319.1,984265800.5464172,4425265800.546417,3441000000.0,1395853723.0,1395853723.0,0.0,False,15483273033.079218,15483273033.079218,0.0,1.0,10915033223.906418,4568239809.1728,2109980123.0645537,0.0,13,9464500000.0,9464500000.0,11
andrew,baseline,,1992230N11325,"{""1992230N11325"": 0.9883292219787647}",114169083378.42007,112765033202.65971,1404050175.7603679,6098615635.143748,30308435441.274883,0.0,54690625065.6262,21667357060.6149,6098615635.143748,30308435441.274883,513039046.78851205,891011128.971856,47.90318310987129,18.978305176364763,5.3417400356360325,26.546972739384977,0.4493677549183909,0.7804311838245629,54690625065.6262,21667357060.6149,513039046.78851205,33,20,13,Universal P&C Insurance Co.;Florida Family Insurance Co.;First Protective Insurance Co.;Cypress P&C Insurance Co.;Florida Peninsula Insurance Co;Tower Hill Insurance Exchange;Kin Interinsurance Network;Heritage P&C Insurance Co.;Florida Family Home Ins Co.;US Coastal P&C Insurance Co.;TypTap Insurance Co.;Homeowners Choice P&C Ins Co.;Vault E&S Insurance Co.;Edison Insurance Co.;Safe Harbor Insurance Co.;GeoVera Specialty Insurance Co;Florida Farm Bureau Cas Ins Co;Universal North America Ins Co;QBE Specialty Insurance Co.;Auto Club Insurance Co. of FL;American Platinum P&C Ins Co.;FL Farm Bureau General Ins Co.;Castle Key Insurance Co.;Homesite Insurance Co.;PURE Specialty Exchange;State Farm FL Ins Co;AIG Property Casualty Co.;Foremost P&C Insurance Co.;ASI Preferred Insurance Corp.;Nationwide P&C Insurance Co.;ACE Ins Co. of the Midwest;Castle Key Indemnity Co.;First Liberty Insurance Corp.,Universal P&C Insurance Co.;Florida Family Insurance Co.;First Protective Insurance Co.;Cypress P&C Insurance Co.;Florida Peninsula Insurance Co;Tower Hill Insurance Exchange;Kin Interinsurance Network;Heritage P&C Insurance Co.;Florida Family Home Ins Co.;US Coastal P&C Insurance Co.;TypTap Insurance Co.;Homeowners Choice P&C Ins Co.;Vault E&S Insurance Co.;Edison Insurance Co.;Safe Harbor Insurance Co.;GeoVera Specialty Insurance Co;Florida Farm Bureau Cas Ins Co;Universal North America Ins Co;QBE Specialty Insurance Co.;American Platinum P&C Ins Co.,6284335155.222417,13,35.71378625186174,3138878506.318744,44503536.28710461,1,0.9811320754716981,13130539133.923492,305445900.0,15891625961.55219,539937478.65,359958319.1,539937478.65,359958319.1,0.0,513039046.78851205,513039046.78851205,1395853723.0,513039046.78851205,0.0,False,15765293740.56605,15765293740.56605,0.0,1.0,11197053931.39325,4568239809.1728,2486818492.884529,0.0,14,9464500000.0,9464500000.0,12
andrew,baseline,,1992230N11325,"{""1992230N11325"": 0.9131434152741461}",114169083378.42009,104252746714.88927,9916336663.53082,16996103496.488564,30429055865.31585,0.0,42515895787.859314,14311691565.22554,16996103496.488564,30429055865.31585,3430297038.662939,6486039624.867882,37.239412395856675,12.53552287687955,14.886782825569325,26.652623429109056,3.0045761401911406,5.681082332394248,42515895787.859314,14311691565.22554,3430297038.662939,31,19,12,Universal P&C Insurance Co.;Florida Family Insurance Co.;First Protective Insurance Co.;Cypress P&C Insurance Co.;Florida Peninsula Insurance Co;Tower Hill Insurance Exchange;Kin Interinsurance Network;Heritage P&C Insurance Co.;Florida Family Home Ins Co.;US Coastal P&C Insurance Co.;TypTap Insurance Co.;Homeowners Choice P&C Ins Co.;Vault E&S Insurance Co.;Edison Insurance Co.;Safe Harbor Insurance Co.;GeoVera Specialty Insurance Co;Florida Farm Bureau Cas Ins Co;Universal North America Ins Co;Auto Club Insurance Co. of FL;American Platinum P&C Ins Co.;FL Farm Bureau General Ins Co.;Castle Key Insurance Co.;Homesite Insurance Co.;State Farm FL Ins Co;AIG Property Casualty Co.;Foremost P&C Insurance Co.;ASI Preferred Insurance Corp.;Nationwide P&C Insurance Co.;ACE Ins Co. of the Midwest;Castle Key Indemnity Co.;First Liberty Insurance Corp.,Universal P&C Insurance Co.;Florida Family Insurance Co.;First Protective Insurance Co.;Cypress P&C Insurance Co.;Florida Peninsula Insurance Co;Tower Hill Insurance Exchange;Kin Interinsurance Network;Heritage P&C Insurance Co.;Florida Family Home Ins Co.;US Coastal P&C Insurance Co.;TypTap Insurance Co.;Homeowners Choice P&C Ins Co.;Vault E&S Insurance Co.;Edison Insurance Co.;Safe Harbor Insurance Co.;GeoVera Specialty Insurance Co;Florida Farm Bureau Cas Ins Co;Universal North America Ins Co;American Platinum P&C Ins Co.,3676246168.5918355,12,35.41856476294073,2967407262.2268324,38870626.747371644,1,0.9811320754716981,9363358085.259499,308706120.0,8587988160.848112,539937478.65,359958319.1,539937478.65,359958319.1,0.0,3430297038.662939,3430297038.662939,1395853723.0,1395853723.0,0.0,False,15271638129.932026,15271638129.932026,0.0,1.0,10703398320.759226,4568239809.1728,2121378815.5866728,0.0,14,9464500000.0,9464500000.0,13
andrew,baseline,,1992230N11325,"{""1992230N11325"": 0.9481221924850153}",114169083378.42009,108246241646.75218,5922841731.6679125,19880417472.08006,43160140695.310745,0.0,34209880971.80521,10995802507.55615,19880417472.08006,43160140695.310745,2066081838.7384973,3856759892.9294147,29.964224954328976,9.631155985644487,17.413135749005935,37.80370255952212,1.8096684124986346,3.3781123389998315,34209880971.80521,10995802507.55615,2066081838.7384973,26,17,9,Universal P&C Insurance Co.;Florida Family Insurance Co.;First Protective Insurance Co.;Cypress P&C Insurance Co.;Florida Peninsula Insurance Co;Tower Hill Insurance Exchange;Kin Interinsurance Network;Heritage P&C Insurance Co.;Florida Family Home Ins Co.;US Coastal P&C Insurance Co.;TypTap Insurance Co.;Homeowners Choice P&C Ins Co.;Edison Insurance Co.;Safe Harbor Insurance Co.;GeoVera Specialty Insurance Co;Universal North America Ins Co;Auto Club Insurance Co. of FL;American Platinum P&C Ins Co.;FL Farm Bureau General Ins Co.;Homesite Insurance Co.;State Farm FL Ins Co;AIG Property Casualty Co.;ASI Preferred Insurance Corp.;ACE Ins Co. of the Midwest;Castle Key Indemnity Co.;First Liberty Insurance Corp.,Universal P&C Insurance Co.;Florida Family Insurance Co.;First Protective Insurance Co.;Cypress P&C Insurance Co.;Florida Peninsula Insurance Co;Tower Hill Insurance Exchange;Kin Interinsurance Network;Heritage P&C Insurance Co.;Florida Family Home Ins Co.;US Coastal P&C Insurance Co.;TypTap Insurance Co.;Homeowners Choice P&C Ins Co.;Edison Insurance Co.;Safe Harbor Insurance Co.;GeoVera Specialty Insurance Co;Universal North America Ins Co;American Platinum P&C Ins Co.,2690941175.2622614,9,34.45361965929429,1348127761.3930495,27393027.56921743,1,0.9811320754716981,5133049280.842007,319362300.0,5292250663.677441,539937478.65,359958319.1,539937478.65,359958319.1,0.0,2066081838.7384973,2066081838.7384973,1395853723.0,1395853723.0,0.0,False,15445445053.029263,15445445053.029263,0.0,1.0,10877205243.856462,4568239809.1728,2114497068.0800927,0.0,13,9464500000.0,9464500000.0,14
andrew,baseline,,1992230N11325,"{""1992230N11325"": 0.8430497337844108}",114169083378.42007,96250215348.58723,17918868029.832836,21634803137.98233,30676230546.067257,0.0,31243869266.02769,12695312398.509968,21634803137.98233,30676230546.067257,6164036561.073854,11754831468.75898,27.366313490026073,11.119746277046488,18.949791395164763,26.869122216203756,5.399041823470542,10.295984798088382,31243869266.02769,12695312398.509968,6164036561.073854,25,17,8,Universal P&C Insurance Co.;Florida Family Insurance Co.;First Protective Insurance Co.;Cypress P&C Insurance Co.;Florida Peninsula Insurance Co;Tower Hill Insurance Exchange;Kin Interinsurance Network;Heritage P&C Insurance Co.;Florida Family Home Ins Co.;US Coastal P&C Insurance Co.;TypTap Insurance Co.;Homeowners Choice P&C Ins Co.;Edison Insurance Co.;Safe Harbor Insurance Co.;GeoVera Specialty Insurance Co;Universal North America Ins Co;American Platinum P&C Ins Co.;FL Farm Bureau General Ins Co.;Homesite Insurance Co.;State Farm FL Ins Co;AIG Property Casualty Co.;ASI Preferred Insurance Corp.;ACE Ins Co. of the Midwest;Castle Key Indemnity Co.;First Liberty Insurance Corp.,Universal P&C Insurance Co.;Florida Family Insurance Co.;First Protective Insurance Co.;Cypress P&C Insurance Co.;Florida Peninsula Insurance Co;Tower Hill Insurance Exchange;Kin Interinsurance Network;Heritage P&C Insurance Co.;Florida Family Home Ins Co.;US Coastal P&C Insurance Co.;TypTap Insurance Co.;Homeowners Choice P&C Ins Co.;Edison Insurance Co.;Safe Harbor Insurance Co.;GeoVera Specialty Insurance Co;Universal North America Ins Co;American Platinum P&C Ins Co.,1970813284.2415078,8,34.45361965929429,969647430.3244379,7324022.710248843,1,0.9811320754716981,4383368585.690896,319362300.0,6917657876.05022,539937478.65,359958319.1,539937478.65,359958319.1,2723036561.0738544,6164036561.073854,3441000000.0,1395853723.0,1395853723.0,0.0,False,15318930436.886877,15318930436.886877,0.0,1.0,10750690627.714077,4568239809.1728,2109134965.3677742,0.0,13,9464500000.0,9464500000.0,15
andrew,baseline,,1992230N11325,"{""1992230N11325"": 0.9860877762521655}",114169083378.42009,112547752560.2021,1621330818.2179902,19443697663.0085,32117634948.99019,0.0,46873731996.98729,14112687951.216106,19443697663.0085,32117634948.99019,592350545.6551795,1028980272.5628107,41.05641440741148,12.361216831739622,17.03061554638328,28.131639493447114,0.5188362104054028,0.9012775106130926,46873731996.98729,14112687951.216106,592350545.6551795,33,20,13,Universal P&C Insurance Co.;Florida Family Insurance Co.;First Protective Insurance Co.;Cypress P&C Insurance Co.;Florida Peninsula Insurance Co;Tower Hill Insurance Exchange;Kin Interinsurance Network;Heritage P&C Insurance Co.;Florida Family Home Ins Co.;US Coastal P&C Insurance Co.;TypTap Insurance Co.;Homeowners Choice P&C Ins Co.;Vault E&S Insurance Co.;Edison Insurance Co.;Safe Harbor Insurance Co.;Spinnaker Specialty Ins Co.;GeoVera Specialty Insurance Co;Florida Farm Bureau Cas Ins Co;Universal North America Ins Co;Auto Club Insurance Co. of FL;American Platinum P&C Ins Co.;FL Farm Bureau General Ins Co.;Castle Key Insurance Co.;Homesite Insurance Co.;PURE Specialty Exchange;State Farm FL Ins Co;AIG Property Casualty Co.;Foremost P&C Insurance Co.;ASI Preferred Insurance Corp.;Nationwide P&C Insurance Co.;ACE Ins Co. of the Midwest;Castle Key Indemnity Co.;First Liberty Insurance Corp.,Universal P&C Insurance Co.;Florida Family Insurance Co.;First Protective Insurance Co.;Cypress P&C Insurance Co.;Florida Peninsula Insurance Co;Tower Hill Insurance Exchange;Kin Interinsurance Network;Heritage P&C Insurance Co.;Florida Family Home Ins Co.;US Coastal P&C Insurance Co.;TypTap Insurance Co.;Homeowners Choice P&C Ins Co.;Vault E&S Insurance Co.;Edison Insurance Co.;Safe Harbor Insurance Co.;Spinnaker Specialty Ins Co.;GeoVera Specialty Insurance Co;Florida Farm Bureau Cas Ins Co;Universal North America Ins Co;American Platinum P&C Ins Co.,4730548255.513742,13,35.50755988575808,2131410478.0725527,20947154.103631288,1,0.9811320754716981,9970237803.388374,307723320.0,8416589629.23572,539937478.65,359958319.1,539937478.65,359958319.1,0.0,592350545.6551795,592350545.6551795,1395853723.0,592350545.6551795,0.0,False,15349796993.440176,15349796993.440176,0.0,1.0,10781557184.267376,4568239809.1728,2163867207.4182186,0.0,14,9464500000.0,9464500000.0,16
andrew,baseline,,1992230N11325,"{""1992230N11325"": 0.8503168872422208}",114169083378.42007,97079899597.63571,17089183780.784359,31324604568.99214,38545318469.90358,0.0,20838134195.61151,6371842363.128489,31324604568.99214,38545318469.90358,5880608665.708572,11208575115.075785,18.25199395403947,5.581057651140673,27.43702904679099,33.761608072250944,5.1507890680149835,9.817522207762945,20838134195.61151,6371842363.128489,5880608665.708572,21,13,8,Universal P&C Insurance Co.;First Protective Insurance Co.;Cypress P&C Insurance Co.;Tower Hill Insurance Exchange;Kin Interinsurance Network;Heritage P&C Insurance Co.;Florida Family Home Ins Co.;US Coastal P&C Insurance Co.;TypTap Insurance Co.;Homeowners Choice P&C Ins Co.;Edison Insurance Co.;Safe Harbor Insurance Co.;GeoVera Specialty Insurance Co;Auto Club Insurance Co. of FL;FL Farm Bureau General Ins Co.;Homesite Insurance Co.;State Farm FL Ins Co;AIG Property Casualty Co.;ASI Preferred Insurance Corp.;Castle Key Indemnity Co.;First Liberty Insurance Corp.,Universal P&C Insurance Co.;First Protective Insurance Co.;Cypress P&C Insurance Co.;Tower Hill Insurance Exchange;Kin Interinsurance Network;Heritage P&C Insurance Co.;Florida Family Home Ins Co.;US Coastal P&C Insurance Co.;TypTap Insurance Co.;Homeowners Choice P&C Ins Co.;Edison Insurance Co.;Safe Harbor Insurance Co.;GeoVera Specialty Insurance Co,1058113731.8425546,8,30.467154307056973,716270542.8357062,0.0,0,1.0,1915066367.5427098,363386040.0,2677044393.581087,539937478.65,359958319.1,539937478.65,359958319.1,2439608665.7085724,5880608665.708572,3441000000.0,1395853723.0,1395853723.0,0.0,False,9797327731.260546,9797327731.260546,0.0,1.0,7241287820.714951,2556039910.5455956,1861605427.1018872,0.0,13,9464500000.0,9464500000.0,17
andrew,baseline,,1992230N11325,"{""1992230N11325"": 0.9317089324663325}",114169083378.42007,106372354795.16747,7796728583.252612,21048480895.844967,44639328204.97031,0.0,28488081039.83005,12196464654.522144,21048480895.844967,44639328204.97031,2706219104.338553,5090509478.914058,24.952535482311482,10.682808597224392,18.43623533884261,39.099313828254765,2.3703607178561925,4.458746035510567,28488081039.83005,12196464654.522144,2706219104.338553,24,16,8,Universal P&C Insurance Co.;Florida Family Insurance Co.;First Protective Insurance Co.;Cypress P&C Insurance Co.;Florida Peninsula Insurance Co;Tower Hill Insurance Exchange;Kin Interinsurance Network;Heritage P&C Insurance Co.;Florida Family Home Ins Co.;US Coastal P&C Insurance Co.;TypTap Insurance Co.;Homeowners Choice P&C Ins Co.;Edison Insurance Co.;Safe Harbor Insurance Co.;GeoVera Specialty Insurance Co;Universal North America Ins Co;Auto Club Insurance Co. of FL;FL Farm Bureau General Ins Co.;Homesite Insurance Co.;State Farm FL Ins Co;AIG Property Casualty Co.;ASI Preferred Insurance Corp.;Castle Key Indemnity Co.;First Liberty Insurance Corp.,Universal P&C Insurance Co.;Florida Family Insurance Co.;First Protective Insurance Co.;Cypress P&C Insurance Co.;Florida Peninsula Insurance Co;Tower Hill Insurance Exchange;Kin Interinsurance Network;Heritage P&C Insurance Co.;Florida Family Home Ins Co.;US Coastal P&C Insurance Co.;TypTap Insurance Co.;Homeowners Choice P&C Ins Co.;Edison Insurance Co.;Safe Harbor Insurance Co.;GeoVera Specialty Insurance Co;Universal North America Ins Co,2213155628.377433,8,34.296269979690315,1042234539.387692,0.0,0,1.0,3110847129.139476,321099960.0,6410062519.701305,539937478.65,359958319.1,539937478.65,359958319.1,0.0,2706219104.338553,2706219104.338553,1395853723.0,1395853723.0,0.0,False,14559382183.301071,14559382183.301071,0.0,1.0,9991142374.128271,4568239809.1728,2060685267.6228623,0.0,13,9464500000.0,9464500000.0,18
andrew,baseline,,1992230N11325,"{""1992230N11325"": 0.9174155829050228}",114169083378.42007,104740496177.3454,9428587201.07468,29301095352.492268,48268819607.82023,0.0,20326246575.045773,6844334641.987136,29301095352.492268,48268819607.82023,3263677262.804793,6164909938.269888,17.803634726288593,5.9949107406785345,25.66464973303857,42.27836309049659,2.8586349002970834,5.399806809200644,20326246575.045773,6844334641.987136,3263677262.804793,20,14,6,Universal P&C Insurance Co.;Florida Family Insurance Co.;First Protective Insurance Co.;Cypress P&C Insurance Co.;Tower Hill Insurance Exchange;Kin Interinsurance Network;Heritage P&C Insurance Co.;Florida Family Home Ins Co.;US Coastal P&C Insurance Co.;TypTap Insurance Co.;Homeowners Choice P&C Ins Co.;Edison Insurance Co.;Safe Harbor Insurance Co.;GeoVera Specialty Insurance Co;FL Farm Bureau General Ins Co.;Homesite Insurance Co.;State Farm FL Ins Co;AIG Property Casualty Co.;ASI Preferred Insurance Corp.;Castle Key Indemnity Co.,Universal P&C Insurance Co.;Florida Family Insurance Co.;First Protective Insurance Co.;Cypress P&C Insurance Co.;Tower Hill Insurance Exchange;Kin Interinsurance Network;Heritage P&C Insurance Co.;Florida Family Home Ins Co.;US Coastal P&C Insurance Co.;TypTap Insurance Co.;Homeowners Choice P&C Ins Co.;Edison Insurance Co.;Safe Harbor Insurance Co.;GeoVera Specialty Insurance Co,622112135.9112628,6,30.911026990134417,644473616.4920108,0.0,0,1.0,1599962464.045873,358484220.0,2454697095.8010817,539937478.65,359958319.1,539937478.65,359958319.1,0.0,3263677262.804793,3263677262.804793,1395853723.0,1395853723.0,0.0,False,10664752424.462183,10664752424.462183,0.0,1.0,7412202351.100572,3252550073.361611,1780396810.0194082,0.0,13,9464500000.0,9464500000.0,19
andrew,baseline,,1992230N11325,"{""1992230N11325"": 0.8301411850137159}",114169083378.42009,94776458167.69139,19392625210.7287,12117258723.022076,48714113439.24153,0.0,24637432816.858444,9307653188.56934,12117258723.022076,48714113439.24153,6667485790.753496,12725139419.975204,21.57977631754845,8.152516349560747,10.6134326075464,42.66839322671599,5.840009916391923,11.145871582236486,24637432816.858444,9307653188.56934,6667485790.753496,22,14,8,Universal P&C Insurance Co.;Florida Family Insurance Co.;First Protective Insurance Co.;Cypress P&C Insurance Co.;Tower Hill Insurance Exchange;Kin Interinsurance Network;Heritage P&C Insurance Co.;Florida Family Home Ins Co.;US Coastal P&C Insurance Co.;TypTap Insurance Co.;Homeowners Choice P&C Ins Co.;Edison Insurance Co.;Safe Harbor Insurance Co.;GeoVera Specialty Insurance Co;Auto Club Insurance Co. of FL;FL Farm Bureau General Ins Co.;Homesite Insurance Co.;State Farm FL Ins Co;AIG Property Casualty Co.;ASI Preferred Insurance Corp.;Castle Key Indemnity Co.;First Liberty Insurance Corp.,Universal P&C Insurance Co.;Florida Family Insurance Co.;First Protective Insurance Co.;Cypress P&C Insurance Co.;Tower Hill Insurance Exchange;Kin Interinsurance Network;Heritage P&C Insurance Co.;Florida Family Home Ins Co.;US Coastal P&C Insurance Co.;TypTap Insurance Co.;Homeowners Choice P&C Ins Co.;Edison Insurance Co.;Safe Harbor Insurance Co.;GeoVera Specialty Insurance Co,1249421618.4452288,8,30.911026990134417,996224386.3809454,0.0,0,1.0,2244791087.554196,358484220.0,3578796940.763318,539937478.65,359958319.1,539937478.65,359958319.1,3226485790.753496,6667485790.753496,3441000000.0,1395853723.0,1395853723.0,0.0,False,14130925661.076216,14130925661.076216,0.0,1.0,9562685851.903416,4568239809.1728,1870464845.716445,0.0,13,9464500000.0,9464500000.0,20
andrew,baseline,,1992230N11325,"{""1992230N11325"": 0.9486577643730127}",114169083378.4201,108307387398.28809,5861695980.132013,43305569600.56148,38737350581.24046,0.0,19307366132.746048,6957101083.740091,43305569600.56148,38737350581.24046,2045193878.423204,3816502101.70881,16.911203595066674,6.093682175480356,37.93108284580216,33.929807820952064,1.7913727761519196,3.3428507865468187,19307366132.746048,6957101083.740091,2045193878.423204,19,13,6,Universal P&C Insurance Co.;Florida Family Insurance Co.;First Protective Insurance Co.;Cypress P&C Insurance Co.;Tower Hill Insurance Exchange;Kin Interinsurance Network;Heritage P&C Insurance Co.;US Coastal P&C Insurance Co.;TypTap Insurance Co.;Homeowners Choice P&C Ins Co.;Edison Insurance Co.;Safe Harbor Insurance Co.;GeoVera Specialty Insurance Co;FL Farm Bureau General Ins Co.;State Farm FL Ins Co;AIG Property Casualty Co.;ASI Preferred Insurance Corp.;Castle Key Indemnity Co.;First Liberty Insurance Corp.,Universal P&C Insurance Co.;Florida Family Insurance Co.;First Protective Insurance Co.;Cypress P&C Insurance Co.;Tower Hill Insurance Exchange;Kin Interinsurance Network;Heritage P&C Insurance Co.;US Coastal P&C Insurance Co.;TypTap Insurance Co.;Homeowners Choice P&C Ins Co.;Edison Insurance Co.;Safe Harbor Insurance Co.;GeoVera Specialty Insurance Co,713410713.1087697,6,30.561185967044747,540692161.2932813,0.0,0,1.0,1573493444.8480496,362347620.0,2345241352.4170885,539937478.65,359958319.1,539937478.65,359958319.1,0.0,2045193878.423204,2045193878.423204,1395853723.0,1395853723.0,0.0,False,10307599580.417795,10307599580.417795,0.0,1.0,6833560647.609617,3474038932.8081775,1845203333.8161335,0.0,13,9464500000.0,9464500000.0,21
andrew,baseline,,1992230N11325,"{""1992230N11325"": 0.9503169106387342}",114169083378.42009,108496810606.63623,5672272771.783854,18478975844.63518,44753374592.448524,0.0,33874329421.808887,11390130747.743643,18478975844.63518,44753374592.448524,1980485139.7228732,3691787632.0609813,29.670317409425493,9.976545673043892,16.18562162173584,39.19920635966819,1.7346947887445496,3.233614147382033,33874329421.808887,11390130747.743643,1980485139.7228732,26,17,9,Universal P&C Insurance Co.;Florida Family Insurance Co.;First Protective Insurance Co.;Cypress P&C Insurance Co.;Florida Peninsula Insurance Co;Tower Hill Insurance Exchange;Kin Interinsurance Network;Heritage P&C Insurance Co.;Florida Family Home Ins Co.;US Coastal P&C Insurance Co.;TypTap Insurance Co.;Homeowners Choice P&C Ins Co.;Edison Insurance Co.;Safe Harbor Insurance Co.;GeoVera Specialty Insurance Co;Universal North America Ins Co;Auto Club Insurance Co. of FL;American Platinum P&C Ins Co.;FL Farm Bureau General Ins Co.;Homesite Insurance Co.;State Farm FL Ins Co;AIG Property Casualty Co.;ASI Preferred Insurance Corp.;ACE Ins Co. of the Midwest;Castle Key Indemnity Co.;First Liberty Insurance Corp.,Universal P&C Insurance Co.;Florida Family Insurance Co.;First Protective Insurance Co.;Cypress P&C Insurance Co.;Florida Peninsula Insurance Co;Tower Hill Insurance Exchange;Kin Interinsurance Network;Heritage P&C Insurance Co.;Florida Family Home Ins Co.;US Coastal P&C Insurance Co.;TypTap Insurance Co.;Homeowners Choice P&C Ins Co.;Edison Insurance Co.;Safe Harbor Insurance Co.;GeoVera Specialty Insurance Co;Universal North America Ins Co;American Platinum P&C Ins Co.,2302622271.2563734,9,34.45361965929429,1080750710.1165056,19557872.190185867,1,0.9811320754716981,4670876121.151651,319362300.0,5661457385.147821,539937478.65,359958319.1,539937478.65,359958319.1,0.0,1980485139.7228732,1980485139.7228732,1395853723.0,1395853723.0,0.0,False,16724024239.896564,16724024239.896564,0.0,1.0,12155784430.723764,4568239809.1728,2122431804.6864405,0.0,13,9464500000.0,9464500000.0,22
andrew,baseline,,1992230N11325,"{""1992230N11325"": 0.6831190886821156}",114169083378.42007,77991080193.13878,36178003185.28129,18230438666.355537,36268159050.894615,0.0,16814925983.499716,6677556492.38892,18230438666.355537,36268159050.894615,12401527816.613686,23776475368.667606,14.72809055299644,5.848830782196761,15.967929431411557,31.7670581016068,10.862422163369832,20.82566896841862,16814925983.499716,6677556492.38892,12401527816.613686,17,12,5,Universal P&C Insurance Co.;First Protective Insurance Co.;Cypress P&C Insurance Co.;Tower Hill Insurance Exchange;Kin Interinsurance Network;Heritage P&C Insurance Co.;US Coastal P&C Insurance Co.;TypTap Insurance Co.;Homeowners Choice P&C Ins Co.;Edison Insurance Co.;Safe Harbor Insurance Co.;GeoVera Specialty Insurance Co;FL Farm Bureau General Ins Co.;State Farm FL Ins Co;AIG Property Casualty Co.;ASI Preferred Insurance Corp.;Castle Key Indemnity Co.,Universal P&C Insurance Co.;First Protective Insurance Co.;Cypress P&C Insurance Co.;Tower Hill Insurance Exchange;Kin Interinsurance Network;Heritage P&C Insurance Co.;US Coastal P&C Insurance Co.;TypTap Insurance Co.;Homeowners Choice P&C Ins Co.;Edison Insurance Co.;Safe Harbor Insurance Co.;GeoVera Specialty Insurance Co,574702988.7401633,5,30.1173132839673,648594235.2677237,0.0,0,1.0,1715835585.7613091,367249440.0,2625758067.944486,539937478.65,359958319.1,539937478.65,359958319.1,8960527816.613686,12401527816.613686,3441000000.0,1395853723.0,1395853723.0,0.0,False,7589366025.606354,7589366025.606354,0.0,1.0,4696893123.001732,2892472902.6046214,1809466182.5055761,0.0,13,9464500000.0,9464500000.0,23
andrew,baseline,,1992230N11325,"{""1992230N11325"": 0.9561285502653358}",114169083378.4201,109160320175.73105,5008763202.689051,21974076359.405712,49351924126.87495,0.0,25248278830.623653,12586040858.826715,21974076359.405712,49351924126.87495,1753824068.4310663,3254939134.257984,22.11481259504971,11.024036005535358,19.2469587292484,43.22704769670008,1.536163746377742,2.850981227088684,25248278830.623653,12586040858.826715,1753824068.4310663,22,15,7,Universal P&C Insurance Co.;Florida Family Insurance Co.;First Protective Insurance Co.;Cypress P&C Insurance Co.;Tower Hill Insurance Exchange;Kin Interinsurance Network;Heritage P&C Insurance Co.;Florida Family Home Ins Co.;US Coastal P&C Insurance Co.;TypTap Insurance Co.;Homeowners Choice P&C Ins Co.;Edison Insurance Co.;Safe Harbor Insurance Co.;GeoVera Specialty Insurance Co;Universal North America Ins Co;FL Farm Bureau General Ins Co.;Homesite Insurance Co.;State Farm FL Ins Co;AIG Property Casualty Co.;ASI Preferred Insurance Corp.;Castle Key Indemnity Co.;First Liberty Insurance Corp.,Universal P&C Insurance Co.;Florida Family Insurance Co.;First Protective Insurance Co.;Cypress P&C Insurance Co.;Tower Hill Insurance Exchange;Kin Interinsurance Network;Heritage P&C Insurance Co.;Florida Family Home Ins Co.;US Coastal P&C Insurance Co.;TypTap Insurance Co.;Homeowners Choice P&C Ins Co.;Edison Insurance Co.;Safe Harbor Insurance Co.;GeoVera Specialty Insurance Co;Universal North America Ins Co,1497674326.798961,7,31.22475381411744,726813647.8607194,0.0,0,1.0,2520359334.670769,355019640.0,6755611929.548693,539937478.65,359958319.1,539937478.65,359958319.1,0.0,1753824068.4310663,1753824068.4310663,1395853723.0,1395853723.0,0.0,False,13711868060.176683,13711868060.176683,0.0,1.0,9143628251.003883,4568239809.1728,2085328394.7440794,0.0,13,9464500000.0,9464500000.0,24
andrew,baseline,,1992230N11325,"{""1992230N11325"": 0.8880715020066543}",114169083378.42009,101390309358.59648,12778774019.823608,23990581327.99378,31409033716.05907,0.0,31749675522.545197,14241018791.99844,23990581327.99378,31409033716.05907,4408132397.643735,8370641622.179873,27.809346088300497,12.473621028204064,21.013203065207765,27.510980018953113,3.8610561346391146,7.331793664695454,31749675522.545197,14241018791.99844,4408132397.643735,26,17,9,Universal P&C Insurance Co.;Florida Family Insurance Co.;First Protective Insurance Co.;Cypress P&C Insurance Co.;Florida Peninsula Insurance Co;Tower Hill Insurance Exchange;Kin Interinsurance Network;Heritage P&C Insurance Co.;Florida Family Home Ins Co.;US Coastal P&C Insurance Co.;TypTap Insurance Co.;Homeowners Choice P&C Ins Co.;Edison Insurance Co.;Safe Harbor Insurance Co.;GeoVera Specialty Insurance Co;Florida Farm Bureau Cas Ins Co;Auto Club Insurance Co. of FL;American Platinum P&C Ins Co.;FL Farm Bureau General Ins Co.;Homesite Insurance Co.;State Farm FL Ins Co;AIG Property Casualty Co.;ASI Preferred Insurance Corp.;ACE Ins Co. of the Midwest;Castle Key Indemnity Co.;First Liberty Insurance Corp.,Universal P&C Insurance Co.;Florida Family Insurance Co.;First Protective Insurance Co.;Cypress P&C Insurance Co.;Florida Peninsula Insurance Co;Tower Hill Insurance Exchange;Kin Interinsurance Network;Heritage P&C Insurance Co.;Florida Family Home Ins Co.;US Coastal P&C Insurance Co.;TypTap Insurance Co.;Homeowners Choice P&C Ins Co.;Edison Insurance Co.;Safe Harbor Insurance Co.;GeoVera Specialty Insurance Co;Florida Farm Bureau Cas Ins Co;American Platinum P&C Ins Co.,2594311038.403308,9,34.85309257780133,1240321077.070678,6579569.969828993,1,0.9811320754716981,4094345368.6020403,314950800.0,8434443199.463722,539937478.65,359958319.1,539937478.65,359958319.1,967132397.6437349,4408132397.643735,3441000000.0,1395853723.0,1395853723.0,0.0,False,14837965501.436714,14837965501.436714,0.0,1.0,10269725692.263914,4568239809.1728,2109499540.7231965,0.0,13,9464500000.0,9464500000.0,25
andrew,baseline,,1992230N11325,"{""1992230N11325"": 0.9074947384790492}",114169083378.42007,103607842462.89209,10561240915.52799,15477012912.532352,41206993413.60057,0.0,37109724429.74625,9814111707.012936,15477012912.532352,41206993413.60057,3650602359.711646,6910638555.816345,32.504180056122465,8.5961202600563,13.55622069876211,36.092952832964066,3.197540219896057,6.052985932199027,37109724429.74625,9814111707.012936,3650602359.711646,27,18,9,Universal P&C Insurance Co.;Florida Family Insurance Co.;First Protective Insurance Co.;Cypress P&C Insurance Co.;Florida Peninsula Insurance Co;Tower Hill Insurance Exchange;Kin Interinsurance Network;Heritage P&C Insurance Co.;Florida Family Home Ins Co.;US Coastal P&C Insurance Co.;TypTap Insurance Co.;Homeowners Choice P&C Ins Co.;Edison Insurance Co.;Safe Harbor Insurance Co.;GeoVera Specialty Insurance Co;Florida Farm Bureau Cas Ins Co;Universal North America Ins Co;Auto Club Insurance Co. of FL;American Platinum P&C Ins Co.;FL Farm Bureau General Ins Co.;Homesite Insurance Co.;State Farm FL Ins Co;AIG Property Casualty Co.;ASI Preferred Insurance Corp.;ACE Ins Co. of the Midwest;Castle Key Indemnity Co.;First Liberty Insurance Corp.,Universal P&C Insurance Co.;Florida Family Insurance Co.;First Protective Insurance Co.;Cypress P&C Insurance Co.;Florida Peninsula Insurance Co;Tower Hill Insurance Exchange;Kin Interinsurance Network;Heritage P&C Insurance Co.;Florida Family Home Ins Co.;US Coastal P&C Insurance Co.;TypTap Insurance Co.;Homeowners Choice P&C Ins Co.;Edison Insurance Co.;Safe Harbor Insurance Co.;GeoVera Specialty Insurance Co;Florida Farm Bureau Cas Ins Co;Universal North America Ins Co;American Platinum P&C Ins Co.,3032992991.233442,9,35.166819401784345,1378521012.307827,12501942.274926335,1,0.9811320754716981,5870406727.355515,311486220.0,4165220322.018169,539937478.65,359958319.1,539937478.65,359958319.1,209602359.71164608,3650602359.711646,3441000000.0,1395853723.0,1395853723.0,0.0,False,15289990571.00832,15289990571.00832,0.0,1.0,10721750761.83552,4568239809.1728,2113088861.8995426,0.0,13,9464500000.0,9464500000.0,26
andrew,baseline,,1992230N11325,"{""1992230N11325"": 0.9231389744390662}",114169083378.42009,105393930542.60297,8775152835.817123,13919891449.051239,50276006597.246414,0.0,28472479437.264626,12725553059.04069,13919891449.051239,50276006597.246414,3040457975.326819,5734694860.490305,24.938870134299783,11.146233886157342,12.192347557799817,44.03644586564968,2.6631184952663967,5.022984060826979,28472479437.264626,12725553059.04069,3040457975.326819,25,17,8,Universal P&C Insurance Co.;Florida Family Insurance Co.;First Protective Insurance Co.;Cypress P&C Insurance Co.;Florida Peninsula Insurance Co;Tower Hill Insurance Exchange;Kin Interinsurance Network;Heritage P&C Insurance Co.;Florida Family Home Ins Co.;US Coastal P&C Insurance Co.;TypTap Insurance Co.;Homeowners Choice P&C Ins Co.;Edison Insurance Co.;Safe Harbor Insurance Co.;GeoVera Specialty Insurance Co;Universal North America Ins Co;American Platinum P&C Ins Co.;FL Farm Bureau General Ins Co.;Homesite Insurance Co.;State Farm FL Ins Co;AIG Property Casualty Co.;ASI Preferred Insurance Corp.;ACE Ins Co. of the Midwest;Castle Key Indemnity Co.;First Liberty Insurance Corp.,Universal P&C Insurance Co.;Florida Family Insurance Co.;First Protective Insurance Co.;Cypress P&C Insurance Co.;Florida Peninsula Insurance Co;Tower Hill Insurance Exchange;Kin Interinsurance Network;Heritage P&C Insurance Co.;Florida Family Home Ins Co.;US Coastal P&C Insurance Co.;TypTap Insurance Co.;Homeowners Choice P&C Ins Co.;Edison Insurance Co.;Safe Harbor Insurance Co.;GeoVera Specialty Insurance Co;Universal North America Ins Co;American Platinum P&C Ins Co.,1680652373.1832235,8,34.45361965929429,891779089.4692235,4974763.862980109,1,0.9811320754716981,3490507834.118072,319362300.0,6918312908.6816025,539937478.65,359958319.1,539937478.65,359958319.1,0.0,3040457975.326819,3040457975.326819,1395853723.0,1395853723.0,0.0,False,14977589230.476393,14977589230.476393,0.0,1.0,10409349421.303593,4568239809.1728,2113118293.2175264,0.0,13,9464500000.0,9464500000.0,27
andrew,baseline,,1992230N11325,"{""1992230N11325"": 0.8214858626525607}",114169083378.42007,93788287947.37354,20380795431.046535,13634126341.337711,46232417972.85275,0.0,24076274873.6124,9845468759.570684,13634126341.337711,46232417972.85275,7005053975.431624,13375741455.614906,21.088261516307515,8.623585710097457,11.942047652381167,40.49469138646993,6.135683819246377,11.715729915497555,24076274873.6124,9845468759.570684,7005053975.431624,21,14,7,Universal P&C Insurance Co.;Florida Family Insurance Co.;First Protective Insurance Co.;Cypress P&C Insurance Co.;Tower Hill Insurance Exchange;Kin Interinsurance Network;Heritage P&C Insurance Co.;Florida Family Home Ins Co.;US Coastal P&C Insurance Co.;TypTap Insurance Co.;Homeowners Choice P&C Ins Co.;Edison Insurance Co.;Safe Harbor Insurance Co.;GeoVera Specialty Insurance Co;FL Farm Bureau General Ins Co.;Homesite Insurance Co.;State Farm FL Ins Co;AIG Property Casualty Co.;ASI Preferred Insurance Corp.;Castle Key Indemnity Co.;First Liberty Insurance Corp.,Universal P&C Insurance Co.;Florida Family Insurance Co.;First Protective Insurance Co.;Cypress P&C Insurance Co.;Tower Hill Insurance Exchange;Kin Interinsurance Network;Heritage P&C Insurance Co.;Florida Family Home Ins Co.;US Coastal P&C Insurance Co.;TypTap Insurance Co.;Homeowners Choice P&C Ins Co.;Edison Insurance Co.;Safe Harbor Insurance Co.;GeoVera Specialty Insurance Co,1150131784.7684205,7,30.911026990134417,877201508.2735665,0.0,0,1.0,2517246179.621179,358484220.0,4099908084.551185,539937478.65,359958319.1,539937478.65,359958319.1,3564053975.4316244,7005053975.431624,3441000000.0,1395853723.0,1395853723.0,0.0,False,13187569914.142372,13187569914.142372,0.0,1.0,8619330104.969572,4568239809.1728,2117635008.8021398,0.0,13,9464500000.0,9464500000.0,28
andrew,baseline,,1992230N11325,"{""1992230N11325"": 0.9689119175494731}",114169083378.42007,110619785501.05066,3549297877.369421,18221682712.400455,59964995671.66085,0.0,24344554321.706516,8088552795.2828455,18221682712.400455,59964995671.66085,1255257070.216566,2294040807.152854,21.32324583969469,7.084713791099527,15.960260145037363,52.52297197911573,1.099471970056853,2.0093362749958517,24344554321.706516,8088552795.2828455,1255257070.216566,21,13,8,Universal P&C Insurance Co.;Florida Family Insurance Co.;First Protective Insurance Co.;Cypress P&C Insurance Co.;Tower Hill Insurance Exchange;Kin Interinsurance Network;Heritage P&C Insurance Co.;US Coastal P&C Insurance Co.;TypTap Insurance Co.;Homeowners Choice P&C Ins Co.;Edison Insurance Co.;Safe Harbor Insurance Co.;GeoVera Specialty Insurance Co;Auto Club Insurance Co. of FL;FL Farm Bureau General Ins Co.;Homesite Insurance Co.;State Farm FL Ins Co;AIG Property Casualty Co.;ASI Preferred Insurance Corp.;Castle Key Indemnity Co.;First Liberty Insurance Corp.,Universal P&C Insurance Co.;Florida Family Insurance Co.;First Protective Insurance Co.;Cypress P&C Insurance Co.;Tower Hill Insurance Exchange;Kin Interinsurance Network;Heritage P&C Insurance Co.;US Coastal P&C Insurance Co.;TypTap Insurance Co.;Homeowners Choice P&C Ins Co.;Edison Insurance Co.;Safe Harbor Insurance Co.;GeoVera Specialty Insurance Co,902494787.4413844,8,30.561185967044747,703941915.4425473,0.0,0,1.0,1885248178.851729,362347620.0,2412058473.817886,539937478.65,359958319.1,539937478.65,359958319.1,0.0,1255257070.216566,1255257070.216566,1395853723.0,1255257070.216566,0.0,False,14017073195.43464,14017073195.43464,0.0,1.0,9448833386.26184,4568239809.1728,2068001952.9269931,0.0,13,9464500000.0,9464500000.0,29
andrew,baseline,,1992230N11325,"{""1992230N11325"": 0.8745983403558286}",114169083378.42007,99852090842.7124,14316992535.707666,16816010578.697485,41984779491.96151,0.0,31228601750.43271,9822699021.62072,16816010578.697485,41984779491.96151,4933602221.940055,9383390313.76761,27.352940766743032,8.603641836260358,14.729040543278987,36.77421088930049,4.321311931346022,8.218854033071123,31228601750.43271,9822699021.62072,4933602221.940055,25,17,8,Universal P&C Insurance Co.;Florida Family Insurance Co.;First Protective Insurance Co.;Cypress P&C Insurance Co.;Florida Peninsula Insurance Co;Tower Hill Insurance Exchange;Kin Interinsurance Network;Heritage P&C Insurance Co.;Florida Family Home Ins Co.;US Coastal P&C Insurance Co.;TypTap Insurance Co.;Homeowners Choice P&C Ins Co.;Edison Insurance Co.;Safe Harbor Insurance Co.;GeoVera Specialty Insurance Co;Universal North America Ins Co;Auto Club Insurance Co. of FL;American Platinum P&C Ins Co.;FL Farm Bureau General Ins Co.;Homesite Insurance Co.;State Farm FL Ins Co;AIG Property Casualty Co.;ASI Preferred Insurance Corp.;Castle Key Indemnity Co.;First Liberty Insurance Corp.,Universal P&C Insurance Co.;Florida Family Insurance Co.;First Protective Insurance Co.;Cypress P&C Insurance Co.;Florida Peninsula Insurance Co;Tower Hill Insurance Exchange;Kin Interinsurance Network;Heritage P&C Insurance Co.;Florida Family Home Ins Co.;US Coastal P&C Insurance Co.;TypTap Insurance Co.;Homeowners Choice P&C Ins Co.;Edison Insurance Co.;Safe Harbor Insurance Co.;GeoVera Specialty Insurance Co;Universal North America Ins Co;American Platinum P&C Ins Co.,2762270431.0098395,8,34.45361965929429,1174506273.8732214,10970687.543135889,1,0.9811320754716981,4157367937.7913923,319362300.0,4137126390.1015115,539937478.65,359958319.1,539937478.65,359958319.1,1492602221.940055,4933602221.940055,3441000000.0,1395853723.0,1395853723.0,0.0,False,14710981996.081753,14710981996.081753,0.0,1.0,10142742186.908953,4568239809.1728,2104707989.9983587,0.0,13,9464500000.0,9464500000.0,30
andrew,baseline,,1992230N11325,"{""1992230N11325"": 0.7459054941158713}",114169083378.42007,85159346550.13654,29009736828.283546,15095731305.989334,30965972117.29571,0.0,30911584225.89042,8186058900.961071,15095731305.989334,30965972117.29571,9952781020.092388,19056955808.19116,27.075267061076573,7.17011879111607,13.222258477764646,27.122905081629845,8.71757986100608,16.691870727406798,30911584225.89042,8186058900.961071,9952781020.092388,25,16,9,Universal P&C Insurance Co.;Florida Family Insurance Co.;First Protective Insurance Co.;Cypress P&C Insurance Co.;Florida Peninsula Insurance Co;Tower Hill Insurance Exchange;Kin Interinsurance Network;Heritage P&C Insurance Co.;Florida Family Home Ins Co.;US Coastal P&C Insurance Co.;TypTap Insurance Co.;Homeowners Choice P&C Ins Co.;Edison Insurance Co.;Safe Harbor Insurance Co.;GeoVera Specialty Insurance Co;Universal North America Ins Co;Auto Club Insurance Co. of FL;FL Farm Bureau General Ins Co.;Homesite Insurance Co.;State Farm FL Ins Co;AIG Property Casualty Co.;ASI Preferred Insurance Corp.;ACE Ins Co. of the Midwest;Castle Key Indemnity Co.;First Liberty Insurance Corp.,Universal P&C Insurance Co.;Florida Family Insurance Co.;First Protective Insurance Co.;Cypress P&C Insurance Co.;Florida Peninsula Insurance Co;Tower Hill Insurance Exchange;Kin Interinsurance Network;Heritage P&C Insurance Co.;Florida Family Home Ins Co.;US Coastal P&C Insurance Co.;TypTap Insurance Co.;Homeowners Choice P&C Ins Co.;Edison Insurance Co.;Safe Harbor Insurance Co.;GeoVera Specialty Insurance Co;Universal North America Ins Co,2125569287.084423,9,34.296269979690315,1615598055.187039,0.0,0,1.0,4335528971.403124,321099960.0,2557637966.004112,539937478.65,359958319.1,539937478.65,359958319.1,6511781020.092388,9952781020.092388,3441000000.0,1395853723.0,1395853723.0,0.0,False,14495124241.225075,14495124241.225075,0.0,1.0,9926884432.052275,4568239809.1728,2098383843.0786626,0.0,13,9464500000.0,9464500000.0,31
andrew,baseline,,1992230N11325,"{""1992230N11325"": 0.998381206954349}",114169083378.42007,113737517749.67352,431565628.74655443,32375755728.068535,51718022447.95593,0.0,20820794485.453487,8822945088.19557,32375755728.068535,51718022447.95593,157640277.5253473,273925351.2212072,18.236806208246197,7.727963496870169,28.357725900940455,45.299498706259676,0.13807615237028698,0.23992953531322106,20820794485.453487,8822945088.19557,157640277.5253473,18,12,6,Universal P&C Insurance Co.;First Protective Insurance Co.;Cypress P&C Insurance Co.;Tower Hill Insurance Exchange;Kin Interinsurance Network;Heritage P&C Insurance Co.;US Coastal P&C Insurance Co.;TypTap Insurance Co.;Homeowners Choice P&C Ins Co.;Edison Insurance Co.;Safe Harbor Insurance Co.;GeoVera Specialty Insurance Co;FL Farm Bureau General Ins Co.;State Farm FL Ins Co;AIG Property Casualty Co.;ASI Preferred Insurance Corp.;ACE Ins Co. of the Midwest;Castle Key Indemnity Co.,Universal P&C Insurance Co.;First Protective Insurance Co.;Cypress P&C Insurance Co.;Tower Hill Insurance Exchange;Kin Interinsurance Network;Heritage P&C Insurance Co.;US Coastal P&C Insurance Co.;TypTap Insurance Co.;Homeowners Choice P&C Ins Co.;Edison Insurance Co.;Safe Harbor Insurance Co.;GeoVera Specialty Insurance Co,856150800.8893267,6,30.1173132839673,860583807.8622501,0.0,0,1.0,2283083810.961678,367249440.0,3814444390.7793083,539937478.65,359958319.1,539937478.65,359958319.1,0.0,157640277.5253473,157640277.5253473,1395853723.0,157640277.5253473,0.0,False,10916495742.588125,10916495742.588125,0.0,1.0,7099241966.414714,3817253776.173412,1933413151.3644183,0.0,13,9464500000.0,9464500000.0,32
andrew,baseline,,1992230N11325,"{""1992230N11325"": 0.933517998555417}",114169083378.42009,106578894212.32924,7590189166.090857,16803129761.417393,45823438689.25426,0.0,35086405259.545845,8865920502.111732,16803129761.417393,45823438689.25426,2635663308.7051373,4954525857.385719,30.731967202758305,7.765605398376653,14.717758314413754,40.13646893999297,2.3085613291376594,4.3396388153206535,35086405259.545845,8865920502.111732,2635663308.7051373,28,18,10,Universal P&C Insurance Co.;Florida Family Insurance Co.;First Protective Insurance Co.;Cypress P&C Insurance Co.;Florida Peninsula Insurance Co;Tower Hill Insurance Exchange;Kin Interinsurance Network;Heritage P&C Insurance Co.;Florida Family Home Ins Co.;US Coastal P&C Insurance Co.;TypTap Insurance Co.;Homeowners Choice P&C Ins Co.;Edison Insurance Co.;Safe Harbor Insurance Co.;GeoVera Specialty Insurance Co;Florida Farm Bureau Cas Ins Co;Universal North America Ins Co;Auto Club Insurance Co. of FL;American Platinum P&C Ins Co.;FL Farm Bureau General Ins Co.;Castle Key Insurance Co.;Homesite Insurance Co.;State Farm FL Ins Co;AIG Property Casualty Co.;ASI Preferred Insurance Corp.;ACE Ins Co. of the Midwest;Castle Key Indemnity Co.;First Liberty Insurance Corp.,Universal P&C Insurance Co.;Florida Family Insurance Co.;First Protective Insurance Co.;Cypress P&C Insurance Co.;Florida Peninsula Insurance Co;Tower Hill Insurance Exchange;Kin Interinsurance Network;Heritage P&C Insurance Co.;Florida Family Home Ins Co.;US Coastal P&C Insurance Co.;TypTap Insurance Co.;Homeowners Choice P&C Ins Co.;Edison Insurance Co.;Safe Harbor Insurance Co.;GeoVera Specialty Insurance Co;Florida Farm Bureau Cas Ins Co;Universal North America Ins Co;American Platinum P&C Ins Co.,2716031485.8036175,10,35.166819401784345,1482831223.5567605,13575462.368927203,1,0.9811320754716981,4624904598.182082,311486220.0,3231996748.4943714,539937478.65,359958319.1,539937478.65,359958319.1,0.0,2635663308.7051373,2635663308.7051373,1395853723.0,1395853723.0,0.0,False,15696554473.413164,15696554473.413164,0.0,1.0,11128314664.240364,4568239809.1728,2119945071.7267454,0.0,13,9464500000.0,9464500000.0,33
andrew,baseline,,1992230N11325,"{""1992230N11325"": 0.9737222243801296}",114169083378.42007,111168973822.67566,3000109555.744421,20520721234.695034,48902378919.64175,0.0,30634623525.04852,11111250143.29037,20520721234.695034,48902378919.64175,1067649205.7357367,1932460350.0086849,26.832678881644583,9.732275861812331,17.973973888077833,42.83329380647821,0.9351473920456654,1.6926301699413953,30634623525.04852,11111250143.29037,1067649205.7357367,26,17,9,Universal P&C Insurance Co.;Florida Family Insurance Co.;First Protective Insurance Co.;Cypress P&C Insurance Co.;Florida Peninsula Insurance Co;Tower Hill Insurance Exchange;Kin Interinsurance Network;Heritage P&C Insurance Co.;Florida Family Home Ins Co.;US Coastal P&C Insurance Co.;TypTap Insurance Co.;Homeowners Choice P&C Ins Co.;Edison Insurance Co.;Safe Harbor Insurance Co.;GeoVera Specialty Insurance Co;Universal North America Ins Co;Auto Club Insurance Co. of FL;American Platinum P&C Ins Co.;FL Farm Bureau General Ins Co.;Homesite Insurance Co.;State Farm FL Ins Co;AIG Property Casualty Co.;ASI Preferred Insurance Corp.;ACE Ins Co. of the Midwest;Castle Key Indemnity Co.;First Liberty Insurance Corp.,Universal P&C Insurance Co.;Florida Family Insurance Co.;First Protective Insurance Co.;Cypress P&C Insurance Co.;Florida Peninsula Insurance Co;Tower Hill Insurance Exchange;Kin Interinsurance Network;Heritage P&C Insurance Co.;Florida Family Home Ins Co.;US Coastal P&C Insurance Co.;TypTap Insurance Co.;Homeowners Choice P&C Ins Co.;Edison Insurance Co.;Safe Harbor Insurance Co.;GeoVera Specialty Insurance Co;Universal North America Ins Co;American Platinum P&C Ins Co.,2278339009.1695023,9,34.45361965929429,744994310.6578016,1495587.1395457014,1,0.9811320754716981,4055406838.9430933,319362300.0,5378685442.384993,539937478.65,359958319.1,539937478.65,359958319.1,0.0,1067649205.7357367,1067649205.7357367,1395853723.0,1067649205.7357367,0.0,False,14775009166.348711,14775009166.348711,0.0,1.0,10206769357.17591,4568239809.1728,2110984807.8634236,0.0,13,9464500000.0,9464500000.0,34
andrew,baseline,,1992230N11325,"{""1992230N11325"": 0.8538374069103409}",114169083378.42007,97481834101.16069,16687249277.25938,24321199191.866673,38593515209.32735,0.0,21935044171.548195,12632075528.418503,24321199191.866673,38593515209.32735,5743304082.01975,10943945195.239632,19.212770675265222,11.064357490327529,21.3027892246911,33.80382330075025,5.03052482516938,9.585734483796536,21935044171.548195,12632075528.418503,5743304082.01975,20,14,6,Universal P&C Insurance Co.;Florida Family Insurance Co.;First Protective Insurance Co.;Cypress P&C Insurance Co.;Tower Hill Insurance Exchange;Kin Interinsurance Network;Heritage P&C Insurance Co.;Florida Family Home Ins Co.;US Coastal P&C Insurance Co.;TypTap Insurance Co.;Homeowners Choice P&C Ins Co.;Edison Insurance Co.;Safe Harbor Insurance Co.;GeoVera Specialty Insurance Co;FL Farm Bureau General Ins Co.;State Farm FL Ins Co;AIG Property Casualty Co.;ASI Preferred Insurance Corp.;Castle Key Indemnity Co.;First Liberty Insurance Corp.,Universal P&C Insurance Co.;Florida Family Insurance Co.;First Protective Insurance Co.;Cypress P&C Insurance Co.;Tower Hill Insurance Exchange;Kin Interinsurance Network;Heritage P&C Insurance Co.;Florida Family Home Ins Co.;US Coastal P&C Insurance Co.;TypTap Insurance Co.;Homeowners Choice P&C Ins Co.;Edison Insurance Co.;Safe Harbor Insurance Co.;GeoVera Specialty Insurance Co,983557933.5603158,6,30.911026990134417,659652490.439085,0.0,0,1.0,2028929879.4895215,358484220.0,6757730225.383099,539937478.65,359958319.1,539937478.65,359958319.1,2302304082.0197496,5743304082.01975,3441000000.0,1395853723.0,1395853723.0,0.0,False,12929081469.728874,12929081469.728874,0.0,1.0,8360841660.556073,4568239809.1728,1813359607.3744063,0.0,13,9464500000.0,9464500000.0,35
andrew,baseline,,1992230N11325,"{""1992230N11325"": 0.9842344093377903}",114169083378.42007,112367370233.74876,1801713144.6713133,29288040334.557915,48448293997.138596,0.0,24709211828.81014,9921824073.242107,29288040334.557915,48448293997.138596,658035304.2515488,1143677840.4197645,21.64264711393891,8.690464861100482,25.653214922888534,42.43556360749074,0.5763690876543629,1.001740406926959,24709211828.81014,9921824073.242107,658035304.2515488,20,14,6,Universal P&C Insurance Co.;Florida Family Insurance Co.;First Protective Insurance Co.;Cypress P&C Insurance Co.;Tower Hill Insurance Exchange;Kin Interinsurance Network;Heritage P&C Insurance Co.;Florida Family Home Ins Co.;US Coastal P&C Insurance Co.;TypTap Insurance Co.;Homeowners Choice P&C Ins Co.;Edison Insurance Co.;Safe Harbor Insurance Co.;GeoVera Specialty Insurance Co;FL Farm Bureau General Ins Co.;State Farm FL Ins Co;AIG Property Casualty Co.;ASI Preferred Insurance Corp.;Castle Key Indemnity Co.;First Liberty Insurance Corp.,Universal P&C Insurance Co.;Florida Family Insurance Co.;First Protective Insurance Co.;Cypress P&C Insurance Co.;Tower Hill Insurance Exchange;Kin Interinsurance Network;Heritage P&C Insurance Co.;Florida Family Home Ins Co.;US Coastal P&C Insurance Co.;TypTap Insurance Co.;Homeowners Choice P&C Ins Co.;Edison Insurance Co.;Safe Harbor Insurance Co.;GeoVera Specialty Insurance Co,1259443534.8550658,6,30.911026990134417,712236654.1140823,0.0,0,1.0,2334090566.5011783,358484220.0,4176055647.965035,539937478.65,359958319.1,539937478.65,359958319.1,0.0,658035304.2515488,658035304.2515488,1395853723.0,658035304.2515488,0.0,False,13612602697.987362,13612602697.987362,0.0,1.0,9044362888.814562,4568239809.1728,1910123904.7074528,0.0,13,9464500000.0,9464500000.0,36
andrew,baseline,,1992230N11325,"{""1992230N11325"": 0.951047129498916}",114169083378.42007,108580179024.56882,5588904353.851263,27338493912.60627,54367617570.300606,0.0,20489675514.08498,6384392027.576967,27338493912.60627,54367617570.300606,1952005708.8289318,3636898645.022331,17.946781131780444,5.592049825271459,23.94561916731103,47.62026282552867,1.709749829871976,3.185537220236427,20489675514.08498,6384392027.576967,1952005708.8289318,19,13,6,Universal P&C Insurance Co.;First Protective Insurance Co.;Cypress P&C Insurance Co.;Tower Hill Insurance Exchange;Kin Interinsurance Network;Heritage P&C Insurance Co.;Florida Family Home Ins Co.;US Coastal P&C Insurance Co.;TypTap Insurance Co.;Homeowners Choice P&C Ins Co.;Edison Insurance Co.;Safe Harbor Insurance Co.;GeoVera Specialty Insurance Co;FL Farm Bureau General Ins Co.;State Farm FL Ins Co;AIG Property Casualty Co.;ASI Preferred Insurance Corp.;ACE Ins Co. of the Midwest;Castle Key Indemnity Co.,Universal P&C Insurance Co.;First Protective Insurance Co.;Cypress P&C Insurance Co.;Tower Hill Insurance Exchange;Kin Interinsurance Network;Heritage P&C Insurance Co.;Florida Family Home Ins Co.;US Coastal P&C Insurance Co.;TypTap Insurance Co.;Homeowners Choice P&C Ins Co.;Edison Insurance Co.;Safe Harbor Insurance Co.;GeoVera Specialty Insurance Co,747964928.4670768,6,30.467154307056973,802832399.0241952,0.0,0,1.0,2174375798.2099004,363386040.0,3584643482.956009,539937478.65,359958319.1,539937478.65,359958319.1,0.0,1952005708.8289318,1952005708.8289318,1395853723.0,1395853723.0,0.0,False,8481820539.781927,8481820539.781927,0.0,1.0,6864482995.441508,1617337544.3404193,1952113764.61198,0.0,13,9464500000.0,9464500000.0,37
andrew,baseline,,1992230N11325,"{""1992230N11325"": 0.9364645682289243}",114169083378.42007,106915301371.06422,7253782007.355858,8577020961.109534,26988216780.98844,0.0,52760909591.83553,18589154037.130722,8577020961.109534,26988216780.98844,2520743478.5463457,4733038528.809512,46.212957160176565,16.28212602488529,7.5125600620620725,23.638813575768516,2.2079037546366163,4.145639422470951,52760909591.83553,18589154037.130722,2520743478.5463457,35,22,13,Universal P&C Insurance Co.;Florida Family Insurance Co.;First Protective Insurance Co.;Cypress P&C Insurance Co.;Florida Peninsula Insurance Co;Tower Hill Insurance Exchange;Kin Interinsurance Network;Unique Insurance Co.;Heritage P&C Insurance Co.;Florida Family Home Ins Co.;US Coastal P&C Insurance Co.;TypTap Insurance Co.;Homeowners Choice P&C Ins Co.;Vault E&S Insurance Co.;Edison Insurance Co.;Safe Harbor Insurance Co.;Spinnaker Specialty Ins Co.;GeoVera Specialty Insurance Co;Florida Farm Bureau Cas Ins Co;Universal North America Ins Co;QBE Specialty Insurance Co.;Auto Club Insurance Co. of FL;American Platinum P&C Ins Co.;FL Farm Bureau General Ins Co.;Castle Key Insurance Co.;Homesite Insurance Co.;PURE Specialty Exchange;State Farm FL Ins Co;AIG Property Casualty Co.;Foremost P&C Insurance Co.;ASI Preferred Insurance Corp.;Nationwide P&C Insurance Co.;ACE Ins Co. of the Midwest;Castle Key Indemnity Co.;First Liberty Insurance Corp.,Universal P&C Insurance Co.;Florida Family Insurance Co.;First Protective Insurance Co.;Cypress P&C Insurance Co.;Florida Peninsula Insurance Co;Tower Hill Insurance Exchange;Kin Interinsurance Network;Unique Insurance Co.;Heritage P&C Insurance Co.;Florida Family Home Ins Co.;US Coastal P&C Insurance Co.;TypTap Insurance Co.;Homeowners Choice P&C Ins Co.;Vault E&S Insurance Co.;Edison Insurance Co.;Safe Harbor Insurance Co.;Spinnaker Specialty Ins Co.;GeoVera Specialty Insurance Co;Florida Farm Bureau Cas Ins Co;Universal North America Ins Co;QBE Specialty Insurance Co.;American Platinum P&C Ins Co.,6147991892.234632,13,35.89838321723671,3397396900.0838637,50689104.53241362,1,0.9811320754716981,12534594746.680662,303407340.0,12845729042.470865,539937478.65,359958319.1,539937478.65,359958319.1,0.0,2520743478.5463457,2520743478.5463457,1395853723.0,1395853723.0,0.0,False,15834678041.086802,15834678041.086802,0.0,1.0,11266438231.914001,4568239809.1728,2293181812.800494,0.0,14,9464500000.0,9464500000.0,38
andrew,baseline,,1992230N11325,"{""1992230N11325"": 0.9241385408900201}",114169083378.42007,105508050128.08417,8661033250.335913,12108205621.665009,47610888818.85658,0.0,32343244737.614513,13445710949.948067,12108205621.665009,47610888818.85658,3001473658.1362815,5659559592.19963,28.32924972377237,11.77701576650263,10.605503051585039,41.70208554714197,2.6289723709068613,4.957173540091139,32343244737.614513,13445710949.948067,3001473658.1362815,26,17,9,Universal P&C Insurance Co.;Florida Family Insurance Co.;First Protective Insurance Co.;Cypress P&C Insurance Co.;Tower Hill Insurance Exchange;Kin Interinsurance Network;Heritage P&C Insurance Co.;Florida Family Home Ins Co.;US Coastal P&C Insurance Co.;TypTap Insurance Co.;Homeowners Choice P&C Ins Co.;Edison Insurance Co.;Safe Harbor Insurance Co.;GeoVera Specialty Insurance Co;Florida Farm Bureau Cas Ins Co;Universal North America Ins Co;Auto Club Insurance Co. of FL;American Platinum P&C Ins Co.;FL Farm Bureau General Ins Co.;Homesite Insurance Co.;State Farm FL Ins Co;AIG Property Casualty Co.;ASI Preferred Insurance Corp.;ACE Ins Co. of the Midwest;Castle Key Indemnity Co.;First Liberty Insurance Corp.,Universal P&C Insurance Co.;Florida Family Insurance Co.;First Protective Insurance Co.;Cypress P&C Insurance Co.;Tower Hill Insurance Exchange;Kin Interinsurance Network;Heritage P&C Insurance Co.;Florida Family Home Ins Co.;US Coastal P&C Insurance Co.;TypTap Insurance Co.;Homeowners Choice P&C Ins Co.;Edison Insurance Co.;Safe Harbor Insurance Co.;GeoVera Specialty Insurance Co;Florida Farm Bureau Cas Ins Co;Universal North America Ins Co;American Platinum P&C Ins Co.,2622940044.30763,9,32.09530323621147,1881582131.827711,17014549.805637658,1,0.9811320754716981,4663931706.324462,345405900.0,7662408560.529979,539937478.65,359958319.1,539937478.65,359958319.1,0.0,3001473658.1362815,3001473658.1362815,1395853723.0,1395853723.0,0.0,False,15086343353.758902,15086343353.758902,0.0,1.0,10518103544.586102,4568239809.1728,1974866094.1712089,0.0,13,9464500000.0,9464500000.0,39
andrew,baseline,,1992230N11325,"{""1992230N11325"": 0.892209837166695}",114169083378.42007,101862779290.53098,12306304087.889093,23083339880.425995,42034730879.58173,0.0,29145725603.688725,7598982926.834534,23083339880.425995,42034730879.58173,4246732252.2448626,8059571835.64423,25.528562322851904,6.655902545566791,20.21855584485593,36.81796300339486,3.7196867370554436,7.059329546275071,29145725603.688725,7598982926.834534,4246732252.2448626,24,16,8,Universal P&C Insurance Co.;Florida Family Insurance Co.;First Protective Insurance Co.;Cypress P&C Insurance Co.;Florida Peninsula Insurance Co;Tower Hill Insurance Exchange;Kin Interinsurance Network;Heritage P&C Insurance Co.;Florida Family Home Ins Co.;US Coastal P&C Insurance Co.;TypTap Insurance Co.;Homeowners Choice P&C Ins Co.;Edison Insurance Co.;Safe Harbor Insurance Co.;GeoVera Specialty Insurance Co;Universal North America Ins Co;Auto Club Insurance Co. of FL;FL Farm Bureau General Ins Co.;Homesite Insurance Co.;State Farm FL Ins Co;AIG Property Casualty Co.;ASI Preferred Insurance Corp.;Castle Key Indemnity Co.;First Liberty Insurance Corp.,Universal P&C Insurance Co.;Florida Family Insurance Co.;First Protective Insurance Co.;Cypress P&C Insurance Co.;Florida Peninsula Insurance Co;Tower Hill Insurance Exchange;Kin Interinsurance Network;Heritage P&C Insurance Co.;Florida Family Home Ins Co.;US Coastal P&C Insurance Co.;TypTap Insurance Co.;Homeowners Choice P&C Ins Co.;Edison Insurance Co.;Safe Harbor Insurance Co.;GeoVera Specialty Insurance Co;Universal North America Ins Co,2004247221.1796808,8,34.296269979690315,1384035214.7767937,0.0,0,1.0,3607881682.070092,321099960.0,2348804830.9452705,539937478.65,359958319.1,539937478.65,359958319.1,805732252.2448626,4246732252.2448626,3441000000.0,1395853723.0,1395853723.0,0.0,False,14185285733.755161,14185285733.755161,0.0,1.0,9999939573.806393,4185346159.9487696,2115012470.106152,0.0,13,9464500000.0,9464500000.0,40
andrew,baseline,,1992230N11325,"{""1992230N11325"": 0.8902556748899155}",114169083378.42009,101639674374.61841,12529409003.801678,20607822559.5971,48469150864.00976,0.0,24276100981.09933,8286599969.912208,20607822559.5971,48469150864.00976,4322946977.105884,8206462026.695796,21.263287978440516,7.258182096851727,18.050265404418873,42.45383200928042,3.786442747181585,7.187989763826866,24276100981.09933,8286599969.912208,4322946977.105884,23,15,8,Universal P&C Insurance Co.;Florida Family Insurance Co.;First Protective Insurance Co.;Cypress P&C Insurance Co.;Tower Hill Insurance Exchange;Kin Interinsurance Network;Heritage P&C Insurance Co.;Florida Family Home Ins Co.;US Coastal P&C Insurance Co.;TypTap Insurance Co.;Homeowners Choice P&C Ins Co.;Edison Insurance Co.;Safe Harbor Insurance Co.;GeoVera Specialty Insurance Co;American Platinum P&C Ins Co.;FL Farm Bureau General Ins Co.;Homesite Insurance Co.;State Farm FL Ins Co;AIG Property Casualty Co.;ASI Preferred Insurance Corp.;ACE Ins Co. of the Midwest;Castle Key Indemnity Co.;First Liberty Insurance Corp.,Universal P&C Insurance Co.;Florida Family Insurance Co.;First Protective Insurance Co.;Cypress P&C Insurance Co.;Tower Hill Insurance Exchange;Kin Interinsurance Network;Heritage P&C Insurance Co.;Florida Family Home Ins Co.;US Coastal P&C Insurance Co.;TypTap Insurance Co.;Homeowners Choice P&C Ins Co.;Edison Insurance Co.;Safe Harbor Insurance Co.;GeoVera Specialty Insurance Co;American Platinum P&C Ins Co.,904900173.418712,8,31.06837666973839,870859943.3524442,782003.7315721326,1,0.9811320754716981,2602036551.25409,356746560.0,3388401678.6458097,539937478.65,359958319.1,539937478.65,359958319.1,881946977.1058836,4322946977.105884,3441000000.0,1395853723.0,1395853723.0,0.0,False,12905722180.303276,12905722180.303276,0.0,1.0,9159170082.314104,3746552097.989172,1992529601.7814531,0.0,13,9464500000.0,9464500000.0,41
andrew,baseline,,1992230N11325,"{""1992230N11325"": 0.8980701526205086}",114169083378.42009,102531846134.20131,11637237244.218786,12825970026.038864,55223935592.56131,0.0,26110396725.707703,8371543789.893419,12825970026.038864,55223935592.56131,4018172764.0086474,7619064480.210136,22.869936372496984,7.332583867863289,11.234188491753445,48.37030652993714,3.5194928829288914,6.673491855020244,26110396725.707703,8371543789.893419,4018172764.0086474,25,16,9,Universal P&C Insurance Co.;Florida Family Insurance Co.;First Protective Insurance Co.;Cypress P&C Insurance Co.;Florida Peninsula Insurance Co;Tower Hill Insurance Exchange;Kin Interinsurance Network;Heritage P&C Insurance Co.;Florida Family Home Ins Co.;US Coastal P&C Insurance Co.;TypTap Insurance Co.;Homeowners Choice P&C Ins Co.;Edison Insurance Co.;Safe Harbor Insurance Co.;GeoVera Specialty Insurance Co;Florida Farm Bureau Cas Ins Co;Auto Club Insurance Co. of FL;FL Farm Bureau General Ins Co.;Homesite Insurance Co.;State Farm FL Ins Co;AIG Property Casualty Co.;ASI Preferred Insurance Corp.;ACE Ins Co. of the Midwest;Castle Key Indemnity Co.;First Liberty Insurance Corp.,Universal P&C Insurance Co.;Florida Family Insurance Co.;First Protective Insurance Co.;Cypress P&C Insurance Co.;Florida Peninsula Insurance Co;Tower Hill Insurance Exchange;Kin Interinsurance Network;Heritage P&C Insurance Co.;Florida Family Home Ins Co.;US Coastal P&C Insurance Co.;TypTap Insurance Co.;Homeowners Choice P&C Ins Co.;Edison Insurance Co.;Safe Harbor Insurance Co.;GeoVera Specialty Insurance Co;Florida Farm Bureau Cas Ins Co,1327671707.9054403,9,34.69574289819735,846948815.5869131,0.0,0,1.0,3017246086.6428256,316688460.0,3163812819.79603,539937478.65,359958319.1,539937478.65,359958319.1,577172764.0086474,4018172764.0086474,3441000000.0,1395853723.0,1395853723.0,0.0,False,13524253436.211359,13524253436.211359,0.0,1.0,9439365322.342669,4084888113.868691,2011371582.191227,0.0,13,9464500000.0,9464500000.0,42
andrew,baseline,,1992230N11325,"{""1992230N11325"": 0.5729636283077704}",114169083378.42007,65414732253.07192,48754351125.34815,22684819542.631546,18237910946.281662,0.0,18410948349.92263,6081053414.236082,22684819542.631546,18237910946.281662,16697725836.670826,32056625288.677326,16.126036756289327,5.326357394041675,19.86949432487024,15.974474355575794,14.625435663107886,28.07820150611508,18410948349.92263,6081053414.236082,16697725836.670826,19,14,5,Universal P&C Insurance Co.;Florida Family Insurance Co.;First Protective Insurance Co.;Cypress P&C Insurance Co.;Tower Hill Insurance Exchange;Kin Interinsurance Network;Heritage P&C Insurance Co.;Florida Family Home Ins Co.;US Coastal P&C Insurance Co.;TypTap Insurance Co.;Homeowners Choice P&C Ins Co.;Edison Insurance Co.;Safe Harbor Insurance Co.;GeoVera Specialty Insurance Co;FL Farm Bureau General Ins Co.;State Farm FL Ins Co;AIG Property Casualty Co.;ASI Preferred Insurance Corp.;Castle Key Indemnity Co.,Universal P&C Insurance Co.;Florida Family Insurance Co.;First Protective Insurance Co.;Cypress P&C Insurance Co.;Tower Hill Insurance Exchange;Kin Interinsurance Network;Heritage P&C Insurance Co.;Florida Family Home Ins Co.;US Coastal P&C Insurance Co.;TypTap Insurance Co.;Homeowners Choice P&C Ins Co.;Edison Insurance Co.;Safe Harbor Insurance Co.;GeoVera Specialty Insurance Co,444907628.2783142,5,30.911026990134417,498980262.87822664,0.0,0,1.0,1253054462.2778149,358484220.0,1988867335.7767878,539937478.65,359958319.1,539937478.65,359958319.1,13256725836.670826,16697725836.670826,3441000000.0,1395853723.0,1395853723.0,0.0,False,10000038812.52821,10000038812.52821,0.0,1.0,7042695593.447757,2957343219.0804524,1740006199.2699118,0.0,13,9464500000.0,9464500000.0,43
andrew,baseline,,1992230N11325,"{""1992230N11325"": 0.8157758212624749}",114169083378.42009,93136377755.81462,21032705622.605465,11161526964.666348,22958292611.859505,0.0,44104838262.73623,14911719916.552555,11161526964.666348,22958292611.859505,7227752590.926169,13804953031.679296,38.631157365561194,13.061084030189496,9.776313021337673,20.109027709159147,6.330744170879749,12.09167370287276,44104838262.73623,14911719916.552555,7227752590.926169,29,19,10,Universal P&C Insurance Co.;Florida Family Insurance Co.;First Protective Insurance Co.;Cypress P&C Insurance Co.;Florida Peninsula Insurance Co;Tower Hill Insurance Exchange;Kin Interinsurance Network;Heritage P&C Insurance Co.;Florida Family Home Ins Co.;US Coastal P&C Insurance Co.;TypTap Insurance Co.;Homeowners Choice P&C Ins Co.;Vault E&S Insurance Co.;Edison Insurance Co.;Safe Harbor Insurance Co.;GeoVera Specialty Insurance Co;Florida Farm Bureau Cas Ins Co;Universal North America Ins Co;Auto Club Insurance Co. of FL;American Platinum P&C Ins Co.;FL Farm Bureau General Ins Co.;Castle Key Insurance Co.;Homesite Insurance Co.;State Farm FL Ins Co;AIG Property Casualty Co.;ASI Preferred Insurance Corp.;ACE Ins Co. of the Midwest;Castle Key Indemnity Co.;First Liberty Insurance Corp.,Universal P&C Insurance Co.;Florida Family Insurance Co.;First Protective Insurance Co.;Cypress P&C Insurance Co.;Florida Peninsula Insurance Co;Tower Hill Insurance Exchange;Kin Interinsurance Network;Heritage P&C Insurance Co.;Florida Family Home Ins Co.;US Coastal P&C Insurance Co.;TypTap Insurance Co.;Homeowners Choice P&C Ins Co.;Vault E&S Insurance Co.;Edison Insurance Co.;Safe Harbor Insurance Co.;GeoVera Specialty Insurance Co;Florida Farm Bureau Cas Ins Co;Universal North America Ins Co;American Platinum P&C Ins Co.,4293020203.4992537,10,35.41856476294073,2520994198.1816874,32840350.460952207,1,0.9811320754716981,8500504299.013628,308706120.0,9180010876.099798,539937478.65,359958319.1,539937478.65,359958319.1,3786752590.9261694,7227752590.926169,3441000000.0,1395853723.0,1395853723.0,0.0,False,16241407565.47452,16241407565.47452,0.0,1.0,11673167756.30172,4568239809.1728,2274941366.498834,0.0,14,9464500000.0,9464500000.0,44
andrew,baseline,,1992230N11325,"{""1992230N11325"": 0.919569773313894}",114169083378.42006,104986438121.74878,9182645256.671276,16927223622.813095,60125716036.70609,0.0,20826584858.994186,7106913603.235442,16927223622.813095,60125716036.70609,3179661195.530711,6002984061.140565,18.241877960921578,6.2249020425951604,14.826451366616327,52.66374596125636,2.7850457421923407,5.257976926418271,20826584858.994186,7106913603.235442,3179661195.530711,20,14,6,Universal P&C Insurance Co.;Florida Family Insurance Co.;First Protective Insurance Co.;Cypress P&C Insurance Co.;Tower Hill Insurance Exchange;Kin Interinsurance Network;Heritage P&C Insurance Co.;Florida Family Home Ins Co.;US Coastal P&C Insurance Co.;TypTap Insurance Co.;Homeowners Choice P&C Ins Co.;Edison Insurance Co.;Safe Harbor Insurance Co.;GeoVera Specialty Insurance Co;FL Farm Bureau General Ins Co.;State Farm FL Ins Co;AIG Property Casualty Co.;ASI Preferred Insurance Corp.;Castle Key Indemnity Co.;First Liberty Insurance Corp.,Universal P&C Insurance Co.;Florida Family Insurance Co.;First Protective Insurance Co.;Cypress P&C Insurance Co.;Tower Hill Insurance Exchange;Kin Interinsurance Network;Heritage P&C Insurance Co.;Florida Family Home Ins Co.;US Coastal P&C Insurance Co.;TypTap Insurance Co.;Homeowners Choice P&C Ins Co.;Edison Insurance Co.;Safe Harbor Insurance Co.;GeoVera Specialty Insurance Co,571706375.6915226,6,30.911026990134417,534483125.8773557,0.0,0,1.0,1631187880.3561902,358484220.0,2324370464.007278,539937478.65,359958319.1,539937478.65,359958319.1,0.0,3179661195.530711,3179661195.530711,1395853723.0,1395853723.0,0.0,False,11502677319.158804,11502677319.158804,0.0,1.0,7849121379.799153,3653555939.35965,1862727027.0517178,0.0,13,9464500000.0,9464500000.0,45
andrew,baseline,,1992230N11325,"{""1992230N11325"": 0.8869620426574105}",114169083378.42007,101263643401.64769,12905439976.772392,23385648084.01419,21797524794.639973,0.0,41338588939.4573,14741881583.536236,23385648084.01419,21797524794.639973,4451402672.611106,8454037304.161288,36.208216547064794,12.912323675818094,20.48334574650223,19.09231829635595,3.898956303132147,7.404839431126804,41338588939.4573,14741881583.536236,4451402672.611106,31,19,12,Universal P&C Insurance Co.;Florida Family Insurance Co.;First Protective Insurance Co.;Cypress P&C Insurance Co.;Florida Peninsula Insurance Co;Tower Hill Insurance Exchange;Kin Interinsurance Network;Heritage P&C Insurance Co.;Florida Family Home Ins Co.;US Coastal P&C Insurance Co.;TypTap Insurance Co.;Homeowners Choice P&C Ins Co.;Vault E&S Insurance Co.;Edison Insurance Co.;Safe Harbor Insurance Co.;GeoVera Specialty Insurance Co;Florida Farm Bureau Cas Ins Co;Universal North America Ins Co;Auto Club Insurance Co. of FL;American Platinum P&C Ins Co.;FL Farm Bureau General Ins Co.;Castle Key Insurance Co.;Homesite Insurance Co.;State Farm FL Ins Co;AIG Property Casualty Co.;Foremost P&C Insurance Co.;ASI Preferred Insurance Corp.;Nationwide P&C Insurance Co.;ACE Ins Co. of the Midwest;Castle Key Indemnity Co.;First Liberty Insurance Corp.,Universal P&C Insurance Co.;Florida Family Insurance Co.;First Protective Insurance Co.;Cypress P&C Insurance Co.;Florida Peninsula Insurance Co;Tower Hill Insurance Exchange;Kin Interinsurance Network;Heritage P&C Insurance Co.;Florida Family Home Ins Co.;US Coastal P&C Insurance Co.;TypTap Insurance Co.;Homeowners Choice P&C Ins Co.;Vault E&S Insurance Co.;Edison Insurance Co.;Safe Harbor Insurance Co.;GeoVera Specialty Insurance Co;Florida Farm Bureau Cas Ins Co;Universal North America Ins Co;American Platinum P&C Ins Co.,3884820589.0894384,12,35.41856476294073,2751249836.882598,12308424.62422382,1,0.9811320754716981,7998337900.193083,308706120.0,8997849552.988476,539937478.65,359958319.1,539937478.65,359958319.1,1010402672.6111059,4451402672.611106,3441000000.0,1395853723.0,1395853723.0,0.0,False,15886873997.32666,15886873997.32666,0.0,1.0,11318634188.15386,4568239809.1728,2110802146.6679118,0.0,13,9464500000.0,9464500000.0,46
andrew,baseline,,1992230N11325,"{""1992230N11325"": 0.9793076119186483}",114169083378.42007,111806652398.2616,2362430980.158485,6647130213.907553,41896092069.84584,0.0,42390036262.36692,20873393852.1413,6647130213.907553,41896092069.84584,849812243.2947474,1512618736.8637378,37.12917280929959,18.282877670967384,5.822180591461222,36.69653012013664,0.7443453325082722,1.3248934756269128,42390036262.36692,20873393852.1413,849812243.2947474,29,18,11,Universal P&C Insurance Co.;Florida Family Insurance Co.;First Protective Insurance Co.;Cypress P&C Insurance Co.;Florida Peninsula Insurance Co;Tower Hill Insurance Exchange;Kin Interinsurance Network;Heritage P&C Insurance Co.;Florida Family Home Ins Co.;US Coastal P&C Insurance Co.;TypTap Insurance Co.;Homeowners Choice P&C Ins Co.;Edison Insurance Co.;Safe Harbor Insurance Co.;GeoVera Specialty Insurance Co;Florida Farm Bureau Cas Ins Co;Universal North America Ins Co;Auto Club Insurance Co. of FL;American Platinum P&C Ins Co.;FL Farm Bureau General Ins Co.;Castle Key Insurance Co.;Homesite Insurance Co.;State Farm FL Ins Co;AIG Property Casualty Co.;ASI Preferred Insurance Corp.;Nationwide P&C Insurance Co.;ACE Ins Co. of the Midwest;Castle Key Indemnity Co.;First Liberty Insurance Corp.,Universal P&C Insurance Co.;Florida Family Insurance Co.;First Protective Insurance Co.;Cypress P&C Insurance Co.;Florida Peninsula Insurance Co;Tower Hill Insurance Exchange;Kin Interinsurance Network;Heritage P&C Insurance Co.;Florida Family Home Ins Co.;US Coastal P&C Insurance Co.;TypTap Insurance Co.;Homeowners Choice P&C Ins Co.;Edison Insurance Co.;Safe Harbor Insurance Co.;GeoVera Specialty Insurance Co;Florida Farm Bureau Cas Ins Co;Universal North America Ins Co;American Platinum P&C Ins Co.,3805011891.1331615,11,35.166819401784345,2669100620.921962,24709238.209796607,1,0.9811320754716981,8690617791.797338,311486220.0,15029362538.393082,539937478.65,359958319.1,539937478.65,359958319.1,0.0,849812243.2947474,849812243.2947474,1395853723.0,849812243.2947474,0.0,False,15982714788.089088,15982714788.089088,0.0,1.0,11414474978.916288,4568239809.1728,2115252940.1700876,0.0,13,9464500000.0,9464500000.0,47
andrew,baseline,,1992230N11325,"{""1992230N11325"": 0.923124263444986}",114169083378.42009,105392251001.89322,8776832376.526865,18473130851.901108,47620027851.69716,0.0,29232003456.659767,10067088841.63518,18473130851.901108,47620027851.69716,3041031722.1336164,5735800654.393248,25.60413256517843,8.817701380913451,16.180502028443932,41.710090369962764,2.6636210365760227,5.02395261892539,29232003456.659767,10067088841.63518,3041031722.1336164,25,17,8,Universal P&C Insurance Co.;Florida Family Insurance Co.;First Protective Insurance Co.;Cypress P&C Insurance Co.;Florida Peninsula Insurance Co;Tower Hill Insurance Exchange;Kin Interinsurance Network;Heritage P&C Insurance Co.;Florida Family Home Ins Co.;US Coastal P&C Insurance Co.;TypTap Insurance Co.;Homeowners Choice P&C Ins Co.;Edison Insurance Co.;Safe Harbor Insurance Co.;GeoVera Specialty Insurance Co;Universal North America Ins Co;American Platinum P&C Ins Co.;FL Farm Bureau General Ins Co.;Homesite Insurance Co.;State Farm FL Ins Co;AIG Property Casualty Co.;ASI Preferred Insurance Corp.;ACE Ins Co. of the Midwest;Castle Key Indemnity Co.;First Liberty Insurance Corp.,Universal P&C Insurance Co.;Florida Family Insurance Co.;First Protective Insurance Co.;Cypress P&C Insurance Co.;Florida Peninsula Insurance Co;Tower Hill Insurance Exchange;Kin Interinsurance Network;Heritage P&C Insurance Co.;Florida Family Home Ins Co.;US Coastal P&C Insurance Co.;TypTap Insurance Co.;Homeowners Choice P&C Ins Co.;Edison Insurance Co.;Safe Harbor Insurance Co.;GeoVera Specialty Insurance Co;Universal North America Ins Co;American Platinum P&C Ins Co.,2089143331.8543663,8,34.45361965929429,1681825713.9626317,12014243.002965689,1,0.9811320754716981,4001625232.1241856,319362300.0,4357300580.360962,539937478.65,359958319.1,539937478.65,359958319.1,0.0,3041031722.1336164,3041031722.1336164,1395853723.0,1395853723.0,0.0,False,14495948871.334208,14495948871.334208,0.0,1.0,9927709062.161407,4568239809.1728,2098161563.04742,0.0,13,9464500000.0,9464500000.0,48
andrew,baseline,,1992230N11325,"{""1992230N11325"": 0.939598880625631}",114169083378.42007,107273142944.41782,6895940434.002257,10422809333.184723,69407127239.88501,0.0,21292420965.38531,6150785405.962795,10422809333.184723,69407127239.88501,2398501451.9848814,4497438982.017376,18.649900949813482,5.387435217970227,9.129274778039264,60.79327711674013,2.1008327132091518,3.9392792242277643,21292420965.38531,6150785405.962795,2398501451.9848814,19,13,6,Universal P&C Insurance Co.;First Protective Insurance Co.;Cypress P&C Insurance Co.;Tower Hill Insurance Exchange;Kin Interinsurance Network;Heritage P&C Insurance Co.;Florida Family Home Ins Co.;US Coastal P&C Insurance Co.;TypTap Insurance Co.;Homeowners Choice P&C Ins Co.;Edison Insurance Co.;Safe Harbor Insurance Co.;GeoVera Specialty Insurance Co;FL Farm Bureau General Ins Co.;State Farm FL Ins Co;AIG Property Casualty Co.;ASI Preferred Insurance Corp.;ACE Ins Co. of the Midwest;Castle Key Indemnity Co.,Universal P&C Insurance Co.;First Protective Insurance Co.;Cypress P&C Insurance Co.;Tower Hill Insurance Exchange;Kin Interinsurance Network;Heritage P&C Insurance Co.;Florida Family Home Ins Co.;US Coastal P&C Insurance Co.;TypTap Insurance Co.;Homeowners Choice P&C Ins Co.;Edison Insurance Co.;Safe Harbor Insurance Co.;GeoVera Specialty Insurance Co,1123319871.6240487,6,30.467154307056973,743183284.8870394,0.0,0,1.0,2079900377.402883,363386040.0,2798942828.645857,539937478.65,359958319.1,539937478.65,359958319.1,0.0,2398501451.9848814,2398501451.9848814,1395853723.0,1395853723.0,0.0,False,9392046292.776217,9392046292.776217,0.0,1.0,7177803425.211444,2214242867.564773,1939215719.8959842,0.0,13,9464500000.0,9464500000.0,49
andrew,baseline,,1992230N11325,"{""1992230N11325"": 0.970068042251106}",114169083378.42007,110751779198.50723,3417304179.9128475,8994381141.515745,39298420929.98804,0.0,43428863844.3335,19030113282.66996,8994381141.515745,39298420929.98804,1210166789.288005,2207137390.6248426,38.03907551783175,16.66835952391204,7.878123284657848,34.42124589870896,1.0599776695034302,1.933218105385989,43428863844.3335,19030113282.66996,1210166789.288005,28,18,10,Universal P&C Insurance Co.;Florida Family Insurance Co.;First Protective Insurance Co.;Cypress P&C Insurance Co.;Florida Peninsula Insurance Co;Tower Hill Insurance Exchange;Kin Interinsurance Network;Heritage P&C Insurance Co.;Florida Family Home Ins Co.;US Coastal P&C Insurance Co.;TypTap Insurance Co.;Homeowners Choice P&C Ins Co.;Edison Insurance Co.;Safe Harbor Insurance Co.;GeoVera Specialty Insurance Co;Florida Farm Bureau Cas Ins Co;Universal North America Ins Co;Auto Club Insurance Co. of FL;American Platinum P&C Ins Co.;FL Farm Bureau General Ins Co.;Castle Key Insurance Co.;Homesite Insurance Co.;State Farm FL Ins Co;AIG Property Casualty Co.;ASI Preferred Insurance Corp.;ACE Ins Co. of the Midwest;Castle Key Indemnity Co.;First Liberty Insurance Corp.,Universal P&C Insurance Co.;Florida Family Insurance Co.;First Protective Insurance Co.;Cypress P&C Insurance Co.;Florida Peninsula Insurance Co;Tower Hill Insurance Exchange;Kin Interinsurance Network;Heritage P&C Insurance Co.;Florida Family Home Ins Co.;US Coastal P&C Insurance Co.;TypTap Insurance Co.;Homeowners Choice P&C Ins Co.;Edison Insurance Co.;Safe Harbor Insurance Co.;GeoVera Specialty Insurance Co;Florida Farm Bureau Cas Ins Co;Universal North America Ins Co;American Platinum P&C Ins Co.,3443304304.5748663,10,35.166819401784345,2342742522.544322,23214627.32503988,1,0.9811320754716981,9383979154.21875,311486220.0,13224113033.16971,539937478.65,359958319.1,539937478.65,359958319.1,0.0,1210166789.288005,1210166789.288005,1395853723.0,1210166789.288005,0.0,False,15802890340.714554,15802890340.714554,0.0,1.0,11234650531.541754,4568239809.1728,2110402660.343996,0.0,13,9464500000.0,9464500000.0,50
andrew,baseline,,1992230N11325,"{""1992230N11325"": 0.9763826815662777}",114169083378.42006,111472715780.98572,2696367597.4343486,15852819887.080408,39373312969.55334,0.0,40039831137.614494,16206751786.737495,15852819887.080408,39373312969.55334,963888113.3964707,1732479484.0378776,35.07064255294067,14.195394503623431,13.885387723167852,34.486843376895834,0.8442636875708351,1.5174681558014036,40039831137.614494,16206751786.737495,963888113.3964707,30,19,11,Universal P&C Insurance Co.;Florida Family Insurance Co.;First Protective Insurance Co.;Cypress P&C Insurance Co.;Florida Peninsula Insurance Co;Tower Hill Insurance Exchange;Kin Interinsurance Network;Heritage P&C Insurance Co.;Florida Family Home Ins Co.;US Coastal P&C Insurance Co.;TypTap Insurance Co.;Homeowners Choice P&C Ins Co.;Vault E&S Insurance Co.;Edison Insurance Co.;Safe Harbor Insurance Co.;GeoVera Specialty Insurance Co;Florida Farm Bureau Cas Ins Co;Universal North America Ins Co;Auto Club Insurance Co. of FL;American Platinum P&C Ins Co.;FL Farm Bureau General Ins Co.;Castle Key Insurance Co.;Homesite Insurance Co.;State Farm FL Ins Co;AIG Property Casualty Co.;ASI Preferred Insurance Corp.;Nationwide P&C Insurance Co.;ACE Ins Co. of the Midwest;Castle Key Indemnity Co.;First Liberty Insurance Corp.,Universal P&C Insurance Co.;Florida Family Insurance Co.;First Protective Insurance Co.;Cypress P&C Insurance Co.;Florida Peninsula Insurance Co;Tower Hill Insurance Exchange;Kin Interinsurance Network;Heritage P&C Insurance Co.;Florida Family Home Ins Co.;US Coastal P&C Insurance Co.;TypTap Insurance Co.;Homeowners Choice P&C Ins Co.;Vault E&S Insurance Co.;Edison Insurance Co.;Safe Harbor Insurance Co.;GeoVera Specialty Insurance Co;Florida Farm Bureau Cas Ins Co;Universal North America Ins Co;American Platinum P&C Ins Co.,3491884138.7002134,11,35.41856476294073,2160413279.3788114,28223332.224421285,1,0.9811320754716981,7688332589.698319,308706120.0,10428761053.39829,539937478.65,359958319.1,539937478.65,359958319.1,0.0,963888113.3964707,963888113.3964707,1395853723.0,963888113.3964707,0.0,False,15304939640.072983,15304939640.072983,0.0,1.0,10736699830.900183,4568239809.1728,2108460555.7543619,0.0,13,9464500000.0,9464500000.0,51
andrew,baseline,,1992230N11325,"{""1992230N11325"": 0.9826534700704063}",114169083378.42007,112188645956.56203,1980437421.8580542,17309138588.04289,55307267022.746315,0.0,26590402474.436764,12981837871.336061,17309138588.04289,55307267022.746315,719319672.9026331,1261117748.955421,23.290370464218693,11.37071218160437,15.160968342603523,48.44329601861404,0.6300476903352251,1.1046053026241551,26590402474.436764,12981837871.336061,719319672.9026331,23,14,9,Universal P&C Insurance Co.;Florida Family Insurance Co.;First Protective Insurance Co.;Cypress P&C Insurance Co.;Tower Hill Insurance Exchange;Kin Interinsurance Network;Heritage P&C Insurance Co.;Florida Family Home Ins Co.;US Coastal P&C Insurance Co.;TypTap Insurance Co.;Homeowners Choice P&C Ins Co.;Edison Insurance Co.;Safe Harbor Insurance Co.;GeoVera Specialty Insurance Co;Auto Club Insurance Co. of FL;FL Farm Bureau General Ins Co.;Homesite Insurance Co.;State Farm FL Ins Co;AIG Property Casualty Co.;ASI Preferred Insurance Corp.;ACE Ins Co. of the Midwest;Castle Key Indemnity Co.;First Liberty Insurance Corp.,Universal P&C Insurance Co.;Florida Family Insurance Co.;First Protective Insurance Co.;Cypress P&C Insurance Co.;Tower Hill Insurance Exchange;Kin Interinsurance Network;Heritage P&C Insurance Co.;Florida Family Home Ins Co.;US Coastal P&C Insurance Co.;TypTap Insurance Co.;Homeowners Choice P&C Ins Co.;Edison Insurance Co.;Safe Harbor Insurance Co.;GeoVera Specialty Insurance Co,1855822430.1738698,9,30.911026990134417,966016051.2815235,0.0,0,1.0,2583094090.934851,358484220.0,7153239199.899038,539937478.65,359958319.1,539937478.65,359958319.1,0.0,719319672.9026331,719319672.9026331,1395853723.0,719319672.9026331,0.0,False,14130460616.920639,14130460616.920639,0.0,1.0,9562220807.747839,4568239809.1728,2066043757.8295856,0.0,13,9464500000.0,9464500000.0,52
andrew,baseline,,1992230N11325,"{""1992230N11325"": 0.7944856401583379}",114169083378.42009,90705697294.19473,23463386084.22536,13945462917.776651,38184759456.0408,0.0,30124058074.565983,8451416845.811292,13945462917.776651,38184759456.0408,8058095758.622233,15405290325.603127,26.385477734561498,7.402544187727756,12.214745450441782,33.445796643102746,7.058036659463407,13.493399324702812,30124058074.565983,8451416845.811292,8058095758.622233,26,17,9,Universal P&C Insurance Co.;Florida Family Insurance Co.;First Protective Insurance Co.;Cypress P&C Insurance Co.;Florida Peninsula Insurance Co;Tower Hill Insurance Exchange;Kin Interinsurance Network;Heritage P&C Insurance Co.;Florida Family Home Ins Co.;US Coastal P&C Insurance Co.;TypTap Insurance Co.;Homeowners Choice P&C Ins Co.;Edison Insurance Co.;Safe Harbor Insurance Co.;GeoVera Specialty Insurance Co;Florida Farm Bureau Cas Ins Co;Universal North America Ins Co;Auto Club Insurance Co. of FL;FL Farm Bureau General Ins Co.;Homesite Insurance Co.;State Farm FL Ins Co;AIG Property Casualty Co.;ASI Preferred Insurance Corp.;ACE Ins Co. of the Midwest;Castle Key Indemnity Co.;First Liberty Insurance Corp.,Universal P&C Insurance Co.;Florida Family Insurance Co.;First Protective Insurance Co.;Cypress P&C Insurance Co.;Florida Peninsula Insurance Co;Tower Hill Insurance Exchange;Kin Interinsurance Network;Heritage P&C Insurance Co.;Florida Family Home Ins Co.;US Coastal P&C Insurance Co.;TypTap Insurance Co.;Homeowners Choice P&C Ins Co.;Edison Insurance Co.;Safe Harbor Insurance Co.;GeoVera Specialty Insurance Co;Florida Farm Bureau Cas Ins Co;Universal North America Ins Co,2269762860.952715,9,35.00946972218037,1093003755.427399,0.0,0,1.0,3359506610.1695952,313223880.0,2805022969.3542266,539937478.65,359958319.1,539937478.65,359958319.1,4617095758.622233,8058095758.622233,3441000000.0,1395853723.0,1395853723.0,0.0,False,14830921688.739637,14830921688.739637,0.0,1.0,10262681879.566837,4568239809.1728,2093330600.5027852,0.0,13,9464500000.0,9464500000.0,53
andrew,baseline,,1992230N11325,"{""1992230N11325"": 0.8963882673201312}",114169083378.42009,102339826831.10957,11829256547.310516,26678403888.249947,36250687550.17714,0.0,30136765703.106194,9273969689.5763,26678403888.249947,36250687550.17714,4083768352.941683,7745488194.3688345,26.39660826847153,8.12301317935363,23.36745036291727,31.75175492127069,3.5769476570165626,6.78422561097032,30136765703.106194,9273969689.5763,4083768352.941683,25,16,9,Universal P&C Insurance Co.;Florida Family Insurance Co.;First Protective Insurance Co.;Cypress P&C Insurance Co.;Florida Peninsula Insurance Co;Tower Hill Insurance Exchange;Kin Interinsurance Network;Heritage P&C Insurance Co.;Florida Family Home Ins Co.;US Coastal P&C Insurance Co.;TypTap Insurance Co.;Homeowners Choice P&C Ins Co.;Edison Insurance Co.;Safe Harbor Insurance Co.;GeoVera Specialty Insurance Co;Auto Club Insurance Co. of FL;FL Farm Bureau General Ins Co.;Castle Key Insurance Co.;Homesite Insurance Co.;State Farm FL Ins Co;AIG Property Casualty Co.;ASI Preferred Insurance Corp.;ACE Ins Co. of the Midwest;Castle Key Indemnity Co.;First Liberty Insurance Corp.,Universal P&C Insurance Co.;Florida Family Insurance Co.;First Protective Insurance Co.;Cypress P&C Insurance Co.;Florida Peninsula Insurance Co;Tower Hill Insurance Exchange;Kin Interinsurance Network;Heritage P&C Insurance Co.;Florida Family Home Ins Co.;US Coastal P&C Insurance Co.;TypTap Insurance Co.;Homeowners Choice P&C Ins Co.;Edison Insurance Co.;Safe Harbor Insurance Co.;GeoVera Specialty Insurance Co;Castle Key Indemnity Co.,1382185173.916784,10,35.72066462948608,806501914.4962826,0.0,0,1.0,3265425094.084173,305369940.0,3598054194.1713886,539937478.65,359958319.1,539937478.65,359958319.1,642768352.9416828,4083768352.941683,3441000000.0,1395853723.0,1395853723.0,0.0,False,14724777540.311186,14724777540.311186,0.0,1.0,10156537731.138386,4568239809.1728,2036118011.704544,0.0,13,9464500000.0,9464500000.0,54
andrew,baseline,,1992230N11325,"{""1992230N11325"": 0.7385174737131746}",114169083378.4201,84315863032.7796,29853220345.640507,16530417005.947618,43188428019.48364,0.0,16873036274.915487,7723981732.432835,16530417005.947618,43188428019.48364,10240922874.507442,19612297471.133064,14.778989000891618,6.765388232846931,14.47889088428308,37.82847925329581,8.969961544285422,17.17829108439713,16873036274.915487,7723981732.432835,10240922874.507442,16,12,4,Universal P&C Insurance Co.;First Protective Insurance Co.;Cypress P&C Insurance Co.;Tower Hill Insurance Exchange;Kin Interinsurance Network;Heritage P&C Insurance Co.;US Coastal P&C Insurance Co.;TypTap Insurance Co.;Homeowners Choice P&C Ins Co.;Edison Insurance Co.;Safe Harbor Insurance Co.;GeoVera Specialty Insurance Co;FL Farm Bureau General Ins Co.;AIG Property Casualty Co.;ASI Preferred Insurance Corp.;Castle Key Indemnity Co.,Universal P&C Insurance Co.;First Protective Insurance Co.;Cypress P&C Insurance Co.;Tower Hill Insurance Exchange;Kin Interinsurance Network;Heritage P&C Insurance Co.;US Coastal P&C Insurance Co.;TypTap Insurance Co.;Homeowners Choice P&C Ins Co.;Edison Insurance Co.;Safe Harbor Insurance Co.;GeoVera Specialty Insurance Co,434995439.3566679,4,30.1173132839673,439543109.694739,0.0,0,1.0,1042189712.5678134,367249440.0,2038715853.1502075,539937478.65,359958319.1,539937478.65,359958319.1,6799922874.507442,10240922874.507442,3441000000.0,1395853723.0,1395853723.0,0.0,False,10699803647.833767,10699803647.833767,0.0,1.0,6164533752.77156,4535269895.062206,1704341514.656712,0.0,13,9464500000.0,9464500000.0,55
andrew,baseline,,1992230N11325,"{""1992230N11325"": 0.9691497426806651}",114169083378.42009,110646937778.28323,3522145600.1368623,10929207338.911533,49945274146.9445,0.0,36743971962.97378,13028484329.45342,10929207338.911533,49945274146.9445,1245981598.4943728,2276164001.64249,32.183819713419034,11.411569528214349,9.57282568581727,43.74675934061587,1.091347641256341,1.9936780906771507,36743971962.97378,13028484329.45342,1245981598.4943728,27,18,9,Universal P&C Insurance Co.;Florida Family Insurance Co.;First Protective Insurance Co.;Cypress P&C Insurance Co.;Florida Peninsula Insurance Co;Tower Hill Insurance Exchange;Kin Interinsurance Network;Heritage P&C Insurance Co.;Florida Family Home Ins Co.;US Coastal P&C Insurance Co.;TypTap Insurance Co.;Homeowners Choice P&C Ins Co.;Edison Insurance Co.;Safe Harbor Insurance Co.;GeoVera Specialty Insurance Co;Florida Farm Bureau Cas Ins Co;Universal North America Ins Co;Auto Club Insurance Co. of FL;American Platinum P&C Ins Co.;FL Farm Bureau General Ins Co.;Homesite Insurance Co.;State Farm FL Ins Co;AIG Property Casualty Co.;ASI Preferred Insurance Corp.;ACE Ins Co. of the Midwest;Castle Key Indemnity Co.;First Liberty Insurance Corp.,Universal P&C Insurance Co.;Florida Family Insurance Co.;First Protective Insurance Co.;Cypress P&C Insurance Co.;Florida Peninsula Insurance Co;Tower Hill Insurance Exchange;Kin Interinsurance Network;Heritage P&C Insurance Co.;Florida Family Home Ins Co.;US Coastal P&C Insurance Co.;TypTap Insurance Co.;Homeowners Choice P&C Ins Co.;Edison Insurance Co.;Safe Harbor Insurance Co.;GeoVera Specialty Insurance Co;Florida Farm Bureau Cas Ins Co;Universal North America Ins Co;American Platinum P&C Ins Co.,2856872653.9600163,9,35.166819401784345,1347775352.8370514,18041363.45909232,1,0.9811320754716981,5953697454.128572,311486220.0,7293894389.545658,539937478.65,359958319.1,539937478.65,359958319.1,0.0,1245981598.4943728,1245981598.4943728,1395853723.0,1245981598.4943728,0.0,False,15163649508.16569,15163649508.16569,0.0,1.0,10595409698.99289,4568239809.1728,2111425276.9171395,0.0,14,9464500000.0,9464500000.0,56
andrew,baseline,,1992230N11325,"{""1992230N11325"": 0.9874310486739052}",114169083378.4201,112678138956.23598,1490944422.1841245,28986800800.1884,41380699315.01385,0.0,31398954729.845505,10911684111.188213,28986800800.1884,41380699315.01385,544794932.6068339,946149489.5772904,27.502151896737082,9.557477198113958,25.389361062057365,36.24510076677685,0.477182540566678,0.8287265357480559,31398954729.845505,10911684111.188213,544794932.6068339,26,17,9,Universal P&C Insurance Co.;Florida Family Insurance Co.;First Protective Insurance Co.;Cypress P&C Insurance Co.;Florida Peninsula Insurance Co;Tower Hill Insurance Exchange;Kin Interinsurance Network;Heritage P&C Insurance Co.;Florida Family Home Ins Co.;US Coastal P&C Insurance Co.;TypTap Insurance Co.;Homeowners Choice P&C Ins Co.;Edison Insurance Co.;Safe Harbor Insurance Co.;GeoVera Specialty Insurance Co;Universal North America Ins Co;Auto Club Insurance Co. of FL;American Platinum P&C Ins Co.;FL Farm Bureau General Ins Co.;Homesite Insurance Co.;State Farm FL Ins Co;AIG Property Casualty Co.;ASI Preferred Insurance Corp.;ACE Ins Co. of the Midwest;Castle Key Indemnity Co.;First Liberty Insurance Corp.,Universal P&C Insurance Co.;Florida Family Insurance Co.;First Protective Insurance Co.;Cypress P&C Insurance Co.;Florida Peninsula Insurance Co;Tower Hill Insurance Exchange;Kin Interinsurance Network;Heritage P&C Insurance Co.;Florida Family Home Ins Co.;US Coastal P&C Insurance Co.;TypTap Insurance Co.;Homeowners Choice P&C Ins Co.;Edison Insurance Co.;Safe Harbor Insurance Co.;GeoVera Specialty Insurance Co;Universal North America Ins Co;American Platinum P&C Ins Co.,1521830327.1692348,9,34.45361965929429,1145755384.7667477,9720366.459815688,1,0.9811320754716981,3666030099.422908,319362300.0,5098726145.296598,539937478.65,359958319.1,539937478.65,359958319.1,0.0,544794932.6068339,544794932.6068339,1395853723.0,544794932.6068339,0.0,True,17099154912.723337,17000000000.0,99154912.72333717,0.9942011805127541,12356893466.011335,4643106533.9886675,2110233780.4376187,0.0,13,9464500000.0,9464500000.0,57
andrew,baseline,,1992230N11325,"{""1992230N11325"": 0.9538465747334074}",114169083378.42007,108899789120.95877,5269294257.461298,17471251668.918633,45015980391.546234,0.0,33372380643.157322,13040176417.336582,17471251668.918633,45015980391.546234,1842823912.1861825,3426470345.2751155,29.230663552358237,11.421810556290584,15.302962195999378,39.42922116869253,1.6141181637396838,3.0012243629195834,33372380643.157322,13040176417.336582,1842823912.1861825,28,18,10,Universal P&C Insurance Co.;Florida Family Insurance Co.;First Protective Insurance Co.;Cypress P&C Insurance Co.;Florida Peninsula Insurance Co;Tower Hill Insurance Exchange;Kin Interinsurance Network;Heritage P&C Insurance Co.;Florida Family Home Ins Co.;US Coastal P&C Insurance Co.;TypTap Insurance Co.;Homeowners Choice P&C Ins Co.;Edison Insurance Co.;Safe Harbor Insurance Co.;GeoVera Specialty Insurance Co;Florida Farm Bureau Cas Ins Co;Universal North America Ins Co;Auto Club Insurance Co. of FL;American Platinum P&C Ins Co.;FL Farm Bureau General Ins Co.;Castle Key Insurance Co.;Homesite Insurance Co.;State Farm FL Ins Co;AIG Property Casualty Co.;ASI Preferred Insurance Corp.;ACE Ins Co. of the Midwest;Castle Key Indemnity Co.;First Liberty Insurance Corp.,Universal P&C Insurance Co.;Florida Family Insurance Co.;First Protective Insurance Co.;Cypress P&C Insurance Co.;Florida Peninsula Insurance Co;Tower Hill Insurance Exchange;Kin Interinsurance Network;Heritage P&C Insurance Co.;Florida Family Home Ins Co.;US Coastal P&C Insurance Co.;TypTap Insurance Co.;Homeowners Choice P&C Ins Co.;Edison Insurance Co.;Safe Harbor Insurance Co.;GeoVera Specialty Insurance Co;Florida Farm Bureau Cas Ins Co;Universal North America Ins Co;American Platinum P&C Ins Co.,2552272855.604351,10,35.166819401784345,930418346.3800857,4171168.711917639,1,0.9811320754716981,4649090027.889876,311486220.0,7277530162.120913,539937478.65,359958319.1,539937478.65,359958319.1,0.0,1842823912.1861825,1842823912.1861825,1395853723.0,1395853723.0,0.0,False,15057456807.155846,15057456807.155846,0.0,1.0,10489216997.983046,4568239809.1728,2106440066.9005456,0.0,13,9464500000.0,9464500000.0,58
andrew,baseline,,1992230N11325,"{""1992230N11325"": 0.9246029878587309}",114169083378.42009,105561075612.77977,8608007765.64032,4894706724.872706,85028832546.3681,0.0,11450163242.63085,4187373098.9081106,4894706724.872706,85028832546.3681,2983359656.881911,5624648108.7584095,10.029127767171971,3.667694418662203,4.287243603987706,74.4762329960512,2.6131064282905654,4.926594785836359,11450163242.63085,4187373098.9081106,2983359656.881911,15,11,4,Universal P&C Insurance Co.;First Protective Insurance Co.;Cypress P&C Insurance Co.;Tower Hill Insurance Exchange;Kin Interinsurance Network;US Coastal P&C Insurance Co.;TypTap Insurance Co.;Homeowners Choice P&C Ins Co.;Edison Insurance Co.;Safe Harbor Insurance Co.;GeoVera Specialty Insurance Co;FL Farm Bureau General Ins Co.;AIG Property Casualty Co.;ASI Preferred Insurance Corp.;Castle Key Indemnity Co.,Universal P&C Insurance Co.;First Protective Insurance Co.;Cypress P&C Insurance Co.;Tower Hill Insurance Exchange;Kin Interinsurance Network;US Coastal P&C Insurance Co.;TypTap Insurance Co.;Homeowners Choice P&C Ins Co.;Edison Insurance Co.;Safe Harbor Insurance Co.;GeoVera Specialty Insurance Co,322258445.4308151,4,28.09578743922402,612281454.4311088,0.0,0,1.0,1066487474.6854563,389573760.0,2279749957.5004244,539937478.65,359958319.1,539937478.65,359958319.1,0.0,2983359656.881911,2983359656.881911,1395853723.0,1395853723.0,0.0,False,1857059417.4962463,1857059417.4962463,0.0,1.0,1122435590.2758985,734623827.2203479,1737268741.0455632,0.0,12,9464500000.0,9464500000.0,59
andrew,baseline,,1992230N11325,"{""1992230N11325"": 0.9409512980958504}",114169083378.42009,107427547207.33777,6741536171.082327,26398897268.736874,25426360131.226406,0.0,43917139196.877655,11685150610.49682,26398897268.736874,25426360131.226406,2345755512.4000177,4395780658.682309,38.46675290482252,10.23495176164786,23.122632228933806,22.27079291418085,2.05463286818628,3.8502373222286788,43917139196.877655,11685150610.49682,2345755512.4000177,29,19,10,Universal P&C Insurance Co.;Florida Family Insurance Co.;First Protective Insurance Co.;Cypress P&C Insurance Co.;Florida Peninsula Insurance Co;Tower Hill Insurance Exchange;Kin Interinsurance Network;Heritage P&C Insurance Co.;Florida Family Home Ins Co.;US Coastal P&C Insurance Co.;TypTap Insurance Co.;Homeowners Choice P&C Ins Co.;Vault E&S Insurance Co.;Edison Insurance Co.;Safe Harbor Insurance Co.;GeoVera Specialty Insurance Co;Florida Farm Bureau Cas Ins Co;Universal North America Ins Co;Auto Club Insurance Co. of FL;American Platinum P&C Ins Co.;FL Farm Bureau General Ins Co.;Castle Key Insurance Co.;Homesite Insurance Co.;State Farm FL Ins Co;AIG Property Casualty Co.;ASI Preferred Insurance Corp.;ACE Ins Co. of the Midwest;Castle Key Indemnity Co.;First Liberty Insurance Corp.,Universal P&C Insurance Co.;Florida Family Insurance Co.;First Protective Insurance Co.;Cypress P&C Insurance Co.;Florida Peninsula Insurance Co;Tower Hill Insurance Exchange;Kin Interinsurance Network;Heritage P&C Insurance Co.;Florida Family Home Ins Co.;US Coastal P&C Insurance Co.;TypTap Insurance Co.;Homeowners Choice P&C Ins Co.;Vault E&S Insurance Co.;Edison Insurance Co.;Safe Harbor Insurance Co.;GeoVera Specialty Insurance Co;Florida Farm Bureau Cas Ins Co;Universal North America Ins Co;American Platinum P&C Ins Co.,3708606113.1672077,10,35.41856476294073,2042474998.364232,32525763.49221725,1,0.9811320754716981,8851103211.423985,308706120.0,6023933661.465418,539937478.65,359958319.1,539937478.65,359958319.1,0.0,2345755512.4000177,2345755512.4000177,1395853723.0,1395853723.0,0.0,False,15425270688.251768,15425270688.251768,0.0,1.0,10857030879.078968,4568239809.1728,2169528003.1612873,0.0,14,9464500000.0,9464500000.0,60
andrew,baseline,,1992230N11325,"{""1992230N11325"": 0.9003263790495609}",114169083378.42009,102789437437.50035,11379645940.919733,33513506194.65616,26793629427.737392,0.0,31642217115.922646,10840084699.184149,33513506194.65616,26793629427.737392,3930177166.8375793,7449468774.082155,27.715223928918363,9.494763712216253,29.3542745574769,23.46837570634455,3.4424180789914707,6.5249440160524514,31642217115.922646,10840084699.184149,3930177166.8375793,27,18,9,Universal P&C Insurance Co.;Florida Family Insurance Co.;First Protective Insurance Co.;Cypress P&C Insurance Co.;Florida Peninsula Insurance Co;Tower Hill Insurance Exchange;Kin Interinsurance Network;Heritage P&C Insurance Co.;Florida Family Home Ins Co.;US Coastal P&C Insurance Co.;TypTap Insurance Co.;Homeowners Choice P&C Ins Co.;Edison Insurance Co.;Safe Harbor Insurance Co.;GeoVera Specialty Insurance Co;Florida Farm Bureau Cas Ins Co;Universal North America Ins Co;Auto Club Insurance Co. of FL;American Platinum P&C Ins Co.;FL Farm Bureau General Ins Co.;Homesite Insurance Co.;State Farm FL Ins Co;AIG Property Casualty Co.;ASI Preferred Insurance Corp.;ACE Ins Co. of the Midwest;Castle Key Indemnity Co.;First Liberty Insurance Corp.,Universal P&C Insurance Co.;Florida Family Insurance Co.;First Protective Insurance Co.;Cypress P&C Insurance Co.;Florida Peninsula Insurance Co;Tower Hill Insurance Exchange;Kin Interinsurance Network;Heritage P&C Insurance Co.;Florida Family Home Ins Co.;US Coastal P&C Insurance Co.;TypTap Insurance Co.;Homeowners Choice P&C Ins Co.;Edison Insurance Co.;Safe Harbor Insurance Co.;GeoVera Specialty Insurance Co;Florida Farm Bureau Cas Ins Co;Universal North America Ins Co;American Platinum P&C Ins Co.,1850971608.5481315,9,35.166819401784345,913813771.2555993,7697963.082328305,1,0.9811320754716981,3966288889.431588,311486220.0,5120987955.669293,539937478.65,359958319.1,539937478.65,359958319.1,489177166.83757925,3930177166.8375793,3441000000.0,1395853723.0,1395853723.0,0.0,False,15241785522.637995,15241785522.637995,0.0,1.0,10673545713.465195,4568239809.1728,2109040655.2802439,0.0,13,9464500000.0,9464500000.0,61
andrew,baseline,,1992230N11325,"{""1992230N11325"": 0.8870510262216611}",114169083378.42007,101273802573.6139,12895280804.806171,26490037680.662903,52439287958.783195,0.0,16383465693.189629,5961011240.978167,26490037680.662903,52439287958.783195,4447932204.49948,8447348600.306693,14.350177130603456,5.221213190632396,23.20246155682982,45.93125074410042,3.895916541395493,7.398980836438411,16383465693.189629,5961011240.978167,4447932204.49948,17,12,5,Universal P&C Insurance Co.;First Protective Insurance Co.;Cypress P&C Insurance Co.;Tower Hill Insurance Exchange;Kin Interinsurance Network;Heritage P&C Insurance Co.;US Coastal P&C Insurance Co.;TypTap Insurance Co.;Homeowners Choice P&C Ins Co.;Edison Insurance Co.;Safe Harbor Insurance Co.;GeoVera Specialty Insurance Co;FL Farm Bureau General Ins Co.;State Farm FL Ins Co;AIG Property Casualty Co.;ASI Preferred Insurance Corp.;Castle Key Indemnity Co.,Universal P&C Insurance Co.;First Protective Insurance Co.;Cypress P&C Insurance Co.;Tower Hill Insurance Exchange;Kin Interinsurance Network;Heritage P&C Insurance Co.;US Coastal P&C Insurance Co.;TypTap Insurance Co.;Homeowners Choice P&C Ins Co.;Edison Insurance Co.;Safe Harbor Insurance Co.;GeoVera Specialty Insurance Co,446934194.11974585,5,30.1173132839673,662813127.381218,0.0,0,1.0,1545616990.024919,367249440.0,2579059447.0302997,539937478.65,359958319.1,539937478.65,359958319.1,1006932204.4994802,4447932204.49948,3441000000.0,1395853723.0,1395853723.0,0.0,False,6967977250.745678,6967977250.745678,0.0,1.0,4751350946.973505,2216626303.7721725,1825416796.7471883,0.0,13,9464500000.0,9464500000.0,62
andrew,baseline,,1992230N11325,"{""1992230N11325"": 0.9744713658586748}",114169083378.42007,111254502618.60193,2914580759.8181424,26114155036.305424,20129489536.693047,0.0,48259635094.21231,16751222951.39113,26114155036.305424,20129489536.693047,1038431769.5239327,1876148990.2942095,42.27031843135058,14.672293457825377,22.873228253702045,17.63129644298946,0.9095560188409241,1.6433073952915995,48259635094.21231,16751222951.39113,1038431769.5239327,31,21,10,Universal P&C Insurance Co.;Florida Family Insurance Co.;First Protective Insurance Co.;Cypress P&C Insurance Co.;Florida Peninsula Insurance Co;Tower Hill Insurance Exchange;Kin Interinsurance Network;Heritage P&C Insurance Co.;Florida Family Home Ins Co.;US Coastal P&C Insurance Co.;TypTap Insurance Co.;Homeowners Choice P&C Ins Co.;Vault E&S Insurance Co.;Edison Insurance Co.;Safe Harbor Insurance Co.;GeoVera Specialty Insurance Co;Florida Farm Bureau Cas Ins Co;Universal North America Ins Co;QBE Specialty Insurance Co.;Auto Club Insurance Co. of FL;American Platinum P&C Ins Co.;FL Farm Bureau General Ins Co.;Castle Key Insurance Co.;Homesite Insurance Co.;PURE Specialty Exchange;State Farm FL Ins Co;AIG Property Casualty Co.;ASI Preferred Insurance Corp.;ACE Ins Co. of the Midwest;Castle Key Indemnity Co.;First Liberty Insurance Corp.,Universal P&C Insurance Co.;Florida Family Insurance Co.;First Protective Insurance Co.;Cypress P&C Insurance Co.;Florida Peninsula Insurance Co;Tower Hill Insurance Exchange;Kin Interinsurance Network;Heritage P&C Insurance Co.;Florida Family Home Ins Co.;US Coastal P&C Insurance Co.;TypTap Insurance Co.;Homeowners Choice P&C Ins Co.;Vault E&S Insurance Co.;Edison Insurance Co.;Safe Harbor Insurance Co.;GeoVera Specialty Insurance Co;Florida Farm Bureau Cas Ins Co;Universal North America Ins Co;QBE Specialty Insurance Co.;American Platinum P&C Ins Co.;Castle Key Indemnity Co.,4586203557.865377,11,37.45190772564053,3301177020.548792,31024388.97899913,1,0.9811320754716981,11487464470.595205,286251300.0,11010417874.659771,539937478.65,359958319.1,539937478.65,359958319.1,0.0,1038431769.5239327,1038431769.5239327,1395853723.0,1038431769.5239327,0.0,False,16309213397.445765,16309213397.445765,0.0,1.0,11740973588.272964,4568239809.1728,2121918052.5538378,0.0,13,9464500000.0,9464500000.0,63
andrew,baseline,,1992230N11325,"{""1992230N11325"": 0.8240998076512706}",114169083378.4201,94086719651.87787,20082363726.54223,22813734657.000774,27349738184.735016,0.0,34859109655.159134,9064137154.982952,22813734657.000774,27349738184.735016,6903106915.432676,13179256811.109554,30.53288037674488,7.939222149081586,19.982410282986436,23.955467956314152,6.046389014574046,11.543630220298901,34859109655.159134,9064137154.982952,6903106915.432676,27,18,9,Universal P&C Insurance Co.;Florida Family Insurance Co.;First Protective Insurance Co.;Cypress P&C Insurance Co.;Florida Peninsula Insurance Co;Tower Hill Insurance Exchange;Kin Interinsurance Network;Heritage P&C Insurance Co.;Florida Family Home Ins Co.;US Coastal P&C Insurance Co.;TypTap Insurance Co.;Homeowners Choice P&C Ins Co.;Edison Insurance Co.;Safe Harbor Insurance Co.;GeoVera Specialty Insurance Co;Florida Farm Bureau Cas Ins Co;Universal North America Ins Co;Auto Club Insurance Co. of FL;American Platinum P&C Ins Co.;FL Farm Bureau General Ins Co.;Homesite Insurance Co.;State Farm FL Ins Co;AIG Property Casualty Co.;ASI Preferred Insurance Corp.;ACE Ins Co. of the Midwest;Castle Key Indemnity Co.;First Liberty Insurance Corp.,Universal P&C Insurance Co.;Florida Family Insurance Co.;First Protective Insurance Co.;Cypress P&C Insurance Co.;Florida Peninsula Insurance Co;Tower Hill Insurance Exchange;Kin Interinsurance Network;Heritage P&C Insurance Co.;Florida Family Home Ins Co.;US Coastal P&C Insurance Co.;TypTap Insurance Co.;Homeowners Choice P&C Ins Co.;Edison Insurance Co.;Safe Harbor Insurance Co.;GeoVera Specialty Insurance Co;Florida Farm Bureau Cas Ins Co;Universal North America Ins Co;American Platinum P&C Ins Co.,2632202739.0831532,9,35.166819401784345,1616126677.8880568,8545481.126593217,1,0.9811320754716981,5731502992.384068,311486220.0,3666654865.9179735,539937478.65,359958319.1,539937478.65,359958319.1,3462106915.4326763,6903106915.432676,3441000000.0,1395853723.0,1395853723.0,0.0,False,15312850718.594664,15312850718.594664,0.0,1.0,10996131544.9898,4316719173.604864,2113498526.1134622,0.0,13,9464500000.0,9464500000.0,64
andrew,baseline,,1992230N11325,"{""1992230N11325"": 0.751287559787777}",114169083378.42007,85773812054.58046,28395271323.83961,6051993625.131298,55590195501.73884,0.0,17683475833.35273,6448147094.357603,6051993625.131298,55590195501.73884,9742873859.749352,18652397464.090263,15.48884804018249,5.6478924972926725,5.300904102971216,48.691111338331325,8.533723466497518,16.33752055472479,17683475833.35273,6448147094.357603,9742873859.749352,19,13,6,Universal P&C Insurance Co.;First Protective Insurance Co.;Cypress P&C Insurance Co.;Tower Hill Insurance Exchange;Kin Interinsurance Network;Heritage P&C Insurance Co.;Florida Family Home Ins Co.;US Coastal P&C Insurance Co.;TypTap Insurance Co.;Homeowners Choice P&C Ins Co.;Edison Insurance Co.;Safe Harbor Insurance Co.;GeoVera Specialty Insurance Co;FL Farm Bureau General Ins Co.;State Farm FL Ins Co;AIG Property Casualty Co.;ASI Preferred Insurance Corp.;Castle Key Indemnity Co.;First Liberty Insurance Corp.,Universal P&C Insurance Co.;First Protective Insurance Co.;Cypress P&C Insurance Co.;Tower Hill Insurance Exchange;Kin Interinsurance Network;Heritage P&C Insurance Co.;Florida Family Home Ins Co.;US Coastal P&C Insurance Co.;TypTap Insurance Co.;Homeowners Choice P&C Ins Co.;Edison Insurance Co.;Safe Harbor Insurance Co.;GeoVera Specialty Insurance Co,414566481.0240071,6,30.467154307056973,442908866.99109745,0.0,0,1.0,1021907741.2612643,363386040.0,2027860578.2754307,539937478.65,359958319.1,539937478.65,359958319.1,6301873859.7493515,9742873859.749352,3441000000.0,1395853723.0,1395853723.0,0.0,False,10332839101.53033,10332839101.53033,0.0,1.0,7063554586.082321,3269284515.44801,1642554913.7463078,0.0,12,9464500000.0,9464500000.0,65
andrew,baseline,,1992230N11325,"{""1992230N11325"": 0.9326796844248345}",114169083378.42007,106483184656.45746,7685898721.96262,18733188615.643566,35434177712.65064,0.0,39390022337.91856,12925795990.244696,18733188615.643566,35434177712.65064,2668358587.6840863,5017540134.278534,34.50147901017829,11.321625441628004,16.408285028926194,31.036578961750966,2.3371989234946,4.394832634021949,39390022337.91856,12925795990.244696,2668358587.6840863,29,19,10,Universal P&C Insurance Co.;Florida Family Insurance Co.;First Protective Insurance Co.;Cypress P&C Insurance Co.;Florida Peninsula Insurance Co;Tower Hill Insurance Exchange;Kin Interinsurance Network;Heritage P&C Insurance Co.;Florida Family Home Ins Co.;US Coastal P&C Insurance Co.;TypTap Insurance Co.;Homeowners Choice P&C Ins Co.;Vault E&S Insurance Co.;Edison Insurance Co.;Safe Harbor Insurance Co.;GeoVera Specialty Insurance Co;Florida Farm Bureau Cas Ins Co;Universal North America Ins Co;Auto Club Insurance Co. of FL;American Platinum P&C Ins Co.;FL Farm Bureau General Ins Co.;Castle Key Insurance Co.;Homesite Insurance Co.;State Farm FL Ins Co;AIG Property Casualty Co.;ASI Preferred Insurance Corp.;ACE Ins Co. of the Midwest;Castle Key Indemnity Co.;First Liberty Insurance Corp.,Universal P&C Insurance Co.;Florida Family Insurance Co.;First Protective Insurance Co.;Cypress P&C Insurance Co.;Florida Peninsula Insurance Co;Tower Hill Insurance Exchange;Kin Interinsurance Network;Heritage P&C Insurance Co.;Florida Family Home Ins Co.;US Coastal P&C Insurance Co.;TypTap Insurance Co.;Homeowners Choice P&C Ins Co.;Vault E&S Insurance Co.;Edison Insurance Co.;Safe Harbor Insurance Co.;GeoVera Specialty Insurance Co;Florida Farm Bureau Cas Ins Co;Universal North America Ins Co;American Platinum P&C Ins Co.,3722727084.3245153,10,35.41856476294073,1157688633.519759,25254883.746742584,1,0.9811320754716981,5919480496.232399,308706120.0,7347566545.758358,539937478.65,359958319.1,539937478.65,359958319.1,0.0,2668358587.6840863,2668358587.6840863,1395853723.0,1395853723.0,0.0,True,17587365587.89009,17000000000.0,587365587.890091,0.9666029807048233,12584325783.879139,4415674216.120862,2125000000.0000005,0.0,13,9464500000.0,9464500000.0,66
andrew,baseline,,1992230N11325,"{""1992230N11325"": 0.7085141247586785}",114169083378.42007,80890408184.36188,33278675194.058197,3348210823.2878327,41768430664.387596,0.0,26143787774.855675,9629978921.830784,3348210823.2878327,41768430664.387596,11411090271.886951,21867584922.17124,22.899183387678228,8.434839482692226,2.9326773275300746,36.58471227796732,9.994903991708707,19.15368353242345,26143787774.855675,9629978921.830784,11411090271.886951,21,14,7,Universal P&C Insurance Co.;Florida Family Insurance Co.;First Protective Insurance Co.;Cypress P&C Insurance Co.;Tower Hill Insurance Exchange;Kin Interinsurance Network;Heritage P&C Insurance Co.;Florida Family Home Ins Co.;US Coastal P&C Insurance Co.;TypTap Insurance Co.;Homeowners Choice P&C Ins Co.;Edison Insurance Co.;Safe Harbor Insurance Co.;GeoVera Specialty Insurance Co;FL Farm Bureau General Ins Co.;Homesite Insurance Co.;State Farm FL Ins Co;AIG Property Casualty Co.;ASI Preferred Insurance Corp.;Castle Key Indemnity Co.;First Liberty Insurance Corp.,Universal P&C Insurance Co.;Florida Family Insurance Co.;First Protective Insurance Co.;Cypress P&C Insurance Co.;Tower Hill Insurance Exchange;Kin Interinsurance Network;Heritage P&C Insurance Co.;Florida Family Home Ins Co.;US Coastal P&C Insurance Co.;TypTap Insurance Co.;Homeowners Choice P&C Ins Co.;Edison Insurance Co.;Safe Harbor Insurance Co.;GeoVera Specialty Insurance Co,1695897120.8818612,7,30.911026990134417,656872612.6342558,0.0,0,1.0,1921543617.2920299,358484220.0,3902884961.034052,539937478.65,359958319.1,539937478.65,359958319.1,7970090271.886951,11411090271.886951,3441000000.0,1395853723.0,1395853723.0,0.0,False,14468041083.821548,14468041083.821548,0.0,1.0,9899801274.648748,4568239809.1728,2072888256.5230944,0.0,13,9464500000.0,9464500000.0,67
andrew,baseline,,1992230N11325,"{""1992230N11325"": 0.9366400018125645}",114169083378.42007,106935330462.50221,7233752915.91787,13225504453.210163,56876337979.81171,0.0,26713904032.79285,10119583996.687496,13225504453.210163,56876337979.81171,2513901353.6791344,4719851562.238735,23.398544721821107,8.863681565302182,11.584138246405516,49.817635647727656,2.201910779424112,4.134089039319439,26713904032.79285,10119583996.687496,2513901353.6791344,23,15,8,Universal P&C Insurance Co.;Florida Family Insurance Co.;First Protective Insurance Co.;Cypress P&C Insurance Co.;Tower Hill Insurance Exchange;Kin Interinsurance Network;Heritage P&C Insurance Co.;Florida Family Home Ins Co.;US Coastal P&C Insurance Co.;TypTap Insurance Co.;Homeowners Choice P&C Ins Co.;Edison Insurance Co.;Safe Harbor Insurance Co.;GeoVera Specialty Insurance Co;Universal North America Ins Co;Auto Club Insurance Co. of FL;FL Farm Bureau General Ins Co.;Homesite Insurance Co.;State Farm FL Ins Co;AIG Property Casualty Co.;ASI Preferred Insurance Corp.;Castle Key Indemnity Co.;First Liberty Insurance Corp.,Universal P&C Insurance Co.;Florida Family Insurance Co.;First Protective Insurance Co.;Cypress P&C Insurance Co.;Tower Hill Insurance Exchange;Kin Interinsurance Network;Heritage P&C Insurance Co.;Florida Family Home Ins Co.;US Coastal P&C Insurance Co.;TypTap Insurance Co.;Homeowners Choice P&C Ins Co.;Edison Insurance Co.;Safe Harbor Insurance Co.;GeoVera Specialty Insurance Co;Universal North America Ins Co,1256768146.8694813,8,31.22475381411744,894278773.4186873,0.0,0,1.0,2644989888.0657735,355019640.0,4383005078.744164,539937478.65,359958319.1,539937478.65,359958319.1,0.0,2513901353.6791344,2513901353.6791344,1395853723.0,1395853723.0,0.0,False,14292545804.519562,14292545804.519562,0.0,1.0,9724305995.346762,4568239809.1728,2099798332.1438956,0.0,13,9464500000.0,9464500000.0,68
andrew,baseline,,1992230N11325,"{""1992230N11325"": 0.9902341962903713}",114169083378.42009,112949330939.37495,1219752439.045139,22799097886.22813,63563584025.7719,0.0,19601583923.95438,6985065103.420534,22799097886.22813,63563584025.7719,445686625.60330564,774065813.4418336,17.16890715412314,6.118175688831737,19.969590025225298,55.674953450477204,0.39037418223465215,0.6779994991079566,19601583923.95438,6985065103.420534,445686625.60330564,20,13,7,Universal P&C Insurance Co.;First Protective Insurance Co.;Cypress P&C Insurance Co.;Tower Hill Insurance Exchange;Kin Interinsurance Network;Heritage P&C Insurance Co.;Florida Family Home Ins Co.;US Coastal P&C Insurance Co.;TypTap Insurance Co.;Homeowners Choice P&C Ins Co.;Edison Insurance Co.;Safe Harbor Insurance Co.;GeoVera Specialty Insurance Co;FL Farm Bureau General Ins Co.;Homesite Insurance Co.;State Farm FL Ins Co;AIG Property Casualty Co.;ASI Preferred Insurance Corp.;Castle Key Indemnity Co.;First Liberty Insurance Corp.,Universal P&C Insurance Co.;First Protective Insurance Co.;Cypress P&C Insurance Co.;Tower Hill Insurance Exchange;Kin Interinsurance Network;Heritage P&C Insurance Co.;Florida Family Home Ins Co.;US Coastal P&C Insurance Co.;TypTap Insurance Co.;Homeowners Choice P&C Ins Co.;Edison Insurance Co.;Safe Harbor Insurance Co.;GeoVera Specialty Insurance Co,853734098.7252096,7,30.467154307056973,494923511.9547204,0.0,0,1.0,1287129454.5606372,363386040.0,1852558020.133031,539937478.65,359958319.1,539937478.65,359958319.1,0.0,445686625.60330564,445686625.60330564,1395853723.0,445686625.60330564,0.0,False,12020797777.703344,12020797777.703344,0.0,1.0,8010819898.093769,4009977879.6095757,1852192835.9672697,0.0,13,9464500000.0,9464500000.0,69
andrew,baseline,,1992230N11325,"{""1992230N11325"": 0.9287344525824385}",114169083378.42007,106032761153.29573,8136322225.124349,29112811828.299797,59255720791.47857,0.0,13164752443.368095,4499476090.149275,29112811828.299797,59255720791.47857,2822227466.9241066,5314094758.200244,11.53092593354083,3.9410635147481208,25.499733348829373,51.90172246112551,2.471971731234514,4.654583010521655,13164752443.368095,4499476090.149275,2822227466.9241066,16,12,4,Universal P&C Insurance Co.;First Protective Insurance Co.;Cypress P&C Insurance Co.;Tower Hill Insurance Exchange;Kin Interinsurance Network;Heritage P&C Insurance Co.;US Coastal P&C Insurance Co.;TypTap Insurance Co.;Homeowners Choice P&C Ins Co.;Edison Insurance Co.;Safe Harbor Insurance Co.;GeoVera Specialty Insurance Co;FL Farm Bureau General Ins Co.;AIG Property Casualty Co.;ASI Preferred Insurance Corp.;Castle Key Indemnity Co.,Universal P&C Insurance Co.;First Protective Insurance Co.;Cypress P&C Insurance Co.;Tower Hill Insurance Exchange;Kin Interinsurance Network;Heritage P&C Insurance Co.;US Coastal P&C Insurance Co.;TypTap Insurance Co.;Homeowners Choice P&C Ins Co.;Edison Insurance Co.;Safe Harbor Insurance Co.;GeoVera Specialty Insurance Co,286094262.8214342,4,30.1173132839673,490314584.9087771,0.0,0,1.0,1141633197.8276746,367249440.0,1971914037.0467052,539937478.65,359958319.1,539937478.65,359958319.1,0.0,2822227466.9241066,2822227466.9241066,1395853723.0,1395853723.0,0.0,False,4375401298.009161,4375401298.009161,0.0,1.0,3004339440.7266655,1371061857.282495,1707982582.6842494,0.0,12,9464500000.0,9464500000.0,70
andrew,baseline,,1992230N11325,"{""1992230N11325"": 0.7991549087351058}",114169083378.42009,91238783407.65198,22930299970.76811,22205645558.081192,48202263605.860634,0.0,17469698749.78753,3361175493.922622,22205645558.081192,48202263605.860634,7875988558.974985,15054311411.793121,15.301602003655573,2.944033003034464,19.44978877029194,42.22006709652859,6.898530080047645,13.185979046441783,17469698749.78753,3361175493.922622,7875988558.974985,17,12,5,Universal P&C Insurance Co.;First Protective Insurance Co.;Cypress P&C Insurance Co.;Tower Hill Insurance Exchange;Kin Interinsurance Network;Heritage P&C Insurance Co.;US Coastal P&C Insurance Co.;TypTap Insurance Co.;Homeowners Choice P&C Ins Co.;Edison Insurance Co.;Safe Harbor Insurance Co.;GeoVera Specialty Insurance Co;FL Farm Bureau General Ins Co.;State Farm FL Ins Co;AIG Property Casualty Co.;ASI Preferred Insurance Corp.;Castle Key Indemnity Co.,Universal P&C Insurance Co.;First Protective Insurance Co.;Cypress P&C Insurance Co.;Tower Hill Insurance Exchange;Kin Interinsurance Network;Heritage P&C Insurance Co.;US Coastal P&C Insurance Co.;TypTap Insurance Co.;Homeowners Choice P&C Ins Co.;Edison Insurance Co.;Safe Harbor Insurance Co.;GeoVera Specialty Insurance Co,455404331.3914249,5,30.1173132839673,464882618.31924284,0.0,0,1.0,1175549244.5652847,367249440.0,2170812781.335085,539937478.65,359958319.1,539937478.65,359958319.1,4434988558.974985,7875988558.974985,3441000000.0,1395853723.0,1395853723.0,0.0,False,6290417199.232562,6290417199.232562,0.0,1.0,6248794791.324026,41622407.90853586,1696026375.0474334,0.0,12,9464500000.0,9464500000.0,71
andrew,baseline,,1992230N11325,"{""1992230N11325"": 0.9365406536919547}",114169083378.42007,106923987978.63681,7245095399.783268,21387309472.650803,42405619278.89106,0.0,33004700873.275238,10126358353.819733,21387309472.650803,42405619278.89106,2517776052.1971207,4727319347.586147,28.9086150966801,8.869615183171199,18.733013211432485,37.1428218779117,2.205304604094793,4.140630026709746,33004700873.275238,10126358353.819733,2517776052.1971207,28,19,9,Universal P&C Insurance Co.;Florida Family Insurance Co.;First Protective Insurance Co.;Cypress P&C Insurance Co.;Florida Peninsula Insurance Co;Tower Hill Insurance Exchange;Kin Interinsurance Network;Heritage P&C Insurance Co.;Florida Family Home Ins Co.;US Coastal P&C Insurance Co.;TypTap Insurance Co.;Homeowners Choice P&C Ins Co.;Edison Insurance Co.;Safe Harbor Insurance Co.;GeoVera Specialty Insurance Co;Florida Farm Bureau Cas Ins Co;Universal North America Ins Co;Auto Club Insurance Co. of FL;American Platinum P&C Ins Co.;FL Farm Bureau General Ins Co.;Castle Key Insurance Co.;Homesite Insurance Co.;State Farm FL Ins Co;AIG Property Casualty Co.;ASI Preferred Insurance Corp.;ACE Ins Co. of the Midwest;Castle Key Indemnity Co.;First Liberty Insurance Corp.,Universal P&C Insurance Co.;Florida Family Insurance Co.;First Protective Insurance Co.;Cypress P&C Insurance Co.;Florida Peninsula Insurance Co;Tower Hill Insurance Exchange;Kin Interinsurance Network;Heritage P&C Insurance Co.;Florida Family Home Ins Co.;US Coastal P&C Insurance Co.;TypTap Insurance Co.;Homeowners Choice P&C Ins Co.;Edison Insurance Co.;Safe Harbor Insurance Co.;GeoVera Specialty Insurance Co;Florida Farm Bureau Cas Ins Co;Universal North America Ins Co;American Platinum P&C Ins Co.;Castle Key Indemnity Co.,2712833006.072076,10,36.90494087556314,1082752448.5343797,12064529.127798945,1,0.9811320754716981,4739468531.31135,292291620.0,4441674660.72638,539937478.65,359958319.1,539937478.65,359958319.1,0.0,2517776052.1971207,2517776052.1971207,1395853723.0,1395853723.0,0.0,False,15154135852.70137,15154135852.70137,0.0,1.0,10585896043.52857,4568239809.1728,2106723272.2136445,0.0,13,9464500000.0,9464500000.0,72
andrew,baseline,,1992230N11325,"{""1992230N11325"": 0.9720972817231002}",114169083378.42009,110983455608.98015,3185627769.43994,10790841801.779726,57470374500.45992,0.0,32544736026.92066,10177503279.819832,10790841801.779726,57470374500.45992,1131023961.758826,2054603807.6811132,28.50573470844925,8.91441271021324,9.451632160357153,50.33794859329037,0.9906569522065629,1.7996148754834171,32544736026.92066,10177503279.819832,1131023961.758826,26,17,9,Universal P&C Insurance Co.;Florida Family Insurance Co.;First Protective Insurance Co.;Cypress P&C Insurance Co.;Florida Peninsula Insurance Co;Tower Hill Insurance Exchange;Kin Interinsurance Network;Heritage P&C Insurance Co.;Florida Family Home Ins Co.;US Coastal P&C Insurance Co.;TypTap Insurance Co.;Homeowners Choice P&C Ins Co.;Edison Insurance Co.;Safe Harbor Insurance Co.;GeoVera Specialty Insurance Co;Florida Farm Bureau Cas Ins Co;Universal North America Ins Co;Auto Club Insurance Co. of FL;FL Farm Bureau General Ins Co.;Homesite Insurance Co.;State Farm FL Ins Co;AIG Property Casualty Co.;ASI Preferred Insurance Corp.;ACE Ins Co. of the Midwest;Castle Key Indemnity Co.;First Liberty Insurance Corp.,Universal P&C Insurance Co.;Florida Family Insurance Co.;First Protective Insurance Co.;Cypress P&C Insurance Co.;Florida Peninsula Insurance Co;Tower Hill Insurance Exchange;Kin Interinsurance Network;Heritage P&C Insurance Co.;Florida Family Home Ins Co.;US Coastal P&C Insurance Co.;TypTap Insurance Co.;Homeowners Choice P&C Ins Co.;Edison Insurance Co.;Safe Harbor Insurance Co.;GeoVera Specialty Insurance Co;Florida Farm Bureau Cas Ins Co;Universal North America Ins Co,2503502120.6219363,9,35.00946972218037,1379653588.1108265,0.0,0,1.0,3970522592.4007134,313223880.0,4482692270.991163,539937478.65,359958319.1,539937478.65,359958319.1,0.0,1131023961.758826,1131023961.758826,1395853723.0,1131023961.758826,0.0,False,15749320623.90844,15749320623.90844,0.0,1.0,11181080814.73564,4568239809.1728,2116721099.8652766,0.0,13,9464500000.0,9464500000.0,73
andrew,baseline,,1992230N11325,"{""1992230N11325"": 0.8241441935788758}",114169083378.42009,94091787152.54744,20077296225.872646,9553599392.639118,31634832073.311455,0.0,38855447953.22042,14047907733.376436,9553599392.639118,31634832073.311455,6901375809.832937,13175920416.039707,34.033248584848295,12.304476236192443,8.367939121463518,27.7087554153833,6.044872749795077,11.540707892317354,38855447953.22042,14047907733.376436,6901375809.832937,29,18,11,Universal P&C Insurance Co.;Florida Family Insurance Co.;First Protective Insurance Co.;Cypress P&C Insurance Co.;Florida Peninsula Insurance Co;Tower Hill Insurance Exchange;Kin Interinsurance Network;Heritage P&C Insurance Co.;Florida Family Home Ins Co.;US Coastal P&C Insurance Co.;TypTap Insurance Co.;Homeowners Choice P&C Ins Co.;Edison Insurance Co.;Safe Harbor Insurance Co.;GeoVera Specialty Insurance Co;Florida Farm Bureau Cas Ins Co;Universal North America Ins Co;Auto Club Insurance Co. of FL;American Platinum P&C Ins Co.;FL Farm Bureau General Ins Co.;Castle Key Insurance Co.;Homesite Insurance Co.;State Farm FL Ins Co;AIG Property Casualty Co.;ASI Preferred Insurance Corp.;Nationwide P&C Insurance Co.;ACE Ins Co. of the Midwest;Castle Key Indemnity Co.;First Liberty Insurance Corp.,Universal P&C Insurance Co.;Florida Family Insurance Co.;First Protective Insurance Co.;Cypress P&C Insurance Co.;Florida Peninsula Insurance Co;Tower Hill Insurance Exchange;Kin Interinsurance Network;Heritage P&C Insurance Co.;Florida Family Home Ins Co.;US Coastal P&C Insurance Co.;TypTap Insurance Co.;Homeowners Choice P&C Ins Co.;Edison Insurance Co.;Safe Harbor Insurance Co.;GeoVera Specialty Insurance Co;Florida Farm Bureau Cas Ins Co;Universal North America Ins Co;American Platinum P&C Ins Co.,3798179211.927015,11,35.166819401784345,1801067370.943881,17320959.01333399,1,0.9811320754716981,6659327134.475244,311486220.0,8306019698.715246,539937478.65,359958319.1,539937478.65,359958319.1,3460375809.8329372,6901375809.832937,3441000000.0,1395853723.0,1395853723.0,0.0,False,15158163350.781294,15158163350.781294,0.0,1.0,10589923541.608494,4568239809.1728,2019620947.9138393,0.0,13,9464500000.0,9464500000.0,74
andrew,baseline,,1992230N11325,"{""1992230N11325"": 0.926208584469438}",114169083378.42009,105744385106.0997,8424698272.320383,34590063699.13768,39314693779.47338,0.0,22547355348.912567,9292272278.576067,34590063699.13768,39314693779.47338,2920739420.3862433,5503958851.934139,19.74909028057801,8.139044304819624,30.297224673764696,34.43549918778145,2.5582577471567167,4.820883805899489,22547355348.912567,9292272278.576067,2920739420.3862433,21,14,7,Universal P&C Insurance Co.;Florida Family Insurance Co.;First Protective Insurance Co.;Cypress P&C Insurance Co.;Tower Hill Insurance Exchange;Kin Interinsurance Network;Heritage P&C Insurance Co.;Florida Family Home Ins Co.;US Coastal P&C Insurance Co.;TypTap Insurance Co.;Homeowners Choice P&C Ins Co.;Edison Insurance Co.;Safe Harbor Insurance Co.;GeoVera Specialty Insurance Co;FL Farm Bureau General Ins Co.;Homesite Insurance Co.;State Farm FL Ins Co;AIG Property Casualty Co.;ASI Preferred Insurance Corp.;Castle Key Indemnity Co.;First Liberty Insurance Corp.,Universal P&C Insurance Co.;Florida Family Insurance Co.;First Protective Insurance Co.;Cypress P&C Insurance Co.;Tower Hill Insurance Exchange;Kin Interinsurance Network;Heritage P&C Insurance Co.;Florida Family Home Ins Co.;US Coastal P&C Insurance Co.;TypTap Insurance Co.;Homeowners Choice P&C Ins Co.;Edison Insurance Co.;Safe Harbor Insurance Co.;GeoVera Specialty Insurance Co,1211940413.3079736,7,30.911026990134417,619683097.1162097,0.0,0,1.0,1770836274.8029947,358484220.0,3551571857.0876217,539937478.65,359958319.1,539937478.65,359958319.1,0.0,2920739420.3862433,2920739420.3862433,1395853723.0,1395853723.0,0.0,False,12947991156.158913,12947991156.158913,0.0,1.0,8379751346.986114,4568239809.1728,1919756445.487751,0.0,13,9464500000.0,9464500000.0,75
andrew,baseline,,1992230N11325,"{""1992230N11325"": 0.9716413157023326}",114169083378.42009,110931398386.3374,3237684992.0826817,30252204662.819683,46561066041.08695,0.0,24779721323.719265,9338406358.711498,30252204662.819683,46561066041.08695,1148807195.644627,2088877796.438054,21.70440594813697,8.179452862697342,26.497720545366022,40.78255221403292,1.006233177713128,1.8296352520536112,24779721323.719265,9338406358.711498,1148807195.644627,21,15,6,Universal P&C Insurance Co.;Florida Family Insurance Co.;First Protective Insurance Co.;Cypress P&C Insurance Co.;Tower Hill Insurance Exchange;Kin Interinsurance Network;Heritage P&C Insurance Co.;Florida Family Home Ins Co.;US Coastal P&C Insurance Co.;TypTap Insurance Co.;Homeowners Choice P&C Ins Co.;Edison Insurance Co.;Safe Harbor Insurance Co.;GeoVera Specialty Insurance Co;Universal North America Ins Co;FL Farm Bureau General Ins Co.;Homesite Insurance Co.;State Farm FL Ins Co;AIG Property Casualty Co.;ASI Preferred Insurance Corp.;Castle Key Indemnity Co.,Universal P&C Insurance Co.;Florida Family Insurance Co.;First Protective Insurance Co.;Cypress P&C Insurance Co.;Tower Hill Insurance Exchange;Kin Interinsurance Network;Heritage P&C Insurance Co.;Florida Family Home Ins Co.;US Coastal P&C Insurance Co.;TypTap Insurance Co.;Homeowners Choice P&C Ins Co.;Edison Insurance Co.;Safe Harbor Insurance Co.;GeoVera Specialty Insurance Co;Universal North America Ins Co,1114946365.7588732,6,31.22475381411744,1069878162.9625492,0.0,0,1.0,2494272940.256869,355019640.0,3611657683.713745,539937478.65,359958319.1,539937478.65,359958319.1,0.0,1148807195.644627,1148807195.644627,1395853723.0,1148807195.644627,0.0,False,14012873227.577618,14012873227.577618,0.0,1.0,9444633418.404818,4568239809.1728,1988561762.0463846,0.0,13,9464500000.0,9464500000.0,76
andrew,baseline,,1992230N11325,"{""1992230N11325"": 0.9537745080979689}",114169083378.42009,108891561339.24861,5277522039.171473,8006442855.724951,30687415327.501194,0.0,51845789310.03021,18351913845.992264,8006442855.724951,30687415327.501194,1845634599.3317013,3431887439.8397717,45.41140891723228,16.074328796320255,7.0127941985722435,26.878918897672115,1.616580027374169,3.0059691628289427,51845789310.03021,18351913845.992264,1845634599.3317013,34,22,12,Universal P&C Insurance Co.;Florida Family Insurance Co.;First Protective Insurance Co.;Cypress P&C Insurance Co.;Florida Peninsula Insurance Co;Tower Hill Insurance Exchange;Kin Interinsurance Network;Unique Insurance Co.;Heritage P&C Insurance Co.;Florida Family Home Ins Co.;US Coastal P&C Insurance Co.;TypTap Insurance Co.;Homeowners Choice P&C Ins Co.;Vault E&S Insurance Co.;Edison Insurance Co.;Safe Harbor Insurance Co.;Spinnaker Specialty Ins Co.;GeoVera Specialty Insurance Co;Florida Farm Bureau Cas Ins Co;Universal North America Ins Co;Auto Club Insurance Co. of FL;American Platinum P&C Ins Co.;FL Farm Bureau General Ins Co.;Castle Key Insurance Co.;Homesite Insurance Co.;PURE Specialty Exchange;State Farm FL Ins Co;AIG Property Casualty Co.;Foremost P&C Insurance Co.;ASI Preferred Insurance Corp.;Nationwide P&C Insurance Co.;ACE Ins Co. of the Midwest;Castle Key Indemnity Co.;First Liberty Insurance Corp.,Universal P&C Insurance Co.;Florida Family Insurance Co.;First Protective Insurance Co.;Cypress P&C Insurance Co.;Florida Peninsula Insurance Co;Tower Hill Insurance Exchange;Kin Interinsurance Network;Unique Insurance Co.;Heritage P&C Insurance Co.;Florida Family Home Ins Co.;US Coastal P&C Insurance Co.;TypTap Insurance Co.;Homeowners Choice P&C Ins Co.;Vault E&S Insurance Co.;Edison Insurance Co.;Safe Harbor Insurance Co.;Spinnaker Specialty Ins Co.;GeoVera Specialty Insurance Co;Florida Farm Bureau Cas Ins Co;Universal North America Ins Co;American Platinum P&C Ins Co.;Castle Key Indemnity Co.,5541064371.493794,13,37.3412832020945,3394043625.5816865,50607724.38469903,1,0.9811320754716981,12895774112.453608,287472960.0,12610171072.426424,539937478.65,359958319.1,539937478.65,359958319.1,0.0,1845634599.3317013,1845634599.3317013,1395853723.0,1395853723.0,0.0,False,15286112628.371471,15286112628.371471,0.0,1.0,10717872819.198671,4568239809.1728,2210108036.30655,0.0,14,9464500000.0,9464500000.0,77
andrew,baseline,,1992230N11325,"{""1992230N11325"": 0.9253139662938614}",114169083378.4201,105642247369.02046,8526836009.399636,17166733552.788115,47850419938.756676,0.0,25751395155.63086,14873698721.844799,17166733552.788115,47850419938.756676,2955630626.156324,5571205383.243313,22.55548909881001,13.027781498906368,15.036236645509337,41.911889386160404,2.5888187403236946,4.879784630290169,25751395155.63086,14873698721.844799,2955630626.156324,25,17,8,Universal P&C Insurance Co.;Florida Family Insurance Co.;First Protective Insurance Co.;Cypress P&C Insurance Co.;Florida Peninsula Insurance Co;Tower Hill Insurance Exchange;Kin Interinsurance Network;Heritage P&C Insurance Co.;Florida Family Home Ins Co.;US Coastal P&C Insurance Co.;TypTap Insurance Co.;Homeowners Choice P&C Ins Co.;Edison Insurance Co.;Safe Harbor Insurance Co.;GeoVera Specialty Insurance Co;Universal North America Ins Co;Auto Club Insurance Co. of FL;American Platinum P&C Ins Co.;FL Farm Bureau General Ins Co.;Homesite Insurance Co.;State Farm FL Ins Co;AIG Property Casualty Co.;ASI Preferred Insurance Corp.;Castle Key Indemnity Co.;First Liberty Insurance Corp.,Universal P&C Insurance Co.;Florida Family Insurance Co.;First Protective Insurance Co.;Cypress P&C Insurance Co.;Florida Peninsula Insurance Co;Tower Hill Insurance Exchange;Kin Interinsurance Network;Heritage P&C Insurance Co.;Florida Family Home Ins Co.;US Coastal P&C Insurance Co.;TypTap Insurance Co.;Homeowners Choice P&C Ins Co.;Edison Insurance Co.;Safe Harbor Insurance Co.;GeoVera Specialty Insurance Co;Universal North America Ins Co;American Platinum P&C Ins Co.,1706902503.8275743,8,34.45361965929429,638132246.4742087,2049213.1049384922,1,0.9811320754716981,2421661250.4076366,319362300.0,8983568195.950203,539937478.65,359958319.1,539937478.65,359958319.1,0.0,2955630626.156324,2955630626.156324,1395853723.0,1395853723.0,0.0,False,14006407941.204407,14006407941.204407,0.0,1.0,9438168132.031607,4568239809.1728,2107709649.6085846,0.0,13,9464500000.0,9464500000.0,78
andrew,baseline,,1992230N11325,"{""1992230N11325"": 0.9683073032913136}",114169083378.42009,110550757245.39908,3618326133.0210056,28883599029.277596,42935910001.242195,0.0,27889377478.958122,10841870735.921162,28883599029.277596,42935910001.242195,1278837767.623445,2339488365.3975606,24.428134704836992,9.496328090841502,25.298967263791738,37.60730026966111,1.1201261583091304,2.0491435125595165,27889377478.958122,10841870735.921162,1278837767.623445,22,14,8,Universal P&C Insurance Co.;Florida Family Insurance Co.;First Protective Insurance Co.;Cypress P&C Insurance Co.;Tower Hill Insurance Exchange;Kin Interinsurance Network;Heritage P&C Insurance Co.;Florida Family Home Ins Co.;US Coastal P&C Insurance Co.;TypTap Insurance Co.;Homeowners Choice P&C Ins Co.;Edison Insurance Co.;Safe Harbor Insurance Co.;GeoVera Specialty Insurance Co;Auto Club Insurance Co. of FL;FL Farm Bureau General Ins Co.;Homesite Insurance Co.;State Farm FL Ins Co;AIG Property Casualty Co.;ASI Preferred Insurance Corp.;Castle Key Indemnity Co.;First Liberty Insurance Corp.,Universal P&C Insurance Co.;Florida Family Insurance Co.;First Protective Insurance Co.;Cypress P&C Insurance Co.;Tower Hill Insurance Exchange;Kin Interinsurance Network;Heritage P&C Insurance Co.;Florida Family Home Ins Co.;US Coastal P&C Insurance Co.;TypTap Insurance Co.;Homeowners Choice P&C Ins Co.;Edison Insurance Co.;Safe Harbor Insurance Co.;GeoVera Specialty Insurance Co,1738433515.3869731,8,30.911026990134417,1211253836.7034671,0.0,0,1.0,3199891327.148302,358484220.0,5094098293.507059,539937478.65,359958319.1,539937478.65,359958319.1,0.0,1278837767.623445,1278837767.623445,1395853723.0,1278837767.623445,0.0,False,14277181932.297667,14277181932.297667,0.0,1.0,9708942123.124866,4568239809.1728,2106221606.5155916,0.0,13,9464500000.0,9464500000.0,79
andrew,baseline,,1992230N11325,"{""1992230N11325"": 0.8712693357076607}",114169083378.42009,99472021433.46858,14697061944.951504,20357398557.989285,44708938368.945786,0.0,23896406532.635025,10509277973.898487,20357398557.989285,44708938368.945786,5063437485.027488,9633624459.924017,20.9307159394711,9.205012130179648,17.830920557112208,39.160284944003095,4.435033842081773,8.438032587152168,23896406532.635025,10509277973.898487,5063437485.027488,21,15,6,Universal P&C Insurance Co.;Florida Family Insurance Co.;First Protective Insurance Co.;Cypress P&C Insurance Co.;Florida Peninsula Insurance Co;Tower Hill Insurance Exchange;Kin Interinsurance Network;Heritage P&C Insurance Co.;Florida Family Home Ins Co.;US Coastal P&C Insurance Co.;TypTap Insurance Co.;Homeowners Choice P&C Ins Co.;Edison Insurance Co.;Safe Harbor Insurance Co.;GeoVera Specialty Insurance Co;FL Farm Bureau General Ins Co.;Homesite Insurance Co.;State Farm FL Ins Co;AIG Property Casualty Co.;ASI Preferred Insurance Corp.;Castle Key Indemnity Co.,Universal P&C Insurance Co.;Florida Family Insurance Co.;First Protective Insurance Co.;Cypress P&C Insurance Co.;Florida Peninsula Insurance Co;Tower Hill Insurance Exchange;Kin Interinsurance Network;Heritage P&C Insurance Co.;Florida Family Home Ins Co.;US Coastal P&C Insurance Co.;TypTap Insurance Co.;Homeowners Choice P&C Ins Co.;Edison Insurance Co.;Safe Harbor Insurance Co.;GeoVera Specialty Insurance Co,1331229460.490924,6,33.98254315570729,679163512.836466,0.0,0,1.0,2182822918.9571943,324564540.0,4731020578.072853,539937478.65,359958319.1,539937478.65,359958319.1,1622437485.0274878,5063437485.027488,3441000000.0,1395853723.0,1395853723.0,0.0,False,13524431298.040216,13524431298.040216,0.0,1.0,8956191488.867416,4568239809.1728,1890010187.976358,0.0,13,9464500000.0,9464500000.0,80
andrew,baseline,,1992230N11325,"{""1992230N11325"": 0.9047796626705554}",114169083378.42009,103297864746.53345,10871218631.88664,24034740891.132687,49996749086.0888,0.0,20699141450.30057,8567233319.011396,24034740891.132687,49996749086.0888,3756493645.2921867,7114724986.594455,18.13025106078154,7.503987126370107,21.05188215575677,43.79184592414713,3.2902897475677104,6.2317439853767445,20699141450.30057,8567233319.011396,3756493645.2921867,21,14,7,Universal P&C Insurance Co.;Florida Family Insurance Co.;First Protective Insurance Co.;Cypress P&C Insurance Co.;Tower Hill Insurance Exchange;Kin Interinsurance Network;Heritage P&C Insurance Co.;Florida Family Home Ins Co.;US Coastal P&C Insurance Co.;TypTap Insurance Co.;Homeowners Choice P&C Ins Co.;Edison Insurance Co.;Safe Harbor Insurance Co.;GeoVera Specialty Insurance Co;FL Farm Bureau General Ins Co.;Homesite Insurance Co.;State Farm FL Ins Co;AIG Property Casualty Co.;ASI Preferred Insurance Corp.;Castle Key Indemnity Co.;First Liberty Insurance Corp.,Universal P&C Insurance Co.;Florida Family Insurance Co.;First Protective Insurance Co.;Cypress P&C Insurance Co.;Tower Hill Insurance Exchange;Kin Interinsurance Network;Heritage P&C Insurance Co.;Florida Family Home Ins Co.;US Coastal P&C Insurance Co.;TypTap Insurance Co.;Homeowners Choice P&C Ins Co.;Edison Insurance Co.;Safe Harbor Insurance Co.;GeoVera Specialty Insurance Co,885524974.6703631,7,30.911026990134417,644183675.9896593,0.0,0,1.0,1588045052.081439,358484220.0,2835956470.04258,539937478.65,359958319.1,539937478.65,359958319.1,315493645.29218674,3756493645.2921867,3441000000.0,1395853723.0,1395853723.0,0.0,False,12701495422.266026,12701495422.266026,0.0,1.0,8133255613.093225,4568239809.1728,1775660527.8272846,0.0,13,9464500000.0,9464500000.0,81
andrew,baseline,,1992230N11325,"{""1992230N11325"": 0.8877053293502358}",114169083378.42007,101348503762.0549,12820579616.36517,30085356482.87364,56704017052.59459,0.0,10020430976.463251,4538699250.123424,30085356482.87364,56704017052.59459,4422413580.221148,8398166036.14402,8.776834042934329,3.975418840037141,26.351579247732044,49.666700804320044,3.8735649348806636,7.355902130095772,10020430976.463251,4538699250.123424,4422413580.221148,15,11,4,Universal P&C Insurance Co.;First Protective Insurance Co.;Cypress P&C Insurance Co.;Tower Hill Insurance Exchange;Kin Interinsurance Network;US Coastal P&C Insurance Co.;TypTap Insurance Co.;Homeowners Choice P&C Ins Co.;Edison Insurance Co.;Safe Harbor Insurance Co.;GeoVera Specialty Insurance Co;FL Farm Bureau General Ins Co.;AIG Property Casualty Co.;ASI Preferred Insurance Corp.;Castle Key Indemnity Co.,Universal P&C Insurance Co.;First Protective Insurance Co.;Cypress P&C Insurance Co.;Tower Hill Insurance Exchange;Kin Interinsurance Network;US Coastal P&C Insurance Co.;TypTap Insurance Co.;Homeowners Choice P&C Ins Co.;Edison Insurance Co.;Safe Harbor Insurance Co.;GeoVera Specialty Insurance Co,266030009.948296,4,28.09578743922402,430648887.0626161,0.0,0,1.0,828322193.8425367,389573760.0,2649712212.427396,539937478.65,359958319.1,539937478.65,359958319.1,981413580.2211475,4422413580.221148,3441000000.0,1395853723.0,1395853723.0,0.0,False,1263034305.6479168,1263034305.6479168,0.0,1.0,590921791.4266492,672112514.2212676,1662181422.7535872,0.0,12,9464500000.0,9464500000.0,82
andrew,baseline,,1992230N11325,"{""1992230N11325"": 0.935652808956476}",114169083378.42006,106822623559.00482,7346459819.415243,19920692169.17168,50808649077.12736,0.0,26628333221.01175,9464949091.694048,19920692169.17168,50808649077.12736,2552403085.4982386,4794056733.917006,23.323593772536995,8.29029086650536,17.448412109207702,44.50298414739754,2.2356342102162197,4.199084894136205,26628333221.01175,9464949091.694048,2552403085.4982386,24,17,7,Universal P&C Insurance Co.;Florida Family Insurance Co.;First Protective Insurance Co.;Cypress P&C Insurance Co.;Florida Peninsula Insurance Co;Tower Hill Insurance Exchange;Kin Interinsurance Network;Heritage P&C Insurance Co.;Florida Family Home Ins Co.;US Coastal P&C Insurance Co.;TypTap Insurance Co.;Homeowners Choice P&C Ins Co.;Edison Insurance Co.;Safe Harbor Insurance Co.;GeoVera Specialty Insurance Co;Universal North America Ins Co;American Platinum P&C Ins Co.;FL Farm Bureau General Ins Co.;Homesite Insurance Co.;State Farm FL Ins Co;AIG Property Casualty Co.;ASI Preferred Insurance Corp.;Castle Key Indemnity Co.;First Liberty Insurance Corp.,Universal P&C Insurance Co.;Florida Family Insurance Co.;First Protective Insurance Co.;Cypress P&C Insurance Co.;Florida Peninsula Insurance Co;Tower Hill Insurance Exchange;Kin Interinsurance Network;Heritage P&C Insurance Co.;Florida Family Home Ins Co.;US Coastal P&C Insurance Co.;TypTap Insurance Co.;Homeowners Choice P&C Ins Co.;Edison Insurance Co.;Safe Harbor Insurance Co.;GeoVera Specialty Insurance Co;Universal North America Ins Co;American Platinum P&C Ins Co.,1235561711.836244,7,34.45361965929429,693134421.9642196,9140369.53442043,1,0.9811320754716981,3045130449.764835,319362300.0,3752301425.5172777,539937478.65,359958319.1,539937478.65,359958319.1,0.0,2552403085.4982386,2552403085.4982386,1395853723.0,1395853723.0,0.0,False,14264448453.823223,14264448453.823223,0.0,1.0,9696208644.650423,4568239809.1728,2010422115.7222683,0.0,13,9464500000.0,9464500000.0,83
andrew,baseline,,1992230N11325,"{""1992230N11325"": 0.7588427711029544}",114169083378.42009,86636383605.16454,27532699773.255554,9218208438.311735,31439780707.80414,0.0,35688076150.906075,10290318308.142588,9218208438.311735,31439780707.80414,9448211354.748941,18084488418.506615,31.25896704681062,9.013226701693599,8.074172241321625,27.537911120469584,8.275630385357736,15.84009250434684,35688076150.906075,10290318308.142588,9448211354.748941,26,17,9,Universal P&C Insurance Co.;Florida Family Insurance Co.;First Protective Insurance Co.;Cypress P&C Insurance Co.;Florida Peninsula Insurance Co;Tower Hill Insurance Exchange;Kin Interinsurance Network;Heritage P&C Insurance Co.;Florida Family Home Ins Co.;US Coastal P&C Insurance Co.;TypTap Insurance Co.;Homeowners Choice P&C Ins Co.;Edison Insurance Co.;Safe Harbor Insurance Co.;GeoVera Specialty Insurance Co;Universal North America Ins Co;Auto Club Insurance Co. of FL;American Platinum P&C Ins Co.;FL Farm Bureau General Ins Co.;Homesite Insurance Co.;State Farm FL Ins Co;AIG Property Casualty Co.;ASI Preferred Insurance Corp.;ACE Ins Co. of the Midwest;Castle Key Indemnity Co.;First Liberty Insurance Corp.,Universal P&C Insurance Co.;Florida Family Insurance Co.;First Protective Insurance Co.;Cypress P&C Insurance Co.;Florida Peninsula Insurance Co;Tower Hill Insurance Exchange;Kin Interinsurance Network;Heritage P&C Insurance Co.;Florida Family Home Ins Co.;US Coastal P&C Insurance Co.;TypTap Insurance Co.;Homeowners Choice P&C Ins Co.;Edison Insurance Co.;Safe Harbor Insurance Co.;GeoVera Specialty Insurance Co;Universal North America Ins Co;American Platinum P&C Ins Co.,3627791702.374282,9,34.45361965929429,1950834643.045908,16629357.196777299,1,0.9811320754716981,5572270719.063129,319362300.0,4618876404.842192,539937478.65,359958319.1,539937478.65,359958319.1,6007211354.748941,9448211354.748941,3441000000.0,1395853723.0,1395853723.0,0.0,False,15300222287.277296,15300222287.277296,0.0,1.0,10731982478.104496,4568239809.1728,2111294950.8569887,0.0,13,9464500000.0,9464500000.0,84
andrew,baseline,,1992230N11325,"{""1992230N11325"": 0.8667402501170948}",114169083378.42009,98954939883.05127,15214143495.368818,10918431233.499737,47318907533.27102,0.0,28528550629.14825,12189050487.132257,10918431233.499737,47318907533.27102,5240077376.329597,9974066119.03922,24.987982547419342,10.676314573474272,9.56338696117053,41.44634092964532,4.589751639645783,8.736223348644744,28528550629.14825,12189050487.132257,5240077376.329597,25,16,9,Universal P&C Insurance Co.;Florida Family Insurance Co.;First Protective Insurance Co.;Cypress P&C Insurance Co.;Florida Peninsula Insurance Co;Tower Hill Insurance Exchange;Kin Interinsurance Network;Heritage P&C Insurance Co.;Florida Family Home Ins Co.;US Coastal P&C Insurance Co.;TypTap Insurance Co.;Homeowners Choice P&C Ins Co.;Edison Insurance Co.;Safe Harbor Insurance Co.;GeoVera Specialty Insurance Co;Universal North America Ins Co;Auto Club Insurance Co. of FL;FL Farm Bureau General Ins Co.;Homesite Insurance Co.;State Farm FL Ins Co;AIG Property Casualty Co.;ASI Preferred Insurance Corp.;ACE Ins Co. of the Midwest;Castle Key Indemnity Co.;First Liberty Insurance Corp.,Universal P&C Insurance Co.;Florida Family Insurance Co.;First Protective Insurance Co.;Cypress P&C Insurance Co.;Florida Peninsula Insurance Co;Tower Hill Insurance Exchange;Kin Interinsurance Network;Heritage P&C Insurance Co.;Florida Family Home Ins Co.;US Coastal P&C Insurance Co.;TypTap Insurance Co.;Homeowners Choice P&C Ins Co.;Edison Insurance Co.;Safe Harbor Insurance Co.;GeoVera Specialty Insurance Co;Universal North America Ins Co,1957769655.4725718,9,34.296269979690315,847875288.2507756,0.0,0,1.0,3014711352.5248127,321099960.0,6401755354.212578,539937478.65,359958319.1,539937478.65,359958319.1,1799077376.3295975,5240077376.329597,3441000000.0,1395853723.0,1395853723.0,0.0,False,14690855986.144365,14690855986.144365,0.0,1.0,10122616176.971565,4568239809.1728,2014005274.697371,0.0,13,9464500000.0,9464500000.0,85
andrew,baseline,,1992230N11325,"{""1992230N11325"": 0.6930532262056789}",114169083378.42007,79125251568.35918,35043831810.060905,14594051574.201326,27353208475.117462,0.0,27812192960.38766,9365798558.652739,14594051574.201326,27353208475.117462,12014084272.601702,23029747537.459206,24.360529258347928,8.203445522645788,12.782840277195264,23.958507562378912,10.523062739130804,20.17161464030132,27812192960.38766,9365798558.652739,12014084272.601702,26,17,9,Universal P&C Insurance Co.;Florida Family Insurance Co.;First Protective Insurance Co.;Cypress P&C Insurance Co.;Florida Peninsula Insurance Co;Tower Hill Insurance Exchange;Kin Interinsurance Network;Heritage P&C Insurance Co.;Florida Family Home Ins Co.;US Coastal P&C Insurance Co.;TypTap Insurance Co.;Homeowners Choice P&C Ins Co.;Edison Insurance Co.;Safe Harbor Insurance Co.;GeoVera Specialty Insurance Co;Universal North America Ins Co;Auto Club Insurance Co. of FL;American Platinum P&C Ins Co.;FL Farm Bureau General Ins Co.;Homesite Insurance Co.;State Farm FL Ins Co;AIG Property Casualty Co.;ASI Preferred Insurance Corp.;ACE Ins Co. of the Midwest;Castle Key Indemnity Co.;First Liberty Insurance Corp.,Universal P&C Insurance Co.;Florida Family Insurance Co.;First Protective Insurance Co.;Cypress P&C Insurance Co.;Florida Peninsula Insurance Co;Tower Hill Insurance Exchange;Kin Interinsurance Network;Heritage P&C Insurance Co.;Florida Family Home Ins Co.;US Coastal P&C Insurance Co.;TypTap Insurance Co.;Homeowners Choice P&C Ins Co.;Edison Insurance Co.;Safe Harbor Insurance Co.;GeoVera Specialty Insurance Co;Universal North America Ins Co;American Platinum P&C Ins Co.,1874371965.4735546,9,34.45361965929429,738805533.6766808,2266261.8535833955,1,0.9811320754716981,2819315694.101117,319362300.0,3663135732.8095236,539937478.65,359958319.1,539937478.65,359958319.1,8573084272.601702,12014084272.601702,3441000000.0,1395853723.0,1395853723.0,0.0,False,14880626373.088274,14880626373.088274,0.0,1.0,10312386563.915474,4568239809.1728,2095235145.1745706,0.0,13,9464500000.0,9464500000.0,86
andrew,baseline,,1992230N11325,"{""1992230N11325"": 0.9910081106843014}",114169083378.42009,113024203692.43184,1144879685.9882433,10504095236.348886,68204782100.85869,0.0,25595849500.445602,8719476854.778656,10504095236.348886,68204782100.85869,418324047.5865388,726555638.4017045,22.419247613302336,7.6373363057294945,9.200472602142606,59.740150382735365,0.3664074679482004,0.6363856281419843,25595849500.445602,8719476854.778656,418324047.5865388,23,15,8,Universal P&C Insurance Co.;Florida Family Insurance Co.;First Protective Insurance Co.;Cypress P&C Insurance Co.;Tower Hill Insurance Exchange;Kin Interinsurance Network;Heritage P&C Insurance Co.;Florida Family Home Ins Co.;US Coastal P&C Insurance Co.;TypTap Insurance Co.;Homeowners Choice P&C Ins Co.;Edison Insurance Co.;Safe Harbor Insurance Co.;GeoVera Specialty Insurance Co;Universal North America Ins Co;FL Farm Bureau General Ins Co.;Homesite Insurance Co.;State Farm FL Ins Co;AIG Property Casualty Co.;ASI Preferred Insurance Corp.;ACE Ins Co. of the Midwest;Castle Key Indemnity Co.;First Liberty Insurance Corp.,Universal P&C Insurance Co.;Florida Family Insurance Co.;First Protective Insurance Co.;Cypress P&C Insurance Co.;Tower Hill Insurance Exchange;Kin Interinsurance Network;Heritage P&C Insurance Co.;Florida Family Home Ins Co.;US Coastal P&C Insurance Co.;TypTap Insurance Co.;Homeowners Choice P&C Ins Co.;Edison Insurance Co.;Safe Harbor Insurance Co.;GeoVera Specialty Insurance Co;Universal North America Ins Co,1740709255.885324,8,31.22475381411744,743077384.0502605,0.0,0,1.0,2153079147.785597,355019640.0,3026857740.942638,539937478.65,359958319.1,539937478.65,359958319.1,0.0,418324047.5865388,418324047.5865388,1395853723.0,418324047.5865388,0.0,False,14158618889.585644,14158618889.585644,0.0,1.0,9590379080.412844,4568239809.1728,2071542925.4991443,0.0,13,9464500000.0,9464500000.0,87
andrew,baseline,,1992230N11325,"{""1992230N11325"": 0.8064803191846788}",114169083378.42007,92075118804.05043,22093964574.36965,33905731781.717888,45314271289.910866,0.0,9937794872.053194,2917320860.368493,33905731781.717888,45314271289.910866,7590288569.500008,14503676004.869644,8.704453585839692,2.555263451401167,29.69782254389778,39.69049233732925,6.648287211294808,12.703680870237319,9937794872.053194,2917320860.368493,7590288569.500008,15,11,4,Universal P&C Insurance Co.;First Protective Insurance Co.;Cypress P&C Insurance Co.;Tower Hill Insurance Exchange;Kin Interinsurance Network;US Coastal P&C Insurance Co.;TypTap Insurance Co.;Homeowners Choice P&C Ins Co.;Edison Insurance Co.;Safe Harbor Insurance Co.;GeoVera Specialty Insurance Co;FL Farm Bureau General Ins Co.;AIG Property Casualty Co.;ASI Preferred Insurance Corp.;Castle Key Indemnity Co.,Universal P&C Insurance Co.;First Protective Insurance Co.;Cypress P&C Insurance Co.;Tower Hill Insurance Exchange;Kin Interinsurance Network;US Coastal P&C Insurance Co.;TypTap Insurance Co.;Homeowners Choice P&C Ins Co.;Edison Insurance Co.;Safe Harbor Insurance Co.;GeoVera Specialty Insurance Co,245164283.26209065,4,28.09578743922402,472655349.67658246,0.0,0,1.0,738377938.1300428,389573760.0,1750690639.0066624,539937478.65,359958319.1,539937478.65,359958319.1,4149288569.5000076,7590288569.500008,3441000000.0,1395853723.0,1395853723.0,0.0,False,933595837.3022453,933595837.3022453,0.0,1.0,933595837.3022453,0.0,1682668537.5274928,0.0,12,9464500000.0,9464500000.0,88
andrew,baseline,,1992230N11325,"{""1992230N11325"": 0.8570257662824824}",114169083378.42007,97845846168.15909,16323237210.260992,25295576585.26245,33926182494.53311,0.0,30146000322.29808,8478086766.065453,25295576585.26245,33926182494.53311,5618954157.147436,10704283053.113558,26.404696814791272,7.4259042073276005,22.15624040828881,29.71573519784056,4.92160748853793,9.375815883213837,30146000322.29808,8478086766.065453,5618954157.147436,26,17,9,Universal P&C Insurance Co.;Florida Family Insurance Co.;First Protective Insurance Co.;Cypress P&C Insurance Co.;Florida Peninsula Insurance Co;Tower Hill Insurance Exchange;Kin Interinsurance Network;Heritage P&C Insurance Co.;Florida Family Home Ins Co.;US Coastal P&C Insurance Co.;TypTap Insurance Co.;Homeowners Choice P&C Ins Co.;Edison Insurance Co.;Safe Harbor Insurance Co.;GeoVera Specialty Insurance Co;Universal North America Ins Co;Auto Club Insurance Co. of FL;American Platinum P&C Ins Co.;FL Farm Bureau General Ins Co.;Homesite Insurance Co.;State Farm FL Ins Co;AIG Property Casualty Co.;ASI Preferred Insurance Corp.;ACE Ins Co. of the Midwest;Castle Key Indemnity Co.;First Liberty Insurance Corp.,Universal P&C Insurance Co.;Florida Family Insurance Co.;First Protective Insurance Co.;Cypress P&C Insurance Co.;Florida Peninsula Insurance Co;Tower Hill Insurance Exchange;Kin Interinsurance Network;Heritage P&C Insurance Co.;Florida Family Home Ins Co.;US Coastal P&C Insurance Co.;TypTap Insurance Co.;Homeowners Choice P&C Ins Co.;Edison Insurance Co.;Safe Harbor Insurance Co.;GeoVera Specialty Insurance Co;Universal North America Ins Co;American Platinum P&C Ins Co.,1878230128.4659455,9,34.45361965929429,882393584.1450474,3047404.240285009,1,0.9811320754716981,3415370356.151029,319362300.0,2946996229.2544374,539937478.65,359958319.1,539937478.65,359958319.1,2177954157.147436,5618954157.147436,3441000000.0,1395853723.0,1395853723.0,0.0,False,15669957388.84993,15669957388.84993,0.0,1.0,11230543085.006882,4439414303.843047,2034864403.4658747,0.0,13,9464500000.0,9464500000.0,89
andrew,baseline,,1992230N11325,"{""1992230N11325"": 0.7816626955439292}",114169083378.42009,89241713461.35545,24927369917.06464,11793046462.404062,38493799739.28313,0.0,26605412295.254078,12349454964.414175,11793046462.404062,38493799739.28313,8558206321.244464,16369163595.820175,23.30351747422626,10.816811871460144,10.329457076672256,33.71648313203425,7.4960804343832645,14.337650011223815,26605412295.254078,12349454964.414175,8558206321.244464,24,17,7,Universal P&C Insurance Co.;Florida Family Insurance Co.;First Protective Insurance Co.;Cypress P&C Insurance Co.;Florida Peninsula Insurance Co;Tower Hill Insurance Exchange;Kin Interinsurance Network;Heritage P&C Insurance Co.;Florida Family Home Ins Co.;US Coastal P&C Insurance Co.;TypTap Insurance Co.;Homeowners Choice P&C Ins Co.;Edison Insurance Co.;Safe Harbor Insurance Co.;GeoVera Specialty Insurance Co;Universal North America Ins Co;American Platinum P&C Ins Co.;FL Farm Bureau General Ins Co.;Homesite Insurance Co.;State Farm FL Ins Co;AIG Property Casualty Co.;ASI Preferred Insurance Corp.;Castle Key Indemnity Co.;First Liberty Insurance Corp.,Universal P&C Insurance Co.;Florida Family Insurance Co.;First Protective Insurance Co.;Cypress P&C Insurance Co.;Florida Peninsula Insurance Co;Tower Hill Insurance Exchange;Kin Interinsurance Network;Heritage P&C Insurance Co.;Florida Family Home Ins Co.;US Coastal P&C Insurance Co.;TypTap Insurance Co.;Homeowners Choice P&C Ins Co.;Edison Insurance Co.;Safe Harbor Insurance Co.;GeoVera Specialty Insurance Co;Universal North America Ins Co;American Platinum P&C Ins Co.,1693090526.4633102,7,34.45361965929429,806320929.9019768,2980412.8293473087,1,0.9811320754716981,2174249913.871538,319362300.0,6534632450.463463,539937478.65,359958319.1,539937478.65,359958319.1,5117206321.244464,8558206321.244464,3441000000.0,1395853723.0,1395853723.0,0.0,False,14490359522.921537,14490359522.921537,0.0,1.0,9922119713.748737,4568239809.1728,1958671985.1037135,0.0,13,9464500000.0,9464500000.0,90
andrew,baseline,,1992230N11325,"{""1992230N11325"": 0.9301051841779784}",114169083378.42009,106189256323.11638,7979827055.303715,28191234717.107635,47891265574.16826,0.0,21452194828.264595,8654561203.575876,28191234717.107635,47891265574.16826,2768767253.9961596,5211059801.307556,18.789845896511267,7.580477084930101,24.69252960862105,41.9476658277354,2.425146258570649,4.564335323631525,21452194828.264595,8654561203.575876,2768767253.9961596,19,13,6,Universal P&C Insurance Co.;First Protective Insurance Co.;Cypress P&C Insurance Co.;Tower Hill Insurance Exchange;Kin Interinsurance Network;Heritage P&C Insurance Co.;Florida Family Home Ins Co.;US Coastal P&C Insurance Co.;TypTap Insurance Co.;Homeowners Choice P&C Ins Co.;Edison Insurance Co.;Safe Harbor Insurance Co.;GeoVera Specialty Insurance Co;FL Farm Bureau General Ins Co.;State Farm FL Ins Co;AIG Property Casualty Co.;ASI Preferred Insurance Corp.;Castle Key Indemnity Co.;First Liberty Insurance Corp.,Universal P&C Insurance Co.;First Protective Insurance Co.;Cypress P&C Insurance Co.;Tower Hill Insurance Exchange;Kin Interinsurance Network;Heritage P&C Insurance Co.;Florida Family Home Ins Co.;US Coastal P&C Insurance Co.;TypTap Insurance Co.;Homeowners Choice P&C Ins Co.;Edison Insurance Co.;Safe Harbor Insurance Co.;GeoVera Specialty Insurance Co,1152991385.8507323,6,30.467154307056973,503707631.1251086,0.0,0,1.0,1534304957.4528196,363386040.0,2930428911.531991,539937478.65,359958319.1,539937478.65,359958319.1,0.0,2768767253.9961596,2768767253.9961596,1395853723.0,1395853723.0,0.0,False,12707740424.303928,12707740424.303928,0.0,1.0,8139500615.131128,4568239809.1728,1861738917.5140903,0.0,13,9464500000.0,9464500000.0,91
andrew,baseline,,1992230N11325,"{""1992230N11325"": 0.9144875118888408}",114169083378.42007,104406200993.36098,9762882385.059101,19680981412.723774,36428134457.861244,0.0,36107532221.35264,12189552901.423317,19680981412.723774,36428134457.861244,3377875622.646042,6385006762.41306,31.62636604663989,10.676754635070806,17.238450927638628,31.907179579534745,2.9586605433713404,5.59258826774459,36107532221.35264,12189552901.423317,3377875622.646042,28,18,10,Universal P&C Insurance Co.;Florida Family Insurance Co.;First Protective Insurance Co.;Cypress P&C Insurance Co.;Florida Peninsula Insurance Co;Tower Hill Insurance Exchange;Kin Interinsurance Network;Heritage P&C Insurance Co.;Florida Family Home Ins Co.;US Coastal P&C Insurance Co.;TypTap Insurance Co.;Homeowners Choice P&C Ins Co.;Edison Insurance Co.;Safe Harbor Insurance Co.;GeoVera Specialty Insurance Co;Florida Farm Bureau Cas Ins Co;Universal North America Ins Co;Auto Club Insurance Co. of FL;American Platinum P&C Ins Co.;FL Farm Bureau General Ins Co.;Castle Key Insurance Co.;Homesite Insurance Co.;State Farm FL Ins Co;AIG Property Casualty Co.;ASI Preferred Insurance Corp.;ACE Ins Co. of the Midwest;Castle Key Indemnity Co.;First Liberty Insurance Corp.,Universal P&C Insurance Co.;Florida Family Insurance Co.;First Protective Insurance Co.;Cypress P&C Insurance Co.;Florida Peninsula Insurance Co;Tower Hill Insurance Exchange;Kin Interinsurance Network;Heritage P&C Insurance Co.;Florida Family Home Ins Co.;US Coastal P&C Insurance Co.;TypTap Insurance Co.;Homeowners Choice P&C Ins Co.;Edison Insurance Co.;Safe Harbor Insurance Co.;GeoVera Specialty Insurance Co;Florida Farm Bureau Cas Ins Co;Universal North America Ins Co;American Platinum P&C Ins Co.,2954429020.844403,10,35.166819401784345,1686928847.0528188,30981754.17001348,1,0.9811320754716981,6124316256.986735,311486220.0,6471271582.677243,539937478.65,359958319.1,539937478.65,359958319.1,0.0,3377875622.646042,3377875622.646042,1395853723.0,1395853723.0,0.0,False,15087516147.945602,15087516147.945602,0.0,1.0,10519276338.772802,4568239809.1728,2090319237.738833,0.0,13,9464500000.0,9464500000.0,92
andrew,baseline,,1992230N11325,"{""1992230N11325"": 0.9864983386979572}",114169083378.42007,112587711299.48299,1581372078.9370897,20958433240.067215,75976254464.41872,0.0,11508112076.259642,4144911518.7374043,20958433240.067215,75976254464.41872,577799894.7681049,1003572184.1689845,10.079884795181664,3.6305025809823253,18.357363149355653,66.54713536815478,0.5060913845239113,0.8790227218016511,11508112076.259642,4144911518.7374043,577799894.7681049,15,11,4,Universal P&C Insurance Co.;First Protective Insurance Co.;Cypress P&C Insurance Co.;Tower Hill Insurance Exchange;Kin Interinsurance Network;US Coastal P&C Insurance Co.;TypTap Insurance Co.;Homeowners Choice P&C Ins Co.;Edison Insurance Co.;Safe Harbor Insurance Co.;GeoVera Specialty Insurance Co;FL Farm Bureau General Ins Co.;AIG Property Casualty Co.;ASI Preferred Insurance Corp.;Castle Key Indemnity Co.,Universal P&C Insurance Co.;First Protective Insurance Co.;Cypress P&C Insurance Co.;Tower Hill Insurance Exchange;Kin Interinsurance Network;US Coastal P&C Insurance Co.;TypTap Insurance Co.;Homeowners Choice P&C Ins Co.;Edison Insurance Co.;Safe Harbor Insurance Co.;GeoVera Specialty Insurance Co,234506851.00360698,4,28.09578743922402,453557975.38263154,0.0,0,1.0,885007173.3446372,389573760.0,2001919912.192904,539937478.65,359958319.1,539937478.65,359958319.1,0.0,577799894.7681049,577799894.7681049,1395853723.0,577799894.7681049,0.0,False,3148425443.975152,3148425443.975152,0.0,1.0,2182429107.452008,965996336.5231444,1613423753.391357,0.0,12,9464500000.0,9464500000.0,93
andrew,baseline,,1992230N11325,"{""1992230N11325"": 0.9078100050849334}",114169083378.42007,103643836162.3057,10525247216.114372,25379151402.837395,33539261984.169212,0.0,31906252769.917816,12819170005.381289,25379151402.837395,33539261984.169212,3638306575.5227666,6886940640.591607,27.946491139078944,11.228232395359962,22.229443078488,29.376833895566435,3.186770417927757,6.032229073578914,31906252769.917816,12819170005.381289,3638306575.5227666,27,17,10,Universal P&C Insurance Co.;Florida Family Insurance Co.;First Protective Insurance Co.;Cypress P&C Insurance Co.;Florida Peninsula Insurance Co;Tower Hill Insurance Exchange;Kin Interinsurance Network;Heritage P&C Insurance Co.;Florida Family Home Ins Co.;US Coastal P&C Insurance Co.;TypTap Insurance Co.;Homeowners Choice P&C Ins Co.;Edison Insurance Co.;Safe Harbor Insurance Co.;GeoVera Specialty Insurance Co;Universal North America Ins Co;Auto Club Insurance Co. of FL;American Platinum P&C Ins Co.;FL Farm Bureau General Ins Co.;Castle Key Insurance Co.;Homesite Insurance Co.;State Farm FL Ins Co;AIG Property Casualty Co.;ASI Preferred Insurance Corp.;ACE Ins Co. of the Midwest;Castle Key Indemnity Co.;First Liberty Insurance Corp.,Universal P&C Insurance Co.;Florida Family Insurance Co.;First Protective Insurance Co.;Cypress P&C Insurance Co.;Florida Peninsula Insurance Co;Tower Hill Insurance Exchange;Kin Interinsurance Network;Heritage P&C Insurance Co.;Florida Family Home Ins Co.;US Coastal P&C Insurance Co.;TypTap Insurance Co.;Homeowners Choice P&C Ins Co.;Edison Insurance Co.;Safe Harbor Insurance Co.;GeoVera Specialty Insurance Co;Universal North America Ins Co;American Platinum P&C Ins Co.,1973963163.2143419,10,34.45361965929429,1776020142.2628498,23147373.573156774,1,0.9811320754716981,5048967066.163476,319362300.0,7048389520.2438755,539937478.65,359958319.1,539937478.65,359958319.1,197306575.5227666,3638306575.5227666,3441000000.0,1395853723.0,1395853723.0,0.0,False,15009030524.015953,15009030524.015953,0.0,1.0,10440790714.843153,4568239809.1728,2102929125.9223244,0.0,13,9464500000.0,9464500000.0,94
andrew,baseline,,1992230N11325,"{""1992230N11325"": 0.9336441865849135}",114169083378.42007,106593300983.99019,7575782394.4298935,28218063567.75946,42320464882.996155,0.0,26507924473.885098,9546848059.349482,28218063567.75946,42320464882.996155,2630741820.8312163,4945040573.598677,23.218128489324066,8.362025670037044,24.716028834381586,37.06823566474867,2.3042506280894535,4.331330713419193,26507924473.885098,9546848059.349482,2630741820.8312163,24,16,8,Universal P&C Insurance Co.;Florida Family Insurance Co.;First Protective Insurance Co.;Cypress P&C Insurance Co.;Florida Peninsula Insurance Co;Tower Hill Insurance Exchange;Kin Interinsurance Network;Heritage P&C Insurance Co.;Florida Family Home Ins Co.;US Coastal P&C Insurance Co.;TypTap Insurance Co.;Homeowners Choice P&C Ins Co.;Edison Insurance Co.;Safe Harbor Insurance Co.;GeoVera Specialty Insurance Co;Auto Club Insurance Co. of FL;American Platinum P&C Ins Co.;FL Farm Bureau General Ins Co.;Homesite Insurance Co.;State Farm FL Ins Co;AIG Property Casualty Co.;ASI Preferred Insurance Corp.;Castle Key Indemnity Co.;First Liberty Insurance Corp.,Universal P&C Insurance Co.;Florida Family Insurance Co.;First Protective Insurance Co.;Cypress P&C Insurance Co.;Florida Peninsula Insurance Co;Tower Hill Insurance Exchange;Kin Interinsurance Network;Heritage P&C Insurance Co.;Florida Family Home Ins Co.;US Coastal P&C Insurance Co.;TypTap Insurance Co.;Homeowners Choice P&C Ins Co.;Edison Insurance Co.;Safe Harbor Insurance Co.;GeoVera Specialty Insurance Co;American Platinum P&C Ins Co.,1476255259.6344023,8,34.139892835311265,776395025.1253757,3890728.7091802917,1,0.9811320754716981,2715411957.707371,322826880.0,3834163720.5387545,539937478.65,359958319.1,539937478.65,359958319.1,0.0,2630741820.8312163,2630741820.8312163,1395853723.0,1395853723.0,0.0,False,13864172930.454586,13864172930.454586,0.0,1.0,9295933121.281786,4568239809.1728,2031138823.1819859,0.0,13,9464500000.0,9464500000.0,95
andrew,baseline,,1992230N11325,"{""1992230N11325"": 0.9755146208351387}",114169083378.42006,111373610082.99478,2795473295.425283,11277948404.278822,44174162296.853386,0.0,38971313413.722305,16950185968.140287,11277948404.278822,44174162296.853386,997743546.2704732,1797729749.1548097,34.13473443116787,14.846563944073992,9.878285846350721,38.691877861921306,0.8739174536099185,1.574620462876215,38971313413.722305,16950185968.140287,997743546.2704732,29,19,10,Universal P&C Insurance Co.;Florida Family Insurance Co.;First Protective Insurance Co.;Cypress P&C Insurance Co.;Florida Peninsula Insurance Co;Tower Hill Insurance Exchange;Kin Interinsurance Network;Unique Insurance Co.;Heritage P&C Insurance Co.;Florida Family Home Ins Co.;US Coastal P&C Insurance Co.;TypTap Insurance Co.;Homeowners Choice P&C Ins Co.;Edison Insurance Co.;Safe Harbor Insurance Co.;GeoVera Specialty Insurance Co;Florida Farm Bureau Cas Ins Co;Universal North America Ins Co;Auto Club Insurance Co. of FL;American Platinum P&C Ins Co.;FL Farm Bureau General Ins Co.;Castle Key Insurance Co.;Homesite Insurance Co.;State Farm FL Ins Co;AIG Property Casualty Co.;ASI Preferred Insurance Corp.;ACE Ins Co. of the Midwest;Castle Key Indemnity Co.;First Liberty Insurance Corp.,Universal P&C Insurance Co.;Florida Family Insurance Co.;First Protective Insurance Co.;Cypress P&C Insurance Co.;Florida Peninsula Insurance Co;Tower Hill Insurance Exchange;Kin Interinsurance Network;Unique Insurance Co.;Heritage P&C Insurance Co.;Florida Family Home Ins Co.;US Coastal P&C Insurance Co.;TypTap Insurance Co.;Homeowners Choice P&C Ins Co.;Edison Insurance Co.;Safe Harbor Insurance Co.;GeoVera Specialty Insurance Co;Florida Farm Bureau Cas Ins Co;Universal North America Ins Co;American Platinum P&C Ins Co.,3760078943.9844255,10,35.26242124434198,1249556094.277596,24943173.457564816,1,0.9811320754716981,5761146291.076175,310430460.0,11146256568.771555,539937478.65,359958319.1,539937478.65,359958319.1,0.0,997743546.2704732,997743546.2704732,1395853723.0,997743546.2704732,0.0,False,15729209896.798359,15729209896.798359,0.0,1.0,11160970087.625559,4568239809.1728,2113341944.6760256,0.0,13,9464500000.0,9464500000.0,96
andrew,baseline,,1992230N11325,"{""1992230N11325"": 0.8866751769104851}",114169083378.42009,101230892202.26855,12938191176.15153,11409190641.782082,50101340166.52689,0.0,29367019509.722622,10353341884.236954,11409190641.782082,50101340166.52689,4462590788.477307,8475600387.674223,25.72239229808294,9.068428665508506,9.993240117349155,43.8834566101079,3.9087559052092846,7.4237264037422035,29367019509.722622,10353341884.236954,4462590788.477307,23,15,8,Universal P&C Insurance Co.;Florida Family Insurance Co.;First Protective Insurance Co.;Cypress P&C Insurance Co.;Tower Hill Insurance Exchange;Kin Interinsurance Network;Heritage P&C Insurance Co.;Florida Family Home Ins Co.;US Coastal P&C Insurance Co.;TypTap Insurance Co.;Homeowners Choice P&C Ins Co.;Edison Insurance Co.;Safe Harbor Insurance Co.;GeoVera Specialty Insurance Co;Auto Club Insurance Co. of FL;American Platinum P&C Ins Co.;FL Farm Bureau General Ins Co.;Homesite Insurance Co.;State Farm FL Ins Co;AIG Property Casualty Co.;ASI Preferred Insurance Corp.;Castle Key Indemnity Co.;First Liberty Insurance Corp.,Universal P&C Insurance Co.;Florida Family Insurance Co.;First Protective Insurance Co.;Cypress P&C Insurance Co.;Tower Hill Insurance Exchange;Kin Interinsurance Network;Heritage P&C Insurance Co.;Florida Family Home Ins Co.;US Coastal P&C Insurance Co.;TypTap Insurance Co.;Homeowners Choice P&C Ins Co.;Edison Insurance Co.;Safe Harbor Insurance Co.;GeoVera Specialty Insurance Co;American Platinum P&C Ins Co.,2122847969.3331063,8,31.06837666973839,925158035.1034462,1464519.7655512542,1,0.9811320754716981,3546123945.305336,356746560.0,4635126638.151108,539937478.65,359958319.1,539937478.65,359958319.1,1021590788.4773073,4462590788.477307,3441000000.0,1395853723.0,1395853723.0,0.0,False,14505348756.690443,14505348756.690443,0.0,1.0,9937108947.517643,4568239809.1728,2036673435.3901224,0.0,13,9464500000.0,9464500000.0,97
andrew,baseline,,1992230N11325,"{""1992230N11325"": 0.9546936143899205}",114169083378.4201,108996494862.12808,5172588516.29202,11127363013.356821,51474231049.16738,0.0,31578935534.81885,14815965264.785013,11127363013.356821,51474231049.16738,1809788326.99726,3362800189.2947607,27.65979598009789,12.977213117912692,9.746389025892872,45.08596331508858,1.585182497260323,2.9454560637476286,31578935534.81885,14815965264.785013,1809788326.99726,26,17,9,Universal P&C Insurance Co.;Florida Family Insurance Co.;First Protective Insurance Co.;Cypress P&C Insurance Co.;Florida Peninsula Insurance Co;Tower Hill Insurance Exchange;Kin Interinsurance Network;Heritage P&C Insurance Co.;Florida Family Home Ins Co.;US Coastal P&C Insurance Co.;TypTap Insurance Co.;Homeowners Choice P&C Ins Co.;Edison Insurance Co.;Safe Harbor Insurance Co.;GeoVera Specialty Insurance Co;Universal North America Ins Co;Auto Club Insurance Co. of FL;American Platinum P&C Ins Co.;FL Farm Bureau General Ins Co.;Homesite Insurance Co.;State Farm FL Ins Co;AIG Property Casualty Co.;ASI Preferred Insurance Corp.;ACE Ins Co. of the Midwest;Castle Key Indemnity Co.;First Liberty Insurance Corp.,Universal P&C Insurance Co.;Florida Family Insurance Co.;First Protective Insurance Co.;Cypress P&C Insurance Co.;Florida Peninsula Insurance Co;Tower Hill Insurance Exchange;Kin Interinsurance Network;Heritage P&C Insurance Co.;Florida Family Home Ins Co.;US Coastal P&C Insurance Co.;TypTap Insurance Co.;Homeowners Choice P&C Ins Co.;Edison Insurance Co.;Safe Harbor Insurance Co.;GeoVera Specialty Insurance Co;Universal North America Ins Co;American Platinum P&C Ins Co.,1752546297.8711271,9,34.45361965929429,1868478868.283206,14070569.021159068,1,0.9811320754716981,5235088395.300369,319362300.0,8992785870.01562,539937478.65,359958319.1,539937478.65,359958319.1,0.0,1809788326.99726,1809788326.99726,1395853723.0,1395853723.0,0.0,False,14933934211.889256,14933934211.889256,0.0,1.0,10365694402.716455,4568239809.1728,2031674949.1019893,0.0,13,9464500000.0,9464500000.0,98
andrew,baseline,,1992230N11325,"{""1992230N11325"": 0.79109809721223}",114169083378.42009,90318944621.13257,23850138757.287525,14824998834.22966,45410171225.85275,0.0,21184520144.481075,8899254416.56908,14824998834.22966,45410171225.85275,8190214087.10517,15659924670.182354,18.555391282475085,7.794802369632752,12.985125565991746,39.77449050312342,7.173758293178397,13.716431985598607,21184520144.481075,8899254416.56908,8190214087.10517,20,14,6,Universal P&C Insurance Co.;Florida Family Insurance Co.;First Protective Insurance Co.;Cypress P&C Insurance Co.;Tower Hill Insurance Exchange;Kin Interinsurance Network;Heritage P&C Insurance Co.;Florida Family Home Ins Co.;US Coastal P&C Insurance Co.;TypTap Insurance Co.;Homeowners Choice P&C Ins Co.;Edison Insurance Co.;Safe Harbor Insurance Co.;GeoVera Specialty Insurance Co;FL Farm Bureau General Ins Co.;Homesite Insurance Co.;State Farm FL Ins Co;AIG Property Casualty Co.;ASI Preferred Insurance Corp.;Castle Key Indemnity Co.,Universal P&C Insurance Co.;Florida Family Insurance Co.;First Protective Insurance Co.;Cypress P&C Insurance Co.;Tower Hill Insurance Exchange;Kin Interinsurance Network;Heritage P&C Insurance Co.;Florida Family Home Ins Co.;US Coastal P&C Insurance Co.;TypTap Insurance Co.;Homeowners Choice P&C Ins Co.;Edison Insurance Co.;Safe Harbor Insurance Co.;GeoVera Specialty Insurance Co,853361426.8541446,6,30.911026990134417,815204550.18307,0.0,0,1.0,2209958449.9845934,358484220.0,3169519182.562187,539937478.65,359958319.1,539937478.65,359958319.1,4749214087.10517,8190214087.10517,3441000000.0,1395853723.0,1395853723.0,0.0,False,12037854638.75462,12037854638.75462,0.0,1.0,7469614829.58182,4568239809.1728,1909899559.4914746,0.0,13,9464500000.0,9464500000.0,99
andrew,baseline,,1992230N11325,"{""1992230N11325"": 0.8033207589069954}",114169083378.4201,91714394703.26846,22454688675.151638,26383037229.073586,31307900529.6992,0.0,24398529414.93597,9624927529.559692,26383037229.073586,31307900529.6992,7713515294.3768835,14741173380.774757,21.37052229285718,8.430414999179161,23.10874051745293,27.422398081210247,6.75622074393817,12.911703365362298,24398529414.93597,9624927529.559692,7713515294.3768835,23,16,7,Universal P&C Insurance Co.;Florida Family Insurance Co.;First Protective Insurance Co.;Cypress P&C Insurance Co.;Florida Peninsula Insurance Co;Tower Hill Insurance Exchange;Kin Interinsurance Network;Heritage P&C Insurance Co.;Florida Family Home Ins Co.;US Coastal P&C Insurance Co.;TypTap Insurance Co.;Homeowners Choice P&C Ins Co.;Edison Insurance Co.;Safe Harbor Insurance Co.;GeoVera Specialty Insurance Co;Universal North America Ins Co;FL Farm Bureau General Ins Co.;State Farm FL Ins Co;AIG Property Casualty Co.;ASI Preferred Insurance Corp.;ACE Ins Co. of the Midwest;Castle Key Indemnity Co.;First Liberty Insurance Corp.,Universal P&C Insurance Co.;Florida Family Insurance Co.;First Protective Insurance Co.;Cypress P&C Insurance Co.;Florida Peninsula Insurance Co;Tower Hill Insurance Exchange;Kin Interinsurance Network;Heritage P&C Insurance Co.;Florida Family Home Ins Co.;US Coastal P&C Insurance Co.;TypTap Insurance Co.;Homeowners Choice P&C Ins Co.;Edison Insurance Co.;Safe Harbor Insurance Co.;GeoVera Specialty Insurance Co;Universal North America Ins Co,958541753.4641814,7,34.296269979690315,584166131.0445955,0.0,0,1.0,2249218881.40275,321099960.0,3881479457.3716917,539937478.65,359958319.1,539937478.65,359958319.1,4272515294.3768835,7713515294.3768835,3441000000.0,1395853723.0,1395853723.0,0.0,False,14003333228.294382,14003333228.294382,0.0,1.0,9435093419.121582,4568239809.1728,2021425320.6757245,0.0,13,9464500000.0,9464500000.0,100
