model,period,time_category,pathway,metric,historical_value,future_value,delta_absolute,delta_relative
canesm,ssp245_2cal,mid,ssp245,policy_severity,,,,
canesm,ssp245_2cal,mid,ssp245,total_damage_usd,2959208477.090196,19018895258.75815,16059686781.667952,5.427021078778308
canesm,ssp245_2cal,mid,ssp245,wind_total_usd,2545697289.3634353,16190876093.772093,13645178804.408657,5.360094800517584
canesm,ssp245_2cal,mid,ssp245,water_total_usd,413511187.72676116,2828019164.9860516,2414507977.25929,5.8390390609086555
canesm,ssp245_2cal,mid,ssp245,underinsured_wind_usd,462038621.0917074,2914899250.0849547,2452860628.9932475,5.308778351033978
canesm,ssp245_2cal,mid,ssp245,uninsured_wind_usd,1068542760.5448261,6812851660.663677,5744308900.118851,5.375834372028271
canesm,ssp245_2cal,mid,ssp245,nfip_policyholder_shortfall_usd,0.0,0.0,0.0,
canesm,ssp245_2cal,mid,ssp245,wind_insured_private_usd,860827887.2945501,5527287395.165583,4666459507.871033,5.420897227826806
canesm,ssp245_2cal,mid,ssp245,wind_insured_citizens_usd,154288020.43235102,956913324.97804,802625304.545689,5.202123290561028
canesm,ssp245_2cal,mid,ssp245,wind_underinsured_usd,462038621.0917074,2914899250.0849547,2452860628.9932475,5.308778351033978
canesm,ssp245_2cal,mid,ssp245,wind_uninsured_usd,1068542760.5448261,6812851660.663677,5744308900.118851,5.375834372028271
canesm,ssp245_2cal,mid,ssp245,flood_insured_capped_usd,80629474.99125698,496955023.60505337,416325548.61379635,5.16344114430784
canesm,ssp245_2cal,mid,ssp245,flood_un_derinsured_usd,332881712.73550415,2334745351.8691144,2001863639.1336102,6.013738702204465
canesm,ssp245_2cal,mid,ssp245,wind_insured_private_pct,14.840131153440463,18.06534575749108,3.225214604050617,0.217330599757058
canesm,ssp245_2cal,mid,ssp245,wind_insured_citizens_pct,1.9526318049507136,2.3563171595253287,0.4036853545746151,0.20673910644654508
canesm,ssp245_2cal,mid,ssp245,wind_underinsured_pct,7.662562324366621,9.187487300700946,1.5249249763343249,0.19900979747794398
canesm,ssp245_2cal,mid,ssp245,wind_uninsured_pct,17.722962280837034,21.299745815762506,3.5767835349254717,0.20181634865819648
canesm,ssp245_2cal,mid,ssp245,flood_insured_capped_pct,1.31212909340994,1.523632140116205,0.21150304670626485,0.16119073021741642
canesm,ssp245_2cal,mid,ssp245,flood_un_derinsured_pct,6.339583342995228,7.715664476849513,1.376081133854285,0.2170617624855036
canesm,ssp245_2cal,mid,ssp245,insured_private_wind_pre_usd,860827887.2945501,5527287395.165583,4666459507.871033,5.420897227826806
canesm,ssp245_2cal,mid,ssp245,insured_citizens_wind_pre_usd,154288020.43235102,956913324.97804,802625304.545689,5.202123290561028
canesm,ssp245_2cal,mid,ssp245,insured_flood_pre_usd,80629474.99125698,496955023.60505337,416325548.61379635,5.16344114430784
canesm,ssp245_2cal,mid,ssp245,defaults_pre,0.6876,3.065284870331431,2.3776848703314313,3.4579477462644435
canesm,ssp245_2cal,mid,ssp245,defaults_post,0.4257,1.894,1.4683,3.4491425886774723
canesm,ssp245_2cal,mid,ssp245,rescued_defaults,0.2619,1.1688194653048964,0.9069194653048964,3.4628463738254918
canesm,ssp245_2cal,mid,ssp245,group_contrib_total_usd,55146919.2058942,637329065.7960738,582182146.5901796,10.556929652163685
canesm,ssp245_2cal,mid,ssp245,group_supported_companies,0.2625,1.186242114749174,0.923742114749174,3.519017579996853
canesm,ssp245_2cal,mid,ssp245,defaulted_premium_base_pct,1.0206296127848284,3.8121195433234454,2.791489930538617,2.735066566334408
canesm,ssp245_2cal,mid,ssp245,largest_entity_deficit_usd,38189735.0155562,356413226.86780703,318223491.8522508,8.332697038160273
canesm,ssp245_2cal,mid,ssp245,diag_group_shortfall_total_usd,318985.3947500718,9593176.41618707,9274191.021436999,29.074030266192654
canesm,ssp245_2cal,mid,ssp245,diag_groups_with_shortfall,0.0112,0.06858916591569039,0.05738916591569039,5.124032671043785
canesm,ssp245_2cal,mid,ssp245,diag_groups_fully_funded_share,0.9997886792452829,0.9987058647940437,-0.0010828144512392557,-0.0010830433207711923
canesm,ssp245_2cal,mid,ssp245,figa_residual_deficit_usd,128533353.04411279,1460001210.804831,1331467857.7607183,10.358928840079018
canesm,ssp245_2cal,mid,ssp245,figa_collected_usd,11480936.627095373,38370300.72188061,26889364.094785236,2.342088016697652
canesm,ssp245_2cal,mid,ssp245,citizens_residual_deficit_usd,84389555.4782708,688733300.5692555,604343745.0909847,7.161357133189252
canesm,ssp245_2cal,mid,ssp245,citizens_tier1_usd,28514260.862281054,81218078.31673695,52703817.4544559,1.84833188238707
canesm,ssp245_2cal,mid,ssp245,citizens_tier2_usd,11155768.478832468,38508160.93213136,27352392.45329889,2.4518608919859473
canesm,ssp245_2cal,mid,ssp245,citizens_tier1_capacity_usd,539937478.65,539937478.6499999,-1.1920928955078125e-07,-2.2078350598820995e-16
canesm,ssp245_2cal,mid,ssp245,citizens_tier2_capacity_usd,359958319.09999996,359958319.09999996,0.0,0.0
canesm,ssp245_2cal,mid,ssp245,nfip_borrowed_usd,18467646.44827069,249692912.96825233,231225266.51998165,12.520559518380512
canesm,ssp245_2cal,mid,ssp245,nfip_claims_paid_usd,80629474.99125698,496955023.60505337,416325548.61379635,5.16344114430784
canesm,ssp245_2cal,mid,ssp245,nfip_pool_used_usd,62161828.54298628,246937087.31963006,184775258.77664378,2.9724875073272274
canesm,ssp245_2cal,mid,ssp245,nfip_fl_premium_base_usd,1395853723.0,1395853723.0,0.0,0.0
canesm,ssp245_2cal,mid,ssp245,nfip_fl_premium_depletion_usd,44916469.34531452,148532542.98616347,103616073.64084895,2.306861495373917
canesm,ssp245_2cal,mid,ssp245,underinsured_flood_usd,0.0,0.0,0.0,
canesm,ssp245_2cal,mid,ssp245,fhcf_total_precap_usd,137953772.37042728,1341577600.2187195,1203623827.848292,8.724834465681557
canesm,ssp245_2cal,mid,ssp245,fhcf_total_postcap_usd,118576139.06881401,812056559.3541507,693480420.2853366,5.848397710798165
canesm,ssp245_2cal,mid,ssp245,fhcf_shortfall_usd,19377633.301613256,529521040.86456877,510143407.5629555,26.326404242590566
canesm,ssp245_2cal,mid,ssp245,fhcf_scaling_factor,0.9993913920048104,0.9869516796177348,-0.012439712387075641,-0.012447287906013668
canesm,ssp245_2cal,mid,ssp245,fhcf_recovery_private_usd,105929162.48588498,700589795.1520094,594660632.6661243,5.61375752163964
canesm,ssp245_2cal,mid,ssp245,fhcf_recovery_citizens_usd,12646976.582929062,111466764.2021413,98819787.61921224,7.813708436259744
canesm,ssp245_2cal,mid,ssp245,catbond_payout_usd,191737574.02469543,437052280.83703905,245314706.81234363,1.279429491377353
canesm,ssp245_2cal,mid,ssp245,catbond_unfilled_usd,0.0,0.0,0.0,
canesm,ssp245_2cal,mid,ssp245,catbond_triggers,1.5055,3.0694903374386704,1.5639903374386703,1.0388511042435538
canesm,ssp245_2cal,mid,ssp245,catbond_limit_in_force_usd,9464500000.0,9464500000.0,0.0,0.0
canesm,ssp245_2cal,mid,ssp245,catbond_issue_volume_year_usd,9464500000.0,9464500000.0,0.0,0.0
canesm,ssp245_2cal,mid,ssp245,year_id,5000.5,5000.5,0.0,0.0
canesm,ssp245cal,near,ssp245,policy_severity,,,,
canesm,ssp245cal,near,ssp245,total_damage_usd,2959208477.090196,8690415828.255594,5731207351.165398,1.9367365954564044
canesm,ssp245cal,near,ssp245,wind_total_usd,2545697289.3634353,7309556492.119316,4763859202.75588,1.8713376577256395
canesm,ssp245cal,near,ssp245,water_total_usd,413511187.72676116,1380859336.1362767,967348148.4095156,2.3393518171235486
canesm,ssp245cal,near,ssp245,underinsured_wind_usd,462038621.0917074,1350371472.476339,888332851.3846316,1.9226376558861549
canesm,ssp245cal,near,ssp245,uninsured_wind_usd,1068542760.5448261,3017690197.9945536,1949147437.4497275,1.8241173955976275
canesm,ssp245cal,near,ssp245,nfip_policyholder_shortfall_usd,0.0,0.0,0.0,
canesm,ssp245cal,near,ssp245,wind_insured_private_usd,860827887.2945501,2499209119.503588,1638381232.2090383,1.9032622622836013
canesm,ssp245cal,near,ssp245,wind_insured_citizens_usd,154288020.43235102,442285702.14483476,287997681.71248376,1.8666237398434893
canesm,ssp245cal,near,ssp245,wind_underinsured_usd,462038621.0917074,1350371472.476339,888332851.3846316,1.9226376558861549
canesm,ssp245cal,near,ssp245,wind_uninsured_usd,1068542760.5448261,3017690197.9945536,1949147437.4497275,1.8241173955976275
canesm,ssp245cal,near,ssp245,flood_insured_capped_usd,80629474.99125698,278125974.7764558,197496499.78519884,2.4494330368220094
canesm,ssp245cal,near,ssp245,flood_un_derinsured_usd,332881712.73550415,1102733361.359821,769851648.6243169,2.3126883189164955
canesm,ssp245cal,near,ssp245,wind_insured_private_pct,14.840131153440463,17.49153372127071,2.651402567830246,0.17866436222267199
canesm,ssp245cal,near,ssp245,wind_insured_citizens_pct,1.9526318049507136,2.3103467049749637,0.3577149000242501,0.18319628878178557
canesm,ssp245cal,near,ssp245,wind_underinsured_pct,7.662562324366621,8.838281971801692,1.1757196474350708,0.15343687890098232
canesm,ssp245cal,near,ssp245,wind_uninsured_pct,17.722962280837034,20.622467823328112,2.8995055424910774,0.16360163140595124
canesm,ssp245cal,near,ssp245,flood_insured_capped_pct,1.31212909340994,1.5103775049352302,0.19824841152529005,0.1510891058821699
canesm,ssp245cal,near,ssp245,flood_un_derinsured_pct,6.339583342995228,7.5869922736892885,1.2474089306940606,0.19676512843266827
canesm,ssp245cal,near,ssp245,insured_private_wind_pre_usd,860827887.2945501,2499209119.503588,1638381232.2090383,1.9032622622836013
canesm,ssp245cal,near,ssp245,insured_citizens_wind_pre_usd,154288020.43235102,442285702.14483476,287997681.71248376,1.8666237398434893
canesm,ssp245cal,near,ssp245,insured_flood_pre_usd,80629474.99125698,278125974.7764558,197496499.78519884,2.4494330368220094
canesm,ssp245cal,near,ssp245,defaults_pre,0.6876,1.8319,1.1443,1.6641942990110532
canesm,ssp245cal,near,ssp245,defaults_post,0.4257,1.1555,0.7298,1.7143528306319002
canesm,ssp245cal,near,ssp245,rescued_defaults,0.2619,0.6764,0.4145,1.5826651393661701
canesm,ssp245cal,near,ssp245,group_contrib_total_usd,55146919.2058942,216348308.84625757,161201389.64036337,2.923125932719989
canesm,ssp245cal,near,ssp245,group_supported_companies,0.2625,0.6808,0.41829999999999995,1.5935238095238093
canesm,ssp245cal,near,ssp245,defaulted_premium_base_pct,1.0206296127848284,2.615884926372292,1.5952553135874636,1.563011001841056
canesm,ssp245cal,near,ssp245,largest_entity_deficit_usd,38189735.0155562,130403260.89169213,92213525.87613593,2.414615493890536
canesm,ssp245cal,near,ssp245,diag_group_shortfall_total_usd,318985.3947500718,1917744.6509664436,1598759.256216372,5.012013974711963
canesm,ssp245cal,near,ssp245,diag_groups_with_shortfall,0.0112,0.0326,0.021399999999999995,1.9107142857142854
canesm,ssp245cal,near,ssp245,diag_groups_fully_funded_share,0.9997886792452829,0.9993849056603774,-0.0004037735849055091,-0.0004038589286791168
canesm,ssp245cal,near,ssp245,figa_residual_deficit_usd,128533353.04411279,486475333.8838701,357941980.8397573,2.784817888606012
canesm,ssp245cal,near,ssp245,figa_collected_usd,11480936.627095373,28957365.493642554,17476428.866547182,1.5222128153988985
canesm,ssp245cal,near,ssp245,citizens_residual_deficit_usd,84389555.4782708,270723208.3352819,186333652.8570111,2.208017944886433
canesm,ssp245cal,near,ssp245,citizens_tier1_usd,28514260.862281054,59367722.60393553,30853461.741654478,1.082036174483756
canesm,ssp245cal,near,ssp245,citizens_tier2_usd,11155768.478832468,24768537.901699312,13612769.422866844,1.220244884850059
canesm,ssp245cal,near,ssp245,citizens_tier1_capacity_usd,539937478.65,539937478.65,0.0,0.0
canesm,ssp245cal,near,ssp245,citizens_tier2_capacity_usd,359958319.09999996,359958319.09999996,0.0,0.0
canesm,ssp245cal,near,ssp245,nfip_borrowed_usd,18467646.44827069,126959578.08583999,108491931.6375693,5.874702655883283
canesm,ssp245cal,near,ssp245,nfip_claims_paid_usd,80629474.99125698,278125974.7764558,197496499.78519884,2.4494330368220094
canesm,ssp245cal,near,ssp245,nfip_pool_used_usd,62161828.54298628,151166396.69061586,89004568.14762959,1.4318203024880607
canesm,ssp245cal,near,ssp245,nfip_fl_premium_base_usd,1395853723.0,1395853723.0,0.0,0.0
canesm,ssp245cal,near,ssp245,nfip_fl_premium_depletion_usd,44916469.34531452,99366107.86721213,54449638.521897614,1.2122421756548314
canesm,ssp245cal,near,ssp245,underinsured_flood_usd,0.0,0.0,0.0,
canesm,ssp245cal,near,ssp245,fhcf_total_precap_usd,137953772.37042728,539998612.2989132,402044839.928486,2.9143446606804866
canesm,ssp245cal,near,ssp245,fhcf_total_postcap_usd,118576139.06881401,408738784.29391384,290162645.2250998,2.4470576247781852
canesm,ssp245cal,near,ssp245,fhcf_shortfall_usd,19377633.301613256,131259828.00499937,111882194.70338611,5.773780159936845
canesm,ssp245cal,near,ssp245,fhcf_scaling_factor,0.9993913920048104,0.9963756018386035,-0.0030157901662068998,-0.0030176267179539444
canesm,ssp245cal,near,ssp245,fhcf_recovery_private_usd,105929162.48588498,350637476.0534286,244708313.56754363,2.310112794483303
canesm,ssp245cal,near,ssp245,fhcf_recovery_citizens_usd,12646976.582929062,58101308.24048528,45454331.65755622,3.594086804818683
canesm,ssp245cal,near,ssp245,catbond_payout_usd,191737574.02469543,341429634.93733,149692060.91263458,0.7807132309567791
canesm,ssp245cal,near,ssp245,catbond_unfilled_usd,0.0,0.0,0.0,
canesm,ssp245cal,near,ssp245,catbond_triggers,1.5055,2.5038,0.9983,0.6631019594818996
canesm,ssp245cal,near,ssp245,catbond_limit_in_force_usd,9464500000.0,9464500000.0,0.0,0.0
canesm,ssp245cal,near,ssp245,catbond_issue_volume_year_usd,9464500000.0,9464500000.0,0.0,0.0
canesm,ssp245cal,near,ssp245,year_id,5000.5,5000.5,0.0,0.0
canesm,ssp585_2cal,mid,ssp585,policy_severity,,,,
canesm,ssp585_2cal,mid,ssp585,total_damage_usd,2959208477.090196,13445135592.45815,10485927115.367954,3.543490496377199
canesm,ssp585_2cal,mid,ssp585,wind_total_usd,2545697289.3634353,11354966753.113731,8809269463.750296,3.460454430523866
canesm,ssp585_2cal,mid,ssp585,water_total_usd,413511187.72676116,2090168839.3444188,1676657651.6176577,4.05468510014185
canesm,ssp585_2cal,mid,ssp585,underinsured_wind_usd,462038621.0917074,2094098967.8177788,1632060346.7260714,3.5323028686862368
canesm,ssp585_2cal,mid,ssp585,uninsured_wind_usd,1068542760.5448261,4919405268.726894,3850862508.1820683,3.6038450218113867
canesm,ssp585_2cal,mid,ssp585,nfip_policyholder_shortfall_usd,0.0,0.0,0.0,
canesm,ssp585_2cal,mid,ssp585,wind_insured_private_usd,860827887.2945501,4037803279.7734084,3176975392.4788585,3.690604636965938
canesm,ssp585_2cal,mid,ssp585,wind_insured_citizens_usd,154288020.43235102,687518859.2776294,533230838.8452784,3.4560741485375286
canesm,ssp585_2cal,mid,ssp585,wind_underinsured_usd,462038621.0917074,2094098967.8177788,1632060346.7260714,3.5323028686862368
canesm,ssp585_2cal,mid,ssp585,wind_uninsured_usd,1068542760.5448261,4919405268.726894,3850862508.1820683,3.6038450218113867
canesm,ssp585_2cal,mid,ssp585,flood_insured_capped_usd,80629474.99125698,371735679.15789837,291106204.16664135,3.610419194695331
canesm,ssp585_2cal,mid,ssp585,flood_un_derinsured_usd,332881712.73550415,1789092232.9111793,1456210520.1756752,4.374558482678584
canesm,ssp585_2cal,mid,ssp585,wind_insured_private_pct,14.840131153440463,12.671527927450947,-2.168603225989516,-0.1461310013750625
canesm,ssp585_2cal,mid,ssp585,wind_insured_citizens_pct,1.9526318049507136,1.5374165989194697,-0.41521520603124396,-0.212643881441706
canesm,ssp585_2cal,mid,ssp585,wind_underinsured_pct,7.662562324366621,6.421438336563279,-1.2411239878033422,-0.1619724493276382
canesm,ssp585_2cal,mid,ssp585,wind_uninsured_pct,17.722962280837034,14.712026413261945,-3.010935867575089,-0.16988897340433126
canesm,ssp585_2cal,mid,ssp585,flood_insured_capped_pct,1.31212909340994,0.9441527197043279,-0.3679763737056122,-0.28044220309856943
canesm,ssp585_2cal,mid,ssp585,flood_un_derinsured_pct,6.339583342995228,5.468839637512626,-0.8707437054826022,-0.13735030496045292
canesm,ssp585_2cal,mid,ssp585,insured_private_wind_pre_usd,860827887.2945501,4037803279.7734084,3176975392.4788585,3.690604636965938
canesm,ssp585_2cal,mid,ssp585,insured_citizens_wind_pre_usd,154288020.43235102,687518859.2776294,533230838.8452784,3.4560741485375286
canesm,ssp585_2cal,mid,ssp585,insured_flood_pre_usd,80629474.99125698,371735679.15789837,291106204.16664135,3.610419194695331
canesm,ssp585_2cal,mid,ssp585,defaults_pre,0.6876,2.3758916571901167,1.6882916571901168,2.455339815576086
canesm,ssp585_2cal,mid,ssp585,defaults_post,0.4257,1.4384,1.0127,2.378905332393704
canesm,ssp585_2cal,mid,ssp585,rescued_defaults,0.2619,0.8888659154347152,0.6269659154347151,2.393913384630451
canesm,ssp585_2cal,mid,ssp585,group_contrib_total_usd,55146919.2058942,452011689.15549856,396864769.9496044,7.196499381368647
canesm,ssp585_2cal,mid,ssp585,group_supported_companies,0.2625,0.9031324304765843,0.6406324304765842,2.440504497053654
canesm,ssp585_2cal,mid,ssp585,defaulted_premium_base_pct,1.0206296127848284,3.062414781124328,2.0417851683394996,2.0005153120811454
canesm,ssp585_2cal,mid,ssp585,largest_entity_deficit_usd,38189735.0155562,256184945.64823866,217995210.63268244,5.708214800230594
canesm,ssp585_2cal,mid,ssp585,diag_group_shortfall_total_usd,318985.3947500718,6625210.305542631,6306224.910792559,19.769635270397092
canesm,ssp585_2cal,mid,ssp585,diag_groups_with_shortfall,0.0112,0.05427478548537165,0.04307478548537165,3.845962989765326
canesm,ssp585_2cal,mid,ssp585,diag_groups_fully_funded_share,0.9997886792452829,0.9989759474436724,-0.0008127318016105667,-0.0008129035850096631
canesm,ssp585_2cal,mid,ssp585,figa_residual_deficit_usd,128533353.04411279,1003246871.7363467,874713518.6922339,6.805342722149567
canesm,ssp585_2cal,mid,ssp585,figa_collected_usd,11480936.627095373,31406735.913732667,19925799.28663729,1.7355552019694782
canesm,ssp585_2cal,mid,ssp585,citizens_residual_deficit_usd,84389555.4782708,478405027.6336344,394015472.15536356,4.669007555761061
canesm,ssp585_2cal,mid,ssp585,citizens_tier1_usd,28514260.862281054,62476359.66065617,33962098.798375115,1.1910566071625064
canesm,ssp585_2cal,mid,ssp585,citizens_tier2_usd,11155768.478832468,29037124.89610442,17881356.417271953,1.6028798420477228
canesm,ssp585_2cal,mid,ssp585,citizens_tier1_capacity_usd,539937478.65,539937478.65,0.0,0.0
canesm,ssp585_2cal,mid,ssp585,citizens_tier2_capacity_usd,359958319.09999996,359958319.0999999,-5.960464477539063e-08,-1.6558762949115748e-16
canesm,ssp585_2cal,mid,ssp585,nfip_borrowed_usd,18467646.44827069,193247037.19963217,174779390.7513615,9.464085813042399
canesm,ssp585_2cal,mid,ssp585,nfip_claims_paid_usd,80629474.99125698,371735679.15789837,291106204.16664135,3.610419194695331
canesm,ssp585_2cal,mid,ssp585,nfip_pool_used_usd,62161828.54298628,171955841.2589713,109794012.71598503,1.7662609882857618
canesm,ssp585_2cal,mid,ssp585,nfip_fl_premium_base_usd,1395853723.0,1395853723.0,0.0,0.0
canesm,ssp585_2cal,mid,ssp585,nfip_fl_premium_depletion_usd,44916469.34531452,106173446.77137776,61256977.42606324,1.3637976964557053
canesm,ssp585_2cal,mid,ssp585,underinsured_flood_usd,0.0,0.0,0.0,
canesm,ssp585_2cal,mid,ssp585,fhcf_total_precap_usd,137953772.37042728,932935829.8017074,794982057.4312801,5.76266994204863
canesm,ssp585_2cal,mid,ssp585,fhcf_total_postcap_usd,118576139.06881401,602845430.4298174,484269291.3610034,4.084036595929004
canesm,ssp585_2cal,mid,ssp585,fhcf_shortfall_usd,19377633.301613256,330090399.37189,310712766.07027674,16.03460862500731
canesm,ssp585_2cal,mid,ssp585,fhcf_scaling_factor,0.9993913920048104,0.9920248026621175,-0.007366589342692964,-0.00737107543813776
canesm,ssp585_2cal,mid,ssp585,fhcf_recovery_private_usd,105929162.48588498,526273115.68970066,420343953.2038157,3.9681608287975125
canesm,ssp585_2cal,mid,ssp585,fhcf_recovery_citizens_usd,12646976.582929062,76572314.7401167,63925338.15718764,5.054594490470893
canesm,ssp585_2cal,mid,ssp585,catbond_payout_usd,191737574.02469543,328032964.46750396,136295390.44280854,0.7108434073816641
canesm,ssp585_2cal,mid,ssp585,catbond_unfilled_usd,0.0,0.0,0.0,
canesm,ssp585_2cal,mid,ssp585,catbond_triggers,1.5055,2.300940762948413,0.795440762948413,0.528356534671812
canesm,ssp585_2cal,mid,ssp585,catbond_limit_in_force_usd,9464500000.0,9464500000.0,0.0,0.0
canesm,ssp585_2cal,mid,ssp585,catbond_issue_volume_year_usd,9464500000.0,9464500000.0,0.0,0.0
canesm,ssp585_2cal,mid,ssp585,year_id,5000.5,5000.5,0.0,0.0
canesm,ssp585cal,near,ssp585,policy_severity,,,,
canesm,ssp585cal,near,ssp585,total_damage_usd,2959208477.090196,20063933928.236874,17104725451.146677,5.78016911737352
canesm,ssp585cal,near,ssp585,wind_total_usd,2545697289.3634353,16971990858.320791,14426293568.957355,5.666932054032522
canesm,ssp585cal,near,ssp585,water_total_usd,413511187.72676116,3091943069.91608,2678431882.1893187,6.477290002511772
canesm,ssp585cal,near,ssp585,underinsured_wind_usd,462038621.0917074,3039947561.8673697,2577908940.7756624,5.5794230678910886
canesm,ssp585cal,near,ssp585,uninsured_wind_usd,1068542760.5448261,7184658932.938144,6116116172.393317,5.723791689229962
canesm,ssp585cal,near,ssp585,nfip_policyholder_shortfall_usd,0.0,0.0,0.0,
canesm,ssp585cal,near,ssp585,wind_insured_private_usd,860827887.2945501,5717282504.689558,4856454617.395008,5.6416093031768515
canesm,ssp585cal,near,ssp585,wind_insured_citizens_usd,154288020.43235102,1030101858.8257213,875813838.3933703,5.676486326930215
canesm,ssp585cal,near,ssp585,wind_underinsured_usd,462038621.0917074,3039947561.8673697,2577908940.7756624,5.5794230678910886
canesm,ssp585cal,near,ssp585,wind_uninsured_usd,1068542760.5448261,7184658932.938144,6116116172.393317,5.723791689229962
canesm,ssp585cal,near,ssp585,flood_insured_capped_usd,80629474.99125698,562196749.5882598,481567274.59700286,5.972595935285717
canesm,ssp585cal,near,ssp585,flood_un_derinsured_usd,332881712.73550415,2529746320.3278203,2196864607.592316,6.599535280983926
canesm,ssp585cal,near,ssp585,wind_insured_private_pct,14.840131153440463,18.09289545508141,3.2527643016409478,0.2191870319749056
canesm,ssp585cal,near,ssp585,wind_insured_citizens_pct,1.9526318049507136,2.485774373328629,0.5331425683779154,0.2730379414215126
canesm,ssp585cal,near,ssp585,wind_underinsured_pct,7.662562324366621,9.335460172270047,1.6728978479034255,0.21832094501648383
canesm,ssp585cal,near,ssp585,wind_uninsured_pct,17.722962280837034,21.972444473260833,4.249482192423798,0.23977268162549517
canesm,ssp585cal,near,ssp585,flood_insured_capped_pct,1.31212909340994,1.5485738684991077,0.2364447750891676,0.18019932358537888
canesm,ssp585cal,near,ssp585,flood_un_derinsured_pct,6.339583342995228,7.764851657559968,1.4252683145647405,0.22482050277634677
canesm,ssp585cal,near,ssp585,insured_private_wind_pre_usd,860827887.2945501,5717282504.689558,4856454617.395008,5.6416093031768515
canesm,ssp585cal,near,ssp585,insured_citizens_wind_pre_usd,154288020.43235102,1030101858.8257213,875813838.3933703,5.676486326930215
canesm,ssp585cal,near,ssp585,insured_flood_pre_usd,80629474.99125698,562196749.5882598,481567274.59700286,5.972595935285717
canesm,ssp585cal,near,ssp585,defaults_pre,0.6876,3.051,2.3634000000000004,3.4371727748691105
canesm,ssp585cal,near,ssp585,defaults_post,0.4257,1.8892,1.4635,3.437867042518205
canesm,ssp585cal,near,ssp585,rescued_defaults,0.2619,1.1618,0.8998999999999999,3.4360442917143943
canesm,ssp585cal,near,ssp585,group_contrib_total_usd,55146919.2058942,681906276.5651457,626759357.3592515,11.365265120599199
canesm,ssp585cal,near,ssp585,group_supported_companies,0.2625,1.1816,0.9191,3.501333333333333
canesm,ssp585cal,near,ssp585,defaulted_premium_base_pct,1.0206296127848284,3.833392805401732,2.812763192616903,2.7559098397529023
canesm,ssp585cal,near,ssp585,largest_entity_deficit_usd,38189735.0155562,374110335.2417177,335920600.2261615,8.796096649775853
canesm,ssp585cal,near,ssp585,diag_group_shortfall_total_usd,318985.3947500718,11024076.004216148,10705090.609466076,33.559814291352176
canesm,ssp585cal,near,ssp585,diag_groups_with_shortfall,0.0112,0.0663,0.055099999999999996,4.919642857142857
canesm,ssp585cal,near,ssp585,diag_groups_fully_funded_share,0.9997886792452829,0.9987490566037737,-0.0010396226415092524,-0.0010398423817861583
canesm,ssp585cal,near,ssp585,figa_residual_deficit_usd,128533353.04411279,1542220159.724208,1413686806.6800954,10.998598987726684
canesm,ssp585cal,near,ssp585,figa_collected_usd,11480936.627095373,39804125.747781955,28323189.120686583,2.4669754777535275
canesm,ssp585cal,near,ssp585,citizens_residual_deficit_usd,84389555.4782708,751374526.097979,666984970.6197082,7.903643606600678
canesm,ssp585cal,near,ssp585,citizens_tier1_usd,28514260.862281054,83579235.82836546,55064974.966084406,1.9311380797152242
canesm,ssp585cal,near,ssp585,citizens_tier2_usd,11155768.478832468,38778376.53835377,27622608.059521303,2.476082944167752
canesm,ssp585cal,near,ssp585,citizens_tier1_capacity_usd,539937478.65,539937478.65,0.0,0.0
canesm,ssp585cal,near,ssp585,citizens_tier2_capacity_usd,359958319.09999996,359958319.09999996,0.0,0.0
canesm,ssp585cal,near,ssp585,nfip_borrowed_usd,18467646.44827069,321137440.4878832,302669794.03961253,16.38919149158579
canesm,ssp585cal,near,ssp585,nfip_claims_paid_usd,80629474.99125698,562196749.5882598,481567274.59700286,5.972595935285717
canesm,ssp585cal,near,ssp585,nfip_pool_used_usd,62161828.54298628,241059309.10037667,178897480.5573904,2.877931437195076
canesm,ssp585cal,near,ssp585,nfip_fl_premium_base_usd,1395853723.0,1395853723.0,0.0,0.0
canesm,ssp585cal,near,ssp585,nfip_fl_premium_depletion_usd,44916469.34531452,144266630.14434868,99350160.79903416,2.211887137326788
canesm,ssp585cal,near,ssp585,underinsured_flood_usd,0.0,0.0,0.0,
canesm,ssp585cal,near,ssp585,fhcf_total_precap_usd,137953772.37042728,1394513274.817307,1256559502.4468796,9.10855485033655
canesm,ssp585cal,near,ssp585,fhcf_total_postcap_usd,118576139.06881401,825653036.2643187,707076897.1955047,5.963062237885503
canesm,ssp585cal,near,ssp585,fhcf_shortfall_usd,19377633.301613256,568860238.5529886,549482605.2513754,28.356538525560243
canesm,ssp585cal,near,ssp585,fhcf_scaling_factor,0.9993913920048104,0.9858086167539061,-0.013582775250904344,-0.013591046870692845
canesm,ssp585cal,near,ssp585,fhcf_recovery_private_usd,105929162.48588498,705856384.4790328,599927221.9931477,5.663475552099148
canesm,ssp585cal,near,ssp585,fhcf_recovery_citizens_usd,12646976.582929062,119796651.78528586,107149675.2023568,8.472354993286526
canesm,ssp585cal,near,ssp585,catbond_payout_usd,191737574.02469543,436544428.38567096,244806854.36097553,1.2767808062985344
canesm,ssp585cal,near,ssp585,catbond_unfilled_usd,0.0,0.0,0.0,
canesm,ssp585cal,near,ssp585,catbond_triggers,1.5055,3.0963,1.5907999999999998,1.0566589173032213
canesm,ssp585cal,near,ssp585,catbond_limit_in_force_usd,9464500000.0,9464500000.0,0.0,0.0
canesm,ssp585cal,near,ssp585,catbond_issue_volume_year_usd,9464500000.0,9464500000.0,0.0,0.0
canesm,ssp585cal,near,ssp585,year_id,5000.5,5000.5,0.0,0.0
cnrm6,ssp245_2cal,mid,ssp245,policy_severity,,,,
cnrm6,ssp245_2cal,mid,ssp245,total_damage_usd,7405384993.971297,66220370868.10787,58814985874.13657,7.942191516311128
cnrm6,ssp245_2cal,mid,ssp245,wind_total_usd,6334689702.589506,56157401614.41518,49822711911.82567,7.865059576865943
cnrm6,ssp245_2cal,mid,ssp245,water_total_usd,1070695291.3817912,10062969253.692707,8992273962.310915,8.398536945750354
cnrm6,ssp245_2cal,mid,ssp245,underinsured_wind_usd,1133704581.1420321,10066078597.990126,8932374016.848093,7.878925573230115
cnrm6,ssp245_2cal,mid,ssp245,uninsured_wind_usd,2608895841.9404674,23631837549.74963,21022941707.809162,8.058175941655277
cnrm6,ssp245_2cal,mid,ssp245,nfip_policyholder_shortfall_usd,0.0,0.0,0.0,
cnrm6,ssp245_2cal,mid,ssp245,wind_insured_private_usd,2145990591.9249797,18961510215.42154,16815519623.49656,7.835784409666416
cnrm6,ssp245_2cal,mid,ssp245,wind_insured_citizens_usd,446098687.58202636,3497975251.2538667,3051876563.67184,6.841258781131645
cnrm6,ssp245_2cal,mid,ssp245,wind_underinsured_usd,1133704581.1420321,10066078597.990126,8932374016.848093,7.878925573230115
cnrm6,ssp245_2cal,mid,ssp245,wind_uninsured_usd,2608895841.9404674,23631837549.74963,21022941707.809162,8.058175941655277
cnrm6,ssp245_2cal,mid,ssp245,flood_insured_capped_usd,229590548.582075,1904926196.5830398,1675335648.0009646,7.297058430094994
cnrm6,ssp245_2cal,mid,ssp245,flood_un_derinsured_usd,841104742.7997162,8158043057.109666,7316938314.30995,8.699199923608395
cnrm6,ssp245_2cal,mid,ssp245,wind_insured_private_pct,18.71795423101206,27.35273359991017,8.634779368898108,0.4613099947959021
cnrm6,ssp245_2cal,mid,ssp245,wind_insured_citizens_pct,2.970360698792227,4.2546565574020105,1.2842958586097835,0.4323703377613327
cnrm6,ssp245_2cal,mid,ssp245,wind_underinsured_pct,9.752559870712416,14.15815329838266,4.405593427670244,0.45173713220674844
cnrm6,ssp245_2cal,mid,ssp245,wind_uninsured_pct,22.55891760017151,33.221952015622854,10.663034415451342,0.4726749130627736
cnrm6,ssp245_2cal,mid,ssp245,flood_insured_capped_pct,1.8176900477311002,2.562646299634625,0.7449562519035249,0.40983678863918716
cnrm6,ssp245_2cal,mid,ssp245,flood_un_derinsured_pct,7.942517551580681,11.669858229047687,3.727340677467006,0.46928957389904774
cnrm6,ssp245_2cal,mid,ssp245,insured_private_wind_pre_usd,2145990591.9249797,18961510215.42154,16815519623.49656,7.835784409666416
cnrm6,ssp245_2cal,mid,ssp245,insured_citizens_wind_pre_usd,446098687.58202636,3497975251.2538667,3051876563.67184,6.841258781131645
cnrm6,ssp245_2cal,mid,ssp245,insured_flood_pre_usd,229590548.582075,1904926196.5830398,1675335648.0009646,7.297058430094994
cnrm6,ssp245_2cal,mid,ssp245,defaults_pre,1.5048,10.1221,8.6173,5.726541733120681
cnrm6,ssp245_2cal,mid,ssp245,defaults_post,0.9495,6.3139,5.3644,5.64971037388099
cnrm6,ssp245_2cal,mid,ssp245,rescued_defaults,0.5553,3.8082,3.2529,5.857914640734737
cnrm6,ssp245_2cal,mid,ssp245,group_contrib_total_usd,191148601.83083028,2308555905.810253,2117407303.9794228,11.077283766131671
cnrm6,ssp245_2cal,mid,ssp245,group_supported_companies,0.5585,3.8752,3.3167,5.938585496866607
cnrm6,ssp245_2cal,mid,ssp245,defaulted_premium_base_pct,2.1138985519711144,12.376595516025832,10.262696964054717,4.854867304055447
cnrm6,ssp245_2cal,mid,ssp245,largest_entity_deficit_usd,116411264.93862426,1275176441.9155812,1158765176.9769568,9.954063960974008
cnrm6,ssp245_2cal,mid,ssp245,diag_group_shortfall_total_usd,2192516.8977953163,37439419.08954507,35246902.19174975,16.076000247565823
cnrm6,ssp245_2cal,mid,ssp245,diag_groups_with_shortfall,0.0265,0.2394,0.2129,8.033962264150944
cnrm6,ssp245_2cal,mid,ssp245,diag_groups_fully_funded_share,0.9995,0.9954830188679246,-0.004016981132075492,-0.004018990627389187
cnrm6,ssp245_2cal,mid,ssp245,figa_residual_deficit_usd,431624772.65491366,5270450041.118262,4838825268.463348,11.210721846894584
cnrm6,ssp245_2cal,mid,ssp245,figa_collected_usd,23120679.894202765,123053911.85046215,99933231.95625938,4.322244519345491
cnrm6,ssp245_2cal,mid,ssp245,citizens_residual_deficit_usd,268662368.7244724,2588402422.818464,2319740054.0939913,8.634406318634854
cnrm6,ssp245_2cal,mid,ssp245,citizens_tier1_usd,51450805.682834536,238458997.4959148,187008191.81308025,3.634698997055192
cnrm6,ssp245_2cal,mid,ssp245,citizens_tier2_usd,23783580.89974005,125302046.87034172,101518465.97060166,4.268426457670688
cnrm6,ssp245_2cal,mid,ssp245,citizens_tier1_capacity_usd,539937478.65,539937478.65,0.0,0.0
cnrm6,ssp245_2cal,mid,ssp245,citizens_tier2_capacity_usd,359958319.09999996,359958319.09999996,0.0,0.0
cnrm6,ssp245_2cal,mid,ssp245,nfip_borrowed_usd,87549589.81165476,1092813295.1600273,1005263705.3483725,11.482220619319794
cnrm6,ssp245_2cal,mid,ssp245,nfip_claims_paid_usd,229590548.582075,1904926196.5830398,1675335648.0009646,7.297058430094994
cnrm6,ssp245_2cal,mid,ssp245,nfip_pool_used_usd,142040958.77042025,812112901.4230127,670071942.6525924,4.717455784958652
cnrm6,ssp245_2cal,mid,ssp245,nfip_fl_premium_base_usd,1395853723.0,1395853723.0,0.0,0.0
cnrm6,ssp245_2cal,mid,ssp245,nfip_fl_premium_depletion_usd,92895732.43388967,456360804.19061726,363465071.7567276,3.9126132302728944
cnrm6,ssp245_2cal,mid,ssp245,underinsured_flood_usd,0.0,0.0,0.0,
cnrm6,ssp245_2cal,mid,ssp245,fhcf_total_precap_usd,518903054.2189373,4848911286.758973,4330008232.540036,8.344541812454056
cnrm6,ssp245_2cal,mid,ssp245,fhcf_total_postcap_usd,380542663.0743674,2946398097.649384,2565855434.5750165,6.7426222695918465
cnrm6,ssp245_2cal,mid,ssp245,fhcf_shortfall_usd,138360391.14456993,1902513189.109589,1764152797.9650192,12.75041782818966
cnrm6,ssp245_2cal,mid,ssp245,fhcf_scaling_factor,0.9958960225232019,0.9537323918289742,-0.04216363069422768,-0.042337382357850895
cnrm6,ssp245_2cal,mid,ssp245,fhcf_recovery_private_usd,309039749.86204416,2493559270.7573795,2184519520.895335,7.068733138279164
cnrm6,ssp245_2cal,mid,ssp245,fhcf_recovery_citizens_usd,71502913.2123233,452838826.8920043,381335913.679681,5.333152126925635
cnrm6,ssp245_2cal,mid,ssp245,catbond_payout_usd,302218151.80869,1116500717.941402,814282566.1327119,2.6943536027186368
cnrm6,ssp245_2cal,mid,ssp245,catbond_unfilled_usd,0.0,0.0,0.0,
cnrm6,ssp245_2cal,mid,ssp245,catbond_triggers,2.2945,7.4349,5.1404,2.24031379385487
cnrm6,ssp245_2cal,mid,ssp245,catbond_limit_in_force_usd,9464500000.0,9464500000.0,0.0,0.0
cnrm6,ssp245_2cal,mid,ssp245,catbond_issue_volume_year_usd,9464500000.0,9464500000.0,0.0,0.0
cnrm6,ssp245_2cal,mid,ssp245,year_id,5000.5,5000.5,0.0,0.0
cnrm6,ssp245cal,near,ssp245,policy_severity,,,,
cnrm6,ssp245cal,near,ssp245,total_damage_usd,7405384993.971297,59715610318.5075,52310225324.5362,7.0638090210194076
cnrm6,ssp245cal,near,ssp245,wind_total_usd,6334689702.589506,50355715194.835075,44021025492.24557,6.949199970165953
cnrm6,ssp245cal,near,ssp245,water_total_usd,1070695291.3817912,9359895123.672438,8289199832.290647,7.741885015290371
cnrm6,ssp245cal,near,ssp245,underinsured_wind_usd,1133704581.1420321,9187590647.432018,8053886066.289986,7.104042975796164
cnrm6,ssp245cal,near,ssp245,uninsured_wind_usd,2608895841.9404674,21096338588.7275,18487442746.787033,7.086309253740188
cnrm6,ssp245cal,near,ssp245,nfip_policyholder_shortfall_usd,0.0,0.0,0.0,
cnrm6,ssp245cal,near,ssp245,wind_insured_private_usd,2145990591.9249797,16807164873.88901,14661174281.96403,6.831891219435765
cnrm6,ssp245cal,near,ssp245,wind_insured_citizens_usd,446098687.58202636,3264621084.786543,2818522397.2045164,6.318158908921383
cnrm6,ssp245cal,near,ssp245,wind_underinsured_usd,1133704581.1420321,9187590647.432018,8053886066.289986,7.104042975796164
cnrm6,ssp245cal,near,ssp245,wind_uninsured_usd,2608895841.9404674,21096338588.7275,18487442746.787033,7.086309253740188
cnrm6,ssp245cal,near,ssp245,flood_insured_capped_usd,229590548.582075,1907095916.4773746,1677505367.8952994,7.3065088186573055
cnrm6,ssp245cal,near,ssp245,flood_un_derinsured_usd,841104742.7997162,7452799207.195063,6611694464.395347,7.860726646704598
cnrm6,ssp245cal,near,ssp245,wind_insured_private_pct,18.71795423101206,26.516218967177544,7.798264736165482,0.4166195001826242
cnrm6,ssp245cal,near,ssp245,wind_insured_citizens_pct,2.970360698792227,4.1019699975047805,1.1316092987125534,0.3809669644406065
cnrm6,ssp245cal,near,ssp245,wind_underinsured_pct,9.752559870712416,13.86134304780998,4.108783177097564,0.4213030457199768
cnrm6,ssp245cal,near,ssp245,wind_uninsured_pct,22.55891760017151,32.151786623474365,9.592869023302853,0.4252362277891347
cnrm6,ssp245cal,near,ssp245,flood_insured_capped_pct,1.8176900477311002,2.5252992648253567,0.7076092170942565,0.38929036222513147
cnrm6,ssp245cal,near,ssp245,flood_un_derinsured_pct,7.942517551580681,11.483382099207978,3.5408645476272964,0.44581135951315726
cnrm6,ssp245cal,near,ssp245,insured_private_wind_pre_usd,2145990591.9249797,16807164873.88901,14661174281.96403,6.831891219435765
cnrm6,ssp245cal,near,ssp245,insured_citizens_wind_pre_usd,446098687.58202636,3264621084.786543,2818522397.2045164,6.318158908921383
cnrm6,ssp245cal,near,ssp245,insured_flood_pre_usd,229590548.582075,1908264066.5243614,1678673517.9422865,7.311596789630856
cnrm6,ssp245cal,near,ssp245,defaults_pre,1.5048,9.2288,7.724,5.13290802764487
cnrm6,ssp245cal,near,ssp245,defaults_post,0.9495,5.7554,4.805899999999999,5.061506055818851
cnrm6,ssp245cal,near,ssp245,rescued_defaults,0.5553,3.4734,2.9181,5.254997298757428
cnrm6,ssp245cal,near,ssp245,group_contrib_total_usd,191148601.83083028,2013496009.2386804,1822347407.40785,9.533668517338453
cnrm6,ssp245cal,near,ssp245,group_supported_companies,0.5585,3.5304,2.9719,5.321217547000896
cnrm6,ssp245cal,near,ssp245,defaulted_premium_base_pct,2.1138985519711144,11.38983024642141,9.275931694450295,4.3880685219264235
cnrm6,ssp245cal,near,ssp245,largest_entity_deficit_usd,116411264.93862426,1109492692.9185786,993081427.9799544,8.530801795715721
cnrm6,ssp245cal,near,ssp245,diag_group_shortfall_total_usd,2192516.8977953163,31278171.261960167,29085654.36416485,13.265874663685333
cnrm6,ssp245cal,near,ssp245,diag_groups_with_shortfall,0.0265,0.2179,0.19140000000000001,7.222641509433963
cnrm6,ssp245cal,near,ssp245,diag_groups_fully_funded_share,0.9995,0.9958886792452831,-0.003611320754716929,-0.003613127318376117
cnrm6,ssp245cal,near,ssp245,figa_residual_deficit_usd,431624772.65491366,4575423628.790184,4143798856.13527,9.600465771801888
cnrm6,ssp245cal,near,ssp245,figa_collected_usd,23120679.894202765,113985393.58629936,90864713.69209659,3.930019104450291
cnrm6,ssp245cal,near,ssp245,citizens_residual_deficit_usd,268662368.7244724,2412335392.0557,2143673023.3312273,7.9790594920633575
cnrm6,ssp245cal,near,ssp245,citizens_tier1_usd,51450805.682834536,220723222.11320624,169272416.4303717,3.289985728772481
cnrm6,ssp245cal,near,ssp245,citizens_tier2_usd,23783580.89974005,114675729.18287812,90892148.28313807,3.8216342890624806
cnrm6,ssp245cal,near,ssp245,citizens_tier1_capacity_usd,539937478.65,539937478.65,0.0,0.0
cnrm6,ssp245cal,near,ssp245,citizens_tier2_capacity_usd,359958319.09999996,359958319.09999996,0.0,0.0
cnrm6,ssp245cal,near,ssp245,nfip_borrowed_usd,87549589.81165476,1163981731.656901,1076432141.845246,12.295113479811523
cnrm6,ssp245cal,near,ssp245,nfip_claims_paid_usd,229590548.582075,1907095916.4773746,1677505367.8952994,7.3065088186573055
cnrm6,ssp245cal,near,ssp245,nfip_pool_used_usd,142040958.77042025,743114184.820474,601073226.0500538,4.231689445447661
cnrm6,ssp245cal,near,ssp245,nfip_fl_premium_base_usd,1395853723.0,1395853723.0,0.0,0.0
cnrm6,ssp245cal,near,ssp245,nfip_fl_premium_depletion_usd,92895732.43388967,421212064.95226747,328316332.5183778,3.5342455882139463
cnrm6,ssp245cal,near,ssp245,underinsured_flood_usd,0.0,0.0,0.0,
cnrm6,ssp245cal,near,ssp245,fhcf_total_precap_usd,518903054.2189373,4149125067.962287,3630222013.7433496,6.9959542234871375
cnrm6,ssp245cal,near,ssp245,fhcf_total_postcap_usd,380542663.0743674,2669424112.510218,2288881449.4358506,6.014782760345971
cnrm6,ssp245cal,near,ssp245,fhcf_shortfall_usd,138360391.14456993,1479700955.4520683,1341340564.3074985,9.694541575167703
cnrm6,ssp245cal,near,ssp245,fhcf_scaling_factor,0.9958960225232019,0.960827123164634,-0.03506889935856783,-0.035213414418221366
cnrm6,ssp245cal,near,ssp245,fhcf_recovery_private_usd,309039749.86204416,2239699176.320011,1930659426.457967,6.247285105944515
cnrm6,ssp245cal,near,ssp245,fhcf_recovery_citizens_usd,71502913.2123233,429724936.190207,358222022.9778837,5.00989409919798
cnrm6,ssp245cal,near,ssp245,catbond_payout_usd,302218151.80869,1039728935.6425579,737510783.8338678,2.4403259017371215
cnrm6,ssp245cal,near,ssp245,catbond_unfilled_usd,0.0,0.0,0.0,
cnrm6,ssp245cal,near,ssp245,catbond_triggers,2.2945,6.953,4.6585,2.0302898234909565
cnrm6,ssp245cal,near,ssp245,catbond_limit_in_force_usd,9464500000.0,9464500000.0,0.0,0.0
cnrm6,ssp245cal,near,ssp245,catbond_issue_volume_year_usd,9464500000.0,9464500000.0,0.0,0.0
cnrm6,ssp245cal,near,ssp245,year_id,5000.5,5000.5,0.0,0.0
cnrm6,ssp585_2cal,mid,ssp585,policy_severity,,,,
cnrm6,ssp585_2cal,mid,ssp585,total_damage_usd,7405384993.971297,91999506303.31963,84594121309.34833,11.423325239432678
cnrm6,ssp585_2cal,mid,ssp585,wind_total_usd,6334689702.589506,77567280440.50688,71232590737.91737,11.244842933474514
cnrm6,ssp585_2cal,mid,ssp585,water_total_usd,1070695291.3817912,14432225862.812738,13361530571.430946,12.479302635381122
cnrm6,ssp585_2cal,mid,ssp585,underinsured_wind_usd,1133704581.1420321,13989829380.29304,12856124799.151007,11.33992489136848
cnrm6,ssp585_2cal,mid,ssp585,uninsured_wind_usd,2608895841.9404674,32417949740.805164,29809053898.864697,11.425927175648782
cnrm6,ssp585_2cal,mid,ssp585,nfip_policyholder_shortfall_usd,0.0,0.0,0.0,
cnrm6,ssp585_2cal,mid,ssp585,wind_insured_private_usd,2145990591.9249797,26378650007.180374,24232659415.255394,11.292062279508134
cnrm6,ssp585_2cal,mid,ssp585,wind_insured_citizens_usd,446098687.58202636,4780851312.228306,4334752624.646279,9.717026176745312
cnrm6,ssp585_2cal,mid,ssp585,wind_underinsured_usd,1133704581.1420321,13989829380.29304,12856124799.151007,11.33992489136848
cnrm6,ssp585_2cal,mid,ssp585,wind_uninsured_usd,2608895841.9404674,32417949740.805164,29809053898.864697,11.425927175648782
cnrm6,ssp585_2cal,mid,ssp585,flood_insured_capped_usd,229590548.582075,2779972958.995429,2550382410.413354,11.108394601451254
cnrm6,ssp585_2cal,mid,ssp585,flood_un_derinsured_usd,841104742.7997162,11652252903.817308,10811148161.017591,12.853509926755866
cnrm6,ssp585_2cal,mid,ssp585,wind_insured_private_pct,18.71795423101206,27.76911527398786,9.0511610429758,0.48355503658512855
cnrm6,ssp585_2cal,mid,ssp585,wind_insured_citizens_pct,2.970360698792227,3.98349119402133,1.013130495229103,0.3410799555895855
cnrm6,ssp585_2cal,mid,ssp585,wind_underinsured_pct,9.752559870712416,14.331531922235538,4.578972051523122,0.46951488760136495
cnrm6,ssp585_2cal,mid,ssp585,wind_uninsured_pct,22.55891760017151,33.148283392209564,10.589365792038052,0.46940930321752417
cnrm6,ssp585_2cal,mid,ssp585,flood_insured_capped_pct,1.8176900477311002,2.420545368755541,0.6028553210244407,0.3316601319223508
cnrm6,ssp585_2cal,mid,ssp585,flood_un_derinsured_pct,7.942517551580681,11.987032848790166,4.044515297209485,0.5092233376814591
cnrm6,ssp585_2cal,mid,ssp585,insured_private_wind_pre_usd,2145990591.9249797,26378650007.180374,24232659415.255394,11.292062279508134
cnrm6,ssp585_2cal,mid,ssp585,insured_citizens_wind_pre_usd,446098687.58202636,4780851312.228306,4334752624.646279,9.717026176745312
cnrm6,ssp585_2cal,mid,ssp585,insured_flood_pre_usd,229590548.582075,2779972958.995429,2550382410.413354,11.108394601451254
cnrm6,ssp585_2cal,mid,ssp585,defaults_pre,1.5048,12.9682,11.4634,7.617889420521
cnrm6,ssp585_2cal,mid,ssp585,defaults_post,0.9495,8.0536,7.104099999999999,7.481937862032647
cnrm6,ssp585_2cal,mid,ssp585,rescued_defaults,0.5553,4.9146,4.3593,7.850351161534306
cnrm6,ssp585_2cal,mid,ssp585,group_contrib_total_usd,191148601.83083028,3405446147.600646,3214297545.769816,16.81570001027014
cnrm6,ssp585_2cal,mid,ssp585,group_supported_companies,0.5585,5.0182,4.4597,7.985138764547896
cnrm6,ssp585_2cal,mid,ssp585,defaulted_premium_base_pct,2.1138985519711144,15.337204746862938,13.223306194891823,6.255411917739236
cnrm6,ssp585_2cal,mid,ssp585,largest_entity_deficit_usd,116411264.93862426,1838459896.8251922,1722048631.886568,14.792800617659186
cnrm6,ssp585_2cal,mid,ssp585,diag_group_shortfall_total_usd,2192516.8977953163,70266521.96435356,68074005.06655824,31.04833770494996
cnrm6,ssp585_2cal,mid,ssp585,diag_groups_with_shortfall,0.0265,0.3385,0.312,11.773584905660378
cnrm6,ssp585_2cal,mid,ssp585,diag_groups_fully_funded_share,0.9995,0.9936132075471698,-0.005886792452830303,-0.005889737321491048
cnrm6,ssp585_2cal,mid,ssp585,figa_residual_deficit_usd,431624772.65491366,7773499720.927958,7341874948.273044,17.00985534985248
cnrm6,ssp585_2cal,mid,ssp585,figa_collected_usd,23120679.894202765,148680620.43745464,125559940.54325187,5.430633576425862
cnrm6,ssp585_2cal,mid,ssp585,citizens_residual_deficit_usd,268662368.7244724,3689977308.2754617,3421314939.550989,12.734626571612381
cnrm6,ssp585_2cal,mid,ssp585,citizens_tier1_usd,51450805.682834536,280828682.7110532,229377877.02821866,4.458197961800736
cnrm6,ssp585_2cal,mid,ssp585,citizens_tier2_usd,23783580.89974005,151334937.77303466,127551356.8732946,5.363000525908557
cnrm6,ssp585_2cal,mid,ssp585,citizens_tier1_capacity_usd,539937478.65,539937478.65,0.0,0.0
cnrm6,ssp585_2cal,mid,ssp585,citizens_tier2_capacity_usd,359958319.09999996,359958319.09999996,0.0,0.0
cnrm6,ssp585_2cal,mid,ssp585,nfip_borrowed_usd,87549589.81165476,1792926297.6256921,1705376707.8140373,19.47897998703147
cnrm6,ssp585_2cal,mid,ssp585,nfip_claims_paid_usd,229590548.582075,2779972958.995429,2550382410.413354,11.108394601451254
cnrm6,ssp585_2cal,mid,ssp585,nfip_pool_used_usd,142040958.77042025,987046661.3697369,845005702.5993166,5.94902843457353
cnrm6,ssp585_2cal,mid,ssp585,nfip_fl_premium_base_usd,1395853723.0,1395853723.0,0.0,0.0
cnrm6,ssp585_2cal,mid,ssp585,nfip_fl_premium_depletion_usd,92895732.43388967,544521179.1934967,451625446.759607,4.861638257505656
cnrm6,ssp585_2cal,mid,ssp585,underinsured_flood_usd,0.0,0.0,0.0,
cnrm6,ssp585_2cal,mid,ssp585,fhcf_total_precap_usd,518903054.2189373,6456953316.823625,5938050262.604688,11.443467550104813
cnrm6,ssp585_2cal,mid,ssp585,fhcf_total_postcap_usd,380542663.0743674,3777570285.4148717,3397027622.340504,8.926798364462597
cnrm6,ssp585_2cal,mid,ssp585,fhcf_shortfall_usd,138360391.14456993,2679383031.408753,2541022640.264183,18.365246146269712
cnrm6,ssp585_2cal,mid,ssp585,fhcf_scaling_factor,0.9958960225232019,0.9382598318721881,-0.057636190651013774,-0.05787370302472616
cnrm6,ssp585_2cal,mid,ssp585,fhcf_recovery_private_usd,309039749.86204416,3216407781.476401,2907368031.6143565,9.407747815328644
cnrm6,ssp585_2cal,mid,ssp585,fhcf_recovery_citizens_usd,71502913.2123233,561162503.9384711,489659590.7261478,6.848106863452335
cnrm6,ssp585_2cal,mid,ssp585,catbond_payout_usd,302218151.80869,1282135790.5730994,979917638.7644093,3.242418209825849
cnrm6,ssp585_2cal,mid,ssp585,catbond_unfilled_usd,0.0,0.0,0.0,
cnrm6,ssp585_2cal,mid,ssp585,catbond_triggers,2.2945,8.3541,6.0596000000000005,2.6409239485726737
cnrm6,ssp585_2cal,mid,ssp585,catbond_limit_in_force_usd,9464500000.0,9464500000.0,0.0,0.0
cnrm6,ssp585_2cal,mid,ssp585,catbond_issue_volume_year_usd,9464500000.0,9464500000.0,0.0,0.0
cnrm6,ssp585_2cal,mid,ssp585,year_id,5000.5,5000.5,0.0,0.0
cnrm6,ssp585cal,near,ssp585,policy_severity,,,,
cnrm6,ssp585cal,near,ssp585,total_damage_usd,7405384993.971297,72418826831.72807,65013441837.756775,8.779211599489296
cnrm6,ssp585cal,near,ssp585,wind_total_usd,6334689702.589506,60994205347.39327,54659515644.803764,8.628601906492744
cnrm6,ssp585cal,near,ssp585,water_total_usd,1070695291.3817912,11424621484.334793,10353926192.953001,9.67028273710879
cnrm6,ssp585cal,near,ssp585,underinsured_wind_usd,1133704581.1420321,11093408982.251787,9959704401.109755,8.785096723413512
cnrm6,ssp585cal,near,ssp585,uninsured_wind_usd,2608895841.9404674,25618598499.34412,23009702657.403652,8.819709199386548
cnrm6,ssp585cal,near,ssp585,nfip_policyholder_shortfall_usd,0.0,0.0,0.0,
cnrm6,ssp585cal,near,ssp585,wind_insured_private_usd,2145990591.9249797,20365474121.97205,18219483530.04707,8.490010906200652
cnrm6,ssp585cal,near,ssp585,wind_insured_citizens_usd,446098687.58202636,3916723743.8253202,3470625056.243294,7.779949040099188
cnrm6,ssp585cal,near,ssp585,wind_underinsured_usd,1133704581.1420321,11093408982.251787,9959704401.109755,8.785096723413512
cnrm6,ssp585cal,near,ssp585,wind_uninsured_usd,2608895841.9404674,25618598499.34412,23009702657.403652,8.819709199386548
cnrm6,ssp585cal,near,ssp585,flood_insured_capped_usd,229590548.582075,2298237090.0568037,2068646541.4747286,9.010155488762292
cnrm6,ssp585cal,near,ssp585,flood_un_derinsured_usd,841104742.7997162,9126384394.27799,8285279651.478274,9.850473109805261
cnrm6,ssp585cal,near,ssp585,wind_insured_private_pct,18.71795423101206,27.23229801723721,8.514343786225147,0.4548757669317575
cnrm6,ssp585cal,near,ssp585,wind_insured_citizens_pct,2.970360698792227,4.2531382814558,1.2827775826635728,0.4318591958159023
cnrm6,ssp585cal,near,ssp585,wind_underinsured_pct,9.752559870712416,14.18365183599756,4.431091965285145,0.45435168038209206
cnrm6,ssp585cal,near,ssp585,wind_uninsured_pct,22.55891760017151,32.94379392772685,10.38487632755534,0.460344618993439
cnrm6,ssp585cal,near,ssp585,flood_insured_capped_pct,1.8176900477311002,2.6057809208520637,0.7880908731209635,0.43356724877527064
cnrm6,ssp585cal,near,ssp585,flood_un_derinsured_pct,7.942517551580681,11.861337016730527,3.918819465149846,0.4933976462374882
cnrm6,ssp585cal,near,ssp585,insured_private_wind_pre_usd,2145990591.9249797,20365474121.97205,18219483530.04707,8.490010906200652
cnrm6,ssp585cal,near,ssp585,insured_citizens_wind_pre_usd,446098687.58202636,3916723743.8253202,3470625056.243294,7.779949040099188
cnrm6,ssp585cal,near,ssp585,insured_flood_pre_usd,229590548.582075,2299681399.6415157,2070090851.0594406,9.01644629469325
cnrm6,ssp585cal,near,ssp585,defaults_pre,1.5048,10.4758,8.971,5.961589580010633
cnrm6,ssp585cal,near,ssp585,defaults_post,0.9495,6.523,5.573499999999999,5.869931542917324
cnrm6,ssp585cal,near,ssp585,rescued_defaults,0.5553,3.9528,3.3975,6.118314424635332
cnrm6,ssp585cal,near,ssp585,group_contrib_total_usd,191148601.83083028,2554872700.5599313,2363724098.729101,12.365897924908898
cnrm6,ssp585cal,near,ssp585,group_supported_companies,0.5585,4.0304,3.4719,6.216472694717995
cnrm6,ssp585cal,near,ssp585,defaulted_premium_base_pct,2.1138985519711144,12.702759294869583,10.588860742898468,5.009162210279598
cnrm6,ssp585cal,near,ssp585,largest_entity_deficit_usd,116411264.93862426,1389040464.8811097,1272629199.9424853,10.932182556503069
cnrm6,ssp585cal,near,ssp585,diag_group_shortfall_total_usd,2192516.8977953163,48346379.753130704,46153862.855335385,21.050630397305202
cnrm6,ssp585cal,near,ssp585,diag_groups_with_shortfall,0.0265,0.2614,0.23490000000000003,8.864150943396227
cnrm6,ssp585cal,near,ssp585,diag_groups_fully_funded_share,0.9995,0.9950679245283017,-0.004432075471698327,-0.0044342926180073305
cnrm6,ssp585cal,near,ssp585,figa_residual_deficit_usd,431624772.65491366,5801465027.236192,5369840254.581278,12.4409917937553
cnrm6,ssp585cal,near,ssp585,figa_collected_usd,23120679.894202765,125013099.5346638,101892419.64046103,4.406981979193844
cnrm6,ssp585cal,near,ssp585,citizens_residual_deficit_usd,268662368.7244724,2980654322.045059,2711991953.3205867,10.094424337119872
cnrm6,ssp585cal,near,ssp585,citizens_tier1_usd,51450805.682834536,243474963.87185624,192024158.1890217,3.732189528240691
cnrm6,ssp585cal,near,ssp585,citizens_tier2_usd,23783580.89974005,127236556.02391396,103452975.12417391,4.349764468196823
cnrm6,ssp585cal,near,ssp585,citizens_tier1_capacity_usd,539937478.65,539937478.65,0.0,0.0
cnrm6,ssp585cal,near,ssp585,citizens_tier2_capacity_usd,359958319.09999996,359958319.09999996,0.0,0.0
cnrm6,ssp585cal,near,ssp585,nfip_borrowed_usd,87549589.81165476,1463087877.995182,1375538288.1835272,15.71153321383595
cnrm6,ssp585cal,near,ssp585,nfip_claims_paid_usd,229590548.582075,2298237090.0568037,2068646541.4747286,9.010155488762292
cnrm6,ssp585cal,near,ssp585,nfip_pool_used_usd,142040958.77042025,835149212.0616217,693108253.2912014,4.879636544917069
cnrm6,ssp585cal,near,ssp585,nfip_fl_premium_base_usd,1395853723.0,1395853723.0,0.0,0.0
cnrm6,ssp585cal,near,ssp585,nfip_fl_premium_depletion_usd,92895732.43388967,468678474.21594656,375782741.78205687,4.045209956759715
cnrm6,ssp585cal,near,ssp585,underinsured_flood_usd,0.0,0.0,0.0,
cnrm6,ssp585cal,near,ssp585,fhcf_total_precap_usd,518903054.2189373,4984510968.812204,4465607914.593267,8.605861688971913
cnrm6,ssp585cal,near,ssp585,fhcf_total_postcap_usd,380542663.0743674,3018369620.9687757,2637826957.894408,6.931750927960768
cnrm6,ssp585cal,near,ssp585,fhcf_shortfall_usd,138360391.14456993,1966141347.8434281,1827780956.6988583,13.21029047098492
cnrm6,ssp585cal,near,ssp585,fhcf_scaling_factor,0.9958960225232019,0.9525555174157319,-0.043340505107470007,-0.04351910654052269
cnrm6,ssp585cal,near,ssp585,fhcf_recovery_private_usd,309039749.86204416,2546726738.0154624,2237686988.153418,7.240774007720124
cnrm6,ssp585cal,near,ssp585,fhcf_recovery_citizens_usd,71502913.2123233,471642882.9533133,400139969.74099,5.596135202950404
cnrm6,ssp585cal,near,ssp585,catbond_payout_usd,302218151.80869,1134138604.0593112,831920452.2506211,2.752715041342861
cnrm6,ssp585cal,near,ssp585,catbond_unfilled_usd,0.0,0.0,0.0,
cnrm6,ssp585cal,near,ssp585,catbond_triggers,2.2945,7.4929,5.1983999999999995,2.26559163216387
cnrm6,ssp585cal,near,ssp585,catbond_limit_in_force_usd,9464500000.0,9464500000.0,0.0,0.0
cnrm6,ssp585cal,near,ssp585,catbond_issue_volume_year_usd,9464500000.0,9464500000.0,0.0,0.0
cnrm6,ssp585cal,near,ssp585,year_id,5000.5,5000.5,0.0,0.0
ecearth6,ssp245_2cal,mid,ssp245,policy_severity,,,,
ecearth6,ssp245_2cal,mid,ssp245,total_damage_usd,4607603880.672565,61881729412.25239,57274125531.57982,12.4303492693516
ecearth6,ssp245_2cal,mid,ssp245,wind_total_usd,3867540072.178868,52362541050.78427,48495000978.6054,12.538978284272728
ecearth6,ssp245_2cal,mid,ssp245,water_total_usd,740063808.493698,9519188361.468128,8779124552.97443,11.862658938616628
ecearth6,ssp245_2cal,mid,ssp245,underinsured_wind_usd,691272895.053678,9426245988.954569,8734973093.90089,12.636070582837782
ecearth6,ssp245_2cal,mid,ssp245,uninsured_wind_usd,1625548633.2376015,22032523429.429783,20406974796.19218,12.553899882741531
ecearth6,ssp245_2cal,mid,ssp245,nfip_policyholder_shortfall_usd,0.0,0.0,0.0,
ecearth6,ssp245_2cal,mid,ssp245,wind_insured_private_usd,1297445601.6908906,17705846107.37243,16408400505.681538,12.646696311812502
ecearth6,ssp245_2cal,mid,ssp245,wind_insured_citizens_usd,269195137.4933471,3197925525.0274873,2928730387.53414,10.879581313412546
ecearth6,ssp245_2cal,mid,ssp245,wind_underinsured_usd,691272895.053678,9426245988.954569,8734973093.90089,12.636070582837782
ecearth6,ssp245_2cal,mid,ssp245,wind_uninsured_usd,1625548633.2376015,22032523429.429783,20406974796.19218,12.553899882741531
ecearth6,ssp245_2cal,mid,ssp245,flood_insured_capped_usd,169745487.05483168,1859263019.3389204,1689517532.2840886,9.953239768538504
ecearth6,ssp245_2cal,mid,ssp245,flood_un_derinsured_usd,573365074.7422342,7659925342.129207,7086560267.386972,12.359595272824828
ecearth6,ssp245_2cal,mid,ssp245,wind_insured_private_pct,13.531390582538425,28.116328579056148,14.584937996517723,1.0778595080492945
ecearth6,ssp245_2cal,mid,ssp245,wind_insured_citizens_pct,1.9649469212996429,3.9698491633493425,2.0049022420497,1.020334045829406
ecearth6,ssp245_2cal,mid,ssp245,wind_underinsured_pct,6.913701010110295,14.503273001279563,7.589571991169268,1.097758202165614
ecearth6,ssp245_2cal,mid,ssp245,wind_uninsured_pct,16.05794175652373,33.83839047648216,17.780448719958432,1.1072682283664976
ecearth6,ssp245_2cal,mid,ssp245,flood_insured_capped_pct,1.2528529116155633,2.47006995788708,1.2172170462715166,0.971556225783844
ecearth6,ssp245_2cal,mid,ssp245,flood_un_derinsured_pct,5.745579108302944,12.262088821945706,6.516509713642763,1.1341780507774657
ecearth6,ssp245_2cal,mid,ssp245,insured_private_wind_pre_usd,1297445601.6908906,17705846107.37243,16408400505.681538,12.646696311812502
ecearth6,ssp245_2cal,mid,ssp245,insured_citizens_wind_pre_usd,269195137.4933471,3197925525.0274873,2928730387.53414,10.879581313412546
ecearth6,ssp245_2cal,mid,ssp245,insured_flood_pre_usd,169745487.05483168,1859338127.4538844,1689592640.3990526,9.953682243424094
ecearth6,ssp245_2cal,mid,ssp245,defaults_pre,0.9399538106235565,9.8236,8.883646189376444,9.451151842751845
ecearth6,ssp245_2cal,mid,ssp245,defaults_post,0.5877,6.1368,5.5491,9.442062276671772
ecearth6,ssp245_2cal,mid,ssp245,rescued_defaults,0.3498343207149312,3.6868,3.336965679285069,9.538702985074627
ecearth6,ssp245_2cal,mid,ssp245,group_contrib_total_usd,108768069.08252837,2102506143.9538505,1993738074.8713222,18.33017807237676
ecearth6,ssp245_2cal,mid,ssp245,group_supported_companies,0.35134049603373835,3.7445,3.3931595039662614,9.657752357816518
ecearth6,ssp245_2cal,mid,ssp245,defaulted_premium_base_pct,1.3489134295168255,12.228044788561334,10.879131359044509,8.065107160317444
ecearth6,ssp245_2cal,mid,ssp245,largest_entity_deficit_usd,63606602.88996905,1165566049.2080386,1101959446.3180695,17.32460776476795
ecearth6,ssp245_2cal,mid,ssp245,diag_group_shortfall_total_usd,762325.0663940797,33320627.262491334,32558302.196097255,42.70921111134816
ecearth6,ssp245_2cal,mid,ssp245,diag_groups_with_shortfall,0.013655989557184457,0.2285,0.21484401044281556,15.73258455882353
ecearth6,ssp245_2cal,mid,ssp245,diag_groups_fully_funded_share,0.9997423398196756,0.9956886792452831,-0.0040536605743924925,-0.0040547053104939565
ecearth6,ssp245_2cal,mid,ssp245,figa_residual_deficit_usd,235323962.93526787,4790142543.390242,4554818580.454974,19.35552386438392
ecearth6,ssp245_2cal,mid,ssp245,figa_collected_usd,15309357.636876557,123858947.21247871,108549589.57560216,7.090407850564045
ecearth6,ssp245_2cal,mid,ssp245,citizens_residual_deficit_usd,158924209.4804154,2346072988.0684385,2187148778.588023,13.762212728561979
ecearth6,ssp245_2cal,mid,ssp245,citizens_tier1_usd,34666587.13267403,242176836.17512938,207510249.04245535,5.9858863016507415
ecearth6,ssp245_2cal,mid,ssp245,citizens_tier2_usd,15583302.454381777,124261700.68317944,108678398.22879766,6.974028678897843
ecearth6,ssp245_2cal,mid,ssp245,citizens_tier1_capacity_usd,539937478.65,539937478.65,0.0,0.0
ecearth6,ssp245_2cal,mid,ssp245,citizens_tier2_capacity_usd,359958319.09999996,359958319.09999996,0.0,0.0
ecearth6,ssp245_2cal,mid,ssp245,nfip_borrowed_usd,82537450.30434902,1089518920.965525,1006981470.6611758,12.200297767232053
ecearth6,ssp245_2cal,mid,ssp245,nfip_claims_paid_usd,169745487.05483168,1859263019.3389204,1689517532.2840886,9.953239768538504
ecearth6,ssp245_2cal,mid,ssp245,nfip_pool_used_usd,86868240.03771245,769744098.3733956,682875858.3356831,7.861053223125316
ecearth6,ssp245_2cal,mid,ssp245,nfip_fl_premium_base_usd,1395853723.0,1395853723.0,0.0,0.0
ecearth6,ssp245_2cal,mid,ssp245,nfip_fl_premium_depletion_usd,58398687.68345095,447454861.67458624,389056173.9911353,6.662070492063235
ecearth6,ssp245_2cal,mid,ssp245,underinsured_flood_usd,0.0,0.0,0.0,
ecearth6,ssp245_2cal,mid,ssp245,fhcf_total_precap_usd,296115945.23676974,4227533065.180025,3931417119.9432554,13.276614053322103
ecearth6,ssp245_2cal,mid,ssp245,fhcf_total_postcap_usd,231652821.7288704,2729793080.646796,2498140258.917926,10.78398372302921
ecearth6,ssp245_2cal,mid,ssp245,fhcf_shortfall_usd,64463123.50789937,1497739984.5332294,1433276861.02533,22.23405852882222
ecearth6,ssp245_2cal,mid,ssp245,fhcf_scaling_factor,0.9978907064975763,0.960971367045934,-0.036919339451642275,-0.03699737778020077
ecearth6,ssp245_2cal,mid,ssp245,fhcf_recovery_private_usd,192340755.66754037,2336866027.3781495,2144525271.7106092,11.149614465575906
ecearth6,ssp245_2cal,mid,ssp245,fhcf_recovery_citizens_usd,39312066.061330035,392927053.2686468,353614987.20731676,8.995075116521438
ecearth6,ssp245_2cal,mid,ssp245,catbond_payout_usd,201520093.46559817,1138927371.642907,937407278.1773088,4.651681438096073
ecearth6,ssp245_2cal,mid,ssp245,catbond_unfilled_usd,0.0,0.0,0.0,
ecearth6,ssp245_2cal,mid,ssp245,catbond_triggers,1.5367004719349333,7.6373,6.100599528065066,3.9699340499215885
ecearth6,ssp245_2cal,mid,ssp245,catbond_limit_in_force_usd,9464500000.0,9464500000.0,0.0,0.0
ecearth6,ssp245_2cal,mid,ssp245,catbond_issue_volume_year_usd,9464500000.0,9464500000.0,0.0,0.0
ecearth6,ssp245_2cal,mid,ssp245,year_id,5000.5,5000.5,0.0,0.0
ecearth6,ssp245cal,near,ssp245,policy_severity,,,,
ecearth6,ssp245cal,near,ssp245,total_damage_usd,4607603880.672565,53446581460.958015,48838977580.285446,10.599647635759107
ecearth6,ssp245cal,near,ssp245,wind_total_usd,3867540072.178868,45071226080.165215,41203686007.98634,10.653719221782568
ecearth6,ssp245cal,near,ssp245,water_total_usd,740063808.493698,8375355380.792803,7635291572.299105,10.317071966861521
ecearth6,ssp245cal,near,ssp245,underinsured_wind_usd,691272895.053678,8078958346.9804735,7387685451.926796,10.687075256079778
ecearth6,ssp245cal,near,ssp245,uninsured_wind_usd,1625548633.2376015,18848816656.28853,17223268023.050926,10.595356958805583
ecearth6,ssp245cal,near,ssp245,nfip_policyholder_shortfall_usd,0.0,0.0,0.0,
ecearth6,ssp245cal,near,ssp245,wind_insured_private_usd,1297445601.6908906,15211749364.194807,13914303762.503916,10.72438316055036
ecearth6,ssp245cal,near,ssp245,wind_insured_citizens_usd,269195137.4933471,2931701712.7014017,2662506575.2080545,9.890619124848998
ecearth6,ssp245cal,near,ssp245,wind_underinsured_usd,691272895.053678,8078958346.9804735,7387685451.926796,10.687075256079778
ecearth6,ssp245cal,near,ssp245,wind_uninsured_usd,1625548633.2376015,18848816656.28853,17223268023.050926,10.595356958805583
ecearth6,ssp245cal,near,ssp245,flood_insured_capped_usd,169745487.05483168,1712209089.936857,1542463602.8820252,9.086919656272064
ecearth6,ssp245cal,near,ssp245,flood_un_derinsured_usd,573365074.7422342,6663146290.855947,6089781216.113712,10.621123407022086
ecearth6,ssp245cal,near,ssp245,wind_insured_private_pct,13.531390582538425,28.29161945616908,14.760228873630655,1.0908138955561584
ecearth6,ssp245cal,near,ssp245,wind_insured_citizens_pct,1.9649469212996429,3.991287116234326,2.026340194934683,1.0312442402232593
ecearth6,ssp245cal,near,ssp245,wind_underinsured_pct,6.913701010110295,14.433751477146766,7.52005046703647,1.0877025859289366
ecearth6,ssp245cal,near,ssp245,wind_uninsured_pct,16.05794175652373,33.66117593090378,17.603234174380052,1.0962322843915242
ecearth6,ssp245cal,near,ssp245,flood_insured_capped_pct,1.2528529116155633,2.50433651848446,1.2514836068688968,0.9989070506729311
ecearth6,ssp245cal,near,ssp245,flood_un_derinsured_pct,5.745579108302944,12.337829501061586,6.592250392758642,1.1473604781165005
ecearth6,ssp245cal,near,ssp245,insured_private_wind_pre_usd,1297445601.6908906,15211749364.194807,13914303762.503916,10.72438316055036
ecearth6,ssp245cal,near,ssp245,insured_citizens_wind_pre_usd,269195137.4933471,2931701712.7014017,2662506575.2080545,9.890619124848998
ecearth6,ssp245cal,near,ssp245,insured_flood_pre_usd,169745487.05483168,1712209089.936857,1542463602.8820252,9.086919656272064
ecearth6,ssp245cal,near,ssp245,defaults_pre,0.9399538106235565,9.0471,8.107146189376444,8.625047420147421
ecearth6,ssp245cal,near,ssp245,defaults_post,0.5877,5.6857,5.098,8.674493789348306
ecearth6,ssp245cal,near,ssp245,rescued_defaults,0.3498343207149312,3.3614,3.011565679285069,8.608548392652125
ecearth6,ssp245cal,near,ssp245,group_contrib_total_usd,108768069.08252837,1718387621.889135,1609619552.8066065,14.798640505287437
ecearth6,ssp245cal,near,ssp245,group_supported_companies,0.35134049603373835,3.4057,3.0543595039662614,8.693445641611888
ecearth6,ssp245cal,near,ssp245,defaulted_premium_base_pct,1.3489134295168255,11.52694185863869,10.178028429121865,7.545353323947251
ecearth6,ssp245cal,near,ssp245,largest_entity_deficit_usd,63606602.88996905,963892419.7054094,900285816.8154404,14.153967920167265
ecearth6,ssp245cal,near,ssp245,diag_group_shortfall_total_usd,762325.0663940797,24403097.226378627,23640772.159984548,31.01140602893882
ecearth6,ssp245cal,near,ssp245,diag_groups_with_shortfall,0.013655989557184457,0.2104,0.19674401044281556,14.407158823529413
ecearth6,ssp245cal,near,ssp245,diag_groups_fully_funded_share,0.9997423398196756,0.9960301886792453,-0.003712151140430331,-0.0037131078604712236
ecearth6,ssp245cal,near,ssp245,figa_residual_deficit_usd,235323962.93526787,3895776976.5360556,3660453013.6007876,15.554952279159487
ecearth6,ssp245cal,near,ssp245,figa_collected_usd,15309357.636876557,116981436.70869385,101672079.0718173,6.641172117301234
ecearth6,ssp245cal,near,ssp245,citizens_residual_deficit_usd,158924209.4804154,2116266772.430279,1957342562.9498637,12.31620134747986
ecearth6,ssp245cal,near,ssp245,citizens_tier1_usd,34666587.13267403,224465659.98375997,189799072.85108593,5.474985816304833
ecearth6,ssp245cal,near,ssp245,citizens_tier2_usd,15583302.454381777,116259820.74774045,100676518.29335867,6.460538039871647
ecearth6,ssp245cal,near,ssp245,citizens_tier1_capacity_usd,539937478.65,539937478.65,0.0,0.0
ecearth6,ssp245cal,near,ssp245,citizens_tier2_capacity_usd,359958319.09999996,359958319.09999996,0.0,0.0
ecearth6,ssp245cal,near,ssp245,nfip_borrowed_usd,82537450.30434902,990878224.7708936,908340774.4665445,11.005195473292718
ecearth6,ssp245cal,near,ssp245,nfip_claims_paid_usd,169745487.05483168,1712209089.936857,1542463602.8820252,9.086919656272064
ecearth6,ssp245cal,near,ssp245,nfip_pool_used_usd,86868240.03771245,721330865.1659636,634462625.1282512,7.303735229962175
ecearth6,ssp245cal,near,ssp245,nfip_fl_premium_base_usd,1395853723.0,1395853723.0,0.0,0.0
ecearth6,ssp245cal,near,ssp245,nfip_fl_premium_depletion_usd,58398687.68345095,420569609.81502634,362170922.1315754,6.201696245208735
ecearth6,ssp245cal,near,ssp245,underinsured_flood_usd,0.0,0.0,0.0,
ecearth6,ssp245cal,near,ssp245,fhcf_total_precap_usd,296115945.23676974,3730685757.153652,3434569811.9168825,11.598733088049864
ecearth6,ssp245cal,near,ssp245,fhcf_total_postcap_usd,231652821.7288704,2541288845.8091617,2309636024.0802913,9.970247747655414
ecearth6,ssp245cal,near,ssp245,fhcf_shortfall_usd,64463123.50789937,1189396911.3444903,1124933787.836591,17.45081104701265
ecearth6,ssp245cal,near,ssp245,fhcf_scaling_factor,0.9978907064975763,0.967447602065721,-0.030443104431855272,-0.03050745360552089
ecearth6,ssp245cal,near,ssp245,fhcf_recovery_private_usd,192340755.66754037,2155702626.397375,1963361870.7298348,10.207726718738133
ecearth6,ssp245cal,near,ssp245,fhcf_recovery_citizens_usd,39312066.061330035,385586219.41178685,346274153.35045683,8.808342782346795
ecearth6,ssp245cal,near,ssp245,catbond_payout_usd,201520093.46559817,1084618413.841249,883098320.3756509,4.382184948353084
ecearth6,ssp245cal,near,ssp245,catbond_unfilled_usd,0.0,0.0,0.0,
ecearth6,ssp245cal,near,ssp245,catbond_triggers,1.5367004719349333,7.3366,5.799899528065066,3.7742550575013065
ecearth6,ssp245cal,near,ssp245,catbond_limit_in_force_usd,9464500000.0,9464500000.0,0.0,0.0
ecearth6,ssp245cal,near,ssp245,catbond_issue_volume_year_usd,9464500000.0,9464500000.0,0.0,0.0
ecearth6,ssp245cal,near,ssp245,year_id,5000.5,5000.5,0.0,0.0
ecearth6,ssp585_2cal,mid,ssp585,policy_severity,,,,
ecearth6,ssp585_2cal,mid,ssp585,total_damage_usd,4607603880.672565,184878524019.4969,180270920138.8243,39.12465672125235
ecearth6,ssp585_2cal,mid,ssp585,wind_total_usd,3867540072.178868,156380452092.2239,152512912020.04504,39.4340870873313
ecearth6,ssp585_2cal,mid,ssp585,water_total_usd,740063808.493698,28498071927.272995,27758008118.779297,37.50758758934186
ecearth6,ssp585_2cal,mid,ssp585,underinsured_wind_usd,691272895.053678,28017435028.14989,27326162133.096214,39.53020916721219
ecearth6,ssp585_2cal,mid,ssp585,uninsured_wind_usd,1625548633.2376015,65729528089.970375,64103979456.73277,39.43528858257352
ecearth6,ssp585_2cal,mid,ssp585,nfip_policyholder_shortfall_usd,0.0,0.0,0.0,
ecearth6,ssp585_2cal,mid,ssp585,wind_insured_private_usd,1297445601.6908906,52636785326.73225,51339339725.04136,39.56955086065541
ecearth6,ssp585_2cal,mid,ssp585,wind_insured_citizens_usd,269195137.4933471,9996703647.371397,9727508509.87805,36.13552830284112
ecearth6,ssp585_2cal,mid,ssp585,wind_underinsured_usd,691272895.053678,28017435028.14989,27326162133.096214,39.53020916721219
ecearth6,ssp585_2cal,mid,ssp585,wind_uninsured_usd,1625548633.2376015,65729528089.970375,64103979456.73277,39.43528858257352
ecearth6,ssp585_2cal,mid,ssp585,flood_insured_capped_usd,169745487.05483168,5668526847.440857,5498781360.386025,32.39427130460201
ecearth6,ssp585_2cal,mid,ssp585,flood_un_derinsured_usd,573365074.7422342,22829545079.832138,22256180005.089905,38.816769603721575
ecearth6,ssp585_2cal,mid,ssp585,wind_insured_private_pct,13.531390582538425,28.971630459107143,15.440239876568718,1.1410682281607898
ecearth6,ssp585_2cal,mid,ssp585,wind_insured_citizens_pct,1.9649469212996429,4.429307886387938,2.4643609650882947,1.2541615950920102
ecearth6,ssp585_2cal,mid,ssp585,wind_underinsured_pct,6.913701010110295,14.934237338942475,8.02053632883218,1.1600930264562057
ecearth6,ssp585_2cal,mid,ssp585,wind_uninsured_pct,16.05794175652373,34.90009207671982,18.842150320196094,1.1733851452376358
ecearth6,ssp585_2cal,mid,ssp585,flood_insured_capped_pct,1.2528529116155633,2.5642827674546207,1.3114298558390574,1.0467548454255167
ecearth6,ssp585_2cal,mid,ssp585,flood_un_derinsured_pct,5.745579108302944,12.440449471388003,6.69487036308506,1.1652211616772092
ecearth6,ssp585_2cal,mid,ssp585,insured_private_wind_pre_usd,1297445601.6908906,52636785326.73225,51339339725.04136,39.56955086065541
ecearth6,ssp585_2cal,mid,ssp585,insured_citizens_wind_pre_usd,269195137.4933471,9996703647.371397,9727508509.87805,36.13552830284112
ecearth6,ssp585_2cal,mid,ssp585,insured_flood_pre_usd,169745487.05483168,5672423419.213936,5502677932.159104,32.417226682330664
ecearth6,ssp585_2cal,mid,ssp585,defaults_pre,0.9399538106235565,21.5778,20.637846189376443,21.9562343980344
ecearth6,ssp585_2cal,mid,ssp585,defaults_post,0.5877,13.2641,12.6764,21.56950825250978
ecearth6,ssp585_2cal,mid,ssp585,rescued_defaults,0.3498343207149312,8.3137,7.963865679285069,22.76467804247991
ecearth6,ssp585_2cal,mid,ssp585,group_contrib_total_usd,108768069.08252837,7443746477.419247,7334978408.336719,67.43687251422348
ecearth6,ssp585_2cal,mid,ssp585,group_supported_companies,0.35134049603373835,8.5775,8.226159503966262,23.413638896827663
ecearth6,ssp585_2cal,mid,ssp585,defaulted_premium_base_pct,1.3489134295168255,23.472906616570054,22.123993187053227,16.401344002467184
ecearth6,ssp585_2cal,mid,ssp585,largest_entity_deficit_usd,63606602.88996905,3911305054.076402,3847698451.1864333,60.49212308732223
ecearth6,ssp585_2cal,mid,ssp585,diag_group_shortfall_total_usd,762325.0663940797,175499645.47598955,174737320.40959546,229.21628595545351
ecearth6,ssp585_2cal,mid,ssp585,diag_groups_with_shortfall,0.013655989557184457,0.6247,0.6110440104428155,44.74549485294117
ecearth6,ssp585_2cal,mid,ssp585,diag_groups_fully_funded_share,0.9997423398196756,0.9882132075471698,-0.011529132272505849,-0.011532103636408325
ecearth6,ssp585_2cal,mid,ssp585,figa_residual_deficit_usd,235323962.93526787,16993628377.497206,16758304414.561937,71.21376083221816
ecearth6,ssp585_2cal,mid,ssp585,figa_collected_usd,15309357.636876557,214697446.72938165,199388089.0925051,13.023935675277922
ecearth6,ssp585_2cal,mid,ssp585,citizens_residual_deficit_usd,158924209.4804154,8192316803.831216,8033392594.3508005,50.54857671222693
ecearth6,ssp585_2cal,mid,ssp585,citizens_tier1_usd,34666587.13267403,399914645.4597012,365248058.32702714,10.536025854785478
ecearth6,ssp585_2cal,mid,ssp585,citizens_tier2_usd,15583302.454381777,232205521.13613793,216622218.68175617,13.900918583585948
ecearth6,ssp585_2cal,mid,ssp585,citizens_tier1_capacity_usd,539937478.65,539937478.65,0.0,0.0
ecearth6,ssp585_2cal,mid,ssp585,citizens_tier2_capacity_usd,359958319.09999996,359958319.09999996,0.0,0.0
ecearth6,ssp585_2cal,mid,ssp585,nfip_borrowed_usd,82537450.30434902,4024821961.976133,3942284511.671784,47.76358485917585
ecearth6,ssp585_2cal,mid,ssp585,nfip_claims_paid_usd,169745487.05483168,5668526847.440857,5498781360.386025,32.39427130460201
ecearth6,ssp585_2cal,mid,ssp585,nfip_pool_used_usd,86868240.03771245,1643704885.4647245,1556836645.427012,17.921816359478864
ecearth6,ssp585_2cal,mid,ssp585,nfip_fl_premium_base_usd,1395853723.0,1395853723.0,0.0,0.0
ecearth6,ssp585_2cal,mid,ssp585,nfip_fl_premium_depletion_usd,58398687.68345095,837105023.8660342,778706336.1825832,13.33431224351388
ecearth6,ssp585_2cal,mid,ssp585,underinsured_flood_usd,0.0,0.0,0.0,
ecearth6,ssp585_2cal,mid,ssp585,fhcf_total_precap_usd,296115945.23676974,12980551715.425066,12684435770.188295,42.83604437459798
ecearth6,ssp585_2cal,mid,ssp585,fhcf_total_postcap_usd,231652821.7288704,6739070270.65053,6507417448.921659,28.091250520306758
ecearth6,ssp585_2cal,mid,ssp585,fhcf_shortfall_usd,64463123.50789937,6241481444.774536,6177018321.266637,95.82251037695528
ecearth6,ssp585_2cal,mid,ssp585,fhcf_scaling_factor,0.9978907064975763,0.8632786027424576,-0.13461210375511867,-0.1348966403621333
ecearth6,ssp585_2cal,mid,ssp585,fhcf_recovery_private_usd,192340755.66754037,5697492772.830907,5505152017.163366,28.62186954635336
ecearth6,ssp585_2cal,mid,ssp585,fhcf_recovery_citizens_usd,39312066.061330035,1041577497.8196226,1002265431.7582926,25.495109572584575
ecearth6,ssp585_2cal,mid,ssp585,catbond_payout_usd,201520093.46559817,1770982578.3788297,1569462484.9132316,7.7881190799524775
ecearth6,ssp585_2cal,mid,ssp585,catbond_unfilled_usd,0.0,0.0,0.0,
ecearth6,ssp585_2cal,mid,ssp585,catbond_triggers,1.5367004719349333,10.959,9.422299528065066,6.131513395190799
ecearth6,ssp585_2cal,mid,ssp585,catbond_limit_in_force_usd,9464500000.0,9464500000.0,0.0,0.0
ecearth6,ssp585_2cal,mid,ssp585,catbond_issue_volume_year_usd,9464500000.0,9464500000.0,0.0,0.0
ecearth6,ssp585_2cal,mid,ssp585,year_id,5000.5,5000.5,0.0,0.0
ecearth6,ssp585cal,near,ssp585,policy_severity,,,,
ecearth6,ssp585cal,near,ssp585,total_damage_usd,4607603880.672565,72127576362.40935,67519972481.736786,14.65403151624245
ecearth6,ssp585cal,near,ssp585,wind_total_usd,3867540072.178868,60813379752.44792,56945839680.26905,14.724046452655706
ecearth6,ssp585cal,near,ssp585,water_total_usd,740063808.493698,11314196609.961435,10574132801.467737,14.288136617557324
ecearth6,ssp585cal,near,ssp585,underinsured_wind_usd,691272895.053678,10978394187.030546,10287121291.976868,14.881418562170099
ecearth6,ssp585cal,near,ssp585,uninsured_wind_usd,1625548633.2376015,25419752355.361908,23794203722.124306,14.637644937594665
ecearth6,ssp585cal,near,ssp585,nfip_policyholder_shortfall_usd,0.0,0.0,0.0,
ecearth6,ssp585cal,near,ssp585,wind_insured_private_usd,1297445601.6908906,20525433618.207214,19227988016.516323,14.819879917475944
ecearth6,ssp585cal,near,ssp585,wind_insured_citizens_usd,269195137.4933471,3889799591.84825,3620604454.3549027,13.449739427200399
ecearth6,ssp585cal,near,ssp585,wind_underinsured_usd,691272895.053678,10978394187.030546,10287121291.976868,14.881418562170099
ecearth6,ssp585cal,near,ssp585,wind_uninsured_usd,1625548633.2376015,25419752355.361908,23794203722.124306,14.637644937594665
ecearth6,ssp585cal,near,ssp585,flood_insured_capped_usd,169745487.05483168,2252994063.721445,2083248576.6666133,12.272777396395089
ecearth6,ssp585cal,near,ssp585,flood_un_derinsured_usd,573365074.7422342,9061202546.239988,8487837471.497754,14.803548115157872
ecearth6,ssp585cal,near,ssp585,wind_insured_private_pct,13.531390582538425,28.669822096758043,15.138431514219619,1.1187639157911087
ecearth6,ssp585cal,near,ssp585,wind_insured_citizens_pct,1.9649469212996429,4.235106824684365,2.270159903384722,1.155328868569746
ecearth6,ssp585cal,near,ssp585,wind_underinsured_pct,6.913701010110295,14.721988714117412,7.808287704007117,1.129393315185111
ecearth6,ssp585cal,near,ssp585,wind_uninsured_pct,16.05794175652373,34.25057295339451,18.19263119687078,1.132936678480591
ecearth6,ssp585cal,near,ssp585,flood_insured_capped_pct,1.2528529116155633,2.5961898673198536,1.3433369557042902,1.0722223999719545
ecearth6,ssp585cal,near,ssp585,flood_un_derinsured_pct,5.745579108302944,12.286319543725813,6.54074043542287,1.1383953318075175
ecearth6,ssp585cal,near,ssp585,insured_private_wind_pre_usd,1297445601.6908906,20525433618.207214,19227988016.516323,14.819879917475944
ecearth6,ssp585cal,near,ssp585,insured_citizens_wind_pre_usd,269195137.4933471,3889799591.84825,3620604454.3549027,13.449739427200399
ecearth6,ssp585cal,near,ssp585,insured_flood_pre_usd,169745487.05483168,2252994063.721445,2083248576.6666133,12.272777396395089
ecearth6,ssp585cal,near,ssp585,defaults_pre,0.9399538106235565,11.4586,10.518646189376444,11.190599017199018
ecearth6,ssp585cal,near,ssp585,defaults_post,0.5877,7.1483,6.5606,11.16317849242811
ecearth6,ssp585cal,near,ssp585,rescued_defaults,0.3498343207149312,4.3103,3.9604656792850688,11.320975229621126
ecearth6,ssp585cal,near,ssp585,group_contrib_total_usd,108768069.08252837,2450773617.501497,2342005548.418968,21.53210559104399
ecearth6,ssp585cal,near,ssp585,group_supported_companies,0.35134049603373835,4.3772,4.025859503966262,11.458569534152616
ecearth6,ssp585cal,near,ssp585,defaulted_premium_base_pct,1.3489134295168255,14.224070115877845,12.87515668636102,9.544835424296162
ecearth6,ssp585cal,near,ssp585,largest_entity_deficit_usd,63606602.88996905,1355280416.5266361,1291673813.636667,20.307228415752537
ecearth6,ssp585cal,near,ssp585,diag_group_shortfall_total_usd,762325.0663940797,38401806.390978195,37639481.32458411,49.37458176814901
ecearth6,ssp585cal,near,ssp585,diag_groups_with_shortfall,0.013655989557184457,0.2727,0.25904401044281555,18.96925955882353
ecearth6,ssp585cal,near,ssp585,diag_groups_fully_funded_share,0.9997423398196756,0.9948547169811321,-0.004887622838543493,-0.004888882508892319
ecearth6,ssp585cal,near,ssp585,figa_residual_deficit_usd,235323962.93526787,5567969061.745722,5332645098.810454,22.66086730945178
ecearth6,ssp585cal,near,ssp585,figa_collected_usd,15309357.636876557,142601732.4469444,127292374.81006783,8.31467771733617
ecearth6,ssp585cal,near,ssp585,citizens_residual_deficit_usd,158924209.4804154,2875451709.5173154,2716527500.0369,17.093226443713498
ecearth6,ssp585cal,near,ssp585,citizens_tier1_usd,34666587.13267403,279419440.2622115,244752853.12953746,7.060194653509819
ecearth6,ssp585cal,near,ssp585,citizens_tier2_usd,15583302.454381777,142702647.64540777,127119345.19102599,8.157407299457379
ecearth6,ssp585cal,near,ssp585,citizens_tier1_capacity_usd,539937478.65,539937478.65,0.0,0.0
ecearth6,ssp585cal,near,ssp585,citizens_tier2_capacity_usd,359958319.09999996,359958319.09999996,0.0,0.0
ecearth6,ssp585cal,near,ssp585,nfip_borrowed_usd,82537450.30434902,1333422929.3272347,1250885479.0228858,15.15536855585391
ecearth6,ssp585cal,near,ssp585,nfip_claims_paid_usd,169745487.05483168,2252994063.721445,2083248576.6666133,12.272777396395089
ecearth6,ssp585cal,near,ssp585,nfip_pool_used_usd,86868240.03771245,919571134.3942101,832702894.3564976,9.585815183949773
ecearth6,ssp585cal,near,ssp585,nfip_fl_premium_base_usd,1395853723.0,1395853723.0,0.0,0.0
ecearth6,ssp585cal,near,ssp585,nfip_fl_premium_depletion_usd,58398687.68345095,528907089.1798509,470508401.49639994,8.056831757021362
ecearth6,ssp585cal,near,ssp585,underinsured_flood_usd,0.0,0.0,0.0,
ecearth6,ssp585cal,near,ssp585,fhcf_total_precap_usd,296115945.23676974,4966593069.520525,4670477124.283755,15.772460751984545
ecearth6,ssp585cal,near,ssp585,fhcf_total_postcap_usd,231652821.7288704,3169176904.1515636,2937524082.4226933,12.680717897150467
ecearth6,ssp585cal,near,ssp585,fhcf_shortfall_usd,64463123.50789937,1797416165.3689613,1732953041.861062,26.882858719197877
ecearth6,ssp585cal,near,ssp585,fhcf_scaling_factor,0.9978907064975763,0.953173930711524,-0.044716775786052265,-0.044811295961458955
ecearth6,ssp585cal,near,ssp585,fhcf_recovery_private_usd,192340755.66754037,2681888539.311807,2489547783.6442666,12.94342311905768
ecearth6,ssp585cal,near,ssp585,fhcf_recovery_citizens_usd,39312066.061330035,487288364.839757,447976298.778427,11.395389346353543
ecearth6,ssp585cal,near,ssp585,catbond_payout_usd,201520093.46559817,1275354285.5695958,1073834192.1039977,5.328670573921274
ecearth6,ssp585cal,near,ssp585,catbond_unfilled_usd,0.0,0.0,0.0,
ecearth6,ssp585cal,near,ssp585,catbond_triggers,1.5367004719349333,8.4361,6.899399528065066,4.489749078672242
ecearth6,ssp585cal,near,ssp585,catbond_limit_in_force_usd,9464500000.0,9464500000.0,0.0,0.0
ecearth6,ssp585cal,near,ssp585,catbond_issue_volume_year_usd,9464500000.0,9464500000.0,0.0,0.0
ecearth6,ssp585cal,near,ssp585,year_id,5000.5,5000.5,0.0,0.0
ipsl6,ssp245_2cal,mid,ssp245,policy_severity,,,,
ipsl6,ssp245_2cal,mid,ssp245,total_damage_usd,1782140309.959675,47341379659.77397,45559239349.81429,25.564339179806314
ipsl6,ssp245_2cal,mid,ssp245,wind_total_usd,1505023504.8251002,40021820140.87576,38516796636.05066,25.59215621056146
ipsl6,ssp245_2cal,mid,ssp245,water_total_usd,277116805.1345747,7319559518.898217,7042442713.763642,25.41326467134918
ipsl6,ssp245_2cal,mid,ssp245,underinsured_wind_usd,272423646.9726611,7163329441.537237,6890905794.564576,25.294815156982718
ipsl6,ssp245_2cal,mid,ssp245,uninsured_wind_usd,625837584.1594278,16877740412.04085,16251902827.881422,25.968243581455095
ipsl6,ssp245_2cal,mid,ssp245,nfip_policyholder_shortfall_usd,0.0,0.0,0.0,
ipsl6,ssp245_2cal,mid,ssp245,wind_insured_private_usd,508331276.7564862,13546812645.362225,13038481368.605738,25.649575315924864
ipsl6,ssp245_2cal,mid,ssp245,wind_insured_citizens_usd,103717080.49587065,2433937641.935449,2330220561.4395785,22.46708594475288
ipsl6,ssp245_2cal,mid,ssp245,wind_underinsured_usd,272423646.9726611,7163329441.537237,6890905794.564576,25.294815156982718
ipsl6,ssp245_2cal,mid,ssp245,wind_uninsured_usd,625837584.1594278,16877740412.04085,16251902827.881422,25.968243581455095
ipsl6,ssp245_2cal,mid,ssp245,flood_insured_capped_usd,58061755.666188054,1318537957.0544262,1260476201.3882382,21.709233331403887
ipsl6,ssp245_2cal,mid,ssp245,flood_un_derinsured_usd,220028364.89033443,6001021561.843791,5780993196.953457,26.27385428162771
ipsl6,ssp245_2cal,mid,ssp245,wind_insured_private_pct,12.72968227433915,26.89640199033424,14.166719715995091,1.1128887124349334
ipsl6,ssp245_2cal,mid,ssp245,wind_insured_citizens_pct,1.8062031510434604,3.9454830332176827,2.1392798821742223,1.1844071254877062
ipsl6,ssp245_2cal,mid,ssp245,wind_underinsured_pct,6.493661603237167,13.898393524080026,7.404731920842859,1.1403014775441196
ipsl6,ssp245_2cal,mid,ssp245,wind_uninsured_pct,15.21849474355127,32.528366609098285,17.309871865547017,1.1374233889249759
ipsl6,ssp245_2cal,mid,ssp245,flood_insured_capped_pct,1.1124068831411853,2.3966305351936423,1.284223652052457,1.1544549674361058
ipsl6,ssp245_2cal,mid,ssp245,flood_un_derinsured_pct,5.5798423632527445,11.674724308076122,6.094881944823378,1.0923036078873012
ipsl6,ssp245_2cal,mid,ssp245,insured_private_wind_pre_usd,508331276.7564862,13546812645.362225,13038481368.605738,25.649575315924864
ipsl6,ssp245_2cal,mid,ssp245,insured_citizens_wind_pre_usd,103717080.49587065,2433937641.935449,2330220561.4395785,22.46708594475288
ipsl6,ssp245_2cal,mid,ssp245,insured_flood_pre_usd,58061755.666188054,1318537957.0544262,1260476201.3882382,21.709233331403887
ipsl6,ssp245_2cal,mid,ssp245,defaults_pre,0.4476668339187155,8.0807,7.633033166081285,17.05070062766196
ipsl6,ssp245_2cal,mid,ssp245,defaults_post,0.2836,5.0425,4.758900000000001,16.780324400564176
ipsl6,ssp245_2cal,mid,ssp245,rescued_defaults,0.1630707476166583,3.0382,2.8751292523833416,17.631177230769232
ipsl6,ssp245_2cal,mid,ssp245,group_contrib_total_usd,27100142.804980285,1513374572.0661097,1486274429.2611294,54.84378587805787
ipsl6,ssp245_2cal,mid,ssp245,group_supported_companies,0.163371801304566,3.0735,2.910128198695434,17.812916154791154
ipsl6,ssp245_2cal,mid,ssp245,defaulted_premium_base_pct,0.6756197663125554,10.178379230385609,9.502759464073053,14.065247847821084
ipsl6,ssp245_2cal,mid,ssp245,largest_entity_deficit_usd,20192069.698272046,858013359.3007424,837821289.6024704,41.492591008348576
ipsl6,ssp245_2cal,mid,ssp245,diag_group_shortfall_total_usd,110483.02001001853,19315504.14375091,19205021.123740893,173.82780740424542
ipsl6,ssp245_2cal,mid,ssp245,diag_groups_with_shortfall,0.006522829904666332,0.1885,0.18197717009533368,27.898500000000002
ipsl6,ssp245_2cal,mid,ssp245,diag_groups_fully_funded_share,0.9998769277376478,0.9964433962264151,-0.0034335315112327125,-0.0034339541357370114
ipsl6,ssp245_2cal,mid,ssp245,figa_residual_deficit_usd,61749126.36181975,3468089756.565545,3406340630.2037253,55.16419147769365
ipsl6,ssp245_2cal,mid,ssp245,figa_collected_usd,7394342.453384066,102515703.75857387,95121361.3051898,12.864073026758035
ipsl6,ssp245_2cal,mid,ssp245,citizens_residual_deficit_usd,50796884.884742945,1715530614.3044832,1664733729.4197402,32.77235864358584
ipsl6,ssp245_2cal,mid,ssp245,citizens_tier1_usd,18135128.76359098,207608280.82317954,189473152.05958855,10.447852592035884
ipsl6,ssp245_2cal,mid,ssp245,citizens_tier2_usd,8188027.251058928,106733545.53785923,98545518.28680031,12.035318797217704
ipsl6,ssp245_2cal,mid,ssp245,citizens_tier1_capacity_usd,539937478.6499999,539937478.65,1.1920928955078125e-07,2.2078350598821e-16
ipsl6,ssp245_2cal,mid,ssp245,citizens_tier2_capacity_usd,359958319.09999996,359958319.09999996,0.0,0.0
ipsl6,ssp245_2cal,mid,ssp245,nfip_borrowed_usd,14866622.283040473,655995106.728273,641128484.4452325,43.12536312815442
ipsl6,ssp245_2cal,mid,ssp245,nfip_claims_paid_usd,58061755.666188054,1318537957.0544262,1260476201.3882382,21.709233331403887
ipsl6,ssp245_2cal,mid,ssp245,nfip_pool_used_usd,43142917.44938878,662542850.3261532,619399932.8767644,14.356932017946775
ipsl6,ssp245_2cal,mid,ssp245,nfip_fl_premium_base_usd,1395853723.0,1395853723.0,0.0,0.0
ipsl6,ssp245_2cal,mid,ssp245,nfip_fl_premium_depletion_usd,30639928.3266539,386536065.53435403,355896137.20770013,11.615436348723552
ipsl6,ssp245_2cal,mid,ssp245,underinsured_flood_usd,0.0,0.0,0.0,
ipsl6,ssp245_2cal,mid,ssp245,fhcf_total_precap_usd,89361095.39670403,3399734596.434724,3310373501.0380197,37.04490736536023
ipsl6,ssp245_2cal,mid,ssp245,fhcf_total_postcap_usd,87657945.6544832,2227044121.2841454,2139386175.629662,24.40607248614256
ipsl6,ssp245_2cal,mid,ssp245,fhcf_shortfall_usd,1703149.7422208227,1172690475.1505785,1170987325.4083576,687.5422027668855
ipsl6,ssp245_2cal,mid,ssp245,fhcf_scaling_factor,0.9999191497016975,0.9700385389686189,-0.029880610733078572,-0.0298830267847083
ipsl6,ssp245_2cal,mid,ssp245,fhcf_recovery_private_usd,73589285.79506704,1906916919.2033582,1833327633.408291,24.91296951180882
ipsl6,ssp245_2cal,mid,ssp245,fhcf_recovery_citizens_usd,14068659.859416153,320127202.0807872,306058542.22137105,21.754633723447803
ipsl6,ssp245_2cal,mid,ssp245,catbond_payout_usd,122705694.19064938,982806001.4252183,860100307.234569,7.009457164214567
ipsl6,ssp245_2cal,mid,ssp245,catbond_unfilled_usd,0.0,0.0,0.0,
ipsl6,ssp245_2cal,mid,ssp245,catbond_triggers,0.9900652282990466,6.6763,5.686234771700954,5.743293077234949
ipsl6,ssp245_2cal,mid,ssp245,catbond_limit_in_force_usd,9464500000.0,9464500000.0,0.0,0.0
ipsl6,ssp245_2cal,mid,ssp245,catbond_issue_volume_year_usd,9464500000.0,9464500000.0,0.0,0.0
ipsl6,ssp245_2cal,mid,ssp245,year_id,5000.5,5000.5,0.0,0.0
ipsl6,ssp245cal,near,ssp245,policy_severity,,,,
ipsl6,ssp245cal,near,ssp245,total_damage_usd,1782140309.959675,30910330181.537575,29128189871.5779,16.344498639524623
ipsl6,ssp245cal,near,ssp245,wind_total_usd,1505023504.8251002,25958052007.220856,24453028502.395756,16.247605717784094
ipsl6,ssp245cal,near,ssp245,water_total_usd,277116805.1345747,4952278174.316722,4675161369.182147,16.870724844391066
ipsl6,ssp245cal,near,ssp245,underinsured_wind_usd,272423646.9726611,4644340659.857184,4371917012.884523,16.048228784350957
ipsl6,ssp245cal,near,ssp245,uninsured_wind_usd,625837584.1594278,10791426368.784475,10165588784.625048,16.243174014994015
ipsl6,ssp245cal,near,ssp245,nfip_policyholder_shortfall_usd,0.0,0.0,0.0,
ipsl6,ssp245cal,near,ssp245,wind_insured_private_usd,508331276.7564862,8880955748.131166,8372624471.3746805,16.470803301339156
ipsl6,ssp245cal,near,ssp245,wind_insured_citizens_usd,103717080.49587065,1641329230.4480329,1537612149.9521623,14.825062011009654
ipsl6,ssp245cal,near,ssp245,wind_underinsured_usd,272423646.9726611,4644340659.857184,4371917012.884523,16.048228784350957
ipsl6,ssp245cal,near,ssp245,wind_uninsured_usd,625837584.1594278,10791426368.784475,10165588784.625048,16.243174014994015
ipsl6,ssp245cal,near,ssp245,flood_insured_capped_usd,58061755.666188054,943142746.7049915,885080991.0388035,15.243786221818048
ipsl6,ssp245cal,near,ssp245,flood_un_derinsured_usd,220028364.89033443,4009135427.6117306,3789107062.721396,17.220993596029977
ipsl6,ssp245cal,near,ssp245,wind_insured_private_pct,12.72968227433915,26.10389146640393,13.37420919206478,1.050631814984486
ipsl6,ssp245cal,near,ssp245,wind_insured_citizens_pct,1.8062031510434604,3.5598961285083774,1.753692977464917,0.9709278695764606
ipsl6,ssp245cal,near,ssp245,wind_underinsured_pct,6.493661603237167,13.222748566430987,6.7290869631938195,1.0362546394224315
ipsl6,ssp245cal,near,ssp245,wind_uninsured_pct,15.21849474355127,31.071558144770712,15.853063401219442,1.0416972025395
ipsl6,ssp245cal,near,ssp245,flood_insured_capped_pct,1.1124068831411853,2.1692005816972184,1.0567936985560331,0.9500064361089594
ipsl6,ssp245cal,near,ssp245,flood_un_derinsured_pct,5.5798423632527445,11.30270511218877,5.722862748936025,1.0256316175928504
ipsl6,ssp245cal,near,ssp245,insured_private_wind_pre_usd,508331276.7564862,8880955748.131166,8372624471.3746805,16.470803301339156
ipsl6,ssp245cal,near,ssp245,insured_citizens_wind_pre_usd,103717080.49587065,1641329230.4480329,1537612149.9521623,14.825062011009654
ipsl6,ssp245cal,near,ssp245,insured_flood_pre_usd,58061755.666188054,943142746.7049915,885080991.0388035,15.243786221818048
ipsl6,ssp245cal,near,ssp245,defaults_pre,0.4476668339187155,5.4231,4.9754331660812845,11.114142905178213
ipsl6,ssp245cal,near,ssp245,defaults_post,0.2836,3.3897,3.1061,10.952397743300423
ipsl6,ssp245cal,near,ssp245,rescued_defaults,0.1630707476166583,2.0334,1.8703292523833417,11.469434461538462
ipsl6,ssp245cal,near,ssp245,group_contrib_total_usd,27100142.804980285,960695131.2268296,933594988.4218494,34.449818037500506
ipsl6,ssp245cal,near,ssp245,group_supported_companies,0.163371801304566,2.0604,1.897028198695434,11.611723587223587
ipsl6,ssp245cal,near,ssp245,defaulted_premium_base_pct,0.6756197663125554,7.008902418477778,6.333282652165222,9.374033987684305
ipsl6,ssp245cal,near,ssp245,largest_entity_deficit_usd,20192069.698272046,544321566.414823,524129496.716551,25.95719530234208
ipsl6,ssp245cal,near,ssp245,diag_group_shortfall_total_usd,110483.02001001853,11276077.399195526,11165594.379185507,101.06163262167361
ipsl6,ssp245cal,near,ssp245,diag_groups_with_shortfall,0.006522829904666332,0.1181,0.11157717009533366,17.10563846153846
ipsl6,ssp245cal,near,ssp245,diag_groups_fully_funded_share,0.9998769277376478,0.9977716981132077,-0.0021052296244401525,-0.002105488751704182
ipsl6,ssp245cal,near,ssp245,figa_residual_deficit_usd,61749126.36181975,2173428518.7692437,2111679392.407424,34.197720952908924
ipsl6,ssp245cal,near,ssp245,figa_collected_usd,7394342.453384066,72411913.37734494,65017570.92396087,8.792880683285798
ipsl6,ssp245cal,near,ssp245,citizens_residual_deficit_usd,50796884.884742945,1130291804.517559,1079494919.632816,21.251203141337648
ipsl6,ssp245cal,near,ssp245,citizens_tier1_usd,18135128.76359098,150248181.9312615,132113053.16767053,7.284925014312968
ipsl6,ssp245cal,near,ssp245,citizens_tier2_usd,8188027.251058928,72844940.33690603,64656913.0858471,7.896519039733931
ipsl6,ssp245cal,near,ssp245,citizens_tier1_capacity_usd,539937478.6499999,539937478.65,1.1920928955078125e-07,2.2078350598821e-16
ipsl6,ssp245cal,near,ssp245,citizens_tier2_capacity_usd,359958319.09999996,359958319.09999996,0.0,0.0
ipsl6,ssp245cal,near,ssp245,nfip_borrowed_usd,14866622.283040473,492906015.45371044,478039393.17067,32.155212130196325
ipsl6,ssp245cal,near,ssp245,nfip_claims_paid_usd,58061755.666188054,943142746.7049915,885080991.0388035,15.243786221818048
ipsl6,ssp245cal,near,ssp245,nfip_pool_used_usd,43142917.44938878,450236731.2512811,407093813.8018923,9.435936136666152
ipsl6,ssp245cal,near,ssp245,nfip_fl_premium_base_usd,1395853723.0,1395853723.0,0.0,0.0
ipsl6,ssp245cal,near,ssp245,nfip_fl_premium_depletion_usd,30639928.3266539,264097446.68257558,233457518.3559217,7.619388526860073
ipsl6,ssp245cal,near,ssp245,underinsured_flood_usd,0.0,0.0,0.0,
ipsl6,ssp245cal,near,ssp245,fhcf_total_precap_usd,89361095.39670403,2171331358.5496244,2081970263.1529205,23.298396846081086
ipsl6,ssp245cal,near,ssp245,fhcf_total_postcap_usd,87657945.6544832,1487517558.697418,1399859613.042935,15.969569017287826
ipsl6,ssp245cal,near,ssp245,fhcf_shortfall_usd,1703149.7422208227,683813799.8522059,682110650.109985,400.49951757063155
ipsl6,ssp245cal,near,ssp245,fhcf_scaling_factor,0.9999191497016975,0.981306774094347,-0.018612375607350518,-0.01861388054514516
ipsl6,ssp245cal,near,ssp245,fhcf_recovery_private_usd,73589285.79506704,1265669643.121016,1192080357.325949,16.19910214437573
ipsl6,ssp245cal,near,ssp245,fhcf_recovery_citizens_usd,14068659.859416153,221847915.576402,207779255.71698585,14.768944433461387
ipsl6,ssp245cal,near,ssp245,catbond_payout_usd,122705694.19064938,757268059.4308356,634562365.2401862,5.171417426270852
ipsl6,ssp245cal,near,ssp245,catbond_unfilled_usd,0.0,0.0,0.0,
ipsl6,ssp245cal,near,ssp245,catbond_triggers,0.9900652282990466,5.2978,4.307734771700953,4.350960571660247
ipsl6,ssp245cal,near,ssp245,catbond_limit_in_force_usd,9464500000.0,9464500000.0,0.0,0.0
ipsl6,ssp245cal,near,ssp245,catbond_issue_volume_year_usd,9464500000.0,9464500000.0,0.0,0.0
ipsl6,ssp245cal,near,ssp245,year_id,5000.5,5000.5,0.0,0.0
ipsl6,ssp585_2cal,mid,ssp585,policy_severity,,,,
ipsl6,ssp585_2cal,mid,ssp585,total_damage_usd,1782140309.959675,74189363701.9058,72407223391.94614,40.62936177768434
ipsl6,ssp585_2cal,mid,ssp585,wind_total_usd,1505023504.8251002,62691617750.17745,61186594245.35235,40.654909407851996
ipsl6,ssp585_2cal,mid,ssp585,water_total_usd,277116805.1345747,11497745951.728365,11220629146.59379,40.490612401311346
ipsl6,ssp585_2cal,mid,ssp585,underinsured_wind_usd,272423646.9726611,11277047214.10823,11004623567.135569,40.395258228959584
ipsl6,ssp585_2cal,mid,ssp585,uninsured_wind_usd,625837584.1594278,26435345229.91111,25809507645.751682,41.239945153528666
ipsl6,ssp585_2cal,mid,ssp585,nfip_policyholder_shortfall_usd,0.0,0.0,0.0,
ipsl6,ssp585_2cal,mid,ssp585,wind_insured_private_usd,508331276.7564862,21232825392.793293,20724494116.036808,40.76966156454856
ipsl6,ssp585_2cal,mid,ssp585,wind_insured_citizens_usd,103717080.49587065,3746399913.364821,3642682832.8689504,35.12133985504903
ipsl6,ssp585_2cal,mid,ssp585,wind_underinsured_usd,272423646.9726611,11277047214.10823,11004623567.135569,40.395258228959584
ipsl6,ssp585_2cal,mid,ssp585,wind_uninsured_usd,625837584.1594278,26435345229.91111,25809507645.751682,41.239945153528666
ipsl6,ssp585_2cal,mid,ssp585,flood_insured_capped_usd,58061755.666188054,2162401171.770114,2104339416.103926,36.24312410052348
ipsl6,ssp585_2cal,mid,ssp585,flood_un_derinsured_usd,220028364.89033443,9335344779.95825,9115316415.067915,41.42791507636359
ipsl6,ssp585_2cal,mid,ssp585,wind_insured_private_pct,12.72968227433915,27.868647293965168,15.138965019626019,1.1892649551940169
ipsl6,ssp585_2cal,mid,ssp585,wind_insured_citizens_pct,1.8062031510434604,3.7590845983734353,1.952881447329975,1.0812080834881597
ipsl6,ssp585_2cal,mid,ssp585,wind_underinsured_pct,6.493661603237167,14.348322006307438,7.8546604030702705,1.2095888087476916
ipsl6,ssp585_2cal,mid,ssp585,wind_uninsured_pct,15.21849474355127,33.561927622659496,18.343432879108228,1.2053381880544478
ipsl6,ssp585_2cal,mid,ssp585,flood_insured_capped_pct,1.1124068831411853,2.3599780847507748,1.2475712016095895,1.1215061867351366
ipsl6,ssp585_2cal,mid,ssp585,flood_un_derinsured_pct,5.5798423632527445,12.142040393943692,6.562198030690947,1.1760543763579627
ipsl6,ssp585_2cal,mid,ssp585,insured_private_wind_pre_usd,508331276.7564862,21232825392.793293,20724494116.036808,40.76966156454856
ipsl6,ssp585_2cal,mid,ssp585,insured_citizens_wind_pre_usd,103717080.49587065,3746399913.364821,3642682832.8689504,35.12133985504903
ipsl6,ssp585_2cal,mid,ssp585,insured_flood_pre_usd,58061755.666188054,2162401171.770114,2104339416.103926,36.24312410052348
ipsl6,ssp585_2cal,mid,ssp585,defaults_pre,0.4476668339187155,11.0374,10.589733166081285,23.655389150414706
ipsl6,ssp585_2cal,mid,ssp585,defaults_post,0.2836,6.8581,6.5745000000000005,23.182299012693935
ipsl6,ssp585_2cal,mid,ssp585,rescued_defaults,0.1630707476166583,4.1793,4.016229252383341,24.628753538461535
ipsl6,ssp585_2cal,mid,ssp585,group_contrib_total_usd,27100142.804980285,2642209301.925288,2615109159.120308,96.49798445489078
ipsl6,ssp585_2cal,mid,ssp585,group_supported_companies,0.163371801304566,4.2586,4.095228198695434,25.066921990171988
ipsl6,ssp585_2cal,mid,ssp585,defaulted_premium_base_pct,0.6756197663125554,13.404428390248288,12.728808623935732,18.84019571157296
ipsl6,ssp585_2cal,mid,ssp585,largest_entity_deficit_usd,20192069.698272046,1447697639.5386355,1427505569.8403635,70.69634718834808
ipsl6,ssp585_2cal,mid,ssp585,diag_group_shortfall_total_usd,110483.02001001853,46558298.50277699,46447815.48276697,420.40682340648465
ipsl6,ssp585_2cal,mid,ssp585,diag_groups_with_shortfall,0.006522829904666332,0.2679,0.2613771700953337,40.07113076923077
ipsl6,ssp585_2cal,mid,ssp585,diag_groups_fully_funded_share,0.9998769277376478,0.9949452830188679,-0.004931644718779937,-0.004932251742160335
ipsl6,ssp585_2cal,mid,ssp585,figa_residual_deficit_usd,61749126.36181975,6027780155.318931,5966031028.95711,96.61725404824482
ipsl6,ssp585_2cal,mid,ssp585,figa_collected_usd,7394342.453384066,133936098.55621369,126541756.10282962,17.113321015436203
ipsl6,ssp585_2cal,mid,ssp585,citizens_residual_deficit_usd,50796884.884742945,2834673752.8344274,2783876867.9496846,54.80408639754666
ipsl6,ssp585_2cal,mid,ssp585,citizens_tier1_usd,18135128.76359098,256383410.0255874,238248281.26199642,13.137391212811014
ipsl6,ssp585_2cal,mid,ssp585,citizens_tier2_usd,8188027.251058928,132422291.35689026,124234264.10583134,15.172673502004354
ipsl6,ssp585_2cal,mid,ssp585,citizens_tier1_capacity_usd,539937478.6499999,539937478.65,1.1920928955078125e-07,2.2078350598821e-16
ipsl6,ssp585_2cal,mid,ssp585,citizens_tier2_capacity_usd,359958319.09999996,359958319.09999996,0.0,0.0
ipsl6,ssp585_2cal,mid,ssp585,nfip_borrowed_usd,14866622.283040473,1319029657.3994145,1304163035.116374,87.72423286788792
ipsl6,ssp585_2cal,mid,ssp585,nfip_claims_paid_usd,58061755.666188054,2162401171.770114,2104339416.103926,36.24312410052348
ipsl6,ssp585_2cal,mid,ssp585,nfip_pool_used_usd,43142917.44938878,843371514.3706996,800228596.9213109,18.54831903429025
ipsl6,ssp585_2cal,mid,ssp585,nfip_fl_premium_base_usd,1395853723.0,1395853723.0,0.0,0.0
ipsl6,ssp585_2cal,mid,ssp585,nfip_fl_premium_depletion_usd,30639928.3266539,478757279.2744939,448117350.94784,14.625274125005683
ipsl6,ssp585_2cal,mid,ssp585,underinsured_flood_usd,0.0,0.0,0.0,
ipsl6,ssp585_2cal,mid,ssp585,fhcf_total_precap_usd,89361095.39670403,5214263933.901504,5124902838.5048,57.350492580172926
ipsl6,ssp585_2cal,mid,ssp585,fhcf_total_postcap_usd,87657945.6544832,3073450101.5177546,2985792155.863271,34.06185410313189
ipsl6,ssp585_2cal,mid,ssp585,fhcf_shortfall_usd,1703149.7422208227,2140813832.3837485,2139110682.6415277,1255.973347271411
ipsl6,ssp585_2cal,mid,ssp585,fhcf_scaling_factor,0.9999191497016975,0.9485536799427388,-0.051365469758958726,-0.05136962300830263
ipsl6,ssp585_2cal,mid,ssp585,fhcf_recovery_private_usd,73589285.79506704,2643333171.183634,2569743885.388567,34.92008187910456
ipsl6,ssp585_2cal,mid,ssp585,fhcf_recovery_citizens_usd,14068659.859416153,430116930.334121,416048270.47470486,29.57270092760426
ipsl6,ssp585_2cal,mid,ssp585,catbond_payout_usd,122705694.19064938,1202060964.9651368,1079355270.7744875,8.796293260013506
ipsl6,ssp585_2cal,mid,ssp585,catbond_unfilled_usd,0.0,0.0,0.0,
ipsl6,ssp585_2cal,mid,ssp585,catbond_triggers,0.9900652282990466,7.9222,6.932134771700953,7.001695013176566
ipsl6,ssp585_2cal,mid,ssp585,catbond_limit_in_force_usd,9464500000.0,9464500000.0,0.0,0.0
ipsl6,ssp585_2cal,mid,ssp585,catbond_issue_volume_year_usd,9464500000.0,9464500000.0,0.0,0.0
ipsl6,ssp585_2cal,mid,ssp585,year_id,5000.5,5000.5,0.0,0.0
ipsl6,ssp585cal,near,ssp585,policy_severity,,,,
ipsl6,ssp585cal,near,ssp585,total_damage_usd,1782140309.959675,36548888412.56193,34766748102.60225,19.50842361193711
ipsl6,ssp585cal,near,ssp585,wind_total_usd,1505023504.8251002,31044497937.94586,29539474433.12076,19.627251227915917
ipsl6,ssp585cal,near,ssp585,water_total_usd,277116805.1345747,5504390474.616062,5227273669.481487,18.863069913580286
ipsl6,ssp585cal,near,ssp585,underinsured_wind_usd,272423646.9726611,5592400592.904933,5319976945.932272,19.528322908275857
ipsl6,ssp585cal,near,ssp585,uninsured_wind_usd,625837584.1594278,13079355513.122463,12453517928.963036,19.898961398570446
ipsl6,ssp585cal,near,ssp585,nfip_policyholder_shortfall_usd,0.0,0.0,0.0,
ipsl6,ssp585cal,near,ssp585,wind_insured_private_usd,508331276.7564862,10403577872.412727,9895246595.65624,19.466137631339404
ipsl6,ssp585cal,near,ssp585,wind_insured_citizens_usd,103717080.49587065,1969163959.5057359,1865446879.0098653,17.98591774943121
ipsl6,ssp585cal,near,ssp585,wind_underinsured_usd,272423646.9726611,5592400592.904933,5319976945.932272,19.528322908275857
ipsl6,ssp585cal,near,ssp585,wind_uninsured_usd,625837584.1594278,13079355513.122463,12453517928.963036,19.898961398570446
ipsl6,ssp585cal,near,ssp585,flood_insured_capped_usd,58061755.666188054,1065541161.2599441,1007479405.5937561,17.351859137467596
ipsl6,ssp585cal,near,ssp585,flood_un_derinsured_usd,220028364.89033443,4438849313.356117,4218820948.4657826,19.173986729249698
ipsl6,ssp585cal,near,ssp585,wind_insured_private_pct,12.72968227433915,26.52013326695257,13.79045099261342,1.0833303373496288
ipsl6,ssp585cal,near,ssp585,wind_insured_citizens_pct,1.8062031510434604,3.602104772071477,1.7959016210280168,0.9942965828569769
ipsl6,ssp585cal,near,ssp585,wind_underinsured_pct,6.493661603237167,13.553611325220135,7.059949721982968,1.0872062871991204
ipsl6,ssp585cal,near,ssp585,wind_uninsured_pct,15.21849474355127,31.607402412715544,16.388907669164276,1.0769072727188713
ipsl6,ssp585cal,near,ssp585,flood_insured_capped_pct,1.1124068831411853,2.3524681125336624,1.240061229392477,1.1147550848398429
ipsl6,ssp585cal,near,ssp585,flood_un_derinsured_pct,5.5798423632527445,11.604280110506618,6.024437747253874,1.079678843067164
ipsl6,ssp585cal,near,ssp585,insured_private_wind_pre_usd,508331276.7564862,10403577872.412727,9895246595.65624,19.466137631339404
ipsl6,ssp585cal,near,ssp585,insured_citizens_wind_pre_usd,103717080.49587065,1969163959.5057359,1865446879.0098653,17.98591774943121
ipsl6,ssp585cal,near,ssp585,insured_flood_pre_usd,58061755.666188054,1065541161.2599441,1007479405.5937561,17.351859137467596
ipsl6,ssp585cal,near,ssp585,defaults_pre,0.4476668339187155,6.5229,6.075233166081285,13.57088063214526
ipsl6,ssp585cal,near,ssp585,defaults_post,0.2836,4.1013,3.8177000000000003,13.461565585331453
ipsl6,ssp585cal,near,ssp585,rescued_defaults,0.1630707476166583,2.4216,2.258529252383342,13.84999630769231
ipsl6,ssp585cal,near,ssp585,group_contrib_total_usd,27100142.804980285,1107839669.592223,1080739526.7872427,39.879477188165644
ipsl6,ssp585cal,near,ssp585,group_supported_companies,0.163371801304566,2.4445,2.281128198695434,13.962802518427518
ipsl6,ssp585cal,near,ssp585,defaulted_premium_base_pct,0.6756197663125554,8.405509345764687,7.729889579452131,11.441183288110205
ipsl6,ssp585cal,near,ssp585,largest_entity_deficit_usd,20192069.698272046,642782634.3010869,622590564.6028149,30.83341994684644
ipsl6,ssp585cal,near,ssp585,diag_group_shortfall_total_usd,110483.02001001853,12528844.091054635,12418361.071044616,112.40063015944466
ipsl6,ssp585cal,near,ssp585,diag_groups_with_shortfall,0.006522829904666332,0.1438,0.1372771700953337,21.045646153846157
ipsl6,ssp585cal,near,ssp585,diag_groups_fully_funded_share,0.9998769277376478,0.9972867924528303,-0.002590135284817552,-0.0025904540978638957
ipsl6,ssp585cal,near,ssp585,figa_residual_deficit_usd,61749126.36181975,2548249259.2013803,2486500132.8395605,40.26777833697408
ipsl6,ssp585cal,near,ssp585,figa_collected_usd,7394342.453384066,85206733.1613574,77812390.70797333,10.523233296067051
ipsl6,ssp585cal,near,ssp585,citizens_residual_deficit_usd,50796884.884742945,1374980719.1858394,1324183834.3010964,26.06820944445002
ipsl6,ssp585cal,near,ssp585,citizens_tier1_usd,18135128.76359098,168211708.1561149,150076579.3925239,8.275462575916494
ipsl6,ssp585cal,near,ssp585,citizens_tier2_usd,8188027.251058928,85286545.9085608,77098518.65750188,9.416006602509903
ipsl6,ssp585cal,near,ssp585,citizens_tier1_capacity_usd,539937478.6499999,539937478.65,1.1920928955078125e-07,2.2078350598821e-16
ipsl6,ssp585cal,near,ssp585,citizens_tier2_capacity_usd,359958319.09999996,359958319.09999996,0.0,0.0
ipsl6,ssp585cal,near,ssp585,nfip_borrowed_usd,14866622.283040473,531557105.32237864,516690483.0393382,34.75506898623285
ipsl6,ssp585cal,near,ssp585,nfip_claims_paid_usd,58061755.666188054,1065541161.2599441,1007479405.5937561,17.351859137467596
ipsl6,ssp585cal,near,ssp585,nfip_pool_used_usd,43142917.44938878,533984055.9375655,490841138.4881767,11.377096578227132
ipsl6,ssp585cal,near,ssp585,nfip_fl_premium_base_usd,1395853723.0,1395853723.0,0.0,0.0
ipsl6,ssp585cal,near,ssp585,nfip_fl_premium_depletion_usd,30639928.3266539,316232338.9429088,285592410.6162549,9.320922933354774
ipsl6,ssp585cal,near,ssp585,underinsured_flood_usd,0.0,0.0,0.0,
ipsl6,ssp585cal,near,ssp585,fhcf_total_precap_usd,89361095.39670403,2579390807.9237123,2490029712.527008,27.86480740273971
ipsl6,ssp585cal,near,ssp585,fhcf_total_postcap_usd,87657945.6544832,1780904689.0447054,1693246743.390222,19.31652322841794
ipsl6,ssp585cal,near,ssp585,fhcf_shortfall_usd,1703149.7422208227,798486118.879007,796782969.1367861,467.82907537996084
ipsl6,ssp585cal,near,ssp585,fhcf_scaling_factor,0.9999191497016975,0.9780037466669008,-0.021915403034796666,-0.021917175044936996
ipsl6,ssp585cal,near,ssp585,fhcf_recovery_private_usd,73589285.79506704,1510426300.2584863,1436837014.4634192,19.52508437797253
ipsl6,ssp585cal,near,ssp585,fhcf_recovery_citizens_usd,14068659.859416153,270478388.7862189,256409728.92680272,18.22559728424934
ipsl6,ssp585cal,near,ssp585,catbond_payout_usd,122705694.19064938,844512159.1138117,721806464.9231623,5.882420287698162
ipsl6,ssp585cal,near,ssp585,catbond_unfilled_usd,0.0,0.0,0.0,
ipsl6,ssp585cal,near,ssp585,catbond_triggers,0.9900652282990466,5.8047,4.814634771700954,4.862947040340564
ipsl6,ssp585cal,near,ssp585,catbond_limit_in_force_usd,9464500000.0,9464500000.0,0.0,0.0
ipsl6,ssp585cal,near,ssp585,catbond_issue_volume_year_usd,9464500000.0,9464500000.0,0.0,0.0
ipsl6,ssp585cal,near,ssp585,year_id,5000.5,5000.5,0.0,0.0
miroc6,ssp245_2cal,mid,ssp245,policy_severity,,,,
miroc6,ssp245_2cal,mid,ssp245,total_damage_usd,7993216014.208818,12222565577.579012,4229349563.3701935,0.5291173860248567
miroc6,ssp245_2cal,mid,ssp245,wind_total_usd,6714659986.043478,10356495125.742893,3641835139.699415,0.5423707450964046
miroc6,ssp245_2cal,mid,ssp245,water_total_usd,1278556028.165341,1866070451.8361187,587514423.6707778,0.4595140226383582
miroc6,ssp245_2cal,mid,ssp245,underinsured_wind_usd,1221069960.4000843,1827332862.3921714,606262901.9920871,0.49650136491233043
miroc6,ssp245_2cal,mid,ssp245,uninsured_wind_usd,2870377872.979169,4349293206.562226,1478915333.5830574,0.5152336727178325
miroc6,ssp245_2cal,mid,ssp245,nfip_policyholder_shortfall_usd,0.0,0.0,0.0,
miroc6,ssp245_2cal,mid,ssp245,wind_insured_private_usd,2289690533.4049416,3551371946.6547947,1261681413.2498531,0.5510270470366309
miroc6,ssp245_2cal,mid,ssp245,wind_insured_citizens_usd,429552358.48558825,628497110.1337013,198944751.64811307,0.4631443588146142
miroc6,ssp245_2cal,mid,ssp245,wind_underinsured_usd,1221069960.4000843,1827332862.3921714,606262901.9920871,0.49650136491233043
miroc6,ssp245_2cal,mid,ssp245,wind_uninsured_usd,2870377872.979169,4349293206.562226,1478915333.5830574,0.5152336727178325
miroc6,ssp245_2cal,mid,ssp245,flood_insured_capped_usd,258262322.09539124,332311329.75324786,74049007.65785661,0.2867201342304435
miroc6,ssp245_2cal,mid,ssp245,flood_un_derinsured_usd,1038579171.124348,1533759122.0828707,495179950.9585227,0.47678594441909455
miroc6,ssp245_2cal,mid,ssp245,wind_insured_private_pct,15.937040385360275,19.454816280927318,3.517775895567043,0.2207295589712167
miroc6,ssp245_2cal,mid,ssp245,wind_insured_citizens_pct,2.430517354557508,2.911755836096609,0.4812384815391013,0.19799837291296118
miroc6,ssp245_2cal,mid,ssp245,wind_underinsured_pct,8.266729957102843,10.059304408920207,1.792574451817364,0.21684202352311863
miroc6,ssp245_2cal,mid,ssp245,wind_uninsured_pct,19.3110719359917,23.436147117073876,4.1250751810821775,0.21361192142803434
miroc6,ssp245_2cal,mid,ssp245,flood_insured_capped_pct,1.5226171970742772,1.748059246551759,0.2254420494774818,0.14806219837177115
miroc6,ssp245_2cal,mid,ssp245,flood_un_derinsured_pct,6.888448770887132,8.32991711043023,1.441468339543098,0.20925877327203493
miroc6,ssp245_2cal,mid,ssp245,insured_private_wind_pre_usd,2289690533.4049416,3551371946.6547947,1261681413.2498531,0.5510270470366309
miroc6,ssp245_2cal,mid,ssp245,insured_citizens_wind_pre_usd,429552358.48558825,628497110.1337013,198944751.64811307,0.4631443588146142
miroc6,ssp245_2cal,mid,ssp245,insured_flood_pre_usd,258262322.09539124,332311329.75324786,74049007.65785661,0.2867201342304435
miroc6,ssp245_2cal,mid,ssp245,defaults_pre,1.5012678770666397,2.3604,0.8591321229333602,0.5722710357408282
miroc6,ssp245_2cal,mid,ssp245,defaults_post,0.9297,1.4796,0.5499,0.5914811229428849
miroc6,ssp245_2cal,mid,ssp245,rescued_defaults,0.5582716299827569,0.8808,0.3225283700172431,0.5777265988372092
miroc6,ssp245_2cal,mid,ssp245,group_contrib_total_usd,221500356.61369145,343407556.43240106,121907199.81870961,0.5503702191835399
miroc6,ssp245_2cal,mid,ssp245,group_supported_companies,0.56374885891064,0.8892,0.32545114108936,0.5772980928391509
miroc6,ssp245_2cal,mid,ssp245,defaulted_premium_base_pct,2.0196828685009547,3.2030682839800684,1.1833854154791137,0.5859263520700375
miroc6,ssp245_2cal,mid,ssp245,largest_entity_deficit_usd,129568834.81557602,203332422.60723755,73763587.79166153,0.5693003869075012
miroc6,ssp245_2cal,mid,ssp245,diag_group_shortfall_total_usd,2639603.796600361,4326386.83467587,1686783.038075509,0.6390288725330584
miroc6,ssp245_2cal,mid,ssp245,diag_groups_with_shortfall,0.03002332893802617,0.0474,0.01737667106197383,0.5787722972972972
miroc6,ssp245_2cal,mid,ssp245,diag_groups_fully_funded_share,0.9994335220955091,0.9991056603773585,-0.0003278617181505794,-0.00032804754983918567
miroc6,ssp245_2cal,mid,ssp245,figa_residual_deficit_usd,497504607.30608845,788720619.6302558,291216012.3241674,0.585353397832952
miroc6,ssp245_2cal,mid,ssp245,figa_collected_usd,21593367.23360718,34288372.04614049,12695004.812533312,0.5879122359747228
miroc6,ssp245_2cal,mid,ssp245,citizens_residual_deficit_usd,274146151.49433416,408192815.0655426,134046663.57120842,0.488960588505576
miroc6,ssp245_2cal,mid,ssp245,citizens_tier1_usd,45459224.072730444,73858511.33067985,28399287.257949404,0.6247200174933307
miroc6,ssp245_2cal,mid,ssp245,citizens_tier2_usd,20994041.075251345,33436372.993597984,12442331.91834664,0.59266016836626
miroc6,ssp245_2cal,mid,ssp245,citizens_tier1_capacity_usd,539937478.65,539937478.65,0.0,0.0
miroc6,ssp245_2cal,mid,ssp245,citizens_tier2_capacity_usd,359958319.09999996,359958319.09999996,0.0,0.0
miroc6,ssp245_2cal,mid,ssp245,nfip_borrowed_usd,123956535.82476068,135977546.7748114,12021010.950050712,0.09697762905414689
miroc6,ssp245_2cal,mid,ssp245,nfip_claims_paid_usd,258262322.09539124,332311329.75324786,74049007.65785661,0.2867201342304435
miroc6,ssp245_2cal,mid,ssp245,nfip_pool_used_usd,132533002.86954618,196333782.97843644,63800780.108890265,0.48139541644348116
miroc6,ssp245_2cal,mid,ssp245,nfip_fl_premium_base_usd,1395853723.0,1395853723.0,0.0,0.0
miroc6,ssp245_2cal,mid,ssp245,nfip_fl_premium_depletion_usd,82232723.00235152,127536298.14400648,45303575.14165495,0.5509190683173589
miroc6,ssp245_2cal,mid,ssp245,underinsured_flood_usd,0.0,0.0,0.0,
miroc6,ssp245_2cal,mid,ssp245,fhcf_total_precap_usd,540815116.381655,778495767.8076434,237680651.42598844,0.4394859615171267
miroc6,ssp245_2cal,mid,ssp245,fhcf_total_postcap_usd,390458746.1957731,564480639.2650427,174021893.06926954,0.4456857344463639
miroc6,ssp245_2cal,mid,ssp245,fhcf_shortfall_usd,150356370.18588188,214015128.54260072,63658758.35671884,0.42338584177058197
miroc6,ssp245_2cal,mid,ssp245,fhcf_scaling_factor,0.995844450714118,0.9942211266202107,-0.001623324093907308,-0.0016300980466811112
miroc6,ssp245_2cal,mid,ssp245,fhcf_recovery_private_usd,329391151.65993905,488008136.8155781,158616985.15563905,0.48154598068679766
miroc6,ssp245_2cal,mid,ssp245,fhcf_recovery_citizens_usd,61067594.53583413,76472502.4494646,15404907.91363047,0.2522599429488082
miroc6,ssp245_2cal,mid,ssp245,catbond_payout_usd,268388863.5344402,406538091.2910857,138149227.75664553,0.5147353207482022
miroc6,ssp245_2cal,mid,ssp245,catbond_unfilled_usd,0.0,0.0,0.0,
miroc6,ssp245_2cal,mid,ssp245,catbond_triggers,1.9855969165229739,2.9435,0.9579030834770259,0.4824257509194932
miroc6,ssp245_2cal,mid,ssp245,catbond_limit_in_force_usd,9464500000.0,9464500000.0,0.0,0.0
miroc6,ssp245_2cal,mid,ssp245,catbond_issue_volume_year_usd,9464500000.0,9464500000.0,0.0,0.0
miroc6,ssp245_2cal,mid,ssp245,year_id,5000.5,5000.5,0.0,0.0
miroc6,ssp245cal,near,ssp245,policy_severity,,,,
miroc6,ssp245cal,near,ssp245,total_damage_usd,7993216014.208818,11236013502.967104,3242797488.7582855,0.40569371364340173
miroc6,ssp245cal,near,ssp245,wind_total_usd,6714659986.043478,9486887387.317608,2772227401.27413,0.41286191810698475
miroc6,ssp245cal,near,ssp245,water_total_usd,1278556028.165341,1749126115.6494942,470570087.4841533,0.3680480769852503
miroc6,ssp245cal,near,ssp245,underinsured_wind_usd,1221069960.4000843,1678616554.2200189,457546593.8199346,0.37470956510142894
miroc6,ssp245cal,near,ssp245,uninsured_wind_usd,2870377872.979169,3978231110.6577935,1107853237.6786246,0.38596076429783177
miroc6,ssp245cal,near,ssp245,nfip_policyholder_shortfall_usd,0.0,0.0,0.0,
miroc6,ssp245cal,near,ssp245,wind_insured_private_usd,2289690533.4049416,3241145163.1352124,951454629.7302709,0.4155385262109576
miroc6,ssp245cal,near,ssp245,wind_insured_citizens_usd,429552358.48558825,588894559.3045832,159342200.81899494,0.37094942600423636
miroc6,ssp245cal,near,ssp245,wind_underinsured_usd,1221069960.4000843,1678616554.2200189,457546593.8199346,0.37470956510142894
miroc6,ssp245cal,near,ssp245,wind_uninsured_usd,2870377872.979169,3978231110.6577935,1107853237.6786246,0.38596076429783177
miroc6,ssp245cal,near,ssp245,flood_insured_capped_usd,258262322.09539124,336025191.2063885,77762869.11099723,0.30110032497219974
miroc6,ssp245cal,near,ssp245,flood_un_derinsured_usd,1038579171.124348,1413100924.443106,374521753.3187579,0.36060972887922166
miroc6,ssp245cal,near,ssp245,wind_insured_private_pct,15.937040385360275,18.78589744365033,2.848857058290056,0.1787569705167472
miroc6,ssp245cal,near,ssp245,wind_insured_citizens_pct,2.430517354557508,2.797106561670401,0.36658920711289333,0.15082764433896972
miroc6,ssp245cal,near,ssp245,wind_underinsured_pct,8.266729957102843,9.632641114468925,1.3659111573660816,0.16522992337405185
miroc6,ssp245cal,near,ssp245,wind_uninsured_pct,19.3110719359917,22.68104971548314,3.3699777794914425,0.17451013546330002
miroc6,ssp245cal,near,ssp245,flood_insured_capped_pct,1.5226171970742772,1.681853352785171,0.15923615571089367,0.10458055775073825
miroc6,ssp245cal,near,ssp245,flood_un_derinsured_pct,6.888448770887132,8.071451811942028,1.1830030410548957,0.1717372198592314
miroc6,ssp245cal,near,ssp245,insured_private_wind_pre_usd,2289690533.4049416,3241145163.1352124,951454629.7302709,0.4155385262109576
miroc6,ssp245cal,near,ssp245,insured_citizens_wind_pre_usd,429552358.48558825,588894559.3045832,159342200.81899494,0.37094942600423636
miroc6,ssp245cal,near,ssp245,insured_flood_pre_usd,258262322.09539124,336025191.2063885,77762869.11099723,0.30110032497219974
miroc6,ssp245cal,near,ssp245,defaults_pre,1.5012678770666397,2.0789,0.5776321229333603,0.3847628606175258
miroc6,ssp245cal,near,ssp245,defaults_post,0.9297,1.2923,0.36260000000000003,0.3900182854684307
miroc6,ssp245cal,near,ssp245,rescued_defaults,0.5582716299827569,0.7866,0.22832837001724304,0.40899153343023237
miroc6,ssp245cal,near,ssp245,group_contrib_total_usd,221500356.61369145,321997366.0199379,100497009.40624642,0.453710372943185
miroc6,ssp245cal,near,ssp245,group_supported_companies,0.56374885891064,0.7932,0.22945114108936004,0.40700949982007933
miroc6,ssp245cal,near,ssp245,defaulted_premium_base_pct,2.0196828685009547,2.7779195613398886,0.7582366928389339,0.37542363935666345
miroc6,ssp245cal,near,ssp245,largest_entity_deficit_usd,129568834.81557602,188349265.89250305,58780431.076927036,0.45366180193403105
miroc6,ssp245cal,near,ssp245,diag_group_shortfall_total_usd,2639603.796600361,4043222.2173948074,1403618.4207944465,0.531753448226668
miroc6,ssp245cal,near,ssp245,diag_groups_with_shortfall,0.03002332893802617,0.0424,0.012376671061973831,0.41223513513513516
miroc6,ssp245cal,near,ssp245,diag_groups_fully_funded_share,0.9994335220955091,0.9992,-0.00023352209550908665,-0.00023365445559546733
miroc6,ssp245cal,near,ssp245,figa_residual_deficit_usd,497504607.30608845,733437386.7965598,235932779.49047136,0.4742323508680882
miroc6,ssp245cal,near,ssp245,figa_collected_usd,21593367.23360718,29451719.24909895,7858352.015491769,0.3639243444746912
miroc6,ssp245cal,near,ssp245,citizens_residual_deficit_usd,274146151.49433416,386789092.3343159,112642940.83998173,0.410886456825967
miroc6,ssp245cal,near,ssp245,citizens_tier1_usd,45459224.072730444,65578134.08671687,20118910.013986424,0.44257046670656053
miroc6,ssp245cal,near,ssp245,citizens_tier2_usd,20994041.075251345,29059348.61187046,8065307.536619116,0.384171275444766
miroc6,ssp245cal,near,ssp245,citizens_tier1_capacity_usd,539937478.65,539937478.65,0.0,0.0
miroc6,ssp245cal,near,ssp245,citizens_tier2_capacity_usd,359958319.09999996,359958319.09999996,0.0,0.0
miroc6,ssp245cal,near,ssp245,nfip_borrowed_usd,123956535.82476068,161917220.07231826,37960684.24755758,0.3062418935393871
miroc6,ssp245cal,near,ssp245,nfip_claims_paid_usd,258262322.09539124,336025191.2063885,77762869.11099723,0.30110032497219974
miroc6,ssp245cal,near,ssp245,nfip_pool_used_usd,132533002.86954618,174107971.13407028,41574968.2645241,0.3136952107351468
miroc6,ssp245cal,near,ssp245,nfip_fl_premium_base_usd,1395853723.0,1395853723.0,0.0,0.0
miroc6,ssp245cal,near,ssp245,nfip_fl_premium_depletion_usd,82232723.00235152,112267050.31885493,30034327.316503406,0.36523571420156603
miroc6,ssp245cal,near,ssp245,underinsured_flood_usd,0.0,0.0,0.0,
miroc6,ssp245cal,near,ssp245,fhcf_total_precap_usd,540815116.381655,716129856.8692522,175314740.48759723,0.32416760400587075
miroc6,ssp245cal,near,ssp245,fhcf_total_postcap_usd,390458746.1957731,507841004.89313537,117382258.69736224,0.3006265318449485
miroc6,ssp245cal,near,ssp245,fhcf_shortfall_usd,150356370.18588188,208288851.97611687,57932481.79023498,0.38530114632731877
miroc6,ssp245cal,near,ssp245,fhcf_scaling_factor,0.995844450714118,0.9941137347058692,-0.0017307160082488116,-0.0017379380956611434
miroc6,ssp245cal,near,ssp245,fhcf_recovery_private_usd,329391151.65993905,434029041.50683403,104637889.84689498,0.3176706153750066
miroc6,ssp245cal,near,ssp245,fhcf_recovery_citizens_usd,61067594.53583413,73811963.38630122,12744368.850467086,0.2086928255048389
miroc6,ssp245cal,near,ssp245,catbond_payout_usd,268388863.5344402,377439591.38119894,109050727.84675875,0.4063161429675533
miroc6,ssp245cal,near,ssp245,catbond_unfilled_usd,0.0,0.0,0.0,
miroc6,ssp245cal,near,ssp245,catbond_triggers,1.9855969165229739,2.7588,0.773203083477026,0.38940586432366164
miroc6,ssp245cal,near,ssp245,catbond_limit_in_force_usd,9464500000.0,9464500000.0,0.0,0.0
miroc6,ssp245cal,near,ssp245,catbond_issue_volume_year_usd,9464500000.0,9464500000.0,0.0,0.0
miroc6,ssp245cal,near,ssp245,year_id,5000.5,5000.5,0.0,0.0
miroc6,ssp585_2cal,mid,ssp585,policy_severity,,,,
miroc6,ssp585_2cal,mid,ssp585,total_damage_usd,7993216014.208818,29077988188.636387,21084772174.427567,2.6378333998414494
miroc6,ssp585_2cal,mid,ssp585,wind_total_usd,6714659986.043478,24542551619.50784,17827891633.464363,2.655069902350961
miroc6,ssp585_2cal,mid,ssp585,water_total_usd,1278556028.165341,4535436569.128551,3256880540.9632096,2.5473115524210996
miroc6,ssp585_2cal,mid,ssp585,underinsured_wind_usd,1221069960.4000843,4363243211.490887,3142173251.090802,2.5732950223927116
miroc6,ssp585_2cal,mid,ssp585,uninsured_wind_usd,2870377872.979169,10315728452.762144,7445350579.782975,2.5938572931010775
miroc6,ssp585_2cal,mid,ssp585,nfip_policyholder_shortfall_usd,0.0,0.0,0.0,
miroc6,ssp585_2cal,mid,ssp585,wind_insured_private_usd,2289690533.4049416,8404853602.056966,6115163068.652024,2.6707378047103676
miroc6,ssp585_2cal,mid,ssp585,wind_insured_citizens_usd,429552358.48558825,1458726353.1978397,1029173994.7122514,2.3959221137573636
miroc6,ssp585_2cal,mid,ssp585,wind_underinsured_usd,1221069960.4000843,4363243211.490887,3142173251.090802,2.5732950223927116
miroc6,ssp585_2cal,mid,ssp585,wind_uninsured_usd,2870377872.979169,10315728452.762144,7445350579.782975,2.5938572931010775
miroc6,ssp585_2cal,mid,ssp585,flood_insured_capped_usd,258262322.09539124,820881351.8915725,562619029.7961812,2.1784789404486706
miroc6,ssp585_2cal,mid,ssp585,flood_un_derinsured_usd,1038579171.124348,3714555217.236978,2675976046.11263,2.576573958454861
miroc6,ssp585_2cal,mid,ssp585,wind_insured_private_pct,15.937040385360275,23.318831711845018,7.381791326484743,0.4631845780641704
miroc6,ssp585_2cal,mid,ssp585,wind_insured_citizens_pct,2.430517354557508,3.285699638197305,0.8551822836397971,0.3518519553198125
miroc6,ssp585_2cal,mid,ssp585,wind_underinsured_pct,8.266729957102843,11.800206684205213,3.5334767271023697,0.42743342838559484
miroc6,ssp585_2cal,mid,ssp585,wind_uninsured_pct,19.3110719359917,27.85183624304448,8.540764307052783,0.4422729269178801
miroc6,ssp585_2cal,mid,ssp585,flood_insured_capped_pct,1.5226171970742772,1.998236248711761,0.47561905163748386,0.3123694205946118
miroc6,ssp585_2cal,mid,ssp585,flood_un_derinsured_pct,6.888448770887132,10.055189473996224,3.1667407031090917,0.4597175370589657
miroc6,ssp585_2cal,mid,ssp585,insured_private_wind_pre_usd,2289690533.4049416,8404853602.056966,6115163068.652024,2.6707378047103676
miroc6,ssp585_2cal,mid,ssp585,insured_citizens_wind_pre_usd,429552358.48558825,1458726353.1978397,1029173994.7122514,2.3959221137573636
miroc6,ssp585_2cal,mid,ssp585,insured_flood_pre_usd,258262322.09539124,820881351.8915725,562619029.7961812,2.1784789404486706
miroc6,ssp585_2cal,mid,ssp585,defaults_pre,1.5012678770666397,4.84,3.33873212293336,2.22394162556584
miroc6,ssp585_2cal,mid,ssp585,defaults_post,0.9297,3.0192,2.0895,2.247499193288158
miroc6,ssp585_2cal,mid,ssp585,rescued_defaults,0.5582716299827569,1.8208,1.2625283700172432,2.26149476744186
miroc6,ssp585_2cal,mid,ssp585,group_contrib_total_usd,221500356.61369145,967746378.3853207,746246021.7716292,3.369051107547978
miroc6,ssp585_2cal,mid,ssp585,group_supported_companies,0.56374885891064,1.8507,1.28695114108936,2.28284478229579
miroc6,ssp585_2cal,mid,ssp585,defaulted_premium_base_pct,2.0196828685009547,6.244253106801809,4.2245702383008545,2.0916997931642642
miroc6,ssp585_2cal,mid,ssp585,largest_entity_deficit_usd,129568834.81557602,544311268.5745106,414742433.75893456,3.200942837444399
miroc6,ssp585_2cal,mid,ssp585,diag_group_shortfall_total_usd,2639603.796600361,14205951.861665316,11566348.065064956,4.381850063998871
miroc6,ssp585_2cal,mid,ssp585,diag_groups_with_shortfall,0.03002332893802617,0.1083,0.07827667106197382,2.607194932432432
miroc6,ssp585_2cal,mid,ssp585,diag_groups_fully_funded_share,0.9994335220955091,0.9979566037735849,-0.0014769183219242032,-0.0014777554377279174
miroc6,ssp585_2cal,mid,ssp585,figa_residual_deficit_usd,497504607.30608845,2203705004.4709516,1706200397.164863,3.429516776545403
miroc6,ssp585_2cal,mid,ssp585,figa_collected_usd,21593367.23360718,64988459.87993104,43395092.64632386,2.0096491749922736
miroc6,ssp585_2cal,mid,ssp585,citizens_residual_deficit_usd,274146151.49433416,1052800015.2268904,778653863.7325563,2.8402874141702075
miroc6,ssp585_2cal,mid,ssp585,citizens_tier1_usd,45459224.072730444,128216738.20257366,82757514.1298432,1.8204779297913012
miroc6,ssp585_2cal,mid,ssp585,citizens_tier2_usd,20994041.075251345,60953063.514254525,39959022.439003184,1.9033506839285246
miroc6,ssp585_2cal,mid,ssp585,citizens_tier1_capacity_usd,539937478.65,539937478.65,0.0,0.0
miroc6,ssp585_2cal,mid,ssp585,citizens_tier2_capacity_usd,359958319.09999996,359958319.09999996,0.0,0.0
miroc6,ssp585_2cal,mid,ssp585,nfip_borrowed_usd,123956535.82476068,449753141.0029006,325796605.1781399,2.628313247142722
miroc6,ssp585_2cal,mid,ssp585,nfip_claims_paid_usd,258262322.09539124,820881351.8915725,562619029.7961812,2.1784789404486706
miroc6,ssp585_2cal,mid,ssp585,nfip_pool_used_usd,132533002.86954618,371128210.8886719,238595208.0191257,1.800270142931703
miroc6,ssp585_2cal,mid,ssp585,nfip_fl_premium_base_usd,1395853723.0,1395853723.0,0.0,0.0
miroc6,ssp585_2cal,mid,ssp585,nfip_fl_premium_depletion_usd,82232723.00235152,225291625.5832631,143058902.58091158,1.7396833931526343
miroc6,ssp585_2cal,mid,ssp585,underinsured_flood_usd,0.0,0.0,0.0,
miroc6,ssp585_2cal,mid,ssp585,fhcf_total_precap_usd,540815116.381655,1980984360.0956688,1440169243.7140138,2.662960409371549
miroc6,ssp585_2cal,mid,ssp585,fhcf_total_postcap_usd,390458746.1957731,1195745470.6938896,805286724.4981165,2.0624117972615514
miroc6,ssp585_2cal,mid,ssp585,fhcf_shortfall_usd,150356370.18588188,785238889.4017793,634882519.2158974,4.222518263981818
miroc6,ssp585_2cal,mid,ssp585,fhcf_scaling_factor,0.995844450714118,0.9813130950036862,-0.014531355710431737,-0.0145919934584275
miroc6,ssp585_2cal,mid,ssp585,fhcf_recovery_private_usd,329391151.65993905,1031981786.6103047,702590634.9503657,2.132997900549906
miroc6,ssp585_2cal,mid,ssp585,fhcf_recovery_citizens_usd,61067594.53583413,163763684.0835849,102696089.54775077,1.6816789711192777
miroc6,ssp585_2cal,mid,ssp585,catbond_payout_usd,268388863.5344402,660254487.6078572,391865624.07341707,1.4600666320982878
miroc6,ssp585_2cal,mid,ssp585,catbond_unfilled_usd,0.0,0.0,0.0,
miroc6,ssp585_2cal,mid,ssp585,catbond_triggers,1.9855969165229739,4.5688,2.5832030834770263,1.3009705353494077
miroc6,ssp585_2cal,mid,ssp585,catbond_limit_in_force_usd,9464500000.0,9464500000.0,0.0,0.0
miroc6,ssp585_2cal,mid,ssp585,catbond_issue_volume_year_usd,9464500000.0,9464500000.0,0.0,0.0
miroc6,ssp585_2cal,mid,ssp585,year_id,5000.5,5000.5,0.0,0.0
miroc6,ssp585cal,near,ssp585,policy_severity,,,,
miroc6,ssp585cal,near,ssp585,total_damage_usd,7993216014.208818,9647124619.006042,1653908604.797224,0.206914038336662
miroc6,ssp585cal,near,ssp585,wind_total_usd,6714659986.043478,8192587669.361117,1477927683.3176394,0.22010461980048646
miroc6,ssp585cal,near,ssp585,water_total_usd,1278556028.165341,1454536949.6449234,175980921.47958255,0.13764036741675348
miroc6,ssp585cal,near,ssp585,underinsured_wind_usd,1221069960.4000843,1469625455.7242937,248555495.32420945,0.20355549099149906
miroc6,ssp585cal,near,ssp585,uninsured_wind_usd,2870377872.979169,3415755946.8476186,545378073.8684497,0.19000218716931547
miroc6,ssp585cal,near,ssp585,nfip_policyholder_shortfall_usd,0.0,0.0,0.0,
miroc6,ssp585cal,near,ssp585,wind_insured_private_usd,2289690533.4049416,2827622220.557054,537931687.1521125,0.23493641577500332
miroc6,ssp585cal,near,ssp585,wind_insured_citizens_usd,429552358.48558825,479584046.23215234,50031687.74656409,0.11647401476959342
miroc6,ssp585cal,near,ssp585,wind_underinsured_usd,1221069960.4000843,1469625455.7242937,248555495.32420945,0.20355549099149906
miroc6,ssp585cal,near,ssp585,wind_uninsured_usd,2870377872.979169,3415755946.8476186,545378073.8684497,0.19000218716931547
miroc6,ssp585cal,near,ssp585,flood_insured_capped_usd,258262322.09539124,258423176.906721,160854.8113297522,0.0006228349920525349
miroc6,ssp585cal,near,ssp585,flood_un_derinsured_usd,1038579171.124348,1196113772.7382023,157534601.6138543,0.15168280473342252
miroc6,ssp585cal,near,ssp585,wind_insured_private_pct,15.937040385360275,19.367501956083597,3.430461570723322,0.21525085510070838
miroc6,ssp585cal,near,ssp585,wind_insured_citizens_pct,2.430517354557508,2.7818337119019887,0.35131635734448086,0.14454385881496426
miroc6,ssp585cal,near,ssp585,wind_underinsured_pct,8.266729957102843,10.061572236165723,1.7948422790628804,0.21711635536379617
miroc6,ssp585cal,near,ssp585,wind_uninsured_pct,19.3110719359917,23.309028516596463,3.9979565806047646,0.20702924176639986
miroc6,ssp585cal,near,ssp585,flood_insured_capped_pct,1.5226171970742772,1.7171569045182637,0.19453970744398652,0.1277666558723994
miroc6,ssp585cal,near,ssp585,flood_un_derinsured_pct,6.888448770887132,8.522906674733967,1.634457903846835,0.2372751773599008
miroc6,ssp585cal,near,ssp585,insured_private_wind_pre_usd,2289690533.4049416,2827622220.557054,537931687.1521125,0.23493641577500332
miroc6,ssp585cal,near,ssp585,insured_citizens_wind_pre_usd,429552358.48558825,479584046.23215234,50031687.74656409,0.11647401476959342
miroc6,ssp585cal,near,ssp585,insured_flood_pre_usd,258262322.09539124,258423176.906721,160854.8113297522,0.0006228349920525349
miroc6,ssp585cal,near,ssp585,defaults_pre,1.5012678770666397,1.9191,0.41783212293336036,0.2783194986825214
miroc6,ssp585cal,near,ssp585,defaults_post,0.9297,1.1905,0.2607999999999999,0.28052059804237917
miroc6,ssp585cal,near,ssp585,rescued_defaults,0.5582716299827569,0.7286,0.1703283700172431,0.3050994549418604
miroc6,ssp585cal,near,ssp585,group_contrib_total_usd,221500356.61369145,262324584.23614708,40824227.62245563,0.18430772864919256
miroc6,ssp585cal,near,ssp585,group_supported_companies,0.56374885891064,0.7331,0.16935114108936,0.30040174523209795
miroc6,ssp585cal,near,ssp585,defaulted_premium_base_pct,2.0196828685009547,2.6630964407764353,0.6434135722754806,0.31857158483155024
miroc6,ssp585cal,near,ssp585,largest_entity_deficit_usd,129568834.81557602,153738094.14476255,24169259.32918653,0.18653605524498426
miroc6,ssp585cal,near,ssp585,diag_group_shortfall_total_usd,2639603.796600361,2134137.4699155088,-505466.32668485213,-0.19149325642577877
miroc6,ssp585cal,near,ssp585,diag_groups_with_shortfall,0.03002332893802617,0.0323,0.0022766710619738333,0.07583006756756765
miroc6,ssp585cal,near,ssp585,diag_groups_fully_funded_share,0.9994335220955091,0.999390566037736,-4.295605777304701e-05,-4.298040522293187e-05
miroc6,ssp585cal,near,ssp585,figa_residual_deficit_usd,497504607.30608845,592426495.3130984,94921888.00700998,0.19079599789235627
miroc6,ssp585cal,near,ssp585,figa_collected_usd,21593367.23360718,29235881.389272444,7642514.1556652635,0.3539287816015427
miroc6,ssp585cal,near,ssp585,citizens_residual_deficit_usd,274146151.49433416,297485700.0885685,23339548.594234347,0.08513542308368575
miroc6,ssp585cal,near,ssp585,citizens_tier1_usd,45459224.072730444,64039391.43780913,18580167.365078688,0.40872161247961875
miroc6,ssp585cal,near,ssp585,citizens_tier2_usd,20994041.075251345,26533854.79891026,5539813.723658916,0.2638755303851187
miroc6,ssp585cal,near,ssp585,citizens_tier1_capacity_usd,539937478.65,539937478.65,0.0,0.0
miroc6,ssp585cal,near,ssp585,citizens_tier2_capacity_usd,359958319.09999996,359958319.09999996,0.0,0.0
miroc6,ssp585cal,near,ssp585,nfip_borrowed_usd,123956535.82476068,99762172.92572452,-24194362.899036154,-0.19518424533289724
miroc6,ssp585cal,near,ssp585,nfip_claims_paid_usd,258262322.09539124,258423176.906721,160854.8113297522,0.0006228349920525349
miroc6,ssp585cal,near,ssp585,nfip_pool_used_usd,132533002.86954618,158661003.98099643,26128001.111450255,0.19714335709399386
miroc6,ssp585cal,near,ssp585,nfip_fl_premium_base_usd,1395853723.0,1395853723.0,0.0,0.0
miroc6,ssp585cal,near,ssp585,nfip_fl_premium_depletion_usd,82232723.00235152,105518909.54616782,23286186.5438163,0.2831742120852596
miroc6,ssp585cal,near,ssp585,underinsured_flood_usd,0.0,0.0,0.0,
miroc6,ssp585cal,near,ssp585,fhcf_total_precap_usd,540815116.381655,636341413.1234267,95526296.7417717,0.17663392506647038
miroc6,ssp585cal,near,ssp585,fhcf_total_postcap_usd,390458746.1957731,427613036.3468227,37154290.151049554,0.09515548188647993
miroc6,ssp585cal,near,ssp585,fhcf_shortfall_usd,150356370.18588188,208728376.77660397,58372006.590722084,0.3882243666733788
miroc6,ssp585cal,near,ssp585,fhcf_scaling_factor,0.995844450714118,0.9944135279461203,-0.0014309227679977221,-0.001436893851215027
miroc6,ssp585cal,near,ssp585,fhcf_recovery_private_usd,329391151.65993905,368911332.8695043,39520181.20956522,0.1199794864264161
miroc6,ssp585cal,near,ssp585,fhcf_recovery_citizens_usd,61067594.53583413,58701703.477318406,-2365891.0585157275,-0.03874216884582601
miroc6,ssp585cal,near,ssp585,catbond_payout_usd,268388863.5344402,376413933.22059375,108025069.68615356,0.402494605266256
miroc6,ssp585cal,near,ssp585,catbond_unfilled_usd,0.0,0.0,0.0,
miroc6,ssp585cal,near,ssp585,catbond_triggers,1.9855969165229739,2.7897,0.804103083477026,0.4049679352268083
miroc6,ssp585cal,near,ssp585,catbond_limit_in_force_usd,9464500000.0,9464500000.0,0.0,0.0
miroc6,ssp585cal,near,ssp585,catbond_issue_volume_year_usd,9464500000.0,9464500000.0,0.0,0.0
miroc6,ssp585cal,near,ssp585,year_id,5000.5,5000.5,0.0,0.0
