pathway_abs,time_category,metric,era5_baseline_abs,delta_median_abs,delta_p10_abs,delta_p90_abs,scaled_median_abs,scaled_p10_abs,scaled_p90_abs,n_models_abs,pathway_rel,era5_baseline_rel,delta_median_rel,delta_p10_rel,delta_p90_rel,scaled_median_rel,scaled_p10_rel,scaled_p90_rel,n_models_rel,diff_median,diff_median_pct
ssp245,mid,catbond_issue_volume_year_usd,9464500000.0,0.0,0.0,0.0,9464500000.0,9464500000.0,9464500000.0,5,ssp245,9464500000.0,0.0,0.0,0.0,9464500000.0,9464500000.0,9464500000.0,5,0.0,0.0
ssp245,mid,catbond_issue_volume_year_usd,9464500000.0,0.0,0.0,0.0,9464500000.0,9464500000.0,9464500000.0,5,ssp585,9464500000.0,0.0,0.0,0.0,9464500000.0,9464500000.0,9464500000.0,5,0.0,0.0
ssp245,mid,catbond_limit_in_force_usd,9464500000.0,0.0,0.0,0.0,9464500000.0,9464500000.0,9464500000.0,5,ssp245,9464500000.0,0.0,0.0,0.0,9464500000.0,9464500000.0,9464500000.0,5,0.0,0.0
ssp245,mid,catbond_limit_in_force_usd,9464500000.0,0.0,0.0,0.0,9464500000.0,9464500000.0,9464500000.0,5,ssp585,9464500000.0,0.0,0.0,0.0,9464500000.0,9464500000.0,9464500000.0,5,0.0,0.0
ssp245,mid,catbond_payout_usd,511945273.42870957,814282566.1327119,181015419.3789248,906484489.8002129,1326227839.5614214,692960692.8076344,1418429763.2289224,5,ssp245,511945273.42870957,2.6943536027186368,0.8206129889998626,6.066346873767169,1891306865.2861307,932054214.4613948,3617582882.4328403,5,-565079025.7247093,-29.877701820704804
ssp245,mid,catbond_payout_usd,511945273.42870957,814282566.1327119,181015419.3789248,906484489.8002129,1326227839.5614214,692960692.8076344,1418429763.2289224,5,ssp585,511945273.42870957,3.242418209825849,1.0105326972683135,8.393023587989095,2171885950.428231,1029282711.4403878,4808714029.075396,5,-845658110.8668094,-38.936580012411376
ssp245,mid,catbond_triggers,3.6528,5.1404,1.2003379850616838,5.9348536255194215,8.793199999999999,4.853137985061684,9.587653625519422,5,ssp245,3.6528,2.24031379385487,0.7049958922491175,5.033949466309605,11.836218226193068,6.228008995207577,22.040810610535726,5,-3.0430182261930696,-25.709379195620052
ssp245,mid,catbond_triggers,3.6528,5.1404,1.2003379850616838,5.9348536255194215,8.793199999999999,4.853137985061684,9.587653625519422,5,ssp585,3.6528,2.6409239485726737,0.8374021349428502,6.65362236598226,13.299566999346263,6.711662518519243,27.95715177846,5,-4.506366999346264,-33.883561769851404
ssp245,mid,citizens_residual_deficit_usd,718277468.2344651,1664733729.4197402,322165496.17911893,2266703543.891604,2383011197.6542053,1040442964.413584,2984981012.126069,5,ssp245,718277468.2344651,8.634406318634854,3.1579192063790464,25.168300277576297,6920176978.491177,2986539680.6813984,18796100471.376755,5,-4537165780.836971,-65.56430268964336
ssp245,mid,citizens_residual_deficit_usd,718277468.2344651,1664733729.4197402,322165496.17911893,2266703543.891604,2383011197.6542053,1040442964.413584,2984981012.126069,5,ssp585,718277468.2344651,12.734626571612381,3.571775470806549,53.10188252341877,9865272801.003553,3283803310.5073576,38860163205.639694,5,-7482261603.349348,-75.84444702419388
ssp245,mid,citizens_tier1_capacity_usd,539937478.65,0.0,-7.152557373046875e-08,7.152557373046876e-08,539937478.65,539937478.6499999,539937478.6500001,5,ssp245,539937478.65,0.0,-1.3247010359292595e-16,1.32470103592926e-16,539937478.65,539937478.6499999,539937478.6500001,5,0.0,0.0
ssp245,mid,citizens_tier1_capacity_usd,539937478.65,0.0,-7.152557373046875e-08,7.152557373046876e-08,539937478.65,539937478.6499999,539937478.6500001,5,ssp585,539937478.65,0.0,0.0,1.32470103592926e-16,539937478.65,539937478.65,539937478.6500001,5,0.0,0.0
ssp245,mid,citizens_tier1_usd,100789599.68242246,187008191.81308025,38121099.336552,200295410.24930862,287797791.4955027,138910699.01897445,301085009.9317311,5,ssp245,100789599.68242246,3.634698997055192,1.1141647634508265,8.663066075881828,467129456.5617177,213085820.1708922,973936561.4929262,5,-179331665.06621498,-38.390142721072756
ssp245,mid,citizens_tier1_usd,100789599.68242246,187008191.81308025,38121099.336552,200295410.24930862,287797791.4955027,138910699.01897445,301085009.9317311,5,ssp585,100789599.68242246,4.458197961800736,1.4428251362140243,12.0968450696008,550129587.5573103,246211367.5731706,1320025771.667773,5,-262331796.06180763,-47.68545484466947
ssp245,mid,citizens_tier2_capacity_usd,359958319.09999996,0.0,0.0,0.0,359958319.09999996,359958319.09999996,359958319.09999996,5,ssp245,359958319.09999996,0.0,0.0,0.0,359958319.09999996,359958319.09999996,359958319.09999996,5,0.0,0.0
ssp245,mid,citizens_tier2_capacity_usd,359958319.09999996,0.0,0.0,0.0,359958319.09999996,359958319.09999996,359958319.09999996,5,ssp585,359958319.09999996,0.0,-9.935257769469449e-17,0.0,359958319.09999996,359958319.0999999,359958319.09999996,5,0.0,0.0
ssp245,mid,citizens_tier2_usd,49554667.266172744,98545518.28680031,18406356.13232754,105814425.32551926,148100185.55297306,67961023.3985003,155369092.591692,5,ssp245,49554667.266172744,4.268426457670688,1.336340457814135,10.01080274988976,261075120.12617207,115776574.00747715,545636666.6042469,5,-112974934.573199,-43.27296086988321
ssp245,mid,citizens_tier2_usd,49554667.266172744,98545518.28680031,18406356.13232754,105814425.32551926,148100185.55297306,67961023.3985003,155369092.591692,5,ssp585,49554667.266172744,5.363000525908557,1.7230681788000435,14.663971534636993,315316373.8758807,134940737.54353917,776222897.4657375,5,-167216188.32290766,-53.03124169147323
ssp245,mid,defaulted_premium_base_pct,4.590575368681856,9.502759464073053,1.8266272215029151,10.632557601048592,14.093334832754909,6.417202590184771,15.223132969730448,5,ssp245,4.590575368681856,4.854867304055447,1.4455824377757858,11.665191572819628,26.877209632897678,11.22663050093445,58.1405164738228,5,-12.783874800142769,-47.563995573764174
ssp245,mid,defaulted_premium_base_pct,4.590575368681856,9.502759464073053,1.8266272215029151,10.632557601048592,14.093334832754909,6.417202590184771,15.223132969730448,5,ssp585,4.590575368681856,6.255411917739236,2.036989104514393,17.86465502793065,33.30651523921453,13.94152737813894,86.59962070989877,5,-19.213180406459617,-57.68595203811159
ssp245,mid,defaults_post,2.1875,4.758900000000001,0.91726,5.47522,6.946400000000001,3.1047599999999997,7.66272,5,ssp245,2.1875,5.64971037388099,1.7345457092367198,13.845019551007216,14.546241442864666,5.981818738955324,32.473480267828286,5,-7.5998414428646655,-52.24608344853645
ssp245,mid,defaults_post,2.1875,4.758900000000001,0.91726,5.47522,6.946400000000001,3.1047599999999997,7.66272,5,ssp585,2.1875,7.481937862032647,2.3000616489303765,22.537182708620275,18.554239073196417,7.218884857035198,51.48758717510685,5,-11.607839073196416,-62.561655195901736
ssp245,mid,defaults_pre,3.4775,7.633033166081285,1.4665532218925885,8.777107713625867,11.110533166081286,4.944053221892588,12.254607713625866,5,ssp245,3.4775,5.726541733120681,1.7265417199502742,14.010881113697915,23.391548876927168,9.481548831127078,52.200339072884496,5,-12.281015710845882,-52.501934675046535
ssp245,mid,defaults_pre,3.4775,7.633033166081285,1.4665532218925885,8.777107713625867,11.110533166081286,4.944053221892588,12.254607713625866,5,ssp585,3.4775,7.617889420521,2.3165009015699383,22.975727249462583,29.968710459861775,11.53313188520946,83.37559151000613,5,-18.85817729378049,-62.926222064302564
ssp245,mid,diag_group_shortfall_total_usd,6174970.940672383,19205021.123740893,4721746.231420105,34171462.193488754,25379992.064413276,10896717.172092488,40346433.13416114,5,ssp245,6174970.940672383,29.074030266192654,6.813817422546164,121.38036888708653,185706262.96264136,48250095.519942135,755695221.5865259,5,-160326270.89822808,-86.3332600314514
ssp245,mid,diag_group_shortfall_total_usd,6174970.940672383,19205021.123740893,4721746.231420105,34171462.193488754,25379992.064413276,10896717.172092488,40346433.13416114,5,ssp585,6174970.940672383,31.04833770494996,10.536964146558159,343.93060842607224,197897554.02492103,71240418.34857579,2129936483.5794406,5,-172517561.96050775,-87.17518658102404
ssp245,mid,diag_groups_fully_funded_share,0.9986226415094339,-0.0034335315112327125,-0.004038988797465693,-0.0006298428113860499,0.9951891099982012,0.9945836527119682,0.9979927986980479,5,ssp245,0.9986226415094339,-0.0034339541357370114,-0.004040419437252049,-0.0006300458582119883,0.995193417159582,0.9945877871781992,0.9979934634502341,5,-4.307161380778801e-06,-0.0004327964098749797
ssp245,mid,diag_groups_fully_funded_share,0.9986226415094339,-0.0034335315112327125,-0.004038988797465693,-0.0006298428113860499,0.9951891099982012,0.9945836527119682,0.9979927986980479,5,ssp585,0.9986226415094339,-0.004932251742160335,-0.009275157110441414,-0.0010788443260969648,0.9936971832460882,0.9893602596153899,0.9975452831387295,5,0.0014919267521129598,0.15013897364983125
ssp245,mid,diag_groups_with_shortfall,0.073,0.18197717009533368,0.03338166900346046,0.21406640626568935,0.25497717009533366,0.10638166900346045,0.28706640626568936,5,ssp245,0.073,8.033962264150944,2.3968764467958925,23.032133823529414,0.6594792452830188,0.24797198061610015,1.7543457691176472,5,-0.40450207518768516,-61.33658914680341
ssp245,mid,diag_groups_with_shortfall,0.073,0.18197717009533368,0.03338166900346046,0.21406640626568935,0.25497717009533366,0.10638166900346045,0.28706640626568936,5,ssp585,0.073,11.773584905660378,3.1027021553655896,42.87574921945701,0.9324716981132075,0.29949725734168803,3.2029296930203617,5,-0.6774945280178739,-72.65577383085595
ssp245,mid,fhcf_recovery_citizens_usd,160490599.41146898,306058542.22137105,48770859.79586318,370247543.0907353,466549141.63284004,209261459.20733216,530738142.5022043,5,ssp245,160490599.41146898,7.813708436259744,2.284616816539539,16.65081028067726,1414517349.9732475,527150121.72342163,2832789122.0440125,5,-947968208.3404075,-67.0170788897242
ssp245,mid,fhcf_recovery_citizens_usd,160490599.41146898,306058542.22137105,48770859.79586318,370247543.0907353,466549141.63284004,209261459.20733216,530738142.5022043,5,ssp585,160490599.41146898,6.848106863452335,3.030845178859924,27.941664385596386,1259547374.760729,646912758.890059,4644865065.2099285,5,-792998233.127889,-62.95898423658194
ssp245,mid,fhcf_recovery_private_usd,805045573.3874182,1833327633.408291,333034444.1598332,2168521821.2214446,2638373206.795709,1138080017.5472512,2973567394.608863,5,ssp245,805045573.3874182,7.068733138279164,2.534430597067934,19.40762749331566,6495697895.816011,2845377706.6145897,16429070176.833143,5,-3857324689.0203023,-59.38275995724601
ssp245,mid,fhcf_recovery_private_usd,805045573.3874182,1833327633.408291,333034444.1598332,2168521821.2214446,2638373206.795709,1138080017.5472512,2973567394.608863,5,ssp585,805045573.3874182,9.407747815328644,2.8670630718489485,32.40079694600408,8378711307.662897,3113162008.0019474,26889163728.992577,5,-5740338100.8671875,-68.51099041468657
ssp245,mid,fhcf_scaling_factor,0.9895177457955809,-0.029880610733078572,-0.04006591419719352,-0.00594987941117464,0.9596371350625024,0.9494518315983874,0.9835678663844063,5,ssp245,0.9895177457955809,-0.0298830267847083,-0.04020138052679084,-0.0059569739904141335,0.9599479604940274,0.9497377663588404,0.9836232143208234,5,-0.0003108254315250525,-0.032379404334073415
ssp245,mid,fhcf_scaling_factor,0.9895177457955809,-0.029880610733078572,-0.04006591419719352,-0.00594987941117464,0.9596371350625024,0.9494518315983874,0.9835678663844063,5,ssp585,0.9895177457955809,-0.05136962300830263,-0.10408746542717046,-0.010259442646253655,0.9386865922340365,0.8865213516405118,0.9793658452351409,5,0.020950542828465868,2.2318996565833986
ssp245,mid,fhcf_shortfall_usd,345602104.79177666,1170987325.4083576,242252618.0392135,1631802423.1891437,1516589430.2001343,587854722.8309902,1977404527.9809203,5,ssp245,345602104.79177666,22.23405852882222,5.3541986363382135,423.05588335716755,8029739530.416289,2196024422.9835234,146554605837.57324,5,-6513150100.216155,-81.11284401623038
ssp245,mid,fhcf_shortfall_usd,345602104.79177666,1170987325.4083576,242252618.0392135,1631802423.1891437,1516589430.2001343,587854722.8309902,1977404527.9809203,5,ssp585,345602104.79177666,18.365246146269712,8.947354408392014,791.9130125136289,6692669827.961654,3437826620.6500382,274032406041.4985,5,-5176080397.761519,-77.33954506669527
ssp245,mid,fhcf_total_postcap_usd,965536172.7988871,2139386175.629662,381805303.95569634,2538769364.31218,3104922348.4285493,1347341476.7545834,3504305537.1110673,5,ssp245,965536172.7988871,6.7426222695918465,2.606770524987084,18.95723698089722,7475781873.609145,3482467408.859862,19269434214.17592,5,-4370859525.180595,-58.46692157526046
ssp245,mid,fhcf_total_postcap_usd,965536172.7988871,2139386175.629662,381805303.95569634,2538769364.31218,3104922348.4285493,1347341476.7545834,3504305537.1110673,5,ssp585,965536172.7988871,8.926798364462597,2.8710617167285326,31.673612670001837,9584682900.969467,3737650114.638357,31547554928.906803,5,-6479760552.540918,-67.60537223287278
ssp245,mid,fhcf_total_precap_usd,1311138277.5906637,3310373501.0380197,624057921.99491,4170571787.5013237,4621511778.628683,1935196199.5855737,5481710065.091988,5,ssp245,1311138277.5906637,8.724834465681557,3.6015083018918985,27.537590040544984,12750602711.188038,6033213669.261684,37416726652.348625,5,-8129090932.559355,-63.75456217004134
ssp245,mid,fhcf_total_precap_usd,1311138277.5906637,3310373501.0380197,624057921.99491,4170571787.5013237,4621511778.628683,1935196199.5855737,5481710065.091988,5,ssp585,1311138277.5906637,11.443467550104813,3.902844222442382,51.54471329794295,16315106610.89974,6428306729.108441,68893384889.96016,5,-11693594832.271057,-71.6734196787831
ssp245,mid,figa_collected_usd,48326314.97494906,95121361.3051898,18372748.52543408,105103046.52786505,143447676.28013885,66699063.50038314,153429361.5028141,5,ssp245,48326314.97494906,4.322244519345491,1.2895825482638945,10.55460695628044,257204465.01558656,110647087.38854748,558391575.180946,5,-113756788.7354477,-44.22815472062433
ssp245,mid,figa_collected_usd,48326314.97494906,95121361.3051898,18372748.52543408,105103046.52786505,143447676.28013885,66699063.50038314,153429361.5028141,5,ssp585,48326314.97494906,5.430633576425862,1.8451927911785964,15.47756687937289,310768823.7028394,137497682.99095133,796300087.0333627,5,-167321147.42270052,-53.84103380418072
ssp245,mid,figa_residual_deficit_usd,1292311924.0864177,3406340630.2037253,707316750.4987878,4725222593.259998,4698652554.290143,1999628674.5852056,6017534517.346416,5,ssp245,1292311924.0864177,11.210721846894584,4.494783574731379,40.84072443236976,15780061444.444395,7100974333.899552,54071267096.36535,5,-11081408890.154251,-70.22411749895706
ssp245,mid,figa_residual_deficit_usd,1292311924.0864177,3406340630.2037253,707316750.4987878,4725222593.259998,4698652554.290143,1999628674.5852056,6017534517.346416,5,ssp585,1292311924.0864177,17.00985534985248,4.779847154787069,86.45585676183416,23274350819.68592,7469365397.528283,113020246524.51204,5,-18575698265.39578,-79.81188566464364
ssp245,mid,flood_insured_capped_pct,2.1724964393234587,0.7449562519035249,0.21707864781475164,1.2574210097400809,2.9174526912269836,2.38957508713821,3.42991744906354,5,ssp245,2.1724964393234587,0.40983678863918716,0.15331361111002925,1.0812954707752012,3.0628654033458536,2.5055697135598187,4.521606999439165,5,-0.14541271211886997,-4.747603729501861
ssp245,mid,flood_insured_capped_pct,2.1724964393234587,0.7449562519035249,0.21707864781475164,1.2574210097400809,2.9174526912269836,2.38957508713821,3.42991744906354,5,ssp585,2.1724964393234587,0.3316601319223508,-0.04331755362129691,1.0916056502112885,2.893026894990314,2.0783892083209885,4.544005827552852,5,0.024425796236669406,0.8442989686326847
ssp245,mid,flood_insured_capped_usd,644954483.8175347,1260476201.3882382,210959624.04023254,1683844778.570839,1905430685.2057729,855914107.8577672,2328799262.3883734,5,ssp245,644954483.8175347,7.297058430094994,2.237408538261402,17.006835906257734,5351225036.985842,2087981152.700862,11613589557.107506,5,-3445794351.780069,-64.39262651007786
ssp245,mid,flood_insured_capped_usd,644954483.8175347,1260476201.3882382,210959624.04023254,1683844778.570839,1905430685.2057729,855914107.8577672,2328799262.3883734,5,ssp585,644954483.8175347,11.108394601451254,2.751255042147335,34.70358298215489,7809363390.038017,2419388759.3760586,23027185932.692223,5,-5903932704.832245,-75.60069124665876
ssp245,mid,flood_un_derinsured_pct,8.766038047287509,3.727340677467006,1.4022360161298102,6.347858606115008,12.493378724754514,10.16827406341732,15.113896653402517,5,ssp245,8.766038047287509,0.46928957389904774,0.2123799689574224,1.1174282736213998,12.879848307281904,10.627768935650014,18.561456808967495,5,-0.38646958252738983,-3.0005755759475115
ssp245,mid,flood_un_derinsured_pct,8.766038047287509,3.727340677467006,1.4022360161298102,6.347858606115008,12.493378724754514,10.16827406341732,15.113896653402517,5,ssp585,8.766038047287509,0.5092233376814591,0.10147683184731454,1.1717210904856614,13.229909199969915,9.655587816179265,19.03738970729403,5,-0.7365304752154014,-5.567161981860588
ssp245,mid,flood_un_derinsured_usd,2394397814.7612963,5780993196.953457,1097853426.2285576,7224787095.540759,8175391011.714753,3492251240.989854,9619184910.302055,5,ssp245,2394397814.7612963,8.699199923608395,2.6915670475332427,20.70815067810656,23223743102.020874,8839080071.658407,51977948546.1673,5,-15048352090.306122,-64.79727244742321
ssp245,mid,flood_un_derinsured_usd,2394397814.7612963,5780993196.953457,1097853426.2285576,7224787095.540759,8175391011.714753,3492251240.989854,9619184910.302055,5,ssp585,2394397814.7612963,12.853509926755866,3.29576776814435,40.383456887306785,33170813895.39817,10285776956.766842,99088458738.23569,5,-24995422883.68342,-75.35366169339326
ssp245,mid,group_contrib_total_usd,572184876.4533527,1486274429.2611294,306017178.5272976,2067939612.3361826,2058459305.714482,878202054.9806503,2640124488.7895355,5,ssp245,572184876.4533527,11.077283766131671,4.552993992375598,40.23834275578543,6910439119.616133,3177339181.4736414,23595956054.8601,5,-4851979813.90165,-70.21232268914298
ssp245,mid,group_contrib_total_usd,572184876.4533527,1486274429.2611294,306017178.5272976,2067939612.3361826,2058459305.714482,878202054.9806503,2640124488.7895355,5,ssp585,572184876.4533527,16.81570001027014,4.900030417076246,84.87353967862387,10193874109.306416,3375908175.2657948,49135540691.62548,5,-8135414803.591933,-79.80689889199996
ssp245,mid,group_supported_companies,1.3025,2.910128198695434,0.5647675305532857,3.3625757023797567,4.212628198695434,1.8672675305532858,4.665075702379757,5,ssp245,1.3025,5.938585496866607,1.7539858877022318,14.5508506360013,9.037507609668756,3.587066618732157,20.254982953391693,5,-4.824879410973322,-53.3872790968545
ssp245,mid,group_supported_companies,1.3025,2.910128198695434,0.5647675305532857,3.3625757023797567,4.212628198695434,1.8672675305532858,4.665075702379757,5,ssp585,1.3025,7.985138764547896,2.3459086681989354,24.405608752834258,11.703143240823636,4.358046040329113,33.09080540056662,5,-7.490515042128202,-64.00430113509437
ssp245,mid,insured_citizens_wind_pre_usd,1077922754.0709696,2330220561.4395785,440416972.80714345,3002618093.21676,3408143315.510548,1518339726.878113,4080540847.2877297,5,ssp245,1077922754.0709696,6.841258781131645,2.3587359315131797,17.832084092216746,8452271260.740598,3620457885.49381,20299531949.57837,5,-5044127945.230049,-59.67778115048424
ssp245,mid,insured_citizens_wind_pre_usd,1077922754.0709696,2330220561.4395785,440416972.80714345,3002618093.21676,3408143315.510548,1518339726.878113,4080540847.2877297,5,ssp585,1077922754.0709696,9.717026176745312,2.8199829276694297,35.72985292372428,11552126371.887981,4117646517.897517,39591944220.16253,5,-8143983056.377434,-70.49769708367941
ssp245,mid,insured_flood_pre_usd,644954483.8175347,1260476201.3882382,210959624.04023254,1683889843.4398174,1905430685.2057729,855914107.8577672,2328844327.257352,5,ssp245,644954483.8175347,7.297058430094994,2.237408538261402,17.00701289621197,5351225036.985842,2087981152.700862,11613703707.572083,5,-3445794351.780069,-64.39262651007786
ssp245,mid,insured_flood_pre_usd,644954483.8175347,1260476201.3882382,210959624.04023254,1683889843.4398174,1905430685.2057729,855914107.8577672,2328844327.257352,5,ssp585,644954483.8175347,11.108394601451254,2.751255042147335,34.71276513324636,7809363390.038017,2419388759.3760586,23033108002.209755,5,-5903932704.832245,-75.60069124665876
ssp245,mid,insured_private_wind_pre_usd,5491050988.223578,13038481368.605738,2623592651.098325,16652671976.37055,18529532356.829315,8114643639.321903,22143722964.594128,5,ssp245,5491050988.223578,7.835784409666416,2.4989751193527012,20.44842371427992,48517742714.42927,19213050786.891365,117774388232.13478,5,-29988210357.599953,-61.80875011870947
ssp245,mid,insured_private_wind_pre_usd,5491050988.223578,13038481368.605738,2623592651.098325,16652671976.37055,18529532356.829315,8114643639.321903,22143722964.594128,5,ssp585,5491050988.223578,11.292062279508134,3.0786845376125958,40.2896172829913,67496340727.198906,22396264760.90987,226723393785.14273,5,-48966808370.36959,-72.54735270505932
ssp245,mid,largest_entity_deficit_usd,328194908.3869914,837821289.6024704,171547549.41589725,1136042884.7134018,1166016197.989462,499742457.80288863,1464237793.1003933,5,ssp245,328194908.3869914,9.954063960974008,3.67465904740861,31.825397710916327,3595068018.1371083,1534199297.8046894,10773128394.50074,5,-2429051820.1476464,-67.56622706143769
ssp245,mid,largest_entity_deficit_usd,328194908.3869914,837821289.6024704,171547549.41589725,1136042884.7134018,1166016197.989462,499742457.80288863,1464237793.1003933,5,ssp585,328194908.3869914,14.792800617659186,4.203851622558877,66.61465754793774,5183116751.886678,1707877606.525207,22190786339.56322,5,-4017100553.897216,-77.50357065437457
ssp245,mid,nfip_borrowed_usd,345997559.61779946,641128484.4452325,99702713.1780231,1006294364.5360545,987126044.0630319,445700272.79582256,1352291924.153854,5,ssp245,345997559.61779946,12.200297767232053,4.651074825160406,30.883441684244858,4567270813.6905775,1955258098.7230833,11031593014.965143,5,-3580144769.6275454,-78.38696052127932
ssp245,mid,nfip_borrowed_usd,345997559.61779946,641128484.4452325,99702713.1780231,1006294364.5360545,987126044.0630319,445700272.79582256,1352291924.153854,5,ssp585,345997559.61779946,19.47897998703147,5.362622273502593,71.7399736644031,7085677098.974643,2201451779.401752,25167853374.546474,5,-6098551054.911611,-86.0687125552775
ssp245,mid,nfip_claims_paid_usd,644954483.8175347,1260476201.3882382,210959624.04023254,1683844778.570839,1905430685.2057729,855914107.8577672,2328799262.3883734,5,ssp245,644954483.8175347,7.297058430094994,2.237408538261402,17.006835906257734,5351225036.985842,2087981152.700862,11613589557.107506,5,-3445794351.780069,-64.39262651007786
ssp245,mid,nfip_claims_paid_usd,644954483.8175347,1260476201.3882382,210959624.04023254,1683844778.570839,1905430685.2057729,855914107.8577672,2328799262.3883734,5,ssp585,644954483.8175347,11.108394601451254,2.751255042147335,34.70358298215489,7809363390.038017,2419388759.3760586,23027185932.692223,5,-5903932704.832245,-75.60069124665876
ssp245,mid,nfip_fl_premium_base_usd,1395853723.0,0.0,0.0,0.0,1395853723.0,1395853723.0,1395853723.0,5,ssp245,1395853723.0,0.0,0.0,0.0,1395853723.0,1395853723.0,1395853723.0,5,0.0,0.0
ssp245,mid,nfip_fl_premium_base_usd,1395853723.0,0.0,0.0,0.0,1395853723.0,1395853723.0,1395853723.0,5,ssp585,1395853723.0,0.0,0.0,0.0,1395853723.0,1395853723.0,1395853723.0,5,0.0,0.0
ssp245,mid,nfip_fl_premium_depletion_usd,182250316.13919604,355896137.20770013,68628574.54133256,378819733.09737223,538146453.3468962,250878890.68052858,561070049.2365682,5,ssp245,182250316.13919604,3.9126132302728944,1.253296039139982,9.634090006059425,895325314.2868321,410663915.48846,1938066265.4569955,5,-357178860.9399359,-39.893752051950564
ssp245,mid,nfip_fl_premium_depletion_usd,182250316.13919604,355896137.20770013,68628574.54133256,378819733.09737223,538146453.3468962,250878890.68052858,561070049.2365682,5,ssp585,182250316.13919604,4.861638257505656,1.514151975134477,14.108889372408962,1068285425.524012,458204992.2902426,2753599864.6336727,5,-530138972.1771158,-49.625218084115836
ssp245,mid,nfip_pool_used_usd,298956924.1997352,619399932.8767644,112190571.57599168,677754292.0624468,918356857.0764997,411147495.7757269,976711216.262182,5,ssp245,298956924.1997352,4.717455784958652,1.4778322527969796,11.758580500018192,1709272995.7192214,740765108.9790858,3814265983.440159,5,-790916138.6427217,-46.272078282610615
ssp245,mid,nfip_pool_used_usd,298956924.1997352,619399932.8767644,112190571.57599168,677754292.0624468,918356857.0764997,411147495.7757269,976711216.262182,5,ssp585,298956924.1997352,5.94902843457353,1.7798646501441382,18.297717964365695,2077460166.9766035,831059785.4986646,5769186406.700744,5,-1159103309.9001038,-55.79424955170068
ssp245,mid,rescued_defaults,1.29,2.8751292523833416,0.5562848081323044,3.303339407571041,4.165129252383341,1.8462848081323044,4.593339407571041,5,ssp245,1.29,5.857914640734737,1.731774508832522,14.39418753249139,8.846709886547812,3.5239891163939534,19.858501916913895,5,-4.681580634164471,-52.91888955557613
ssp245,mid,rescued_defaults,1.29,2.8751292523833416,0.5562848081323044,3.303339407571041,4.165129252383341,1.8462848081323044,4.593339407571041,5,ssp585,1.29,7.850351161534306,2.3144622143172966,23.883123340068884,11.416952998379255,4.275656256469313,32.09922910868886,5,-7.251823745995914,-63.518031010773
ssp245,mid,total_damage_usd,19343788695.230297,45559239349.81429,8961484450.689297,58198641737.11387,64903028045.044586,28305273145.919594,77542430432.34416,5,ssp245,19343788695.230297,7.942191516311128,2.4882788631262374,20.31074321562443,172975863163.80347,67476529238.352104,412230513701.3516,5,-108072835118.75888,-62.478563853973554
ssp245,mid,total_damage_usd,19343788695.230297,45559239349.81429,8961484450.689297,58198641737.11387,64903028045.044586,28305273145.919594,77542430432.34416,5,ssp585,19343788695.230297,11.423325239432678,3.0000962384557495,40.02747975511154,240314178323.70706,77377016397.27356,793626899080.7166,5,-175411150278.66248,-72.99242662344327
ssp245,mid,underinsured_wind_usd,2969616746.555762,6890905794.564576,1344901992.7925513,8853413647.669212,9860522541.120338,4314518739.348313,11823030394.224974,5,ssp245,2969616746.555762,7.878925573230115,2.4214121593609894,20.231317327324746,26367006073.686367,10160282845.307905,63048875486.663086,5,-16506483532.566029,-62.60279793024775
ssp245,mid,underinsured_wind_usd,2969616746.555762,6890905794.564576,1344901992.7925513,8853413647.669212,9860522541.120338,4314518739.348313,11823030394.224974,5,ssp585,2969616746.555762,11.33992489136848,2.9568981609101215,40.04923860426063,36644847608.648125,11750471043.054392,121900506392.57564,5,-26784325067.527786,-73.09165357589515
ssp245,mid,uninsured_wind_usd,6765845907.801158,16251902827.881422,3185072760.197375,20776554943.16237,23017748735.68258,9950918667.998533,27542400850.963528,5,ssp245,6765845907.801158,8.058175941655277,2.4594739524420075,20.60250610196967,61286222626.99126,23406267684.274456,146159227508.26105,5,-38268473891.30868,-62.44221335719055
ssp245,mid,uninsured_wind_usd,6765845907.801158,16251902827.881422,3185072760.197375,20776554943.16237,23017748735.68258,9950918667.998533,27542400850.963528,5,ssp585,6765845907.801158,11.425927175648782,2.997852384585201,40.51808252514661,84071908531.99852,27048853196.238884,280904948752.514,5,-61054159796.31594,-72.62135576841125
ssp245,mid,water_total_usd,3039352298.578831,7042442713.763642,1318311845.1061828,8907014198.57632,10081795012.342474,4357664143.685014,11946366497.155151,5,ssp245,3039352298.578831,8.398536945750354,2.6113240379464773,19.99302237825616,28565464869.344406,10976086015.645613,63805190819.4697,5,-18483669857.00193,-64.70635062844032
ssp245,mid,water_total_usd,3039352298.578831,7042442713.763642,1318311845.1061828,8907014198.57632,10081795012.342474,4357664143.685014,11946366497.155151,5,ssp585,3039352298.578831,12.479302635381122,3.1502609715093994,39.29740247652355,40968349448.08531,12614105223.459106,122478002843.77814,5,-30886554435.742836,-75.39125898855646
ssp245,mid,wind_insured_citizens_pct,3.6899013245489156,1.2842958586097835,0.43470660536040956,2.0855288261244134,4.974197183158699,4.124607929909325,5.775430150673329,5,ssp245,3.6899013245489156,0.4323703377613327,0.20149466632639473,1.1187778936243862,5.285305206550119,4.433396760716222,7.818081356109584,5,-0.3111080233914203,-5.88628302876174
ssp245,mid,wind_insured_citizens_pct,3.6899013245489156,1.2842958586097835,0.43470660536040956,2.0855288261244134,4.974197183158699,4.124607929909325,5.775430150673329,5,ssp585,3.6899013245489156,0.3518519553198125,0.008845653370810586,1.18498019045047,4.988200320528618,3.72254091263837,8.062361298856331,5,-0.014003137369918761,-0.280725240970972
ssp245,mid,wind_insured_citizens_usd,1077922754.0709696,2330220561.4395785,440416972.80714345,3002618093.21676,3408143315.510548,1518339726.878113,4080540847.2877297,5,ssp245,1077922754.0709696,6.841258781131645,2.3587359315131797,17.832084092216746,8452271260.740598,3620457885.49381,20299531949.57837,5,-5044127945.230049,-59.67778115048424
ssp245,mid,wind_insured_citizens_usd,1077922754.0709696,2330220561.4395785,440416972.80714345,3002618093.21676,3408143315.510548,1518339726.878113,4080540847.2877297,5,ssp585,1077922754.0709696,9.717026176745312,2.8199829276694297,35.72985292372428,11552126371.887981,4117646517.897517,39591944220.16253,5,-8143983056.377434,-70.49769708367941
ssp245,mid,wind_insured_private_pct,20.511926737827867,8.634779368898108,3.3422391206571875,14.41765068430867,29.146706106725976,23.854165858485054,34.92957742213654,5,ssp245,20.511926737827867,0.4613099947959021,0.21869018344272148,1.0988770306806779,29.974283554509164,24.997683758887106,43.05201188503176,5,-0.8275774477831881,-2.7609582270021993
ssp245,mid,wind_insured_private_pct,20.511926737827867,8.634779368898108,3.3422391206571875,14.41765068430867,29.146706106725976,23.854165858485054,34.92957742213654,5,ssp585,20.511926737827867,0.48355503658512855,0.09759523040063067,1.169986264380726,30.4305722219697,22.513792953767034,44.51059927707022,5,-1.2838661152437254,-4.2190008977774776
ssp245,mid,wind_insured_private_usd,5491050988.223578,13038481368.605738,2623592651.098325,16652671976.37055,18529532356.829315,8114643639.321903,22143722964.594128,5,ssp245,5491050988.223578,7.835784409666416,2.4989751193527012,20.44842371427992,48517742714.42927,19213050786.891365,117774388232.13478,5,-29988210357.599953,-61.80875011870947
ssp245,mid,wind_insured_private_usd,5491050988.223578,13038481368.605738,2623592651.098325,16652671976.37055,18529532356.829315,8114643639.321903,22143722964.594128,5,ssp585,5491050988.223578,11.292062279508134,3.0786845376125958,40.2896172829913,67496340727.198906,22396264760.90987,226723393785.14273,5,-48966808370.36959,-72.54735270505932
ssp245,mid,wind_total_usd,16304436396.651468,38516796636.05066,7643172605.583113,49291627538.53756,54821233032.702126,23947609002.23458,65596063935.189026,5,ssp245,16304436396.651468,7.865059576865943,2.469460367264876,20.37088504004597,144539800023.53674,56567595888.77322,348440235875.5799,5,-89718566990.83463,-62.07187707207629
ssp245,mid,wind_total_usd,16304436396.651468,38516796636.05066,7643172605.583113,49291627538.53756,54821233032.702126,23947609002.23458,65596063935.189026,5,ssp585,16304436396.651468,11.244842933474514,2.977223713620123,40.16658047964372,199645262795.8224,64846391073.97325,671197893097.985,5,-144824029763.12027,-72.54067927032763
ssp245,mid,wind_underinsured_pct,10.951058655424745,4.405593427670244,1.6319847665275407,7.515635963038704,15.356652083094989,12.583043421952286,18.46669461846345,5,ssp245,10.951058655424745,0.45173713220674844,0.20614268789601384,1.1232841673927174,15.898058487054211,13.20853932196091,23.25220945925234,5,-0.5414064039592219,-3.4054875593777014
ssp245,mid,wind_underinsured_pct,10.951058655424745,4.405593427670244,1.6319847665275407,7.515635963038704,15.356652083094989,12.583043421952286,18.46669461846345,5,ssp585,10.951058655424745,0.46951488760136495,0.07378990175765501,1.1897904958310972,16.09274372914245,11.759136197750856,23.980524162937986,5,-0.7360916460474627,-4.574059330320844
ssp245,mid,wind_underinsured_usd,2969616746.555762,6890905794.564576,1344901992.7925513,8853413647.669212,9860522541.120338,4314518739.348313,11823030394.224974,5,ssp245,2969616746.555762,7.878925573230115,2.4214121593609894,20.231317327324746,26367006073.686367,10160282845.307905,63048875486.663086,5,-16506483532.566029,-62.60279793024775
ssp245,mid,wind_underinsured_usd,2969616746.555762,6890905794.564576,1344901992.7925513,8853413647.669212,9860522541.120338,4314518739.348313,11823030394.224974,5,ssp585,2969616746.555762,11.33992489136848,2.9568981609101215,40.04923860426063,36644847608.648125,11750471043.054392,121900506392.57564,5,-26784325067.527786,-73.09165357589515
ssp245,mid,wind_uninsured_pct,25.378578795587508,10.663034415451342,3.796100193388154,17.592217978193865,36.04161321103885,29.17467898897566,42.97079677378137,5,ssp245,25.378578795587508,0.4726749130627736,0.20653457776613163,1.1253613247015846,37.374396321448586,30.620132851438676,53.93864984803341,5,-1.3327831104097356,-3.566032475673385
ssp245,mid,wind_uninsured_pct,25.378578795587508,10.663034415451342,3.796100193388154,17.592217978193865,36.04161321103885,29.17467898897566,42.97079677378137,5,ssp585,25.378578795587508,0.46940930321752417,0.07497578672455332,1.192556970927723,37.29151978467527,27.281357706737747,55.64397985050388,5,-1.249906573636423,-3.3517179799951857
ssp245,mid,wind_uninsured_usd,6765845907.801158,16251902827.881422,3185072760.197375,20776554943.16237,23017748735.68258,9950918667.998533,27542400850.963528,5,ssp245,6765845907.801158,8.058175941655277,2.4594739524420075,20.60250610196967,61286222626.99126,23406267684.274456,146159227508.26105,5,-38268473891.30868,-62.44221335719055
ssp245,mid,wind_uninsured_usd,6765845907.801158,16251902827.881422,3185072760.197375,20776554943.16237,23017748735.68258,9950918667.998533,27542400850.963528,5,ssp585,6765845907.801158,11.425927175648782,2.997852384585201,40.51808252514661,84071908531.99852,27048853196.238884,280904948752.514,5,-61054159796.31594,-72.62135576841125
ssp245,mid,year_id,5000.5,0.0,0.0,0.0,5000.5,5000.5,5000.5,5,ssp245,5000.5,0.0,0.0,0.0,5000.5,5000.5,5000.5,5,0.0,0.0
ssp245,mid,year_id,5000.5,0.0,0.0,0.0,5000.5,5000.5,5000.5,5,ssp585,5000.5,0.0,0.0,0.0,5000.5,5000.5,5000.5,5,0.0,0.0
ssp245,near,catbond_issue_volume_year_usd,9464500000.0,0.0,0.0,0.0,9464500000.0,9464500000.0,9464500000.0,5,ssp245,9464500000.0,0.0,0.0,0.0,9464500000.0,9464500000.0,9464500000.0,5,0.0,0.0
ssp245,near,catbond_issue_volume_year_usd,9464500000.0,0.0,0.0,0.0,9464500000.0,9464500000.0,9464500000.0,5,ssp585,9464500000.0,0.0,0.0,0.0,9464500000.0,9464500000.0,9464500000.0,5,0.0,0.0
ssp245,near,catbond_limit_in_force_usd,9464500000.0,0.0,0.0,0.0,9464500000.0,9464500000.0,9464500000.0,5,ssp245,9464500000.0,0.0,0.0,0.0,9464500000.0,9464500000.0,9464500000.0,5,0.0,0.0
ssp245,near,catbond_limit_in_force_usd,9464500000.0,0.0,0.0,0.0,9464500000.0,9464500000.0,9464500000.0,5,ssp585,9464500000.0,0.0,0.0,0.0,9464500000.0,9464500000.0,9464500000.0,5,0.0,0.0
ssp245,near,catbond_payout_usd,511945273.42870957,634562365.2401862,125307261.07310909,824863305.7589376,1146507638.6688957,637252534.5018187,1336808579.187647,5,ssp245,511945273.42870957,2.4403259017371215,0.5560749781632437,4.855724435103745,1761258584.4486825,796625230.171355,2997810447.052363,5,-614750945.7797868,-34.90407094153179
ssp245,near,catbond_payout_usd,511945273.42870957,634562365.2401862,125307261.07310909,824863305.7589376,1146507638.6688957,637252534.5018187,1336808579.187647,5,ssp585,511945273.42870957,2.752715041342861,0.7522090856791674,5.660920402187407,1921184727.9403021,897035159.4722905,3410026716.584702,5,-774677089.2714064,-40.3228839999127
ssp245,near,catbond_triggers,3.6528,4.307734771700953,0.8632418500862156,5.34333971683904,7.960534771700953,4.516041850086216,8.99613971683904,5,ssp245,3.6528,2.0302898234909565,0.49888430238695686,4.120278365996671,11.069042667247766,5.475124579759076,18.70335281531264,5,-3.108507895546813,-28.082897401277435
ssp245,near,catbond_triggers,3.6528,4.307734771700953,0.8632418500862156,5.34333971683904,7.960534771700953,4.516041850086216,8.99613971683904,5,ssp585,3.6528,2.26559163216387,0.6656443280573735,4.713667855673235,11.928553113968183,6.084265601527974,20.870885943203195,5,-3.9680183422672304,-33.26487549961723
ssp245,near,citizens_residual_deficit_usd,718277468.2344651,1079494919.632816,142119225.64679348,2069140839.1786819,1797772387.8672812,860396693.8812586,2787418307.413147,5,ssp245,718277468.2344651,7.9790594920633575,1.1297390520501533,17.677202423794533,6449456119.08591,1529743574.306654,13415413670.665752,5,-4651683731.218629,-72.12520940258631
ssp245,near,citizens_residual_deficit_usd,718277468.2344651,1079494919.632816,142119225.64679348,2069140839.1786819,1797772387.8672812,860396693.8812586,2787418307.413147,5,ssp585,718277468.2344651,10.094424337119872,3.2125386964904825,22.478216244155412,7968875024.385295,3025771629.7548976,16863873722.513243,5,-6171102636.518014,-77.44007300445827
ssp245,near,citizens_tier1_capacity_usd,539937478.65,0.0,0.0,7.152557373046876e-08,539937478.65,539937478.65,539937478.6500001,5,ssp245,539937478.65,0.0,0.0,1.32470103592926e-16,539937478.65,539937478.65,539937478.6500001,5,0.0,0.0
ssp245,near,citizens_tier1_capacity_usd,539937478.65,0.0,0.0,7.152557373046876e-08,539937478.65,539937478.65,539937478.6500001,5,ssp585,539937478.65,0.0,0.0,1.32470103592926e-16,539937478.65,539937478.65,539937478.6500001,5,0.0,0.0
ssp245,near,citizens_tier1_usd,100789599.68242246,132113053.16767053,24412730.705053646,181588410.28280023,232902652.850093,125202330.3874761,282378009.9652227,5,ssp245,100789599.68242246,3.289985728772481,0.6983567498174388,6.560949335109714,432385944.24628377,171176696.93203977,762065056.7047863,5,-199483291.39619076,-46.13547087982272
ssp245,near,citizens_tier1_usd,100789599.68242246,132113053.16767053,24412730.705053646,181588410.28280023,232902652.850093,125202330.3874761,282378009.9652227,5,ssp585,100789599.68242246,3.732189528240691,1.017688199373861,7.789355406953824,476955488.17273086,203361985.89883927,885875612.9334112,5,-244052835.32263786,-51.16889130632111
ssp245,near,citizens_tier2_capacity_usd,359958319.09999996,0.0,0.0,0.0,359958319.09999996,359958319.09999996,359958319.09999996,5,ssp245,359958319.09999996,0.0,0.0,0.0,359958319.09999996,359958319.09999996,359958319.09999996,5,0.0,0.0
ssp245,near,citizens_tier2_capacity_usd,359958319.09999996,0.0,0.0,0.0,359958319.09999996,359958319.09999996,359958319.09999996,5,ssp585,359958319.09999996,0.0,0.0,0.0,359958319.09999996,359958319.09999996,359958319.09999996,5,0.0,0.0
ssp245,near,citizens_tier2_usd,49554667.266172744,64656913.0858471,10284292.291118206,96762770.28927043,114211580.35201985,59838959.55729095,146317437.55544317,5,ssp245,49554667.266172744,3.8216342890624806,0.7186007192068833,7.322126639789017,238934482.87366056,85164686.80370228,412400216.581697,5,-124722902.52164072,-52.19962435794143
ssp245,near,citizens_tier2_usd,49554667.266172744,64656913.0858471,10284292.291118206,96762770.28927043,114211580.35201985,59838959.55729095,146317437.55544317,5,ssp585,49554667.266172744,4.349764468196823,1.148758495898172,8.912566881288893,265105798.17388713,106481012.29959574,491213953.55595475,5,-150894217.8218673,-56.91849022588836
ssp245,near,defaulted_premium_base_pct,4.590575368681856,6.333282652165222,1.0930441411383458,9.817189735253237,10.923858020847078,5.683619509820202,14.407765103935093,5,ssp245,4.590575368681856,4.3880685219264235,0.8504585843504204,8.642561722189484,24.734334641525493,8.494669598084936,44.264906332877544,5,-13.810476620678415,-55.83524610964289
ssp245,near,defaulted_premium_base_pct,4.590575368681856,6.333282652165222,1.0930441411383458,9.817189735253237,10.923858020847078,5.683619509820202,14.407765103935093,5,ssp585,4.590575368681856,5.009162210279598,1.293506886800091,10.682644142584587,27.585512028923343,10.528516222446703,53.630058442024165,5,-16.661654008076265,-60.40001719238186
ssp245,near,defaults_post,2.1875,3.1061,0.50948,4.98116,5.2936,2.69698,7.16866,5,ssp245,2.1875,5.061506055818851,0.9197521035338185,10.041236161719576,13.259544497103738,4.199457726480228,24.15270410376157,5,-7.965944497103738,-60.07705995363361
ssp245,near,defaults_post,2.1875,3.1061,0.50948,4.98116,5.2936,2.69698,7.16866,5,ssp585,2.1875,5.869931542917324,1.5434591758327096,12.542210748170115,15.027975250131647,5.563816947134052,29.623586011622127,5,-9.734375250131647,-64.77502849258667
ssp245,near,defaults_pre,3.4775,4.9754331660812845,0.8042992737600162,7.953887713625866,8.452933166081284,4.281799273760016,11.431387713625867,5,ssp245,3.4775,5.13290802764487,0.8965354359749369,10.118504711165896,21.327187666135035,6.5952019786028435,38.664600133079404,5,-12.874254500053752,-60.36545793844395
ssp245,near,defaults_pre,3.4775,4.9754331660812845,0.8042992737600162,7.953887713625866,8.452933166081284,4.281799273760016,11.431387713625867,5,ssp585,3.4775,5.961589580010633,1.5418608091571573,12.618767986166763,24.208927764486976,8.839320963844013,47.35926567189492,5,-15.755994598405692,-65.0834053936035
ssp245,near,diag_group_shortfall_total_usd,6174970.940672383,11165594.379185507,1481674.7549632166,26907701.48249273,17340565.319857888,7656645.695635599,33082672.423165113,5,ssp245,6174970.940672383,13.265874663685333,2.323857658820786,73.04154198457971,88091361.49153133,20524724.454149693,457204370.1573539,5,-70750796.17167345,-80.31524882093585
ssp245,near,diag_group_shortfall_total_usd,6174970.940672383,11165594.379185507,1481674.7549632166,26907701.48249273,17340565.319857888,7656645.695635599,33082672.423165113,5,ssp585,6174970.940672383,33.559814291352176,8.305356205066614,87.1902108029264,213405848.9641338,57460304.15889178,544571988.9598422,5,-196065283.6442759,-91.87437204555145
ssp245,near,diag_groups_fully_funded_share,0.9986226415094339,-0.0021052296244401525,-0.0036718189861449702,-0.0003016226912676556,0.9965174118849938,0.9949508225232889,0.9983210188181663,5,ssp245,0.9986226415094339,-0.002105488751704182,-0.003673115643633181,-0.0003017362448289271,0.9965200527705388,0.9949545850628193,0.9983213208635837,5,-2.640885545024396e-06,-0.0002650107780252058
ssp245,near,diag_groups_fully_funded_share,0.9986226415094339,-0.0021052296244401525,-0.0036718189861449702,-0.0003016226912676556,0.9965174118849938,0.9949508225232889,0.9983210188181663,5,ssp585,0.9986226415094339,-0.0025904540978638957,-0.004707046552538324,-0.0004417251958482224,0.9960357553955161,0.9939220782474303,0.9981815247275347,5,0.0004816564894776221,0.04835734930884695
ssp245,near,diag_groups_with_shortfall,0.073,0.11157717009533366,0.015986002637184298,0.19460640626568934,0.18457717009533364,0.08898600263718429,0.2676064062656893,5,ssp245,0.073,7.222641509433963,1.0116267953667952,16.02624660633484,0.6002528301886793,0.14684875606177605,1.2429160022624433,5,-0.4156756600933456,-69.25009582423543
ssp245,near,diag_groups_with_shortfall,0.073,0.11157717009533366,0.015986002637184298,0.19460640626568934,0.18457717009533364,0.08898600263718429,0.2676064062656893,5,ssp585,0.073,8.864150943396227,2.0133551833976835,20.215091515837106,0.7200830188679246,0.21997492838803087,1.5487016806561087,5,-0.535505848772591,-74.36723749082212
ssp245,near,fhcf_recovery_citizens_usd,160490599.41146898,207779255.71698585,25828353.97330274,353442875.12691295,368269855.1284548,186318953.38477173,513933474.53838193,5,ssp245,160490599.41146898,5.00989409919798,1.5628504172303765,12.38470377301555,964531506.3797342,411313399.6632365,2148119131.4762163,5,-596261651.2512794,-61.81878428101159
ssp245,near,fhcf_recovery_citizens_usd,160490599.41146898,207779255.71698585,25828353.97330274,353442875.12691295,368269855.1284548,186318953.38477173,513933474.53838193,5,ssp585,160490599.41146898,8.472354993286526,2.2152087798726665,15.493514109091022,1520223930.7107759,516010784.3147821,2647053965.7695394,5,-1151954075.5823212,-75.7752889104784
ssp245,near,fhcf_recovery_private_usd,805045573.3874182,1192080357.325949,160666059.33515444,1950280893.0210876,1997125930.713367,965711632.7225726,2755326466.408506,5,ssp245,805045573.3874182,6.247285105944515,1.1146474870183252,13.802551974120691,5834394793.617198,1702387598.6989303,11916728941.60305,5,-3837268862.903831,-65.76978416170579
ssp245,near,fhcf_recovery_private_usd,805045573.3874182,1192080357.325949,160666059.33515444,1950280893.0210876,1997125930.713367,965711632.7225726,2755326466.408506,5,ssp585,805045573.3874182,7.240774007720124,2.3373779126955085,16.892419874406592,6634198636.201179,2686741315.3364606,14404213417.080091,5,-4637072705.487812,-69.8965008401234
ssp245,near,fhcf_scaling_factor,0.9895177457955809,-0.018612375607350518,-0.033218581387882806,-0.0022447456714320465,0.9709053701882304,0.9562991644076981,0.9872730001241489,5,ssp245,0.9895177457955809,-0.01861388054514516,-0.03333103009314117,-0.002249813544578264,0.9710989806780407,0.9565361000327712,0.9872915153684895,5,-0.00019361048981025863,-0.01993725600196552
ssp245,near,fhcf_scaling_factor,0.9895177457955809,-0.018612375607350518,-0.033218581387882806,-0.0022447456714320465,0.9709053701882304,0.9562991644076981,0.9872730001241489,5,ssp585,0.9895177457955809,-0.021917175044936996,-0.04429442019308445,-0.006298555059006153,0.9678303121509078,0.9456876309747977,0.9832852137918239,5,0.0030750580373226644,0.31772698154996304
ssp245,near,fhcf_shortfall_usd,345602104.79177666,682110650.109985,79512366.95549543,1254777853.7191355,1027712754.9017617,425114471.7472721,1600379958.5109122,5,ssp245,345602104.79177666,9.694541575167703,2.5406927517711293,247.28003496118404,3696056078.1611204,1223670867.43309,85806102660.3611,5,-2668343323.259359,-72.1943408549939
ssp245,near,fhcf_shortfall_usd,345602104.79177666,682110650.109985,79512366.95549543,1254777853.7191355,1027712754.9017617,425114471.7472721,1600379958.5109122,5,ssp585,345602104.79177666,26.882858719197877,5.517050808397995,292.04006063820066,9636374660.966528,2252306476.4172964,101275261744.87201,5,-8608661906.064766,-89.33506851840605
ssp245,near,fhcf_total_postcap_usd,965536172.7988871,1399859613.042935,186494413.30845726,2301334194.222515,2365395785.841822,1152030586.1073444,3266870367.0214024,5,ssp245,965536172.7988871,6.014782760345971,1.1591989690182434,13.569840509434862,6773026499.4400625,2084784708.8571775,14067708043.769924,5,-4407630713.59824,-65.076236066146
ssp245,near,fhcf_total_postcap_usd,965536172.7988871,1399859613.042935,186494413.30845726,2301334194.222515,2365395785.841822,1152030586.1073444,3266870367.0214024,5,ssp585,965536172.7988871,6.931750927960768,2.442318184286089,16.66220109591095,7658392434.577261,3323682725.2116046,17053494049.35017,5,-5292996648.735439,-69.11367749761455
ssp245,near,fhcf_total_precap_usd,1311138277.5906637,2081970263.1529205,266006780.26395273,3551961133.0127625,3393108540.743584,1577145057.8546164,4863099410.603426,5,ssp245,1311138277.5906637,6.9959542234871375,1.360238426675717,18.6185313428686,10483801648.276718,3094598945.4548974,25722607393.747185,5,-7090693107.533134,-67.63475068892278
ssp245,near,fhcf_total_precap_usd,1311138277.5906637,2081970263.1529205,266006780.26395273,3551961133.0127625,3393108540.743584,1577145057.8546164,4863099410.603426,5,ssp585,1311138277.5906637,9.10855485033655,3.548325030628648,23.027868742437647,13253713195.401012,5963483046.580949,31503858437.134243,5,-9860604654.657429,-74.39880816252324
ssp245,near,figa_collected_usd,48326314.97494906,65017570.92396087,11705582.755913934,97349132.91992901,113343885.89890993,60031897.730863,145675447.8948781,5,ssp245,48326314.97494906,3.930019104450291,0.8272397328443741,7.932197256891972,238249656.07418105,88303762.864179,431660178.0549374,5,-124905770.17527112,-52.42642202865579
ssp245,near,figa_collected_usd,48326314.97494906,65017570.92396087,11705582.755913934,97349132.91992901,113343885.89890993,60031897.730863,145675447.8948781,5,ssp585,48326314.97494906,4.406981979193844,1.1991474600623366,9.6398110645747,261299514.1903952,106276692.8313317,514182860.780585,5,-147955628.29148528,-56.62300167296821
ssp245,near,figa_residual_deficit_usd,1292311924.0864177,2111679392.407424,284736460.03018576,3950460519.121477,3403991316.4938416,1577048384.1166034,5242772443.207895,5,ssp245,1292311924.0864177,9.600465771801888,1.3984665659632578,26.74061348340915,13699108317.76951,3099566942.7169204,35849525586.0821,5,-10295117001.27567,-75.1517307730283
ssp245,near,figa_residual_deficit_usd,1292311924.0864177,2111679392.407424,284736460.03018576,3950460519.121477,3403991316.4938416,1577048384.1166034,5242772443.207895,5,ssp585,1292311924.0864177,12.4409917937553,4.513917193826087,33.225013925965165,17369953966.61766,7125700938.006571,44229393598.548485,5,-13965962650.12382,-80.40299172331842
ssp245,near,flood_insured_capped_pct,2.1724964393234587,0.7076092170942565,0.17484105803665223,1.1736076435437512,2.880105656417715,2.347337497360111,3.34610408286721,5,ssp245,2.1724964393234587,0.38929036222513147,0.12318397700331091,0.9793468048473424,3.0182283651204966,2.4401131907448548,4.300123885717116,5,-0.13812270870278143,-4.576284230145294
ssp245,near,flood_insured_capped_pct,2.1724964393234587,0.7076092170942565,0.17484105803665223,1.1736076435437512,2.880105656417715,2.347337497360111,3.34610408286721,5,ssp585,2.1724964393234587,0.43356724877527064,0.1487397229575912,1.0977420108926874,3.1144197434950023,2.495632957834783,4.557337049283595,5,-0.23431408707728707,-7.523523043632512
ssp245,near,flood_insured_capped_usd,644954483.8175347,885080991.0388035,125656321.38067788,1623488661.8899899,1530035474.856338,770610805.1982126,2268443145.7075243,5,ssp245,644954483.8175347,7.3065088186573055,1.1604334097121236,12.781039595599655,5357320107.462923,1393381214.583039,8888143278.848982,5,-3827284632.606585,-71.44028275023274
ssp245,near,flood_insured_capped_usd,644954483.8175347,885080991.0388035,125656321.38067788,1623488661.8899899,1530035474.856338,770610805.1982126,2268443145.7075243,5,ssp585,644954483.8175347,9.010155488762292,2.3894120751095187,15.320226441038594,6456094666.187945,2186016515.347179,10525803220.065327,5,-4926059191.331608,-76.30091326154981
ssp245,near,flood_un_derinsured_pct,8.766038047287509,3.5408645476272964,1.2087653969105616,6.244495335229596,12.306902594914806,9.97480344419807,15.010533382517105,5,ssp245,8.766038047287509,0.44581135951315726,0.18174838328860615,1.0986689339070406,12.674037386692815,10.359251290228425,18.39701172328943,5,-0.36713479177800856,-2.8967469526599636
ssp245,near,flood_un_derinsured_pct,8.766038047287509,3.5408645476272964,1.2087653969105616,6.244495335229596,12.306902594914806,9.97480344419807,15.010533382517105,5,ssp585,8.766038047287509,0.4933976462374882,0.22980237260976838,1.114908736311376,13.091180586647434,10.78049438894168,18.53937044904627,5,-0.7842779917326279,-5.990888190271893
ssp245,near,flood_un_derinsured_usd,2394397814.7612963,3789107062.721396,532653711.4409815,6402929165.082693,6183504877.482693,2927051526.2022777,8797326979.84399,5,ssp245,2394397814.7612963,7.860726646704598,1.1414411648941312,14.581045520426821,21216104520.06668,5127462045.662393,37307221345.80627,5,-15032599642.583988,-70.85466433466053
ssp245,near,flood_un_derinsured_usd,2394397814.7612963,3789107062.721396,532653711.4409815,6402929165.082693,6183504877.482693,2927051526.2022777,8797326979.84399,5,ssp585,2394397814.7612963,9.850473109805261,2.7308237952336243,17.42581128361297,25980349103.243923,8933076342.566835,44118722272.68693,5,-19796844225.76123,-76.19930027533535
ssp245,near,group_contrib_total_usd,572184876.4533527,933594988.4218494,124778761.4998932,1737256265.5673528,1505779864.8752022,696963637.9532459,2309441142.020705,5,ssp245,572184876.4533527,9.533668517338453,1.4414765968539067,26.58934702461528,6027205819.193873,1396975984.9346044,15786207118.708166,5,-4521425954.318671,-75.01694964389655
ssp245,near,group_contrib_total_usd,572184876.4533527,933594988.4218494,124778761.4998932,1737256265.5673528,1505779864.8752022,696963637.9532459,2309441142.020705,5,ssp585,572184876.4533527,12.365897924908898,4.656690685429195,32.54052854931698,7647764652.852121,3236672860.977135,19191383184.171085,5,-6141984787.976919,-80.31084985972151
ssp245,near,group_supported_companies,1.3025,1.897028198695434,0.304990684653616,3.021375702379757,3.1995281986954343,1.6074906846536159,4.323875702379757,5,ssp245,1.3025,5.321217547000896,0.8816152237015713,10.444412408978907,8.233385854968667,2.4508038288712966,14.906347162695027,5,-5.0338576562732325,-61.139581515366615
ssp245,near,group_supported_companies,1.3025,1.897028198695434,0.304990684653616,3.021375702379757,3.1995281986954343,1.6074906846536159,4.323875702379757,5,ssp585,1.3025,6.216472694717995,1.580774380472592,12.961109324717558,9.399455684870189,3.361458630565551,18.18434489544462,5,-6.199927486174754,-65.96049488434159
ssp245,near,insured_citizens_wind_pre_usd,1077922754.0709696,1537612149.9521623,210804393.17639047,2756116068.4059315,2615534904.023132,1288727147.24736,3834038822.476901,5,ssp245,1077922754.0709696,6.318158908921383,0.9692191515399375,12.851284856545393,7888410005.833539,2122666131.1972275,14930615119.988924,5,-5272875101.810408,-66.84331947643538
ssp245,near,insured_citizens_wind_pre_usd,1077922754.0709696,1537612149.9521623,210804393.17639047,2756116068.4059315,2615534904.023132,1288727147.24736,3834038822.476901,5,ssp585,1077922754.0709696,7.779949040099188,2.340478939633842,16.171446420538885,9464106849.906483,3600778258.526183,18509492817.00937,5,-6848571945.88335,-72.36363720841786
ssp245,near,insured_flood_pre_usd,644954483.8175347,885080991.0388035,125656321.38067788,1624189551.918182,1530035474.856338,770610805.1982126,2269144035.735717,5,ssp245,644954483.8175347,7.311596789630856,1.1604334097121236,12.781039595599655,5360601617.155847,1393381214.583039,8888143278.848982,5,-3830566142.2995086,-71.45776567391846
ssp245,near,insured_flood_pre_usd,644954483.8175347,885080991.0388035,125656321.38067788,1624189551.918182,1530035474.856338,770610805.1982126,2269144035.735717,5,ssp585,644954483.8175347,9.01644629469325,2.3894120751095187,15.320226441038594,6460151949.679943,2186016515.347179,10525803220.065327,5,-4930116474.823605,-76.31579741816846
ssp245,near,insured_private_wind_pre_usd,5491050988.223578,8372624471.3746805,1226225270.721778,14362426074.179983,13863675459.598259,6717276258.945356,19853477062.40356,5,ssp245,5491050988.223578,6.831891219435765,1.0106280206400151,14.17223524502364,43005314020.14233,11040460979.685373,83311517335.74767,5,-29141638560.544067,-67.76287820359839
ssp245,near,insured_private_wind_pre_usd,5491050988.223578,8372624471.3746805,1226225270.721778,14362426074.179983,13863675459.598259,6717276258.945356,19853477062.40356,5,ssp585,5491050988.223578,8.490010906200652,2.3976055707357427,17.60763454579402,52110133764.74563,18656425426.782436,102175470061.18546,5,-38246458305.14737,-73.39543298394385
ssp245,near,largest_entity_deficit_usd,328194908.3869914,524129496.716551,72153668.9966106,955963183.5141488,852324405.1035423,400348577.38360196,1284158091.9011402,5,ssp245,328194908.3869914,8.530801795715721,1.238043278716633,21.235904349472154,3127960622.199494,734514408.8245273,7297710590.876917,5,-2275636217.0959516,-72.75143430340847
ssp245,near,largest_entity_deficit_usd,328194908.3869914,524129496.716551,72153668.9966106,955963183.5141488,852324405.1035423,400348577.38360196,1284158091.9011402,5,ssp585,328194908.3869914,10.932182556503069,3.630360293057332,26.62294333440888,3916081560.9883814,1519660672.1787138,9065709357.015377,5,-3063757155.884839,-78.23527442343607
ssp245,near,nfip_borrowed_usd,345997559.61779946,478039393.17067,66173183.20356227,1009195594.8937654,824036952.7884694,412170742.8213617,1355193154.511565,5,ssp245,345997559.61779946,11.005195473292718,2.533626198476945,24.211172670042405,4153768336.493933,1222626041.274545,8723004218.937634,5,-3329731383.705464,-80.16170171194446
ssp245,near,nfip_borrowed_usd,345997559.61779946,478039393.17067,66173183.20356227,1009195594.8937654,824036952.7884694,412170742.8213617,1355193154.511565,5,ssp585,345997559.61779946,15.71153321383595,5.945036875141826,27.40871798837403,5782149709.45904,2402965810.2546997,9829347095.847694,5,-4958112756.67057,-85.74860572287804
ssp245,near,nfip_claims_paid_usd,644954483.8175347,885080991.0388035,125656321.38067788,1623488661.8899899,1530035474.856338,770610805.1982126,2268443145.7075243,5,ssp245,644954483.8175347,7.3065088186573055,1.1604334097121236,12.781039595599655,5357320107.462923,1393381214.583039,8888143278.848982,5,-3827284632.606585,-71.44028275023274
ssp245,near,nfip_claims_paid_usd,644954483.8175347,885080991.0388035,125656321.38067788,1623488661.8899899,1530035474.856338,770610805.1982126,2268443145.7075243,5,ssp585,644954483.8175347,9.010155488762292,2.3894120751095187,15.320226441038594,6456094666.187945,2186016515.347179,10525803220.065327,5,-4926059191.331608,-76.30091326154981
ssp245,near,nfip_fl_premium_base_usd,1395853723.0,0.0,0.0,0.0,1395853723.0,1395853723.0,1395853723.0,5,ssp245,1395853723.0,0.0,0.0,0.0,1395853723.0,1395853723.0,1395853723.0,5,0.0,0.0
ssp245,near,nfip_fl_premium_base_usd,1395853723.0,0.0,0.0,0.0,1395853723.0,1395853723.0,1395853723.0,5,ssp585,1395853723.0,0.0,0.0,0.0,1395853723.0,1395853723.0,1395853723.0,5,0.0,0.0
ssp245,near,nfip_fl_premium_depletion_usd,182250316.13919604,233457518.3559217,39800451.79866109,348629086.28629637,415707834.4951177,222050767.93785712,530879402.4254924,5,ssp245,182250316.13919604,3.5342455882139463,0.7040382987828722,7.052311614199538,826367691.9047467,310561518.66647625,1467536337.339186,5,-410659857.4096289,-49.694568341977806
ssp245,near,nfip_fl_premium_depletion_usd,182250316.13919604,233457518.3559217,39800451.79866109,348629086.28629637,415707834.4951177,222050767.93785712,530879402.4254924,5,ssp585,182250316.13919604,4.045209956759715,1.054659382181871,8.81528646282141,919491109.6080776,374462321.96101123,1788839060.8459733,5,-503783275.1129599,-54.789357922959326
ssp245,near,nfip_pool_used_usd,298956924.1997352,407093813.8018923,60546808.2177663,621106865.4969722,706050738.0016274,359503732.4175015,920063789.6967075,5,ssp245,298956924.1997352,4.231689445447661,0.7609452474363123,8.583055773984562,1564049784.9792514,526446774.8577016,2864920878.6249375,5,-857999046.9776239,-54.8575278880273
ssp245,near,nfip_pool_used_usd,298956924.1997352,407093813.8018923,60546808.2177663,621106865.4969722,706050738.0016274,359503732.4175015,920063789.6967075,5,ssp585,298956924.1997352,4.879636544917069,1.2694585891344266,10.660584020516188,1757758056.8807654,678470359.4062989,3486012333.146102,5,-1051707318.879138,-59.83231393889602
ssp245,near,rescued_defaults,1.29,1.8703292523833417,0.3027970220103458,2.9741794075710413,3.1603292523833417,1.5927970220103458,4.264179407571041,5,ssp245,1.29,5.254997298757428,0.8784609758046076,10.325080033983927,8.068946515397082,2.423214658787944,14.609353243839266,5,-4.90861726301374,-60.833434124853426
ssp245,near,rescued_defaults,1.29,1.8703292523833417,0.3027970220103458,2.9741794075710413,3.1603292523833417,1.5927970220103458,4.264179407571041,5,ssp585,1.29,6.118314424635332,1.557477389650874,12.838387876463838,9.18262560777958,3.2991458326496272,17.85152036063835,5,-6.022296355396238,-65.58359899040323
ssp245,near,total_damage_usd,19343788695.230297,29128189871.5779,4238161433.7211304,50921726226.8359,48471978566.8082,23581950128.951427,70265514922.0662,5,ssp245,19343788695.230297,7.0638090210194076,1.018110866368603,14.046558238018417,155984617781.2913,39037910162.5824,291057443146.70496,5,-107512639214.4831,-68.92515476444505
ssp245,near,total_damage_usd,19343788695.230297,29128189871.5779,4238161433.7211304,50921726226.8359,48471978566.8082,23581950128.951427,70265514922.0662,5,ssp585,19343788695.230297,8.779211599489296,2.436216069951405,17.566666773659247,189167002786.46603,66469437568.29467,359149678844.4177,5,-140695024219.65784,-74.37609210231874
ssp245,near,underinsured_wind_usd,2969616746.555762,4371917012.884523,629861096.8458134,7787405820.54471,7341533759.440285,3599477843.401575,10757022567.100471,5,ssp245,2969616746.555762,7.104042975796164,0.9938808014153193,13.903767373042486,24065901735.731876,5921061818.518955,44258477177.75834,5,-16724367976.291592,-69.4940424836027
ssp245,near,underinsured_wind_usd,2969616746.555762,4371917012.884523,629861096.8458134,7787405820.54471,7341533759.440285,3599477843.401575,10757022567.100471,5,ssp585,2969616746.555762,8.785096723413512,2.353902521751335,17.669561169833553,29057987096.516678,9959805094.908365,55441441500.7849,5,-21716453337.076393,-74.73488533443408
ssp245,near,uninsured_wind_usd,6765845907.801158,10165588784.625048,1444370917.5870657,17981772857.29259,16931434692.426205,8210216825.388224,24747618765.09375,5,ssp245,6765845907.801158,7.086309253740188,0.9612234168177501,13.984047192518643,54710722373.63268,13269335428.960178,101379754379.8017,5,-37779287681.20648,-69.05280362266585
ssp245,near,uninsured_wind_usd,6765845907.801158,10165588784.625048,1444370917.5870657,17981772857.29259,16931434692.426205,8210216825.388224,24747618765.09375,5,ssp585,6765845907.801158,8.819709199386548,2.4035179879935744,17.794434814180136,66438639302.46686,23027678251.193954,127160249876.95628,5,-49507204610.04065,-74.51568113045694
ssp245,near,water_total_usd,3039352298.578831,4675161369.182147,669281311.8542982,8027636528.29403,7714513667.760979,3708633610.4331293,11066988826.872862,5,ssp245,3039352298.578831,7.741885015290371,1.1565695730405696,14.249263693379248,26569668315.134632,6554574688.866025,46347884658.10693,5,-18855154647.373653,-70.96496058489886
ssp245,near,water_total_usd,3039352298.578831,4675161369.182147,669281311.8542982,8027636528.29403,7714513667.760979,3708633610.4331293,11066988826.872862,5,ssp585,3039352298.578831,9.67028273710879,2.6735002214547614,17.033096595171102,32430748363.517624,11165061341.908375,54808933587.02738,5,-24716234695.756645,-76.21234767299025
ssp245,near,wind_insured_citizens_pct,3.6899013245489156,1.1316092987125534,0.3612646228597074,1.9172813079467765,4.821510623261469,4.051165947408623,5.607182632495692,5,ssp245,3.6899013245489156,0.3809669644406065,0.16377510211609606,1.00711769196454,5.0956318312476885,4.294215290775233,7.406066230105519,5,-0.2741212079862194,-5.379533236786057
ssp245,near,wind_insured_citizens_pct,3.6899013245489156,1.1316092987125534,0.3612646228597074,1.9172813079467765,4.821510623261469,4.051165947408623,5.607182632495692,5,ssp585,3.6899013245489156,0.4318591958159023,0.1959414918575836,1.0909159542846383,5.2834191432086435,4.412906094888304,7.715273549235347,5,-0.4619085199471744,-8.742606017561865
ssp245,near,wind_insured_citizens_usd,1077922754.0709696,1537612149.9521623,210804393.17639047,2756116068.4059315,2615534904.023132,1288727147.24736,3834038822.476901,5,ssp245,1077922754.0709696,6.318158908921383,0.9692191515399375,12.851284856545393,7888410005.833539,2122666131.1972275,14930615119.988924,5,-5272875101.810408,-66.84331947643538
ssp245,near,wind_insured_citizens_usd,1077922754.0709696,1537612149.9521623,210804393.17639047,2756116068.4059315,2615534904.023132,1288727147.24736,3834038822.476901,5,ssp585,1077922754.0709696,7.779949040099188,2.340478939633842,16.171446420538885,9464106849.906483,3600778258.526183,18509492817.00937,5,-6848571945.88335,-72.36363720841786
ssp245,near,wind_insured_private_pct,20.511926737827867,7.798264736165482,2.73038436401417,14.205821001004306,28.31019147399335,23.242311101842038,34.71774773883217,5,ssp245,20.511926737827867,0.4166195001826242,0.17870140554030206,1.0747410633274894,29.05759540312432,24.17743687621741,42.55693669093655,5,-0.7474039291309715,-2.5721465205982232
ssp245,near,wind_insured_private_pct,20.511926737827867,7.798264736165482,2.73038436401417,14.205821001004306,28.31019147399335,23.242311101842038,34.71774773883217,5,ssp585,20.511926737827867,0.4548757669317575,0.21682532585038727,1.1045904844145167,29.842305143945342,24.959431936576664,43.16920582944022,5,-1.5321136699519933,-5.134032584151233
ssp245,near,wind_insured_private_usd,5491050988.223578,8372624471.3746805,1226225270.721778,14362426074.179983,13863675459.598259,6717276258.945356,19853477062.40356,5,ssp245,5491050988.223578,6.831891219435765,1.0106280206400151,14.17223524502364,43005314020.14233,11040460979.685373,83311517335.74767,5,-29141638560.544067,-67.76287820359839
ssp245,near,wind_insured_private_usd,5491050988.223578,8372624471.3746805,1226225270.721778,14362426074.179983,13863675459.598259,6717276258.945356,19853477062.40356,5,ssp585,5491050988.223578,8.490010906200652,2.3976055707357427,17.60763454579402,52110133764.74563,18656425426.782436,102175470061.18546,5,-38246458305.14737,-73.39543298394385
ssp245,near,wind_total_usd,16304436396.651468,24453028502.395756,3568880121.86683,42894089698.54188,40757464899.047226,19873316518.5183,59198526095.193344,5,ssp245,16304436396.651468,6.949199970165953,0.9962522139544467,14.010051119383483,129607225317.83453,32547767254.094955,244730423786.4752,5,-88849760418.78731,-68.55309200617629
ssp245,near,wind_total_usd,16304436396.651468,24453028502.395756,3568880121.86683,42894089698.54188,40757464899.047226,19873316518.5183,59198526095.193344,5,ssp585,16304436396.651468,8.628601906492744,2.3988355934933008,17.665969317811832,156988927373.088,55416098756.78667,304338109524.11084,5,-116231462474.04079,-74.03800027107255
ssp245,near,wind_underinsured_pct,10.951058655424745,4.108783177097564,1.2517962514074752,7.20366506549941,15.05984183252231,12.20285490683222,18.154723720924157,5,ssp245,10.951058655424745,0.4213030457199768,0.15815409669021013,1.0671234073263345,15.564773020813304,12.683013444874954,22.637189681632147,5,-0.5049311882909944,-3.244063936016269
ssp245,near,wind_underinsured_pct,10.951058655424745,4.108783177097564,1.2517962514074752,7.20366506549941,15.05984183252231,12.20285490683222,18.154723720924157,5,ssp585,10.951058655424745,0.45435168038209206,0.21759819122487123,1.1125185039907148,15.92669055747983,13.33398921084264,23.13431404787245,5,-0.8668487249575207,-5.442742306250263
ssp245,near,wind_underinsured_usd,2969616746.555762,4371917012.884523,629861096.8458134,7787405820.54471,7341533759.440285,3599477843.401575,10757022567.100471,5,ssp245,2969616746.555762,7.104042975796164,0.9938808014153193,13.903767373042486,24065901735.731876,5921061818.518955,44258477177.75834,5,-16724367976.291592,-69.4940424836027
ssp245,near,wind_underinsured_usd,2969616746.555762,4371917012.884523,629861096.8458134,7787405820.54471,7341533759.440285,3599477843.401575,10757022567.100471,5,ssp585,2969616746.555762,8.785096723413512,2.353902521751335,17.669561169833553,29057987096.516678,9959805094.908365,55441441500.7849,5,-21716453337.076393,-74.73488533443408
ssp245,near,wind_uninsured_pct,25.378578795587508,9.592869023302853,3.0876944372912236,16.90316586511581,34.97144781889036,28.46627323287873,42.28174466070332,5,ssp245,25.378578795587508,0.4252362277891347,0.16796503302889076,1.0744182516507146,36.17046990927246,29.641292621214674,52.645787054522536,5,-1.1990220903821012,-3.3149198597354315
ssp245,near,wind_uninsured_pct,25.378578795587508,9.592869023302853,3.0876944372912236,16.90316586511581,34.97144781889036,28.46627323287873,42.28174466070332,5,ssp585,25.378578795587508,0.460344618993439,0.220126617710038,1.1105249161759032,37.06147098183721,30.965079508147877,53.56212288522087,5,-2.0900231629468493,-5.639342172821773
ssp245,near,wind_uninsured_usd,6765845907.801158,10165588784.625048,1444370917.5870657,17981772857.29259,16931434692.426205,8210216825.388224,24747618765.09375,5,ssp245,6765845907.801158,7.086309253740188,0.9612234168177501,13.984047192518643,54710722373.63268,13269335428.960178,101379754379.8017,5,-37779287681.20648,-69.05280362266585
ssp245,near,wind_uninsured_usd,6765845907.801158,10165588784.625048,1444370917.5870657,17981772857.29259,16931434692.426205,8210216825.388224,24747618765.09375,5,ssp585,6765845907.801158,8.819709199386548,2.4035179879935744,17.794434814180136,66438639302.46686,23027678251.193954,127160249876.95628,5,-49507204610.04065,-74.51568113045694
ssp245,near,year_id,5000.5,0.0,0.0,0.0,5000.5,5000.5,5000.5,5,ssp245,5000.5,0.0,0.0,0.0,5000.5,5000.5,5000.5,5,0.0,0.0
ssp245,near,year_id,5000.5,0.0,0.0,0.0,5000.5,5000.5,5000.5,5,ssp585,5000.5,0.0,0.0,0.0,5000.5,5000.5,5000.5,5,0.0,0.0
ssp585,mid,catbond_issue_volume_year_usd,9464500000.0,0.0,0.0,0.0,9464500000.0,9464500000.0,9464500000.0,5,ssp245,9464500000.0,0.0,0.0,0.0,9464500000.0,9464500000.0,9464500000.0,5,0.0,0.0
ssp585,mid,catbond_issue_volume_year_usd,9464500000.0,0.0,0.0,0.0,9464500000.0,9464500000.0,9464500000.0,5,ssp585,9464500000.0,0.0,0.0,0.0,9464500000.0,9464500000.0,9464500000.0,5,0.0,0.0
ssp585,mid,catbond_limit_in_force_usd,9464500000.0,0.0,0.0,0.0,9464500000.0,9464500000.0,9464500000.0,5,ssp245,9464500000.0,0.0,0.0,0.0,9464500000.0,9464500000.0,9464500000.0,5,0.0,0.0
ssp585,mid,catbond_limit_in_force_usd,9464500000.0,0.0,0.0,0.0,9464500000.0,9464500000.0,9464500000.0,5,ssp585,9464500000.0,0.0,0.0,0.0,9464500000.0,9464500000.0,9464500000.0,5,0.0,0.0
ssp585,mid,catbond_payout_usd,511945273.42870957,979917638.7644093,238523483.89505196,1373419599.257734,1491862912.1931188,750468757.3237615,1885364872.6864436,5,ssp245,511945273.42870957,2.6943536027186368,0.8206129889998626,6.066346873767169,1891306865.2861307,932054214.4613948,3617582882.4328403,5,-399443953.09301186,-21.119996993855413
ssp585,mid,catbond_payout_usd,511945273.42870957,979917638.7644093,238523483.89505196,1373419599.257734,1491862912.1931188,750468757.3237615,1885364872.6864436,5,ssp585,511945273.42870957,3.242418209825849,1.0105326972683135,8.393023587989095,2171885950.428231,1029282711.4403878,4808714029.075396,5,-680023038.235112,-31.31025540733535
ssp585,mid,catbond_triggers,3.6528,6.0596000000000005,1.5105456911598583,8.426233625519421,9.7124,5.163345691159858,12.079033625519422,5,ssp245,3.6528,2.24031379385487,0.7049958922491175,5.033949466309605,11.836218226193068,6.228008995207577,22.040810610535726,5,-2.123818226193068,-17.943385172581092
ssp585,mid,catbond_triggers,3.6528,6.0596000000000005,1.5105456911598583,8.426233625519421,9.7124,5.163345691159858,12.079033625519422,5,ssp585,3.6528,2.6409239485726737,0.8374021349428502,6.65362236598226,13.299566999346263,6.711662518519243,27.95715177846,5,-3.5871669993462625,-26.97205856042222
ssp585,mid,citizens_residual_deficit_usd,718277468.2344651,2783876867.9496846,547870828.7862407,6188561532.430877,3502154336.1841497,1266148297.0207057,6906839000.665342,5,ssp245,718277468.2344651,8.634406318634854,3.1579192063790464,25.168300277576297,6920176978.491177,2986539680.6813984,18796100471.376755,5,-3418022642.307027,-49.39212758475242
ssp585,mid,citizens_residual_deficit_usd,718277468.2344651,2783876867.9496846,547870828.7862407,6188561532.430877,3502154336.1841497,1266148297.0207057,6906839000.665342,5,ssp585,718277468.2344651,12.734626571612381,3.571775470806549,53.10188252341877,9865272801.003553,3283803310.5073576,38860163205.639694,5,-6363118464.819404,-64.50017747276193
ssp585,mid,citizens_tier1_capacity_usd,539937478.65,0.0,0.0,7.152557373046876e-08,539937478.65,539937478.65,539937478.6500001,5,ssp245,539937478.65,0.0,-1.3247010359292595e-16,1.32470103592926e-16,539937478.65,539937478.6499999,539937478.6500001,5,0.0,0.0
ssp585,mid,citizens_tier1_capacity_usd,539937478.65,0.0,0.0,7.152557373046876e-08,539937478.65,539937478.65,539937478.6500001,5,ssp585,539937478.65,0.0,0.0,1.32470103592926e-16,539937478.65,539937478.65,539937478.6500001,5,0.0,0.0
ssp585,mid,citizens_tier1_usd,100789599.68242246,229377877.02821866,53480264.930962354,314448147.5010149,330167476.71064115,154269864.6133848,415237747.18343735,5,ssp245,100789599.68242246,3.634698997055192,1.1141647634508265,8.663066075881828,467129456.5617177,213085820.1708922,973936561.4929262,5,-136961979.85107654,-29.319919334391397
ssp585,mid,citizens_tier1_usd,100789599.68242246,229377877.02821866,53480264.930962354,314448147.5010149,330167476.71064115,154269864.6133848,415237747.18343735,5,ssp585,100789599.68242246,4.458197961800736,1.4428251362140243,12.0968450696008,550129587.5573103,246211367.5731706,1320025771.667773,5,-219962110.8466692,-39.98369035618438
ssp585,mid,citizens_tier2_capacity_usd,359958319.09999996,0.0,-3.5762786865234374e-08,0.0,359958319.09999996,359958319.0999999,359958319.09999996,5,ssp245,359958319.09999996,0.0,0.0,0.0,359958319.09999996,359958319.09999996,359958319.09999996,5,0.0,0.0
ssp585,mid,citizens_tier2_capacity_usd,359958319.09999996,0.0,-3.5762786865234374e-08,0.0,359958319.09999996,359958319.0999999,359958319.09999996,5,ssp585,359958319.09999996,0.0,-9.935257769469449e-17,0.0,359958319.09999996,359958319.0999999,359958319.09999996,5,0.0,0.0
ssp585,mid,citizens_tier2_usd,49554667.266172744,124234264.10583134,26712422.825964443,180993873.95837155,173788931.3720041,76267090.09213719,230548541.2245443,5,ssp245,49554667.266172744,4.268426457670688,1.336340457814135,10.01080274988976,261075120.12617207,115776574.00747715,545636666.6042469,5,-87286188.75416797,-33.43336152138297
ssp585,mid,citizens_tier2_usd,49554667.266172744,124234264.10583134,26712422.825964443,180993873.95837155,173788931.3720041,76267090.09213719,230548541.2245443,5,ssp585,49554667.266172744,5.363000525908557,1.7230681788000435,14.663971534636993,315316373.8758807,134940737.54353917,776222897.4657375,5,-141527442.50387663,-44.884266796619535
ssp585,mid,defaulted_premium_base_pct,4.590575368681856,12.728808623935732,2.9148991963240416,18.563718390188665,17.31938399261759,7.505474565005898,23.154293758870523,5,ssp245,4.590575368681856,4.854867304055447,1.4455824377757858,11.665191572819628,26.877209632897678,11.22663050093445,58.1405164738228,5,-9.55782564028009,-35.561078589725774
ssp585,mid,defaulted_premium_base_pct,4.590575368681856,12.728808623935732,2.9148991963240416,18.563718390188665,17.31938399261759,7.505474565005898,23.154293758870523,5,ssp585,4.590575368681856,6.255411917739236,2.036989104514393,17.86465502793065,33.30651523921453,13.94152737813894,86.59962070989877,5,-15.987131246596938,-48.00001180481938
ssp585,mid,defaults_post,2.1875,6.5745000000000005,1.4434200000000001,10.447479999999999,8.762,3.63092,12.634979999999999,5,ssp245,2.1875,5.64971037388099,1.7345457092367198,13.845019551007216,14.546241442864666,5.981818738955324,32.473480267828286,5,-5.784241442864666,-39.76450869170741
ssp585,mid,defaults_post,2.1875,6.5745000000000005,1.4434200000000001,10.447479999999999,8.762,3.63092,12.634979999999999,5,ssp585,2.1875,7.481937862032647,2.3000616489303765,22.537182708620275,18.554239073196417,7.218884857035198,51.48758717510685,5,-9.792239073196416,-52.776290283670825
ssp585,mid,defaults_pre,3.4775,10.589733166081285,2.3484678434874144,16.968067713625867,14.067233166081284,5.8259678434874145,20.445567713625866,5,ssp245,3.4775,5.726541733120681,1.7265417199502742,14.010881113697915,23.391548876927168,9.481548831127078,52.200339072884496,5,-9.324315710845884,-39.86189952578623
ssp585,mid,defaults_pre,3.4775,10.589733166081285,2.3484678434874144,16.968067713625867,14.067233166081284,5.8259678434874145,20.445567713625866,5,ssp585,3.4775,7.617889420521,2.3165009015699383,22.975727249462583,29.968710459861775,11.53313188520946,83.37559151000613,5,-15.901477293780491,-53.06026535602171
ssp585,mid,diag_group_shortfall_total_usd,6174970.940672383,46447815.48276697,8410274.172501517,132071994.27238059,52622786.42343935,14585245.1131739,138246965.213053,5,ssp245,6174970.940672383,29.074030266192654,6.813817422546164,121.38036888708653,185706262.96264136,48250095.519942135,755695221.5865259,5,-133083476.539202,-71.66342934054653
ssp585,mid,diag_group_shortfall_total_usd,6174970.940672383,46447815.48276697,8410274.172501517,132071994.27238059,52622786.42343935,14585245.1131739,138246965.213053,5,ssp585,6174970.940672383,31.04833770494996,10.536964146558159,343.93060842607224,197897554.02492103,71240418.34857579,2129936483.5794406,5,-145274767.60148168,-73.40907689196976
ssp585,mid,diag_groups_fully_funded_share,0.9986226415094339,-0.004931644718779937,-0.00927219634463563,-0.0010784064097360212,0.993690996790654,0.9893504451647983,0.9975442350996979,5,ssp245,0.9986226415094339,-0.0034339541357370114,-0.004040419437252049,-0.0006300458582119883,0.995193417159582,0.9945877871781992,0.9979934634502341,5,-0.0015024203689280036,-0.1509676755314677
ssp585,mid,diag_groups_fully_funded_share,0.9986226415094339,-0.004931644718779937,-0.00927219634463563,-0.0010784064097360212,0.993690996790654,0.9893504451647983,0.9975442350996979,5,ssp585,0.9986226415094339,-0.004932251742160335,-0.009275157110441414,-0.0010788443260969648,0.9936971832460882,0.9893602596153899,0.9975452831387295,5,-6.1864554342649924e-06,-0.0006225694848058075
ssp585,mid,diag_groups_with_shortfall,0.073,0.2613771700953337,0.05715553971601252,0.49142640626568934,0.3343771700953337,0.1301555397160125,0.5644264062656893,5,ssp245,0.073,8.033962264150944,2.3968764467958925,23.032133823529414,0.6594792452830188,0.24797198061610015,1.7543457691176472,5,-0.32510207518768514,-49.29678644369861
ssp585,mid,diag_groups_with_shortfall,0.073,0.2613771700953337,0.05715553971601252,0.49142640626568934,0.3343771700953337,0.1301555397160125,0.5644264062656893,5,ssp585,0.073,11.773584905660378,3.1027021553655896,42.87574921945701,0.9324716981132075,0.29949725734168803,3.2029296930203617,5,-0.5980945280178738,-64.14077008750796
ssp585,mid,fhcf_recovery_citizens_usd,160490599.41146898,416048270.47470486,79433638.7134129,797223095.3454347,576538869.8861738,239924238.12488186,957713694.7569036,5,ssp245,160490599.41146898,7.813708436259744,2.284616816539539,16.65081028067726,1414517349.9732475,527150121.72342163,2832789122.0440125,5,-837978480.0870737,-59.24130093582254
ssp585,mid,fhcf_recovery_citizens_usd,160490599.41146898,416048270.47470486,79433638.7134129,797223095.3454347,576538869.8861738,239924238.12488186,957713694.7569036,5,ssp585,160490599.41146898,6.848106863452335,3.030845178859924,27.941664385596386,1259547374.760729,646912758.890059,4644865065.2099285,5,-683008504.8745552,-54.22650378706903
ssp585,mid,fhcf_recovery_private_usd,805045573.3874182,2569743885.388567,533242625.90243566,4466038422.943763,3374789458.7759852,1338288199.2898538,5271083996.331181,5,ssp245,805045573.3874182,7.068733138279164,2.534430597067934,19.40762749331566,6495697895.816011,2845377706.6145897,16429070176.833143,5,-3120908437.040026,-48.045775636367814
ssp585,mid,fhcf_recovery_private_usd,805045573.3874182,2569743885.388567,533242625.90243566,4466038422.943763,3374789458.7759852,1338288199.2898538,5271083996.331181,5,ssp585,805045573.3874182,9.407747815328644,2.8670630718489485,32.40079694600408,8378711307.662897,3113162008.0019474,26889163728.992577,5,-5003921848.886911,-59.72185536826513
ssp585,mid,fhcf_scaling_factor,0.9895177457955809,-0.051365469758958726,-0.10382173851347672,-0.010232495889788473,0.9381522760366222,0.8856960072821042,0.9792852499057925,5,ssp245,0.9895177457955809,-0.0298830267847083,-0.04020138052679084,-0.0059569739904141335,0.9599479604940274,0.9497377663588404,0.9836232143208234,5,-0.021795684457405207,-2.2705068768715626
ssp585,mid,fhcf_scaling_factor,0.9895177457955809,-0.051365469758958726,-0.10382173851347672,-0.010232495889788473,0.9381522760366222,0.8856960072821042,0.9792852499057925,5,ssp585,0.9895177457955809,-0.05136962300830263,-0.10408746542717046,-0.010259442646253655,0.9386865922340365,0.8865213516405118,0.9793658452351409,5,-0.0005343161974142863,-0.056921682043272304
ssp585,mid,fhcf_shortfall_usd,345602104.79177666,2139110682.6415277,440380667.328525,4722620048.865656,2484712787.4333043,785982772.1203017,5068222153.657433,5,ssp245,345602104.79177666,22.23405852882222,5.3541986363382135,423.05588335716755,8029739530.416289,2196024422.9835234,146554605837.57324,5,-5545026742.982985,-69.05612220643863
ssp585,mid,fhcf_shortfall_usd,345602104.79177666,2139110682.6415277,440380667.328525,4722620048.865656,2484712787.4333043,785982772.1203017,5068222153.657433,5,ssp585,345602104.79177666,18.365246146269712,8.947354408392014,791.9130125136289,6692669827.961654,3437826620.6500382,274032406041.4985,5,-4207957040.5283494,-62.87411673810214
ssp585,mid,fhcf_total_postcap_usd,965536172.7988871,2985792155.863271,612676264.6158487,5263261518.289198,3951328328.6621585,1578212437.4147358,6228797691.088085,5,ssp245,965536172.7988871,6.7426222695918465,2.606770524987084,18.95723698089722,7475781873.609145,3482467408.859862,19269434214.17592,5,-3524453544.9469867,-47.14494891014599
ssp585,mid,fhcf_total_postcap_usd,965536172.7988871,2985792155.863271,612676264.6158487,5263261518.289198,3951328328.6621585,1578212437.4147358,6228797691.088085,5,ssp585,965536172.7988871,8.926798364462597,2.8710617167285326,31.673612670001837,9584682900.969467,3737650114.638357,31547554928.906803,5,-5633354572.307308,-58.774553425627765
ssp585,mid,fhcf_total_precap_usd,1311138277.5906637,5124902838.5048,1053056931.9443736,9985881567.154854,6436041116.095464,2364195209.535037,11297019844.745518,5,ssp245,1311138277.5906637,8.724834465681557,3.6015083018918985,27.537590040544984,12750602711.188038,6033213669.261684,37416726652.348625,5,-6314561595.092574,-49.52363224015953
ssp585,mid,fhcf_total_precap_usd,1311138277.5906637,5124902838.5048,1053056931.9443736,9985881567.154854,6436041116.095464,2364195209.535037,11297019844.745518,5,ssp585,1311138277.5906637,11.443467550104813,3.902844222442382,51.54471329794295,16315106610.89974,6428306729.108441,68893384889.96016,5,-9879065494.804276,-60.55164535795497
ssp585,mid,figa_collected_usd,48326314.97494906,125559940.54325187,29313516.630511917,170249555.8966349,173886255.51820093,77639831.60546097,218575870.87158397,5,ssp245,48326314.97494906,4.322244519345491,1.2895825482638945,10.55460695628044,257204465.01558656,110647087.38854748,558391575.180946,5,-83318209.49738562,-32.39376481754955
ssp585,mid,figa_collected_usd,48326314.97494906,125559940.54325187,29313516.630511917,170249555.8966349,173886255.51820093,77639831.60546097,218575870.87158397,5,ssp585,48326314.97494906,5.430633576425862,1.8451927911785964,15.47756687937289,310768823.7028394,137497682.99095133,796300087.0333627,5,-136882568.18463844,-44.04642864547027
ssp585,mid,figa_residual_deficit_usd,1292311924.0864177,5966031028.95711,1207308270.0812855,12991732628.046381,7258342953.043528,2499620194.167703,14284044552.1328,5,ssp245,1292311924.0864177,11.210721846894584,4.494783574731379,40.84072443236976,15780061444.444395,7100974333.899552,54071267096.36535,5,-8521718491.400867,-54.003075472187504
ssp585,mid,figa_residual_deficit_usd,1292311924.0864177,5966031028.95711,1207308270.0812855,12991732628.046381,7258342953.043528,2499620194.167703,14284044552.1328,5,ssp585,1292311924.0864177,17.00985534985248,4.779847154787069,86.45585676183416,23274350819.68592,7469365397.528283,113020246524.51204,5,-16016007866.642393,-68.81398321578845
ssp585,mid,flood_insured_capped_pct,2.1724964393234587,0.6028553210244407,-0.03053820356837378,1.2858863941472702,2.7753517603478994,2.141958235755085,3.458382833470729,5,ssp245,2.1724964393234587,0.40983678863918716,0.15331361111002925,1.0812954707752012,3.0628654033458536,2.5055697135598187,4.521606999439165,5,-0.2875136429979541,-9.387080564620181
ssp585,mid,flood_insured_capped_pct,2.1724964393234587,0.6028553210244407,-0.03053820356837378,1.2858863941472702,2.7753517603478994,2.141958235755085,3.458382833470729,5,ssp585,2.1724964393234587,0.3316601319223508,-0.04331755362129691,1.0916056502112885,2.893026894990314,2.0783892083209885,4.544005827552852,5,-0.11767513464241475,-4.067543749634195
ssp585,mid,flood_insured_capped_usd,644954483.8175347,2104339416.103926,399711334.41845727,4319421780.396957,2749293899.9214606,1044665818.235992,4964376264.214492,5,ssp245,644954483.8175347,7.297058430094994,2.237408538261402,17.006835906257734,5351225036.985842,2087981152.700862,11613589557.107506,5,-2601931137.064381,-48.62309319979483
ssp585,mid,flood_insured_capped_usd,644954483.8175347,2104339416.103926,399711334.41845727,4319421780.396957,2749293899.9214606,1044665818.235992,4964376264.214492,5,ssp585,644954483.8175347,11.108394601451254,2.751255042147335,34.70358298215489,7809363390.038017,2419388759.3760586,23027185932.692223,5,-5060069490.116556,-64.79490372507716
ssp585,mid,flood_un_derinsured_pct,8.766038047287509,4.044515297209485,0.7442500579540754,6.641801430127415,12.810553344496995,9.510288105241585,15.407839477414925,5,ssp245,8.766038047287509,0.46928957389904774,0.2123799689574224,1.1174282736213998,12.879848307281904,10.627768935650014,18.561456808967495,5,-0.06929496278490888,-0.5380107058072373
ssp585,mid,flood_un_derinsured_pct,8.766038047287509,4.044515297209485,0.7442500579540754,6.641801430127415,12.810553344496995,9.510288105241585,15.407839477414925,5,ssp585,8.766038047287509,0.5092233376814591,0.10147683184731454,1.1717210904856614,13.229909199969915,9.655587816179265,19.03738970729403,5,-0.4193558554729204,-3.1697561119608744
ssp585,mid,flood_un_derinsured_usd,2394397814.7612963,9115316415.067915,1944116730.550457,17678167267.46098,11509714229.829212,4338514545.311753,20072565082.222275,5,ssp245,2394397814.7612963,8.699199923608395,2.6915670475332427,20.70815067810656,23223743102.020874,8839080071.658407,51977948546.1673,5,-11714028872.191662,-50.439883100379
ssp585,mid,flood_un_derinsured_usd,2394397814.7612963,9115316415.067915,1944116730.550457,17678167267.46098,11509714229.829212,4338514545.311753,20072565082.222275,5,ssp585,2394397814.7612963,12.853509926755866,3.29576776814435,40.383456887306785,33170813895.39817,10285776956.766842,99088458738.23569,5,-21661099665.56896,-65.30168278015641
ssp585,mid,group_contrib_total_usd,572184876.4533527,2615109159.120308,536617270.67841434,5686706063.3099575,3187294035.573661,1108802147.131767,6258890939.76331,5,ssp245,572184876.4533527,11.077283766131671,4.552993992375598,40.23834275578543,6910439119.616133,3177339181.4736414,23595956054.8601,5,-3723145084.042472,-53.877112866443845
ssp585,mid,group_contrib_total_usd,572184876.4533527,2615109159.120308,536617270.67841434,5686706063.3099575,3187294035.573661,1108802147.131767,6258890939.76331,5,ssp585,572184876.4533527,16.81570001027014,4.900030417076246,84.87353967862387,10193874109.306416,3375908175.2657948,49135540691.62548,5,-7006580073.732755,-68.73324114662309
ssp585,mid,group_supported_companies,1.3025,4.095228198695434,0.8991599147216945,6.719575702379757,5.397728198695434,2.2016599147216946,8.022075702379757,5,ssp245,1.3025,5.938585496866607,1.7539858877022318,14.5508506360013,9.037507609668756,3.587066618732157,20.254982953391693,5,-3.639779410973322,-40.274150442532545
ssp585,mid,group_supported_companies,1.3025,4.095228198695434,0.8991599147216945,6.719575702379757,5.397728198695434,2.2016599147216946,8.022075702379757,5,ssp585,1.3025,7.985138764547896,2.3459086681989354,24.405608752834258,11.703143240823636,4.358046040329113,33.09080540056662,5,-6.305415042128201,-53.87796177810811
ssp585,mid,insured_citizens_wind_pre_usd,1077922754.0709696,3642682832.8689504,731608101.1920676,7570406155.785342,4720605586.93992,1809530855.2630372,8648328909.856312,5,ssp245,1077922754.0709696,6.841258781131645,2.3587359315131797,17.832084092216746,8452271260.740598,3620457885.49381,20299531949.57837,5,-3731665673.8006773,-44.149856987359684
ssp585,mid,insured_citizens_wind_pre_usd,1077922754.0709696,3642682832.8689504,731608101.1920676,7570406155.785342,4720605586.93992,1809530855.2630372,8648328909.856312,5,ssp585,1077922754.0709696,9.717026176745312,2.8199829276694297,35.72985292372428,11552126371.887981,4117646517.897517,39591944220.16253,5,-6831520784.948061,-59.136478991196974
ssp585,mid,insured_flood_pre_usd,644954483.8175347,2104339416.103926,399711334.41845727,4321759723.460804,2749293899.9214606,1044665818.235992,4966714207.278338,5,ssp245,644954483.8175347,7.297058430094994,2.237408538261402,17.00701289621197,5351225036.985842,2087981152.700862,11613703707.572083,5,-2601931137.064381,-48.62309319979483
ssp585,mid,insured_flood_pre_usd,644954483.8175347,2104339416.103926,399711334.41845727,4321759723.460804,2749293899.9214606,1044665818.235992,4966714207.278338,5,ssp585,644954483.8175347,11.108394601451254,2.751255042147335,34.71276513324636,7809363390.038017,2419388759.3760586,23033108002.209755,5,-5060069490.116556,-64.79490372507716
ssp585,mid,insured_private_wind_pre_usd,5491050988.223578,20724494116.036808,4352250462.948125,40496667601.126976,26215545104.260387,9843301451.171703,45987718589.350555,5,ssp245,5491050988.223578,7.835784409666416,2.4989751193527012,20.44842371427992,48517742714.42927,19213050786.891365,117774388232.13478,5,-22302197610.16888,-45.967096493827945
ssp585,mid,insured_private_wind_pre_usd,5491050988.223578,20724494116.036808,4352250462.948125,40496667601.126976,26215545104.260387,9843301451.171703,45987718589.350555,5,ssp585,5491050988.223578,11.292062279508134,3.0786845376125958,40.2896172829913,67496340727.198906,22396264760.90987,226723393785.14273,5,-41280795622.93852,-61.160049831121675
ssp585,mid,largest_entity_deficit_usd,328194908.3869914,1427505569.8403635,296694099.8831833,2997438523.4664874,1755700478.227355,624889008.2701747,3325633431.853479,5,ssp245,328194908.3869914,9.954063960974008,3.67465904740861,31.825397710916327,3595068018.1371083,1534199297.8046894,10773128394.50074,5,-1839367539.9097533,-51.16363669978284
ssp585,mid,largest_entity_deficit_usd,328194908.3869914,1427505569.8403635,296694099.8831833,2997438523.4664874,1755700478.227355,624889008.2701747,3325633431.853479,5,ssp585,328194908.3869914,14.792800617659186,4.203851622558877,66.61465754793774,5183116751.886678,1707877606.525207,22190786339.56322,5,-3427416273.6593227,-66.12654967518777
ssp585,mid,nfip_borrowed_usd,345997559.61779946,1304163035.116374,235186276.52207285,3047521390.1286855,1650160594.7341735,581183836.1398723,3393518949.7464848,5,ssp245,345997559.61779946,12.200297767232053,4.651074825160406,30.883441684244858,4567270813.6905775,1955258098.7230833,11031593014.965143,5,-2917110218.9564037,-63.869876299260575
ssp585,mid,nfip_borrowed_usd,345997559.61779946,1304163035.116374,235186276.52207285,3047521390.1286855,1650160594.7341735,581183836.1398723,3393518949.7464848,5,ssp585,345997559.61779946,19.47897998703147,5.362622273502593,71.7399736644031,7085677098.974643,2201451779.401752,25167853374.546474,5,-5435516504.240469,-76.71132099749556
ssp585,mid,nfip_claims_paid_usd,644954483.8175347,2104339416.103926,399711334.41845727,4319421780.396957,2749293899.9214606,1044665818.235992,4964376264.214492,5,ssp245,644954483.8175347,7.297058430094994,2.237408538261402,17.006835906257734,5351225036.985842,2087981152.700862,11613589557.107506,5,-2601931137.064381,-48.62309319979483
ssp585,mid,nfip_claims_paid_usd,644954483.8175347,2104339416.103926,399711334.41845727,4319421780.396957,2749293899.9214606,1044665818.235992,4964376264.214492,5,ssp585,644954483.8175347,11.108394601451254,2.751255042147335,34.70358298215489,7809363390.038017,2419388759.3760586,23027185932.692223,5,-5060069490.116556,-64.79490372507716
ssp585,mid,nfip_fl_premium_base_usd,1395853723.0,0.0,0.0,0.0,1395853723.0,1395853723.0,1395853723.0,5,ssp245,1395853723.0,0.0,0.0,0.0,1395853723.0,1395853723.0,1395853723.0,5,0.0,0.0
ssp585,mid,nfip_fl_premium_base_usd,1395853723.0,0.0,0.0,0.0,1395853723.0,1395853723.0,1395853723.0,5,ssp585,1395853723.0,0.0,0.0,0.0,1395853723.0,1395853723.0,1395853723.0,5,0.0,0.0
ssp585,mid,nfip_fl_premium_depletion_usd,182250316.13919604,448117350.94784,93977747.48800257,647873980.4133928,630367667.087036,276228063.6271986,830124296.5525888,5,ssp245,182250316.13919604,3.9126132302728944,1.253296039139982,9.634090006059425,895325314.2868321,410663915.48846,1938066265.4569955,5,-264957647.19979608,-29.593449774269708
ssp585,mid,nfip_fl_premium_depletion_usd,182250316.13919604,448117350.94784,93977747.48800257,647873980.4133928,630367667.087036,276228063.6271986,830124296.5525888,5,ssp585,182250316.13919604,4.861638257505656,1.514151975134477,14.108889372408962,1068285425.524012,458204992.2902426,2753599864.6336727,5,-437917758.43697596,-40.99258007027194
ssp585,mid,nfip_pool_used_usd,298956924.1997352,800228596.9213109,161314490.8372413,1272104268.295934,1099185521.121046,460271415.0369765,1571061192.4956691,5,ssp245,298956924.1997352,4.717455784958652,1.4778322527969796,11.758580500018192,1709272995.7192214,740765108.9790858,3814265983.440159,5,-610087474.5981753,-35.69280484311782
ssp585,mid,nfip_pool_used_usd,298956924.1997352,800228596.9213109,161314490.8372413,1272104268.295934,1099185521.121046,460271415.0369765,1571061192.4956691,5,ssp585,298956924.1997352,5.94902843457353,1.7798646501441382,18.297717964365695,2077460166.9766035,831059785.4986646,5769186406.700744,5,-978274645.8555574,-47.08993517210358
ssp585,mid,rescued_defaults,1.29,4.016229252383341,0.8811908972677264,6.522039407571042,5.306229252383341,2.1711908972677265,7.812039407571042,5,ssp245,1.29,5.857914640734737,1.731774508832522,14.39418753249139,8.846709886547812,3.5239891163939534,19.858501916913895,5,-3.540480634164471,-40.02030901395419
ssp585,mid,rescued_defaults,1.29,4.016229252383341,0.8811908972677264,6.522039407571042,5.306229252383341,2.1711908972677265,7.812039407571042,5,ssp585,1.29,7.850351161534306,2.3144622143172966,23.883123340068884,11.416952998379255,4.275656256469313,32.09922910868886,5,-6.110723745995914,-53.52324518515045
ssp585,mid,total_damage_usd,19343788695.230297,72407223391.94614,14725465138.991798,142000200607.03394,91751012087.17644,34069253834.222095,161343989302.26422,5,ssp245,19343788695.230297,7.942191516311128,2.4882788631262374,20.31074321562443,172975863163.80347,67476529238.352104,412230513701.3516,5,-81224851076.62703,-46.957332422564235
ssp585,mid,total_damage_usd,19343788695.230297,72407223391.94614,14725465138.991798,142000200607.03394,91751012087.17644,34069253834.222095,161343989302.26422,5,ssp585,19343788695.230297,11.423325239432678,3.0000962384557495,40.02747975511154,240314178323.70706,77377016397.27356,793626899080.7166,5,-148563166236.53064,-61.82039165263635
ssp585,mid,underinsured_wind_usd,2969616746.555762,11004623567.135569,2236105508.471964,21538147199.51813,13974240313.69133,5205722255.027725,24507763946.073895,5,ssp245,2969616746.555762,7.878925573230115,2.4214121593609894,20.231317327324746,26367006073.686367,10160282845.307905,63048875486.663086,5,-12392765759.995037,-47.00103502597785
ssp585,mid,underinsured_wind_usd,2969616746.555762,11004623567.135569,2236105508.471964,21538147199.51813,13974240313.69133,5205722255.027725,24507763946.073895,5,ssp585,2969616746.555762,11.33992489136848,2.9568981609101215,40.04923860426063,36644847608.648125,11750471043.054392,121900506392.57564,5,-22670607294.956795,-61.86574313821561
ssp585,mid,uninsured_wind_usd,6765845907.801158,25809507645.751682,5288657736.822432,50386009233.58554,32575353553.55284,12054503644.623589,57151855141.386696,5,ssp245,6765845907.801158,8.058175941655277,2.4594739524420075,20.60250610196967,61286222626.99126,23406267684.274456,146159227508.26105,5,-28710869073.438416,-46.84718333544964
ssp585,mid,uninsured_wind_usd,6765845907.801158,25809507645.751682,5288657736.822432,50386009233.58554,32575353553.55284,12054503644.623589,57151855141.386696,5,ssp585,6765845907.801158,11.425927175648782,2.997852384585201,40.51808252514661,84071908531.99852,27048853196.238884,280904948752.514,5,-51496554978.44568,-61.25298673200172
ssp585,mid,water_total_usd,3039352298.578831,11220629146.59379,2308746807.3558784,21999417099.83996,14259981445.17262,5348099105.93471,25038769398.41879,5,ssp245,3039352298.578831,8.398536945750354,2.6113240379464773,19.99302237825616,28565464869.344406,10976086015.645613,63805190819.4697,5,-14305483424.171785,-50.07964508753364
ssp585,mid,water_total_usd,3039352298.578831,11220629146.59379,2308746807.3558784,21999417099.83996,14259981445.17262,5348099105.93471,25038769398.41879,5,ssp585,3039352298.578831,12.479302635381122,3.1502609715093994,39.29740247652355,40968349448.08531,12614105223.459106,122478002843.77814,5,-26708368002.91269,-65.19268743486303
ssp585,mid,wind_insured_citizens_pct,3.6899013245489156,1.013130495229103,0.09294378983717244,2.259769157984967,4.703031819778019,3.782845114386088,5.949670482533882,5,ssp245,3.6899013245489156,0.4323703377613327,0.20149466632639473,1.1187778936243862,5.285305206550119,4.433396760716222,7.818081356109584,5,-0.5822733867721004,-11.016835622860237
ssp585,mid,wind_insured_citizens_pct,3.6899013245489156,1.013130495229103,0.09294378983717244,2.259769157984967,4.703031819778019,3.782845114386088,5.949670482533882,5,ssp585,3.6899013245489156,0.3518519553198125,0.008845653370810586,1.18498019045047,4.988200320528618,3.72254091263837,8.062361298856331,5,-0.28516850075059885,-5.71686144153045
ssp585,mid,wind_insured_citizens_usd,1077922754.0709696,3642682832.8689504,731608101.1920676,7570406155.785342,4720605586.93992,1809530855.2630372,8648328909.856312,5,ssp245,1077922754.0709696,6.841258781131645,2.3587359315131797,17.832084092216746,8452271260.740598,3620457885.49381,20299531949.57837,5,-3731665673.8006773,-44.149856987359684
ssp585,mid,wind_insured_citizens_usd,1077922754.0709696,3642682832.8689504,731608101.1920676,7570406155.785342,4720605586.93992,1809530855.2630372,8648328909.856312,5,ssp585,1077922754.0709696,9.717026176745312,2.8199829276694297,35.72985292372428,11552126371.887981,4117646517.897517,39591944220.16253,5,-6831520784.948061,-59.136478991196974
ssp585,mid,wind_insured_private_pct,20.511926737827867,9.0511610429758,1.6515545950001878,15.319729933791638,29.563087780803667,22.163481332828056,35.831656671619506,5,ssp245,20.511926737827867,0.4613099947959021,0.21869018344272148,1.0988770306806779,29.974283554509164,24.997683758887106,43.05201188503176,5,-0.4111957737054972,-1.3718285308061655
ssp585,mid,wind_insured_private_pct,20.511926737827867,9.0511610429758,1.6515545950001878,15.319729933791638,29.563087780803667,22.163481332828056,35.831656671619506,5,ssp585,20.511926737827867,0.48355503658512855,0.09759523040063067,1.169986264380726,30.4305722219697,22.513792953767034,44.51059927707022,5,-0.8674844411660345,-2.850700390509726
ssp585,mid,wind_insured_private_usd,5491050988.223578,20724494116.036808,4352250462.948125,40496667601.126976,26215545104.260387,9843301451.171703,45987718589.350555,5,ssp245,5491050988.223578,7.835784409666416,2.4989751193527012,20.44842371427992,48517742714.42927,19213050786.891365,117774388232.13478,5,-22302197610.16888,-45.967096493827945
ssp585,mid,wind_insured_private_usd,5491050988.223578,20724494116.036808,4352250462.948125,40496667601.126976,26215545104.260387,9843301451.171703,45987718589.350555,5,ssp585,5491050988.223578,11.292062279508134,3.0786845376125958,40.2896172829913,67496340727.198906,22396264760.90987,226723393785.14273,5,-41280795622.93852,-61.160049831121675
ssp585,mid,wind_total_usd,16304436396.651468,61186594245.35235,12416718331.635923,120000783507.19398,77491030642.00381,28721154728.28739,136305219903.84546,5,ssp245,16304436396.651468,7.865059576865943,2.469460367264876,20.37088504004597,144539800023.53674,56567595888.77322,348440235875.5799,5,-67048769381.53293,-46.38775573967499
ssp585,mid,wind_total_usd,16304436396.651468,61186594245.35235,12416718331.635923,120000783507.19398,77491030642.00381,28721154728.28739,136305219903.84546,5,ssp585,16304436396.651468,11.244842933474514,2.977223713620123,40.16658047964372,199645262795.8224,64846391073.97325,671197893097.985,5,-122154232153.81857,-61.1856401915962
ssp585,mid,wind_underinsured_pct,10.951058655424745,4.578972051523122,0.6687162981589427,7.9541859585274155,15.530030706947867,11.619774953583688,18.90524461395216,5,ssp245,10.951058655424745,0.45173713220674844,0.20614268789601384,1.1232841673927174,15.898058487054211,13.20853932196091,23.25220945925234,5,-0.3680277801063436,-2.314922796428436
ssp585,mid,wind_underinsured_pct,10.951058655424745,4.578972051523122,0.6687162981589427,7.9541859585274155,15.530030706947867,11.619774953583688,18.90524461395216,5,ssp585,10.951058655424745,0.46951488760136495,0.07378990175765501,1.1897904958310972,16.09274372914245,11.759136197750856,23.980524162937986,5,-0.5627130221945844,-3.4966878965180053
ssp585,mid,wind_underinsured_usd,2969616746.555762,11004623567.135569,2236105508.471964,21538147199.51813,13974240313.69133,5205722255.027725,24507763946.073895,5,ssp245,2969616746.555762,7.878925573230115,2.4214121593609894,20.231317327324746,26367006073.686367,10160282845.307905,63048875486.663086,5,-12392765759.995037,-47.00103502597785
ssp585,mid,wind_underinsured_usd,2969616746.555762,11004623567.135569,2236105508.471964,21538147199.51813,13974240313.69133,5205722255.027725,24507763946.073895,5,ssp585,2969616746.555762,11.33992489136848,2.9568981609101215,40.04923860426063,36644847608.648125,11750471043.054392,121900506392.57564,5,-22670607294.956795,-61.86574313821561
ssp585,mid,wind_uninsured_pct,25.378578795587508,10.589365792038052,1.60974420227606,18.642663343760947,35.96794458762556,26.98832299786357,44.02124213934846,5,ssp245,25.378578795587508,0.4726749130627736,0.20653457776613163,1.1253613247015846,37.374396321448586,30.620132851438676,53.93864984803341,5,-1.406451733823026,-3.7631423440969
ssp585,mid,wind_uninsured_pct,25.378578795587508,10.589365792038052,1.60974420227606,18.642663343760947,35.96794458762556,26.98832299786357,44.02124213934846,5,ssp585,25.378578795587508,0.46940930321752417,0.07497578672455332,1.192556970927723,37.29151978467527,27.281357706737747,55.64397985050388,5,-1.3235751970497134,-3.549265904667229
ssp585,mid,wind_uninsured_usd,6765845907.801158,25809507645.751682,5288657736.822432,50386009233.58554,32575353553.55284,12054503644.623589,57151855141.386696,5,ssp245,6765845907.801158,8.058175941655277,2.4594739524420075,20.60250610196967,61286222626.99126,23406267684.274456,146159227508.26105,5,-28710869073.438416,-46.84718333544964
ssp585,mid,wind_uninsured_usd,6765845907.801158,25809507645.751682,5288657736.822432,50386009233.58554,32575353553.55284,12054503644.623589,57151855141.386696,5,ssp585,6765845907.801158,11.425927175648782,2.997852384585201,40.51808252514661,84071908531.99852,27048853196.238884,280904948752.514,5,-51496554978.44568,-61.25298673200172
ssp585,mid,year_id,5000.5,0.0,0.0,0.0,5000.5,5000.5,5000.5,5,ssp245,5000.5,0.0,0.0,0.0,5000.5,5000.5,5000.5,5,0.0,0.0
ssp585,mid,year_id,5000.5,0.0,0.0,0.0,5000.5,5000.5,5000.5,5,ssp585,5000.5,0.0,0.0,0.0,5000.5,5000.5,5000.5,5,0.0,0.0
ssp585,near,catbond_issue_volume_year_usd,9464500000.0,0.0,0.0,0.0,9464500000.0,9464500000.0,9464500000.0,5,ssp245,9464500000.0,0.0,0.0,0.0,9464500000.0,9464500000.0,9464500000.0,5,0.0,0.0
ssp585,near,catbond_issue_volume_year_usd,9464500000.0,0.0,0.0,0.0,9464500000.0,9464500000.0,9464500000.0,5,ssp585,9464500000.0,0.0,0.0,0.0,9464500000.0,9464500000.0,9464500000.0,5,0.0,0.0
ssp585,near,catbond_limit_in_force_usd,9464500000.0,0.0,0.0,0.0,9464500000.0,9464500000.0,9464500000.0,5,ssp245,9464500000.0,0.0,0.0,0.0,9464500000.0,9464500000.0,9464500000.0,5,0.0,0.0
ssp585,near,catbond_limit_in_force_usd,9464500000.0,0.0,0.0,0.0,9464500000.0,9464500000.0,9464500000.0,5,ssp585,9464500000.0,0.0,0.0,0.0,9464500000.0,9464500000.0,9464500000.0,5,0.0,0.0
ssp585,near,catbond_payout_usd,511945273.42870957,721806464.9231623,162737783.55608237,977068696.1626471,1233751738.351872,674683056.984792,1489013969.5913568,5,ssp245,511945273.42870957,2.4403259017371215,0.5560749781632437,4.855724435103745,1761258584.4486825,796625230.171355,2997810447.052363,5,-527506846.0968106,-29.950562101131407
ssp585,near,catbond_payout_usd,511945273.42870957,721806464.9231623,162737783.55608237,977068696.1626471,1233751738.351872,674683056.984792,1489013969.5913568,5,ssp585,511945273.42870957,2.752715041342861,0.7522090856791674,5.660920402187407,1921184727.9403021,897035159.4722905,3410026716.584702,5,-687432989.5884302,-35.78172257934954
ssp585,near,catbond_triggers,3.6528,4.814634771700954,1.1187818500862154,6.21899971683904,8.467434771700955,4.771581850086216,9.871799716839039,5,ssp245,3.6528,2.0302898234909565,0.49888430238695686,4.120278365996671,11.069042667247766,5.475124579759076,18.70335281531264,5,-2.6016078955468114,-23.503458914696566
ssp585,near,catbond_triggers,3.6528,4.814634771700954,1.1187818500862154,6.21899971683904,8.467434771700955,4.771581850086216,9.871799716839039,5,ssp585,3.6528,2.26559163216387,0.6656443280573735,4.713667855673235,11.928553113968183,6.084265601527974,20.870885943203195,5,-3.4611183422672287,-29.015407897327496
ssp585,near,citizens_residual_deficit_usd,718277468.2344651,1324183834.3010964,280797717.4044239,2714713281.3503747,2042461302.5355616,999075185.6388891,3432990749.58484,5,ssp245,718277468.2344651,7.9790594920633575,1.1297390520501533,17.677202423794533,6449456119.08591,1529743574.306654,13415413670.665752,5,-4406994816.550348,-68.3312629030641
ssp585,near,citizens_residual_deficit_usd,718277468.2344651,1324183834.3010964,280797717.4044239,2714713281.3503747,2042461302.5355616,999075185.6388891,3432990749.58484,5,ssp585,718277468.2344651,10.094424337119872,3.2125386964904825,22.478216244155412,7968875024.385295,3025771629.7548976,16863873722.513243,5,-5926413721.849733,-74.36951519147317
ssp585,near,citizens_tier1_capacity_usd,539937478.65,0.0,0.0,7.152557373046876e-08,539937478.65,539937478.65,539937478.6500001,5,ssp245,539937478.65,0.0,0.0,1.32470103592926e-16,539937478.65,539937478.65,539937478.6500001,5,0.0,0.0
ssp585,near,citizens_tier1_capacity_usd,539937478.65,0.0,0.0,7.152557373046876e-08,539937478.65,539937478.65,539937478.6500001,5,ssp585,539937478.65,0.0,0.0,1.32470103592926e-16,539937478.65,539937478.65,539937478.6500001,5,0.0,0.0
ssp585,near,citizens_tier1_usd,100789599.68242246,150076579.3925239,33174090.405480973,223661375.15333116,250866179.07494637,133963690.08790344,324450974.8357536,5,ssp245,100789599.68242246,3.289985728772481,0.6983567498174388,6.560949335109714,432385944.24628377,171176696.93203977,762065056.7047863,5,-181519765.1713374,-41.98095881394912
ssp585,near,citizens_tier1_usd,100789599.68242246,150076579.3925239,33174090.405480973,223661375.15333116,250866179.07494637,133963690.08790344,324450974.8357536,5,ssp585,100789599.68242246,3.732189528240691,1.017688199373861,7.789355406953824,476955488.17273086,203361985.89883927,885875612.9334112,5,-226089309.0977845,-47.402601438544636
ssp585,near,citizens_tier2_capacity_usd,359958319.09999996,0.0,0.0,0.0,359958319.09999996,359958319.09999996,359958319.09999996,5,ssp245,359958319.09999996,0.0,0.0,0.0,359958319.09999996,359958319.09999996,359958319.09999996,5,0.0,0.0
ssp585,near,citizens_tier2_capacity_usd,359958319.09999996,0.0,0.0,0.0,359958319.09999996,359958319.09999996,359958319.09999996,5,ssp585,359958319.09999996,0.0,0.0,0.0,359958319.09999996,359958319.09999996,359958319.09999996,5,0.0,0.0
ssp585,near,citizens_tier2_usd,49554667.266172744,77098518.65750188,14372931.458003871,117652797.16428515,126653185.92367461,63927598.724176615,167207464.4304579,5,ssp245,49554667.266172744,3.8216342890624806,0.7186007192068833,7.322126639789017,238934482.87366056,85164686.80370228,412400216.581697,5,-112281296.94998595,-46.992504221065495
ssp585,near,citizens_tier2_usd,49554667.266172744,77098518.65750188,14372931.458003871,117652797.16428515,126653185.92367461,63927598.724176615,167207464.4304579,5,ssp585,49554667.266172744,4.349764468196823,1.148758495898172,8.912566881288893,265105798.17388713,106481012.29959574,491213953.55595475,5,-138452612.25021252,-52.22541838160749
ssp585,near,defaulted_premium_base_pct,4.590575368681856,7.729889579452131,1.5111534204120498,11.960638308976,12.320464948133987,6.101728789093906,16.551213677657856,5,ssp245,4.590575368681856,4.3880685219264235,0.8504585843504204,8.642561722189484,24.734334641525493,8.494669598084936,44.264906332877544,5,-12.413869693391506,-50.188815964955666
ssp585,near,defaulted_premium_base_pct,4.590575368681856,7.729889579452131,1.5111534204120498,11.960638308976,12.320464948133987,6.101728789093906,16.551213677657856,5,ssp585,4.590575368681856,5.009162210279598,1.293506886800091,10.682644142584587,27.585512028923343,10.528516222446703,53.630058442024165,5,-15.265047080789357,-55.33718955364682
ssp585,near,defaults_post,2.1875,3.8177000000000003,0.74188,6.16576,6.0052,2.92938,8.353259999999999,5,ssp245,2.1875,5.061506055818851,0.9197521035338185,10.041236161719576,13.259544497103738,4.199457726480228,24.15270410376157,5,-7.254344497103737,-54.71035976151589
ssp585,near,defaults_post,2.1875,3.8177000000000003,0.74188,6.16576,6.0052,2.92938,8.353259999999999,5,ssp585,2.1875,5.869931542917324,1.5434591758327096,12.542210748170115,15.027975250131647,5.563816947134052,29.623586011622127,5,-9.022775250131646,-60.039859661417836
ssp585,near,defaults_pre,3.4775,6.075233166081285,1.1960592737600164,9.899587713625866,9.552733166081286,4.6735592737600165,13.377087713625865,5,ssp245,3.4775,5.13290802764487,0.8965354359749369,10.118504711165896,21.327187666135035,6.5952019786028435,38.664600133079404,5,-11.77445450005375,-55.20865987759906
ssp585,near,defaults_pre,3.4775,6.075233166081285,1.1960592737600164,9.899587713625866,9.552733166081286,4.6735592737600165,13.377087713625865,5,ssp585,3.4775,5.961589580010633,1.5418608091571573,12.618767986166763,24.208927764486976,8.839320963844013,47.35926567189492,5,-14.65619459840569,-60.540453261649354
ssp585,near,diag_group_shortfall_total_usd,6174970.940672383,12418361.071044616,3978756.4477755185,42748110.24303488,18593332.011717,10153727.388447901,48923081.18370726,5,ssp245,6174970.940672383,13.265874663685333,2.323857658820786,73.04154198457971,88091361.49153133,20524724.454149693,457204370.1573539,5,-69498029.47981432,-78.89312675283776
ssp585,near,diag_group_shortfall_total_usd,6174970.940672383,12418361.071044616,3978756.4477755185,42748110.24303488,18593332.011717,10153727.388447901,48923081.18370726,5,ssp585,6174970.940672383,33.559814291352176,8.305356205066614,87.1902108029264,213405848.9641338,57460304.15889178,544571988.9598422,5,-194812516.9524168,-91.28733720187684
ssp585,near,diag_groups_fully_funded_share,0.9986226415094339,-0.002590135284817552,-0.004705403891805427,-0.0004416226912675291,0.9960325062246164,0.9939172376176285,0.9981810188181663,5,ssp245,0.9986226415094339,-0.002105488751704182,-0.003673115643633181,-0.0003017362448289271,0.9965200527705388,0.9949545850628193,0.9983213208635837,5,-0.00048754654592242375,-0.048924910699683376
ssp585,near,diag_groups_fully_funded_share,0.9986226415094339,-0.002590135284817552,-0.004705403891805427,-0.0004416226912675291,0.9960325062246164,0.9939172376176285,0.9981810188181663,5,ssp585,0.9986226415094339,-0.0025904540978638957,-0.004707046552538324,-0.0004417251958482224,0.9960357553955161,0.9939220782474303,0.9981815247275347,5,-3.249170899777276e-06,-0.0003262102672696787
ssp585,near,diag_groups_with_shortfall,0.073,0.1372771700953337,0.023406002637184297,0.24938640626568934,0.2102771700953337,0.0964060026371843,0.3223864062656893,5,ssp245,0.073,7.222641509433963,1.0116267953667952,16.02624660633484,0.6002528301886793,0.14684875606177605,1.2429160022624433,5,-0.38997566009334556,-64.96856665728062
ssp585,near,diag_groups_with_shortfall,0.073,0.1372771700953337,0.023406002637184297,0.24938640626568934,0.2102771700953337,0.0964060026371843,0.3223864062656893,5,ssp585,0.073,8.864150943396227,2.0133551833976835,20.215091515837106,0.7200830188679246,0.21997492838803087,1.5487016806561087,5,-0.5098058487725909,-70.79820457008971
ssp585,near,fhcf_recovery_citizens_usd,160490599.41146898,256409728.92680272,41440335.44583329,428841767.1634522,416900328.33827174,201930934.85730228,589332366.5749211,5,ssp245,160490599.41146898,5.00989409919798,1.5628504172303765,12.38470377301555,964531506.3797342,411313399.6632365,2148119131.4762163,5,-547631178.0414624,-56.77690924757217
ssp585,near,fhcf_recovery_citizens_usd,160490599.41146898,256409728.92680272,41440335.44583329,428841767.1634522,416900328.33827174,201930934.85730228,589332366.5749211,5,ssp585,160490599.41146898,8.472354993286526,2.2152087798726665,15.493514109091022,1520223930.7107759,516010784.3147821,2647053965.7695394,5,-1103323602.3725042,-72.57638694430028
ssp585,near,fhcf_recovery_private_usd,805045573.3874182,1436837014.4634192,263682997.5229982,2388803465.447927,2241882587.850837,1068728570.9104164,3193849038.8353453,5,ssp245,805045573.3874182,6.247285105944515,1.1146474870183252,13.802551974120691,5834394793.617198,1702387598.6989303,11916728941.60305,5,-3592512205.7663608,-61.5747191070538
ssp585,near,fhcf_recovery_private_usd,805045573.3874182,1436837014.4634192,263682997.5229982,2388803465.447927,2241882587.850837,1068728570.9104164,3193849038.8353453,5,ssp585,805045573.3874182,7.240774007720124,2.3373779126955085,16.892419874406592,6634198636.201179,2686741315.3364606,14404213417.080091,5,-4392316048.350342,-66.2071832516826
ssp585,near,fhcf_scaling_factor,0.9895177457955809,-0.021915403034796666,-0.04416626751461936,-0.00629166376116037,0.9676023427607843,0.9453514782809616,0.9832260820344205,5,ssp245,0.9895177457955809,-0.01861388054514516,-0.03333103009314117,-0.002249813544578264,0.9710989806780407,0.9565361000327712,0.9872915153684895,5,-0.0034966379172564066,-0.3600701871620733
ssp585,near,fhcf_scaling_factor,0.9895177457955809,-0.021915403034796666,-0.04416626751461936,-0.00629166376116037,0.9676023427607843,0.9453514782809616,0.9832260820344205,5,ssp585,0.9895177457955809,-0.021917175044936996,-0.04429442019308445,-0.006298555059006153,0.9678303121509078,0.9456876309747977,0.9832852137918239,5,-0.0002279693901234836,-0.023554685905305447
ssp585,near,fhcf_shortfall_usd,345602104.79177666,796782969.1367861,254816246.05498344,1789849790.7637398,1142385073.9285626,600418350.84676,2135451895.5555165,5,ssp245,345602104.79177666,9.694541575167703,2.5406927517711293,247.28003496118404,3696056078.1611204,1223670867.43309,85806102660.3611,5,-2553671004.232558,-69.0917818947994
ssp585,near,fhcf_shortfall_usd,345602104.79177666,796782969.1367861,254816246.05498344,1789849790.7637398,1142385073.9285626,600418350.84676,2135451895.5555165,5,ssp585,345602104.79177666,26.882858719197877,5.517050808397995,292.04006063820066,9636374660.966528,2252306476.4172964,101275261744.87201,5,-8493989587.037966,-88.14507411634843
ssp585,near,fhcf_total_postcap_usd,965536172.7988871,1693246743.390222,305123332.9688316,2817645232.611379,2658782916.1891093,1270659505.7677188,3783181405.4102664,5,ssp245,965536172.7988871,6.014782760345971,1.1591989690182434,13.569840509434862,6773026499.4400625,2084784708.8571775,14067708043.769924,5,-4114243583.250953,-60.74453693029379
ssp585,near,fhcf_total_postcap_usd,965536172.7988871,1693246743.390222,305123332.9688316,2817645232.611379,2658782916.1891093,1270659505.7677188,3783181405.4102664,5,ssp585,965536172.7988871,6.931750927960768,2.442318184286089,16.66220109591095,7658392434.577261,3323682725.2116046,17053494049.35017,5,-4999609518.388151,-65.28275432602753
ssp585,near,fhcf_total_precap_usd,1311138277.5906637,2490029712.527008,559939579.0238149,4588529440.40756,3801167990.117672,1871077856.6144786,5899667717.998224,5,ssp245,1311138277.5906637,6.9959542234871375,1.360238426675717,18.6185313428686,10483801648.276718,3094598945.4548974,25722607393.747185,5,-6682633658.159046,-63.742465589832186
ssp585,near,fhcf_total_precap_usd,1311138277.5906637,2490029712.527008,559939579.0238149,4588529440.40756,3801167990.117672,1871077856.6144786,5899667717.998224,5,ssp585,1311138277.5906637,9.10855485033655,3.548325030628648,23.027868742437647,13253713195.401012,5963483046.580949,31503858437.134243,5,-9452545205.28334,-71.31997702020094
ssp585,near,figa_collected_usd,48326314.97494906,77812390.70797333,15914784.141673792,117132392.74222511,126138705.6829224,64241099.11662285,165458707.71717417,5,ssp245,48326314.97494906,3.930019104450291,0.8272397328443741,7.932197256891972,238249656.07418105,88303762.864179,431660178.0549374,5,-112110950.39125866,-47.05608068384869
ssp585,near,figa_collected_usd,48326314.97494906,77812390.70797333,15914784.141673792,117132392.74222511,126138705.6829224,64241099.11662285,165458707.71717417,5,ssp585,48326314.97494906,4.406981979193844,1.1991474600623366,9.6398110645747,261299514.1903952,106276692.8313317,514182860.780585,5,-135160808.5074728,-51.72639104448861
ssp585,near,figa_residual_deficit_usd,1292311924.0864177,2486500132.8395605,622427855.4762442,5354962192.272948,3778812056.925978,1914739779.562662,6647274116.359365,5,ssp245,1292311924.0864177,9.600465771801888,1.3984665659632578,26.74061348340915,13699108317.76951,3099566942.7169204,35849525586.0821,5,-9920296260.843533,-72.41563487731263
ssp585,near,figa_residual_deficit_usd,1292311924.0864177,2486500132.8395605,622427855.4762442,5354962192.272948,3778812056.925978,1914739779.562662,6647274116.359365,5,ssp585,1292311924.0864177,12.4409917937553,4.513917193826087,33.225013925965165,17369953966.61766,7125700938.006571,44229393598.548485,5,-13591141909.691683,-78.2451233653914
ssp585,near,flood_insured_capped_pct,2.1724964393234587,0.7880908731209635,0.21130173450205897,1.302026665179565,2.960587312444422,2.3837981738255176,3.4745231045030236,5,ssp245,2.1724964393234587,0.38929036222513147,0.12318397700331091,0.9793468048473424,3.0182283651204966,2.4401131907448548,4.300123885717116,5,-0.057641052676074445,-1.90976446123795
ssp585,near,flood_insured_capped_pct,2.1724964393234587,0.7880908731209635,0.21130173450205897,1.302026665179565,2.960587312444422,2.3837981738255176,3.4745231045030236,5,ssp585,2.1724964393234587,0.43356724877527064,0.1487397229575912,1.0977420108926874,3.1144197434950023,2.495632957834783,4.557337049283595,5,-0.1538324310505801,-4.939360899309908
ssp585,near,flood_insured_capped_usd,644954483.8175347,1007479405.5937561,192723422.72559902,2077407762.5898595,1652433889.4112906,837677906.5431337,2722362246.4073944,5,ssp245,644954483.8175347,7.3065088186573055,1.1604334097121236,12.781039595599655,5357320107.462923,1393381214.583039,8888143278.848982,5,-3704886218.0516324,-69.15558793827914
ssp585,near,flood_insured_capped_usd,644954483.8175347,1007479405.5937561,192723422.72559902,2077407762.5898595,1652433889.4112906,837677906.5431337,2722362246.4073944,5,ssp585,644954483.8175347,9.010155488762292,2.3894120751095187,15.320226441038594,6456094666.187945,2186016515.347179,10525803220.065327,5,-4803660776.776655,-74.40505483809791
ssp585,near,flood_un_derinsured_pct,8.766038047287509,3.918819465149846,1.5089441502775782,6.334219360155271,12.684857512437354,10.274982197565087,15.100257407442779,5,ssp245,8.766038047287509,0.44581135951315726,0.18174838328860615,1.0986689339070406,12.674037386692815,10.359251290228425,18.39701172328943,5,0.010820125744539055,0.08537236726080447
ssp585,near,flood_un_derinsured_pct,8.766038047287509,3.918819465149846,1.5089441502775782,6.334219360155271,12.684857512437354,10.274982197565087,15.100257407442779,5,ssp585,8.766038047287509,0.4933976462374882,0.22980237260976838,1.114908736311376,13.091180586647434,10.78049438894168,18.53937044904627,5,-0.4063230742100803,-3.103792446530882
ssp585,near,flood_un_derinsured_usd,2394397814.7612963,4218820948.4657826,973266604.005239,8406814343.489963,6613218763.227079,3367664418.7665353,10801212158.251259,5,ssp245,2394397814.7612963,7.860726646704598,1.1414411648941312,14.581045520426821,21216104520.06668,5127462045.662393,37307221345.80627,5,-14602885756.839602,-68.82925064319821
ssp585,near,flood_un_derinsured_usd,2394397814.7612963,4218820948.4657826,973266604.005239,8406814343.489963,6613218763.227079,3367664418.7665353,10801212158.251259,5,ssp585,2394397814.7612963,9.850473109805261,2.7308237952336243,17.42581128361297,25980349103.243923,8933076342.566835,44118722272.68693,5,-19367130340.016846,-74.54530446474507
ssp585,near,group_contrib_total_usd,572184876.4533527,1080739526.7872427,275198279.517174,2355036678.605048,1652924403.2405953,847383155.9705267,2927221555.058401,5,ssp245,572184876.4533527,9.533668517338453,1.4414765968539067,26.58934702461528,6027205819.193873,1396975984.9346044,15786207118.708166,5,-4374281415.953278,-72.57561044328712
ssp585,near,group_contrib_total_usd,572184876.4533527,1080739526.7872427,275198279.517174,2355036678.605048,1652924403.2405953,847383155.9705267,2927221555.058401,5,ssp585,572184876.4533527,12.365897924908898,4.656690685429195,32.54052854931698,7647764652.852121,3236672860.977135,19191383184.171085,5,-5994840249.6115265,-78.3868296388519
ssp585,near,group_supported_companies,1.3025,2.281128198695434,0.469250684653616,3.8042757023797575,3.5836281986954344,1.771750684653616,5.106775702379758,5,ssp245,1.3025,5.321217547000896,0.8816152237015713,10.444412408978907,8.233385854968667,2.4508038288712966,14.906347162695027,5,-4.649757656273232,-56.4744290888202
ssp585,near,group_supported_companies,1.3025,2.281128198695434,0.469250684653616,3.8042757023797575,3.5836281986954344,1.771750684653616,5.106775702379758,5,ssp585,1.3025,6.216472694717995,1.580774380472592,12.961109324717558,9.399455684870189,3.361458630565551,18.18434489544462,5,-5.815827486174754,-61.87408804465334
ssp585,near,insured_citizens_wind_pre_usd,1077922754.0709696,1865446879.0098653,380344548.00528663,3560612695.110259,2943369633.080835,1458267302.0762563,4638535449.181229,5,ssp245,1077922754.0709696,6.318158908921383,0.9692191515399375,12.851284856545393,7888410005.833539,2122666131.1972275,14930615119.988924,5,-4945040372.752705,-62.6874157034917
ssp585,near,insured_citizens_wind_pre_usd,1077922754.0709696,1865446879.0098653,380344548.00528663,3560612695.110259,2943369633.080835,1458267302.0762563,4638535449.181229,5,ssp585,1077922754.0709696,7.779949040099188,2.340478939633842,16.171446420538885,9464106849.906483,3600778258.526183,18509492817.00937,5,-6520737216.825647,-68.89965762474543
ssp585,near,insured_flood_pre_usd,644954483.8175347,1007479405.5937561,192723422.72559902,2077985486.4237442,1652433889.4112906,837677906.5431337,2722939970.2412786,5,ssp245,644954483.8175347,7.311596789630856,1.1604334097121236,12.781039595599655,5360601617.155847,1393381214.583039,8888143278.848982,5,-3708167727.744556,-69.17446944531544
ssp585,near,insured_flood_pre_usd,644954483.8175347,1007479405.5937561,192723422.72559902,2077985486.4237442,1652433889.4112906,837677906.5431337,2722939970.2412786,5,ssp585,644954483.8175347,9.01644629469325,2.3894120751095187,15.320226441038594,6460151949.679943,2186016515.347179,10525803220.065327,5,-4807718060.268652,-74.42112968421497
ssp585,near,insured_private_wind_pre_usd,5491050988.223578,9895246595.65624,2265340859.2492704,18824586221.928623,15386297583.879818,7756391847.472849,24315637210.152203,5,ssp245,5491050988.223578,6.831891219435765,1.0106280206400151,14.17223524502364,43005314020.14233,11040460979.685373,83311517335.74767,5,-27619016436.26251,-64.22233406626594
ssp585,near,insured_private_wind_pre_usd,5491050988.223578,9895246595.65624,2265340859.2492704,18824586221.928623,15386297583.879818,7756391847.472849,24315637210.152203,5,ssp585,5491050988.223578,8.490010906200652,2.3976055707357427,17.60763454579402,52110133764.74563,18656425426.782436,102175470061.18546,5,-36723836180.865814,-70.47350203831333
ssp585,near,largest_entity_deficit_usd,328194908.3869914,622590564.6028149,148869795.6879765,1284055968.1589944,950785472.9898063,477064704.07496786,1612250876.5459857,5,ssp245,328194908.3869914,8.530801795715721,1.238043278716633,21.235904349472154,3127960622.199494,734514408.8245273,7297710590.876917,5,-2177175149.2096877,-69.60366232739719
ssp585,near,largest_entity_deficit_usd,328194908.3869914,622590564.6028149,148869795.6879765,1284055968.1589944,950785472.9898063,477064704.07496786,1612250876.5459857,5,ssp585,328194908.3869914,10.932182556503069,3.630360293057332,26.62294333440888,3916081560.9883814,1519660672.1787138,9065709357.015377,5,-2965296087.998575,-75.72099921356498
ssp585,near,nfip_borrowed_usd,345997559.61779946,516690483.0393382,106551299.87642333,1325677164.5192707,862688042.6571376,452548859.49422276,1671674724.1370702,5,ssp245,345997559.61779946,11.005195473292718,2.533626198476945,24.211172670042405,4153768336.493933,1222626041.274545,8723004218.937634,5,-3291080293.836796,-79.23119507947077
ssp585,near,nfip_borrowed_usd,345997559.61779946,516690483.0393382,106551299.87642333,1325677164.5192707,862688042.6571376,452548859.49422276,1671674724.1370702,5,ssp585,345997559.61779946,15.71153321383595,5.945036875141826,27.40871798837403,5782149709.45904,2402965810.2546997,9829347095.847694,5,-4919461666.801902,-85.08015035920181
ssp585,near,nfip_claims_paid_usd,644954483.8175347,1007479405.5937561,192723422.72559902,2077407762.5898595,1652433889.4112906,837677906.5431337,2722362246.4073944,5,ssp245,644954483.8175347,7.3065088186573055,1.1604334097121236,12.781039595599655,5357320107.462923,1393381214.583039,8888143278.848982,5,-3704886218.0516324,-69.15558793827914
ssp585,near,nfip_claims_paid_usd,644954483.8175347,1007479405.5937561,192723422.72559902,2077407762.5898595,1652433889.4112906,837677906.5431337,2722362246.4073944,5,ssp585,644954483.8175347,9.010155488762292,2.3894120751095187,15.320226441038594,6456094666.187945,2186016515.347179,10525803220.065327,5,-4803660776.776655,-74.40505483809791
ssp585,near,nfip_fl_premium_base_usd,1395853723.0,0.0,0.0,0.0,1395853723.0,1395853723.0,1395853723.0,5,ssp245,1395853723.0,0.0,0.0,0.0,1395853723.0,1395853723.0,1395853723.0,5,0.0,0.0
ssp585,near,nfip_fl_premium_base_usd,1395853723.0,0.0,0.0,0.0,1395853723.0,1395853723.0,1395853723.0,5,ssp585,1395853723.0,0.0,0.0,0.0,1395853723.0,1395853723.0,1395853723.0,5,0.0,0.0
ssp585,near,nfip_fl_premium_depletion_usd,182250316.13919604,285592410.6162549,53711776.24590345,432618137.6106627,467842726.75545096,235962092.38509947,614868453.7498587,5,ssp245,182250316.13919604,3.5342455882139463,0.7040382987828722,7.052311614199538,826367691.9047467,310561518.66647625,1467536337.339186,5,-358524965.1492957,-43.385646445459294
ssp585,near,nfip_fl_premium_depletion_usd,182250316.13919604,285592410.6162549,53711776.24590345,432618137.6106627,467842726.75545096,235962092.38509947,614868453.7498587,5,ssp585,182250316.13919604,4.045209956759715,1.054659382181871,8.81528646282141,919491109.6080776,374462321.96101123,1788839060.8459733,5,-451648382.8526267,-49.11938550935381
ssp585,near,nfip_pool_used_usd,298956924.1997352,490841138.4881767,87235792.88982631,776865037.9303792,789798062.687912,386192717.0895615,1075821962.1301143,5,ssp245,298956924.1997352,4.231689445447661,0.7609452474363123,8.583055773984562,1564049784.9792514,526446774.8577016,2864920878.6249375,5,-774251722.2913394,-49.50301005294474
ssp585,near,nfip_pool_used_usd,298956924.1997352,490841138.4881767,87235792.88982631,776865037.9303792,789798062.687912,386192717.0895615,1075821962.1301143,5,ssp585,298956924.1997352,4.879636544917069,1.2694585891344266,10.660584020516188,1757758056.8807654,678470359.4062989,3486012333.146102,5,-967959994.1928535,-55.067874125438486
ssp585,near,rescued_defaults,1.29,2.258529252383342,0.46215702201034586,3.735279407571041,3.548529252383342,1.752157022010346,5.025279407571041,5,ssp245,1.29,5.254997298757428,0.8784609758046076,10.325080033983927,8.068946515397082,2.423214658787944,14.609353243839266,5,-4.52041726301374,-56.02239715417527
ssp585,near,rescued_defaults,1.29,2.258529252383342,0.46215702201034586,3.735279407571041,3.548529252383342,1.752157022010346,5.025279407571041,5,ssp585,1.29,6.118314424635332,1.557477389650874,12.838387876463838,9.18262560777958,3.2991458326496272,17.85152036063835,5,-5.634096355396237,-61.35604995833648
ssp585,near,total_damage_usd,19343788695.230297,34766748102.60225,7834235343.337006,66517360224.14478,54110536797.83255,27178024038.567303,85861148919.37508,5,ssp245,19343788695.230297,7.0638090210194076,1.018110866368603,14.046558238018417,155984617781.2913,39037910162.5824,291057443146.70496,5,-101874080983.45874,-65.31033792466519
ssp585,near,total_damage_usd,19343788695.230297,34766748102.60225,7834235343.337006,66517360224.14478,54110536797.83255,27178024038.567303,85861148919.37508,5,ssp585,19343788695.230297,8.779211599489296,2.436216069951405,17.566666773659247,189167002786.46603,66469437568.29467,359149678844.4177,5,-135056465988.63348,-71.39536176987845
ssp585,near,underinsured_wind_usd,2969616746.555762,5319976945.932272,1180296873.5047908,10156154535.630022,8289593692.488033,4149913620.0605526,13125771282.185783,5,ssp245,2969616746.555762,7.104042975796164,0.9938808014153193,13.903767373042486,24065901735.731876,5921061818.518955,44258477177.75834,5,-15776308043.243843,-65.55461007230804
ssp585,near,underinsured_wind_usd,2969616746.555762,5319976945.932272,1180296873.5047908,10156154535.630022,8289593692.488033,4149913620.0605526,13125771282.185783,5,ssp585,2969616746.555762,8.785096723413512,2.353902521751335,17.669561169833553,29057987096.516678,9959805094.908365,55441441500.7849,5,-20768393404.028645,-71.47223699647886
ssp585,near,uninsured_wind_usd,6765845907.801158,12453517928.963036,2773673313.278397,23480403296.236046,19219363836.764194,9539519221.079556,30246249204.037205,5,ssp245,6765845907.801158,7.086309253740188,0.9612234168177501,13.984047192518643,54710722373.63268,13269335428.960178,101379754379.8017,5,-35491358536.868484,-64.87093753668515
ssp585,near,uninsured_wind_usd,6765845907.801158,12453517928.963036,2773673313.278397,23480403296.236046,19219363836.764194,9539519221.079556,30246249204.037205,5,ssp585,6765845907.801158,8.819709199386548,2.4035179879935744,17.794434814180136,66438639302.46686,23027678251.193954,127160249876.95628,5,-47219275465.70267,-71.0720086405343
ssp585,near,water_total_usd,3039352298.578831,5227273669.481487,1176961305.7634768,10486050158.061842,8266625968.060318,4216313604.342308,13525402456.640673,5,ssp245,3039352298.578831,7.741885015290371,1.1565695730405696,14.249263693379248,26569668315.134632,6554574688.866025,46347884658.10693,5,-18303042347.074314,-68.88698093626002
ssp585,near,water_total_usd,3039352298.578831,5227273669.481487,1176961305.7634768,10486050158.061842,8266625968.060318,4216313604.342308,13525402456.640673,5,ssp585,3039352298.578831,9.67028273710879,2.6735002214547614,17.033096595171102,32430748363.517624,11165061341.908375,54808933587.02738,5,-24164122395.457306,-74.50991301403421
ssp585,near,wind_insured_citizens_pct,3.6899013245489156,1.2827775826635728,0.4240468417578547,2.08045659044204,4.972678907212488,4.11394816630677,5.770357914990956,5,ssp245,3.6899013245489156,0.3809669644406065,0.16377510211609606,1.00711769196454,5.0956318312476885,4.294215290775233,7.406066230105519,5,-0.12295292403520008,-2.4129083125908353
ssp585,near,wind_insured_citizens_pct,3.6899013245489156,1.2827775826635728,0.4240468417578547,2.08045659044204,4.972678907212488,4.11394816630677,5.770357914990956,5,ssp585,3.6899013245489156,0.4318591958159023,0.1959414918575836,1.0909159542846383,5.2834191432086435,4.412906094888304,7.715273549235347,5,-0.3107402359961551,-5.881423138567068
ssp585,near,wind_insured_citizens_usd,1077922754.0709696,1865446879.0098653,380344548.00528663,3560612695.110259,2943369633.080835,1458267302.0762563,4638535449.181229,5,ssp245,1077922754.0709696,6.318158908921383,0.9692191515399375,12.851284856545393,7888410005.833539,2122666131.1972275,14930615119.988924,5,-4945040372.752705,-62.6874157034917
ssp585,near,wind_insured_citizens_usd,1077922754.0709696,1865446879.0098653,380344548.00528663,3560612695.110259,2943369633.080835,1458267302.0762563,4638535449.181229,5,ssp585,1077922754.0709696,7.779949040099188,2.340478939633842,16.171446420538885,9464106849.906483,3600778258.526183,18509492817.00937,5,-6520737216.825647,-68.89965762474543
ssp585,near,wind_insured_private_pct,20.511926737827867,8.514343786225147,3.3238432092738974,14.59923930557714,29.026270524053015,23.835769947101763,35.11116604340501,5,ssp245,20.511926737827867,0.4166195001826242,0.17870140554030206,1.0747410633274894,29.05759540312432,24.17743687621741,42.55693669093655,5,-0.0313248790713061,-0.10780272296013178
ssp585,near,wind_insured_private_pct,20.511926737827867,8.514343786225147,3.3238432092738974,14.59923930557714,29.026270524053015,23.835769947101763,35.11116604340501,5,ssp585,20.511926737827867,0.4548757669317575,0.21682532585038727,1.1045904844145167,29.842305143945342,24.959431936576664,43.16920582944022,5,-0.8160346198923278,-2.734489229153572
ssp585,near,wind_insured_private_usd,5491050988.223578,9895246595.65624,2265340859.2492704,18824586221.928623,15386297583.879818,7756391847.472849,24315637210.152203,5,ssp245,5491050988.223578,6.831891219435765,1.0106280206400151,14.17223524502364,43005314020.14233,11040460979.685373,83311517335.74767,5,-27619016436.26251,-64.22233406626594
ssp585,near,wind_insured_private_usd,5491050988.223578,9895246595.65624,2265340859.2492704,18824586221.928623,15386297583.879818,7756391847.472849,24315637210.152203,5,ssp585,5491050988.223578,8.490010906200652,2.3976055707357427,17.60763454579402,52110133764.74563,18656425426.782436,102175470061.18546,5,-36723836180.865814,-70.47350203831333
ssp585,near,wind_total_usd,16304436396.651468,29539474433.12076,6657274037.573526,56031310066.08294,45843910829.77223,22961710434.224995,72335746462.7344,5,ssp245,16304436396.651468,6.949199970165953,0.9962522139544467,14.010051119383483,129607225317.83453,32547767254.094955,244730423786.4752,5,-83763314488.0623,-64.62858400266678
ssp585,near,wind_total_usd,16304436396.651468,29539474433.12076,6657274037.573526,56031310066.08294,45843910829.77223,22961710434.224995,72335746462.7344,5,ssp585,16304436396.651468,8.628601906492744,2.3988355934933008,17.665969317811832,156988927373.088,55416098756.78667,304338109524.11084,5,-111145016543.31578,-70.7979972875265
ssp585,near,wind_underinsured_pct,10.951058655424745,4.431091965285145,1.7216756203672074,7.5089525111974575,15.38215062070989,12.672734275791953,18.460011166622202,5,ssp245,10.951058655424745,0.4213030457199768,0.15815409669021013,1.0671234073263345,15.564773020813304,12.683013444874954,22.637189681632147,5,-0.1826224001034138,-1.1733058995412917
ssp585,near,wind_underinsured_pct,10.951058655424745,4.431091965285145,1.7216756203672074,7.5089525111974575,15.38215062070989,12.672734275791953,18.460011166622202,5,ssp585,10.951058655424745,0.45435168038209206,0.21759819122487123,1.1125185039907148,15.92669055747983,13.33398921084264,23.13431404787245,5,-0.5445399367699402,-3.4190401000426403
ssp585,near,wind_underinsured_usd,2969616746.555762,5319976945.932272,1180296873.5047908,10156154535.630022,8289593692.488033,4149913620.0605526,13125771282.185783,5,ssp245,2969616746.555762,7.104042975796164,0.9938808014153193,13.903767373042486,24065901735.731876,5921061818.518955,44258477177.75834,5,-15776308043.243843,-65.55461007230804
ssp585,near,wind_underinsured_usd,2969616746.555762,5319976945.932272,1180296873.5047908,10156154535.630022,8289593692.488033,4149913620.0605526,13125771282.185783,5,ssp585,2969616746.555762,8.785096723413512,2.353902521751335,17.669561169833553,29057987096.516678,9959805094.908365,55441441500.7849,5,-20768393404.028645,-71.47223699647886
ssp585,near,wind_uninsured_pct,25.378578795587508,10.38487632755534,4.098566825332378,17.47114178578818,35.76345512314285,29.477145620919885,42.84972058137569,5,ssp245,25.378578795587508,0.4252362277891347,0.16796503302889076,1.0744182516507146,36.17046990927246,29.641292621214674,52.645787054522536,5,-0.40701478612961495,-1.1252681735972552
ssp585,near,wind_uninsured_pct,25.378578795587508,10.38487632755534,4.098566825332378,17.47114178578818,35.76345512314285,29.477145620919885,42.84972058137569,5,ssp585,25.378578795587508,0.460344618993439,0.220126617710038,1.1105249161759032,37.06147098183721,30.965079508147877,53.56212288522087,5,-1.298015858694363,-3.5023322720527856
ssp585,near,wind_uninsured_usd,6765845907.801158,12453517928.963036,2773673313.278397,23480403296.236046,19219363836.764194,9539519221.079556,30246249204.037205,5,ssp245,6765845907.801158,7.086309253740188,0.9612234168177501,13.984047192518643,54710722373.63268,13269335428.960178,101379754379.8017,5,-35491358536.868484,-64.87093753668515
ssp585,near,wind_uninsured_usd,6765845907.801158,12453517928.963036,2773673313.278397,23480403296.236046,19219363836.764194,9539519221.079556,30246249204.037205,5,ssp585,6765845907.801158,8.819709199386548,2.4035179879935744,17.794434814180136,66438639302.46686,23027678251.193954,127160249876.95628,5,-47219275465.70267,-71.0720086405343
ssp585,near,year_id,5000.5,0.0,0.0,0.0,5000.5,5000.5,5000.5,5,ssp245,5000.5,0.0,0.0,0.0,5000.5,5000.5,5000.5,5,0.0,0.0
ssp585,near,year_id,5000.5,0.0,0.0,0.0,5000.5,5000.5,5000.5,5,ssp585,5000.5,0.0,0.0,0.0,5000.5,5000.5,5000.5,5,0.0,0.0
