scenario,policy_scenario,policy_severity,events,wind_shares,total_damage_usd,wind_total_usd,water_total_usd,underinsured_wind_usd,uninsured_wind_usd,nfip_policyholder_shortfall_usd,wind_insured_private_usd,wind_insured_citizens_usd,wind_underinsured_usd,wind_uninsured_usd,flood_insured_capped_usd,flood_un_derinsured_usd,wind_insured_private_pct,wind_insured_citizens_pct,wind_underinsured_pct,wind_uninsured_pct,flood_insured_capped_pct,flood_un_derinsured_pct,insured_private_wind_pre_usd,insured_citizens_wind_pre_usd,insured_flood_pre_usd,defaults_pre,defaults_post,rescued_defaults,default_companies_pre,default_companies_post,group_contrib_total_usd,group_supported_companies,defaulted_premium_base_pct,largest_entity_deficit_usd,diag_group_shortfall_total_usd,diag_groups_with_shortfall,diag_groups_fully_funded_share,figa_residual_deficit_usd,figa_collected_usd,citizens_residual_deficit_usd,citizens_tier1_usd,citizens_tier2_usd,citizens_tier1_capacity_usd,citizens_tier2_capacity_usd,nfip_borrowed_usd,nfip_claims_paid_usd,nfip_pool_used_usd,nfip_fl_premium_base_usd,nfip_fl_premium_depletion_usd,underinsured_flood_usd,fhcf_cap_binding,fhcf_total_precap_usd,fhcf_total_postcap_usd,fhcf_shortfall_usd,fhcf_scaling_factor,fhcf_recovery_private_usd,fhcf_recovery_citizens_usd,catbond_payout_usd,catbond_unfilled_usd,catbond_triggers,catbond_limit_in_force_usd,catbond_issue_volume_year_usd,iter
double_gm,baseline,,COMPOSITE,"{""double_gm"": 0.6661152119807906}",321140213590.44794,213916381451.3576,107223832139.09032,33981059566.27674,66732869516.20954,0.0,83212623102.13875,29989829266.732544,33981059566.27674,66732869516.20954,31444179649.266914,75779652489.8234,25.911617287600208,9.338546839536813,10.58137789296391,20.77997917797812,9.791417679433902,23.597061122487027,83212623102.13875,29989829266.732544,31444179649.266914,37,24,13,Universal P&C Insurance Co.;Florida Family Insurance Co.;First Protective Insurance Co.;Spinnaker Insurance Co.;Cypress P&C Insurance Co.;Florida Peninsula Insurance Co;Tower Hill Insurance Exchange;Kin Interinsurance Network;Unique Insurance Co.;Heritage P&C Insurance Co.;Florida Family Home Ins Co.;US Coastal P&C Insurance Co.;TypTap Insurance Co.;Homeowners Choice P&C Ins Co.;Vault E&S Insurance Co.;Edison Insurance Co.;Safe Harbor Insurance Co.;Spinnaker Specialty Ins Co.;GeoVera Specialty Insurance Co;Florida Farm Bureau Cas Ins Co;Universal North America Ins Co;QBE Specialty Insurance Co.;Auto Club Insurance Co. of FL;American Platinum P&C Ins Co.;Privilege Underwriters Recpl;FL Farm Bureau General Ins Co.;Castle Key Insurance Co.;Homesite Insurance Co.;PURE Specialty Exchange;State Farm FL Ins Co;AIG Property Casualty Co.;Foremost P&C Insurance Co.;ASI Preferred Insurance Corp.;Nationwide P&C Insurance Co.;ACE Ins Co. of the Midwest;Castle Key Indemnity Co.;First Liberty Insurance Corp.,Universal P&C Insurance Co.;Florida Family Insurance Co.;First Protective Insurance Co.;Spinnaker Insurance Co.;Cypress P&C Insurance Co.;Florida Peninsula Insurance Co;Tower Hill Insurance Exchange;Kin Interinsurance Network;Unique Insurance Co.;Heritage P&C Insurance Co.;Florida Family Home Ins Co.;US Coastal P&C Insurance Co.;TypTap Insurance Co.;Homeowners Choice P&C Ins Co.;Vault E&S Insurance Co.;Edison Insurance Co.;Safe Harbor Insurance Co.;Spinnaker Specialty Ins Co.;GeoVera Specialty Insurance Co;Florida Farm Bureau Cas Ins Co;Universal North America Ins Co;QBE Specialty Insurance Co.;American Platinum P&C Ins Co.;Privilege Underwriters Recpl,11893399684.443542,14,37.427996398685764,5511734871.376566,110184969.52497056,1,0.9811320754716981,24012558900.874252,286515360.0,23936715672.33244,539937478.65,359958319.1,539937478.65,359958319.1,28003179649.266914,31444179649.266914,3441000000.0,1395853723.0,1395853723.0,0.0,True,27403078231.325752,16999999999.999998,10403078231.325754,0.6203682614227805,12131412720.470806,4868587279.529188,2575000000.0,0.0,14,9464500000.0,9464500000.0,1
double_gm,baseline,,COMPOSITE,"{""double_gm"": 0.6631529136220402}",321140213590.4479,212965068323.70984,108175145266.73807,77285038844.75298,73857034584.46532,0.0,47208690515.5208,14614304378.970736,77285038844.75298,73857034584.46532,31721425202.90506,76453720063.83302,14.700336026968685,4.550755016190046,24.06582407749005,22.998376241555242,9.877749300920497,23.80695933687549,47208690515.5208,14614304378.970736,31721425202.90506,32,19,13,Universal P&C Insurance Co.;Florida Family Insurance Co.;First Protective Insurance Co.;Cypress P&C Insurance Co.;Florida Peninsula Insurance Co;Tower Hill Insurance Exchange;Kin Interinsurance Network;Heritage P&C Insurance Co.;Florida Family Home Ins Co.;US Coastal P&C Insurance Co.;TypTap Insurance Co.;Homeowners Choice P&C Ins Co.;Vault E&S Insurance Co.;Edison Insurance Co.;Safe Harbor Insurance Co.;GeoVera Specialty Insurance Co;Florida Farm Bureau Cas Ins Co;Universal North America Ins Co;Auto Club Insurance Co. of FL;American Platinum P&C Ins Co.;FL Farm Bureau General Ins Co.;Castle Key Insurance Co.;Homesite Insurance Co.;PURE Specialty Exchange;State Farm FL Ins Co;AIG Property Casualty Co.;Foremost P&C Insurance Co.;ASI Preferred Insurance Corp.;Nationwide P&C Insurance Co.;ACE Ins Co. of the Midwest;Castle Key Indemnity Co.;First Liberty Insurance Corp.,Universal P&C Insurance Co.;Florida Family Insurance Co.;First Protective Insurance Co.;Cypress P&C Insurance Co.;Florida Peninsula Insurance Co;Tower Hill Insurance Exchange;Kin Interinsurance Network;Heritage P&C Insurance Co.;Florida Family Home Ins Co.;US Coastal P&C Insurance Co.;TypTap Insurance Co.;Homeowners Choice P&C Ins Co.;Vault E&S Insurance Co.;Edison Insurance Co.;Safe Harbor Insurance Co.;GeoVera Specialty Insurance Co;Florida Farm Bureau Cas Ins Co;Universal North America Ins Co;American Platinum P&C Ins Co.,4991878386.371678,13,35.41856476294073,2789202041.431986,31763164.929201238,1,0.9811320754716981,10040299872.717278,308706120.0,8954063744.531307,539937478.65,359958319.1,539937478.65,359958319.1,28280425202.90506,31721425202.90506,3441000000.0,1395853723.0,1395853723.0,0.0,False,15563172000.756725,15563172000.756725,0.0,1.0,11040614589.675653,4522557411.081073,2335396327.07918,0.0,14,9464500000.0,9464500000.0,2
double_gm,baseline,,COMPOSITE,"{""double_gm"": 0.6039756464541733}",321140213590.4479,193960868105.72208,127179345484.72581,45904610124.33409,83863085160.36139,0.0,47972588975.31794,16220583845.708649,45904610124.33409,83863085160.36139,37259906548.068565,89919438936.65726,14.938206722530763,5.05093512405608,14.294257829346943,26.11416496948355,11.602379574794192,28.000055779788475,47972588975.31794,16220583845.708649,37259906548.068565,32,20,12,Universal P&C Insurance Co.;Florida Family Insurance Co.;First Protective Insurance Co.;Cypress P&C Insurance Co.;Florida Peninsula Insurance Co;Tower Hill Insurance Exchange;Kin Interinsurance Network;Unique Insurance Co.;Heritage P&C Insurance Co.;Florida Family Home Ins Co.;US Coastal P&C Insurance Co.;TypTap Insurance Co.;Homeowners Choice P&C Ins Co.;Vault E&S Insurance Co.;Edison Insurance Co.;Safe Harbor Insurance Co.;GeoVera Specialty Insurance Co;Florida Farm Bureau Cas Ins Co;Universal North America Ins Co;Auto Club Insurance Co. of FL;American Platinum P&C Ins Co.;FL Farm Bureau General Ins Co.;Castle Key Insurance Co.;Homesite Insurance Co.;State Farm FL Ins Co;AIG Property Casualty Co.;Foremost P&C Insurance Co.;ASI Preferred Insurance Corp.;Nationwide P&C Insurance Co.;ACE Ins Co. of the Midwest;Castle Key Indemnity Co.;First Liberty Insurance Corp.,Universal P&C Insurance Co.;Florida Family Insurance Co.;First Protective Insurance Co.;Cypress P&C Insurance Co.;Florida Peninsula Insurance Co;Tower Hill Insurance Exchange;Kin Interinsurance Network;Unique Insurance Co.;Heritage P&C Insurance Co.;Florida Family Home Ins Co.;US Coastal P&C Insurance Co.;TypTap Insurance Co.;Homeowners Choice P&C Ins Co.;Vault E&S Insurance Co.;Edison Insurance Co.;Safe Harbor Insurance Co.;GeoVera Specialty Insurance Co;Florida Farm Bureau Cas Ins Co;Universal North America Ins Co;American Platinum P&C Ins Co.,4942735010.945558,12,35.51416660549837,2888434935.41226,35273039.7912886,1,0.9811320754716981,11015606793.043705,307650360.0,9031357323.719107,539937478.65,359958319.1,539937478.65,359958319.1,33818906548.068565,37259906548.068565,3441000000.0,1395853723.0,1395853723.0,0.0,True,25397009532.893974,17000000000.000002,8397009532.893972,0.6693701468270017,10945470163.422237,6054529836.5777645,2229506444.982587,0.0,14,9464500000.0,9464500000.0,3
double_gm,baseline,,COMPOSITE,"{""double_gm"": 0.7000295951623592}",321140213590.44794,224807653710.07483,96332559880.3731,38471513879.42297,109480684013.34752,0.0,64093553109.46239,12761902707.841928,38471513879.42297,109480684013.34752,28270086157.402554,68062473722.97052,19.958121218416228,3.9739348009892215,11.979662543441517,34.09124095338895,8.80303523539894,21.194005248365126,64093553109.46239,12761902707.841928,28270086157.402554,35,22,13,Universal P&C Insurance Co.;Florida Family Insurance Co.;First Protective Insurance Co.;Cypress P&C Insurance Co.;Florida Peninsula Insurance Co;Tower Hill Insurance Exchange;Kin Interinsurance Network;Unique Insurance Co.;Heritage P&C Insurance Co.;Florida Family Home Ins Co.;US Coastal P&C Insurance Co.;TypTap Insurance Co.;Homeowners Choice P&C Ins Co.;Vault E&S Insurance Co.;Edison Insurance Co.;Safe Harbor Insurance Co.;Spinnaker Specialty Ins Co.;GeoVera Specialty Insurance Co;Florida Farm Bureau Cas Ins Co;Universal North America Ins Co;QBE Specialty Insurance Co.;Auto Club Insurance Co. of FL;American Platinum P&C Ins Co.;FL Farm Bureau General Ins Co.;Castle Key Insurance Co.;Homesite Insurance Co.;PURE Specialty Exchange;State Farm FL Ins Co;AIG Property Casualty Co.;Foremost P&C Insurance Co.;ASI Preferred Insurance Corp.;Nationwide P&C Insurance Co.;ACE Ins Co. of the Midwest;Castle Key Indemnity Co.;First Liberty Insurance Corp.,Universal P&C Insurance Co.;Florida Family Insurance Co.;First Protective Insurance Co.;Cypress P&C Insurance Co.;Florida Peninsula Insurance Co;Tower Hill Insurance Exchange;Kin Interinsurance Network;Unique Insurance Co.;Heritage P&C Insurance Co.;Florida Family Home Ins Co.;US Coastal P&C Insurance Co.;TypTap Insurance Co.;Homeowners Choice P&C Ins Co.;Vault E&S Insurance Co.;Edison Insurance Co.;Safe Harbor Insurance Co.;Spinnaker Specialty Ins Co.;GeoVera Specialty Insurance Co;Florida Farm Bureau Cas Ins Co;Universal North America Ins Co;QBE Specialty Insurance Co.;American Platinum P&C Ins Co.,7576275602.014379,13,35.89838321723671,4128915121.938693,57401469.461799845,1,0.9811320754716981,17000396624.175026,303407340.0,7406713385.377804,539937478.65,359958319.1,539937478.65,359958319.1,24829086157.402554,28270086157.402554,3441000000.0,1395853723.0,1395853723.0,0.0,True,24498403945.053764,17000000000.0,7498403945.053764,0.6939227566876782,12698780052.75897,4301219947.241027,2403548555.0371165,0.0,14,9464500000.0,9464500000.0,4
double_gm,baseline,,COMPOSITE,"{""double_gm"": 0.7539449474627977}",321140213590.4479,242122041463.6419,79018172126.806,23129803943.024822,160044581972.1991,0.0,47709813917.32851,11237841631.089483,23129803943.024822,160044581972.1991,23224074619.10628,55794097507.69972,14.856381075393172,3.499356715699633,7.202400373477488,49.836356581709495,7.231755363009158,17.373749890711064,47709813917.32851,11237841631.089483,23224074619.10628,32,19,13,Universal P&C Insurance Co.;Florida Family Insurance Co.;First Protective Insurance Co.;Cypress P&C Insurance Co.;Florida Peninsula Insurance Co;Tower Hill Insurance Exchange;Kin Interinsurance Network;Heritage P&C Insurance Co.;Florida Family Home Ins Co.;US Coastal P&C Insurance Co.;TypTap Insurance Co.;Homeowners Choice P&C Ins Co.;Vault E&S Insurance Co.;Edison Insurance Co.;Safe Harbor Insurance Co.;GeoVera Specialty Insurance Co;Florida Farm Bureau Cas Ins Co;Universal North America Ins Co;Auto Club Insurance Co. of FL;American Platinum P&C Ins Co.;FL Farm Bureau General Ins Co.;Castle Key Insurance Co.;Homesite Insurance Co.;PURE Specialty Exchange;State Farm FL Ins Co;AIG Property Casualty Co.;Foremost P&C Insurance Co.;ASI Preferred Insurance Corp.;Nationwide P&C Insurance Co.;ACE Ins Co. of the Midwest;Castle Key Indemnity Co.;First Liberty Insurance Corp.,Universal P&C Insurance Co.;Florida Family Insurance Co.;First Protective Insurance Co.;Cypress P&C Insurance Co.;Florida Peninsula Insurance Co;Tower Hill Insurance Exchange;Kin Interinsurance Network;Heritage P&C Insurance Co.;Florida Family Home Ins Co.;US Coastal P&C Insurance Co.;TypTap Insurance Co.;Homeowners Choice P&C Ins Co.;Vault E&S Insurance Co.;Edison Insurance Co.;Safe Harbor Insurance Co.;GeoVera Specialty Insurance Co;Florida Farm Bureau Cas Ins Co;Universal North America Ins Co;American Platinum P&C Ins Co.,4824186968.233191,13,35.41856476294073,2390411743.4668856,46613734.5824212,1,0.9811320754716981,10301154326.262442,308706120.0,5647354213.397014,539937478.65,359958319.1,539937478.65,359958319.1,19783074619.10628,23224074619.10628,3441000000.0,1395853723.0,1395853723.0,0.0,False,15387121955.839092,15387121955.839092,0.0,1.0,10864564544.758018,4522557411.081073,2256533580.4773254,0.0,14,9464500000.0,9464500000.0,5
double_gm,baseline,,COMPOSITE,"{""double_gm"": 0.7225038299802558}",321140213590.44794,232025034279.776,89115179310.67192,60947945225.143745,80138264485.42601,0.0,67155649587.289154,23783174981.91707,60947945225.143745,80138264485.42601,26166691792.592606,62948487518.079315,20.911628860324903,7.405853884200219,18.978608920921697,24.954291332578745,8.148058288945135,19.601558713029288,67155649587.289154,23783174981.91707,26166691792.592606,35,22,13,Universal P&C Insurance Co.;Florida Family Insurance Co.;First Protective Insurance Co.;Cypress P&C Insurance Co.;Florida Peninsula Insurance Co;Tower Hill Insurance Exchange;Kin Interinsurance Network;Unique Insurance Co.;Heritage P&C Insurance Co.;Florida Family Home Ins Co.;US Coastal P&C Insurance Co.;TypTap Insurance Co.;Homeowners Choice P&C Ins Co.;Vault E&S Insurance Co.;Edison Insurance Co.;Safe Harbor Insurance Co.;Spinnaker Specialty Ins Co.;GeoVera Specialty Insurance Co;Florida Farm Bureau Cas Ins Co;Universal North America Ins Co;QBE Specialty Insurance Co.;Auto Club Insurance Co. of FL;American Platinum P&C Ins Co.;FL Farm Bureau General Ins Co.;Castle Key Insurance Co.;Homesite Insurance Co.;PURE Specialty Exchange;State Farm FL Ins Co;AIG Property Casualty Co.;Foremost P&C Insurance Co.;ASI Preferred Insurance Corp.;Nationwide P&C Insurance Co.;ACE Ins Co. of the Midwest;Castle Key Indemnity Co.;First Liberty Insurance Corp.,Universal P&C Insurance Co.;Florida Family Insurance Co.;First Protective Insurance Co.;Cypress P&C Insurance Co.;Florida Peninsula Insurance Co;Tower Hill Insurance Exchange;Kin Interinsurance Network;Unique Insurance Co.;Heritage P&C Insurance Co.;Florida Family Home Ins Co.;US Coastal P&C Insurance Co.;TypTap Insurance Co.;Homeowners Choice P&C Ins Co.;Vault E&S Insurance Co.;Edison Insurance Co.;Safe Harbor Insurance Co.;Spinnaker Specialty Ins Co.;GeoVera Specialty Insurance Co;Florida Farm Bureau Cas Ins Co;Universal North America Ins Co;QBE Specialty Insurance Co.;American Platinum P&C Ins Co.,8439674588.800606,13,35.89838321723671,4037967748.5698843,77567551.07071804,1,0.9811320754716981,17706683539.670864,303407340.0,17699288146.299217,539937478.65,359958319.1,539937478.65,359958319.1,22725691792.592606,26166691792.592606,3441000000.0,1395853723.0,1395853723.0,0.0,True,27002578727.424995,17000000000.000002,10002578727.424994,0.6295695004393806,12094299114.634947,4905700885.365057,2485791102.8207397,0.0,14,9464500000.0,9464500000.0,6
double_gm,baseline,,COMPOSITE,"{""double_gm"": 0.6911457885350392}",321140213590.4479,221954706152.281,99185507438.16689,24506672877.514103,117824577243.54262,0.0,64518079314.45883,15105376716.765488,24506672877.514103,117824577243.54262,29101533766.158794,70083973672.00807,20.090314630212937,4.703670259131567,7.631144229345134,36.68944973481429,9.061940091773172,21.823481054722908,64518079314.45883,15105376716.765488,29101533766.158794,35,22,13,Universal P&C Insurance Co.;Florida Family Insurance Co.;First Protective Insurance Co.;Cypress P&C Insurance Co.;Florida Peninsula Insurance Co;Tower Hill Insurance Exchange;Kin Interinsurance Network;Unique Insurance Co.;Heritage P&C Insurance Co.;Florida Family Home Ins Co.;US Coastal P&C Insurance Co.;TypTap Insurance Co.;Homeowners Choice P&C Ins Co.;Vault E&S Insurance Co.;Edison Insurance Co.;Safe Harbor Insurance Co.;Spinnaker Specialty Ins Co.;GeoVera Specialty Insurance Co;Florida Farm Bureau Cas Ins Co;Universal North America Ins Co;QBE Specialty Insurance Co.;Auto Club Insurance Co. of FL;American Platinum P&C Ins Co.;FL Farm Bureau General Ins Co.;Castle Key Insurance Co.;Homesite Insurance Co.;PURE Specialty Exchange;State Farm FL Ins Co;AIG Property Casualty Co.;Foremost P&C Insurance Co.;ASI Preferred Insurance Corp.;Nationwide P&C Insurance Co.;ACE Ins Co. of the Midwest;Castle Key Indemnity Co.;First Liberty Insurance Corp.,Universal P&C Insurance Co.;Florida Family Insurance Co.;First Protective Insurance Co.;Cypress P&C Insurance Co.;Florida Peninsula Insurance Co;Tower Hill Insurance Exchange;Kin Interinsurance Network;Unique Insurance Co.;Heritage P&C Insurance Co.;Florida Family Home Ins Co.;US Coastal P&C Insurance Co.;TypTap Insurance Co.;Homeowners Choice P&C Ins Co.;Vault E&S Insurance Co.;Edison Insurance Co.;Safe Harbor Insurance Co.;Spinnaker Specialty Ins Co.;GeoVera Specialty Insurance Co;Florida Farm Bureau Cas Ins Co;Universal North America Ins Co;QBE Specialty Insurance Co.;American Platinum P&C Ins Co.,7540468168.810379,13,35.89838321723671,4003330502.901127,64507175.55531177,1,0.9811320754716981,16032573884.694042,303407340.0,10414918352.01331,539937478.65,359958319.1,539937478.65,359958319.1,25660533766.158794,29101533766.158794,3441000000.0,1395853723.0,1395853723.0,0.0,True,22063437703.90074,17000000000.0,5063437703.900742,0.7705054954783613,13409867381.49582,3590132618.504179,2456482314.472416,0.0,14,9464500000.0,9464500000.0,7
double_gm,baseline,,COMPOSITE,"{""double_gm"": 0.6345821703776315}",321140213590.4479,203789853735.76257,117350359854.68532,40190461620.649536,101067970807.6816,0.0,50955517534.70761,11575903772.72386,40190461620.649536,101067970807.6816,34395400126.88629,82954959727.79901,15.867062229612733,3.6046260427187367,12.514926477536905,31.471602287894783,10.71039959223262,25.83138337000423,50955517534.70761,11575903772.72386,34395400126.88629,33,21,12,Universal P&C Insurance Co.;Florida Family Insurance Co.;First Protective Insurance Co.;Cypress P&C Insurance Co.;Florida Peninsula Insurance Co;Tower Hill Insurance Exchange;Kin Interinsurance Network;Unique Insurance Co.;Heritage P&C Insurance Co.;Florida Family Home Ins Co.;US Coastal P&C Insurance Co.;TypTap Insurance Co.;Homeowners Choice P&C Ins Co.;Vault E&S Insurance Co.;Edison Insurance Co.;Safe Harbor Insurance Co.;GeoVera Specialty Insurance Co;Florida Farm Bureau Cas Ins Co;Universal North America Ins Co;QBE Specialty Insurance Co.;Auto Club Insurance Co. of FL;American Platinum P&C Ins Co.;FL Farm Bureau General Ins Co.;Castle Key Insurance Co.;Homesite Insurance Co.;State Farm FL Ins Co;AIG Property Casualty Co.;Foremost P&C Insurance Co.;ASI Preferred Insurance Corp.;Nationwide P&C Insurance Co.;ACE Ins Co. of the Midwest;Castle Key Indemnity Co.;First Liberty Insurance Corp.,Universal P&C Insurance Co.;Florida Family Insurance Co.;First Protective Insurance Co.;Cypress P&C Insurance Co.;Florida Peninsula Insurance Co;Tower Hill Insurance Exchange;Kin Interinsurance Network;Unique Insurance Co.;Heritage P&C Insurance Co.;Florida Family Home Ins Co.;US Coastal P&C Insurance Co.;TypTap Insurance Co.;Homeowners Choice P&C Ins Co.;Vault E&S Insurance Co.;Edison Insurance Co.;Safe Harbor Insurance Co.;GeoVera Specialty Insurance Co;Florida Farm Bureau Cas Ins Co;Universal North America Ins Co;QBE Specialty Insurance Co.;American Platinum P&C Ins Co.,5310008065.658638,12,35.80938809441937,2811628948.1161613,37343624.89448078,1,0.9811320754716981,11305077638.13883,304390140.0,6580706989.956402,539937478.65,359958319.1,539937478.65,359958319.1,30954400126.88629,34395400126.88629,3441000000.0,1395853723.0,1395853723.0,0.0,True,19654110843.76631,17000000000.0,2654110843.7663116,0.8649589968803847,13088173278.377363,3911826721.6226344,2177737513.534337,0.0,14,9464500000.0,9464500000.0,8
double_gm,baseline,,COMPOSITE,"{""double_gm"": 0.7572897210665588}",321140213590.4479,243196182773.1654,77944030817.28249,60190441210.74231,77432122931.42688,0.0,81710318519.21974,23863300111.776474,60190441210.74231,77432122931.42688,22911032684.343124,55032998132.939384,25.443813967012375,7.430804085535512,18.742729394676044,24.111624659431953,7.134277089807789,17.136750803536337,81710318519.21974,23863300111.776474,22911032684.343124,38,23,15,Universal P&C Insurance Co.;Florida Family Insurance Co.;First Protective Insurance Co.;Spinnaker Insurance Co.;Cypress P&C Insurance Co.;Florida Peninsula Insurance Co;Tower Hill Insurance Exchange;Kin Interinsurance Network;Unique Insurance Co.;Heritage P&C Insurance Co.;Florida Family Home Ins Co.;US Coastal P&C Insurance Co.;TypTap Insurance Co.;Homeowners Choice P&C Ins Co.;Vault E&S Insurance Co.;Edison Insurance Co.;Safe Harbor Insurance Co.;Spinnaker Specialty Ins Co.;GeoVera Specialty Insurance Co;Florida Farm Bureau Cas Ins Co;Universal North America Ins Co;QBE Specialty Insurance Co.;Auto Club Insurance Co. of FL;American Platinum P&C Ins Co.;Privilege Underwriters Recpl;FL Farm Bureau General Ins Co.;Castle Key Insurance Co.;Chubb Custom Insurance Co.;Homesite Insurance Co.;PURE Specialty Exchange;State Farm FL Ins Co;AIG Property Casualty Co.;Foremost P&C Insurance Co.;ASI Preferred Insurance Corp.;Nationwide P&C Insurance Co.;ACE Ins Co. of the Midwest;Castle Key Indemnity Co.;First Liberty Insurance Corp.,Universal P&C Insurance Co.;Florida Family Insurance Co.;First Protective Insurance Co.;Spinnaker Insurance Co.;Cypress P&C Insurance Co.;Florida Peninsula Insurance Co;Tower Hill Insurance Exchange;Kin Interinsurance Network;Unique Insurance Co.;Heritage P&C Insurance Co.;Florida Family Home Ins Co.;US Coastal P&C Insurance Co.;TypTap Insurance Co.;Homeowners Choice P&C Ins Co.;Vault E&S Insurance Co.;Edison Insurance Co.;Safe Harbor Insurance Co.;Spinnaker Specialty Ins Co.;GeoVera Specialty Insurance Co;Florida Farm Bureau Cas Ins Co;Universal North America Ins Co;QBE Specialty Insurance Co.;American Platinum P&C Ins Co.,10390957960.602514,15,36.189312511589605,5719126600.678488,78024002.1489187,1,0.9811320754716981,23531376006.079906,300194520.0,19480814712.499306,539937478.65,359958319.1,539937478.65,359958319.1,19470032684.343124,22911032684.343124,3441000000.0,1395853723.0,1395853723.0,0.0,True,24640652247.245884,17000000000.0,7640652247.245884,0.6899168020968321,13771343361.05265,3228656638.947349,2574999999.9999995,0.0,14,9464500000.0,9464500000.0,9
double_gm,baseline,,COMPOSITE,"{""double_gm"": 0.7126635198106699}",321140213590.44794,228864914970.11893,92275298620.329,38301119808.88472,84676504753.17622,0.0,84357510554.70714,21529779853.350815,38301119808.88472,84676504753.17622,27087659875.661976,65187638744.667015,26.268124322259055,6.704168130375561,11.926603454816895,26.367456073615458,8.43483896732006,20.298809051612952,84357510554.70714,21529779853.350815,27087659875.661976,38,23,15,Universal P&C Insurance Co.;Florida Family Insurance Co.;First Protective Insurance Co.;Spinnaker Insurance Co.;Cypress P&C Insurance Co.;Florida Peninsula Insurance Co;Tower Hill Insurance Exchange;Kin Interinsurance Network;Unique Insurance Co.;Heritage P&C Insurance Co.;Florida Family Home Ins Co.;US Coastal P&C Insurance Co.;TypTap Insurance Co.;Homeowners Choice P&C Ins Co.;Vault E&S Insurance Co.;Edison Insurance Co.;Safe Harbor Insurance Co.;Spinnaker Specialty Ins Co.;GeoVera Specialty Insurance Co;Florida Farm Bureau Cas Ins Co;Universal North America Ins Co;QBE Specialty Insurance Co.;Auto Club Insurance Co. of FL;American Platinum P&C Ins Co.;Privilege Underwriters Recpl;FL Farm Bureau General Ins Co.;Castle Key Insurance Co.;Chubb Custom Insurance Co.;Homesite Insurance Co.;PURE Specialty Exchange;State Farm FL Ins Co;AIG Property Casualty Co.;Foremost P&C Insurance Co.;ASI Preferred Insurance Corp.;Nationwide P&C Insurance Co.;ACE Ins Co. of the Midwest;Castle Key Indemnity Co.;First Liberty Insurance Corp.,Universal P&C Insurance Co.;Florida Family Insurance Co.;First Protective Insurance Co.;Spinnaker Insurance Co.;Cypress P&C Insurance Co.;Florida Peninsula Insurance Co;Tower Hill Insurance Exchange;Kin Interinsurance Network;Unique Insurance Co.;Heritage P&C Insurance Co.;Florida Family Home Ins Co.;US Coastal P&C Insurance Co.;TypTap Insurance Co.;Homeowners Choice P&C Ins Co.;Vault E&S Insurance Co.;Edison Insurance Co.;Safe Harbor Insurance Co.;Spinnaker Specialty Ins Co.;GeoVera Specialty Insurance Co;Florida Farm Bureau Cas Ins Co;Universal North America Ins Co;QBE Specialty Insurance Co.;American Platinum P&C Ins Co.,11833975672.039352,15,36.189312511589605,6271038034.380787,106493717.20423433,1,0.9811320754716981,26690237118.404842,300194520.0,15213149571.515356,539937478.65,359958319.1,539937478.65,359958319.1,23646659875.661976,27087659875.661976,3441000000.0,1395853723.0,1395853723.0,0.0,True,29475951908.410194,16999999999.999998,12475951908.410196,0.5767413399514162,11783308357.45179,5216691642.548211,2574999999.9999995,0.0,14,9464500000.0,9464500000.0,10
double_gm,baseline,,COMPOSITE,"{""double_gm"": 0.6988347527096136}",321140213590.4479,224423941749.59314,96716271840.85475,12431367438.408981,102415525771.04143,0.0,87076348723.93083,22500699816.211926,12431367438.408981,102415525771.04143,28381913096.2196,68334358744.635155,27.114744600307155,7.006503347758001,3.8710092701946017,31.891218052701614,8.837857077723449,21.278667651315196,87076348723.93083,22500699816.211926,28381913096.2196,37,23,14,Universal P&C Insurance Co.;Florida Family Insurance Co.;First Protective Insurance Co.;Spinnaker Insurance Co.;Cypress P&C Insurance Co.;Florida Peninsula Insurance Co;Tower Hill Insurance Exchange;Kin Interinsurance Network;Unique Insurance Co.;Heritage P&C Insurance Co.;Florida Family Home Ins Co.;US Coastal P&C Insurance Co.;TypTap Insurance Co.;Homeowners Choice P&C Ins Co.;Vault E&S Insurance Co.;Edison Insurance Co.;Safe Harbor Insurance Co.;Spinnaker Specialty Ins Co.;GeoVera Specialty Insurance Co;Florida Farm Bureau Cas Ins Co;Universal North America Ins Co;QBE Specialty Insurance Co.;Auto Club Insurance Co. of FL;American Platinum P&C Ins Co.;Privilege Underwriters Recpl;FL Farm Bureau General Ins Co.;Castle Key Insurance Co.;Homesite Insurance Co.;PURE Specialty Exchange;State Farm FL Ins Co;AIG Property Casualty Co.;Foremost P&C Insurance Co.;ASI Preferred Insurance Corp.;Nationwide P&C Insurance Co.;ACE Ins Co. of the Midwest;Castle Key Indemnity Co.;First Liberty Insurance Corp.,Universal P&C Insurance Co.;Florida Family Insurance Co.;First Protective Insurance Co.;Spinnaker Insurance Co.;Cypress P&C Insurance Co.;Florida Peninsula Insurance Co;Tower Hill Insurance Exchange;Kin Interinsurance Network;Unique Insurance Co.;Heritage P&C Insurance Co.;Florida Family Home Ins Co.;US Coastal P&C Insurance Co.;TypTap Insurance Co.;Homeowners Choice P&C Ins Co.;Vault E&S Insurance Co.;Edison Insurance Co.;Safe Harbor Insurance Co.;Spinnaker Specialty Ins Co.;GeoVera Specialty Insurance Co;Florida Farm Bureau Cas Ins Co;Universal North America Ins Co;QBE Specialty Insurance Co.;American Platinum P&C Ins Co.,11571904522.714273,14,36.189312511589605,7337606039.003396,122415661.80210099,1,0.9811320754716981,26537365215.890934,300194520.0,18046771745.92326,539937478.65,359958319.1,539937478.65,359958319.1,24940913096.2196,28381913096.2196,3441000000.0,1395853723.0,1395853723.0,0.0,True,26295435718.742893,17000000000.0,9295435718.742893,0.6465000307214046,13671703150.694954,3328296849.305043,2542071051.9360585,0.0,14,9464500000.0,9464500000.0,11
double_gm,baseline,,COMPOSITE,"{""double_gm"": 0.8134988484299556}",321140213590.44794,261247193940.37933,59893019650.06858,23357291177.12205,84020748184.66957,0.0,115920032947.13297,37949121631.45472,23357291177.12205,84020748184.66957,17650343601.70946,42242676048.35911,36.096392803352394,11.816994579150235,7.273237728772812,26.163259731720096,5.496148677355945,13.153966479648496,115920032947.13297,37949121631.45472,17650343601.70946,43,23,20,Universal P&C Insurance Co.;Florida Family Insurance Co.;First Protective Insurance Co.;Spinnaker Insurance Co.;Cypress P&C Insurance Co.;Florida Peninsula Insurance Co;Tower Hill Insurance Exchange;Kin Interinsurance Network;Unique Insurance Co.;Heritage P&C Insurance Co.;Florida Family Home Ins Co.;US Coastal P&C Insurance Co.;TypTap Insurance Co.;Homeowners Choice P&C Ins Co.;Vault E&S Insurance Co.;Edison Insurance Co.;Safe Harbor Insurance Co.;Spinnaker Specialty Ins Co.;GeoVera Specialty Insurance Co;Florida Farm Bureau Cas Ins Co;Universal North America Ins Co;QBE Specialty Insurance Co.;Auto Club Insurance Co. of FL;American Platinum P&C Ins Co.;Privilege Underwriters Recpl;American Strategic Ins Corp.;FL Farm Bureau General Ins Co.;Castle Key Insurance Co.;Chubb Custom Insurance Co.;Homesite Insurance Co.;Farmers Casualty Ins Co.;Scottsdale Insurance Co.;PURE Specialty Exchange;First Floridian Auto & Home;State Farm FL Ins Co;AIG Specialty Insurance Co.;AIG Property Casualty Co.;Foremost P&C Insurance Co.;ASI Preferred Insurance Corp.;Nationwide P&C Insurance Co.;ACE Ins Co. of the Midwest;Castle Key Indemnity Co.;First Liberty Insurance Corp.,Universal P&C Insurance Co.;Florida Family Insurance Co.;First Protective Insurance Co.;Spinnaker Insurance Co.;Cypress P&C Insurance Co.;Florida Peninsula Insurance Co;Tower Hill Insurance Exchange;Kin Interinsurance Network;Unique Insurance Co.;Heritage P&C Insurance Co.;Florida Family Home Ins Co.;US Coastal P&C Insurance Co.;TypTap Insurance Co.;Homeowners Choice P&C Ins Co.;Vault E&S Insurance Co.;Edison Insurance Co.;Safe Harbor Insurance Co.;Spinnaker Specialty Ins Co.;GeoVera Specialty Insurance Co;Florida Farm Bureau Cas Ins Co;Universal North America Ins Co;QBE Specialty Insurance Co.;American Platinum P&C Ins Co.,17582586302.90443,20,36.189312511589605,9155594430.49624,156441292.11408257,1,0.9811320754716981,39056044460.237404,300194520.0,31733216970.202026,539937478.65,359958319.1,539937478.65,359958319.1,14209343601.709461,17650343601.70946,3441000000.0,1395853723.0,1395853723.0,0.0,True,30424569805.87549,17000000000.0,13424569805.875488,0.5587589276847233,11945961341.183475,5054038658.816518,2637959403.680542,0.0,15,9464500000.0,9464500000.0,12
double_gm,baseline,,COMPOSITE,"{""double_gm"": 0.7023871426090355}",321140213590.4479,225564757000.65002,95575456589.79787,38339534968.772316,76870799518.62253,0.0,87260148458.48235,23094274054.772827,38339534968.772316,76870799518.62253,28049440068.479336,67526016521.318535,27.17197808486413,7.191336705101996,11.938565569264696,23.936833901672724,8.73432814747111,21.026957591625347,87260148458.48235,23094274054.772827,28049440068.479336,39,23,16,Universal P&C Insurance Co.;Florida Family Insurance Co.;First Protective Insurance Co.;Spinnaker Insurance Co.;Cypress P&C Insurance Co.;Florida Peninsula Insurance Co;Tower Hill Insurance Exchange;Kin Interinsurance Network;Unique Insurance Co.;Heritage P&C Insurance Co.;Florida Family Home Ins Co.;US Coastal P&C Insurance Co.;TypTap Insurance Co.;Homeowners Choice P&C Ins Co.;Vault E&S Insurance Co.;Edison Insurance Co.;Safe Harbor Insurance Co.;Spinnaker Specialty Ins Co.;GeoVera Specialty Insurance Co;Florida Farm Bureau Cas Ins Co;Universal North America Ins Co;QBE Specialty Insurance Co.;Auto Club Insurance Co. of FL;American Platinum P&C Ins Co.;Privilege Underwriters Recpl;FL Farm Bureau General Ins Co.;Castle Key Insurance Co.;Chubb Custom Insurance Co.;Homesite Insurance Co.;Farmers Casualty Ins Co.;PURE Specialty Exchange;State Farm FL Ins Co;AIG Property Casualty Co.;Foremost P&C Insurance Co.;ASI Preferred Insurance Corp.;Nationwide P&C Insurance Co.;ACE Ins Co. of the Midwest;Castle Key Indemnity Co.;First Liberty Insurance Corp.,Universal P&C Insurance Co.;Florida Family Insurance Co.;First Protective Insurance Co.;Spinnaker Insurance Co.;Cypress P&C Insurance Co.;Florida Peninsula Insurance Co;Tower Hill Insurance Exchange;Kin Interinsurance Network;Unique Insurance Co.;Heritage P&C Insurance Co.;Florida Family Home Ins Co.;US Coastal P&C Insurance Co.;TypTap Insurance Co.;Homeowners Choice P&C Ins Co.;Vault E&S Insurance Co.;Edison Insurance Co.;Safe Harbor Insurance Co.;Spinnaker Specialty Ins Co.;GeoVera Specialty Insurance Co;Florida Farm Bureau Cas Ins Co;Universal North America Ins Co;QBE Specialty Insurance Co.;American Platinum P&C Ins Co.,10961170244.622765,16,36.189312511589605,7208343143.77965,120433800.32114029,1,0.9811320754716981,27673382328.86706,300194520.0,17839651186.15744,539937478.65,359958319.1,539937478.65,359958319.1,24608440068.479336,28049440068.479336,3441000000.0,1395853723.0,1395853723.0,0.0,True,26343333040.31771,17000000000.0,9343333040.31771,0.6453245674714734,12866659522.753881,4133340477.2461176,2575000000.0,0.0,14,9464500000.0,9464500000.0,13
double_gm,baseline,,COMPOSITE,"{""double_gm"": 0.7668800254108712}",321140213590.4479,246276015158.69528,74864198431.75261,37301827888.73793,105292002113.66634,0.0,81726115470.17184,21956069686.11918,37301827888.73793,105292002113.66634,22013462988.284954,52850735443.46765,25.44873298689328,6.836910719041836,11.615433480501194,32.78692535465081,6.8547824460124644,16.457215012900416,81726115470.17184,21956069686.11918,22013462988.284954,38,23,15,Universal P&C Insurance Co.;Florida Family Insurance Co.;First Protective Insurance Co.;Spinnaker Insurance Co.;Cypress P&C Insurance Co.;Florida Peninsula Insurance Co;Tower Hill Insurance Exchange;Kin Interinsurance Network;Unique Insurance Co.;Heritage P&C Insurance Co.;Florida Family Home Ins Co.;US Coastal P&C Insurance Co.;TypTap Insurance Co.;Homeowners Choice P&C Ins Co.;Vault E&S Insurance Co.;Edison Insurance Co.;Safe Harbor Insurance Co.;Spinnaker Specialty Ins Co.;GeoVera Specialty Insurance Co;Florida Farm Bureau Cas Ins Co;Universal North America Ins Co;QBE Specialty Insurance Co.;Auto Club Insurance Co. of FL;American Platinum P&C Ins Co.;Privilege Underwriters Recpl;FL Farm Bureau General Ins Co.;Castle Key Insurance Co.;Chubb Custom Insurance Co.;Homesite Insurance Co.;PURE Specialty Exchange;State Farm FL Ins Co;AIG Property Casualty Co.;Foremost P&C Insurance Co.;ASI Preferred Insurance Corp.;Nationwide P&C Insurance Co.;ACE Ins Co. of the Midwest;Castle Key Indemnity Co.;First Liberty Insurance Corp.,Universal P&C Insurance Co.;Florida Family Insurance Co.;First Protective Insurance Co.;Spinnaker Insurance Co.;Cypress P&C Insurance Co.;Florida Peninsula Insurance Co;Tower Hill Insurance Exchange;Kin Interinsurance Network;Unique Insurance Co.;Heritage P&C Insurance Co.;Florida Family Home Ins Co.;US Coastal P&C Insurance Co.;TypTap Insurance Co.;Homeowners Choice P&C Ins Co.;Vault E&S Insurance Co.;Edison Insurance Co.;Safe Harbor Insurance Co.;Spinnaker Specialty Ins Co.;GeoVera Specialty Insurance Co;Florida Farm Bureau Cas Ins Co;Universal North America Ins Co;QBE Specialty Insurance Co.;American Platinum P&C Ins Co.,11012354974.326443,15,36.189312511589605,4978262519.378243,116831332.29738832,1,0.9811320754716981,24017208804.71465,300194520.0,15585104437.012014,539937478.65,359958319.1,539937478.65,359958319.1,18572462988.284954,22013462988.284954,3441000000.0,1395853723.0,1395853723.0,0.0,True,29226947883.501366,16999999999.999998,12226947883.501368,0.5816549873001454,11738863852.986921,5261136147.01308,2575000000.0,0.0,14,9464500000.0,9464500000.0,14
double_gm,baseline,,COMPOSITE,"{""double_gm"": 0.6763904915416825}",321140213590.44794,217216186924.24402,103924026666.20393,45463719688.26389,67950373429.462036,0.0,78357735457.37419,25444358349.143864,45463719688.26389,67950373429.462036,30482502186.147408,73441524480.05653,24.399851573027938,7.923130543094553,14.156968752049238,21.15909828599652,9.491960488331095,22.86899035750065,78357735457.37419,25444358349.143864,30482502186.147408,37,23,14,Universal P&C Insurance Co.;Florida Family Insurance Co.;First Protective Insurance Co.;Spinnaker Insurance Co.;Cypress P&C Insurance Co.;Florida Peninsula Insurance Co;Tower Hill Insurance Exchange;Kin Interinsurance Network;Unique Insurance Co.;Heritage P&C Insurance Co.;Florida Family Home Ins Co.;US Coastal P&C Insurance Co.;TypTap Insurance Co.;Homeowners Choice P&C Ins Co.;Vault E&S Insurance Co.;Edison Insurance Co.;Safe Harbor Insurance Co.;Spinnaker Specialty Ins Co.;GeoVera Specialty Insurance Co;Florida Farm Bureau Cas Ins Co;Universal North America Ins Co;QBE Specialty Insurance Co.;Auto Club Insurance Co. of FL;American Platinum P&C Ins Co.;Privilege Underwriters Recpl;FL Farm Bureau General Ins Co.;Castle Key Insurance Co.;Homesite Insurance Co.;PURE Specialty Exchange;State Farm FL Ins Co;AIG Property Casualty Co.;Foremost P&C Insurance Co.;ASI Preferred Insurance Corp.;Nationwide P&C Insurance Co.;ACE Ins Co. of the Midwest;Castle Key Indemnity Co.;First Liberty Insurance Corp.,Universal P&C Insurance Co.;Florida Family Insurance Co.;First Protective Insurance Co.;Spinnaker Insurance Co.;Cypress P&C Insurance Co.;Florida Peninsula Insurance Co;Tower Hill Insurance Exchange;Kin Interinsurance Network;Unique Insurance Co.;Heritage P&C Insurance Co.;Florida Family Home Ins Co.;US Coastal P&C Insurance Co.;TypTap Insurance Co.;Homeowners Choice P&C Ins Co.;Vault E&S Insurance Co.;Edison Insurance Co.;Safe Harbor Insurance Co.;Spinnaker Specialty Ins Co.;GeoVera Specialty Insurance Co;Florida Farm Bureau Cas Ins Co;Universal North America Ins Co;QBE Specialty Insurance Co.;American Platinum P&C Ins Co.,10512944547.818144,14,36.189312511589605,5300052025.136609,96087734.245229,1,0.9811320754716981,23726525181.257942,300194520.0,19007976147.522354,539937478.65,359958319.1,539937478.65,359958319.1,27041502186.147408,30482502186.147408,3441000000.0,1395853723.0,1395853723.0,0.0,True,29104238543.272087,17000000000.0,12104238543.272087,0.5841073620505294,11716681841.782728,5283318158.217274,2575000000.0,0.0,14,9464500000.0,9464500000.0,15
double_gm,baseline,,COMPOSITE,"{""double_gm"": 0.8205497439492779}",321140213590.4479,263511520033.45844,57628693556.98944,54247033613.20114,86385932741.76408,0.0,97618540450.63155,25260013227.861694,54247033613.20114,86385932741.76408,16990440649.62334,40638252907.3661,30.39748256975537,7.865727230310666,16.892008947338724,26.89975564752305,5.290661191155386,12.654364413916818,97618540450.63155,25260013227.861694,16990440649.62334,40,23,17,Universal P&C Insurance Co.;Florida Family Insurance Co.;First Protective Insurance Co.;Spinnaker Insurance Co.;Cypress P&C Insurance Co.;Florida Peninsula Insurance Co;Tower Hill Insurance Exchange;Kin Interinsurance Network;Unique Insurance Co.;Heritage P&C Insurance Co.;Florida Family Home Ins Co.;US Coastal P&C Insurance Co.;TypTap Insurance Co.;Homeowners Choice P&C Ins Co.;Vault E&S Insurance Co.;Edison Insurance Co.;Safe Harbor Insurance Co.;Spinnaker Specialty Ins Co.;GeoVera Specialty Insurance Co;Florida Farm Bureau Cas Ins Co;Universal North America Ins Co;QBE Specialty Insurance Co.;Auto Club Insurance Co. of FL;American Platinum P&C Ins Co.;Privilege Underwriters Recpl;FL Farm Bureau General Ins Co.;Castle Key Insurance Co.;Chubb Custom Insurance Co.;Homesite Insurance Co.;Farmers Casualty Ins Co.;Scottsdale Insurance Co.;PURE Specialty Exchange;State Farm FL Ins Co;AIG Property Casualty Co.;Foremost P&C Insurance Co.;ASI Preferred Insurance Corp.;Nationwide P&C Insurance Co.;ACE Ins Co. of the Midwest;Castle Key Indemnity Co.;First Liberty Insurance Corp.,Universal P&C Insurance Co.;Florida Family Insurance Co.;First Protective Insurance Co.;Spinnaker Insurance Co.;Cypress P&C Insurance Co.;Florida Peninsula Insurance Co;Tower Hill Insurance Exchange;Kin Interinsurance Network;Unique Insurance Co.;Heritage P&C Insurance Co.;Florida Family Home Ins Co.;US Coastal P&C Insurance Co.;TypTap Insurance Co.;Homeowners Choice P&C Ins Co.;Vault E&S Insurance Co.;Edison Insurance Co.;Safe Harbor Insurance Co.;Spinnaker Specialty Ins Co.;GeoVera Specialty Insurance Co;Florida Farm Bureau Cas Ins Co;Universal North America Ins Co;QBE Specialty Insurance Co.;American Platinum P&C Ins Co.,13920312733.971672,17,36.189312511589605,6032185141.3562975,111953908.98489147,1,0.9811320754716981,30164704629.021915,300194520.0,19384406951.159283,539937478.65,359958319.1,539937478.65,359958319.1,13549440649.62334,16990440649.62334,3441000000.0,1395853723.0,1395853723.0,0.0,True,27792845207.04316,16999999999.999998,10792845207.043161,0.6116682143680605,12235284798.87295,4764715201.12705,2575000000.0000005,0.0,14,9464500000.0,9464500000.0,16
double_gm,baseline,,COMPOSITE,"{""double_gm"": 0.6483173630721579}",321140213590.4479,208200776451.38873,112939437139.05913,50677824320.82696,89725251723.13531,0.0,54196516943.52121,13601183463.905275,50677824320.82696,89725251723.13531,33109904662.97667,79829532476.08249,16.87627853814607,4.235278824735089,15.780591210995675,27.93958773333896,10.310108563732207,24.858155129052008,54196516943.52121,13601183463.905275,33109904662.97667,34,22,12,Universal P&C Insurance Co.;Florida Family Insurance Co.;First Protective Insurance Co.;Cypress P&C Insurance Co.;Florida Peninsula Insurance Co;Tower Hill Insurance Exchange;Kin Interinsurance Network;Unique Insurance Co.;Heritage P&C Insurance Co.;Florida Family Home Ins Co.;US Coastal P&C Insurance Co.;TypTap Insurance Co.;Homeowners Choice P&C Ins Co.;Vault E&S Insurance Co.;Edison Insurance Co.;Safe Harbor Insurance Co.;Spinnaker Specialty Ins Co.;GeoVera Specialty Insurance Co;Florida Farm Bureau Cas Ins Co;Universal North America Ins Co;QBE Specialty Insurance Co.;Auto Club Insurance Co. of FL;American Platinum P&C Ins Co.;FL Farm Bureau General Ins Co.;Castle Key Insurance Co.;Homesite Insurance Co.;State Farm FL Ins Co;AIG Property Casualty Co.;Foremost P&C Insurance Co.;ASI Preferred Insurance Corp.;Nationwide P&C Insurance Co.;ACE Ins Co. of the Midwest;Castle Key Indemnity Co.;First Liberty Insurance Corp.,Universal P&C Insurance Co.;Florida Family Insurance Co.;First Protective Insurance Co.;Cypress P&C Insurance Co.;Florida Peninsula Insurance Co;Tower Hill Insurance Exchange;Kin Interinsurance Network;Unique Insurance Co.;Heritage P&C Insurance Co.;Florida Family Home Ins Co.;US Coastal P&C Insurance Co.;TypTap Insurance Co.;Homeowners Choice P&C Ins Co.;Vault E&S Insurance Co.;Edison Insurance Co.;Safe Harbor Insurance Co.;Spinnaker Specialty Ins Co.;GeoVera Specialty Insurance Co;Florida Farm Bureau Cas Ins Co;Universal North America Ins Co;QBE Specialty Insurance Co.;American Platinum P&C Ins Co.,7097923228.829527,12,35.89838321723671,2978488480.633608,54593601.13764338,1,0.9811320754716981,12194614932.529669,303407340.0,7535294956.961737,539937478.65,359958319.1,539937478.65,359958319.1,29668904662.97667,33109904662.97667,3441000000.0,1395853723.0,1395853723.0,0.0,True,25384472803.144073,16999999999.999998,8384472803.144075,0.669700731302736,12018975773.501787,4981024226.498207,2248880643.187443,0.0,14,9464500000.0,9464500000.0,17
double_gm,baseline,,COMPOSITE,"{""double_gm"": 0.7331522288994118}",321140213590.4479,235444663383.07004,85695550207.37787,49971100216.04493,109555637313.64882,0.0,56899262764.720474,19018663088.655834,49971100216.04493,109555637313.64882,25170093578.580643,60525456628.797226,17.71788781248195,5.92223031678943,15.56052406434947,34.11458069632033,7.837727109031639,18.847050001027192,56899262764.720474,19018663088.655834,25170093578.580643,34,21,13,Universal P&C Insurance Co.;Florida Family Insurance Co.;First Protective Insurance Co.;Cypress P&C Insurance Co.;Florida Peninsula Insurance Co;Tower Hill Insurance Exchange;Kin Interinsurance Network;Heritage P&C Insurance Co.;Florida Family Home Ins Co.;US Coastal P&C Insurance Co.;TypTap Insurance Co.;Homeowners Choice P&C Ins Co.;Vault E&S Insurance Co.;Edison Insurance Co.;Safe Harbor Insurance Co.;Spinnaker Specialty Ins Co.;GeoVera Specialty Insurance Co;Florida Farm Bureau Cas Ins Co;Universal North America Ins Co;QBE Specialty Insurance Co.;Auto Club Insurance Co. of FL;American Platinum P&C Ins Co.;FL Farm Bureau General Ins Co.;Castle Key Insurance Co.;Homesite Insurance Co.;PURE Specialty Exchange;State Farm FL Ins Co;AIG Property Casualty Co.;Foremost P&C Insurance Co.;ASI Preferred Insurance Corp.;Nationwide P&C Insurance Co.;ACE Ins Co. of the Midwest;Castle Key Indemnity Co.;First Liberty Insurance Corp.,Universal P&C Insurance Co.;Florida Family Insurance Co.;First Protective Insurance Co.;Cypress P&C Insurance Co.;Florida Peninsula Insurance Co;Tower Hill Insurance Exchange;Kin Interinsurance Network;Heritage P&C Insurance Co.;Florida Family Home Ins Co.;US Coastal P&C Insurance Co.;TypTap Insurance Co.;Homeowners Choice P&C Ins Co.;Vault E&S Insurance Co.;Edison Insurance Co.;Safe Harbor Insurance Co.;Spinnaker Specialty Ins Co.;GeoVera Specialty Insurance Co;Florida Farm Bureau Cas Ins Co;Universal North America Ins Co;QBE Specialty Insurance Co.;American Platinum P&C Ins Co.,6780736350.214093,13,35.802781374679086,3623270752.5586486,44842905.895541295,1,0.9811320754716981,14110700146.284216,304463100.0,13328975279.699484,539937478.65,359958319.1,539937478.65,359958319.1,21729093578.580643,25170093578.580643,3441000000.0,1395853723.0,1395853723.0,0.0,False,16791019452.973309,16791019452.973309,0.0,1.0,12268462041.892235,4522557411.081073,2233015499.6457486,0.0,14,9464500000.0,9464500000.0,18
double_gm,baseline,,COMPOSITE,"{""double_gm"": 0.7010571973069182}",321140213590.4479,225137658082.26447,96002555508.18341,46306172663.10993,108717766471.87645,0.0,56066292854.42627,14047426092.85183,46306172663.10993,108717766471.87645,28173911467.690277,67828644040.49313,17.458508925926033,4.374234523853994,14.419300574472583,33.85367570643921,8.773087354180015,21.121192915128166,56066292854.42627,14047426092.85183,28173911467.690277,33,21,12,Universal P&C Insurance Co.;Florida Family Insurance Co.;First Protective Insurance Co.;Cypress P&C Insurance Co.;Florida Peninsula Insurance Co;Tower Hill Insurance Exchange;Kin Interinsurance Network;Unique Insurance Co.;Heritage P&C Insurance Co.;Florida Family Home Ins Co.;US Coastal P&C Insurance Co.;TypTap Insurance Co.;Homeowners Choice P&C Ins Co.;Vault E&S Insurance Co.;Edison Insurance Co.;Safe Harbor Insurance Co.;GeoVera Specialty Insurance Co;Florida Farm Bureau Cas Ins Co;Universal North America Ins Co;QBE Specialty Insurance Co.;Auto Club Insurance Co. of FL;American Platinum P&C Ins Co.;FL Farm Bureau General Ins Co.;Castle Key Insurance Co.;Homesite Insurance Co.;State Farm FL Ins Co;AIG Property Casualty Co.;Foremost P&C Insurance Co.;ASI Preferred Insurance Corp.;Nationwide P&C Insurance Co.;ACE Ins Co. of the Midwest;Castle Key Indemnity Co.;First Liberty Insurance Corp.,Universal P&C Insurance Co.;Florida Family Insurance Co.;First Protective Insurance Co.;Cypress P&C Insurance Co.;Florida Peninsula Insurance Co;Tower Hill Insurance Exchange;Kin Interinsurance Network;Unique Insurance Co.;Heritage P&C Insurance Co.;Florida Family Home Ins Co.;US Coastal P&C Insurance Co.;TypTap Insurance Co.;Homeowners Choice P&C Ins Co.;Vault E&S Insurance Co.;Edison Insurance Co.;Safe Harbor Insurance Co.;GeoVera Specialty Insurance Co;Florida Farm Bureau Cas Ins Co;Universal North America Ins Co;QBE Specialty Insurance Co.;American Platinum P&C Ins Co.,6115948607.396834,12,35.80938809441937,3233650310.1308727,47223050.610261485,1,0.9811320754716981,13135374231.187597,304390140.0,8147436982.484312,539937478.65,359958319.1,539937478.65,359958319.1,24732911467.690277,28173911467.690277,3441000000.0,1395853723.0,1395853723.0,0.0,True,24490524475.27334,17000000000.000002,7490524475.273336,0.694146016234316,12189466236.949656,4810533763.050343,2173589895.0701623,0.0,14,9464500000.0,9464500000.0,19
double_gm,baseline,,COMPOSITE,"{""double_gm"": 0.6467885147624054}",321140213590.4479,207709801778.64743,113430411811.80046,30726014876.965466,103273103880.6171,0.0,57696839141.574394,16013843879.490484,30726014876.965466,103273103880.6171,33252991666.62504,80177420145.17545,17.966245490250415,4.986558270124663,9.567788018024595,32.158259697840876,10.354664492137626,24.966484031621842,57696839141.574394,16013843879.490484,33252991666.62504,35,22,13,Universal P&C Insurance Co.;Florida Family Insurance Co.;First Protective Insurance Co.;Cypress P&C Insurance Co.;Florida Peninsula Insurance Co;Tower Hill Insurance Exchange;Kin Interinsurance Network;Unique Insurance Co.;Heritage P&C Insurance Co.;Florida Family Home Ins Co.;US Coastal P&C Insurance Co.;TypTap Insurance Co.;Homeowners Choice P&C Ins Co.;Vault E&S Insurance Co.;Edison Insurance Co.;Safe Harbor Insurance Co.;Spinnaker Specialty Ins Co.;GeoVera Specialty Insurance Co;Florida Farm Bureau Cas Ins Co;Universal North America Ins Co;QBE Specialty Insurance Co.;Auto Club Insurance Co. of FL;American Platinum P&C Ins Co.;FL Farm Bureau General Ins Co.;Castle Key Insurance Co.;Homesite Insurance Co.;PURE Specialty Exchange;State Farm FL Ins Co;AIG Property Casualty Co.;Foremost P&C Insurance Co.;ASI Preferred Insurance Corp.;Nationwide P&C Insurance Co.;ACE Ins Co. of the Midwest;Castle Key Indemnity Co.;First Liberty Insurance Corp.,Universal P&C Insurance Co.;Florida Family Insurance Co.;First Protective Insurance Co.;Cypress P&C Insurance Co.;Florida Peninsula Insurance Co;Tower Hill Insurance Exchange;Kin Interinsurance Network;Unique Insurance Co.;Heritage P&C Insurance Co.;Florida Family Home Ins Co.;US Coastal P&C Insurance Co.;TypTap Insurance Co.;Homeowners Choice P&C Ins Co.;Vault E&S Insurance Co.;Edison Insurance Co.;Safe Harbor Insurance Co.;Spinnaker Specialty Ins Co.;GeoVera Specialty Insurance Co;Florida Farm Bureau Cas Ins Co;Universal North America Ins Co;QBE Specialty Insurance Co.;American Platinum P&C Ins Co.,6392986157.431449,13,35.89838321723671,3858015505.2970133,50192295.223850146,1,0.9811320754716981,13929991639.51154,303407340.0,11014919809.240343,539937478.65,359958319.1,539937478.65,359958319.1,29811991666.62504,33252991666.62504,3441000000.0,1395853723.0,1395853723.0,0.0,True,21773642529.782055,16999999999.999998,4773642529.782057,0.7807604986968693,13134466684.882904,3865533315.117096,2286948507.8391705,0.0,14,9464500000.0,9464500000.0,20
double_gm,baseline,,COMPOSITE,"{""double_gm"": 0.7612040326609165}",321140213590.4479,244453225634.637,76686987955.8109,88038989425.26073,85228874166.03554,0.0,56901338476.13848,14284023567.202248,88038989425.26073,85228874166.03554,22544686910.331455,54142301045.479454,17.718534169222767,4.447908721085535,27.41450173460288,26.53945864118047,7.0202005093895945,16.85939622451876,56901338476.13848,14284023567.202248,22544686910.331455,35,22,13,Universal P&C Insurance Co.;Florida Family Insurance Co.;First Protective Insurance Co.;Cypress P&C Insurance Co.;Florida Peninsula Insurance Co;Tower Hill Insurance Exchange;Kin Interinsurance Network;Unique Insurance Co.;Heritage P&C Insurance Co.;Florida Family Home Ins Co.;US Coastal P&C Insurance Co.;TypTap Insurance Co.;Homeowners Choice P&C Ins Co.;Vault E&S Insurance Co.;Edison Insurance Co.;Safe Harbor Insurance Co.;Spinnaker Specialty Ins Co.;GeoVera Specialty Insurance Co;Florida Farm Bureau Cas Ins Co;Universal North America Ins Co;QBE Specialty Insurance Co.;Auto Club Insurance Co. of FL;American Platinum P&C Ins Co.;FL Farm Bureau General Ins Co.;Castle Key Insurance Co.;Homesite Insurance Co.;PURE Specialty Exchange;State Farm FL Ins Co;AIG Property Casualty Co.;Foremost P&C Insurance Co.;ASI Preferred Insurance Corp.;Nationwide P&C Insurance Co.;ACE Ins Co. of the Midwest;Castle Key Indemnity Co.;First Liberty Insurance Corp.,Universal P&C Insurance Co.;Florida Family Insurance Co.;First Protective Insurance Co.;Cypress P&C Insurance Co.;Florida Peninsula Insurance Co;Tower Hill Insurance Exchange;Kin Interinsurance Network;Unique Insurance Co.;Heritage P&C Insurance Co.;Florida Family Home Ins Co.;US Coastal P&C Insurance Co.;TypTap Insurance Co.;Homeowners Choice P&C Ins Co.;Vault E&S Insurance Co.;Edison Insurance Co.;Safe Harbor Insurance Co.;Spinnaker Specialty Ins Co.;GeoVera Specialty Insurance Co;Florida Farm Bureau Cas Ins Co;Universal North America Ins Co;QBE Specialty Insurance Co.;American Platinum P&C Ins Co.,6482484348.428167,13,35.89838321723671,2965246507.117856,41429234.707717896,1,0.9811320754716981,13563158407.427551,303407340.0,8532259394.12546,539937478.65,359958319.1,539937478.65,359958319.1,19103686910.331455,22544686910.331455,3441000000.0,1395853723.0,1395853723.0,0.0,True,24197217844.949093,17000000000.0,7197217844.949093,0.7025601087254155,12341765282.369188,4658234717.63081,2446488756.857522,0.0,14,9464500000.0,9464500000.0,21
double_gm,baseline,,COMPOSITE,"{""double_gm"": 0.709297675395873}",321140213590.4479,227784006975.8388,93356206614.60907,31698930422.78271,82057059629.9716,0.0,90922443006.76646,23105573916.318043,31698930422.78271,82057059629.9716,27402673856.439346,65953532758.16974,28.312381682202037,7.19485537422751,9.870744640908956,25.551785842248798,8.532931316844095,20.537301143568612,90922443006.76646,23105573916.318043,27402673856.439346,38,23,15,Universal P&C Insurance Co.;Florida Family Insurance Co.;First Protective Insurance Co.;Spinnaker Insurance Co.;Cypress P&C Insurance Co.;Florida Peninsula Insurance Co;Tower Hill Insurance Exchange;Kin Interinsurance Network;Unique Insurance Co.;Heritage P&C Insurance Co.;Florida Family Home Ins Co.;US Coastal P&C Insurance Co.;TypTap Insurance Co.;Homeowners Choice P&C Ins Co.;Vault E&S Insurance Co.;Edison Insurance Co.;Safe Harbor Insurance Co.;Spinnaker Specialty Ins Co.;GeoVera Specialty Insurance Co;Florida Farm Bureau Cas Ins Co;Universal North America Ins Co;QBE Specialty Insurance Co.;Auto Club Insurance Co. of FL;American Platinum P&C Ins Co.;Privilege Underwriters Recpl;FL Farm Bureau General Ins Co.;Castle Key Insurance Co.;Chubb Custom Insurance Co.;Homesite Insurance Co.;PURE Specialty Exchange;State Farm FL Ins Co;AIG Property Casualty Co.;Foremost P&C Insurance Co.;ASI Preferred Insurance Corp.;Nationwide P&C Insurance Co.;ACE Ins Co. of the Midwest;Castle Key Indemnity Co.;First Liberty Insurance Corp.,Universal P&C Insurance Co.;Florida Family Insurance Co.;First Protective Insurance Co.;Spinnaker Insurance Co.;Cypress P&C Insurance Co.;Florida Peninsula Insurance Co;Tower Hill Insurance Exchange;Kin Interinsurance Network;Unique Insurance Co.;Heritage P&C Insurance Co.;Florida Family Home Ins Co.;US Coastal P&C Insurance Co.;TypTap Insurance Co.;Homeowners Choice P&C Ins Co.;Vault E&S Insurance Co.;Edison Insurance Co.;Safe Harbor Insurance Co.;Spinnaker Specialty Ins Co.;GeoVera Specialty Insurance Co;Florida Farm Bureau Cas Ins Co;Universal North America Ins Co;QBE Specialty Insurance Co.;American Platinum P&C Ins Co.,13125116255.294456,15,36.189312511589605,6105290618.12991,124434066.68441325,1,0.9811320754716981,27814311862.933247,300194520.0,16967678833.864855,539937478.65,359958319.1,539937478.65,359958319.1,23961673856.439346,27402673856.439346,3441000000.0,1395853723.0,1395853723.0,0.0,True,30539632546.98494,16999999999.999998,13539632546.984941,0.5566537178810406,11965003205.582531,5034996794.417465,2575000000.0000005,0.0,14,9464500000.0,9464500000.0,22
double_gm,baseline,,COMPOSITE,"{""double_gm"": 0.5624731390757329}",321140213590.4479,180632744021.67056,140507469568.77734,31018890441.958054,78780223835.22983,0.0,55643197712.07498,15190432032.407726,31018890441.958054,78780223835.22983,41144182958.4841,99363286610.2932,17.326761133389883,4.730155673303556,9.658986675993383,24.531410424886477,12.81190620709854,30.940779885328162,55643197712.07498,15190432032.407726,41144182958.4841,35,22,13,Universal P&C Insurance Co.;Florida Family Insurance Co.;First Protective Insurance Co.;Cypress P&C Insurance Co.;Florida Peninsula Insurance Co;Tower Hill Insurance Exchange;Kin Interinsurance Network;Unique Insurance Co.;Heritage P&C Insurance Co.;Florida Family Home Ins Co.;US Coastal P&C Insurance Co.;TypTap Insurance Co.;Homeowners Choice P&C Ins Co.;Vault E&S Insurance Co.;Edison Insurance Co.;Safe Harbor Insurance Co.;Spinnaker Specialty Ins Co.;GeoVera Specialty Insurance Co;Florida Farm Bureau Cas Ins Co;Universal North America Ins Co;QBE Specialty Insurance Co.;Auto Club Insurance Co. of FL;American Platinum P&C Ins Co.;FL Farm Bureau General Ins Co.;Castle Key Insurance Co.;Homesite Insurance Co.;PURE Specialty Exchange;State Farm FL Ins Co;AIG Property Casualty Co.;Foremost P&C Insurance Co.;ASI Preferred Insurance Corp.;Nationwide P&C Insurance Co.;ACE Ins Co. of the Midwest;Castle Key Indemnity Co.;First Liberty Insurance Corp.,Universal P&C Insurance Co.;Florida Family Insurance Co.;First Protective Insurance Co.;Cypress P&C Insurance Co.;Florida Peninsula Insurance Co;Tower Hill Insurance Exchange;Kin Interinsurance Network;Unique Insurance Co.;Heritage P&C Insurance Co.;Florida Family Home Ins Co.;US Coastal P&C Insurance Co.;TypTap Insurance Co.;Homeowners Choice P&C Ins Co.;Vault E&S Insurance Co.;Edison Insurance Co.;Safe Harbor Insurance Co.;Spinnaker Specialty Ins Co.;GeoVera Specialty Insurance Co;Florida Farm Bureau Cas Ins Co;Universal North America Ins Co;QBE Specialty Insurance Co.;American Platinum P&C Ins Co.,6344357935.893066,13,35.89838321723671,3310404763.0386634,41094195.264295965,1,0.9811320754716981,14056112879.551605,303407340.0,8682597476.618668,539937478.65,359958319.1,539937478.65,359958319.1,37703182958.4841,41144182958.4841,3441000000.0,1395853723.0,1395853723.0,0.0,True,26068170165.687492,17000000000.0,9068170165.687492,0.6521362984800687,11590093074.803358,5409906925.196642,2336594746.188555,0.0,14,9464500000.0,9464500000.0,23
double_gm,baseline,,COMPOSITE,"{""double_gm"": 0.7306099403525013}",321140213590.4479,234628232296.10666,86511981294.34122,48423995084.42812,101605526313.73608,0.0,63449273181.20744,21149437716.73502,48423995084.42812,101605526313.73608,25408029839.66456,61103951454.67666,19.757498592849757,6.5857332161169415,15.078770280131765,31.638991946151673,7.911818191684825,19.02718777306504,63449273181.20744,21149437716.73502,25408029839.66456,35,22,13,Universal P&C Insurance Co.;Florida Family Insurance Co.;First Protective Insurance Co.;Cypress P&C Insurance Co.;Florida Peninsula Insurance Co;Tower Hill Insurance Exchange;Kin Interinsurance Network;Unique Insurance Co.;Heritage P&C Insurance Co.;Florida Family Home Ins Co.;US Coastal P&C Insurance Co.;TypTap Insurance Co.;Homeowners Choice P&C Ins Co.;Vault E&S Insurance Co.;Edison Insurance Co.;Safe Harbor Insurance Co.;Spinnaker Specialty Ins Co.;GeoVera Specialty Insurance Co;Florida Farm Bureau Cas Ins Co;Universal North America Ins Co;QBE Specialty Insurance Co.;Auto Club Insurance Co. of FL;American Platinum P&C Ins Co.;FL Farm Bureau General Ins Co.;Castle Key Insurance Co.;Homesite Insurance Co.;PURE Specialty Exchange;State Farm FL Ins Co;AIG Property Casualty Co.;Foremost P&C Insurance Co.;ASI Preferred Insurance Corp.;Nationwide P&C Insurance Co.;ACE Ins Co. of the Midwest;Castle Key Indemnity Co.;First Liberty Insurance Corp.,Universal P&C Insurance Co.;Florida Family Insurance Co.;First Protective Insurance Co.;Cypress P&C Insurance Co.;Florida Peninsula Insurance Co;Tower Hill Insurance Exchange;Kin Interinsurance Network;Unique Insurance Co.;Heritage P&C Insurance Co.;Florida Family Home Ins Co.;US Coastal P&C Insurance Co.;TypTap Insurance Co.;Homeowners Choice P&C Ins Co.;Vault E&S Insurance Co.;Edison Insurance Co.;Safe Harbor Insurance Co.;Spinnaker Specialty Ins Co.;GeoVera Specialty Insurance Co;Florida Farm Bureau Cas Ins Co;Universal North America Ins Co;QBE Specialty Insurance Co.;American Platinum P&C Ins Co.,7430797994.140742,13,35.89838321723671,3997032552.6049757,67283675.38310778,1,0.9811320754716981,16563383052.948488,303407340.0,15703391783.138863,539937478.65,359958319.1,539937478.65,359958319.1,21967029839.66456,25408029839.66456,3441000000.0,1395853723.0,1395853723.0,0.0,True,25786560130.90452,17000000000.0,8786560130.904518,0.6592581528400892,12725958332.636114,4274041667.3638906,2369970797.476022,0.0,14,9464500000.0,9464500000.0,24
double_gm,baseline,,COMPOSITE,"{""double_gm"": 0.7118442989065642}",321140213590.4479,228601830193.99667,92538383396.45122,54445958019.9742,67552223226.42097,0.0,80942760557.78601,25660888389.815495,54445958019.9742,67552223226.42097,27164331880.168137,65374051516.283104,25.204803737539024,7.990555932849004,16.953952110591004,21.035118109677395,8.458713898350638,20.356856210992945,80942760557.78601,25660888389.815495,27164331880.168137,38,23,15,Universal P&C Insurance Co.;Florida Family Insurance Co.;First Protective Insurance Co.;Spinnaker Insurance Co.;Cypress P&C Insurance Co.;Florida Peninsula Insurance Co;Tower Hill Insurance Exchange;Kin Interinsurance Network;Unique Insurance Co.;Heritage P&C Insurance Co.;Florida Family Home Ins Co.;US Coastal P&C Insurance Co.;TypTap Insurance Co.;Homeowners Choice P&C Ins Co.;Vault E&S Insurance Co.;Edison Insurance Co.;Safe Harbor Insurance Co.;Spinnaker Specialty Ins Co.;GeoVera Specialty Insurance Co;Florida Farm Bureau Cas Ins Co;Universal North America Ins Co;QBE Specialty Insurance Co.;Auto Club Insurance Co. of FL;American Platinum P&C Ins Co.;Privilege Underwriters Recpl;FL Farm Bureau General Ins Co.;Castle Key Insurance Co.;Chubb Custom Insurance Co.;Homesite Insurance Co.;PURE Specialty Exchange;State Farm FL Ins Co;AIG Property Casualty Co.;Foremost P&C Insurance Co.;ASI Preferred Insurance Corp.;Nationwide P&C Insurance Co.;ACE Ins Co. of the Midwest;Castle Key Indemnity Co.;First Liberty Insurance Corp.,Universal P&C Insurance Co.;Florida Family Insurance Co.;First Protective Insurance Co.;Spinnaker Insurance Co.;Cypress P&C Insurance Co.;Florida Peninsula Insurance Co;Tower Hill Insurance Exchange;Kin Interinsurance Network;Unique Insurance Co.;Heritage P&C Insurance Co.;Florida Family Home Ins Co.;US Coastal P&C Insurance Co.;TypTap Insurance Co.;Homeowners Choice P&C Ins Co.;Vault E&S Insurance Co.;Edison Insurance Co.;Safe Harbor Insurance Co.;Spinnaker Specialty Ins Co.;GeoVera Specialty Insurance Co;Florida Farm Bureau Cas Ins Co;Universal North America Ins Co;QBE Specialty Insurance Co.;American Platinum P&C Ins Co.,11593033844.922163,15,36.189312511589605,4938344533.072233,96469012.07263851,1,0.9811320754716981,22836514652.393036,300194520.0,19314556703.11185,539937478.65,359958319.1,539937478.65,359958319.1,23723331880.168137,27164331880.168137,3441000000.0,1395853723.0,1395853723.0,0.0,True,29584760878.074043,17000000000.0,12584760878.074043,0.5746201590089274,11802494682.635185,5197505317.364818,2575000000.0,0.0,14,9464500000.0,9464500000.0,25
double_gm,baseline,,COMPOSITE,"{""double_gm"": 0.6722249095355987}",321140213590.4479,215878451029.08167,105261762561.36623,26779688189.830353,88720504210.65665,0.0,81904466695.59593,18473791932.99877,26779688189.830353,88720504210.65665,30872364701.54541,74389397859.82082,25.504269857666973,5.752562635011047,8.3389395212842,27.626718939597662,9.613359957752637,23.1641490886875,81904466695.59593,18473791932.99877,30872364701.54541,37,23,14,Universal P&C Insurance Co.;Florida Family Insurance Co.;First Protective Insurance Co.;Spinnaker Insurance Co.;Cypress P&C Insurance Co.;Florida Peninsula Insurance Co;Tower Hill Insurance Exchange;Kin Interinsurance Network;Unique Insurance Co.;Heritage P&C Insurance Co.;Florida Family Home Ins Co.;US Coastal P&C Insurance Co.;TypTap Insurance Co.;Homeowners Choice P&C Ins Co.;Vault E&S Insurance Co.;Edison Insurance Co.;Safe Harbor Insurance Co.;Spinnaker Specialty Ins Co.;GeoVera Specialty Insurance Co;Florida Farm Bureau Cas Ins Co;Universal North America Ins Co;QBE Specialty Insurance Co.;Auto Club Insurance Co. of FL;American Platinum P&C Ins Co.;Privilege Underwriters Recpl;FL Farm Bureau General Ins Co.;Castle Key Insurance Co.;Homesite Insurance Co.;PURE Specialty Exchange;State Farm FL Ins Co;AIG Property Casualty Co.;Foremost P&C Insurance Co.;ASI Preferred Insurance Corp.;Nationwide P&C Insurance Co.;ACE Ins Co. of the Midwest;Castle Key Indemnity Co.;First Liberty Insurance Corp.,Universal P&C Insurance Co.;Florida Family Insurance Co.;First Protective Insurance Co.;Spinnaker Insurance Co.;Cypress P&C Insurance Co.;Florida Peninsula Insurance Co;Tower Hill Insurance Exchange;Kin Interinsurance Network;Unique Insurance Co.;Heritage P&C Insurance Co.;Florida Family Home Ins Co.;US Coastal P&C Insurance Co.;TypTap Insurance Co.;Homeowners Choice P&C Ins Co.;Vault E&S Insurance Co.;Edison Insurance Co.;Safe Harbor Insurance Co.;Spinnaker Specialty Ins Co.;GeoVera Specialty Insurance Co;Florida Farm Bureau Cas Ins Co;Universal North America Ins Co;QBE Specialty Insurance Co.;American Platinum P&C Ins Co.,10772478331.29013,14,36.189312511589605,5551868233.975962,87437770.56993724,1,0.9811320754716981,23909269707.023575,300194520.0,12396294155.096638,539937478.65,359958319.1,539937478.65,359958319.1,27431364701.54541,30872364701.54541,3441000000.0,1395853723.0,1395853723.0,0.0,True,28724384491.672592,17000000000.0,11724384491.672592,0.5918316545626391,11998520923.529854,5001479076.470146,2575000000.0,0.0,14,9464500000.0,9464500000.0,26
double_gm,baseline,,COMPOSITE,"{""double_gm"": 0.7223739681676007}",321140213590.44794,231983330429.5227,89156883160.92522,30175384781.171947,103197933939.51224,0.0,75659257313.64339,22950754395.19511,30175384781.171947,103197933939.51224,26178845737.194324,62978037423.730896,23.559571212757582,7.146646051766144,9.396327057207104,32.13485249502923,8.151842911389592,19.610760271850342,75659257313.64339,22950754395.19511,26178845737.194324,37,23,14,Universal P&C Insurance Co.;Florida Family Insurance Co.;First Protective Insurance Co.;Spinnaker Insurance Co.;Cypress P&C Insurance Co.;Florida Peninsula Insurance Co;Tower Hill Insurance Exchange;Kin Interinsurance Network;Unique Insurance Co.;Heritage P&C Insurance Co.;Florida Family Home Ins Co.;US Coastal P&C Insurance Co.;TypTap Insurance Co.;Homeowners Choice P&C Ins Co.;Vault E&S Insurance Co.;Edison Insurance Co.;Safe Harbor Insurance Co.;Spinnaker Specialty Ins Co.;GeoVera Specialty Insurance Co;Florida Farm Bureau Cas Ins Co;Universal North America Ins Co;QBE Specialty Insurance Co.;Auto Club Insurance Co. of FL;American Platinum P&C Ins Co.;Privilege Underwriters Recpl;FL Farm Bureau General Ins Co.;Castle Key Insurance Co.;Homesite Insurance Co.;PURE Specialty Exchange;State Farm FL Ins Co;AIG Property Casualty Co.;Foremost P&C Insurance Co.;ASI Preferred Insurance Corp.;Nationwide P&C Insurance Co.;ACE Ins Co. of the Midwest;Castle Key Indemnity Co.;First Liberty Insurance Corp.,Universal P&C Insurance Co.;Florida Family Insurance Co.;First Protective Insurance Co.;Spinnaker Insurance Co.;Cypress P&C Insurance Co.;Florida Peninsula Insurance Co;Tower Hill Insurance Exchange;Kin Interinsurance Network;Unique Insurance Co.;Heritage P&C Insurance Co.;Florida Family Home Ins Co.;US Coastal P&C Insurance Co.;TypTap Insurance Co.;Homeowners Choice P&C Ins Co.;Vault E&S Insurance Co.;Edison Insurance Co.;Safe Harbor Insurance Co.;Spinnaker Specialty Ins Co.;GeoVera Specialty Insurance Co;Florida Farm Bureau Cas Ins Co;Universal North America Ins Co;QBE Specialty Insurance Co.;American Platinum P&C Ins Co.,9884711057.636864,14,36.189312511589605,5304572467.050375,85945531.26988958,1,0.9811320754716981,22672019398.386215,300194520.0,16582934674.334152,539937478.65,359958319.1,539937478.65,359958319.1,22737845737.194324,26178845737.194324,3441000000.0,1395853723.0,1395853723.0,0.0,True,28798863265.93522,16999999999.999998,11798863265.93522,0.5903010769216185,11768741283.589197,5231258716.410804,2575000000.0,0.0,14,9464500000.0,9464500000.0,27
double_gm,baseline,,COMPOSITE,"{""double_gm"": 0.656107008315078}",321140213590.44794,210702344788.49393,110437868801.954,34274675517.272377,88916249324.91364,0.0,68446269361.82471,19065150584.48318,34274675517.272377,88916249324.91364,32380861114.193447,78057007687.76054,21.31351555028691,5.93670607966808,10.672807100073452,27.687672101479343,10.083091355070515,24.306207813421686,68446269361.82471,19065150584.48318,32380861114.193447,35,22,13,Universal P&C Insurance Co.;Florida Family Insurance Co.;First Protective Insurance Co.;Cypress P&C Insurance Co.;Florida Peninsula Insurance Co;Tower Hill Insurance Exchange;Kin Interinsurance Network;Unique Insurance Co.;Heritage P&C Insurance Co.;Florida Family Home Ins Co.;US Coastal P&C Insurance Co.;TypTap Insurance Co.;Homeowners Choice P&C Ins Co.;Vault E&S Insurance Co.;Edison Insurance Co.;Safe Harbor Insurance Co.;Spinnaker Specialty Ins Co.;GeoVera Specialty Insurance Co;Florida Farm Bureau Cas Ins Co;Universal North America Ins Co;QBE Specialty Insurance Co.;Auto Club Insurance Co. of FL;American Platinum P&C Ins Co.;FL Farm Bureau General Ins Co.;Castle Key Insurance Co.;Homesite Insurance Co.;PURE Specialty Exchange;State Farm FL Ins Co;AIG Property Casualty Co.;Foremost P&C Insurance Co.;ASI Preferred Insurance Corp.;Nationwide P&C Insurance Co.;ACE Ins Co. of the Midwest;Castle Key Indemnity Co.;First Liberty Insurance Corp.,Universal P&C Insurance Co.;Florida Family Insurance Co.;First Protective Insurance Co.;Cypress P&C Insurance Co.;Florida Peninsula Insurance Co;Tower Hill Insurance Exchange;Kin Interinsurance Network;Unique Insurance Co.;Heritage P&C Insurance Co.;Florida Family Home Ins Co.;US Coastal P&C Insurance Co.;TypTap Insurance Co.;Homeowners Choice P&C Ins Co.;Vault E&S Insurance Co.;Edison Insurance Co.;Safe Harbor Insurance Co.;Spinnaker Specialty Ins Co.;GeoVera Specialty Insurance Co;Florida Farm Bureau Cas Ins Co;Universal North America Ins Co;QBE Specialty Insurance Co.;American Platinum P&C Ins Co.,8448161413.847126,13,35.89838321723671,4618339023.955578,60692447.56455615,1,0.9811320754716981,18716985294.149734,303407340.0,12912909318.838203,539937478.65,359958319.1,539937478.65,359958319.1,28939861114.193447,32380861114.193447,3441000000.0,1395853723.0,1395853723.0,0.0,True,28197306014.34005,17000000000.0,11197306014.34005,0.6028944747897003,11964532227.616373,5035467772.383629,2521729175.447768,0.0,14,9464500000.0,9464500000.0,28
double_gm,baseline,,COMPOSITE,"{""double_gm"": 0.8022445978401873}",321140213590.4479,257633001502.18073,63507212088.267166,58383785372.52953,128733752378.4942,0.0,55620018927.53228,14895444823.62472,58383785372.52953,128733752378.4942,18703644301.93295,44803567786.33422,17.319543480924764,4.638299469595849,18.18015399559606,40.08646283790206,5.824136470739794,13.951403745241475,55620018927.53228,14895444823.62472,18703644301.93295,33,21,12,Universal P&C Insurance Co.;Florida Family Insurance Co.;First Protective Insurance Co.;Cypress P&C Insurance Co.;Florida Peninsula Insurance Co;Tower Hill Insurance Exchange;Kin Interinsurance Network;Unique Insurance Co.;Heritage P&C Insurance Co.;Florida Family Home Ins Co.;US Coastal P&C Insurance Co.;TypTap Insurance Co.;Homeowners Choice P&C Ins Co.;Vault E&S Insurance Co.;Edison Insurance Co.;Safe Harbor Insurance Co.;GeoVera Specialty Insurance Co;Florida Farm Bureau Cas Ins Co;Universal North America Ins Co;QBE Specialty Insurance Co.;Auto Club Insurance Co. of FL;American Platinum P&C Ins Co.;FL Farm Bureau General Ins Co.;Castle Key Insurance Co.;Homesite Insurance Co.;State Farm FL Ins Co;AIG Property Casualty Co.;Foremost P&C Insurance Co.;ASI Preferred Insurance Corp.;Nationwide P&C Insurance Co.;ACE Ins Co. of the Midwest;Castle Key Indemnity Co.;First Liberty Insurance Corp.,Universal P&C Insurance Co.;Florida Family Insurance Co.;First Protective Insurance Co.;Cypress P&C Insurance Co.;Florida Peninsula Insurance Co;Tower Hill Insurance Exchange;Kin Interinsurance Network;Unique Insurance Co.;Heritage P&C Insurance Co.;Florida Family Home Ins Co.;US Coastal P&C Insurance Co.;TypTap Insurance Co.;Homeowners Choice P&C Ins Co.;Vault E&S Insurance Co.;Edison Insurance Co.;Safe Harbor Insurance Co.;GeoVera Specialty Insurance Co;Florida Farm Bureau Cas Ins Co;Universal North America Ins Co;QBE Specialty Insurance Co.;American Platinum P&C Ins Co.,5504052852.015637,12,35.80938809441937,3053535113.5150785,41647284.02397242,1,0.9811320754716981,13097769114.658772,304390140.0,9534332487.40466,539937478.65,359958319.1,539937478.65,359958319.1,15262644301.93295,18703644301.93295,3441000000.0,1395853723.0,1395853723.0,0.0,True,21739383000.20207,17000000000.0,4739383000.202068,0.7819909148222829,12755725916.913897,4244274083.0861063,2320350521.740032,0.0,14,9464500000.0,9464500000.0,29
double_gm,baseline,,COMPOSITE,"{""double_gm"": 0.6516411203210898}",321140213590.44794,209268168564.23355,111872045026.21437,36501625056.48142,84579132770.98967,0.0,70329956424.12976,17857454312.63265,36501625056.48142,84579132770.98967,32798829677.596867,79073215348.6175,21.900077737950934,5.560640977652947,11.366257949567215,26.33713536693787,10.213242779811255,24.622645188079762,70329956424.12976,17857454312.63265,32798829677.596867,35,22,13,Universal P&C Insurance Co.;Florida Family Insurance Co.;First Protective Insurance Co.;Cypress P&C Insurance Co.;Florida Peninsula Insurance Co;Tower Hill Insurance Exchange;Kin Interinsurance Network;Unique Insurance Co.;Heritage P&C Insurance Co.;Florida Family Home Ins Co.;US Coastal P&C Insurance Co.;TypTap Insurance Co.;Homeowners Choice P&C Ins Co.;Vault E&S Insurance Co.;Edison Insurance Co.;Safe Harbor Insurance Co.;Spinnaker Specialty Ins Co.;GeoVera Specialty Insurance Co;Florida Farm Bureau Cas Ins Co;Universal North America Ins Co;QBE Specialty Insurance Co.;Auto Club Insurance Co. of FL;American Platinum P&C Ins Co.;FL Farm Bureau General Ins Co.;Castle Key Insurance Co.;Homesite Insurance Co.;PURE Specialty Exchange;State Farm FL Ins Co;AIG Property Casualty Co.;Foremost P&C Insurance Co.;ASI Preferred Insurance Corp.;Nationwide P&C Insurance Co.;ACE Ins Co. of the Midwest;Castle Key Indemnity Co.;First Liberty Insurance Corp.,Universal P&C Insurance Co.;Florida Family Insurance Co.;First Protective Insurance Co.;Cypress P&C Insurance Co.;Florida Peninsula Insurance Co;Tower Hill Insurance Exchange;Kin Interinsurance Network;Unique Insurance Co.;Heritage P&C Insurance Co.;Florida Family Home Ins Co.;US Coastal P&C Insurance Co.;TypTap Insurance Co.;Homeowners Choice P&C Ins Co.;Vault E&S Insurance Co.;Edison Insurance Co.;Safe Harbor Insurance Co.;Spinnaker Specialty Ins Co.;GeoVera Specialty Insurance Co;Florida Farm Bureau Cas Ins Co;Universal North America Ins Co;QBE Specialty Insurance Co.;American Platinum P&C Ins Co.,9505210786.869078,13,35.89838321723671,4189683600.2876844,68782361.76445793,1,0.9811320754716981,19290969917.860493,303407340.0,12131115661.697277,539937478.65,359958319.1,539937478.65,359958319.1,29357829677.596867,32798829677.596867,3441000000.0,1395853723.0,1395853723.0,0.0,True,27099022935.383286,16999999999.999998,10099022935.383287,0.627328890806725,12376186635.42922,4623813364.570775,2566181342.918051,0.0,14,9464500000.0,9464500000.0,30
double_gm,baseline,,COMPOSITE,"{""double_gm"": 0.5902256469332898}",321140213590.44794,189545190322.717,131595023267.73094,37695780624.50123,74964443273.55815,0.0,62208965948.70696,14676000475.95065,37695780624.50123,74964443273.55815,38546787803.10178,93048235464.62914,19.37127874867843,4.569966592432751,11.73810660553863,23.343212746679168,12.00310212543507,28.974333181235945,62208965948.70696,14676000475.95065,38546787803.10178,35,22,13,Universal P&C Insurance Co.;Florida Family Insurance Co.;First Protective Insurance Co.;Cypress P&C Insurance Co.;Florida Peninsula Insurance Co;Tower Hill Insurance Exchange;Kin Interinsurance Network;Unique Insurance Co.;Heritage P&C Insurance Co.;Florida Family Home Ins Co.;US Coastal P&C Insurance Co.;TypTap Insurance Co.;Homeowners Choice P&C Ins Co.;Vault E&S Insurance Co.;Edison Insurance Co.;Safe Harbor Insurance Co.;Spinnaker Specialty Ins Co.;GeoVera Specialty Insurance Co;Florida Farm Bureau Cas Ins Co;Universal North America Ins Co;QBE Specialty Insurance Co.;Auto Club Insurance Co. of FL;American Platinum P&C Ins Co.;FL Farm Bureau General Ins Co.;Castle Key Insurance Co.;Homesite Insurance Co.;PURE Specialty Exchange;State Farm FL Ins Co;AIG Property Casualty Co.;Foremost P&C Insurance Co.;ASI Preferred Insurance Corp.;Nationwide P&C Insurance Co.;ACE Ins Co. of the Midwest;Castle Key Indemnity Co.;First Liberty Insurance Corp.,Universal P&C Insurance Co.;Florida Family Insurance Co.;First Protective Insurance Co.;Cypress P&C Insurance Co.;Florida Peninsula Insurance Co;Tower Hill Insurance Exchange;Kin Interinsurance Network;Unique Insurance Co.;Heritage P&C Insurance Co.;Florida Family Home Ins Co.;US Coastal P&C Insurance Co.;TypTap Insurance Co.;Homeowners Choice P&C Ins Co.;Vault E&S Insurance Co.;Edison Insurance Co.;Safe Harbor Insurance Co.;Spinnaker Specialty Ins Co.;GeoVera Specialty Insurance Co;Florida Farm Bureau Cas Ins Co;Universal North America Ins Co;QBE Specialty Insurance Co.;American Platinum P&C Ins Co.,7107669973.942657,13,35.89838321723671,4519915469.076459,42390562.83048035,1,0.9811320754716981,16056524414.24206,303407340.0,9208034160.223635,539937478.65,359958319.1,539937478.65,359958319.1,35105787803.10178,38546787803.10178,3441000000.0,1395853723.0,1395853723.0,0.0,True,22707578023.279892,17000000000.0,5707578023.279892,0.7486487542868525,12619320415.706223,4380679584.293776,2306378967.475617,0.0,14,9464500000.0,9464500000.0,31
double_gm,baseline,,COMPOSITE,"{""double_gm"": 0.856645881045689}",321140213590.4479,275103441210.38995,46036772380.05791,56556078190.49154,108267067788.45526,0.0,84346925011.53166,25933370219.91149,56556078190.49154,108267067788.45526,13612153825.836184,32424618554.22173,26.264828085061882,8.075404176253205,17.611023408802318,33.713332434451495,4.238694890822938,10.096717004608164,84346925011.53166,25933370219.91149,13612153825.836184,38,23,15,Universal P&C Insurance Co.;Florida Family Insurance Co.;First Protective Insurance Co.;Spinnaker Insurance Co.;Cypress P&C Insurance Co.;Florida Peninsula Insurance Co;Tower Hill Insurance Exchange;Kin Interinsurance Network;Unique Insurance Co.;Heritage P&C Insurance Co.;Florida Family Home Ins Co.;US Coastal P&C Insurance Co.;TypTap Insurance Co.;Homeowners Choice P&C Ins Co.;Vault E&S Insurance Co.;Edison Insurance Co.;Safe Harbor Insurance Co.;Spinnaker Specialty Ins Co.;GeoVera Specialty Insurance Co;Florida Farm Bureau Cas Ins Co;Universal North America Ins Co;QBE Specialty Insurance Co.;Auto Club Insurance Co. of FL;American Platinum P&C Ins Co.;Privilege Underwriters Recpl;FL Farm Bureau General Ins Co.;Castle Key Insurance Co.;Chubb Custom Insurance Co.;Homesite Insurance Co.;PURE Specialty Exchange;State Farm FL Ins Co;AIG Property Casualty Co.;Foremost P&C Insurance Co.;ASI Preferred Insurance Corp.;Nationwide P&C Insurance Co.;ACE Ins Co. of the Midwest;Castle Key Indemnity Co.;First Liberty Insurance Corp.,Universal P&C Insurance Co.;Florida Family Insurance Co.;First Protective Insurance Co.;Spinnaker Insurance Co.;Cypress P&C Insurance Co.;Florida Peninsula Insurance Co;Tower Hill Insurance Exchange;Kin Interinsurance Network;Unique Insurance Co.;Heritage P&C Insurance Co.;Florida Family Home Ins Co.;US Coastal P&C Insurance Co.;TypTap Insurance Co.;Homeowners Choice P&C Ins Co.;Vault E&S Insurance Co.;Edison Insurance Co.;Safe Harbor Insurance Co.;Spinnaker Specialty Ins Co.;GeoVera Specialty Insurance Co;Florida Farm Bureau Cas Ins Co;Universal North America Ins Co;QBE Specialty Insurance Co.;American Platinum P&C Ins Co.,11356129026.510136,15,36.189312511589605,6960195772.628794,88618982.73587853,1,0.9811320754716981,25885619908.564484,300194520.0,19492681248.32038,539937478.65,359958319.1,539937478.65,359958319.1,10171153825.836184,13612153825.836184,3441000000.0,1395853723.0,1395853723.0,0.0,True,29014361355.43318,17000000000.0,12014361355.433182,0.5859167393604067,11700315816.258272,5299684183.741729,2575000000.0,0.0,14,9464500000.0,9464500000.0,32
double_gm,baseline,,COMPOSITE,"{""double_gm"": 0.710977965376286}",321140213590.4479,228323615659.04257,92816597931.40533,34357842202.29298,96127798594.29517,0.0,80792053393.5139,17045921468.940536,34357842202.29298,96127798594.29517,27245413219.773163,65571184711.632164,25.15787496378405,5.307937389205112,10.698704412680547,29.933279771958908,8.483961854281945,20.418241608089453,80792053393.5139,17045921468.940536,27245413219.773163,38,23,15,Universal P&C Insurance Co.;Florida Family Insurance Co.;First Protective Insurance Co.;Spinnaker Insurance Co.;Cypress P&C Insurance Co.;Florida Peninsula Insurance Co;Tower Hill Insurance Exchange;Kin Interinsurance Network;Unique Insurance Co.;Heritage P&C Insurance Co.;Florida Family Home Ins Co.;US Coastal P&C Insurance Co.;TypTap Insurance Co.;Homeowners Choice P&C Ins Co.;Vault E&S Insurance Co.;Edison Insurance Co.;Safe Harbor Insurance Co.;Spinnaker Specialty Ins Co.;GeoVera Specialty Insurance Co;Florida Farm Bureau Cas Ins Co;Universal North America Ins Co;QBE Specialty Insurance Co.;Auto Club Insurance Co. of FL;American Platinum P&C Ins Co.;Privilege Underwriters Recpl;FL Farm Bureau General Ins Co.;Castle Key Insurance Co.;Chubb Custom Insurance Co.;Homesite Insurance Co.;PURE Specialty Exchange;State Farm FL Ins Co;AIG Property Casualty Co.;Foremost P&C Insurance Co.;ASI Preferred Insurance Corp.;Nationwide P&C Insurance Co.;ACE Ins Co. of the Midwest;Castle Key Indemnity Co.;First Liberty Insurance Corp.,Universal P&C Insurance Co.;Florida Family Insurance Co.;First Protective Insurance Co.;Spinnaker Insurance Co.;Cypress P&C Insurance Co.;Florida Peninsula Insurance Co;Tower Hill Insurance Exchange;Kin Interinsurance Network;Unique Insurance Co.;Heritage P&C Insurance Co.;Florida Family Home Ins Co.;US Coastal P&C Insurance Co.;TypTap Insurance Co.;Homeowners Choice P&C Ins Co.;Vault E&S Insurance Co.;Edison Insurance Co.;Safe Harbor Insurance Co.;Spinnaker Specialty Ins Co.;GeoVera Specialty Insurance Co;Florida Farm Bureau Cas Ins Co;Universal North America Ins Co;QBE Specialty Insurance Co.;American Platinum P&C Ins Co.,11078881058.746895,15,36.189312511589605,5624007031.724474,84059689.93553834,1,0.9811320754716981,22804060761.161205,300194520.0,11176491205.33951,539937478.65,359958319.1,539937478.65,359958319.1,23804413219.773163,27245413219.773163,3441000000.0,1395853723.0,1395853723.0,0.0,True,28435046282.0752,17000000000.0,11435046282.0752,0.5978537833686035,12195526300.344864,4804473699.655134,2575000000.0,0.0,14,9464500000.0,9464500000.0,33
double_gm,baseline,,COMPOSITE,"{""double_gm"": 0.7820369115379724}",321140213590.4479,251143500806.91867,69996712783.52924,39333496722.18764,117864903994.82268,0.0,73493000045.29837,20452100044.60999,39333496722.18764,117864903994.82268,20594909292.190994,49401803491.338234,22.885019357626902,6.368588915087627,12.248075780490666,36.702007100592056,6.4130583529024525,15.383250493300308,73493000045.29837,20452100044.60999,20594909292.190994,37,23,14,Universal P&C Insurance Co.;Florida Family Insurance Co.;First Protective Insurance Co.;Spinnaker Insurance Co.;Cypress P&C Insurance Co.;Florida Peninsula Insurance Co;Tower Hill Insurance Exchange;Kin Interinsurance Network;Unique Insurance Co.;Heritage P&C Insurance Co.;Florida Family Home Ins Co.;US Coastal P&C Insurance Co.;TypTap Insurance Co.;Homeowners Choice P&C Ins Co.;Vault E&S Insurance Co.;Edison Insurance Co.;Safe Harbor Insurance Co.;Spinnaker Specialty Ins Co.;GeoVera Specialty Insurance Co;Florida Farm Bureau Cas Ins Co;Universal North America Ins Co;QBE Specialty Insurance Co.;Auto Club Insurance Co. of FL;American Platinum P&C Ins Co.;Privilege Underwriters Recpl;FL Farm Bureau General Ins Co.;Castle Key Insurance Co.;Homesite Insurance Co.;PURE Specialty Exchange;State Farm FL Ins Co;AIG Property Casualty Co.;Foremost P&C Insurance Co.;ASI Preferred Insurance Corp.;Nationwide P&C Insurance Co.;ACE Ins Co. of the Midwest;Castle Key Indemnity Co.;First Liberty Insurance Corp.,Universal P&C Insurance Co.;Florida Family Insurance Co.;First Protective Insurance Co.;Spinnaker Insurance Co.;Cypress P&C Insurance Co.;Florida Peninsula Insurance Co;Tower Hill Insurance Exchange;Kin Interinsurance Network;Unique Insurance Co.;Heritage P&C Insurance Co.;Florida Family Home Ins Co.;US Coastal P&C Insurance Co.;TypTap Insurance Co.;Homeowners Choice P&C Ins Co.;Vault E&S Insurance Co.;Edison Insurance Co.;Safe Harbor Insurance Co.;Spinnaker Specialty Ins Co.;GeoVera Specialty Insurance Co;Florida Farm Bureau Cas Ins Co;Universal North America Ins Co;QBE Specialty Insurance Co.;American Platinum P&C Ins Co.,9570616945.225615,14,36.189312511589605,4245805258.2881575,75802531.59718725,1,0.9811320754716981,20988494354.990143,300194520.0,14583203653.91665,539937478.65,359958319.1,539937478.65,359958319.1,17153909292.190994,20594909292.190994,3441000000.0,1395853723.0,1395853723.0,0.0,True,27171609820.878765,16999999999.999998,10171609820.878767,0.6256530294696465,12253483833.051924,4746516166.948073,2575000000.0,0.0,14,9464500000.0,9464500000.0,34
double_gm,baseline,,COMPOSITE,"{""double_gm"": 0.6606629075863515}",321140213590.4479,212165427253.56726,108974786336.88062,56389466187.38413,80042169741.43631,0.0,54463200670.264084,21270590654.482746,56389466187.38413,80042169741.43631,31954468272.279766,77020318064.60088,16.959321307458975,6.62345908557228,17.559142019908467,24.924368345695438,9.950316690338726,23.983392551026128,54463200670.264084,21270590654.482746,31954468272.279766,35,22,13,Universal P&C Insurance Co.;Florida Family Insurance Co.;First Protective Insurance Co.;Cypress P&C Insurance Co.;Florida Peninsula Insurance Co;Tower Hill Insurance Exchange;Kin Interinsurance Network;Unique Insurance Co.;Heritage P&C Insurance Co.;Florida Family Home Ins Co.;US Coastal P&C Insurance Co.;TypTap Insurance Co.;Homeowners Choice P&C Ins Co.;Vault E&S Insurance Co.;Edison Insurance Co.;Safe Harbor Insurance Co.;Spinnaker Specialty Ins Co.;GeoVera Specialty Insurance Co;Florida Farm Bureau Cas Ins Co;Universal North America Ins Co;QBE Specialty Insurance Co.;Auto Club Insurance Co. of FL;American Platinum P&C Ins Co.;FL Farm Bureau General Ins Co.;Castle Key Insurance Co.;Homesite Insurance Co.;PURE Specialty Exchange;State Farm FL Ins Co;AIG Property Casualty Co.;Foremost P&C Insurance Co.;ASI Preferred Insurance Corp.;Nationwide P&C Insurance Co.;ACE Ins Co. of the Midwest;Castle Key Indemnity Co.;First Liberty Insurance Corp.,Universal P&C Insurance Co.;Florida Family Insurance Co.;First Protective Insurance Co.;Cypress P&C Insurance Co.;Florida Peninsula Insurance Co;Tower Hill Insurance Exchange;Kin Interinsurance Network;Unique Insurance Co.;Heritage P&C Insurance Co.;Florida Family Home Ins Co.;US Coastal P&C Insurance Co.;TypTap Insurance Co.;Homeowners Choice P&C Ins Co.;Vault E&S Insurance Co.;Edison Insurance Co.;Safe Harbor Insurance Co.;Spinnaker Specialty Ins Co.;GeoVera Specialty Insurance Co;Florida Farm Bureau Cas Ins Co;Universal North America Ins Co;QBE Specialty Insurance Co.;American Platinum P&C Ins Co.,6213971556.444388,13,35.89838321723671,3154332232.9956903,44017314.274748325,1,0.9811320754716981,13287554109.394888,303407340.0,15132613222.804893,539937478.65,359958319.1,539937478.65,359958319.1,28513468272.279766,31954468272.279766,3441000000.0,1395853723.0,1395853723.0,0.0,True,25811665998.847473,17000000000.0,8811665998.847473,0.6586169215407899,12065080847.768637,4934919152.231365,2306217214.058558,0.0,14,9464500000.0,9464500000.0,35
double_gm,baseline,,COMPOSITE,"{""double_gm"": 0.8190572018883328}",321140213590.4479,263032204757.21378,58108008833.23411,67879755370.703476,109277946912.52422,0.0,66194244481.20431,19680257992.781822,67879755370.703476,109277946912.52422,17130129701.80562,40977879131.42848,20.6122564786054,6.1282446607201235,21.13710849593908,34.02811055356869,5.334159029878389,12.760120781288334,66194244481.20431,19680257992.781822,17130129701.80562,35,22,13,Universal P&C Insurance Co.;Florida Family Insurance Co.;First Protective Insurance Co.;Cypress P&C Insurance Co.;Florida Peninsula Insurance Co;Tower Hill Insurance Exchange;Kin Interinsurance Network;Unique Insurance Co.;Heritage P&C Insurance Co.;Florida Family Home Ins Co.;US Coastal P&C Insurance Co.;TypTap Insurance Co.;Homeowners Choice P&C Ins Co.;Vault E&S Insurance Co.;Edison Insurance Co.;Safe Harbor Insurance Co.;Spinnaker Specialty Ins Co.;GeoVera Specialty Insurance Co;Florida Farm Bureau Cas Ins Co;Universal North America Ins Co;QBE Specialty Insurance Co.;Auto Club Insurance Co. of FL;American Platinum P&C Ins Co.;FL Farm Bureau General Ins Co.;Castle Key Insurance Co.;Homesite Insurance Co.;PURE Specialty Exchange;State Farm FL Ins Co;AIG Property Casualty Co.;Foremost P&C Insurance Co.;ASI Preferred Insurance Corp.;Nationwide P&C Insurance Co.;ACE Ins Co. of the Midwest;Castle Key Indemnity Co.;First Liberty Insurance Corp.,Universal P&C Insurance Co.;Florida Family Insurance Co.;First Protective Insurance Co.;Cypress P&C Insurance Co.;Florida Peninsula Insurance Co;Tower Hill Insurance Exchange;Kin Interinsurance Network;Unique Insurance Co.;Heritage P&C Insurance Co.;Florida Family Home Ins Co.;US Coastal P&C Insurance Co.;TypTap Insurance Co.;Homeowners Choice P&C Ins Co.;Vault E&S Insurance Co.;Edison Insurance Co.;Safe Harbor Insurance Co.;Spinnaker Specialty Ins Co.;GeoVera Specialty Insurance Co;Florida Farm Bureau Cas Ins Co;Universal North America Ins Co;QBE Specialty Insurance Co.;American Platinum P&C Ins Co.,8522757484.337093,13,35.89838321723671,4027032133.534008,65938497.72748688,1,0.9811320754716981,16598623052.37277,303407340.0,13451656595.237717,539937478.65,359958319.1,539937478.65,359958319.1,13689129701.80562,17130129701.80562,3441000000.0,1395853723.0,1395853723.0,0.0,True,28037357085.325195,17000000000.000002,11037357085.325193,0.6063338976018475,11902072698.156225,5097927301.843773,2483858580.900218,0.0,14,9464500000.0,9464500000.0,36
double_gm,baseline,,COMPOSITE,"{""double_gm"": 0.7306576971303103}",321140213590.4479,234643568917.93262,86496644672.51526,52348036347.07346,99037093649.53374,0.0,65761003311.71332,17497435609.61212,52348036347.07346,99037093649.53374,25403560217.533306,61093084454.98194,20.477349309974223,5.448534586804103,16.30067930820811,30.839206508044605,7.910426393977126,19.023803892991843,65761003311.71332,17497435609.61212,25403560217.533306,35,22,13,Universal P&C Insurance Co.;Florida Family Insurance Co.;First Protective Insurance Co.;Cypress P&C Insurance Co.;Florida Peninsula Insurance Co;Tower Hill Insurance Exchange;Kin Interinsurance Network;Unique Insurance Co.;Heritage P&C Insurance Co.;Florida Family Home Ins Co.;US Coastal P&C Insurance Co.;TypTap Insurance Co.;Homeowners Choice P&C Ins Co.;Vault E&S Insurance Co.;Edison Insurance Co.;Safe Harbor Insurance Co.;Spinnaker Specialty Ins Co.;GeoVera Specialty Insurance Co;Florida Farm Bureau Cas Ins Co;Universal North America Ins Co;QBE Specialty Insurance Co.;Auto Club Insurance Co. of FL;American Platinum P&C Ins Co.;FL Farm Bureau General Ins Co.;Castle Key Insurance Co.;Homesite Insurance Co.;PURE Specialty Exchange;State Farm FL Ins Co;AIG Property Casualty Co.;Foremost P&C Insurance Co.;ASI Preferred Insurance Corp.;Nationwide P&C Insurance Co.;ACE Ins Co. of the Midwest;Castle Key Indemnity Co.;First Liberty Insurance Corp.,Universal P&C Insurance Co.;Florida Family Insurance Co.;First Protective Insurance Co.;Cypress P&C Insurance Co.;Florida Peninsula Insurance Co;Tower Hill Insurance Exchange;Kin Interinsurance Network;Unique Insurance Co.;Heritage P&C Insurance Co.;Florida Family Home Ins Co.;US Coastal P&C Insurance Co.;TypTap Insurance Co.;Homeowners Choice P&C Ins Co.;Vault E&S Insurance Co.;Edison Insurance Co.;Safe Harbor Insurance Co.;Spinnaker Specialty Ins Co.;GeoVera Specialty Insurance Co;Florida Farm Bureau Cas Ins Co;Universal North America Ins Co;QBE Specialty Insurance Co.;American Platinum P&C Ins Co.,7093146994.1335,13,35.89838321723671,4236298604.532943,70691660.63305126,1,0.9811320754716981,18496789627.183624,303407340.0,11503016769.202381,539937478.65,359958319.1,539937478.65,359958319.1,21962560217.533306,25403560217.533306,3441000000.0,1395853723.0,1395853723.0,0.0,True,25262405693.16,17000000000.0,8262405693.16,0.6729367031186142,12112926681.804262,4887073318.195737,2374629643.8030148,0.0,14,9464500000.0,9464500000.0,37
double_gm,baseline,,COMPOSITE,"{""double_gm"": 0.7541641343028161}",321140213590.4479,242192431172.2616,78947782418.18626,34847869478.974846,64107480332.745804,0.0,109746547348.11461,33490534012.426384,34847869478.974846,64107480332.745804,23203560623.06277,55744221795.12349,34.174028260464155,10.428632913328343,10.851294233557605,19.962458022931525,7.225367500270277,17.358219069448104,109746547348.11461,33490534012.426384,23203560623.06277,43,23,20,Universal P&C Insurance Co.;Florida Family Insurance Co.;First Protective Insurance Co.;Spinnaker Insurance Co.;Cypress P&C Insurance Co.;Florida Peninsula Insurance Co;Tower Hill Insurance Exchange;Kin Interinsurance Network;Unique Insurance Co.;Heritage P&C Insurance Co.;Florida Family Home Ins Co.;US Coastal P&C Insurance Co.;TypTap Insurance Co.;Homeowners Choice P&C Ins Co.;Vault E&S Insurance Co.;Edison Insurance Co.;Safe Harbor Insurance Co.;Spinnaker Specialty Ins Co.;GeoVera Specialty Insurance Co;Florida Farm Bureau Cas Ins Co;Universal North America Ins Co;QBE Specialty Insurance Co.;Auto Club Insurance Co. of FL;American Platinum P&C Ins Co.;Privilege Underwriters Recpl;American Strategic Ins Corp.;FL Farm Bureau General Ins Co.;Castle Key Insurance Co.;Chubb Custom Insurance Co.;Homesite Insurance Co.;Farmers Casualty Ins Co.;Scottsdale Insurance Co.;PURE Specialty Exchange;First Floridian Auto & Home;State Farm FL Ins Co;AIG Specialty Insurance Co.;AIG Property Casualty Co.;Foremost P&C Insurance Co.;ASI Preferred Insurance Corp.;Nationwide P&C Insurance Co.;ACE Ins Co. of the Midwest;Castle Key Indemnity Co.;First Liberty Insurance Corp.,Universal P&C Insurance Co.;Florida Family Insurance Co.;First Protective Insurance Co.;Spinnaker Insurance Co.;Cypress P&C Insurance Co.;Florida Peninsula Insurance Co;Tower Hill Insurance Exchange;Kin Interinsurance Network;Unique Insurance Co.;Heritage P&C Insurance Co.;Florida Family Home Ins Co.;US Coastal P&C Insurance Co.;TypTap Insurance Co.;Homeowners Choice P&C Ins Co.;Vault E&S Insurance Co.;Edison Insurance Co.;Safe Harbor Insurance Co.;Spinnaker Specialty Ins Co.;GeoVera Specialty Insurance Co;Florida Farm Bureau Cas Ins Co;Universal North America Ins Co;QBE Specialty Insurance Co.;American Platinum P&C Ins Co.,17529295198.168835,20,36.189312511589605,8396886254.616091,151745575.19323394,1,0.9811320754716981,35614567639.52,300194520.0,27161816602.272427,539937478.65,359958319.1,539937478.65,359958319.1,19762560623.06277,23203560623.06277,3441000000.0,1395853723.0,1395853723.0,0.0,True,29659483018.31225,17000000000.0,12659483018.312248,0.5731724989779465,11815588933.838858,5184411066.161141,2575000000.0,0.0,14,9464500000.0,9464500000.0,38
double_gm,baseline,,COMPOSITE,"{""double_gm"": 0.7068439179834216}",321140213590.4479,226996006796.30505,94144206794.14282,33150849799.46626,111170254202.65991,0.0,62164264217.42729,20510638576.751606,33150849799.46626,111170254202.65991,27632324367.603832,66511882426.538994,19.357359055850218,6.386817255751394,10.322858488767073,34.61735699797349,8.604442295988353,20.711165905669482,62164264217.42729,20510638576.751606,27632324367.603832,35,22,13,Universal P&C Insurance Co.;Florida Family Insurance Co.;First Protective Insurance Co.;Cypress P&C Insurance Co.;Florida Peninsula Insurance Co;Tower Hill Insurance Exchange;Kin Interinsurance Network;Unique Insurance Co.;Heritage P&C Insurance Co.;Florida Family Home Ins Co.;US Coastal P&C Insurance Co.;TypTap Insurance Co.;Homeowners Choice P&C Ins Co.;Vault E&S Insurance Co.;Edison Insurance Co.;Safe Harbor Insurance Co.;Spinnaker Specialty Ins Co.;GeoVera Specialty Insurance Co;Florida Farm Bureau Cas Ins Co;Universal North America Ins Co;QBE Specialty Insurance Co.;Auto Club Insurance Co. of FL;American Platinum P&C Ins Co.;FL Farm Bureau General Ins Co.;Castle Key Insurance Co.;Homesite Insurance Co.;PURE Specialty Exchange;State Farm FL Ins Co;AIG Property Casualty Co.;Foremost P&C Insurance Co.;ASI Preferred Insurance Corp.;Nationwide P&C Insurance Co.;ACE Ins Co. of the Midwest;Castle Key Indemnity Co.;First Liberty Insurance Corp.,Universal P&C Insurance Co.;Florida Family Insurance Co.;First Protective Insurance Co.;Cypress P&C Insurance Co.;Florida Peninsula Insurance Co;Tower Hill Insurance Exchange;Kin Interinsurance Network;Unique Insurance Co.;Heritage P&C Insurance Co.;Florida Family Home Ins Co.;US Coastal P&C Insurance Co.;TypTap Insurance Co.;Homeowners Choice P&C Ins Co.;Vault E&S Insurance Co.;Edison Insurance Co.;Safe Harbor Insurance Co.;Spinnaker Specialty Ins Co.;GeoVera Specialty Insurance Co;Florida Farm Bureau Cas Ins Co;Universal North America Ins Co;QBE Specialty Insurance Co.;American Platinum P&C Ins Co.,7256262320.6356,13,35.89838321723671,4529410507.775981,67371609.61136222,1,0.9811320754716981,16000041064.973896,303407340.0,15272695785.219679,539937478.65,359958319.1,539937478.65,359958319.1,24191324367.603832,27632324367.603832,3441000000.0,1395853723.0,1395853723.0,0.0,True,21854786181.38201,17000000000.0,4854786181.382011,0.7778616481950402,12934897983.49263,4065102016.507367,2455584845.495923,0.0,14,9464500000.0,9464500000.0,39
double_gm,baseline,,COMPOSITE,"{""double_gm"": 0.7011759388538035}",321140213590.4479,225175790767.9933,95964422822.4546,40893933116.057816,95632473543.2766,0.0,74173628223.28845,14475755885.370443,40893933116.057816,95632473543.2766,28162798283.9663,67801624538.488304,23.09696048153052,4.507612336532685,12.733980792642214,29.77904027467494,8.769626814747808,21.112779299871843,74173628223.28845,14475755885.370443,28162798283.9663,37,23,14,Universal P&C Insurance Co.;Florida Family Insurance Co.;First Protective Insurance Co.;Spinnaker Insurance Co.;Cypress P&C Insurance Co.;Florida Peninsula Insurance Co;Tower Hill Insurance Exchange;Kin Interinsurance Network;Unique Insurance Co.;Heritage P&C Insurance Co.;Florida Family Home Ins Co.;US Coastal P&C Insurance Co.;TypTap Insurance Co.;Homeowners Choice P&C Ins Co.;Vault E&S Insurance Co.;Edison Insurance Co.;Safe Harbor Insurance Co.;Spinnaker Specialty Ins Co.;GeoVera Specialty Insurance Co;Florida Farm Bureau Cas Ins Co;Universal North America Ins Co;QBE Specialty Insurance Co.;Auto Club Insurance Co. of FL;American Platinum P&C Ins Co.;Privilege Underwriters Recpl;FL Farm Bureau General Ins Co.;Castle Key Insurance Co.;Homesite Insurance Co.;PURE Specialty Exchange;State Farm FL Ins Co;AIG Property Casualty Co.;Foremost P&C Insurance Co.;ASI Preferred Insurance Corp.;Nationwide P&C Insurance Co.;ACE Ins Co. of the Midwest;Castle Key Indemnity Co.;First Liberty Insurance Corp.,Universal P&C Insurance Co.;Florida Family Insurance Co.;First Protective Insurance Co.;Spinnaker Insurance Co.;Cypress P&C Insurance Co.;Florida Peninsula Insurance Co;Tower Hill Insurance Exchange;Kin Interinsurance Network;Unique Insurance Co.;Heritage P&C Insurance Co.;Florida Family Home Ins Co.;US Coastal P&C Insurance Co.;TypTap Insurance Co.;Homeowners Choice P&C Ins Co.;Vault E&S Insurance Co.;Edison Insurance Co.;Safe Harbor Insurance Co.;Spinnaker Specialty Ins Co.;GeoVera Specialty Insurance Co;Florida Farm Bureau Cas Ins Co;Universal North America Ins Co;QBE Specialty Insurance Co.;American Platinum P&C Ins Co.,9872403053.939928,14,36.189312511589605,4954112234.826539,75432488.17187355,1,0.9811320754716981,20237444948.72443,300194520.0,9375142939.209053,539937478.65,359958319.1,539937478.65,359958319.1,24721798283.9663,28162798283.9663,3441000000.0,1395853723.0,1395853723.0,0.0,True,26207965467.8992,17000000000.0,9207965467.8992,0.6486577533392446,12958011451.118872,4041988548.8811264,2575000000.0,0.0,14,9464500000.0,9464500000.0,40
double_gm,baseline,,COMPOSITE,"{""double_gm"": 0.7021697328683978}",321140213590.44794,225494937990.10504,95645275600.34288,40264870016.32317,94229153094.31842,0.0,71706559161.0791,19294355718.384323,40264870016.32317,94229153094.31842,28069787743.362034,67575487856.980835,22.3287387024432,6.008078372579814,12.538096542363645,29.342059669453118,8.740664219386614,21.0423624937736,71706559161.0791,19294355718.384323,28069787743.362034,37,23,14,Universal P&C Insurance Co.;Florida Family Insurance Co.;First Protective Insurance Co.;Spinnaker Insurance Co.;Cypress P&C Insurance Co.;Florida Peninsula Insurance Co;Tower Hill Insurance Exchange;Kin Interinsurance Network;Unique Insurance Co.;Heritage P&C Insurance Co.;Florida Family Home Ins Co.;US Coastal P&C Insurance Co.;TypTap Insurance Co.;Homeowners Choice P&C Ins Co.;Vault E&S Insurance Co.;Edison Insurance Co.;Safe Harbor Insurance Co.;Spinnaker Specialty Ins Co.;GeoVera Specialty Insurance Co;Florida Farm Bureau Cas Ins Co;Universal North America Ins Co;QBE Specialty Insurance Co.;Auto Club Insurance Co. of FL;American Platinum P&C Ins Co.;Privilege Underwriters Recpl;FL Farm Bureau General Ins Co.;Castle Key Insurance Co.;Homesite Insurance Co.;PURE Specialty Exchange;State Farm FL Ins Co;AIG Property Casualty Co.;Foremost P&C Insurance Co.;ASI Preferred Insurance Corp.;Nationwide P&C Insurance Co.;ACE Ins Co. of the Midwest;Castle Key Indemnity Co.;First Liberty Insurance Corp.,Universal P&C Insurance Co.;Florida Family Insurance Co.;First Protective Insurance Co.;Spinnaker Insurance Co.;Cypress P&C Insurance Co.;Florida Peninsula Insurance Co;Tower Hill Insurance Exchange;Kin Interinsurance Network;Unique Insurance Co.;Heritage P&C Insurance Co.;Florida Family Home Ins Co.;US Coastal P&C Insurance Co.;TypTap Insurance Co.;Homeowners Choice P&C Ins Co.;Vault E&S Insurance Co.;Edison Insurance Co.;Safe Harbor Insurance Co.;Spinnaker Specialty Ins Co.;GeoVera Specialty Insurance Co;Florida Farm Bureau Cas Ins Co;Universal North America Ins Co;QBE Specialty Insurance Co.;American Platinum P&C Ins Co.,8653722754.609495,14,36.189312511589605,5179339230.2531395,85479238.51733252,1,0.9811320754716981,20697912784.053196,300194520.0,12828736630.528236,539937478.65,359958319.1,539937478.65,359958319.1,24628787743.362034,28069787743.362034,3441000000.0,1395853723.0,1395853723.0,0.0,True,28685275767.504486,17000000000.0,11685275767.504486,0.59263854173081,11639516342.006086,5360483657.993909,2575000000.0,0.0,14,9464500000.0,9464500000.0,41
double_gm,baseline,,COMPOSITE,"{""double_gm"": 0.7110100725707018}",321140213590.4479,228333926570.31503,92806287020.13286,24596280404.813156,116695300301.5597,0.0,68569122583.48917,18473223280.453007,24596280404.813156,116695300301.5597,27242408263.548798,65563878756.58406,21.351770871939383,5.752385562031177,7.659047158815478,36.33780366428414,8.483026139570054,20.415966603359767,68569122583.48917,18473223280.453007,27242408263.548798,36,23,13,Universal P&C Insurance Co.;Florida Family Insurance Co.;First Protective Insurance Co.;Spinnaker Insurance Co.;Cypress P&C Insurance Co.;Florida Peninsula Insurance Co;Tower Hill Insurance Exchange;Kin Interinsurance Network;Unique Insurance Co.;Heritage P&C Insurance Co.;Florida Family Home Ins Co.;US Coastal P&C Insurance Co.;TypTap Insurance Co.;Homeowners Choice P&C Ins Co.;Vault E&S Insurance Co.;Edison Insurance Co.;Safe Harbor Insurance Co.;Spinnaker Specialty Ins Co.;GeoVera Specialty Insurance Co;Florida Farm Bureau Cas Ins Co;Universal North America Ins Co;QBE Specialty Insurance Co.;Auto Club Insurance Co. of FL;American Platinum P&C Ins Co.;FL Farm Bureau General Ins Co.;Castle Key Insurance Co.;Homesite Insurance Co.;PURE Specialty Exchange;State Farm FL Ins Co;AIG Property Casualty Co.;Foremost P&C Insurance Co.;ASI Preferred Insurance Corp.;Nationwide P&C Insurance Co.;ACE Ins Co. of the Midwest;Castle Key Indemnity Co.;First Liberty Insurance Corp.,Universal P&C Insurance Co.;Florida Family Insurance Co.;First Protective Insurance Co.;Spinnaker Insurance Co.;Cypress P&C Insurance Co.;Florida Peninsula Insurance Co;Tower Hill Insurance Exchange;Kin Interinsurance Network;Unique Insurance Co.;Heritage P&C Insurance Co.;Florida Family Home Ins Co.;US Coastal P&C Insurance Co.;TypTap Insurance Co.;Homeowners Choice P&C Ins Co.;Vault E&S Insurance Co.;Edison Insurance Co.;Safe Harbor Insurance Co.;Spinnaker Specialty Ins Co.;GeoVera Specialty Insurance Co;Florida Farm Bureau Cas Ins Co;Universal North America Ins Co;QBE Specialty Insurance Co.;American Platinum P&C Ins Co.,8729272651.24006,13,36.189312511589605,4447534617.435252,66993454.2916864,1,0.9811320754716981,19976461421.562706,300194520.0,11942735025.509258,539937478.65,359958319.1,539937478.65,359958319.1,23801408263.548798,27242408263.548798,3441000000.0,1395853723.0,1395853723.0,0.0,True,28330686608.30066,16999999999.999998,11330686608.300661,0.6000560535309842,11572424096.078772,5427575903.921227,2408792442.959431,0.0,14,9464500000.0,9464500000.0,42
double_gm,baseline,,COMPOSITE,"{""double_gm"": 0.5042594131952383}",321140213590.4479,161937975658.51276,159202237931.93515,46547560450.21921,56347807683.30419,0.0,47028868865.163574,12013738659.825747,46547560450.21921,56347807683.30419,46592485157.14752,112609752774.78763,14.644341279893332,3.7409636512065547,14.494466429415034,17.546169959008903,14.508455554733862,35.065603125742314,47028868865.163574,12013738659.825747,46592485157.14752,30,19,11,Universal P&C Insurance Co.;Florida Family Insurance Co.;First Protective Insurance Co.;Cypress P&C Insurance Co.;Florida Peninsula Insurance Co;Tower Hill Insurance Exchange;Kin Interinsurance Network;Heritage P&C Insurance Co.;Florida Family Home Ins Co.;US Coastal P&C Insurance Co.;TypTap Insurance Co.;Homeowners Choice P&C Ins Co.;Vault E&S Insurance Co.;Edison Insurance Co.;Safe Harbor Insurance Co.;GeoVera Specialty Insurance Co;Florida Farm Bureau Cas Ins Co;Universal North America Ins Co;Auto Club Insurance Co. of FL;American Platinum P&C Ins Co.;FL Farm Bureau General Ins Co.;Castle Key Insurance Co.;Homesite Insurance Co.;State Farm FL Ins Co;AIG Property Casualty Co.;Foremost P&C Insurance Co.;ASI Preferred Insurance Corp.;ACE Ins Co. of the Midwest;Castle Key Indemnity Co.;First Liberty Insurance Corp.,Universal P&C Insurance Co.;Florida Family Insurance Co.;First Protective Insurance Co.;Cypress P&C Insurance Co.;Florida Peninsula Insurance Co;Tower Hill Insurance Exchange;Kin Interinsurance Network;Heritage P&C Insurance Co.;Florida Family Home Ins Co.;US Coastal P&C Insurance Co.;TypTap Insurance Co.;Homeowners Choice P&C Ins Co.;Vault E&S Insurance Co.;Edison Insurance Co.;Safe Harbor Insurance Co.;GeoVera Specialty Insurance Co;Florida Farm Bureau Cas Ins Co;Universal North America Ins Co;American Platinum P&C Ins Co.,4304133687.6738205,11,35.41856476294073,2481697272.0078664,28429590.136581562,1,0.9811320754716981,9852089328.069794,308706120.0,6917648097.352016,539937478.65,359958319.1,539937478.65,359958319.1,43151485157.14752,46592485157.14752,3441000000.0,1395853723.0,1395853723.0,0.0,True,22554801473.31655,17000000000.0,5554801473.316551,0.7537197798043952,13011878014.047724,3988121985.9522786,2127391032.8728426,0.0,14,9464500000.0,9464500000.0,43
double_gm,baseline,,COMPOSITE,"{""double_gm"": 0.6751175414628573}",321140213590.4479,216807391464.04004,104332822126.40782,24848255368.553516,60749510618.020546,0.0,101856795403.65402,29352830073.811924,24848255368.553516,60749510618.020546,30601639324.48296,73731182801.9249,31.717234744556976,9.140191365521657,7.737509759597611,18.916818276609472,9.529058657072895,22.95918719664138,101856795403.65402,29352830073.811924,30601639324.48296,39,26,13,Universal P&C Insurance Co.;Florida Family Insurance Co.;First Protective Insurance Co.;Spinnaker Insurance Co.;Cypress P&C Insurance Co.;Florida Peninsula Insurance Co;Tower Hill Insurance Exchange;Kin Interinsurance Network;Unique Insurance Co.;Heritage P&C Insurance Co.;Florida Family Home Ins Co.;US Coastal P&C Insurance Co.;TypTap Insurance Co.;Homeowners Choice P&C Ins Co.;Vault E&S Insurance Co.;Edison Insurance Co.;Safe Harbor Insurance Co.;Spinnaker Specialty Ins Co.;GeoVera Specialty Insurance Co;Florida Farm Bureau Cas Ins Co;Universal North America Ins Co;QBE Specialty Insurance Co.;Auto Club Insurance Co. of FL;American Platinum P&C Ins Co.;Privilege Underwriters Recpl;FL Farm Bureau General Ins Co.;Castle Key Insurance Co.;Chubb Custom Insurance Co.;Homesite Insurance Co.;PURE Specialty Exchange;First Floridian Auto & Home;State Farm FL Ins Co;AIG Property Casualty Co.;Foremost P&C Insurance Co.;ASI Preferred Insurance Corp.;Nationwide P&C Insurance Co.;ACE Ins Co. of the Midwest;Castle Key Indemnity Co.;First Liberty Insurance Corp.,Universal P&C Insurance Co.;Florida Family Insurance Co.;First Protective Insurance Co.;Spinnaker Insurance Co.;Cypress P&C Insurance Co.;Florida Peninsula Insurance Co;Tower Hill Insurance Exchange;Kin Interinsurance Network;Unique Insurance Co.;Heritage P&C Insurance Co.;Florida Family Home Ins Co.;US Coastal P&C Insurance Co.;TypTap Insurance Co.;Homeowners Choice P&C Ins Co.;Vault E&S Insurance Co.;Edison Insurance Co.;Safe Harbor Insurance Co.;Spinnaker Specialty Ins Co.;GeoVera Specialty Insurance Co;Florida Farm Bureau Cas Ins Co;Universal North America Ins Co;QBE Specialty Insurance Co.;American Platinum P&C Ins Co.;Privilege Underwriters Recpl;ACE Ins Co. of the Midwest;Castle Key Indemnity Co.,14871782006.424341,16,39.4463927446047,7357031813.705692,152773343.9949059,1,0.9811320754716981,31995964892.343323,264225600.0,23020536922.498333,539937478.65,359958319.1,539937478.65,359958319.1,27160639324.48296,30601639324.48296,3441000000.0,1395853723.0,1395853723.0,0.0,True,29559741753.77263,17000000000.0,12559741753.772629,0.5751065128243327,11798095556.53065,5201904443.469356,2575000000.0,0.0,14,9464500000.0,9464500000.0,44
double_gm,baseline,,COMPOSITE,"{""double_gm"": 0.7328351542026398}",321140213590.4479,235342837947.22458,85797375643.22331,36565039514.530174,124493663964.33922,0.0,59787636615.70495,14496497852.650246,36565039514.530174,124493663964.33922,25199769032.976215,60597606610.24711,18.617299885075276,4.514071187340531,11.38600460705983,38.766139740788354,7.846967762534292,18.869516817201728,59787636615.70495,14496497852.650246,25199769032.976215,35,22,13,Universal P&C Insurance Co.;Florida Family Insurance Co.;First Protective Insurance Co.;Cypress P&C Insurance Co.;Florida Peninsula Insurance Co;Tower Hill Insurance Exchange;Kin Interinsurance Network;Unique Insurance Co.;Heritage P&C Insurance Co.;Florida Family Home Ins Co.;US Coastal P&C Insurance Co.;TypTap Insurance Co.;Homeowners Choice P&C Ins Co.;Vault E&S Insurance Co.;Edison Insurance Co.;Safe Harbor Insurance Co.;Spinnaker Specialty Ins Co.;GeoVera Specialty Insurance Co;Florida Farm Bureau Cas Ins Co;Universal North America Ins Co;QBE Specialty Insurance Co.;Auto Club Insurance Co. of FL;American Platinum P&C Ins Co.;FL Farm Bureau General Ins Co.;Castle Key Insurance Co.;Homesite Insurance Co.;PURE Specialty Exchange;State Farm FL Ins Co;AIG Property Casualty Co.;Foremost P&C Insurance Co.;ASI Preferred Insurance Corp.;Nationwide P&C Insurance Co.;ACE Ins Co. of the Midwest;Castle Key Indemnity Co.;First Liberty Insurance Corp.,Universal P&C Insurance Co.;Florida Family Insurance Co.;First Protective Insurance Co.;Cypress P&C Insurance Co.;Florida Peninsula Insurance Co;Tower Hill Insurance Exchange;Kin Interinsurance Network;Unique Insurance Co.;Heritage P&C Insurance Co.;Florida Family Home Ins Co.;US Coastal P&C Insurance Co.;TypTap Insurance Co.;Homeowners Choice P&C Ins Co.;Vault E&S Insurance Co.;Edison Insurance Co.;Safe Harbor Insurance Co.;Spinnaker Specialty Ins Co.;GeoVera Specialty Insurance Co;Florida Farm Bureau Cas Ins Co;Universal North America Ins Co;QBE Specialty Insurance Co.;American Platinum P&C Ins Co.,5990384698.820051,13,35.89838321723671,3150661337.4344425,55484403.780089155,1,0.9811320754716981,14851252598.716642,303407340.0,9027029972.506615,539937478.65,359958319.1,539937478.65,359958319.1,21758769032.976215,25199769032.976215,3441000000.0,1395853723.0,1395853723.0,0.0,True,25083377518.198578,17000000000.0,8083377518.198578,0.677739669933449,12622980916.098993,4377019083.901007,2361943853.296807,0.0,14,9464500000.0,9464500000.0,45
double_gm,baseline,,COMPOSITE,"{""double_gm"": 0.7216294711963777}",321140213590.44794,231744242513.16672,89395971077.2812,56985055986.7423,55118335433.54446,0.0,91847397005.7718,27793454087.108112,56985055986.7423,55118335433.54446,26248524226.654686,63147446850.626526,28.60040353678825,8.654616554049277,17.744603003663592,17.163324025136635,8.173540128527655,19.663512751834578,91847397005.7718,27793454087.108112,26248524226.654686,39,23,16,Universal P&C Insurance Co.;Florida Family Insurance Co.;First Protective Insurance Co.;Spinnaker Insurance Co.;Cypress P&C Insurance Co.;Florida Peninsula Insurance Co;Tower Hill Insurance Exchange;Kin Interinsurance Network;Unique Insurance Co.;Heritage P&C Insurance Co.;Florida Family Home Ins Co.;US Coastal P&C Insurance Co.;TypTap Insurance Co.;Homeowners Choice P&C Ins Co.;Vault E&S Insurance Co.;Edison Insurance Co.;Safe Harbor Insurance Co.;Spinnaker Specialty Ins Co.;GeoVera Specialty Insurance Co;Florida Farm Bureau Cas Ins Co;Universal North America Ins Co;QBE Specialty Insurance Co.;Auto Club Insurance Co. of FL;American Platinum P&C Ins Co.;Privilege Underwriters Recpl;FL Farm Bureau General Ins Co.;Castle Key Insurance Co.;Chubb Custom Insurance Co.;Homesite Insurance Co.;PURE Specialty Exchange;First Floridian Auto & Home;State Farm FL Ins Co;AIG Property Casualty Co.;Foremost P&C Insurance Co.;ASI Preferred Insurance Corp.;Nationwide P&C Insurance Co.;ACE Ins Co. of the Midwest;Castle Key Indemnity Co.;First Liberty Insurance Corp.,Universal P&C Insurance Co.;Florida Family Insurance Co.;First Protective Insurance Co.;Spinnaker Insurance Co.;Cypress P&C Insurance Co.;Florida Peninsula Insurance Co;Tower Hill Insurance Exchange;Kin Interinsurance Network;Unique Insurance Co.;Heritage P&C Insurance Co.;Florida Family Home Ins Co.;US Coastal P&C Insurance Co.;TypTap Insurance Co.;Homeowners Choice P&C Ins Co.;Vault E&S Insurance Co.;Edison Insurance Co.;Safe Harbor Insurance Co.;Spinnaker Specialty Ins Co.;GeoVera Specialty Insurance Co;Florida Farm Bureau Cas Ins Co;Universal North America Ins Co;QBE Specialty Insurance Co.;American Platinum P&C Ins Co.,12850270433.088661,16,36.189312511589605,7666950923.60343,112168386.66009954,1,0.9811320754716981,29403755184.487667,300194520.0,21404383401.79204,539937478.65,359958319.1,539937478.65,359958319.1,22807524226.654686,26248524226.654686,3441000000.0,1395853723.0,1395853723.0,0.0,True,29290220613.91516,17000000000.0,12290220613.915161,0.5803984962791185,11750228958.545126,5249771041.454876,2574999999.9999995,0.0,14,9464500000.0,9464500000.0,46
double_gm,baseline,,COMPOSITE,"{""double_gm"": 0.78647615836105}",321140213590.44794,252569121479.86258,68571092110.58538,21787872040.18571,96412740968.25812,0.0,99047148504.92027,35321359966.49843,21787872040.18571,96412740968.25812,20179434112.39861,48391657998.18677,30.84233749412514,10.99873465599172,6.7845355760932256,30.02200810989491,6.283683344040359,15.068700819854639,99047148504.92027,35321359966.49843,20179434112.39861,40,23,17,Universal P&C Insurance Co.;Florida Family Insurance Co.;First Protective Insurance Co.;Spinnaker Insurance Co.;Cypress P&C Insurance Co.;Florida Peninsula Insurance Co;Tower Hill Insurance Exchange;Kin Interinsurance Network;Unique Insurance Co.;Heritage P&C Insurance Co.;Florida Family Home Ins Co.;US Coastal P&C Insurance Co.;TypTap Insurance Co.;Homeowners Choice P&C Ins Co.;Vault E&S Insurance Co.;Edison Insurance Co.;Safe Harbor Insurance Co.;Spinnaker Specialty Ins Co.;GeoVera Specialty Insurance Co;Florida Farm Bureau Cas Ins Co;Universal North America Ins Co;QBE Specialty Insurance Co.;Auto Club Insurance Co. of FL;American Platinum P&C Ins Co.;Privilege Underwriters Recpl;FL Farm Bureau General Ins Co.;Castle Key Insurance Co.;Chubb Custom Insurance Co.;Homesite Insurance Co.;Scottsdale Insurance Co.;PURE Specialty Exchange;State Farm FL Ins Co;AIG Specialty Insurance Co.;AIG Property Casualty Co.;Foremost P&C Insurance Co.;ASI Preferred Insurance Corp.;Nationwide P&C Insurance Co.;ACE Ins Co. of the Midwest;Castle Key Indemnity Co.;First Liberty Insurance Corp.,Universal P&C Insurance Co.;Florida Family Insurance Co.;First Protective Insurance Co.;Spinnaker Insurance Co.;Cypress P&C Insurance Co.;Florida Peninsula Insurance Co;Tower Hill Insurance Exchange;Kin Interinsurance Network;Unique Insurance Co.;Heritage P&C Insurance Co.;Florida Family Home Ins Co.;US Coastal P&C Insurance Co.;TypTap Insurance Co.;Homeowners Choice P&C Ins Co.;Vault E&S Insurance Co.;Edison Insurance Co.;Safe Harbor Insurance Co.;Spinnaker Specialty Ins Co.;GeoVera Specialty Insurance Co;Florida Farm Bureau Cas Ins Co;Universal North America Ins Co;QBE Specialty Insurance Co.;American Platinum P&C Ins Co.,13865559674.784771,17,36.189312511589605,7939597055.167025,136133496.35728496,1,0.9811320754716981,32217173838.18709,300194520.0,29089121904.15596,539937478.65,359958319.1,539937478.65,359958319.1,16738434112.39861,20179434112.39861,3441000000.0,1395853723.0,1395853723.0,0.0,True,30441523949.607124,17000000000.0,13441523949.607124,0.5584477317279446,11948776144.344738,5051223855.655261,2588983451.3774977,0.0,15,9464500000.0,9464500000.0,47
double_gm,baseline,,COMPOSITE,"{""double_gm"": 0.7414743803739042}",321140213590.4478,238117240885.12054,83022972705.32729,56623215729.56984,96919849747.83018,0.0,66578288696.3943,17995886711.32629,56623215729.56984,96919849747.83018,24391212043.50818,58631760661.819115,20.731844184827636,5.603747506463503,17.631929398222855,30.17991694787645,7.595190826712985,18.2573711358966,66578288696.3943,17995886711.32629,24391212043.50818,35,22,13,Universal P&C Insurance Co.;Florida Family Insurance Co.;First Protective Insurance Co.;Cypress P&C Insurance Co.;Florida Peninsula Insurance Co;Tower Hill Insurance Exchange;Kin Interinsurance Network;Unique Insurance Co.;Heritage P&C Insurance Co.;Florida Family Home Ins Co.;US Coastal P&C Insurance Co.;TypTap Insurance Co.;Homeowners Choice P&C Ins Co.;Vault E&S Insurance Co.;Edison Insurance Co.;Safe Harbor Insurance Co.;Spinnaker Specialty Ins Co.;GeoVera Specialty Insurance Co;Florida Farm Bureau Cas Ins Co;Universal North America Ins Co;QBE Specialty Insurance Co.;Auto Club Insurance Co. of FL;American Platinum P&C Ins Co.;FL Farm Bureau General Ins Co.;Castle Key Insurance Co.;Homesite Insurance Co.;PURE Specialty Exchange;State Farm FL Ins Co;AIG Property Casualty Co.;Foremost P&C Insurance Co.;ASI Preferred Insurance Corp.;Nationwide P&C Insurance Co.;ACE Ins Co. of the Midwest;Castle Key Indemnity Co.;First Liberty Insurance Corp.,Universal P&C Insurance Co.;Florida Family Insurance Co.;First Protective Insurance Co.;Cypress P&C Insurance Co.;Florida Peninsula Insurance Co;Tower Hill Insurance Exchange;Kin Interinsurance Network;Unique Insurance Co.;Heritage P&C Insurance Co.;Florida Family Home Ins Co.;US Coastal P&C Insurance Co.;TypTap Insurance Co.;Homeowners Choice P&C Ins Co.;Vault E&S Insurance Co.;Edison Insurance Co.;Safe Harbor Insurance Co.;Spinnaker Specialty Ins Co.;GeoVera Specialty Insurance Co;Florida Farm Bureau Cas Ins Co;Universal North America Ins Co;QBE Specialty Insurance Co.;American Platinum P&C Ins Co.,8351102979.781325,13,35.89838321723671,5123546937.00642,77550667.32950537,1,0.9811320754716981,18150617979.491474,303407340.0,12612210461.776073,539937478.65,359958319.1,539937478.65,359958319.1,20950212043.50818,24391212043.50818,3441000000.0,1395853723.0,1395853723.0,0.0,True,23366699729.545986,17000000000.0,6366699729.545986,0.7275310675775226,12737748893.078642,4262251106.9213605,2426737868.354075,0.0,14,9464500000.0,9464500000.0,48
double_gm,baseline,,COMPOSITE,"{""double_gm"": 0.7480123079519175}",321140213590.4479,240216832343.96268,80923381246.4852,27913678656.983955,131244485810.34885,0.0,66317322141.769714,14741345734.86015,27913678656.983955,131244485810.34885,23779318462.411568,57144062784.07363,20.65058168839129,4.590314482900569,8.692053338602571,40.86828128529732,7.404653000803406,17.794116204004837,66317322141.769714,14741345734.86015,23779318462.411568,36,23,13,Universal P&C Insurance Co.;Florida Family Insurance Co.;First Protective Insurance Co.;Spinnaker Insurance Co.;Cypress P&C Insurance Co.;Florida Peninsula Insurance Co;Tower Hill Insurance Exchange;Kin Interinsurance Network;Unique Insurance Co.;Heritage P&C Insurance Co.;Florida Family Home Ins Co.;US Coastal P&C Insurance Co.;TypTap Insurance Co.;Homeowners Choice P&C Ins Co.;Vault E&S Insurance Co.;Edison Insurance Co.;Safe Harbor Insurance Co.;Spinnaker Specialty Ins Co.;GeoVera Specialty Insurance Co;Florida Farm Bureau Cas Ins Co;Universal North America Ins Co;QBE Specialty Insurance Co.;Auto Club Insurance Co. of FL;American Platinum P&C Ins Co.;FL Farm Bureau General Ins Co.;Castle Key Insurance Co.;Homesite Insurance Co.;PURE Specialty Exchange;State Farm FL Ins Co;AIG Property Casualty Co.;Foremost P&C Insurance Co.;ASI Preferred Insurance Corp.;Nationwide P&C Insurance Co.;ACE Ins Co. of the Midwest;Castle Key Indemnity Co.;First Liberty Insurance Corp.,Universal P&C Insurance Co.;Florida Family Insurance Co.;First Protective Insurance Co.;Spinnaker Insurance Co.;Cypress P&C Insurance Co.;Florida Peninsula Insurance Co;Tower Hill Insurance Exchange;Kin Interinsurance Network;Unique Insurance Co.;Heritage P&C Insurance Co.;Florida Family Home Ins Co.;US Coastal P&C Insurance Co.;TypTap Insurance Co.;Homeowners Choice P&C Ins Co.;Vault E&S Insurance Co.;Edison Insurance Co.;Safe Harbor Insurance Co.;Spinnaker Specialty Ins Co.;GeoVera Specialty Insurance Co;Florida Farm Bureau Cas Ins Co;Universal North America Ins Co;QBE Specialty Insurance Co.;American Platinum P&C Ins Co.,9311526722.538237,13,36.189312511589605,3671122420.023812,81209254.43674439,1,0.9811320754716981,16518041361.773685,300194520.0,8545432760.604967,539937478.65,359958319.1,539937478.65,359958319.1,20338318462.411568,23779318462.411568,3441000000.0,1395853723.0,1395853723.0,0.0,True,26630634479.63887,17000000000.0,9630634479.63887,0.6383625599682119,11867483314.70384,5132516685.296162,2443744903.3835754,0.0,14,9464500000.0,9464500000.0,49
double_gm,baseline,,COMPOSITE,"{""double_gm"": 0.8015348128333533}",321140213590.4479,257405060993.48276,63735152596.96515,23143505908.651894,98537867875.52026,0.0,101540413012.86874,34183274196.441853,23143505908.651894,98537867875.52026,18770074051.185745,44965078545.7794,31.618716285206144,10.64434560040369,7.206667034906737,30.683752362818762,5.844822061158413,14.00169665550626,101540413012.86874,34183274196.441853,18770074051.185745,39,23,16,Universal P&C Insurance Co.;Florida Family Insurance Co.;First Protective Insurance Co.;Spinnaker Insurance Co.;Cypress P&C Insurance Co.;Florida Peninsula Insurance Co;Tower Hill Insurance Exchange;Kin Interinsurance Network;Unique Insurance Co.;Heritage P&C Insurance Co.;Florida Family Home Ins Co.;US Coastal P&C Insurance Co.;TypTap Insurance Co.;Homeowners Choice P&C Ins Co.;Vault E&S Insurance Co.;Edison Insurance Co.;Safe Harbor Insurance Co.;Spinnaker Specialty Ins Co.;GeoVera Specialty Insurance Co;Florida Farm Bureau Cas Ins Co;Universal North America Ins Co;QBE Specialty Insurance Co.;Auto Club Insurance Co. of FL;American Platinum P&C Ins Co.;Privilege Underwriters Recpl;FL Farm Bureau General Ins Co.;Castle Key Insurance Co.;Chubb Custom Insurance Co.;Homesite Insurance Co.;Farmers Casualty Ins Co.;PURE Specialty Exchange;State Farm FL Ins Co;AIG Property Casualty Co.;Foremost P&C Insurance Co.;ASI Preferred Insurance Corp.;Nationwide P&C Insurance Co.;ACE Ins Co. of the Midwest;Castle Key Indemnity Co.;First Liberty Insurance Corp.,Universal P&C Insurance Co.;Florida Family Insurance Co.;First Protective Insurance Co.;Spinnaker Insurance Co.;Cypress P&C Insurance Co.;Florida Peninsula Insurance Co;Tower Hill Insurance Exchange;Kin Interinsurance Network;Unique Insurance Co.;Heritage P&C Insurance Co.;Florida Family Home Ins Co.;US Coastal P&C Insurance Co.;TypTap Insurance Co.;Homeowners Choice P&C Ins Co.;Vault E&S Insurance Co.;Edison Insurance Co.;Safe Harbor Insurance Co.;Spinnaker Specialty Ins Co.;GeoVera Specialty Insurance Co;Florida Farm Bureau Cas Ins Co;Universal North America Ins Co;QBE Specialty Insurance Co.;American Platinum P&C Ins Co.,14454834432.251282,16,36.189312511589605,7709638908.51452,125815485.11535433,1,0.9811320754716981,32955874469.42792,300194520.0,27806151767.91342,539937478.65,359958319.1,539937478.65,359958319.1,15329074051.185745,18770074051.185745,3441000000.0,1395853723.0,1395853723.0,0.0,True,29506816690.781837,17000000000.0,12506816690.781837,0.5761380557636003,11788765132.200972,5211234867.799022,2578881266.0085917,0.0,15,9464500000.0,9464500000.0,50
double_gm,baseline,,COMPOSITE,"{""double_gm"": 0.7883341524127071}",321140213590.44794,253165798086.4615,67974415503.986435,32472578794.95237,101253686119.02872,0.0,90251857417.56197,29187675754.91842,32472578794.95237,101253686119.02872,20005541908.736393,47968873595.25003,28.1035677246764,9.088763885590996,10.111651366205058,31.529432264798253,6.229534970120429,14.937049788608855,90251857417.56197,29187675754.91842,20005541908.736393,38,23,15,Universal P&C Insurance Co.;Florida Family Insurance Co.;First Protective Insurance Co.;Spinnaker Insurance Co.;Cypress P&C Insurance Co.;Florida Peninsula Insurance Co;Tower Hill Insurance Exchange;Kin Interinsurance Network;Unique Insurance Co.;Heritage P&C Insurance Co.;Florida Family Home Ins Co.;US Coastal P&C Insurance Co.;TypTap Insurance Co.;Homeowners Choice P&C Ins Co.;Vault E&S Insurance Co.;Edison Insurance Co.;Safe Harbor Insurance Co.;Spinnaker Specialty Ins Co.;GeoVera Specialty Insurance Co;Florida Farm Bureau Cas Ins Co;Universal North America Ins Co;QBE Specialty Insurance Co.;Auto Club Insurance Co. of FL;American Platinum P&C Ins Co.;Privilege Underwriters Recpl;FL Farm Bureau General Ins Co.;Castle Key Insurance Co.;Chubb Custom Insurance Co.;Homesite Insurance Co.;PURE Specialty Exchange;State Farm FL Ins Co;AIG Property Casualty Co.;Foremost P&C Insurance Co.;ASI Preferred Insurance Corp.;Nationwide P&C Insurance Co.;ACE Ins Co. of the Midwest;Castle Key Indemnity Co.;First Liberty Insurance Corp.,Universal P&C Insurance Co.;Florida Family Insurance Co.;First Protective Insurance Co.;Spinnaker Insurance Co.;Cypress P&C Insurance Co.;Florida Peninsula Insurance Co;Tower Hill Insurance Exchange;Kin Interinsurance Network;Unique Insurance Co.;Heritage P&C Insurance Co.;Florida Family Home Ins Co.;US Coastal P&C Insurance Co.;TypTap Insurance Co.;Homeowners Choice P&C Ins Co.;Vault E&S Insurance Co.;Edison Insurance Co.;Safe Harbor Insurance Co.;Spinnaker Specialty Ins Co.;GeoVera Specialty Insurance Co;Florida Farm Bureau Cas Ins Co;Universal North America Ins Co;QBE Specialty Insurance Co.;American Platinum P&C Ins Co.,12390710313.047218,15,36.189312511589605,6872714019.153568,115374334.36434528,1,0.9811320754716981,28518433274.706234,300194520.0,22824229192.44581,539937478.65,359958319.1,539937478.65,359958319.1,16564541908.736393,20005541908.736393,3441000000.0,1395853723.0,1395853723.0,0.0,True,29522870474.301018,17000000000.0,12522870474.301018,0.5758247665923308,11791598868.727652,5208401131.272349,2575000000.0,0.0,14,9464500000.0,9464500000.0,51
double_gm,baseline,,COMPOSITE,"{""double_gm"": 0.8431736499568022}",321140213590.4479,270776966040.965,50363247549.48289,57350888335.046295,122197647804.63615,0.0,67810726828.848694,23417703072.43389,57350888335.046295,122197647804.63615,14873038353.536165,35490209195.946724,21.115613666287256,7.292049416862702,17.85851970821264,38.051182204317634,4.6313223084866735,11.051312695833108,67810726828.848694,23417703072.43389,14873038353.536165,36,23,13,Universal P&C Insurance Co.;Florida Family Insurance Co.;First Protective Insurance Co.;Spinnaker Insurance Co.;Cypress P&C Insurance Co.;Florida Peninsula Insurance Co;Tower Hill Insurance Exchange;Kin Interinsurance Network;Unique Insurance Co.;Heritage P&C Insurance Co.;Florida Family Home Ins Co.;US Coastal P&C Insurance Co.;TypTap Insurance Co.;Homeowners Choice P&C Ins Co.;Vault E&S Insurance Co.;Edison Insurance Co.;Safe Harbor Insurance Co.;Spinnaker Specialty Ins Co.;GeoVera Specialty Insurance Co;Florida Farm Bureau Cas Ins Co;Universal North America Ins Co;QBE Specialty Insurance Co.;Auto Club Insurance Co. of FL;American Platinum P&C Ins Co.;FL Farm Bureau General Ins Co.;Castle Key Insurance Co.;Homesite Insurance Co.;PURE Specialty Exchange;State Farm FL Ins Co;AIG Property Casualty Co.;Foremost P&C Insurance Co.;ASI Preferred Insurance Corp.;Nationwide P&C Insurance Co.;ACE Ins Co. of the Midwest;Castle Key Indemnity Co.;First Liberty Insurance Corp.,Universal P&C Insurance Co.;Florida Family Insurance Co.;First Protective Insurance Co.;Spinnaker Insurance Co.;Cypress P&C Insurance Co.;Florida Peninsula Insurance Co;Tower Hill Insurance Exchange;Kin Interinsurance Network;Unique Insurance Co.;Heritage P&C Insurance Co.;Florida Family Home Ins Co.;US Coastal P&C Insurance Co.;TypTap Insurance Co.;Homeowners Choice P&C Ins Co.;Vault E&S Insurance Co.;Edison Insurance Co.;Safe Harbor Insurance Co.;Spinnaker Specialty Ins Co.;GeoVera Specialty Insurance Co;Florida Farm Bureau Cas Ins Co;Universal North America Ins Co;QBE Specialty Insurance Co.;American Platinum P&C Ins Co.,8851757789.69263,13,36.189312511589605,4482710196.734627,69443222.1191093,1,0.9811320754716981,18009724393.149696,300194520.0,17792444138.635418,539937478.65,359958319.1,539937478.65,359958319.1,11432038353.536165,14873038353.536165,3441000000.0,1395853723.0,1395853723.0,0.0,True,25662109689.07058,17000000000.0,8662109689.07058,0.6624552776828108,12553213401.049192,4446786598.950807,2450226667.1081896,0.0,14,9464500000.0,9464500000.0,52
double_gm,baseline,,COMPOSITE,"{""double_gm"": 0.6042422895817983}",321140213590.4479,194046497936.67993,127093715653.76794,40407487593.15908,86989159863.28326,0.0,53618994356.35545,13030856123.882149,40407487593.15908,86989159863.28326,37234951053.18271,89858764600.58522,16.69644351197203,4.057684329904719,12.582506295736293,27.087594820566785,11.594608671671581,27.981162370148592,53618994356.35545,13030856123.882149,37234951053.18271,34,21,13,Universal P&C Insurance Co.;Florida Family Insurance Co.;First Protective Insurance Co.;Cypress P&C Insurance Co.;Florida Peninsula Insurance Co;Tower Hill Insurance Exchange;Kin Interinsurance Network;Unique Insurance Co.;Heritage P&C Insurance Co.;Florida Family Home Ins Co.;US Coastal P&C Insurance Co.;TypTap Insurance Co.;Homeowners Choice P&C Ins Co.;Vault E&S Insurance Co.;Edison Insurance Co.;Safe Harbor Insurance Co.;GeoVera Specialty Insurance Co;Florida Farm Bureau Cas Ins Co;Universal North America Ins Co;QBE Specialty Insurance Co.;Auto Club Insurance Co. of FL;American Platinum P&C Ins Co.;FL Farm Bureau General Ins Co.;Castle Key Insurance Co.;Homesite Insurance Co.;PURE Specialty Exchange;State Farm FL Ins Co;AIG Property Casualty Co.;Foremost P&C Insurance Co.;ASI Preferred Insurance Corp.;Nationwide P&C Insurance Co.;ACE Ins Co. of the Midwest;Castle Key Indemnity Co.;First Liberty Insurance Corp.,Universal P&C Insurance Co.;Florida Family Insurance Co.;First Protective Insurance Co.;Cypress P&C Insurance Co.;Florida Peninsula Insurance Co;Tower Hill Insurance Exchange;Kin Interinsurance Network;Unique Insurance Co.;Heritage P&C Insurance Co.;Florida Family Home Ins Co.;US Coastal P&C Insurance Co.;TypTap Insurance Co.;Homeowners Choice P&C Ins Co.;Vault E&S Insurance Co.;Edison Insurance Co.;Safe Harbor Insurance Co.;GeoVera Specialty Insurance Co;Florida Farm Bureau Cas Ins Co;Universal North America Ins Co;QBE Specialty Insurance Co.;American Platinum P&C Ins Co.,6232099637.506077,13,35.80938809441937,3182239785.3173456,37141849.303180344,1,0.9811320754716981,12438317310.86164,304390140.0,7425056002.930305,539937478.65,359958319.1,539937478.65,359958319.1,33793951053.18271,37234951053.18271,3441000000.0,1395853723.0,1395853723.0,0.0,False,16067893633.075714,16067893633.075714,0.0,1.0,11545336221.994642,4522557411.081073,2272097608.497643,0.0,14,9464500000.0,9464500000.0,53
double_gm,baseline,,COMPOSITE,"{""double_gm"": 0.6851085949313908}",321140213590.4479,220015920508.9185,101124293081.5294,47509072785.815575,91622400422.74854,0.0,64640550696.06978,16243896604.284601,47509072785.815575,91622400422.74854,29666562969.95926,71457730111.57016,20.128451050514116,5.058194494757528,14.793872201381852,28.53034174648559,9.237884797508796,22.25125570935213,64640550696.06978,16243896604.284601,29666562969.95926,37,23,14,Universal P&C Insurance Co.;Florida Family Insurance Co.;First Protective Insurance Co.;Spinnaker Insurance Co.;Cypress P&C Insurance Co.;Florida Peninsula Insurance Co;Tower Hill Insurance Exchange;Kin Interinsurance Network;Unique Insurance Co.;Heritage P&C Insurance Co.;Florida Family Home Ins Co.;US Coastal P&C Insurance Co.;TypTap Insurance Co.;Homeowners Choice P&C Ins Co.;Vault E&S Insurance Co.;Edison Insurance Co.;Safe Harbor Insurance Co.;Spinnaker Specialty Ins Co.;GeoVera Specialty Insurance Co;Florida Farm Bureau Cas Ins Co;Universal North America Ins Co;QBE Specialty Insurance Co.;Auto Club Insurance Co. of FL;American Platinum P&C Ins Co.;Privilege Underwriters Recpl;FL Farm Bureau General Ins Co.;Castle Key Insurance Co.;Homesite Insurance Co.;PURE Specialty Exchange;State Farm FL Ins Co;AIG Property Casualty Co.;Foremost P&C Insurance Co.;ASI Preferred Insurance Corp.;Nationwide P&C Insurance Co.;ACE Ins Co. of the Midwest;Castle Key Indemnity Co.;First Liberty Insurance Corp.,Universal P&C Insurance Co.;Florida Family Insurance Co.;First Protective Insurance Co.;Spinnaker Insurance Co.;Cypress P&C Insurance Co.;Florida Peninsula Insurance Co;Tower Hill Insurance Exchange;Kin Interinsurance Network;Unique Insurance Co.;Heritage P&C Insurance Co.;Florida Family Home Ins Co.;US Coastal P&C Insurance Co.;TypTap Insurance Co.;Homeowners Choice P&C Ins Co.;Vault E&S Insurance Co.;Edison Insurance Co.;Safe Harbor Insurance Co.;Spinnaker Specialty Ins Co.;GeoVera Specialty Insurance Co;Florida Farm Bureau Cas Ins Co;Universal North America Ins Co;QBE Specialty Insurance Co.;American Platinum P&C Ins Co.,6619369021.599429,14,36.189312511589605,3439149847.6830955,56145019.29955311,1,0.9811320754716981,16196578927.293941,300194520.0,11078422019.055302,539937478.65,359958319.1,539937478.65,359958319.1,26225562969.95926,29666562969.95926,3441000000.0,1395853723.0,1395853723.0,0.0,True,23460234417.830914,16999999999.999998,6460234417.830915,0.7246304404818383,12942343520.648792,4057656479.3512053,2259995200.7053294,0.0,14,9464500000.0,9464500000.0,54
double_gm,baseline,,COMPOSITE,"{""double_gm"": 0.5965010261089175}",321140213590.4479,191560466931.5391,129579746658.90878,45605057402.12507,89546585667.50385,0.0,42623391849.022156,13785432012.888052,45605057402.12507,89546585667.50385,37959466485.95731,91620280172.95146,13.272517749328033,4.292652065825895,14.200979968296803,27.88395282744103,11.82021586818998,28.529681520918267,42623391849.022156,13785432012.888052,37959466485.95731,30,19,11,Universal P&C Insurance Co.;Florida Family Insurance Co.;First Protective Insurance Co.;Cypress P&C Insurance Co.;Florida Peninsula Insurance Co;Tower Hill Insurance Exchange;Kin Interinsurance Network;Heritage P&C Insurance Co.;Florida Family Home Ins Co.;US Coastal P&C Insurance Co.;TypTap Insurance Co.;Homeowners Choice P&C Ins Co.;Vault E&S Insurance Co.;Edison Insurance Co.;Safe Harbor Insurance Co.;GeoVera Specialty Insurance Co;Florida Farm Bureau Cas Ins Co;Universal North America Ins Co;Auto Club Insurance Co. of FL;American Platinum P&C Ins Co.;FL Farm Bureau General Ins Co.;Castle Key Insurance Co.;Homesite Insurance Co.;State Farm FL Ins Co;AIG Property Casualty Co.;Foremost P&C Insurance Co.;ASI Preferred Insurance Corp.;ACE Ins Co. of the Midwest;Castle Key Indemnity Co.;First Liberty Insurance Corp.,Universal P&C Insurance Co.;Florida Family Insurance Co.;First Protective Insurance Co.;Cypress P&C Insurance Co.;Florida Peninsula Insurance Co;Tower Hill Insurance Exchange;Kin Interinsurance Network;Heritage P&C Insurance Co.;Florida Family Home Ins Co.;US Coastal P&C Insurance Co.;TypTap Insurance Co.;Homeowners Choice P&C Ins Co.;Vault E&S Insurance Co.;Edison Insurance Co.;Safe Harbor Insurance Co.;GeoVera Specialty Insurance Co;Florida Farm Bureau Cas Ins Co;Universal North America Ins Co;American Platinum P&C Ins Co.,3620244549.6424146,11,35.41856476294073,1997031414.5634813,22115117.108193375,1,0.9811320754716981,8348982880.726824,308706120.0,7814245700.243698,539937478.65,359958319.1,539937478.65,359958319.1,34518466485.95731,37959466485.95731,3441000000.0,1395853723.0,1395853723.0,0.0,True,18647593893.337933,16999999999.999998,1647593893.3379345,0.9116457649838376,12176588028.22175,4823411971.778245,2132456510.3330588,0.0,14,9464500000.0,9464500000.0,55
double_gm,baseline,,COMPOSITE,"{""double_gm"": 0.7311157438000078}",321140213590.44794,234790666123.27374,86349547467.1742,33673528112.80466,103359899119.48558,0.0,75285961737.40138,22471277153.582085,33673528112.80466,103359899119.48558,25360691003.44579,60988856463.72842,23.44333053020075,6.9973414112004795,10.48561553108659,32.18528690751295,7.897077329526982,18.991348290472235,75285961737.40138,22471277153.582085,25360691003.44579,37,23,14,Universal P&C Insurance Co.;Florida Family Insurance Co.;First Protective Insurance Co.;Spinnaker Insurance Co.;Cypress P&C Insurance Co.;Florida Peninsula Insurance Co;Tower Hill Insurance Exchange;Kin Interinsurance Network;Unique Insurance Co.;Heritage P&C Insurance Co.;Florida Family Home Ins Co.;US Coastal P&C Insurance Co.;TypTap Insurance Co.;Homeowners Choice P&C Ins Co.;Vault E&S Insurance Co.;Edison Insurance Co.;Safe Harbor Insurance Co.;Spinnaker Specialty Ins Co.;GeoVera Specialty Insurance Co;Florida Farm Bureau Cas Ins Co;Universal North America Ins Co;QBE Specialty Insurance Co.;Auto Club Insurance Co. of FL;American Platinum P&C Ins Co.;Privilege Underwriters Recpl;FL Farm Bureau General Ins Co.;Castle Key Insurance Co.;Homesite Insurance Co.;PURE Specialty Exchange;State Farm FL Ins Co;AIG Property Casualty Co.;Foremost P&C Insurance Co.;ASI Preferred Insurance Corp.;Nationwide P&C Insurance Co.;ACE Ins Co. of the Midwest;Castle Key Indemnity Co.;First Liberty Insurance Corp.,Universal P&C Insurance Co.;Florida Family Insurance Co.;First Protective Insurance Co.;Spinnaker Insurance Co.;Cypress P&C Insurance Co.;Florida Peninsula Insurance Co;Tower Hill Insurance Exchange;Kin Interinsurance Network;Unique Insurance Co.;Heritage P&C Insurance Co.;Florida Family Home Ins Co.;US Coastal P&C Insurance Co.;TypTap Insurance Co.;Homeowners Choice P&C Ins Co.;Vault E&S Insurance Co.;Edison Insurance Co.;Safe Harbor Insurance Co.;Spinnaker Specialty Ins Co.;GeoVera Specialty Insurance Co;Florida Farm Bureau Cas Ins Co;Universal North America Ins Co;QBE Specialty Insurance Co.;American Platinum P&C Ins Co.,9448830751.871214,14,36.189312511589605,4288519305.1091223,72679445.38395673,1,0.9811320754716981,21489845496.973442,300194520.0,16016521125.472206,539937478.65,359958319.1,539937478.65,359958319.1,21919691003.44579,25360691003.44579,3441000000.0,1395853723.0,1395853723.0,0.0,True,28660818904.31994,16999999999.999998,11660818904.31994,0.593144252324125,11676588665.108229,5323411334.891766,2575000000.0000005,0.0,14,9464500000.0,9464500000.0,56
double_gm,baseline,,COMPOSITE,"{""double_gm"": 0.8422499454371029}",321140213590.44794,270480327374.21432,50659886216.2336,62175413840.28259,80156211811.07745,0.0,100835018155.53224,27313683567.322033,62175413840.28259,80156211811.07745,14959489122.482388,35700397093.75121,31.399063053538274,8.505220589457332,19.36083094208042,24.959879958634254,4.658242253509962,11.116763202779751,100835018155.53224,27313683567.322033,14959489122.482388,40,23,17,Universal P&C Insurance Co.;Florida Family Insurance Co.;First Protective Insurance Co.;Spinnaker Insurance Co.;Cypress P&C Insurance Co.;Florida Peninsula Insurance Co;Tower Hill Insurance Exchange;Kin Interinsurance Network;Unique Insurance Co.;Heritage P&C Insurance Co.;Florida Family Home Ins Co.;US Coastal P&C Insurance Co.;TypTap Insurance Co.;Homeowners Choice P&C Ins Co.;Vault E&S Insurance Co.;Edison Insurance Co.;Safe Harbor Insurance Co.;Spinnaker Specialty Ins Co.;GeoVera Specialty Insurance Co;Florida Farm Bureau Cas Ins Co;Universal North America Ins Co;QBE Specialty Insurance Co.;Auto Club Insurance Co. of FL;American Platinum P&C Ins Co.;Privilege Underwriters Recpl;FL Farm Bureau General Ins Co.;Castle Key Insurance Co.;Chubb Custom Insurance Co.;Homesite Insurance Co.;Farmers Casualty Ins Co.;Scottsdale Insurance Co.;PURE Specialty Exchange;State Farm FL Ins Co;AIG Property Casualty Co.;Foremost P&C Insurance Co.;ASI Preferred Insurance Corp.;Nationwide P&C Insurance Co.;ACE Ins Co. of the Midwest;Castle Key Indemnity Co.;First Liberty Insurance Corp.,Universal P&C Insurance Co.;Florida Family Insurance Co.;First Protective Insurance Co.;Spinnaker Insurance Co.;Cypress P&C Insurance Co.;Florida Peninsula Insurance Co;Tower Hill Insurance Exchange;Kin Interinsurance Network;Unique Insurance Co.;Heritage P&C Insurance Co.;Florida Family Home Ins Co.;US Coastal P&C Insurance Co.;TypTap Insurance Co.;Homeowners Choice P&C Ins Co.;Vault E&S Insurance Co.;Edison Insurance Co.;Safe Harbor Insurance Co.;Spinnaker Specialty Ins Co.;GeoVera Specialty Insurance Co;Florida Farm Bureau Cas Ins Co;Universal North America Ins Co;QBE Specialty Insurance Co.;American Platinum P&C Ins Co.,14820859527.406027,17,36.189312511589605,7293095686.41152,156803222.64261892,1,0.9811320754716981,31385589677.891823,300194520.0,21010952086.765045,539937478.65,359958319.1,539937478.65,359958319.1,11518489122.482388,14959489122.482388,3441000000.0,1395853723.0,1395853723.0,0.0,True,29651339635.51178,17000000000.000002,12651339635.511778,0.5733299138916488,11814165097.869703,5185834902.130299,2612089511.3047037,0.0,15,9464500000.0,9464500000.0,57
double_gm,baseline,,COMPOSITE,"{""double_gm"": 0.7877735658559814}",321140213590.4479,252985771199.8986,68154442390.54929,43736603087.05998,106429197189.96083,0.0,80149207156.8542,22670763766.023598,43736603087.05998,106429197189.96083,20058007971.049957,48096434419.499344,24.957698776108117,7.059459639936519,13.619161112858183,33.141037056695325,6.2458724015890645,14.976771012812812,80149207156.8542,22670763766.023598,20058007971.049957,38,23,15,Universal P&C Insurance Co.;Florida Family Insurance Co.;First Protective Insurance Co.;Spinnaker Insurance Co.;Cypress P&C Insurance Co.;Florida Peninsula Insurance Co;Tower Hill Insurance Exchange;Kin Interinsurance Network;Unique Insurance Co.;Heritage P&C Insurance Co.;Florida Family Home Ins Co.;US Coastal P&C Insurance Co.;TypTap Insurance Co.;Homeowners Choice P&C Ins Co.;Vault E&S Insurance Co.;Edison Insurance Co.;Safe Harbor Insurance Co.;Spinnaker Specialty Ins Co.;GeoVera Specialty Insurance Co;Florida Farm Bureau Cas Ins Co;Universal North America Ins Co;QBE Specialty Insurance Co.;Auto Club Insurance Co. of FL;American Platinum P&C Ins Co.;Privilege Underwriters Recpl;FL Farm Bureau General Ins Co.;Castle Key Insurance Co.;Chubb Custom Insurance Co.;Homesite Insurance Co.;PURE Specialty Exchange;State Farm FL Ins Co;AIG Property Casualty Co.;Foremost P&C Insurance Co.;ASI Preferred Insurance Corp.;Nationwide P&C Insurance Co.;ACE Ins Co. of the Midwest;Castle Key Indemnity Co.;First Liberty Insurance Corp.,Universal P&C Insurance Co.;Florida Family Insurance Co.;First Protective Insurance Co.;Spinnaker Insurance Co.;Cypress P&C Insurance Co.;Florida Peninsula Insurance Co;Tower Hill Insurance Exchange;Kin Interinsurance Network;Unique Insurance Co.;Heritage P&C Insurance Co.;Florida Family Home Ins Co.;US Coastal P&C Insurance Co.;TypTap Insurance Co.;Homeowners Choice P&C Ins Co.;Vault E&S Insurance Co.;Edison Insurance Co.;Safe Harbor Insurance Co.;Spinnaker Specialty Ins Co.;GeoVera Specialty Insurance Co;Florida Farm Bureau Cas Ins Co;Universal North America Ins Co;QBE Specialty Insurance Co.;American Platinum P&C Ins Co.,10627876183.42388,15,36.189312511589605,4672246942.54685,84522083.02917354,1,0.9811320754716981,22773142787.466698,300194520.0,17749621798.70172,539937478.65,359958319.1,539937478.65,359958319.1,16617007971.049957,20058007971.049957,3441000000.0,1395853723.0,1395853723.0,0.0,True,27021351878.984932,17000000000.0,10021351878.984932,0.6291321054599512,13218668632.223991,3781331367.776007,2575000000.0,0.0,14,9464500000.0,9464500000.0,58
double_gm,baseline,,COMPOSITE,"{""double_gm"": 0.7328217044638874}",321140213590.4479,235338518695.24884,85801694895.19902,24634068288.73468,158712765457.9259,0.0,41756436381.78237,10235248566.80592,24634068288.73468,158712765457.9259,25201027812.4154,60600667082.78362,13.002556084438124,3.1871587965806727,7.670813945509379,49.421641619860566,7.847359734447467,18.870469819163798,41756436381.78237,10235248566.80592,25201027812.4154,31,19,12,Universal P&C Insurance Co.;Florida Family Insurance Co.;First Protective Insurance Co.;Cypress P&C Insurance Co.;Florida Peninsula Insurance Co;Tower Hill Insurance Exchange;Kin Interinsurance Network;Heritage P&C Insurance Co.;Florida Family Home Ins Co.;US Coastal P&C Insurance Co.;TypTap Insurance Co.;Homeowners Choice P&C Ins Co.;Vault E&S Insurance Co.;Edison Insurance Co.;Safe Harbor Insurance Co.;GeoVera Specialty Insurance Co;Florida Farm Bureau Cas Ins Co;Universal North America Ins Co;Auto Club Insurance Co. of FL;American Platinum P&C Ins Co.;FL Farm Bureau General Ins Co.;Castle Key Insurance Co.;Homesite Insurance Co.;State Farm FL Ins Co;AIG Property Casualty Co.;Foremost P&C Insurance Co.;ASI Preferred Insurance Corp.;Nationwide P&C Insurance Co.;ACE Ins Co. of the Midwest;Castle Key Indemnity Co.;First Liberty Insurance Corp.,Universal P&C Insurance Co.;Florida Family Insurance Co.;First Protective Insurance Co.;Cypress P&C Insurance Co.;Florida Peninsula Insurance Co;Tower Hill Insurance Exchange;Kin Interinsurance Network;Heritage P&C Insurance Co.;Florida Family Home Ins Co.;US Coastal P&C Insurance Co.;TypTap Insurance Co.;Homeowners Choice P&C Ins Co.;Vault E&S Insurance Co.;Edison Insurance Co.;Safe Harbor Insurance Co.;GeoVera Specialty Insurance Co;Florida Farm Bureau Cas Ins Co;Universal North America Ins Co;American Platinum P&C Ins Co.,4238165529.459746,12,35.41856476294073,1998591190.2984548,29202132.66884283,1,0.9811320754716981,8048850014.488576,308706120.0,5381303671.09183,539937478.65,359958319.1,539937478.65,359958319.1,21760027812.4154,25201027812.4154,3441000000.0,1395853723.0,1395853723.0,0.0,False,15023700789.709406,15023700789.709406,0.0,1.0,11260479230.73745,3763221558.9719563,2125000000.0,0.0,13,9464500000.0,9464500000.0,59
double_gm,baseline,,COMPOSITE,"{""double_gm"": 0.7319791672991243}",321140213590.4479,235067946130.19894,86072267460.24895,53362445453.00435,66501802156.96491,0.0,92649694233.32991,22554004286.8998,53362445453.00435,66501802156.96491,25279882017.635963,60792385442.61296,28.850231242446217,7.023101851599021,16.616556630013896,20.7080270058533,7.871914181970233,18.93016908811734,92649694233.32991,22554004286.8998,25279882017.635963,40,24,16,Universal P&C Insurance Co.;Florida Family Insurance Co.;First Protective Insurance Co.;Spinnaker Insurance Co.;Cypress P&C Insurance Co.;Florida Peninsula Insurance Co;Tower Hill Insurance Exchange;Kin Interinsurance Network;Unique Insurance Co.;Heritage P&C Insurance Co.;Florida Family Home Ins Co.;US Coastal P&C Insurance Co.;TypTap Insurance Co.;Homeowners Choice P&C Ins Co.;Vault E&S Insurance Co.;Edison Insurance Co.;Safe Harbor Insurance Co.;Spinnaker Specialty Ins Co.;GeoVera Specialty Insurance Co;Florida Farm Bureau Cas Ins Co;Universal North America Ins Co;QBE Specialty Insurance Co.;Auto Club Insurance Co. of FL;American Platinum P&C Ins Co.;Privilege Underwriters Recpl;FL Farm Bureau General Ins Co.;Castle Key Insurance Co.;Homesite Insurance Co.;Farmers Casualty Ins Co.;Scottsdale Insurance Co.;PURE Specialty Exchange;First Floridian Auto & Home;State Farm FL Ins Co;AIG Property Casualty Co.;Foremost P&C Insurance Co.;ASI Preferred Insurance Corp.;Nationwide P&C Insurance Co.;ACE Ins Co. of the Midwest;Castle Key Indemnity Co.;First Liberty Insurance Corp.,Universal P&C Insurance Co.;Florida Family Insurance Co.;First Protective Insurance Co.;Spinnaker Insurance Co.;Cypress P&C Insurance Co.;Florida Peninsula Insurance Co;Tower Hill Insurance Exchange;Kin Interinsurance Network;Unique Insurance Co.;Heritage P&C Insurance Co.;Florida Family Home Ins Co.;US Coastal P&C Insurance Co.;TypTap Insurance Co.;Homeowners Choice P&C Ins Co.;Vault E&S Insurance Co.;Edison Insurance Co.;Safe Harbor Insurance Co.;Spinnaker Specialty Ins Co.;GeoVera Specialty Insurance Co;Florida Farm Bureau Cas Ins Co;Universal North America Ins Co;QBE Specialty Insurance Co.;American Platinum P&C Ins Co.;Castle Key Indemnity Co.,12114862716.752134,17,37.927433985368395,6478034214.424077,126275251.78473514,1,0.9811320754716981,28753502704.11815,280999920.0,16382100853.650948,539937478.65,359958319.1,539937478.65,359958319.1,21838882017.635963,25279882017.635963,3441000000.0,1395853723.0,1395853723.0,0.0,True,30280796526.30967,17000000000.0,13280796526.30967,0.5614119161373261,11921964756.007818,5078035243.99218,2575000000.0,0.0,14,9464500000.0,9464500000.0,60
double_gm,baseline,,COMPOSITE,"{""double_gm"": 0.7244722359195385}",321140213590.4479,232657168583.54996,88483045006.89795,65092539277.176704,69320126456.17464,0.0,77118665771.25008,21125837078.948524,65092539277.176704,69320126456.17464,25982465989.405357,62500579017.49258,24.01401708899652,6.578384202574654,20.269195984340232,21.585626316042447,8.090692130678146,19.462084277368003,77118665771.25008,21125837078.948524,25982465989.405357,38,23,15,Universal P&C Insurance Co.;Florida Family Insurance Co.;First Protective Insurance Co.;Spinnaker Insurance Co.;Cypress P&C Insurance Co.;Florida Peninsula Insurance Co;Tower Hill Insurance Exchange;Kin Interinsurance Network;Unique Insurance Co.;Heritage P&C Insurance Co.;Florida Family Home Ins Co.;US Coastal P&C Insurance Co.;TypTap Insurance Co.;Homeowners Choice P&C Ins Co.;Vault E&S Insurance Co.;Edison Insurance Co.;Safe Harbor Insurance Co.;Spinnaker Specialty Ins Co.;GeoVera Specialty Insurance Co;Florida Farm Bureau Cas Ins Co;Universal North America Ins Co;QBE Specialty Insurance Co.;Auto Club Insurance Co. of FL;American Platinum P&C Ins Co.;Privilege Underwriters Recpl;FL Farm Bureau General Ins Co.;Castle Key Insurance Co.;Chubb Custom Insurance Co.;Homesite Insurance Co.;PURE Specialty Exchange;State Farm FL Ins Co;AIG Property Casualty Co.;Foremost P&C Insurance Co.;ASI Preferred Insurance Corp.;Nationwide P&C Insurance Co.;ACE Ins Co. of the Midwest;Castle Key Indemnity Co.;First Liberty Insurance Corp.,Universal P&C Insurance Co.;Florida Family Insurance Co.;First Protective Insurance Co.;Spinnaker Insurance Co.;Cypress P&C Insurance Co.;Florida Peninsula Insurance Co;Tower Hill Insurance Exchange;Kin Interinsurance Network;Unique Insurance Co.;Heritage P&C Insurance Co.;Florida Family Home Ins Co.;US Coastal P&C Insurance Co.;TypTap Insurance Co.;Homeowners Choice P&C Ins Co.;Vault E&S Insurance Co.;Edison Insurance Co.;Safe Harbor Insurance Co.;Spinnaker Specialty Ins Co.;GeoVera Specialty Insurance Co;Florida Farm Bureau Cas Ins Co;Universal North America Ins Co;QBE Specialty Insurance Co.;American Platinum P&C Ins Co.,9920561697.247047,15,36.189312511589605,4982669203.416865,79356518.3359557,1,0.9811320754716981,21842499512.403294,300194520.0,14771743372.469734,539937478.65,359958319.1,539937478.65,359958319.1,22541465989.405357,25982465989.405357,3441000000.0,1395853723.0,1395853723.0,0.0,True,29338772148.384895,17000000000.0,12338772148.384895,0.579438018538068,11758916589.997057,5241083410.002943,2575000000.0,0.0,14,9464500000.0,9464500000.0,61
double_gm,baseline,,COMPOSITE,"{""double_gm"": 0.6768194116231124}",321140213590.4479,217353930410.80762,103786283179.64027,59162739952.410904,97009255296.82782,0.0,48210626788.89349,12971308372.675428,59162739952.410904,97009255296.82782,30442358969.279568,73343924210.36073,15.012329427661403,4.0391417280483655,18.422713023371628,30.207756983229867,9.479460273419042,22.83859856426972,48210626788.89349,12971308372.675428,30442358969.279568,31,20,11,Universal P&C Insurance Co.;Florida Family Insurance Co.;First Protective Insurance Co.;Cypress P&C Insurance Co.;Florida Peninsula Insurance Co;Tower Hill Insurance Exchange;Kin Interinsurance Network;Unique Insurance Co.;Heritage P&C Insurance Co.;Florida Family Home Ins Co.;US Coastal P&C Insurance Co.;TypTap Insurance Co.;Homeowners Choice P&C Ins Co.;Vault E&S Insurance Co.;Edison Insurance Co.;Safe Harbor Insurance Co.;GeoVera Specialty Insurance Co;Florida Farm Bureau Cas Ins Co;Universal North America Ins Co;Auto Club Insurance Co. of FL;American Platinum P&C Ins Co.;FL Farm Bureau General Ins Co.;Castle Key Insurance Co.;Homesite Insurance Co.;State Farm FL Ins Co;AIG Property Casualty Co.;Foremost P&C Insurance Co.;ASI Preferred Insurance Corp.;ACE Ins Co. of the Midwest;Castle Key Indemnity Co.;First Liberty Insurance Corp.,Universal P&C Insurance Co.;Florida Family Insurance Co.;First Protective Insurance Co.;Cypress P&C Insurance Co.;Florida Peninsula Insurance Co;Tower Hill Insurance Exchange;Kin Interinsurance Network;Unique Insurance Co.;Heritage P&C Insurance Co.;Florida Family Home Ins Co.;US Coastal P&C Insurance Co.;TypTap Insurance Co.;Homeowners Choice P&C Ins Co.;Vault E&S Insurance Co.;Edison Insurance Co.;Safe Harbor Insurance Co.;GeoVera Specialty Insurance Co;Florida Farm Bureau Cas Ins Co;Universal North America Ins Co;American Platinum P&C Ins Co.,4691706225.059078,11,35.51416660549837,2715824935.1434193,36319283.44308518,1,0.9811320754716981,11113329211.223799,307650360.0,6772036198.651911,539937478.65,359958319.1,539937478.65,359958319.1,27001358969.279568,30442358969.279568,3441000000.0,1395853723.0,1395853723.0,0.0,True,22377910358.433716,17000000000.0,5377910358.433716,0.7596777235991159,11894683274.209208,5105316725.790796,2133072313.1719286,0.0,14,9464500000.0,9464500000.0,62
double_gm,baseline,,COMPOSITE,"{""double_gm"": 0.8127022120929248}",321140213590.4479,260991361976.95132,60148851613.49653,58925215192.52242,60004115656.091644,0.0,110080778957.60286,31981252170.734406,58925215192.52242,60004115656.091644,17724901885.704025,42423949727.79252,34.27810479630233,9.95865694089632,18.348750078266473,18.684709393827355,5.5193654159764325,13.210413374731091,110080778957.60286,31981252170.734406,17724901885.704025,40,24,16,Universal P&C Insurance Co.;Florida Family Insurance Co.;First Protective Insurance Co.;Spinnaker Insurance Co.;Cypress P&C Insurance Co.;Florida Peninsula Insurance Co;Tower Hill Insurance Exchange;Kin Interinsurance Network;Unique Insurance Co.;Heritage P&C Insurance Co.;Florida Family Home Ins Co.;US Coastal P&C Insurance Co.;TypTap Insurance Co.;Homeowners Choice P&C Ins Co.;Vault E&S Insurance Co.;Edison Insurance Co.;Safe Harbor Insurance Co.;Spinnaker Specialty Ins Co.;GeoVera Specialty Insurance Co;Florida Farm Bureau Cas Ins Co;Universal North America Ins Co;QBE Specialty Insurance Co.;Auto Club Insurance Co. of FL;American Platinum P&C Ins Co.;Privilege Underwriters Recpl;FL Farm Bureau General Ins Co.;Castle Key Insurance Co.;Chubb Custom Insurance Co.;Homesite Insurance Co.;PURE Specialty Exchange;First Floridian Auto & Home;State Farm FL Ins Co;AIG Specialty Insurance Co.;AIG Property Casualty Co.;Foremost P&C Insurance Co.;ASI Preferred Insurance Corp.;Nationwide P&C Insurance Co.;ACE Ins Co. of the Midwest;Castle Key Indemnity Co.;First Liberty Insurance Corp.,Universal P&C Insurance Co.;Florida Family Insurance Co.;First Protective Insurance Co.;Spinnaker Insurance Co.;Cypress P&C Insurance Co.;Florida Peninsula Insurance Co;Tower Hill Insurance Exchange;Kin Interinsurance Network;Unique Insurance Co.;Heritage P&C Insurance Co.;Florida Family Home Ins Co.;US Coastal P&C Insurance Co.;TypTap Insurance Co.;Homeowners Choice P&C Ins Co.;Vault E&S Insurance Co.;Edison Insurance Co.;Safe Harbor Insurance Co.;Spinnaker Specialty Ins Co.;GeoVera Specialty Insurance Co;Florida Farm Bureau Cas Ins Co;Universal North America Ins Co;QBE Specialty Insurance Co.;American Platinum P&C Ins Co.;Castle Key Indemnity Co.,15824891630.304707,17,37.927433985368395,9210222897.841322,136362025.1643816,1,0.9811320754716981,37718147129.77208,280999920.0,25695503571.53576,539937478.65,359958319.1,539937478.65,359958319.1,14283901885.704025,17724901885.704025,3441000000.0,1395853723.0,1395853723.0,0.0,True,29845966064.38086,17000000000.000002,12845966064.380857,0.5695912125387139,11847982080.89277,5152017919.10723,2598694587.8066764,0.0,15,9464500000.0,9464500000.0,63
double_gm,baseline,,COMPOSITE,"{""double_gm"": 0.6285106232624266}",321140213590.44794,201840035798.3612,119300177792.08672,44450601962.995384,57974572502.3969,0.0,79047536434.28519,20367324898.683746,44450601962.995384,57974572502.3969,34963644522.803635,84336533269.28307,24.61464901904032,6.342190743093395,13.841493553866632,18.052729010242306,10.887345478132172,26.261592195625166,79047536434.28519,20367324898.683746,34963644522.803635,37,23,14,Universal P&C Insurance Co.;Florida Family Insurance Co.;First Protective Insurance Co.;Spinnaker Insurance Co.;Cypress P&C Insurance Co.;Florida Peninsula Insurance Co;Tower Hill Insurance Exchange;Kin Interinsurance Network;Unique Insurance Co.;Heritage P&C Insurance Co.;Florida Family Home Ins Co.;US Coastal P&C Insurance Co.;TypTap Insurance Co.;Homeowners Choice P&C Ins Co.;Vault E&S Insurance Co.;Edison Insurance Co.;Safe Harbor Insurance Co.;Spinnaker Specialty Ins Co.;GeoVera Specialty Insurance Co;Florida Farm Bureau Cas Ins Co;Universal North America Ins Co;QBE Specialty Insurance Co.;Auto Club Insurance Co. of FL;American Platinum P&C Ins Co.;Privilege Underwriters Recpl;FL Farm Bureau General Ins Co.;Castle Key Insurance Co.;Homesite Insurance Co.;PURE Specialty Exchange;State Farm FL Ins Co;AIG Property Casualty Co.;Foremost P&C Insurance Co.;ASI Preferred Insurance Corp.;Nationwide P&C Insurance Co.;ACE Ins Co. of the Midwest;Castle Key Indemnity Co.;First Liberty Insurance Corp.,Universal P&C Insurance Co.;Florida Family Insurance Co.;First Protective Insurance Co.;Spinnaker Insurance Co.;Cypress P&C Insurance Co.;Florida Peninsula Insurance Co;Tower Hill Insurance Exchange;Kin Interinsurance Network;Unique Insurance Co.;Heritage P&C Insurance Co.;Florida Family Home Ins Co.;US Coastal P&C Insurance Co.;TypTap Insurance Co.;Homeowners Choice P&C Ins Co.;Vault E&S Insurance Co.;Edison Insurance Co.;Safe Harbor Insurance Co.;Spinnaker Specialty Ins Co.;GeoVera Specialty Insurance Co;Florida Farm Bureau Cas Ins Co;Universal North America Ins Co;QBE Specialty Insurance Co.;American Platinum P&C Ins Co.,10018384004.541485,14,36.189312511589605,5933706297.966101,87002717.3458708,1,0.9811320754716981,24113944258.467903,300194520.0,13973552133.688154,539937478.65,359958319.1,539937478.65,359958319.1,31522644522.803635,34963644522.803635,3441000000.0,1395853723.0,1395853723.0,0.0,True,29042619680.704292,17000000000.0,12042619680.704292,0.5853466452716274,11705472382.750715,5294527617.249285,2575000000.0,0.0,14,9464500000.0,9464500000.0,64
double_gm,baseline,,COMPOSITE,"{""double_gm"": 0.5763723740616561}",321140213590.4479,185096347313.79373,136043866276.65414,14616870429.132854,115940927060.60283,0.0,42800298458.78974,11738251365.268354,14616870429.132854,115940927060.60283,39843334552.23362,96200531724.42052,13.327604780562682,3.655179534830297,4.551554059739725,36.10289903103291,12.40683441876453,29.95592817506986,42800298458.78974,11738251365.268354,39843334552.23362,30,19,11,Universal P&C Insurance Co.;Florida Family Insurance Co.;First Protective Insurance Co.;Cypress P&C Insurance Co.;Florida Peninsula Insurance Co;Tower Hill Insurance Exchange;Kin Interinsurance Network;Heritage P&C Insurance Co.;Florida Family Home Ins Co.;US Coastal P&C Insurance Co.;TypTap Insurance Co.;Homeowners Choice P&C Ins Co.;Vault E&S Insurance Co.;Edison Insurance Co.;Safe Harbor Insurance Co.;GeoVera Specialty Insurance Co;Florida Farm Bureau Cas Ins Co;Universal North America Ins Co;Auto Club Insurance Co. of FL;American Platinum P&C Ins Co.;FL Farm Bureau General Ins Co.;Castle Key Insurance Co.;Homesite Insurance Co.;State Farm FL Ins Co;AIG Property Casualty Co.;Foremost P&C Insurance Co.;ASI Preferred Insurance Corp.;ACE Ins Co. of the Midwest;Castle Key Indemnity Co.;First Liberty Insurance Corp.,Universal P&C Insurance Co.;Florida Family Insurance Co.;First Protective Insurance Co.;Cypress P&C Insurance Co.;Florida Peninsula Insurance Co;Tower Hill Insurance Exchange;Kin Interinsurance Network;Heritage P&C Insurance Co.;Florida Family Home Ins Co.;US Coastal P&C Insurance Co.;TypTap Insurance Co.;Homeowners Choice P&C Ins Co.;Vault E&S Insurance Co.;Edison Insurance Co.;Safe Harbor Insurance Co.;GeoVera Specialty Insurance Co;Florida Farm Bureau Cas Ins Co;Universal North America Ins Co;American Platinum P&C Ins Co.,3968081192.386421,11,35.41856476294073,2276426724.46714,21438732.796459883,1,0.9811320754716981,8504831344.401701,308706120.0,5504006951.415171,539937478.65,359958319.1,539937478.65,359958319.1,36402334552.23362,39843334552.23362,3441000000.0,1395853723.0,1395853723.0,0.0,False,16877499277.52044,16877499277.52044,0.0,1.0,11734018954.56917,5143480322.951269,2125000000.0,0.0,13,9464500000.0,9464500000.0,65
double_gm,baseline,,COMPOSITE,"{""double_gm"": 0.7364151168944727}",321140213590.4479,236492507930.7256,84647705659.72226,35142571947.50458,76455114755.5013,0.0,100120269549.22026,24774551678.499554,35142571947.50458,76455114755.5013,24864715429.894924,59782990229.82735,31.17649715364027,7.7145591333805035,10.94306177186583,23.807393630560693,7.742635265730081,18.615853044822646,100120269549.22026,24774551678.499554,24864715429.894924,40,23,17,Universal P&C Insurance Co.;Florida Family Insurance Co.;First Protective Insurance Co.;Spinnaker Insurance Co.;Cypress P&C Insurance Co.;Florida Peninsula Insurance Co;Tower Hill Insurance Exchange;Kin Interinsurance Network;Unique Insurance Co.;Heritage P&C Insurance Co.;Florida Family Home Ins Co.;US Coastal P&C Insurance Co.;TypTap Insurance Co.;Homeowners Choice P&C Ins Co.;Vault E&S Insurance Co.;Edison Insurance Co.;Safe Harbor Insurance Co.;Spinnaker Specialty Ins Co.;GeoVera Specialty Insurance Co;Florida Farm Bureau Cas Ins Co;Universal North America Ins Co;QBE Specialty Insurance Co.;Auto Club Insurance Co. of FL;American Platinum P&C Ins Co.;Privilege Underwriters Recpl;FL Farm Bureau General Ins Co.;Castle Key Insurance Co.;Chubb Custom Insurance Co.;Homesite Insurance Co.;Scottsdale Insurance Co.;PURE Specialty Exchange;State Farm FL Ins Co;AIG Specialty Insurance Co.;AIG Property Casualty Co.;Foremost P&C Insurance Co.;ASI Preferred Insurance Corp.;Nationwide P&C Insurance Co.;ACE Ins Co. of the Midwest;Castle Key Indemnity Co.;First Liberty Insurance Corp.,Universal P&C Insurance Co.;Florida Family Insurance Co.;First Protective Insurance Co.;Spinnaker Insurance Co.;Cypress P&C Insurance Co.;Florida Peninsula Insurance Co;Tower Hill Insurance Exchange;Kin Interinsurance Network;Unique Insurance Co.;Heritage P&C Insurance Co.;Florida Family Home Ins Co.;US Coastal P&C Insurance Co.;TypTap Insurance Co.;Homeowners Choice P&C Ins Co.;Vault E&S Insurance Co.;Edison Insurance Co.;Safe Harbor Insurance Co.;Spinnaker Specialty Ins Co.;GeoVera Specialty Insurance Co;Florida Farm Bureau Cas Ins Co;Universal North America Ins Co;QBE Specialty Insurance Co.;American Platinum P&C Ins Co.,14971700701.472778,17,36.189312511589605,7297751693.52912,145736291.78042793,1,0.9811320754716981,31178345793.122154,300194520.0,18810084179.718792,539937478.65,359958319.1,539937478.65,359958319.1,21423715429.894924,24864715429.894924,3441000000.0,1395853723.0,1395853723.0,0.0,True,31617035822.452904,17000000000.0,14617035822.452904,0.537684813195784,12136579126.511328,4863420873.48867,2619550176.153263,0.0,15,9464500000.0,9464500000.0,66
double_gm,baseline,,COMPOSITE,"{""double_gm"": 0.5868057578077519}",321140213590.44794,188446926398.48615,132693287191.96179,13980977012.337479,98943207293.37561,0.0,58415668614.557045,17107073478.215984,13980977012.337479,98943207293.37561,38866859902.25077,93826427289.71103,18.190082133113012,5.326979541725266,4.353542913864877,30.809971192072034,12.102769524783936,29.216654694440862,58415668614.557045,17107073478.215984,38866859902.25077,34,21,13,Universal P&C Insurance Co.;Florida Family Insurance Co.;First Protective Insurance Co.;Cypress P&C Insurance Co.;Florida Peninsula Insurance Co;Tower Hill Insurance Exchange;Kin Interinsurance Network;Unique Insurance Co.;Heritage P&C Insurance Co.;Florida Family Home Ins Co.;US Coastal P&C Insurance Co.;TypTap Insurance Co.;Homeowners Choice P&C Ins Co.;Vault E&S Insurance Co.;Edison Insurance Co.;Safe Harbor Insurance Co.;Spinnaker Specialty Ins Co.;GeoVera Specialty Insurance Co;Florida Farm Bureau Cas Ins Co;Universal North America Ins Co;Auto Club Insurance Co. of FL;American Platinum P&C Ins Co.;FL Farm Bureau General Ins Co.;Castle Key Insurance Co.;Homesite Insurance Co.;PURE Specialty Exchange;State Farm FL Ins Co;AIG Property Casualty Co.;Foremost P&C Insurance Co.;ASI Preferred Insurance Corp.;Nationwide P&C Insurance Co.;ACE Ins Co. of the Midwest;Castle Key Indemnity Co.;First Liberty Insurance Corp.,Universal P&C Insurance Co.;Florida Family Insurance Co.;First Protective Insurance Co.;Cypress P&C Insurance Co.;Florida Peninsula Insurance Co;Tower Hill Insurance Exchange;Kin Interinsurance Network;Unique Insurance Co.;Heritage P&C Insurance Co.;Florida Family Home Ins Co.;US Coastal P&C Insurance Co.;TypTap Insurance Co.;Homeowners Choice P&C Ins Co.;Vault E&S Insurance Co.;Edison Insurance Co.;Safe Harbor Insurance Co.;Spinnaker Specialty Ins Co.;GeoVera Specialty Insurance Co;Florida Farm Bureau Cas Ins Co;Universal North America Ins Co;American Platinum P&C Ins Co.,6739005337.945484,13,35.60316172831571,3481264768.7956004,45894315.713017225,1,0.9811320754716981,13902795883.980272,306667560.0,11749207068.517763,539937478.65,359958319.1,539937478.65,359958319.1,35425859902.25077,38866859902.25077,3441000000.0,1395853723.0,1395853723.0,0.0,True,19884095279.760857,17000000000.0,2884095279.7608566,0.8549546640577381,12782093184.79616,4217906815.203837,2329618769.374429,0.0,14,9464500000.0,9464500000.0,67
double_gm,baseline,,COMPOSITE,"{""double_gm"": 0.7382101612245877}",321140213590.4479,237068968850.30304,84071244740.1448,34785509752.615074,119192768055.08473,0.0,65404803287.046875,17685887755.55644,34785509752.615074,119192768055.08473,24696714776.740704,59374529963.40409,20.366432019148505,5.507216787901674,10.831876009454627,37.11549130595399,7.690321464454334,18.48866241308689,65404803287.046875,17685887755.55644,24696714776.740704,35,22,13,Universal P&C Insurance Co.;Florida Family Insurance Co.;First Protective Insurance Co.;Cypress P&C Insurance Co.;Florida Peninsula Insurance Co;Tower Hill Insurance Exchange;Kin Interinsurance Network;Unique Insurance Co.;Heritage P&C Insurance Co.;Florida Family Home Ins Co.;US Coastal P&C Insurance Co.;TypTap Insurance Co.;Homeowners Choice P&C Ins Co.;Vault E&S Insurance Co.;Edison Insurance Co.;Safe Harbor Insurance Co.;Spinnaker Specialty Ins Co.;GeoVera Specialty Insurance Co;Florida Farm Bureau Cas Ins Co;Universal North America Ins Co;QBE Specialty Insurance Co.;Auto Club Insurance Co. of FL;American Platinum P&C Ins Co.;FL Farm Bureau General Ins Co.;Castle Key Insurance Co.;Homesite Insurance Co.;PURE Specialty Exchange;State Farm FL Ins Co;AIG Property Casualty Co.;Foremost P&C Insurance Co.;ASI Preferred Insurance Corp.;Nationwide P&C Insurance Co.;ACE Ins Co. of the Midwest;Castle Key Indemnity Co.;First Liberty Insurance Corp.,Universal P&C Insurance Co.;Florida Family Insurance Co.;First Protective Insurance Co.;Cypress P&C Insurance Co.;Florida Peninsula Insurance Co;Tower Hill Insurance Exchange;Kin Interinsurance Network;Unique Insurance Co.;Heritage P&C Insurance Co.;Florida Family Home Ins Co.;US Coastal P&C Insurance Co.;TypTap Insurance Co.;Homeowners Choice P&C Ins Co.;Vault E&S Insurance Co.;Edison Insurance Co.;Safe Harbor Insurance Co.;Spinnaker Specialty Ins Co.;GeoVera Specialty Insurance Co;Florida Farm Bureau Cas Ins Co;Universal North America Ins Co;QBE Specialty Insurance Co.;American Platinum P&C Ins Co.,7324726893.778026,13,35.89838321723671,4234082361.018899,57890749.463962615,1,0.9811320754716981,17070496635.194946,303407340.0,12468829720.904778,539937478.65,359958319.1,539937478.65,359958319.1,21255714776.740704,24696714776.740704,3441000000.0,1395853723.0,1395853723.0,0.0,True,24778289199.198166,17000000000.0,7778289199.198166,0.6860844937006436,12907018623.049244,4092981376.950755,2416845960.1153336,0.0,14,9464500000.0,9464500000.0,68
double_gm,baseline,,COMPOSITE,"{""double_gm"": 0.819451661232453}",321140213590.44794,263158881515.23737,57981332075.21056,52203950094.820786,142532917113.13165,0.0,55185891801.67022,13236122505.61464,52203950094.820786,142532917113.13165,17093211712.459501,40888120362.75105,17.184360433928443,4.121602323679944,16.25581222331651,44.38339114232039,5.322663120059631,12.732170756695055,55185891801.67022,13236122505.61464,17093211712.459501,35,22,13,Universal P&C Insurance Co.;Florida Family Insurance Co.;First Protective Insurance Co.;Cypress P&C Insurance Co.;Florida Peninsula Insurance Co;Tower Hill Insurance Exchange;Kin Interinsurance Network;Unique Insurance Co.;Heritage P&C Insurance Co.;Florida Family Home Ins Co.;US Coastal P&C Insurance Co.;TypTap Insurance Co.;Homeowners Choice P&C Ins Co.;Vault E&S Insurance Co.;Edison Insurance Co.;Safe Harbor Insurance Co.;Spinnaker Specialty Ins Co.;GeoVera Specialty Insurance Co;Florida Farm Bureau Cas Ins Co;Universal North America Ins Co;QBE Specialty Insurance Co.;Auto Club Insurance Co. of FL;American Platinum P&C Ins Co.;FL Farm Bureau General Ins Co.;Castle Key Insurance Co.;Homesite Insurance Co.;PURE Specialty Exchange;State Farm FL Ins Co;AIG Property Casualty Co.;Foremost P&C Insurance Co.;ASI Preferred Insurance Corp.;Nationwide P&C Insurance Co.;ACE Ins Co. of the Midwest;Castle Key Indemnity Co.;First Liberty Insurance Corp.,Universal P&C Insurance Co.;Florida Family Insurance Co.;First Protective Insurance Co.;Cypress P&C Insurance Co.;Florida Peninsula Insurance Co;Tower Hill Insurance Exchange;Kin Interinsurance Network;Unique Insurance Co.;Heritage P&C Insurance Co.;Florida Family Home Ins Co.;US Coastal P&C Insurance Co.;TypTap Insurance Co.;Homeowners Choice P&C Ins Co.;Vault E&S Insurance Co.;Edison Insurance Co.;Safe Harbor Insurance Co.;Spinnaker Specialty Ins Co.;GeoVera Specialty Insurance Co;Florida Farm Bureau Cas Ins Co;Universal North America Ins Co;QBE Specialty Insurance Co.;American Platinum P&C Ins Co.,6363487122.958433,13,35.89838321723671,3380078429.79286,39826646.69773258,1,0.9811320754716981,13141644783.714775,303407340.0,8457493989.288111,539937478.65,359958319.1,539937478.65,359958319.1,13652211712.459501,17093211712.459501,3441000000.0,1395853723.0,1395853723.0,0.0,True,20914486208.084114,17000000000.0,3914486208.084114,0.812833737862944,13323912754.851212,3676087245.1487875,2179982341.9891844,0.0,14,9464500000.0,9464500000.0,69
double_gm,baseline,,COMPOSITE,"{""double_gm"": 0.7253853233886143}",321140213590.4479,232950397688.39566,88189815902.0522,68441422648.75002,111161722432.5433,0.0,43778011490.9304,9569241116.171986,68441422648.75002,111161722432.5433,25897008884.74331,62292807017.30889,13.632055294937548,2.9797704277470833,21.312006330055507,34.6147002861213,8.064081603236998,19.39738605790158,43778011490.9304,9569241116.171986,25897008884.74331,31,20,11,Universal P&C Insurance Co.;Florida Family Insurance Co.;First Protective Insurance Co.;Cypress P&C Insurance Co.;Florida Peninsula Insurance Co;Tower Hill Insurance Exchange;Kin Interinsurance Network;Unique Insurance Co.;Heritage P&C Insurance Co.;Florida Family Home Ins Co.;US Coastal P&C Insurance Co.;TypTap Insurance Co.;Homeowners Choice P&C Ins Co.;Vault E&S Insurance Co.;Edison Insurance Co.;Safe Harbor Insurance Co.;GeoVera Specialty Insurance Co;Florida Farm Bureau Cas Ins Co;Universal North America Ins Co;Auto Club Insurance Co. of FL;American Platinum P&C Ins Co.;FL Farm Bureau General Ins Co.;Castle Key Insurance Co.;Homesite Insurance Co.;State Farm FL Ins Co;AIG Property Casualty Co.;Foremost P&C Insurance Co.;ASI Preferred Insurance Corp.;ACE Ins Co. of the Midwest;Castle Key Indemnity Co.;First Liberty Insurance Corp.,Universal P&C Insurance Co.;Florida Family Insurance Co.;First Protective Insurance Co.;Cypress P&C Insurance Co.;Florida Peninsula Insurance Co;Tower Hill Insurance Exchange;Kin Interinsurance Network;Unique Insurance Co.;Heritage P&C Insurance Co.;Florida Family Home Ins Co.;US Coastal P&C Insurance Co.;TypTap Insurance Co.;Homeowners Choice P&C Ins Co.;Vault E&S Insurance Co.;Edison Insurance Co.;Safe Harbor Insurance Co.;GeoVera Specialty Insurance Co;Florida Farm Bureau Cas Ins Co;Universal North America Ins Co;American Platinum P&C Ins Co.,3690764954.712069,11,35.51416660549837,2390659378.7864304,20743638.000542253,1,0.9811320754716981,9316444661.31585,307650360.0,5551535170.310951,539937478.65,359958319.1,539937478.65,359958319.1,22456008884.74331,25897008884.74331,3441000000.0,1395853723.0,1395853723.0,0.0,False,15060522243.39696,15060522243.39696,0.0,1.0,12131762575.971397,2928759667.4255614,2124999999.9999995,0.0,13,9464500000.0,9464500000.0,70
double_gm,baseline,,COMPOSITE,"{""double_gm"": 0.6500138457878544}",321140213590.4479,208745585273.06,112394628317.38786,54236389372.40778,99745916522.17403,0.0,46052352175.97858,8710927202.499596,54236389372.40778,99745916522.17403,32951128526.07558,79443499791.31227,14.340263295306091,2.712499660229004,16.888694432263097,31.059927190987242,10.26066718884928,24.737948232365277,46052352175.97858,8710927202.499596,32951128526.07558,31,19,12,Universal P&C Insurance Co.;Florida Family Insurance Co.;First Protective Insurance Co.;Cypress P&C Insurance Co.;Florida Peninsula Insurance Co;Tower Hill Insurance Exchange;Kin Interinsurance Network;Heritage P&C Insurance Co.;Florida Family Home Ins Co.;US Coastal P&C Insurance Co.;TypTap Insurance Co.;Homeowners Choice P&C Ins Co.;Vault E&S Insurance Co.;Edison Insurance Co.;Safe Harbor Insurance Co.;GeoVera Specialty Insurance Co;Florida Farm Bureau Cas Ins Co;Universal North America Ins Co;Auto Club Insurance Co. of FL;American Platinum P&C Ins Co.;FL Farm Bureau General Ins Co.;Castle Key Insurance Co.;Homesite Insurance Co.;State Farm FL Ins Co;AIG Property Casualty Co.;Foremost P&C Insurance Co.;ASI Preferred Insurance Corp.;Nationwide P&C Insurance Co.;ACE Ins Co. of the Midwest;Castle Key Indemnity Co.;First Liberty Insurance Corp.,Universal P&C Insurance Co.;Florida Family Insurance Co.;First Protective Insurance Co.;Cypress P&C Insurance Co.;Florida Peninsula Insurance Co;Tower Hill Insurance Exchange;Kin Interinsurance Network;Heritage P&C Insurance Co.;Florida Family Home Ins Co.;US Coastal P&C Insurance Co.;TypTap Insurance Co.;Homeowners Choice P&C Ins Co.;Vault E&S Insurance Co.;Edison Insurance Co.;Safe Harbor Insurance Co.;GeoVera Specialty Insurance Co;Florida Farm Bureau Cas Ins Co;Universal North America Ins Co;American Platinum P&C Ins Co.,4025575044.0236583,12,35.41856476294073,2262713973.8790827,18220837.709155306,1,0.9811320754716981,8349687443.197283,308706120.0,5215116969.217331,539937478.65,359958319.1,539937478.65,359958319.1,29510128526.07558,32951128526.07558,3441000000.0,1395853723.0,1395853723.0,0.0,True,17470483183.444954,17000000000.0,470483183.4449539,0.9730698241997804,14585835438.734663,2414164561.265336,2125000000.0000002,0.0,13,9464500000.0,9464500000.0,71
double_gm,baseline,,COMPOSITE,"{""double_gm"": 0.7439407056528134}",321140213590.4479,238909277111.97302,82230936478.47484,53844261366.60173,94713629505.79092,0.0,71358267958.40344,18993118281.176975,53844261366.60173,94713629505.79092,24160385288.538303,58070551189.93655,22.220284143363962,5.914275907345262,16.766589510733045,29.49292100383909,7.523313576464825,18.082615858253828,71358267958.40344,18993118281.176975,24160385288.538303,38,23,15,Universal P&C Insurance Co.;Florida Family Insurance Co.;First Protective Insurance Co.;Spinnaker Insurance Co.;Cypress P&C Insurance Co.;Florida Peninsula Insurance Co;Tower Hill Insurance Exchange;Kin Interinsurance Network;Unique Insurance Co.;Heritage P&C Insurance Co.;Florida Family Home Ins Co.;US Coastal P&C Insurance Co.;TypTap Insurance Co.;Homeowners Choice P&C Ins Co.;Vault E&S Insurance Co.;Edison Insurance Co.;Safe Harbor Insurance Co.;Spinnaker Specialty Ins Co.;GeoVera Specialty Insurance Co;Florida Farm Bureau Cas Ins Co;Universal North America Ins Co;QBE Specialty Insurance Co.;Auto Club Insurance Co. of FL;American Platinum P&C Ins Co.;Privilege Underwriters Recpl;FL Farm Bureau General Ins Co.;Castle Key Insurance Co.;Chubb Custom Insurance Co.;Homesite Insurance Co.;PURE Specialty Exchange;State Farm FL Ins Co;AIG Property Casualty Co.;Foremost P&C Insurance Co.;ASI Preferred Insurance Corp.;Nationwide P&C Insurance Co.;ACE Ins Co. of the Midwest;Castle Key Indemnity Co.;First Liberty Insurance Corp.,Universal P&C Insurance Co.;Florida Family Insurance Co.;First Protective Insurance Co.;Spinnaker Insurance Co.;Cypress P&C Insurance Co.;Florida Peninsula Insurance Co;Tower Hill Insurance Exchange;Kin Interinsurance Network;Unique Insurance Co.;Heritage P&C Insurance Co.;Florida Family Home Ins Co.;US Coastal P&C Insurance Co.;TypTap Insurance Co.;Homeowners Choice P&C Ins Co.;Vault E&S Insurance Co.;Edison Insurance Co.;Safe Harbor Insurance Co.;Spinnaker Specialty Ins Co.;GeoVera Specialty Insurance Co;Florida Farm Bureau Cas Ins Co;Universal North America Ins Co;QBE Specialty Insurance Co.;American Platinum P&C Ins Co.,9400640856.004631,15,36.189312511589605,4667706002.398704,78638225.0040866,1,0.9811320754716981,20628607440.313282,300194520.0,12926808561.194923,539937478.65,359958319.1,539937478.65,359958319.1,20719385288.538303,24160385288.538303,3441000000.0,1395853723.0,1395853723.0,0.0,True,26887262850.35947,17000000000.0,9887262850.35947,0.6322696398890867,12042149856.233007,4957850143.766993,2506048692.909994,0.0,14,9464500000.0,9464500000.0,72
double_gm,baseline,,COMPOSITE,"{""double_gm"": 0.7578914929838645}",321140213590.4479,243389435935.22165,77750777655.22621,24381108241.71138,115351121676.8522,0.0,83302732518.71944,20354473497.938705,24381108241.71138,115351121676.8522,22854712027.821644,54896065627.40457,25.939676500606655,6.338188939457109,7.592044599187058,35.91923925913564,7.116739374461649,17.094111327151907,83302732518.71944,20354473497.938705,22854712027.821644,38,23,15,Universal P&C Insurance Co.;Florida Family Insurance Co.;First Protective Insurance Co.;Spinnaker Insurance Co.;Cypress P&C Insurance Co.;Florida Peninsula Insurance Co;Tower Hill Insurance Exchange;Kin Interinsurance Network;Unique Insurance Co.;Heritage P&C Insurance Co.;Florida Family Home Ins Co.;US Coastal P&C Insurance Co.;TypTap Insurance Co.;Homeowners Choice P&C Ins Co.;Vault E&S Insurance Co.;Edison Insurance Co.;Safe Harbor Insurance Co.;Spinnaker Specialty Ins Co.;GeoVera Specialty Insurance Co;Florida Farm Bureau Cas Ins Co;Universal North America Ins Co;QBE Specialty Insurance Co.;Auto Club Insurance Co. of FL;American Platinum P&C Ins Co.;Privilege Underwriters Recpl;FL Farm Bureau General Ins Co.;Castle Key Insurance Co.;Chubb Custom Insurance Co.;Homesite Insurance Co.;PURE Specialty Exchange;State Farm FL Ins Co;AIG Property Casualty Co.;Foremost P&C Insurance Co.;ASI Preferred Insurance Corp.;Nationwide P&C Insurance Co.;ACE Ins Co. of the Midwest;Castle Key Indemnity Co.;First Liberty Insurance Corp.,Universal P&C Insurance Co.;Florida Family Insurance Co.;First Protective Insurance Co.;Spinnaker Insurance Co.;Cypress P&C Insurance Co.;Florida Peninsula Insurance Co;Tower Hill Insurance Exchange;Kin Interinsurance Network;Unique Insurance Co.;Heritage P&C Insurance Co.;Florida Family Home Ins Co.;US Coastal P&C Insurance Co.;TypTap Insurance Co.;Homeowners Choice P&C Ins Co.;Vault E&S Insurance Co.;Edison Insurance Co.;Safe Harbor Insurance Co.;Spinnaker Specialty Ins Co.;GeoVera Specialty Insurance Co;Florida Farm Bureau Cas Ins Co;Universal North America Ins Co;QBE Specialty Insurance Co.;American Platinum P&C Ins Co.,12127360193.36799,15,36.189312511589605,6012861531.266011,75748179.06764725,1,0.9811320754716981,24037983777.86147,300194520.0,14022670157.33392,539937478.65,359958319.1,539937478.65,359958319.1,19413712027.821644,22854712027.821644,3441000000.0,1395853723.0,1395853723.0,0.0,True,29334671448.4936,17000000000.0,12334671448.493599,0.5795190183005438,11758183937.844898,5241816062.155104,2575000000.0,0.0,14,9464500000.0,9464500000.0,73
double_gm,baseline,,COMPOSITE,"{""double_gm"": 0.6546834806972767}",321140213590.4479,210245192825.26123,110895020765.18661,35677184047.04115,72039351163.70557,0.0,79498522524.88945,23030135089.625107,35677184047.04115,72039351163.70557,32514091010.280964,78380929754.90564,24.755081786884034,7.171364443007933,11.109534881402455,22.432366958433242,10.124577874182519,24.40707405608982,79498522524.88945,23030135089.625107,32514091010.280964,38,23,15,Universal P&C Insurance Co.;Florida Family Insurance Co.;First Protective Insurance Co.;Spinnaker Insurance Co.;Cypress P&C Insurance Co.;Florida Peninsula Insurance Co;Tower Hill Insurance Exchange;Kin Interinsurance Network;Unique Insurance Co.;Heritage P&C Insurance Co.;Florida Family Home Ins Co.;US Coastal P&C Insurance Co.;TypTap Insurance Co.;Homeowners Choice P&C Ins Co.;Vault E&S Insurance Co.;Edison Insurance Co.;Safe Harbor Insurance Co.;Spinnaker Specialty Ins Co.;GeoVera Specialty Insurance Co;Florida Farm Bureau Cas Ins Co;Universal North America Ins Co;QBE Specialty Insurance Co.;Auto Club Insurance Co. of FL;American Platinum P&C Ins Co.;Privilege Underwriters Recpl;FL Farm Bureau General Ins Co.;Castle Key Insurance Co.;Chubb Custom Insurance Co.;Homesite Insurance Co.;PURE Specialty Exchange;State Farm FL Ins Co;AIG Property Casualty Co.;Foremost P&C Insurance Co.;ASI Preferred Insurance Corp.;Nationwide P&C Insurance Co.;ACE Ins Co. of the Midwest;Castle Key Indemnity Co.;First Liberty Insurance Corp.,Universal P&C Insurance Co.;Florida Family Insurance Co.;First Protective Insurance Co.;Spinnaker Insurance Co.;Cypress P&C Insurance Co.;Florida Peninsula Insurance Co;Tower Hill Insurance Exchange;Kin Interinsurance Network;Unique Insurance Co.;Heritage P&C Insurance Co.;Florida Family Home Ins Co.;US Coastal P&C Insurance Co.;TypTap Insurance Co.;Homeowners Choice P&C Ins Co.;Vault E&S Insurance Co.;Edison Insurance Co.;Safe Harbor Insurance Co.;Spinnaker Specialty Ins Co.;GeoVera Specialty Insurance Co;Florida Farm Bureau Cas Ins Co;Universal North America Ins Co;QBE Specialty Insurance Co.;American Platinum P&C Ins Co.,10405514536.902115,15,36.189312511589605,5150374935.660399,90209917.45776099,1,0.9811320754716981,22695910721.07754,300194520.0,17647329683.835625,539937478.65,359958319.1,539937478.65,359958319.1,29073091010.280964,32514091010.280964,3441000000.0,1395853723.0,1395853723.0,0.0,True,25425816864.59462,17000000000.0,8425816864.59462,0.6686117535784053,12756512433.310606,4243487566.6893983,2345513143.8720555,0.0,14,9464500000.0,9464500000.0,74
double_gm,baseline,,COMPOSITE,"{""double_gm"": 0.7404785988168894}",321140213590.44794,237797455383.21146,83342758207.23647,77350627028.02576,86748802507.49629,0.0,56980410586.122246,16717615261.56714,77350627028.02576,86748802507.49629,24484408600.92507,58858349606.31142,17.74315647021077,5.205705967078672,24.08624761228797,27.012749832111517,7.6242113459356995,18.32792877237537,56980410586.122246,16717615261.56714,24484408600.92507,34,22,12,Universal P&C Insurance Co.;Florida Family Insurance Co.;First Protective Insurance Co.;Cypress P&C Insurance Co.;Florida Peninsula Insurance Co;Tower Hill Insurance Exchange;Kin Interinsurance Network;Unique Insurance Co.;Heritage P&C Insurance Co.;Florida Family Home Ins Co.;US Coastal P&C Insurance Co.;TypTap Insurance Co.;Homeowners Choice P&C Ins Co.;Vault E&S Insurance Co.;Edison Insurance Co.;Safe Harbor Insurance Co.;GeoVera Specialty Insurance Co;Florida Farm Bureau Cas Ins Co;Universal North America Ins Co;QBE Specialty Insurance Co.;Auto Club Insurance Co. of FL;American Platinum P&C Ins Co.;FL Farm Bureau General Ins Co.;Castle Key Insurance Co.;Homesite Insurance Co.;PURE Specialty Exchange;State Farm FL Ins Co;AIG Property Casualty Co.;Foremost P&C Insurance Co.;ASI Preferred Insurance Corp.;Nationwide P&C Insurance Co.;ACE Ins Co. of the Midwest;Castle Key Indemnity Co.;First Liberty Insurance Corp.,Universal P&C Insurance Co.;Florida Family Insurance Co.;First Protective Insurance Co.;Cypress P&C Insurance Co.;Florida Peninsula Insurance Co;Tower Hill Insurance Exchange;Kin Interinsurance Network;Unique Insurance Co.;Heritage P&C Insurance Co.;Florida Family Home Ins Co.;US Coastal P&C Insurance Co.;TypTap Insurance Co.;Homeowners Choice P&C Ins Co.;Vault E&S Insurance Co.;Edison Insurance Co.;Safe Harbor Insurance Co.;GeoVera Specialty Insurance Co;Florida Farm Bureau Cas Ins Co;Universal North America Ins Co;QBE Specialty Insurance Co.;American Platinum P&C Ins Co.;Castle Key Indemnity Co.,6641430050.668672,13,37.547509568198166,2963672350.107886,46914725.32348634,1,0.9811320754716981,13297863339.485254,285195540.0,11345010116.366253,539937478.65,359958319.1,539937478.65,359958319.1,21043408600.92507,24484408600.92507,3441000000.0,1395853723.0,1395853723.0,0.0,True,23313585139.009644,17000000000.0,6313585139.009644,0.7291885781888867,12767309017.576925,4232690982.4230776,2419439313.741507,0.0,14,9464500000.0,9464500000.0,75
double_gm,baseline,,COMPOSITE,"{""double_gm"": 0.8071565365545162}",321140213590.4479,259210422550.04352,61929791040.40439,56929108313.00407,121794372888.68861,0.0,63352734286.59855,17134207061.75229,56929108313.00407,121794372888.68861,18243929241.743942,43685861798.66045,19.727437301699215,5.335428680882567,17.727181431599256,37.92560624127059,5.680985585010085,13.603360759538297,63352734286.59855,17134207061.75229,18243929241.743942,35,22,13,Universal P&C Insurance Co.;Florida Family Insurance Co.;First Protective Insurance Co.;Cypress P&C Insurance Co.;Florida Peninsula Insurance Co;Tower Hill Insurance Exchange;Kin Interinsurance Network;Unique Insurance Co.;Heritage P&C Insurance Co.;Florida Family Home Ins Co.;US Coastal P&C Insurance Co.;TypTap Insurance Co.;Homeowners Choice P&C Ins Co.;Vault E&S Insurance Co.;Edison Insurance Co.;Safe Harbor Insurance Co.;Spinnaker Specialty Ins Co.;GeoVera Specialty Insurance Co;Florida Farm Bureau Cas Ins Co;Universal North America Ins Co;QBE Specialty Insurance Co.;Auto Club Insurance Co. of FL;American Platinum P&C Ins Co.;FL Farm Bureau General Ins Co.;Castle Key Insurance Co.;Homesite Insurance Co.;PURE Specialty Exchange;State Farm FL Ins Co;AIG Property Casualty Co.;Foremost P&C Insurance Co.;ASI Preferred Insurance Corp.;Nationwide P&C Insurance Co.;ACE Ins Co. of the Midwest;Castle Key Indemnity Co.;First Liberty Insurance Corp.,Universal P&C Insurance Co.;Florida Family Insurance Co.;First Protective Insurance Co.;Cypress P&C Insurance Co.;Florida Peninsula Insurance Co;Tower Hill Insurance Exchange;Kin Interinsurance Network;Unique Insurance Co.;Heritage P&C Insurance Co.;Florida Family Home Ins Co.;US Coastal P&C Insurance Co.;TypTap Insurance Co.;Homeowners Choice P&C Ins Co.;Vault E&S Insurance Co.;Edison Insurance Co.;Safe Harbor Insurance Co.;Spinnaker Specialty Ins Co.;GeoVera Specialty Insurance Co;Florida Farm Bureau Cas Ins Co;Universal North America Ins Co;QBE Specialty Insurance Co.;American Platinum P&C Ins Co.,6943159659.327977,13,35.89838321723671,4624660302.780244,40977927.46137416,1,0.9811320754716981,16696241866.174374,303407340.0,12019303972.807552,539937478.65,359958319.1,539937478.65,359958319.1,14802929241.743942,18243929241.743942,3441000000.0,1395853723.0,1395853723.0,0.0,True,23900784957.55269,17000000000.0,6900784957.552689,0.711273710474014,13010675690.143902,3989324309.8561025,2520698636.5552917,0.0,14,9464500000.0,9464500000.0,76
double_gm,baseline,,COMPOSITE,"{""double_gm"": 0.752751801700425}",321140213590.44794,241738874378.669,79401339211.77893,26400687022.48086,89880251231.4278,0.0,95639653576.73187,29818282548.028465,26400687022.48086,89880251231.4278,23335742762.351513,56065596449.427414,29.781276068621448,9.285128827265433,8.220922172067127,27.987853102088494,7.266527757906934,17.45829207205056,95639653576.73187,29818282548.028465,23335742762.351513,38,24,14,Universal P&C Insurance Co.;Florida Family Insurance Co.;First Protective Insurance Co.;Spinnaker Insurance Co.;Cypress P&C Insurance Co.;Florida Peninsula Insurance Co;Tower Hill Insurance Exchange;Kin Interinsurance Network;Unique Insurance Co.;Heritage P&C Insurance Co.;Florida Family Home Ins Co.;US Coastal P&C Insurance Co.;TypTap Insurance Co.;Homeowners Choice P&C Ins Co.;Vault E&S Insurance Co.;Edison Insurance Co.;Safe Harbor Insurance Co.;Spinnaker Specialty Ins Co.;GeoVera Specialty Insurance Co;Florida Farm Bureau Cas Ins Co;Universal North America Ins Co;QBE Specialty Insurance Co.;Auto Club Insurance Co. of FL;American Platinum P&C Ins Co.;Privilege Underwriters Recpl;FL Farm Bureau General Ins Co.;Castle Key Insurance Co.;Chubb Custom Insurance Co.;Homesite Insurance Co.;PURE Specialty Exchange;State Farm FL Ins Co;AIG Property Casualty Co.;Foremost P&C Insurance Co.;ASI Preferred Insurance Corp.;Nationwide P&C Insurance Co.;ACE Ins Co. of the Midwest;Castle Key Indemnity Co.;First Liberty Insurance Corp.,Universal P&C Insurance Co.;Florida Family Insurance Co.;First Protective Insurance Co.;Spinnaker Insurance Co.;Cypress P&C Insurance Co.;Florida Peninsula Insurance Co;Tower Hill Insurance Exchange;Kin Interinsurance Network;Unique Insurance Co.;Heritage P&C Insurance Co.;Florida Family Home Ins Co.;US Coastal P&C Insurance Co.;TypTap Insurance Co.;Homeowners Choice P&C Ins Co.;Vault E&S Insurance Co.;Edison Insurance Co.;Safe Harbor Insurance Co.;Spinnaker Specialty Ins Co.;GeoVera Specialty Insurance Co;Florida Farm Bureau Cas Ins Co;Universal North America Ins Co;QBE Specialty Insurance Co.;American Platinum P&C Ins Co.;Castle Key Indemnity Co.,13230881908.65921,15,37.927433985368395,7220860524.000031,132131575.84831655,1,0.9811320754716981,30877443614.424294,280999920.0,23557731918.896835,539937478.65,359958319.1,539937478.65,359958319.1,19894742762.351513,23335742762.351513,3441000000.0,1395853723.0,1395853723.0,0.0,True,27178742770.859188,17000000000.0,10178742770.859188,0.6254888293886519,11887639167.491264,5112360832.508737,2575000000.0,0.0,14,9464500000.0,9464500000.0,77
double_gm,baseline,,COMPOSITE,"{""double_gm"": 0.8822608091635903}",321140213590.44794,283329424697.2768,37810788893.17116,49425677896.32036,123165745057.3543,0.0,78782099261.47603,31955902482.12608,49425677896.32036,123165745057.3543,11214817680.923193,26595971212.247955,24.53199441473478,9.950763289607709,15.390684755336567,38.35263845667996,3.492187277182769,8.28173180645821,78782099261.47603,31955902482.12608,11214817680.923193,37,22,15,Universal P&C Insurance Co.;Florida Family Insurance Co.;First Protective Insurance Co.;Cypress P&C Insurance Co.;Florida Peninsula Insurance Co;Tower Hill Insurance Exchange;Kin Interinsurance Network;Unique Insurance Co.;Heritage P&C Insurance Co.;Florida Family Home Ins Co.;US Coastal P&C Insurance Co.;TypTap Insurance Co.;Homeowners Choice P&C Ins Co.;Vault E&S Insurance Co.;Edison Insurance Co.;Safe Harbor Insurance Co.;Spinnaker Specialty Ins Co.;GeoVera Specialty Insurance Co;Florida Farm Bureau Cas Ins Co;Universal North America Ins Co;QBE Specialty Insurance Co.;Auto Club Insurance Co. of FL;American Platinum P&C Ins Co.;Privilege Underwriters Recpl;FL Farm Bureau General Ins Co.;Castle Key Insurance Co.;Chubb Custom Insurance Co.;Homesite Insurance Co.;PURE Specialty Exchange;State Farm FL Ins Co;AIG Property Casualty Co.;Foremost P&C Insurance Co.;ASI Preferred Insurance Corp.;Nationwide P&C Insurance Co.;ACE Ins Co. of the Midwest;Castle Key Indemnity Co.;First Liberty Insurance Corp.,Universal P&C Insurance Co.;Florida Family Insurance Co.;First Protective Insurance Co.;Cypress P&C Insurance Co.;Florida Peninsula Insurance Co;Tower Hill Insurance Exchange;Kin Interinsurance Network;Unique Insurance Co.;Heritage P&C Insurance Co.;Florida Family Home Ins Co.;US Coastal P&C Insurance Co.;TypTap Insurance Co.;Homeowners Choice P&C Ins Co.;Vault E&S Insurance Co.;Edison Insurance Co.;Safe Harbor Insurance Co.;Spinnaker Specialty Ins Co.;GeoVera Specialty Insurance Co;Florida Farm Bureau Cas Ins Co;Universal North America Ins Co;QBE Specialty Insurance Co.;American Platinum P&C Ins Co.,10859762607.329226,15,35.89838321723671,4893712004.603914,94400283.31698607,1,0.9811320754716981,22708520353.47529,303407340.0,25442797219.566574,539937478.65,359958319.1,539937478.65,359958319.1,7773817680.923193,11214817680.923193,3441000000.0,1395853723.0,1395853723.0,0.0,True,28994640754.116913,17000000000.0,11994640754.116913,0.5863152485373074,11696711254.995522,5303288745.004481,2575000000.0000005,0.0,14,9464500000.0,9464500000.0,78
double_gm,baseline,,COMPOSITE,"{""double_gm"": 0.5940374380699972}",321140213590.4479,190769309742.52136,130370903847.92654,32262409905.622467,107860193006.56584,0.0,42963285913.92198,7683420916.411037,32262409905.622467,107860193006.56584,38190037058.894104,92180866789.03242,13.3783575197821,2.392544001421682,10.04620677831613,33.5866355074798,11.892013345796082,28.7042428472042,42963285913.92198,7683420916.411037,38190037058.894104,30,19,11,Universal P&C Insurance Co.;Florida Family Insurance Co.;First Protective Insurance Co.;Cypress P&C Insurance Co.;Florida Peninsula Insurance Co;Tower Hill Insurance Exchange;Kin Interinsurance Network;Unique Insurance Co.;Heritage P&C Insurance Co.;Florida Family Home Ins Co.;US Coastal P&C Insurance Co.;TypTap Insurance Co.;Homeowners Choice P&C Ins Co.;Edison Insurance Co.;Safe Harbor Insurance Co.;GeoVera Specialty Insurance Co;Florida Farm Bureau Cas Ins Co;Universal North America Ins Co;Auto Club Insurance Co. of FL;American Platinum P&C Ins Co.;FL Farm Bureau General Ins Co.;Castle Key Insurance Co.;Homesite Insurance Co.;State Farm FL Ins Co;AIG Property Casualty Co.;Foremost P&C Insurance Co.;ASI Preferred Insurance Corp.;ACE Ins Co. of the Midwest;Castle Key Indemnity Co.;First Liberty Insurance Corp.,Universal P&C Insurance Co.;Florida Family Insurance Co.;First Protective Insurance Co.;Cypress P&C Insurance Co.;Florida Peninsula Insurance Co;Tower Hill Insurance Exchange;Kin Interinsurance Network;Unique Insurance Co.;Heritage P&C Insurance Co.;Florida Family Home Ins Co.;US Coastal P&C Insurance Co.;TypTap Insurance Co.;Homeowners Choice P&C Ins Co.;Edison Insurance Co.;Safe Harbor Insurance Co.;GeoVera Specialty Insurance Co;Florida Farm Bureau Cas Ins Co;Universal North America Ins Co;American Platinum P&C Ins Co.,3638276101.4168267,11,35.26242124434198,2506000080.977109,23353768.251085415,1,0.9811320754716981,9612664378.252981,310430460.0,5657355074.590419,539937478.65,359958319.1,539937478.65,359958319.1,34749037058.894104,38190037058.894104,3441000000.0,1395853723.0,1395853723.0,0.0,False,12229102315.788404,12229102315.788404,0.0,1.0,11294409960.78476,934692355.0036443,2125000000.0,0.0,13,9464500000.0,9464500000.0,79
double_gm,baseline,,COMPOSITE,"{""double_gm"": 0.6301055357328919}",321140213590.4479,202352226329.7845,118787987260.66338,47869381616.23838,85446002140.71808,0.0,51462792326.2422,17574050246.58584,47869381616.23838,85446002140.71808,34814374484.02704,83973612776.63638,16.02502276213624,5.472391654132153,14.906068935137007,26.6070702218838,10.84086421155154,26.148582215159283,51462792326.2422,17574050246.58584,34814374484.02704,32,20,12,Universal P&C Insurance Co.;Florida Family Insurance Co.;First Protective Insurance Co.;Cypress P&C Insurance Co.;Florida Peninsula Insurance Co;Tower Hill Insurance Exchange;Kin Interinsurance Network;Unique Insurance Co.;Heritage P&C Insurance Co.;Florida Family Home Ins Co.;US Coastal P&C Insurance Co.;TypTap Insurance Co.;Homeowners Choice P&C Ins Co.;Vault E&S Insurance Co.;Edison Insurance Co.;Safe Harbor Insurance Co.;GeoVera Specialty Insurance Co;Florida Farm Bureau Cas Ins Co;Universal North America Ins Co;Auto Club Insurance Co. of FL;American Platinum P&C Ins Co.;FL Farm Bureau General Ins Co.;Castle Key Insurance Co.;Homesite Insurance Co.;State Farm FL Ins Co;AIG Property Casualty Co.;Foremost P&C Insurance Co.;ASI Preferred Insurance Corp.;Nationwide P&C Insurance Co.;ACE Ins Co. of the Midwest;Castle Key Indemnity Co.;First Liberty Insurance Corp.,Universal P&C Insurance Co.;Florida Family Insurance Co.;First Protective Insurance Co.;Cypress P&C Insurance Co.;Florida Peninsula Insurance Co;Tower Hill Insurance Exchange;Kin Interinsurance Network;Unique Insurance Co.;Heritage P&C Insurance Co.;Florida Family Home Ins Co.;US Coastal P&C Insurance Co.;TypTap Insurance Co.;Homeowners Choice P&C Ins Co.;Vault E&S Insurance Co.;Edison Insurance Co.;Safe Harbor Insurance Co.;GeoVera Specialty Insurance Co;Florida Farm Bureau Cas Ins Co;Universal North America Ins Co;American Platinum P&C Ins Co.,5433838249.284866,12,35.51416660549837,3074048109.658198,41300020.06556164,1,0.9811320754716981,11440386139.459139,307650360.0,11655276074.333897,539937478.65,359958319.1,539937478.65,359958319.1,31373374484.02704,34814374484.02704,3441000000.0,1395853723.0,1395853723.0,0.0,True,20974639445.804153,17000000000.000002,3974639445.8041515,0.8105026093023375,12249737630.916035,4750262369.083968,2241602285.067776,0.0,14,9464500000.0,9464500000.0,80
double_gm,baseline,,COMPOSITE,"{""double_gm"": 0.686819398247262}",321140213590.4479,220565328251.18863,100574885339.25926,50302129821.715485,80504311058.94408,0.0,71296046230.96037,18462841139.568707,50302129821.715485,80504311058.94408,29506446548.50778,71068438790.75148,22.200908890807636,5.749152662367748,15.66360352673431,25.06827474481652,9.188026070798326,22.130034104475467,71296046230.96037,18462841139.568707,29506446548.50778,37,24,13,Universal P&C Insurance Co.;Florida Family Insurance Co.;First Protective Insurance Co.;Spinnaker Insurance Co.;Cypress P&C Insurance Co.;Florida Peninsula Insurance Co;Tower Hill Insurance Exchange;Kin Interinsurance Network;Unique Insurance Co.;Heritage P&C Insurance Co.;Florida Family Home Ins Co.;US Coastal P&C Insurance Co.;TypTap Insurance Co.;Homeowners Choice P&C Ins Co.;Vault E&S Insurance Co.;Edison Insurance Co.;Safe Harbor Insurance Co.;Spinnaker Specialty Ins Co.;GeoVera Specialty Insurance Co;Florida Farm Bureau Cas Ins Co;Universal North America Ins Co;QBE Specialty Insurance Co.;Auto Club Insurance Co. of FL;American Platinum P&C Ins Co.;Privilege Underwriters Recpl;FL Farm Bureau General Ins Co.;Castle Key Insurance Co.;Homesite Insurance Co.;PURE Specialty Exchange;State Farm FL Ins Co;AIG Property Casualty Co.;Foremost P&C Insurance Co.;ASI Preferred Insurance Corp.;Nationwide P&C Insurance Co.;ACE Ins Co. of the Midwest;Castle Key Indemnity Co.;First Liberty Insurance Corp.,Universal P&C Insurance Co.;Florida Family Insurance Co.;First Protective Insurance Co.;Spinnaker Insurance Co.;Cypress P&C Insurance Co.;Florida Peninsula Insurance Co;Tower Hill Insurance Exchange;Kin Interinsurance Network;Unique Insurance Co.;Heritage P&C Insurance Co.;Florida Family Home Ins Co.;US Coastal P&C Insurance Co.;TypTap Insurance Co.;Homeowners Choice P&C Ins Co.;Vault E&S Insurance Co.;Edison Insurance Co.;Safe Harbor Insurance Co.;Spinnaker Specialty Ins Co.;GeoVera Specialty Insurance Co;Florida Farm Bureau Cas Ins Co;Universal North America Ins Co;QBE Specialty Insurance Co.;American Platinum P&C Ins Co.;Castle Key Indemnity Co.,9226884822.525919,14,37.927433985368395,5009717207.473974,57607039.31451525,1,0.9811320754716981,19410944140.84666,280999920.0,12011255120.817022,539937478.65,359958319.1,539937478.65,359958319.1,26065446548.50778,29506446548.50778,3441000000.0,1395853723.0,1395853723.0,0.0,True,28712898458.41739,17000000000.0,11712898458.417389,0.5920684052367527,11644673292.059143,5355326707.940856,2575000000.0,0.0,14,9464500000.0,9464500000.0,81
double_gm,baseline,,COMPOSITE,"{""double_gm"": 0.7736027489384275}",321140213590.4479,248434952028.24426,72705261562.20361,48967865928.79021,91874129161.8551,0.0,77904187765.08354,29688769172.515427,48967865928.79021,91874129161.8551,21384274101.60584,51320987460.59778,24.258621146847474,9.24479959721821,15.24812647451223,28.608727675264845,6.658859026878937,15.980866079278305,77904187765.08354,29688769172.515427,21384274101.60584,38,23,15,Universal P&C Insurance Co.;Florida Family Insurance Co.;First Protective Insurance Co.;Spinnaker Insurance Co.;Cypress P&C Insurance Co.;Florida Peninsula Insurance Co;Tower Hill Insurance Exchange;Kin Interinsurance Network;Unique Insurance Co.;Heritage P&C Insurance Co.;Florida Family Home Ins Co.;US Coastal P&C Insurance Co.;TypTap Insurance Co.;Homeowners Choice P&C Ins Co.;Vault E&S Insurance Co.;Edison Insurance Co.;Safe Harbor Insurance Co.;Spinnaker Specialty Ins Co.;GeoVera Specialty Insurance Co;Florida Farm Bureau Cas Ins Co;Universal North America Ins Co;QBE Specialty Insurance Co.;Auto Club Insurance Co. of FL;American Platinum P&C Ins Co.;Privilege Underwriters Recpl;FL Farm Bureau General Ins Co.;Castle Key Insurance Co.;Chubb Custom Insurance Co.;Homesite Insurance Co.;PURE Specialty Exchange;State Farm FL Ins Co;AIG Property Casualty Co.;Foremost P&C Insurance Co.;ASI Preferred Insurance Corp.;Nationwide P&C Insurance Co.;ACE Ins Co. of the Midwest;Castle Key Indemnity Co.;First Liberty Insurance Corp.,Universal P&C Insurance Co.;Florida Family Insurance Co.;First Protective Insurance Co.;Spinnaker Insurance Co.;Cypress P&C Insurance Co.;Florida Peninsula Insurance Co;Tower Hill Insurance Exchange;Kin Interinsurance Network;Unique Insurance Co.;Heritage P&C Insurance Co.;Florida Family Home Ins Co.;US Coastal P&C Insurance Co.;TypTap Insurance Co.;Homeowners Choice P&C Ins Co.;Vault E&S Insurance Co.;Edison Insurance Co.;Safe Harbor Insurance Co.;Spinnaker Specialty Ins Co.;GeoVera Specialty Insurance Co;Florida Farm Bureau Cas Ins Co;Universal North America Ins Co;QBE Specialty Insurance Co.;American Platinum P&C Ins Co.,9394345249.823729,15,36.189312511589605,5358737503.727155,89057922.34939742,1,0.9811320754716981,23136961589.90402,300194520.0,24369973677.547695,539937478.65,359958319.1,539937478.65,359958319.1,17943274101.60584,21384274101.60584,3441000000.0,1395853723.0,1395853723.0,0.0,True,18701191350.89072,17000000000.0,1701191350.8907204,0.9090329958679507,12888846087.620173,4111153912.379831,2574999999.9999995,0.0,14,9464500000.0,9464500000.0,82
double_gm,baseline,,COMPOSITE,"{""double_gm"": 0.625640899565041}",321140213590.4479,200918452117.2372,120221761473.21066,38002003622.391266,73047084451.02621,0.0,70206484081.77573,19662879962.04405,38002003622.391266,73047084451.02621,35232225887.310684,84989535585.89998,21.861629628019898,6.12283330767172,11.83346152682562,22.74616549398688,10.970979153748264,26.464930889747635,70206484081.77573,19662879962.04405,35232225887.310684,36,22,14,Universal P&C Insurance Co.;Florida Family Insurance Co.;First Protective Insurance Co.;Cypress P&C Insurance Co.;Florida Peninsula Insurance Co;Tower Hill Insurance Exchange;Kin Interinsurance Network;Unique Insurance Co.;Heritage P&C Insurance Co.;Florida Family Home Ins Co.;US Coastal P&C Insurance Co.;TypTap Insurance Co.;Homeowners Choice P&C Ins Co.;Vault E&S Insurance Co.;Edison Insurance Co.;Safe Harbor Insurance Co.;Spinnaker Specialty Ins Co.;GeoVera Specialty Insurance Co;Florida Farm Bureau Cas Ins Co;Universal North America Ins Co;QBE Specialty Insurance Co.;Auto Club Insurance Co. of FL;American Platinum P&C Ins Co.;Privilege Underwriters Recpl;FL Farm Bureau General Ins Co.;Castle Key Insurance Co.;Homesite Insurance Co.;PURE Specialty Exchange;State Farm FL Ins Co;AIG Property Casualty Co.;Foremost P&C Insurance Co.;ASI Preferred Insurance Corp.;Nationwide P&C Insurance Co.;ACE Ins Co. of the Midwest;Castle Key Indemnity Co.;First Liberty Insurance Corp.,Universal P&C Insurance Co.;Florida Family Insurance Co.;First Protective Insurance Co.;Cypress P&C Insurance Co.;Florida Peninsula Insurance Co;Tower Hill Insurance Exchange;Kin Interinsurance Network;Unique Insurance Co.;Heritage P&C Insurance Co.;Florida Family Home Ins Co.;US Coastal P&C Insurance Co.;TypTap Insurance Co.;Homeowners Choice P&C Ins Co.;Vault E&S Insurance Co.;Edison Insurance Co.;Safe Harbor Insurance Co.;Spinnaker Specialty Ins Co.;GeoVera Specialty Insurance Co;Florida Farm Bureau Cas Ins Co;Universal North America Ins Co;QBE Specialty Insurance Co.;American Platinum P&C Ins Co.,9292562019.563833,14,35.89838321723671,5059714784.655799,68353057.20902976,1,0.9811320754716981,19227834264.822002,303407340.0,14571193269.597097,539937478.65,359958319.1,539937478.65,359958319.1,31791225887.310684,35232225887.310684,3441000000.0,1395853723.0,1395853723.0,0.0,True,25796121514.196724,17000000000.0,8796121514.196724,0.6590137975061159,13043144135.837917,3956855864.1620855,2575000000.0,0.0,14,9464500000.0,9464500000.0,83
double_gm,baseline,,COMPOSITE,"{""double_gm"": 0.8132966811342119}",321140213590.44794,261182269891.84326,59957943698.60468,36119778031.72098,120612240726.8758,0.0,80365492807.60953,24084758325.6369,36119778031.72098,120612240726.8758,17669264715.334087,42288678983.2706,25.025048065173216,7.4997640614240675,11.247354427491523,37.55750155933237,5.502040531699903,13.168291354878903,80365492807.60953,24084758325.6369,17669264715.334087,38,23,15,Universal P&C Insurance Co.;Florida Family Insurance Co.;First Protective Insurance Co.;Spinnaker Insurance Co.;Cypress P&C Insurance Co.;Florida Peninsula Insurance Co;Tower Hill Insurance Exchange;Kin Interinsurance Network;Unique Insurance Co.;Heritage P&C Insurance Co.;Florida Family Home Ins Co.;US Coastal P&C Insurance Co.;TypTap Insurance Co.;Homeowners Choice P&C Ins Co.;Vault E&S Insurance Co.;Edison Insurance Co.;Safe Harbor Insurance Co.;Spinnaker Specialty Ins Co.;GeoVera Specialty Insurance Co;Florida Farm Bureau Cas Ins Co;Universal North America Ins Co;QBE Specialty Insurance Co.;Auto Club Insurance Co. of FL;American Platinum P&C Ins Co.;Privilege Underwriters Recpl;FL Farm Bureau General Ins Co.;Castle Key Insurance Co.;Chubb Custom Insurance Co.;Homesite Insurance Co.;PURE Specialty Exchange;State Farm FL Ins Co;AIG Property Casualty Co.;Foremost P&C Insurance Co.;ASI Preferred Insurance Corp.;Nationwide P&C Insurance Co.;ACE Ins Co. of the Midwest;Castle Key Indemnity Co.;First Liberty Insurance Corp.,Universal P&C Insurance Co.;Florida Family Insurance Co.;First Protective Insurance Co.;Spinnaker Insurance Co.;Cypress P&C Insurance Co.;Florida Peninsula Insurance Co;Tower Hill Insurance Exchange;Kin Interinsurance Network;Unique Insurance Co.;Heritage P&C Insurance Co.;Florida Family Home Ins Co.;US Coastal P&C Insurance Co.;TypTap Insurance Co.;Homeowners Choice P&C Ins Co.;Vault E&S Insurance Co.;Edison Insurance Co.;Safe Harbor Insurance Co.;Spinnaker Specialty Ins Co.;GeoVera Specialty Insurance Co;Florida Farm Bureau Cas Ins Co;Universal North America Ins Co;QBE Specialty Insurance Co.;American Platinum P&C Ins Co.,10375534210.315624,15,36.189312511589605,4236063704.7023945,90368185.17412965,1,0.9811320754716981,22089807840.626507,300194520.0,18883484097.03672,539937478.65,359958319.1,539937478.65,359958319.1,14228264715.334087,17669264715.334087,3441000000.0,1395853723.0,1395853723.0,0.0,True,25822155199.645676,17000000000.000002,8822155199.645674,0.658349385191259,12948318435.501514,4051681564.4984827,2575000000.0,0.0,14,9464500000.0,9464500000.0,84
double_gm,baseline,,COMPOSITE,"{""double_gm"": 0.6522013598837698}",321140213590.4479,209448084017.0544,111692129573.3935,50794203688.814804,79103779915.85674,0.0,57145158176.12402,22404942236.258827,50794203688.814804,79103779915.85674,32746396090.930485,78945733482.463,17.794457298643266,6.976685350540368,15.816830636350318,24.632162702843026,10.196915460949455,24.582948550673564,57145158176.12402,22404942236.258827,32746396090.930485,35,22,13,Universal P&C Insurance Co.;Florida Family Insurance Co.;First Protective Insurance Co.;Cypress P&C Insurance Co.;Florida Peninsula Insurance Co;Tower Hill Insurance Exchange;Kin Interinsurance Network;Unique Insurance Co.;Heritage P&C Insurance Co.;Florida Family Home Ins Co.;US Coastal P&C Insurance Co.;TypTap Insurance Co.;Homeowners Choice P&C Ins Co.;Vault E&S Insurance Co.;Edison Insurance Co.;Safe Harbor Insurance Co.;Spinnaker Specialty Ins Co.;GeoVera Specialty Insurance Co;Florida Farm Bureau Cas Ins Co;Universal North America Ins Co;QBE Specialty Insurance Co.;Auto Club Insurance Co. of FL;American Platinum P&C Ins Co.;FL Farm Bureau General Ins Co.;Castle Key Insurance Co.;Homesite Insurance Co.;PURE Specialty Exchange;State Farm FL Ins Co;AIG Property Casualty Co.;Foremost P&C Insurance Co.;ASI Preferred Insurance Corp.;Nationwide P&C Insurance Co.;ACE Ins Co. of the Midwest;Castle Key Indemnity Co.;First Liberty Insurance Corp.,Universal P&C Insurance Co.;Florida Family Insurance Co.;First Protective Insurance Co.;Cypress P&C Insurance Co.;Florida Peninsula Insurance Co;Tower Hill Insurance Exchange;Kin Interinsurance Network;Unique Insurance Co.;Heritage P&C Insurance Co.;Florida Family Home Ins Co.;US Coastal P&C Insurance Co.;TypTap Insurance Co.;Homeowners Choice P&C Ins Co.;Vault E&S Insurance Co.;Edison Insurance Co.;Safe Harbor Insurance Co.;Spinnaker Specialty Ins Co.;GeoVera Specialty Insurance Co;Florida Farm Bureau Cas Ins Co;Universal North America Ins Co;QBE Specialty Insurance Co.;American Platinum P&C Ins Co.,6440016663.203752,13,35.89838321723671,2975727938.6648765,59967431.44264917,1,0.9811320754716981,13870939323.246586,303407340.0,16700692170.559193,539937478.65,359958319.1,539937478.65,359958319.1,29305396090.930485,32746396090.930485,3441000000.0,1395853723.0,1395853723.0,0.0,True,17114858397.365486,17000000000.0,114858397.36548615,0.9932889659558524,12507793625.671299,4492206374.328695,2339725442.0893517,0.0,14,9464500000.0,9464500000.0,85
double_gm,baseline,,COMPOSITE,"{""double_gm"": 0.7425048112235273}",321140213590.4479,238448153668.25876,82692059922.18915,35948897739.53375,94288767665.20569,0.0,84122687252.50247,24087801011.016853,35948897739.53375,94288767665.20569,24294772611.421368,58397287310.76777,26.195002585314548,7.500711524635211,11.194143934082202,29.36062307832078,7.5651605072433075,18.18435837040396,84122687252.50247,24087801011.016853,24294772611.421368,38,23,15,Universal P&C Insurance Co.;Florida Family Insurance Co.;First Protective Insurance Co.;Spinnaker Insurance Co.;Cypress P&C Insurance Co.;Florida Peninsula Insurance Co;Tower Hill Insurance Exchange;Kin Interinsurance Network;Unique Insurance Co.;Heritage P&C Insurance Co.;Florida Family Home Ins Co.;US Coastal P&C Insurance Co.;TypTap Insurance Co.;Homeowners Choice P&C Ins Co.;Vault E&S Insurance Co.;Edison Insurance Co.;Safe Harbor Insurance Co.;Spinnaker Specialty Ins Co.;GeoVera Specialty Insurance Co;Florida Farm Bureau Cas Ins Co;Universal North America Ins Co;QBE Specialty Insurance Co.;Auto Club Insurance Co. of FL;American Platinum P&C Ins Co.;Privilege Underwriters Recpl;FL Farm Bureau General Ins Co.;Castle Key Insurance Co.;Chubb Custom Insurance Co.;Homesite Insurance Co.;PURE Specialty Exchange;State Farm FL Ins Co;AIG Property Casualty Co.;Foremost P&C Insurance Co.;ASI Preferred Insurance Corp.;Nationwide P&C Insurance Co.;ACE Ins Co. of the Midwest;Castle Key Indemnity Co.;First Liberty Insurance Corp.,Universal P&C Insurance Co.;Florida Family Insurance Co.;First Protective Insurance Co.;Spinnaker Insurance Co.;Cypress P&C Insurance Co.;Florida Peninsula Insurance Co;Tower Hill Insurance Exchange;Kin Interinsurance Network;Unique Insurance Co.;Heritage P&C Insurance Co.;Florida Family Home Ins Co.;US Coastal P&C Insurance Co.;TypTap Insurance Co.;Homeowners Choice P&C Ins Co.;Vault E&S Insurance Co.;Edison Insurance Co.;Safe Harbor Insurance Co.;Spinnaker Specialty Ins Co.;GeoVera Specialty Insurance Co;Florida Farm Bureau Cas Ins Co;Universal North America Ins Co;QBE Specialty Insurance Co.;American Platinum P&C Ins Co.,11526030927.431498,15,36.189312511589605,5551746564.975563,106122511.61026229,1,0.9811320754716981,25467629758.936535,300194520.0,18409054278.033844,539937478.65,359958319.1,539937478.65,359958319.1,20853772611.421368,24294772611.421368,3441000000.0,1395853723.0,1395853723.0,0.0,True,25658973244.496662,17000000000.000002,8658973244.49666,0.6625362534194996,12454689250.668575,4545310749.331423,2558214935.715867,0.0,14,9464500000.0,9464500000.0,86
double_gm,baseline,,COMPOSITE,"{""double_gm"": 0.7624655802232414}",321140213590.4479,244858359288.25653,76281854302.19138,68988006427.46053,105580791054.33627,0.0,55689361944.66794,14600199861.791792,68988006427.46053,105580791054.33627,22426616949.10541,53855237353.08595,17.341136235180105,4.546363004046425,21.48220730632052,32.87685147677709,6.983434649422702,16.770007328253158,55689361944.66794,14600199861.791792,22426616949.10541,34,22,12,Universal P&C Insurance Co.;Florida Family Insurance Co.;First Protective Insurance Co.;Cypress P&C Insurance Co.;Florida Peninsula Insurance Co;Tower Hill Insurance Exchange;Kin Interinsurance Network;Unique Insurance Co.;Heritage P&C Insurance Co.;Florida Family Home Ins Co.;US Coastal P&C Insurance Co.;TypTap Insurance Co.;Homeowners Choice P&C Ins Co.;Vault E&S Insurance Co.;Edison Insurance Co.;Safe Harbor Insurance Co.;GeoVera Specialty Insurance Co;Florida Farm Bureau Cas Ins Co;Universal North America Ins Co;QBE Specialty Insurance Co.;Auto Club Insurance Co. of FL;American Platinum P&C Ins Co.;FL Farm Bureau General Ins Co.;Castle Key Insurance Co.;Homesite Insurance Co.;PURE Specialty Exchange;State Farm FL Ins Co;AIG Property Casualty Co.;Foremost P&C Insurance Co.;ASI Preferred Insurance Corp.;Nationwide P&C Insurance Co.;ACE Ins Co. of the Midwest;Castle Key Indemnity Co.;First Liberty Insurance Corp.,Universal P&C Insurance Co.;Florida Family Insurance Co.;First Protective Insurance Co.;Cypress P&C Insurance Co.;Florida Peninsula Insurance Co;Tower Hill Insurance Exchange;Kin Interinsurance Network;Unique Insurance Co.;Heritage P&C Insurance Co.;Florida Family Home Ins Co.;US Coastal P&C Insurance Co.;TypTap Insurance Co.;Homeowners Choice P&C Ins Co.;Vault E&S Insurance Co.;Edison Insurance Co.;Safe Harbor Insurance Co.;GeoVera Specialty Insurance Co;Florida Farm Bureau Cas Ins Co;Universal North America Ins Co;QBE Specialty Insurance Co.;American Platinum P&C Ins Co.;Castle Key Indemnity Co.,6653967357.991881,13,37.547509568198166,3702101383.6446915,39195029.31591454,1,0.9811320754716981,13684643221.58819,285195540.0,8298787498.642195,539937478.65,359958319.1,539937478.65,359958319.1,18985616949.10541,22426616949.10541,3441000000.0,1395853723.0,1395853723.0,0.0,True,25385566364.500744,17000000000.0,8385566364.500744,0.6696718818837485,11790564832.337858,5209435167.662142,2234396353.2933517,0.0,14,9464500000.0,9464500000.0,87
double_gm,baseline,,COMPOSITE,"{""double_gm"": 0.7032683137185024}",321140213590.44794,225847736478.95404,95292477111.49391,24761043379.330975,114862150649.5911,0.0,66827111657.05525,19397430792.976685,24761043379.330975,114862150649.5911,27966970059.55115,67325507051.94276,20.809325281909498,6.040174967845773,7.710352777839552,35.76697834425541,8.708647773155436,20.96452085499432,66827111657.05525,19397430792.976685,27966970059.55115,35,22,13,Universal P&C Insurance Co.;Florida Family Insurance Co.;First Protective Insurance Co.;Cypress P&C Insurance Co.;Florida Peninsula Insurance Co;Tower Hill Insurance Exchange;Kin Interinsurance Network;Unique Insurance Co.;Heritage P&C Insurance Co.;Florida Family Home Ins Co.;US Coastal P&C Insurance Co.;TypTap Insurance Co.;Homeowners Choice P&C Ins Co.;Vault E&S Insurance Co.;Edison Insurance Co.;Safe Harbor Insurance Co.;Spinnaker Specialty Ins Co.;GeoVera Specialty Insurance Co;Florida Farm Bureau Cas Ins Co;Universal North America Ins Co;QBE Specialty Insurance Co.;Auto Club Insurance Co. of FL;American Platinum P&C Ins Co.;FL Farm Bureau General Ins Co.;Castle Key Insurance Co.;Homesite Insurance Co.;PURE Specialty Exchange;State Farm FL Ins Co;AIG Property Casualty Co.;Foremost P&C Insurance Co.;ASI Preferred Insurance Corp.;Nationwide P&C Insurance Co.;ACE Ins Co. of the Midwest;Castle Key Indemnity Co.;First Liberty Insurance Corp.,Universal P&C Insurance Co.;Florida Family Insurance Co.;First Protective Insurance Co.;Cypress P&C Insurance Co.;Florida Peninsula Insurance Co;Tower Hill Insurance Exchange;Kin Interinsurance Network;Unique Insurance Co.;Heritage P&C Insurance Co.;Florida Family Home Ins Co.;US Coastal P&C Insurance Co.;TypTap Insurance Co.;Homeowners Choice P&C Ins Co.;Vault E&S Insurance Co.;Edison Insurance Co.;Safe Harbor Insurance Co.;Spinnaker Specialty Ins Co.;GeoVera Specialty Insurance Co;Florida Farm Bureau Cas Ins Co;Universal North America Ins Co;QBE Specialty Insurance Co.;American Platinum P&C Ins Co.,8386724604.685795,13,35.89838321723671,4649258470.265151,72532878.99908897,1,0.9811320754716981,17615667402.208138,303407340.0,14199232020.169003,539937478.65,359958319.1,539937478.65,359958319.1,24525970059.55115,27966970059.55115,3441000000.0,1395853723.0,1395853723.0,0.0,True,21869946097.11712,17000000000.0,4869946097.117119,0.7773224462698117,12943249235.16816,4056750764.831839,2470555532.9932375,0.0,14,9464500000.0,9464500000.0,88
double_gm,baseline,,COMPOSITE,"{""double_gm"": 0.7238773192650525}",321140213590.4479,232466116922.05978,88674096668.38809,35565838185.94893,92371085998.28008,0.0,74873822607.81647,29655370130.01432,35565838185.94893,92371085998.28008,26038145052.50658,62635951615.88152,23.314994335559458,9.23439945388901,11.074862842093722,28.763475294963058,8.108030059951691,19.504238013543063,74873822607.81647,29655370130.01432,26038145052.50658,36,23,13,Universal P&C Insurance Co.;Florida Family Insurance Co.;First Protective Insurance Co.;Spinnaker Insurance Co.;Cypress P&C Insurance Co.;Florida Peninsula Insurance Co;Tower Hill Insurance Exchange;Kin Interinsurance Network;Unique Insurance Co.;Heritage P&C Insurance Co.;Florida Family Home Ins Co.;US Coastal P&C Insurance Co.;TypTap Insurance Co.;Homeowners Choice P&C Ins Co.;Vault E&S Insurance Co.;Edison Insurance Co.;Safe Harbor Insurance Co.;Spinnaker Specialty Ins Co.;GeoVera Specialty Insurance Co;Florida Farm Bureau Cas Ins Co;Universal North America Ins Co;QBE Specialty Insurance Co.;Auto Club Insurance Co. of FL;American Platinum P&C Ins Co.;FL Farm Bureau General Ins Co.;Castle Key Insurance Co.;Homesite Insurance Co.;PURE Specialty Exchange;State Farm FL Ins Co;AIG Property Casualty Co.;Foremost P&C Insurance Co.;ASI Preferred Insurance Corp.;Nationwide P&C Insurance Co.;ACE Ins Co. of the Midwest;Castle Key Indemnity Co.;First Liberty Insurance Corp.,Universal P&C Insurance Co.;Florida Family Insurance Co.;First Protective Insurance Co.;Spinnaker Insurance Co.;Cypress P&C Insurance Co.;Florida Peninsula Insurance Co;Tower Hill Insurance Exchange;Kin Interinsurance Network;Unique Insurance Co.;Heritage P&C Insurance Co.;Florida Family Home Ins Co.;US Coastal P&C Insurance Co.;TypTap Insurance Co.;Homeowners Choice P&C Ins Co.;Vault E&S Insurance Co.;Edison Insurance Co.;Safe Harbor Insurance Co.;Spinnaker Specialty Ins Co.;GeoVera Specialty Insurance Co;Florida Farm Bureau Cas Ins Co;Universal North America Ins Co;QBE Specialty Insurance Co.;American Platinum P&C Ins Co.,9857772430.058832,13,36.189312511589605,5274976498.906587,67184307.78819565,1,0.9811320754716981,21754680184.620686,300194520.0,23106577827.18608,539937478.65,359958319.1,539937478.65,359958319.1,22597145052.50658,26038145052.50658,3441000000.0,1395853723.0,1395853723.0,0.0,True,28762053216.426376,17000000000.0,11762053216.426376,0.5910565519116376,11653825621.567999,5346174378.432003,2540671658.902313,0.0,14,9464500000.0,9464500000.0,89
double_gm,baseline,,COMPOSITE,"{""double_gm"": 0.7779028363381628}",321140213590.4479,249815883014.2528,71324330576.19505,49200507450.95099,88887823622.51057,0.0,92239598806.43195,19487953134.359325,49200507450.95099,88887823622.51057,20981823042.51168,50342507533.68338,28.722531437332133,6.06836276169774,15.320568825957345,27.67882060882907,6.533539604999432,15.676176761184287,92239598806.43195,19487953134.359325,20981823042.51168,39,23,16,Universal P&C Insurance Co.;Florida Family Insurance Co.;First Protective Insurance Co.;Spinnaker Insurance Co.;Cypress P&C Insurance Co.;Florida Peninsula Insurance Co;Tower Hill Insurance Exchange;Kin Interinsurance Network;Unique Insurance Co.;Heritage P&C Insurance Co.;Florida Family Home Ins Co.;US Coastal P&C Insurance Co.;TypTap Insurance Co.;Homeowners Choice P&C Ins Co.;Vault E&S Insurance Co.;Edison Insurance Co.;Safe Harbor Insurance Co.;Spinnaker Specialty Ins Co.;GeoVera Specialty Insurance Co;Florida Farm Bureau Cas Ins Co;Universal North America Ins Co;QBE Specialty Insurance Co.;Auto Club Insurance Co. of FL;American Platinum P&C Ins Co.;Privilege Underwriters Recpl;FL Farm Bureau General Ins Co.;Castle Key Insurance Co.;Chubb Custom Insurance Co.;Homesite Insurance Co.;Farmers Casualty Ins Co.;PURE Specialty Exchange;State Farm FL Ins Co;AIG Property Casualty Co.;Foremost P&C Insurance Co.;ASI Preferred Insurance Corp.;Nationwide P&C Insurance Co.;ACE Ins Co. of the Midwest;Castle Key Indemnity Co.;First Liberty Insurance Corp.,Universal P&C Insurance Co.;Florida Family Insurance Co.;First Protective Insurance Co.;Spinnaker Insurance Co.;Cypress P&C Insurance Co.;Florida Peninsula Insurance Co;Tower Hill Insurance Exchange;Kin Interinsurance Network;Unique Insurance Co.;Heritage P&C Insurance Co.;Florida Family Home Ins Co.;US Coastal P&C Insurance Co.;TypTap Insurance Co.;Homeowners Choice P&C Ins Co.;Vault E&S Insurance Co.;Edison Insurance Co.;Safe Harbor Insurance Co.;Spinnaker Specialty Ins Co.;GeoVera Specialty Insurance Co;Florida Farm Bureau Cas Ins Co;Universal North America Ins Co;QBE Specialty Insurance Co.;American Platinum P&C Ins Co.,13447403768.29327,16,36.189312511589605,6435291528.593422,83195571.86942747,1,0.9811320754716981,27143530672.59863,300194520.0,14163445526.53371,539937478.65,359958319.1,539937478.65,359958319.1,17540823042.51168,20981823042.51168,3441000000.0,1395853723.0,1395853723.0,0.0,True,25044201576.23236,17000000000.0,8044201576.232361,0.6787998390866439,12750734957.360714,4249265042.639284,2575000000.0,0.0,14,9464500000.0,9464500000.0,90
double_gm,baseline,,COMPOSITE,"{""double_gm"": 0.7020112415557829}",321140213590.4479,225444040056.11963,95696173534.32828,52122057014.27009,82986112846.90793,0.0,73024506659.60353,17311363535.338085,52122057014.27009,82986112846.90793,28084621162.009075,67611552372.3192,22.73913498504804,5.390593517327411,16.230311498995786,25.841084154207056,8.74528320449633,21.053592639925387,73024506659.60353,17311363535.338085,28084621162.009075,37,23,14,Universal P&C Insurance Co.;Florida Family Insurance Co.;First Protective Insurance Co.;Spinnaker Insurance Co.;Cypress P&C Insurance Co.;Florida Peninsula Insurance Co;Tower Hill Insurance Exchange;Kin Interinsurance Network;Unique Insurance Co.;Heritage P&C Insurance Co.;Florida Family Home Ins Co.;US Coastal P&C Insurance Co.;TypTap Insurance Co.;Homeowners Choice P&C Ins Co.;Vault E&S Insurance Co.;Edison Insurance Co.;Safe Harbor Insurance Co.;Spinnaker Specialty Ins Co.;GeoVera Specialty Insurance Co;Florida Farm Bureau Cas Ins Co;Universal North America Ins Co;QBE Specialty Insurance Co.;Auto Club Insurance Co. of FL;American Platinum P&C Ins Co.;Privilege Underwriters Recpl;FL Farm Bureau General Ins Co.;Castle Key Insurance Co.;Homesite Insurance Co.;PURE Specialty Exchange;State Farm FL Ins Co;AIG Property Casualty Co.;Foremost P&C Insurance Co.;ASI Preferred Insurance Corp.;Nationwide P&C Insurance Co.;ACE Ins Co. of the Midwest;Castle Key Indemnity Co.;First Liberty Insurance Corp.,Universal P&C Insurance Co.;Florida Family Insurance Co.;First Protective Insurance Co.;Spinnaker Insurance Co.;Cypress P&C Insurance Co.;Florida Peninsula Insurance Co;Tower Hill Insurance Exchange;Kin Interinsurance Network;Unique Insurance Co.;Heritage P&C Insurance Co.;Florida Family Home Ins Co.;US Coastal P&C Insurance Co.;TypTap Insurance Co.;Homeowners Choice P&C Ins Co.;Vault E&S Insurance Co.;Edison Insurance Co.;Safe Harbor Insurance Co.;Spinnaker Specialty Ins Co.;GeoVera Specialty Insurance Co;Florida Farm Bureau Cas Ins Co;Universal North America Ins Co;QBE Specialty Insurance Co.;American Platinum P&C Ins Co.,8423385042.14669,14,36.189312511589605,4962460689.981232,85227970.1275398,1,0.9811320754716981,20184910749.238216,300194520.0,11644706295.86046,539937478.65,359958319.1,539937478.65,359958319.1,24643621162.009075,28084621162.009075,3441000000.0,1395853723.0,1395853723.0,0.0,True,26988804560.44596,17000000000.0,9988804560.445961,0.6298908112779003,12422503581.243792,4577496418.75621,2575000000.0000005,0.0,14,9464500000.0,9464500000.0,91
double_gm,baseline,,COMPOSITE,"{""double_gm"": 0.7405508979484897}",321140213590.44794,237820673541.776,83319540048.67195,49097740621.79923,154588850337.8481,0.0,28344782256.36606,5789300325.762569,49097740621.79923,154588850337.8481,24477642026.346622,58841898022.32532,8.826294888286501,1.8027329125295095,15.288568215382044,48.13749377865091,7.622104299140534,18.322805906010498,28344782256.36606,5789300325.762569,24477642026.346622,26,17,9,Universal P&C Insurance Co.;Florida Family Insurance Co.;First Protective Insurance Co.;Cypress P&C Insurance Co.;Florida Peninsula Insurance Co;Tower Hill Insurance Exchange;Kin Interinsurance Network;Heritage P&C Insurance Co.;Florida Family Home Ins Co.;US Coastal P&C Insurance Co.;TypTap Insurance Co.;Homeowners Choice P&C Ins Co.;Edison Insurance Co.;Safe Harbor Insurance Co.;GeoVera Specialty Insurance Co;Universal North America Ins Co;Auto Club Insurance Co. of FL;American Platinum P&C Ins Co.;FL Farm Bureau General Ins Co.;Homesite Insurance Co.;State Farm FL Ins Co;AIG Property Casualty Co.;ASI Preferred Insurance Corp.;ACE Ins Co. of the Midwest;Castle Key Indemnity Co.;First Liberty Insurance Corp.,Universal P&C Insurance Co.;Florida Family Insurance Co.;First Protective Insurance Co.;Cypress P&C Insurance Co.;Florida Peninsula Insurance Co;Tower Hill Insurance Exchange;Kin Interinsurance Network;Heritage P&C Insurance Co.;Florida Family Home Ins Co.;US Coastal P&C Insurance Co.;TypTap Insurance Co.;Homeowners Choice P&C Ins Co.;Edison Insurance Co.;Safe Harbor Insurance Co.;GeoVera Specialty Insurance Co;Universal North America Ins Co;American Platinum P&C Ins Co.,2572179525.2233396,9,34.45361965929429,1998858275.208922,18795437.995704934,1,0.9811320754716981,7499654948.984134,319362300.0,4697562219.689943,539937478.65,359958319.1,539937478.65,359958319.1,21036642026.346622,24477642026.346622,3441000000.0,1395853723.0,1395853723.0,0.0,False,1240726521.8536882,1240726521.8536882,0.0,1.0,1240726521.8536882,0.0,2124999999.9999998,0.0,13,9464500000.0,9464500000.0,92
double_gm,baseline,,COMPOSITE,"{""double_gm"": 0.6319679156335942}",321140213590.4479,202950311408.88263,118189902181.56526,32615626255.215343,85926384774.7527,0.0,63791106678.489265,20617193700.4253,32615626255.215343,85926384774.7527,34640071802.75608,83549830378.8092,19.86394228405243,6.4199975051142415,10.156194981177368,26.756656793015388,10.786588018818714,26.016620417821862,63791106678.489265,20617193700.4253,34640071802.75608,36,23,13,Universal P&C Insurance Co.;Florida Family Insurance Co.;First Protective Insurance Co.;Spinnaker Insurance Co.;Cypress P&C Insurance Co.;Florida Peninsula Insurance Co;Tower Hill Insurance Exchange;Kin Interinsurance Network;Unique Insurance Co.;Heritage P&C Insurance Co.;Florida Family Home Ins Co.;US Coastal P&C Insurance Co.;TypTap Insurance Co.;Homeowners Choice P&C Ins Co.;Vault E&S Insurance Co.;Edison Insurance Co.;Safe Harbor Insurance Co.;Spinnaker Specialty Ins Co.;GeoVera Specialty Insurance Co;Florida Farm Bureau Cas Ins Co;Universal North America Ins Co;QBE Specialty Insurance Co.;Auto Club Insurance Co. of FL;American Platinum P&C Ins Co.;FL Farm Bureau General Ins Co.;Castle Key Insurance Co.;Homesite Insurance Co.;PURE Specialty Exchange;State Farm FL Ins Co;AIG Property Casualty Co.;Foremost P&C Insurance Co.;ASI Preferred Insurance Corp.;Nationwide P&C Insurance Co.;ACE Ins Co. of the Midwest;Castle Key Indemnity Co.;First Liberty Insurance Corp.,Universal P&C Insurance Co.;Florida Family Insurance Co.;First Protective Insurance Co.;Spinnaker Insurance Co.;Cypress P&C Insurance Co.;Florida Peninsula Insurance Co;Tower Hill Insurance Exchange;Kin Interinsurance Network;Unique Insurance Co.;Heritage P&C Insurance Co.;Florida Family Home Ins Co.;US Coastal P&C Insurance Co.;TypTap Insurance Co.;Homeowners Choice P&C Ins Co.;Vault E&S Insurance Co.;Edison Insurance Co.;Safe Harbor Insurance Co.;Spinnaker Specialty Ins Co.;GeoVera Specialty Insurance Co;Florida Farm Bureau Cas Ins Co;Universal North America Ins Co;QBE Specialty Insurance Co.;American Platinum P&C Ins Co.,7314887882.703294,13,36.189312511589605,4543510788.718668,61792019.34748472,1,0.9811320754716981,16554126743.229094,300194520.0,15150772072.029684,539937478.65,359958319.1,539937478.65,359958319.1,31199071802.75608,34640071802.75608,3441000000.0,1395853723.0,1395853723.0,0.0,True,23488379087.083885,17000000000.0,6488379087.083885,0.7237621607251815,12697281110.697868,4302718889.302133,2415893482.7757044,0.0,14,9464500000.0,9464500000.0,93
double_gm,baseline,,COMPOSITE,"{""double_gm"": 0.6821366117755774}",321140213590.4479,219061497203.47336,102078716386.97455,48936405266.20193,78075539471.40958,0.0,73051685850.44765,18997866615.4142,48936405266.20193,78075539471.40958,29944714936.996193,72134001449.97835,22.747598325886063,5.91575449334486,15.238329924202777,24.311978434124043,9.324498667483878,22.461840154958384,73051685850.44765,18997866615.4142,29944714936.996193,37,23,14,Universal P&C Insurance Co.;Florida Family Insurance Co.;First Protective Insurance Co.;Spinnaker Insurance Co.;Cypress P&C Insurance Co.;Florida Peninsula Insurance Co;Tower Hill Insurance Exchange;Kin Interinsurance Network;Unique Insurance Co.;Heritage P&C Insurance Co.;Florida Family Home Ins Co.;US Coastal P&C Insurance Co.;TypTap Insurance Co.;Homeowners Choice P&C Ins Co.;Vault E&S Insurance Co.;Edison Insurance Co.;Safe Harbor Insurance Co.;Spinnaker Specialty Ins Co.;GeoVera Specialty Insurance Co;Florida Farm Bureau Cas Ins Co;Universal North America Ins Co;QBE Specialty Insurance Co.;Auto Club Insurance Co. of FL;American Platinum P&C Ins Co.;Privilege Underwriters Recpl;FL Farm Bureau General Ins Co.;Castle Key Insurance Co.;Homesite Insurance Co.;PURE Specialty Exchange;State Farm FL Ins Co;AIG Property Casualty Co.;Foremost P&C Insurance Co.;ASI Preferred Insurance Corp.;Nationwide P&C Insurance Co.;ACE Ins Co. of the Midwest;Castle Key Indemnity Co.;First Liberty Insurance Corp.,Universal P&C Insurance Co.;Florida Family Insurance Co.;First Protective Insurance Co.;Spinnaker Insurance Co.;Cypress P&C Insurance Co.;Florida Peninsula Insurance Co;Tower Hill Insurance Exchange;Kin Interinsurance Network;Unique Insurance Co.;Heritage P&C Insurance Co.;Florida Family Home Ins Co.;US Coastal P&C Insurance Co.;TypTap Insurance Co.;Homeowners Choice P&C Ins Co.;Vault E&S Insurance Co.;Edison Insurance Co.;Safe Harbor Insurance Co.;Spinnaker Specialty Ins Co.;GeoVera Specialty Insurance Co;Florida Farm Bureau Cas Ins Co;Universal North America Ins Co;QBE Specialty Insurance Co.;American Platinum P&C Ins Co.,9509189329.665686,14,36.189312511589605,4985737401.2642975,80434392.74544379,1,0.9811320754716981,20459610841.698387,300194520.0,12579420413.536175,539937478.65,359958319.1,539937478.65,359958319.1,26503714936.996193,29944714936.996193,3441000000.0,1395853723.0,1395853723.0,0.0,True,28904132134.963364,16999999999.999998,11904132134.963366,0.588151199995251,11680104863.2505,5319895136.749497,2574999999.9999995,0.0,14,9464500000.0,9464500000.0,94
double_gm,baseline,,COMPOSITE,"{""double_gm"": 0.6122587033089482}",321140213590.44794,196620890753.2463,124519322837.20163,44712741669.44887,90307961082.20091,0.0,49664866840.86675,11935321160.729748,44712741669.44887,90307961082.20091,36484683931.90813,88034638905.29349,15.465165911673914,3.716545189806386,13.923121358594878,28.12103787081963,11.360982644931932,27.413147024173245,49664866840.86675,11935321160.729748,36484683931.90813,31,20,11,Universal P&C Insurance Co.;Florida Family Insurance Co.;First Protective Insurance Co.;Cypress P&C Insurance Co.;Florida Peninsula Insurance Co;Tower Hill Insurance Exchange;Kin Interinsurance Network;Heritage P&C Insurance Co.;Florida Family Home Ins Co.;US Coastal P&C Insurance Co.;TypTap Insurance Co.;Homeowners Choice P&C Ins Co.;Vault E&S Insurance Co.;Edison Insurance Co.;Safe Harbor Insurance Co.;GeoVera Specialty Insurance Co;Florida Farm Bureau Cas Ins Co;Universal North America Ins Co;QBE Specialty Insurance Co.;Auto Club Insurance Co. of FL;American Platinum P&C Ins Co.;FL Farm Bureau General Ins Co.;Castle Key Insurance Co.;Homesite Insurance Co.;State Farm FL Ins Co;AIG Property Casualty Co.;Foremost P&C Insurance Co.;ASI Preferred Insurance Corp.;ACE Ins Co. of the Midwest;Castle Key Indemnity Co.;First Liberty Insurance Corp.,Universal P&C Insurance Co.;Florida Family Insurance Co.;First Protective Insurance Co.;Cypress P&C Insurance Co.;Florida Peninsula Insurance Co;Tower Hill Insurance Exchange;Kin Interinsurance Network;Heritage P&C Insurance Co.;Florida Family Home Ins Co.;US Coastal P&C Insurance Co.;TypTap Insurance Co.;Homeowners Choice P&C Ins Co.;Vault E&S Insurance Co.;Edison Insurance Co.;Safe Harbor Insurance Co.;GeoVera Specialty Insurance Co;Florida Farm Bureau Cas Ins Co;Universal North America Ins Co;QBE Specialty Insurance Co.;American Platinum P&C Ins Co.,5331376137.066258,11,35.71378625186174,2545831257.904657,37849389.16129168,1,0.9811320754716981,10686979979.777718,305445900.0,6216881338.079854,539937478.65,359958319.1,539937478.65,359958319.1,33043683931.908127,36484683931.90813,3441000000.0,1395853723.0,1395853723.0,0.0,True,21215679987.972546,17000000000.0,4215679987.9725456,0.8012941376207375,12359742657.698902,4640257342.301098,2225783579.085213,0.0,14,9464500000.0,9464500000.0,95
double_gm,baseline,,COMPOSITE,"{""double_gm"": 0.6744369546156606}",321140213590.44794,216588827658.56448,104551385931.88344,40398290594.76404,80620640638.70595,0.0,80119370026.56801,15450526398.52645,40398290594.76404,80620640638.70595,30665336378.05372,73886049553.82974,24.94840777827492,4.81114657855668,12.579642438142058,25.10449866659239,9.548893312116123,23.00741122631782,80119370026.56801,15450526398.52645,30665336378.05372,37,24,13,Universal P&C Insurance Co.;Florida Family Insurance Co.;First Protective Insurance Co.;Spinnaker Insurance Co.;Cypress P&C Insurance Co.;Florida Peninsula Insurance Co;Tower Hill Insurance Exchange;Kin Interinsurance Network;Unique Insurance Co.;Heritage P&C Insurance Co.;Florida Family Home Ins Co.;US Coastal P&C Insurance Co.;TypTap Insurance Co.;Homeowners Choice P&C Ins Co.;Vault E&S Insurance Co.;Edison Insurance Co.;Safe Harbor Insurance Co.;Spinnaker Specialty Ins Co.;GeoVera Specialty Insurance Co;Florida Farm Bureau Cas Ins Co;Universal North America Ins Co;QBE Specialty Insurance Co.;Auto Club Insurance Co. of FL;American Platinum P&C Ins Co.;Privilege Underwriters Recpl;FL Farm Bureau General Ins Co.;Castle Key Insurance Co.;Homesite Insurance Co.;PURE Specialty Exchange;State Farm FL Ins Co;AIG Property Casualty Co.;Foremost P&C Insurance Co.;ASI Preferred Insurance Corp.;Nationwide P&C Insurance Co.;ACE Ins Co. of the Midwest;Castle Key Indemnity Co.;First Liberty Insurance Corp.,Universal P&C Insurance Co.;Florida Family Insurance Co.;First Protective Insurance Co.;Spinnaker Insurance Co.;Cypress P&C Insurance Co.;Florida Peninsula Insurance Co;Tower Hill Insurance Exchange;Kin Interinsurance Network;Unique Insurance Co.;Heritage P&C Insurance Co.;Florida Family Home Ins Co.;US Coastal P&C Insurance Co.;TypTap Insurance Co.;Homeowners Choice P&C Ins Co.;Vault E&S Insurance Co.;Edison Insurance Co.;Safe Harbor Insurance Co.;Spinnaker Specialty Ins Co.;GeoVera Specialty Insurance Co;Florida Farm Bureau Cas Ins Co;Universal North America Ins Co;QBE Specialty Insurance Co.;American Platinum P&C Ins Co.;Privilege Underwriters Recpl,10895733408.792135,14,37.427996398685764,7250125269.33871,98499271.60831606,1,0.9811320754716981,23953863564.575584,286515360.0,9646979579.960598,539937478.65,359958319.1,539937478.65,359958319.1,27224336378.05372,30665336378.05372,3441000000.0,1395853723.0,1395853723.0,0.0,True,27288414451.979557,17000000000.000002,10288414451.979555,0.6229750002483851,12244724166.711906,4755275833.288094,2575000000.0,0.0,14,9464500000.0,9464500000.0,96
double_gm,baseline,,COMPOSITE,"{""double_gm"": 0.7499336044979386}",321140213590.4479,240833837927.12247,80306375663.32544,21041629483.61128,121811705456.38293,0.0,77806979312.4345,20173523674.69379,21041629483.61128,121811705456.38293,23599501691.750652,56706873971.57479,24.228351361708388,6.281842890103204,6.552162760421465,37.93100343756082,7.348659773218948,17.6579797769872,77806979312.4345,20173523674.69379,23599501691.750652,37,23,14,Universal P&C Insurance Co.;Florida Family Insurance Co.;First Protective Insurance Co.;Spinnaker Insurance Co.;Cypress P&C Insurance Co.;Florida Peninsula Insurance Co;Tower Hill Insurance Exchange;Kin Interinsurance Network;Unique Insurance Co.;Heritage P&C Insurance Co.;Florida Family Home Ins Co.;US Coastal P&C Insurance Co.;TypTap Insurance Co.;Homeowners Choice P&C Ins Co.;Vault E&S Insurance Co.;Edison Insurance Co.;Safe Harbor Insurance Co.;Spinnaker Specialty Ins Co.;GeoVera Specialty Insurance Co;Florida Farm Bureau Cas Ins Co;Universal North America Ins Co;QBE Specialty Insurance Co.;Auto Club Insurance Co. of FL;American Platinum P&C Ins Co.;FL Farm Bureau General Ins Co.;Castle Key Insurance Co.;Chubb Custom Insurance Co.;Homesite Insurance Co.;PURE Specialty Exchange;State Farm FL Ins Co;AIG Property Casualty Co.;Foremost P&C Insurance Co.;ASI Preferred Insurance Corp.;Nationwide P&C Insurance Co.;ACE Ins Co. of the Midwest;Castle Key Indemnity Co.;First Liberty Insurance Corp.,Universal P&C Insurance Co.;Florida Family Insurance Co.;First Protective Insurance Co.;Spinnaker Insurance Co.;Cypress P&C Insurance Co.;Florida Peninsula Insurance Co;Tower Hill Insurance Exchange;Kin Interinsurance Network;Unique Insurance Co.;Heritage P&C Insurance Co.;Florida Family Home Ins Co.;US Coastal P&C Insurance Co.;TypTap Insurance Co.;Homeowners Choice P&C Ins Co.;Vault E&S Insurance Co.;Edison Insurance Co.;Safe Harbor Insurance Co.;Spinnaker Specialty Ins Co.;GeoVera Specialty Insurance Co;Florida Farm Bureau Cas Ins Co;Universal North America Ins Co;QBE Specialty Insurance Co.;American Platinum P&C Ins Co.,10092701015.702267,14,36.189312511589605,5524357751.835565,97931708.1215823,1,0.9811320754716981,22753883081.71514,300194520.0,14850935219.706585,539937478.65,359958319.1,539937478.65,359958319.1,20158501691.750652,23599501691.750652,3441000000.0,1395853723.0,1395853723.0,0.0,True,25673732984.650257,17000000000.0,8673732984.650257,0.6621553636225754,12792206550.64228,4207793449.357718,2575000000.0,0.0,14,9464500000.0,9464500000.0,97
double_gm,baseline,,COMPOSITE,"{""double_gm"": 0.5634556522997742}",321140213590.4479,180948268528.29465,140191945062.15326,23029829742.28047,71447025314.91939,0.0,66672857275.014626,19798556196.080162,23029829742.28047,71447025314.91939,41052228202.491516,99139716859.66173,20.761291938368995,6.1650815930917275,7.171269360756718,22.247922337759988,12.783272372997073,30.871162397025504,66672857275.014626,19798556196.080162,41052228202.491516,36,23,13,Universal P&C Insurance Co.;Florida Family Insurance Co.;First Protective Insurance Co.;Cypress P&C Insurance Co.;Florida Peninsula Insurance Co;Tower Hill Insurance Exchange;Kin Interinsurance Network;Unique Insurance Co.;Heritage P&C Insurance Co.;Florida Family Home Ins Co.;US Coastal P&C Insurance Co.;TypTap Insurance Co.;Homeowners Choice P&C Ins Co.;Vault E&S Insurance Co.;Edison Insurance Co.;Safe Harbor Insurance Co.;Spinnaker Specialty Ins Co.;GeoVera Specialty Insurance Co;Florida Farm Bureau Cas Ins Co;Universal North America Ins Co;QBE Specialty Insurance Co.;Auto Club Insurance Co. of FL;American Platinum P&C Ins Co.;Privilege Underwriters Recpl;FL Farm Bureau General Ins Co.;Castle Key Insurance Co.;Homesite Insurance Co.;PURE Specialty Exchange;State Farm FL Ins Co;AIG Property Casualty Co.;Foremost P&C Insurance Co.;ASI Preferred Insurance Corp.;Nationwide P&C Insurance Co.;ACE Ins Co. of the Midwest;Castle Key Indemnity Co.;First Liberty Insurance Corp.,Universal P&C Insurance Co.;Florida Family Insurance Co.;First Protective Insurance Co.;Cypress P&C Insurance Co.;Florida Peninsula Insurance Co;Tower Hill Insurance Exchange;Kin Interinsurance Network;Unique Insurance Co.;Heritage P&C Insurance Co.;Florida Family Home Ins Co.;US Coastal P&C Insurance Co.;TypTap Insurance Co.;Homeowners Choice P&C Ins Co.;Vault E&S Insurance Co.;Edison Insurance Co.;Safe Harbor Insurance Co.;Spinnaker Specialty Ins Co.;GeoVera Specialty Insurance Co;Florida Farm Bureau Cas Ins Co;Universal North America Ins Co;QBE Specialty Insurance Co.;American Platinum P&C Ins Co.;Castle Key Indemnity Co.,8635450136.901237,14,37.63650469101551,3717912932.549254,58783163.55038473,1,0.9811320754716981,17531865918.62799,284212740.0,14133385213.184292,539937478.65,359958319.1,539937478.65,359958319.1,37611228202.491516,41052228202.491516,3441000000.0,1395853723.0,1395853723.0,0.0,True,26831804311.694885,17000000000.0,9831804311.694885,0.6335764752350402,12474355373.366129,4525644626.63387,2417716613.2770267,0.0,14,9464500000.0,9464500000.0,98
double_gm,baseline,,COMPOSITE,"{""double_gm"": 0.689367688555459}",321140213590.44794,221383686745.0535,99756526845.39442,31351773984.74606,87174792319.90086,0.0,75300824094.69765,27556296345.708893,31351773984.74606,87174792319.90086,29267948574.37907,70488578271.01537,23.44795852652986,8.580767895001653,9.762643436716763,27.145398997297608,9.113760076059693,21.949471068394406,75300824094.69765,27556296345.708893,29267948574.37907,37,23,14,Universal P&C Insurance Co.;Florida Family Insurance Co.;First Protective Insurance Co.;Spinnaker Insurance Co.;Cypress P&C Insurance Co.;Florida Peninsula Insurance Co;Tower Hill Insurance Exchange;Kin Interinsurance Network;Unique Insurance Co.;Heritage P&C Insurance Co.;Florida Family Home Ins Co.;US Coastal P&C Insurance Co.;TypTap Insurance Co.;Homeowners Choice P&C Ins Co.;Vault E&S Insurance Co.;Edison Insurance Co.;Safe Harbor Insurance Co.;Spinnaker Specialty Ins Co.;GeoVera Specialty Insurance Co;Florida Farm Bureau Cas Ins Co;Universal North America Ins Co;QBE Specialty Insurance Co.;Auto Club Insurance Co. of FL;American Platinum P&C Ins Co.;Privilege Underwriters Recpl;FL Farm Bureau General Ins Co.;Castle Key Insurance Co.;Homesite Insurance Co.;PURE Specialty Exchange;State Farm FL Ins Co;AIG Property Casualty Co.;Foremost P&C Insurance Co.;ASI Preferred Insurance Corp.;Nationwide P&C Insurance Co.;ACE Ins Co. of the Midwest;Castle Key Indemnity Co.;First Liberty Insurance Corp.,Universal P&C Insurance Co.;Florida Family Insurance Co.;First Protective Insurance Co.;Spinnaker Insurance Co.;Cypress P&C Insurance Co.;Florida Peninsula Insurance Co;Tower Hill Insurance Exchange;Kin Interinsurance Network;Unique Insurance Co.;Heritage P&C Insurance Co.;Florida Family Home Ins Co.;US Coastal P&C Insurance Co.;TypTap Insurance Co.;Homeowners Choice P&C Ins Co.;Vault E&S Insurance Co.;Edison Insurance Co.;Safe Harbor Insurance Co.;Spinnaker Specialty Ins Co.;GeoVera Specialty Insurance Co;Florida Farm Bureau Cas Ins Co;Universal North America Ins Co;QBE Specialty Insurance Co.;American Platinum P&C Ins Co.,9468480669.14155,14,36.189312511589605,5234588146.087782,78609335.65199065,1,0.9811320754716981,22611961837.110043,300194520.0,21675658761.394302,539937478.65,359958319.1,539937478.65,359958319.1,25826948574.37907,29267948574.37907,3441000000.0,1395853723.0,1395853723.0,0.0,True,27377512532.141407,17000000000.000002,10377512532.141405,0.6209475744022351,12309551836.028936,4690448163.971061,2575000000.0,0.0,14,9464500000.0,9464500000.0,99
double_gm,baseline,,COMPOSITE,"{""double_gm"": 0.7779321985456746}",321140213590.44794,249825312399.8447,71314901190.60323,55361218894.14665,130236822667.25058,0.0,50505981742.03866,13721289096.408781,55361218894.14665,130236822667.25058,20979074993.36477,50335826197.23846,15.7270810707155,4.272678573324867,17.238955618541485,40.554504591985605,6.532683888701498,15.674096256731037,50505981742.03866,13721289096.408781,20979074993.36477,33,20,13,Universal P&C Insurance Co.;Florida Family Insurance Co.;First Protective Insurance Co.;Cypress P&C Insurance Co.;Florida Peninsula Insurance Co;Tower Hill Insurance Exchange;Kin Interinsurance Network;Heritage P&C Insurance Co.;Florida Family Home Ins Co.;US Coastal P&C Insurance Co.;TypTap Insurance Co.;Homeowners Choice P&C Ins Co.;Vault E&S Insurance Co.;Edison Insurance Co.;Safe Harbor Insurance Co.;Spinnaker Specialty Ins Co.;GeoVera Specialty Insurance Co;Florida Farm Bureau Cas Ins Co;Universal North America Ins Co;Auto Club Insurance Co. of FL;American Platinum P&C Ins Co.;FL Farm Bureau General Ins Co.;Castle Key Insurance Co.;Homesite Insurance Co.;PURE Specialty Exchange;State Farm FL Ins Co;AIG Property Casualty Co.;Foremost P&C Insurance Co.;ASI Preferred Insurance Corp.;Nationwide P&C Insurance Co.;ACE Ins Co. of the Midwest;Castle Key Indemnity Co.;First Liberty Insurance Corp.,Universal P&C Insurance Co.;Florida Family Insurance Co.;First Protective Insurance Co.;Cypress P&C Insurance Co.;Florida Peninsula Insurance Co;Tower Hill Insurance Exchange;Kin Interinsurance Network;Heritage P&C Insurance Co.;Florida Family Home Ins Co.;US Coastal P&C Insurance Co.;TypTap Insurance Co.;Homeowners Choice P&C Ins Co.;Vault E&S Insurance Co.;Edison Insurance Co.;Safe Harbor Insurance Co.;Spinnaker Specialty Ins Co.;GeoVera Specialty Insurance Co;Florida Farm Bureau Cas Ins Co;Universal North America Ins Co;American Platinum P&C Ins Co.,4991858789.466903,13,35.50755988575808,2690036339.1377745,32112447.51289291,1,0.9811320754716981,11583816255.611109,307723320.0,8055904466.077492,539937478.65,359958319.1,539937478.65,359958319.1,17538074993.36477,20979074993.36477,3441000000.0,1395853723.0,1395853723.0,0.0,True,20396541139.805176,17000000000.0,3396541139.805176,0.8334746506025669,12446093302.863039,4553906697.136962,2199854471.2908735,0.0,14,9464500000.0,9464500000.0,100
