scenario,policy_scenario,policy_severity,events,wind_shares,total_damage_usd,wind_total_usd,water_total_usd,underinsured_wind_usd,uninsured_wind_usd,nfip_policyholder_shortfall_usd,wind_insured_private_usd,wind_insured_citizens_usd,wind_underinsured_usd,wind_uninsured_usd,flood_insured_capped_usd,flood_un_derinsured_usd,wind_insured_private_pct,wind_insured_citizens_pct,wind_underinsured_pct,wind_uninsured_pct,flood_insured_capped_pct,flood_un_derinsured_pct,insured_private_wind_pre_usd,insured_citizens_wind_pre_usd,insured_flood_pre_usd,defaults_pre,defaults_post,rescued_defaults,default_companies_pre,default_companies_post,group_contrib_total_usd,group_supported_companies,defaulted_premium_base_pct,largest_entity_deficit_usd,diag_group_shortfall_total_usd,diag_groups_with_shortfall,diag_groups_fully_funded_share,figa_residual_deficit_usd,figa_collected_usd,citizens_residual_deficit_usd,citizens_tier1_usd,citizens_tier2_usd,citizens_tier1_capacity_usd,citizens_tier2_capacity_usd,nfip_borrowed_usd,nfip_claims_paid_usd,nfip_pool_used_usd,nfip_fl_premium_base_usd,nfip_fl_premium_depletion_usd,underinsured_flood_usd,fhcf_cap_binding,fhcf_total_precap_usd,fhcf_total_postcap_usd,fhcf_shortfall_usd,fhcf_scaling_factor,fhcf_recovery_private_usd,fhcf_recovery_citizens_usd,catbond_payout_usd,catbond_unfilled_usd,catbond_triggers,catbond_limit_in_force_usd,catbond_issue_volume_year_usd,iter
double_irma,baseline,,COMPOSITE,"{""double_irma"": 0.47220584664398285}",62383714581.57704,29457954760.79017,32925759820.786873,3626311789.305275,14333305980.825506,0.0,10739129275.649437,759207715.0099511,3626311789.305275,14333305980.825506,5459810998.032866,27465948822.754005,17.21463581910668,1.216996647445803,5.812914177406463,22.976038020439347,8.751981241664053,44.02743409393765,10739129275.649437,759207715.0099511,5459810998.032866,15,11,4,Universal P&C Insurance Co.;First Protective Insurance Co.;Cypress P&C Insurance Co.;Tower Hill Insurance Exchange;Kin Interinsurance Network;US Coastal P&C Insurance Co.;TypTap Insurance Co.;Homeowners Choice P&C Ins Co.;Edison Insurance Co.;Safe Harbor Insurance Co.;GeoVera Specialty Insurance Co;FL Farm Bureau General Ins Co.;AIG Property Casualty Co.;ASI Preferred Insurance Corp.;Castle Key Indemnity Co.,Universal P&C Insurance Co.;First Protective Insurance Co.;Cypress P&C Insurance Co.;Tower Hill Insurance Exchange;Kin Interinsurance Network;US Coastal P&C Insurance Co.;TypTap Insurance Co.;Homeowners Choice P&C Ins Co.;Edison Insurance Co.;Safe Harbor Insurance Co.;GeoVera Specialty Insurance Co,384161567.8357235,4,28.09578743922402,538494916.542701,0.0,0,1.0,1091486319.1443956,389573760.0,0.0,539937478.65,147150217.0256529,539937478.65,359958319.1,2018810998.0328655,5459810998.032866,3441000000.0,1395853723.0,1395853723.0,0.0,False,23902887.626729824,23902887.626729824,0.0,1.0,23902887.626729824,0.0,1774799468.0566647,0.0,12,9464500000.0,9464500000.0,1
double_irma,baseline,,COMPOSITE,"{""double_irma"": 0.4311531843642153}",62383714581.57703,26896937194.31527,35486777387.26176,6010808251.990517,11478262722.826975,0.0,8662628145.081762,745238074.4160194,6010808251.990517,11478262722.826975,5878274510.695814,29608502876.56595,13.886040937421166,1.1946035586603252,9.635220172935343,18.399453767404708,9.422770910842441,47.46191065273603,8662628145.081762,745238074.4160194,5878274510.695814,13,9,4,Universal P&C Insurance Co.;First Protective Insurance Co.;Cypress P&C Insurance Co.;Tower Hill Insurance Exchange;Kin Interinsurance Network;Homeowners Choice P&C Ins Co.;Edison Insurance Co.;Safe Harbor Insurance Co.;GeoVera Specialty Insurance Co;FL Farm Bureau General Ins Co.;AIG Property Casualty Co.;ASI Preferred Insurance Corp.;Castle Key Indemnity Co.,Universal P&C Insurance Co.;First Protective Insurance Co.;Cypress P&C Insurance Co.;Tower Hill Insurance Exchange;Kin Interinsurance Network;Homeowners Choice P&C Ins Co.;Edison Insurance Co.;Safe Harbor Insurance Co.;GeoVera Specialty Insurance Co,253660214.52375537,4,25.91661852436198,294617847.6659286,0.0,0,1.0,452488612.455024,413638980.0,0.0,539937478.65,118846295.00848329,539937478.65,359958319.1,2437274510.695814,5878274510.695814,3441000000.0,1395853723.0,1395853723.0,0.0,False,12040980.084768789,12040980.084768789,0.0,1.0,12040980.084768789,0.0,1651238021.2384615,0.0,12,9464500000.0,9464500000.0,2
double_irma,baseline,,COMPOSITE,"{""double_irma"": 0.3946131929375212}",62383714581.57703,24617436798.339115,37766277783.237915,6795815212.426508,9083204926.5859,0.0,8050970710.641021,687445948.6856889,6795815212.426508,9083204926.5859,6250738860.53225,31515538922.70567,12.905564801071673,1.1019637950329801,10.89357255817118,14.5602181394763,10.019824729029843,50.518855977218045,8050970710.641021,687445948.6856889,6250738860.53225,12,8,4,Universal P&C Insurance Co.;First Protective Insurance Co.;Cypress P&C Insurance Co.;Tower Hill Insurance Exchange;Kin Interinsurance Network;Homeowners Choice P&C Ins Co.;Edison Insurance Co.;Safe Harbor Insurance Co.;FL Farm Bureau General Ins Co.;AIG Property Casualty Co.;ASI Preferred Insurance Corp.;Castle Key Indemnity Co.,Universal P&C Insurance Co.;First Protective Insurance Co.;Cypress P&C Insurance Co.;Tower Hill Insurance Exchange;Kin Interinsurance Network;Homeowners Choice P&C Ins Co.;Edison Insurance Co.;Safe Harbor Insurance Co.,218500887.925586,4,25.563137285625935,280853720.8624158,0.0,0,1.0,317518307.18116724,417542580.0,0.0,539937478.65,61687529.21792948,539937478.65,359958319.1,2809738860.5322504,6250738860.53225,3441000000.0,1395853723.0,1395853723.0,0.0,False,7259940.145868697,7259940.145868697,0.0,1.0,7259940.145868697,0.0,1593268526.1588132,0.0,11,9464500000.0,9464500000.0,3
double_irma,baseline,,COMPOSITE,"{""double_irma"": 0.5062202010269653}",62383714581.57704,31579896536.294758,30803818045.28228,6326118015.818889,12372392441.330767,0.0,12017316973.983326,864069105.1617732,6326118015.818889,12372392441.330767,5113091311.035119,25690726734.247158,19.263548274716303,1.3850876161467744,10.140656192485045,19.832728019348405,8.196195666336772,41.181784230966684,12017316973.983326,864069105.1617732,5113091311.035119,16,12,4,Universal P&C Insurance Co.;First Protective Insurance Co.;Cypress P&C Insurance Co.;Tower Hill Insurance Exchange;Kin Interinsurance Network;Florida Family Home Ins Co.;US Coastal P&C Insurance Co.;TypTap Insurance Co.;Homeowners Choice P&C Ins Co.;Edison Insurance Co.;Safe Harbor Insurance Co.;GeoVera Specialty Insurance Co;FL Farm Bureau General Ins Co.;AIG Property Casualty Co.;ASI Preferred Insurance Corp.;Castle Key Indemnity Co.,Universal P&C Insurance Co.;First Protective Insurance Co.;Cypress P&C Insurance Co.;Tower Hill Insurance Exchange;Kin Interinsurance Network;Florida Family Home Ins Co.;US Coastal P&C Insurance Co.;TypTap Insurance Co.;Homeowners Choice P&C Ins Co.;Edison Insurance Co.;Safe Harbor Insurance Co.;GeoVera Specialty Insurance Co,430986710.4816187,4,28.44562846231369,557726376.879179,0.0,0,1.0,1333621228.8833408,385710360.0,0.0,539937478.65,250745748.62019742,539937478.65,359958319.1,1672091311.035119,5113091311.035119,3441000000.0,1395853723.0,1395853723.0,0.0,False,47372891.787028775,47372891.787028775,0.0,1.0,47372891.787028775,0.0,1848011618.4876533,0.0,13,9464500000.0,9464500000.0,4
double_irma,baseline,,COMPOSITE,"{""double_irma"": 0.5670179808103079}",62383714581.57703,35372687877.49237,27011026704.08466,4817119020.907119,15515272437.756805,0.0,13890331143.028349,1149965275.800098,4817119020.907119,15515272437.756805,4493359213.836038,22517667490.248623,22.26595712710317,1.8433741618516932,7.72175727786767,24.870709514208265,7.202775987249408,36.0954259317198,13890331143.028349,1149965275.800098,4493359213.836038,20,14,6,Universal P&C Insurance Co.;First Protective Insurance Co.;Cypress P&C Insurance Co.;Florida Peninsula Insurance Co;Tower Hill Insurance Exchange;Kin Interinsurance Network;Heritage P&C Insurance Co.;Florida Family Home Ins Co.;US Coastal P&C Insurance Co.;TypTap Insurance Co.;Homeowners Choice P&C Ins Co.;Edison Insurance Co.;Safe Harbor Insurance Co.;GeoVera Specialty Insurance Co;FL Farm Bureau General Ins Co.;State Farm FL Ins Co;AIG Property Casualty Co.;ASI Preferred Insurance Corp.;Castle Key Indemnity Co.;First Liberty Insurance Corp.,Universal P&C Insurance Co.;First Protective Insurance Co.;Cypress P&C Insurance Co.;Florida Peninsula Insurance Co;Tower Hill Insurance Exchange;Kin Interinsurance Network;Heritage P&C Insurance Co.;Florida Family Home Ins Co.;US Coastal P&C Insurance Co.;TypTap Insurance Co.;Homeowners Choice P&C Ins Co.;Edison Insurance Co.;Safe Harbor Insurance Co.;GeoVera Specialty Insurance Co,577275588.7278857,6,33.538670472629846,864769334.3492203,0.0,0,1.0,2102584429.1888208,329466360.0,165735741.07944143,539937478.65,359958319.1,539937478.65,359958319.1,1052359213.8360376,4493359213.836038,3441000000.0,1395853723.0,1395853723.0,0.0,False,177180000.09030336,177180000.09030336,0.0,1.0,177180000.09030336,0.0,2000847740.1475732,0.0,13,9464500000.0,9464500000.0,5
double_irma,baseline,,COMPOSITE,"{""double_irma"": 0.5131875416701384}",62383714581.577034,32014545126.371086,30369169455.205948,8144503688.657369,12895391580.759602,0.0,10164415575.478182,810234281.4759338,8144503688.657369,12895391580.759602,5042070878.314036,25327098576.891907,16.293379840641784,1.2987913382689298,13.055496523867753,20.671086464235376,8.082351158683721,40.59889467430243,10164415575.478182,810234281.4759338,5042070878.314036,15,11,4,Universal P&C Insurance Co.;First Protective Insurance Co.;Cypress P&C Insurance Co.;Tower Hill Insurance Exchange;Kin Interinsurance Network;US Coastal P&C Insurance Co.;TypTap Insurance Co.;Homeowners Choice P&C Ins Co.;Edison Insurance Co.;Safe Harbor Insurance Co.;GeoVera Specialty Insurance Co;FL Farm Bureau General Ins Co.;AIG Property Casualty Co.;ASI Preferred Insurance Corp.;Castle Key Indemnity Co.,Universal P&C Insurance Co.;First Protective Insurance Co.;Cypress P&C Insurance Co.;Tower Hill Insurance Exchange;Kin Interinsurance Network;US Coastal P&C Insurance Co.;TypTap Insurance Co.;Homeowners Choice P&C Ins Co.;Edison Insurance Co.;Safe Harbor Insurance Co.;GeoVera Specialty Insurance Co,334699634.83516914,4,28.09578743922402,465138638.1071892,0.0,0,1.0,852252700.5710292,389573760.0,0.0,539937478.65,189664545.2121042,539937478.65,359958319.1,1601070878.3140364,5042070878.314036,3441000000.0,1395853723.0,1395853723.0,0.0,False,21770786.66384764,21770786.66384764,0.0,1.0,21770786.66384764,0.0,1756594808.2805517,0.0,12,9464500000.0,9464500000.0,6
double_irma,baseline,,COMPOSITE,"{""double_irma"": 0.49587527115304747}",62383714581.57704,30934541383.67384,31449173197.9032,5499073054.99345,15865984052.204475,0.0,8852459467.499565,717024808.9763489,5499073054.99345,15865984052.204475,5218540640.089352,26230632557.813847,14.190337216812424,1.149378189140565,8.814917630149294,25.432894079202473,8.365229090783373,42.04724379391187,8852459467.499565,717024808.9763489,5218540640.089352,14,10,4,Universal P&C Insurance Co.;First Protective Insurance Co.;Cypress P&C Insurance Co.;Tower Hill Insurance Exchange;Kin Interinsurance Network;TypTap Insurance Co.;Homeowners Choice P&C Ins Co.;Edison Insurance Co.;Safe Harbor Insurance Co.;GeoVera Specialty Insurance Co;FL Farm Bureau General Ins Co.;AIG Property Casualty Co.;ASI Preferred Insurance Corp.;Castle Key Indemnity Co.,Universal P&C Insurance Co.;First Protective Insurance Co.;Cypress P&C Insurance Co.;Tower Hill Insurance Exchange;Kin Interinsurance Network;TypTap Insurance Co.;Homeowners Choice P&C Ins Co.;Edison Insurance Co.;Safe Harbor Insurance Co.;GeoVera Specialty Insurance Co,296323976.8266795,4,27.73228202456624,324183193.0056298,0.0,0,1.0,518552604.8438691,393588060.0,0.0,539937478.65,95328640.20747101,539937478.65,359958319.1,1777540640.0893517,5218540640.089352,3441000000.0,1395853723.0,1395853723.0,0.0,False,10169656.246214658,10169656.246214658,0.0,1.0,10169656.246214658,0.0,1665576381.173937,0.0,12,9464500000.0,9464500000.0,7
double_irma,baseline,,COMPOSITE,"{""double_irma"": 0.4271454410565959}",62383714581.57703,26646919279.69652,35736795301.88051,4629432038.171936,11290819778.074669,0.0,9963526624.184282,763140839.2656356,4629432038.171936,11290819778.074669,5919126778.227908,29817668523.652607,15.971358376159731,1.223301376624027,7.420898337366859,18.09898601550899,9.48825637897479,47.79719951536563,9963526624.184282,763140839.2656356,5919126778.227908,15,11,4,Universal P&C Insurance Co.;First Protective Insurance Co.;Cypress P&C Insurance Co.;Tower Hill Insurance Exchange;Kin Interinsurance Network;US Coastal P&C Insurance Co.;TypTap Insurance Co.;Homeowners Choice P&C Ins Co.;Edison Insurance Co.;Safe Harbor Insurance Co.;GeoVera Specialty Insurance Co;FL Farm Bureau General Ins Co.;AIG Property Casualty Co.;ASI Preferred Insurance Corp.;Castle Key Indemnity Co.,Universal P&C Insurance Co.;First Protective Insurance Co.;Cypress P&C Insurance Co.;Tower Hill Insurance Exchange;Kin Interinsurance Network;US Coastal P&C Insurance Co.;TypTap Insurance Co.;Homeowners Choice P&C Ins Co.;Edison Insurance Co.;Safe Harbor Insurance Co.;GeoVera Specialty Insurance Co,305732817.06558,4,28.09578743922402,540132768.5207527,0.0,0,1.0,943165437.1627445,389573760.0,0.0,539937478.65,145226155.8892759,539937478.65,359958319.1,2478126778.227908,5919126778.227908,3441000000.0,1395853723.0,1395853723.0,0.0,False,59145875.33185604,59145875.33185604,0.0,1.0,59145875.33185604,0.0,1652224986.536112,0.0,12,9464500000.0,9464500000.0,8
double_irma,baseline,,COMPOSITE,"{""double_irma"": 0.5482243417396765}",62383714581.57704,34200270861.760937,28183443719.8161,6161643118.800123,11137313483.367538,0.0,15666612237.953651,1234702021.6396246,6161643118.800123,11137313483.367538,4684929060.576329,23498514659.23977,25.11330455878346,1.9792056787914531,9.877005818149469,17.852918118243274,7.509859090628545,37.66770673540378,15666612237.953651,1234702021.6396246,4684929060.576329,21,14,7,Universal P&C Insurance Co.;First Protective Insurance Co.;Cypress P&C Insurance Co.;Florida Peninsula Insurance Co;Tower Hill Insurance Exchange;Kin Interinsurance Network;Heritage P&C Insurance Co.;Florida Family Home Ins Co.;US Coastal P&C Insurance Co.;TypTap Insurance Co.;Homeowners Choice P&C Ins Co.;Edison Insurance Co.;Safe Harbor Insurance Co.;GeoVera Specialty Insurance Co;FL Farm Bureau General Ins Co.;Homesite Insurance Co.;State Farm FL Ins Co;AIG Property Casualty Co.;ASI Preferred Insurance Corp.;Castle Key Indemnity Co.;First Liberty Insurance Corp.,Universal P&C Insurance Co.;First Protective Insurance Co.;Cypress P&C Insurance Co.;Florida Peninsula Insurance Co;Tower Hill Insurance Exchange;Kin Interinsurance Network;Heritage P&C Insurance Co.;Florida Family Home Ins Co.;US Coastal P&C Insurance Co.;TypTap Insurance Co.;Homeowners Choice P&C Ins Co.;Edison Insurance Co.;Safe Harbor Insurance Co.;GeoVera Specialty Insurance Co,919522486.6129248,7,33.538670472629846,946227543.3713264,0.0,0,1.0,2730237852.687999,329466360.0,254679065.05398822,539937478.65,359958319.1,539937478.65,359958319.1,1243929060.5763292,4684929060.576329,3441000000.0,1395853723.0,1395853723.0,0.0,False,105196399.63196254,105196399.63196254,0.0,1.0,105196399.63196254,0.0,2055843767.5948496,0.0,13,9464500000.0,9464500000.0,9
double_irma,baseline,,COMPOSITE,"{""double_irma"": 0.5196297385913513}",62383714581.57704,32416433300.38235,29967281281.194687,5941995104.281982,15407406029.496483,0.0,10216708535.53358,850323631.0702974,5941995104.281982,15407406029.496483,4976403411.133818,24990877870.060867,16.377204538170844,1.3630538623319044,9.524913904432285,24.69780155420009,7.977087360879009,40.05993877998585,10216708535.53358,850323631.0702974,4976403411.133818,15,11,4,Universal P&C Insurance Co.;First Protective Insurance Co.;Cypress P&C Insurance Co.;Tower Hill Insurance Exchange;Kin Interinsurance Network;US Coastal P&C Insurance Co.;TypTap Insurance Co.;Homeowners Choice P&C Ins Co.;Edison Insurance Co.;Safe Harbor Insurance Co.;GeoVera Specialty Insurance Co;FL Farm Bureau General Ins Co.;AIG Property Casualty Co.;ASI Preferred Insurance Corp.;Castle Key Indemnity Co.,Universal P&C Insurance Co.;First Protective Insurance Co.;Cypress P&C Insurance Co.;Tower Hill Insurance Exchange;Kin Interinsurance Network;US Coastal P&C Insurance Co.;TypTap Insurance Co.;Homeowners Choice P&C Ins Co.;Edison Insurance Co.;Safe Harbor Insurance Co.;GeoVera Specialty Insurance Co,325338096.05674136,4,28.09578743922402,523071383.42198205,0.0,0,1.0,970473008.7281628,389573760.0,0.0,539937478.65,226289810.52451563,539937478.65,359958319.1,1535403411.1338177,4976403411.133818,3441000000.0,1395853723.0,1395853723.0,0.0,False,45711417.417818815,45711417.417818815,0.0,1.0,45711417.417818815,0.0,1765107286.4387808,0.0,12,9464500000.0,9464500000.0,10
double_irma,baseline,,COMPOSITE,"{""double_irma"": 0.49968572761932023}",62383714581.57704,31172251812.291325,31211462769.285713,5394506149.028919,11831075307.8259,0.0,12962711511.472986,983958843.9635203,5394506149.028919,11831075307.8259,5179699383.294379,26031763385.991333,20.778999132092547,1.5772687640727632,8.64729871443405,18.965006151332666,8.302967237580994,41.72846000048697,12962711511.472986,983958843.9635203,5179699383.294379,18,13,5,Universal P&C Insurance Co.;First Protective Insurance Co.;Cypress P&C Insurance Co.;Tower Hill Insurance Exchange;Kin Interinsurance Network;Heritage P&C Insurance Co.;Florida Family Home Ins Co.;US Coastal P&C Insurance Co.;TypTap Insurance Co.;Homeowners Choice P&C Ins Co.;Edison Insurance Co.;Safe Harbor Insurance Co.;GeoVera Specialty Insurance Co;FL Farm Bureau General Ins Co.;State Farm FL Ins Co;AIG Property Casualty Co.;ASI Preferred Insurance Corp.;Castle Key Indemnity Co.,Universal P&C Insurance Co.;First Protective Insurance Co.;Cypress P&C Insurance Co.;Tower Hill Insurance Exchange;Kin Interinsurance Network;Heritage P&C Insurance Co.;Florida Family Home Ins Co.;US Coastal P&C Insurance Co.;TypTap Insurance Co.;Homeowners Choice P&C Ins Co.;Edison Insurance Co.;Safe Harbor Insurance Co.;GeoVera Specialty Insurance Co,519985560.67595524,5,30.467154307056973,768963036.6255248,0.0,0,1.0,1737606412.823175,363386040.0,6456984.708616257,539937478.65,359958319.1,539937478.65,359958319.1,1738699383.2943792,5179699383.294379,3441000000.0,1395853723.0,1395853723.0,0.0,False,126678474.35816492,126678474.35816492,0.0,1.0,126678474.35816492,0.0,1973628822.1385145,0.0,13,9464500000.0,9464500000.0,11
double_irma,baseline,,COMPOSITE,"{""double_irma"": 0.6180858824617806}",62383714581.57703,38558493278.397896,23825221303.179134,7695129477.712948,13258980260.222992,0.0,16301531117.136831,1302852423.3251257,7695129477.712948,13258980260.222992,3972807017.6406317,19852414285.538506,26.131068382950946,2.088449577046956,12.335157547648583,21.253912738531593,6.368339949435889,31.82307180438605,16301531117.136831,1302852423.3251257,3972807017.6406317,23,15,8,Universal P&C Insurance Co.;First Protective Insurance Co.;Cypress P&C Insurance Co.;Florida Peninsula Insurance Co;Tower Hill Insurance Exchange;Kin Interinsurance Network;Heritage P&C Insurance Co.;Florida Family Home Ins Co.;US Coastal P&C Insurance Co.;TypTap Insurance Co.;Homeowners Choice P&C Ins Co.;Edison Insurance Co.;Safe Harbor Insurance Co.;GeoVera Specialty Insurance Co;Auto Club Insurance Co. of FL;American Platinum P&C Ins Co.;FL Farm Bureau General Ins Co.;State Farm FL Ins Co;AIG Property Casualty Co.;ASI Preferred Insurance Corp.;ACE Ins Co. of the Midwest;Castle Key Indemnity Co.;First Liberty Insurance Corp.,Universal P&C Insurance Co.;First Protective Insurance Co.;Cypress P&C Insurance Co.;Florida Peninsula Insurance Co;Tower Hill Insurance Exchange;Kin Interinsurance Network;Heritage P&C Insurance Co.;Florida Family Home Ins Co.;US Coastal P&C Insurance Co.;TypTap Insurance Co.;Homeowners Choice P&C Ins Co.;Edison Insurance Co.;Safe Harbor Insurance Co.;GeoVera Specialty Insurance Co;American Platinum P&C Ins Co.,942458131.5094616,8,33.69602015223382,1035839799.9779608,2520288.704722412,1,0.9811320754716981,2977834611.76159,327728700.0,321614960.61367893,539937478.65,359958319.1,539937478.65,359958319.1,531807017.6406317,3972807017.6406317,3441000000.0,1395853723.0,1395853723.0,0.0,False,145813666.12421927,145813666.12421927,0.0,1.0,145813666.12421927,0.0,2090154153.2586923,0.0,13,9464500000.0,9464500000.0,12
double_irma,baseline,,COMPOSITE,"{""double_irma"": 0.4868308872965779}",62383714581.577034,30370319122.60562,32013395458.971413,5146649081.616792,11220218755.634544,0.0,13015384531.47931,988066753.8749733,5146649081.616792,11220218755.634544,5310733068.747396,26702662390.224014,20.863433059055083,1.5838536715907043,8.249988183833933,17.98581381517808,8.513011936477001,42.80389933386519,13015384531.47931,988066753.8749733,5310733068.747396,18,13,5,Universal P&C Insurance Co.;First Protective Insurance Co.;Cypress P&C Insurance Co.;Tower Hill Insurance Exchange;Kin Interinsurance Network;Heritage P&C Insurance Co.;Florida Family Home Ins Co.;US Coastal P&C Insurance Co.;TypTap Insurance Co.;Homeowners Choice P&C Ins Co.;Edison Insurance Co.;Safe Harbor Insurance Co.;GeoVera Specialty Insurance Co;FL Farm Bureau General Ins Co.;State Farm FL Ins Co;AIG Property Casualty Co.;ASI Preferred Insurance Corp.;Castle Key Indemnity Co.,Universal P&C Insurance Co.;First Protective Insurance Co.;Cypress P&C Insurance Co.;Tower Hill Insurance Exchange;Kin Interinsurance Network;Heritage P&C Insurance Co.;Florida Family Home Ins Co.;US Coastal P&C Insurance Co.;TypTap Insurance Co.;Homeowners Choice P&C Ins Co.;Edison Insurance Co.;Safe Harbor Insurance Co.;GeoVera Specialty Insurance Co,560542364.716076,5,30.467154307056973,721439832.0784104,0.0,0,1.0,1640762960.5735154,363386040.0,11042311.646741986,539937478.65,359958319.1,539937478.65,359958319.1,1869733068.7473965,5310733068.747396,3441000000.0,1395853723.0,1395853723.0,0.0,False,39861376.449705824,39861376.449705824,0.0,1.0,39861376.449705824,0.0,1902637644.9835863,0.0,13,9464500000.0,9464500000.0,13
double_irma,baseline,,COMPOSITE,"{""double_irma"": 0.582120947021323}",62383714581.57703,36314867010.93555,26068847570.641483,5506310286.958511,14726546509.06075,0.0,15007954172.279434,1074056042.6368546,5506310286.958511,14726546509.06075,4339409629.538163,21729437941.103325,24.057487235156625,1.7216929928600977,8.826518786017623,23.60639568809798,6.955997504546907,34.83190779332079,15007954172.279434,1074056042.6368546,4339409629.538163,21,14,7,Universal P&C Insurance Co.;First Protective Insurance Co.;Cypress P&C Insurance Co.;Florida Peninsula Insurance Co;Tower Hill Insurance Exchange;Kin Interinsurance Network;Heritage P&C Insurance Co.;Florida Family Home Ins Co.;US Coastal P&C Insurance Co.;TypTap Insurance Co.;Homeowners Choice P&C Ins Co.;Edison Insurance Co.;Safe Harbor Insurance Co.;GeoVera Specialty Insurance Co;FL Farm Bureau General Ins Co.;State Farm FL Ins Co;AIG Property Casualty Co.;ASI Preferred Insurance Corp.;ACE Ins Co. of the Midwest;Castle Key Indemnity Co.;First Liberty Insurance Corp.,Universal P&C Insurance Co.;First Protective Insurance Co.;Cypress P&C Insurance Co.;Florida Peninsula Insurance Co;Tower Hill Insurance Exchange;Kin Interinsurance Network;Heritage P&C Insurance Co.;Florida Family Home Ins Co.;US Coastal P&C Insurance Co.;TypTap Insurance Co.;Homeowners Choice P&C Ins Co.;Edison Insurance Co.;Safe Harbor Insurance Co.;GeoVera Specialty Insurance Co,747860195.5271736,7,33.538670472629846,909289902.1781876,0.0,0,1.0,2457605927.276336,329466360.0,100874626.24490702,539937478.65,359958319.1,539937478.65,359958319.1,898409629.5381632,4339409629.538163,3441000000.0,1395853723.0,1395853723.0,0.0,False,107237699.26110277,107237699.26110277,0.0,1.0,107237699.26110277,0.0,2064719995.779103,0.0,13,9464500000.0,9464500000.0,14
double_irma,baseline,,COMPOSITE,"{""double_irma"": 0.4872473210059158}",62383714581.577034,30396297804.271103,31987416777.30593,4601347243.09003,14352487230.761402,0.0,10605262526.422201,837200803.9974657,4601347243.09003,14352487230.761402,5306488220.712618,26680928556.593315,17.000049768684526,1.3420182007640586,7.375878903576679,23.006785227566322,8.506207519549843,42.76906037985857,10605262526.422201,837200803.9974657,5306488220.712618,15,11,4,Universal P&C Insurance Co.;First Protective Insurance Co.;Cypress P&C Insurance Co.;Tower Hill Insurance Exchange;Kin Interinsurance Network;US Coastal P&C Insurance Co.;TypTap Insurance Co.;Homeowners Choice P&C Ins Co.;Edison Insurance Co.;Safe Harbor Insurance Co.;GeoVera Specialty Insurance Co;FL Farm Bureau General Ins Co.;AIG Property Casualty Co.;ASI Preferred Insurance Corp.;Castle Key Indemnity Co.,Universal P&C Insurance Co.;First Protective Insurance Co.;Cypress P&C Insurance Co.;Tower Hill Insurance Exchange;Kin Interinsurance Network;US Coastal P&C Insurance Co.;TypTap Insurance Co.;Homeowners Choice P&C Ins Co.;Edison Insurance Co.;Safe Harbor Insurance Co.;GeoVera Specialty Insurance Co,355686795.1916101,4,28.09578743922402,481903186.60938394,0.0,0,1.0,1041756845.5010262,389573760.0,0.0,539937478.65,217427226.16573465,539937478.65,359958319.1,1865488220.7126179,5306488220.712618,3441000000.0,1395853723.0,1395853723.0,0.0,False,12184475.236610701,12184475.236610701,0.0,1.0,12184475.236610701,0.0,1815301408.7615304,0.0,12,9464500000.0,9464500000.0,15
double_irma,baseline,,COMPOSITE,"{""double_irma"": 0.638567189974635}",62383714581.57703,39836193320.537315,22547521261.039715,9427298354.002748,15062245930.356329,0.0,14222050833.48605,1124598202.6921902,9427298354.002748,15062245930.356329,3764034202.1932125,18783487058.8465,22.797697971140156,1.8027111887054945,15.111793866771105,24.144515970846765,6.033680789032072,30.10960021350441,14222050833.48605,1124598202.6921902,3764034202.1932125,20,13,7,Universal P&C Insurance Co.;First Protective Insurance Co.;Cypress P&C Insurance Co.;Tower Hill Insurance Exchange;Kin Interinsurance Network;Heritage P&C Insurance Co.;Florida Family Home Ins Co.;US Coastal P&C Insurance Co.;TypTap Insurance Co.;Homeowners Choice P&C Ins Co.;Edison Insurance Co.;Safe Harbor Insurance Co.;GeoVera Specialty Insurance Co;FL Farm Bureau General Ins Co.;State Farm FL Ins Co;AIG Property Casualty Co.;ASI Preferred Insurance Corp.;ACE Ins Co. of the Midwest;Castle Key Indemnity Co.;First Liberty Insurance Corp.,Universal P&C Insurance Co.;First Protective Insurance Co.;Cypress P&C Insurance Co.;Tower Hill Insurance Exchange;Kin Interinsurance Network;Heritage P&C Insurance Co.;Florida Family Home Ins Co.;US Coastal P&C Insurance Co.;TypTap Insurance Co.;Homeowners Choice P&C Ins Co.;Edison Insurance Co.;Safe Harbor Insurance Co.;GeoVera Specialty Insurance Co,684349731.2331824,7,30.467154307056973,807378512.2369292,0.0,0,1.0,2006637927.3979578,363386040.0,144618290.12489963,539937478.65,359958319.1,539937478.65,359958319.1,323034202.1932125,3764034202.1932125,3441000000.0,1395853723.0,1395853723.0,0.0,False,40092377.20612662,40092377.20612662,0.0,1.0,40092377.20612662,0.0,1984460265.2121723,0.0,13,9464500000.0,9464500000.0,16
double_irma,baseline,,COMPOSITE,"{""double_irma"": 0.4286901338412865}",62383714581.577034,26743282953.49288,35640431628.08415,5816287579.042177,12037722326.797962,0.0,8244123230.20049,645149817.452251,5816287579.042177,12037722326.797962,5903381208.202229,29737050419.881927,13.215184901213176,1.0341638387188548,9.323406946914677,19.296257697281952,9.463016506467534,47.66797010940381,8244123230.20049,645149817.452251,5903381208.202229,14,10,4,Universal P&C Insurance Co.;First Protective Insurance Co.;Cypress P&C Insurance Co.;Tower Hill Insurance Exchange;Kin Interinsurance Network;TypTap Insurance Co.;Homeowners Choice P&C Ins Co.;Edison Insurance Co.;Safe Harbor Insurance Co.;GeoVera Specialty Insurance Co;FL Farm Bureau General Ins Co.;AIG Property Casualty Co.;ASI Preferred Insurance Corp.;Castle Key Indemnity Co.,Universal P&C Insurance Co.;First Protective Insurance Co.;Cypress P&C Insurance Co.;Tower Hill Insurance Exchange;Kin Interinsurance Network;TypTap Insurance Co.;Homeowners Choice P&C Ins Co.;Edison Insurance Co.;Safe Harbor Insurance Co.;GeoVera Specialty Insurance Co,249223232.039423,4,27.73228202456624,248061512.74733603,0.0,0,1.0,385704338.2726661,393588060.0,0.0,539937478.65,26053913.220464826,539937478.65,359958319.1,2462381208.2022285,5903381208.202229,3441000000.0,1395853723.0,1395853723.0,0.0,False,5653952.722713726,5653952.722713726,0.0,1.0,5653952.722713726,0.0,1607630160.832293,0.0,11,9464500000.0,9464500000.0,17
double_irma,baseline,,COMPOSITE,"{""double_irma"": 0.5307105816966761}",62383714581.57704,33107697453.988167,29276017127.588875,7996828962.288987,12560164615.841877,0.0,11476394394.432758,1074309481.4245384,7996828962.288987,12560164615.841877,4863452672.457695,24412564455.13118,18.39645886976716,1.7220992507903659,12.81877652833867,20.133723520771404,7.796029308414979,39.13291252191741,11476394394.432758,1074309481.4245384,4863452672.457695,15,11,4,Universal P&C Insurance Co.;First Protective Insurance Co.;Cypress P&C Insurance Co.;Tower Hill Insurance Exchange;Kin Interinsurance Network;US Coastal P&C Insurance Co.;TypTap Insurance Co.;Homeowners Choice P&C Ins Co.;Edison Insurance Co.;Safe Harbor Insurance Co.;GeoVera Specialty Insurance Co;FL Farm Bureau General Ins Co.;AIG Property Casualty Co.;ASI Preferred Insurance Corp.;Castle Key Indemnity Co.,Universal P&C Insurance Co.;First Protective Insurance Co.;Cypress P&C Insurance Co.;Tower Hill Insurance Exchange;Kin Interinsurance Network;US Coastal P&C Insurance Co.;TypTap Insurance Co.;Homeowners Choice P&C Ins Co.;Edison Insurance Co.;Safe Harbor Insurance Co.;GeoVera Specialty Insurance Co,423984962.68941295,4,28.09578743922402,496128143.70857775,0.0,0,1.0,1199515237.2516093,389573760.0,80587142.17315531,539937478.65,359958319.1,539937478.65,359958319.1,1422452672.457695,4863452672.457695,3441000000.0,1395853723.0,1395853723.0,0.0,False,70255209.46916221,70255209.46916221,0.0,1.0,70255209.46916221,0.0,1902127940.634165,0.0,12,9464500000.0,9464500000.0,18
double_irma,baseline,,COMPOSITE,"{""double_irma"": 0.48084763156391186}",62383714581.577034,29997061404.710396,32386653176.86664,5634938486.237579,11839548981.860878,0.0,11576107438.151756,946466498.4601833,5634938486.237579,11839548981.860878,5371722394.94479,27014930781.921852,18.55629712946009,1.5171691920052655,9.032707532779192,18.97858930214665,8.610776756360625,43.30446008724819,11576107438.151756,946466498.4601833,5371722394.94479,15,11,4,Universal P&C Insurance Co.;First Protective Insurance Co.;Cypress P&C Insurance Co.;Tower Hill Insurance Exchange;Kin Interinsurance Network;US Coastal P&C Insurance Co.;TypTap Insurance Co.;Homeowners Choice P&C Ins Co.;Edison Insurance Co.;Safe Harbor Insurance Co.;GeoVera Specialty Insurance Co;FL Farm Bureau General Ins Co.;AIG Property Casualty Co.;ASI Preferred Insurance Corp.;Castle Key Indemnity Co.,Universal P&C Insurance Co.;First Protective Insurance Co.;Cypress P&C Insurance Co.;Tower Hill Insurance Exchange;Kin Interinsurance Network;US Coastal P&C Insurance Co.;TypTap Insurance Co.;Homeowners Choice P&C Ins Co.;Edison Insurance Co.;Safe Harbor Insurance Co.;GeoVera Specialty Insurance Co,403235819.9282616,4,28.09578743922402,638706729.4352943,0.0,0,1.0,1334447988.303844,389573760.0,0.0,539937478.65,323544651.7554214,539937478.65,359958319.1,1930722394.94479,5371722394.94479,3441000000.0,1395853723.0,1395853723.0,0.0,False,90732765.74455589,90732765.74455589,0.0,1.0,90732765.74455589,0.0,1811609415.0451176,0.0,12,9464500000.0,9464500000.0,19
double_irma,baseline,,COMPOSITE,"{""double_irma"": 0.43828666003624756}",62383714581.57703,27341949904.613956,35041764676.96307,4013712024.7356386,10693600211.158272,0.0,11661956986.18641,972680682.5336372,4013712024.7356386,10693600211.158272,5805560608.0779705,29236204068.88511,18.693912448795388,1.5591900691673246,6.433909958162312,17.141653527499745,9.306211800655506,46.86512219571974,11661956986.18641,972680682.5336372,5805560608.0779705,16,12,4,Universal P&C Insurance Co.;First Protective Insurance Co.;Cypress P&C Insurance Co.;Tower Hill Insurance Exchange;Kin Interinsurance Network;Florida Family Home Ins Co.;US Coastal P&C Insurance Co.;TypTap Insurance Co.;Homeowners Choice P&C Ins Co.;Edison Insurance Co.;Safe Harbor Insurance Co.;GeoVera Specialty Insurance Co;FL Farm Bureau General Ins Co.;AIG Property Casualty Co.;ASI Preferred Insurance Corp.;Castle Key Indemnity Co.,Universal P&C Insurance Co.;First Protective Insurance Co.;Cypress P&C Insurance Co.;Tower Hill Insurance Exchange;Kin Interinsurance Network;Florida Family Home Ins Co.;US Coastal P&C Insurance Co.;TypTap Insurance Co.;Homeowners Choice P&C Ins Co.;Edison Insurance Co.;Safe Harbor Insurance Co.;GeoVera Specialty Insurance Co,435695245.0945102,4,28.44562846231369,586407162.0542933,0.0,0,1.0,1289445444.025903,385710360.0,0.0,539937478.65,348541209.46821284,539937478.65,359958319.1,2364560608.0779705,5805560608.0779705,3441000000.0,1395853723.0,1395853723.0,0.0,False,43226368.758610435,43226368.758610435,0.0,1.0,43226368.758610435,0.0,1873152910.10595,0.0,13,9464500000.0,9464500000.0,20
double_irma,baseline,,COMPOSITE,"{""double_irma"": 0.569917816672079}",62383714581.57703,35553590410.226524,26830124171.350506,5774163753.565969,16003401940.143183,0.0,12767832809.108238,1008191907.4091401,5774163753.565969,16003401940.143183,4463800217.330692,22366323954.019814,20.466611991198736,1.6161139396256412,9.25588319370642,25.653172542677122,7.155393434441187,35.8528248983509,12767832809.108238,1008191907.4091401,4463800217.330692,17,12,5,Universal P&C Insurance Co.;First Protective Insurance Co.;Cypress P&C Insurance Co.;Tower Hill Insurance Exchange;Kin Interinsurance Network;Florida Family Home Ins Co.;US Coastal P&C Insurance Co.;TypTap Insurance Co.;Homeowners Choice P&C Ins Co.;Edison Insurance Co.;Safe Harbor Insurance Co.;GeoVera Specialty Insurance Co;FL Farm Bureau General Ins Co.;AIG Property Casualty Co.;ASI Preferred Insurance Corp.;Castle Key Indemnity Co.;First Liberty Insurance Corp.,Universal P&C Insurance Co.;First Protective Insurance Co.;Cypress P&C Insurance Co.;Tower Hill Insurance Exchange;Kin Interinsurance Network;Florida Family Home Ins Co.;US Coastal P&C Insurance Co.;TypTap Insurance Co.;Homeowners Choice P&C Ins Co.;Edison Insurance Co.;Safe Harbor Insurance Co.;GeoVera Specialty Insurance Co,489900945.96762806,5,28.44562846231369,749288679.4554195,0.0,0,1.0,1765148408.582178,385710360.0,28213319.476460457,539937478.65,359958319.1,539937478.65,359958319.1,1022800217.3306923,4463800217.330692,3441000000.0,1395853723.0,1395853723.0,0.0,False,53610992.30574036,53610992.30574036,0.0,1.0,53610992.30574036,0.0,1865741081.6158822,0.0,13,9464500000.0,9464500000.0,21
double_irma,baseline,,COMPOSITE,"{""double_irma"": 0.4671793332451178}",62383714581.57704,29144382183.574894,33239332398.002144,4012663619.103257,8251562414.367174,0.0,15742341220.083658,1137814930.020804,4012663619.103257,8251562414.367174,5511047929.732984,27728284468.269157,25.234696788531146,1.8238973707359514,6.4322293823270735,13.227109782917607,8.834113144266803,44.44795353122141,15742341220.083658,1137814930.020804,5511047929.732984,22,14,8,Universal P&C Insurance Co.;First Protective Insurance Co.;Cypress P&C Insurance Co.;Florida Peninsula Insurance Co;Tower Hill Insurance Exchange;Kin Interinsurance Network;Heritage P&C Insurance Co.;Florida Family Home Ins Co.;US Coastal P&C Insurance Co.;TypTap Insurance Co.;Homeowners Choice P&C Ins Co.;Edison Insurance Co.;Safe Harbor Insurance Co.;GeoVera Specialty Insurance Co;Auto Club Insurance Co. of FL;FL Farm Bureau General Ins Co.;State Farm FL Ins Co;AIG Property Casualty Co.;ASI Preferred Insurance Corp.;ACE Ins Co. of the Midwest;Castle Key Indemnity Co.;First Liberty Insurance Corp.,Universal P&C Insurance Co.;First Protective Insurance Co.;Cypress P&C Insurance Co.;Florida Peninsula Insurance Co;Tower Hill Insurance Exchange;Kin Interinsurance Network;Heritage P&C Insurance Co.;Florida Family Home Ins Co.;US Coastal P&C Insurance Co.;TypTap Insurance Co.;Homeowners Choice P&C Ins Co.;Edison Insurance Co.;Safe Harbor Insurance Co.;GeoVera Specialty Insurance Co,898453003.8830822,8,33.538670472629846,1012465160.4526372,0.0,0,1.0,2809190386.1347194,329466360.0,163803913.08669865,539937478.65,359958319.1,539937478.65,359958319.1,2070047929.7329836,5511047929.732984,3441000000.0,1395853723.0,1395853723.0,0.0,False,146504312.12068406,146504312.12068406,0.0,1.0,146504312.12068406,0.0,2069630354.137784,0.0,13,9464500000.0,9464500000.0,22
double_irma,baseline,,COMPOSITE,"{""double_irma"": 0.36177356316298676}",62383714581.57704,22568778707.5199,39814935874.05714,3741235047.912446,9628628057.85764,0.0,8615785466.328606,583130135.4212106,3741235047.912446,9628628057.85764,6585484186.824408,33229451687.23273,13.810952945198604,0.934747376510694,5.99713414471362,15.43452184987576,10.556415614227005,53.26622806947432,8615785466.328606,583130135.4212106,6585484186.824408,15,11,4,Universal P&C Insurance Co.;First Protective Insurance Co.;Cypress P&C Insurance Co.;Tower Hill Insurance Exchange;Kin Interinsurance Network;US Coastal P&C Insurance Co.;TypTap Insurance Co.;Homeowners Choice P&C Ins Co.;Edison Insurance Co.;Safe Harbor Insurance Co.;GeoVera Specialty Insurance Co;FL Farm Bureau General Ins Co.;AIG Property Casualty Co.;ASI Preferred Insurance Corp.;Castle Key Indemnity Co.,Universal P&C Insurance Co.;First Protective Insurance Co.;Cypress P&C Insurance Co.;Tower Hill Insurance Exchange;Kin Interinsurance Network;US Coastal P&C Insurance Co.;TypTap Insurance Co.;Homeowners Choice P&C Ins Co.;Edison Insurance Co.;Safe Harbor Insurance Co.;GeoVera Specialty Insurance Co,254951946.00231898,4,28.09578743922402,299671336.4301969,0.0,0,1.0,452943804.53674936,389573760.0,0.0,513670593.9011548,0.0,539937478.65,359958319.1,3144484186.8244076,6585484186.824408,3441000000.0,1395853723.0,1395853723.0,0.0,False,48094365.39610682,48094365.39610682,0.0,1.0,48094365.39610682,0.0,1685330196.2630172,0.0,11,9464500000.0,9464500000.0,23
double_irma,baseline,,COMPOSITE,"{""double_irma"": 0.501166483839993}",62383714581.577034,31264626885.72666,31119087695.850372,4216246153.4168425,12612423473.735931,0.0,13278088910.238459,1157868348.3354306,4216246153.4168425,12612423473.735931,5164605540.04306,25954482155.807312,21.284543569259824,1.856042648472505,6.758568613132844,20.217493553134126,8.278772071658997,41.6045795443417,13278088910.238459,1157868348.3354306,5164605540.04306,19,13,6,Universal P&C Insurance Co.;First Protective Insurance Co.;Cypress P&C Insurance Co.;Tower Hill Insurance Exchange;Kin Interinsurance Network;Heritage P&C Insurance Co.;Florida Family Home Ins Co.;US Coastal P&C Insurance Co.;TypTap Insurance Co.;Homeowners Choice P&C Ins Co.;Edison Insurance Co.;Safe Harbor Insurance Co.;GeoVera Specialty Insurance Co;FL Farm Bureau General Ins Co.;State Farm FL Ins Co;AIG Property Casualty Co.;ASI Preferred Insurance Corp.;Castle Key Indemnity Co.;First Liberty Insurance Corp.,Universal P&C Insurance Co.;First Protective Insurance Co.;Cypress P&C Insurance Co.;Tower Hill Insurance Exchange;Kin Interinsurance Network;Heritage P&C Insurance Co.;Florida Family Home Ins Co.;US Coastal P&C Insurance Co.;TypTap Insurance Co.;Homeowners Choice P&C Ins Co.;Edison Insurance Co.;Safe Harbor Insurance Co.;GeoVera Specialty Insurance Co,522132834.88100827,6,30.467154307056973,812337063.3035035,0.0,0,1.0,1868370336.4681244,363386040.0,170052929.71394658,539937478.65,359958319.1,539937478.65,359958319.1,1723605540.0430603,5164605540.04306,3441000000.0,1395853723.0,1395853723.0,0.0,False,81067108.05273937,81067108.05273937,0.0,1.0,81067108.05273937,0.0,2003466515.3925292,0.0,13,9464500000.0,9464500000.0,24
double_irma,baseline,,COMPOSITE,"{""double_irma"": 0.5250844370689255}",62383714581.577034,32756717653.335903,29626996928.24113,4342875941.787754,12310002398.992035,0.0,15027088955.581455,1076750356.9746578,4342875941.787754,12310002398.992035,4920801845.761824,24706195082.47931,24.088159957084713,1.726011931473924,6.961553942269219,19.732717876064704,7.887959027074383,39.603597266033056,15027088955.581455,1076750356.9746578,4920801845.761824,22,15,7,Universal P&C Insurance Co.;First Protective Insurance Co.;Cypress P&C Insurance Co.;Florida Peninsula Insurance Co;Tower Hill Insurance Exchange;Kin Interinsurance Network;Heritage P&C Insurance Co.;Florida Family Home Ins Co.;US Coastal P&C Insurance Co.;TypTap Insurance Co.;Homeowners Choice P&C Ins Co.;Edison Insurance Co.;Safe Harbor Insurance Co.;GeoVera Specialty Insurance Co;Auto Club Insurance Co. of FL;American Platinum P&C Ins Co.;FL Farm Bureau General Ins Co.;State Farm FL Ins Co;AIG Property Casualty Co.;ASI Preferred Insurance Corp.;Castle Key Indemnity Co.;First Liberty Insurance Corp.,Universal P&C Insurance Co.;First Protective Insurance Co.;Cypress P&C Insurance Co.;Florida Peninsula Insurance Co;Tower Hill Insurance Exchange;Kin Interinsurance Network;Heritage P&C Insurance Co.;Florida Family Home Ins Co.;US Coastal P&C Insurance Co.;TypTap Insurance Co.;Homeowners Choice P&C Ins Co.;Edison Insurance Co.;Safe Harbor Insurance Co.;GeoVera Specialty Insurance Co;American Platinum P&C Ins Co.,822792327.023271,7,33.69602015223382,817979517.6714997,412448.88685483113,1,0.9811320754716981,2353837822.4443583,327728700.0,103548661.1292305,539937478.65,359958319.1,539937478.65,359958319.1,1479801845.7618237,4920801845.761824,3441000000.0,1395853723.0,1395853723.0,0.0,False,93423785.35600272,93423785.35600272,0.0,1.0,93423785.35600272,0.0,2047989370.2213254,0.0,13,9464500000.0,9464500000.0,25
double_irma,baseline,,COMPOSITE,"{""double_irma"": 0.4348700375201555}",62383714581.577034,27128808300.737083,35254906280.83995,3507155778.064348,10920031200.00495,0.0,11810076769.21621,891544553.4515779,3507155778.064348,10920031200.00495,5840387383.739528,29414518897.10042,18.931345862344536,1.4291302777197339,5.621909181887784,17.50461843006351,9.362038511032,47.150957736952435,11810076769.21621,891544553.4515779,5840387383.739528,16,12,4,Universal P&C Insurance Co.;First Protective Insurance Co.;Cypress P&C Insurance Co.;Tower Hill Insurance Exchange;Kin Interinsurance Network;Florida Family Home Ins Co.;US Coastal P&C Insurance Co.;TypTap Insurance Co.;Homeowners Choice P&C Ins Co.;Edison Insurance Co.;Safe Harbor Insurance Co.;GeoVera Specialty Insurance Co;FL Farm Bureau General Ins Co.;AIG Property Casualty Co.;ASI Preferred Insurance Corp.;Castle Key Indemnity Co.,Universal P&C Insurance Co.;First Protective Insurance Co.;Cypress P&C Insurance Co.;Tower Hill Insurance Exchange;Kin Interinsurance Network;Florida Family Home Ins Co.;US Coastal P&C Insurance Co.;TypTap Insurance Co.;Homeowners Choice P&C Ins Co.;Edison Insurance Co.;Safe Harbor Insurance Co.;GeoVera Specialty Insurance Co,412161589.5144743,4,28.44562846231369,638746713.0830191,0.0,0,1.0,1235566291.04462,385710360.0,0.0,539937478.65,274847693.7527478,539937478.65,359958319.1,2399387383.7395277,5840387383.739528,3441000000.0,1395853723.0,1395853723.0,0.0,False,41493661.60672779,41493661.60672779,0.0,1.0,41493661.60672779,0.0,1860205119.3458629,0.0,12,9464500000.0,9464500000.0,26
double_irma,baseline,,COMPOSITE,"{""double_irma"": 0.5172083149798645}",62383714581.577034,32265375900.922264,30118338680.65477,7112555963.38272,12935006231.250668,0.0,11306234048.828247,911579657.4606329,7112555963.38272,12935006231.250668,5001085791.613857,25117252889.04091,18.123694821095455,1.461246197945766,11.401302424981244,20.734588053963996,8.016652783755141,40.2625157182584,11306234048.828247,911579657.4606329,5001085791.613857,15,11,4,Universal P&C Insurance Co.;First Protective Insurance Co.;Cypress P&C Insurance Co.;Tower Hill Insurance Exchange;Kin Interinsurance Network;US Coastal P&C Insurance Co.;TypTap Insurance Co.;Homeowners Choice P&C Ins Co.;Edison Insurance Co.;Safe Harbor Insurance Co.;GeoVera Specialty Insurance Co;FL Farm Bureau General Ins Co.;AIG Property Casualty Co.;ASI Preferred Insurance Corp.;Castle Key Indemnity Co.,Universal P&C Insurance Co.;First Protective Insurance Co.;Cypress P&C Insurance Co.;Tower Hill Insurance Exchange;Kin Interinsurance Network;US Coastal P&C Insurance Co.;TypTap Insurance Co.;Homeowners Choice P&C Ins Co.;Edison Insurance Co.;Safe Harbor Insurance Co.;GeoVera Specialty Insurance Co,419399937.5885807,4,28.09578743922402,590492082.7934073,0.0,0,1.0,1229874556.9870281,389573760.0,0.0,539937478.65,290215706.3585354,539937478.65,359958319.1,1560085791.6138573,5001085791.613857,3441000000.0,1395853723.0,1395853723.0,0.0,False,15125849.257775636,15125849.257775636,0.0,1.0,15125849.257775636,0.0,1808603234.2120132,0.0,12,9464500000.0,9464500000.0,27
double_irma,baseline,,COMPOSITE,"{""double_irma"": 0.46167563313021753}",62383714581.577034,28801040926.464367,33582673655.112667,3232512724.0540605,11294362999.968367,0.0,13255994199.37249,1018171003.0694505,3232512724.0540605,11294362999.968367,5567148985.178044,28015524669.934624,21.24912613537638,1.632110254893564,5.181661184710338,18.104665738041483,8.924042151895389,44.90839453508285,13255994199.37249,1018171003.0694505,5567148985.178044,17,12,5,Universal P&C Insurance Co.;First Protective Insurance Co.;Cypress P&C Insurance Co.;Tower Hill Insurance Exchange;Kin Interinsurance Network;Florida Family Home Ins Co.;US Coastal P&C Insurance Co.;TypTap Insurance Co.;Homeowners Choice P&C Ins Co.;Edison Insurance Co.;Safe Harbor Insurance Co.;GeoVera Specialty Insurance Co;FL Farm Bureau General Ins Co.;State Farm FL Ins Co;AIG Property Casualty Co.;ASI Preferred Insurance Corp.;Castle Key Indemnity Co.,Universal P&C Insurance Co.;First Protective Insurance Co.;Cypress P&C Insurance Co.;Tower Hill Insurance Exchange;Kin Interinsurance Network;Florida Family Home Ins Co.;US Coastal P&C Insurance Co.;TypTap Insurance Co.;Homeowners Choice P&C Ins Co.;Edison Insurance Co.;Safe Harbor Insurance Co.;GeoVera Specialty Insurance Co,621097820.218249,5,28.44562846231369,779745402.5591025,0.0,0,1.0,1756876451.540429,385710360.0,40157294.126226425,539937478.65,359958319.1,539937478.65,359958319.1,2126148985.1780443,5567148985.178044,3441000000.0,1395853723.0,1395853723.0,0.0,False,67354288.09726961,67354288.09726961,0.0,1.0,67354288.09726961,0.0,1970368964.8276684,0.0,13,9464500000.0,9464500000.0,28
double_irma,baseline,,COMPOSITE,"{""double_irma"": 0.6298393635302484}",62383714581.57704,39291719086.713165,23091995494.863876,7088912422.360155,17874813597.962715,0.0,13215030074.642353,1112962991.7479312,7088912422.360155,17874813597.962715,3852999855.3082504,19238995639.555622,21.18346136211801,1.7840601496926698,11.363402243529803,28.653012597684345,6.176291170141552,30.839772476833595,13215030074.642353,1112962991.7479312,3852999855.3082504,20,14,6,Universal P&C Insurance Co.;First Protective Insurance Co.;Cypress P&C Insurance Co.;Florida Peninsula Insurance Co;Tower Hill Insurance Exchange;Kin Interinsurance Network;Heritage P&C Insurance Co.;Florida Family Home Ins Co.;US Coastal P&C Insurance Co.;TypTap Insurance Co.;Homeowners Choice P&C Ins Co.;Edison Insurance Co.;Safe Harbor Insurance Co.;GeoVera Specialty Insurance Co;FL Farm Bureau General Ins Co.;State Farm FL Ins Co;AIG Property Casualty Co.;ASI Preferred Insurance Corp.;Castle Key Indemnity Co.;First Liberty Insurance Corp.,Universal P&C Insurance Co.;First Protective Insurance Co.;Cypress P&C Insurance Co.;Florida Peninsula Insurance Co;Tower Hill Insurance Exchange;Kin Interinsurance Network;Heritage P&C Insurance Co.;Florida Family Home Ins Co.;US Coastal P&C Insurance Co.;TypTap Insurance Co.;Homeowners Choice P&C Ins Co.;Edison Insurance Co.;Safe Harbor Insurance Co.;GeoVera Specialty Insurance Co,570888225.2856772,6,33.538670472629846,683643086.358032,0.0,0,1.0,1816715097.2921104,329466360.0,128178881.14360142,539937478.65,359958319.1,539937478.65,359958319.1,411999855.3082504,3852999855.3082504,3441000000.0,1395853723.0,1395853723.0,0.0,False,37101656.08507521,37101656.08507521,0.0,1.0,37101656.08507521,0.0,1950251138.9935353,0.0,13,9464500000.0,9464500000.0,29
double_irma,baseline,,COMPOSITE,"{""double_irma"": 0.41962583355811844}",62383714581.57704,26177818231.746014,36205896349.831024,5029065224.039751,11470056294.22788,0.0,8911395385.515793,767301327.9625907,5029065224.039751,11470056294.22788,5995776651.656712,30210119698.174305,14.284810459407105,1.229970567012673,8.061503323056236,18.386299006335832,9.61112478131811,48.42629186287002,8911395385.515793,767301327.9625907,5995776651.656712,15,11,4,Universal P&C Insurance Co.;First Protective Insurance Co.;Cypress P&C Insurance Co.;Tower Hill Insurance Exchange;Kin Interinsurance Network;US Coastal P&C Insurance Co.;TypTap Insurance Co.;Homeowners Choice P&C Ins Co.;Edison Insurance Co.;Safe Harbor Insurance Co.;GeoVera Specialty Insurance Co;FL Farm Bureau General Ins Co.;AIG Property Casualty Co.;ASI Preferred Insurance Corp.;Castle Key Indemnity Co.,Universal P&C Insurance Co.;First Protective Insurance Co.;Cypress P&C Insurance Co.;Tower Hill Insurance Exchange;Kin Interinsurance Network;US Coastal P&C Insurance Co.;TypTap Insurance Co.;Homeowners Choice P&C Ins Co.;Edison Insurance Co.;Safe Harbor Insurance Co.;GeoVera Specialty Insurance Co,273464618.8331945,4,28.09578743922402,267483403.73473632,0.0,0,1.0,513895089.8416079,389573760.0,0.0,539937478.65,140763806.84014463,539937478.65,359958319.1,2554776651.6567116,5995776651.656712,3441000000.0,1395853723.0,1395853723.0,0.0,False,20982656.983178996,20982656.983178996,0.0,1.0,20982656.983178996,0.0,1670550114.238108,0.0,11,9464500000.0,9464500000.0,30
double_irma,baseline,,COMPOSITE,"{""double_irma"": 0.3801576300952032}",62383714581.57703,23715645091.8679,38668069489.70913,3133979986.560929,12162536615.977983,0.0,7846357679.305343,572770810.0236437,3133979986.560929,12162536615.977983,6398089245.832297,32269980243.87684,12.577573701618766,0.918141559644787,5.023714935189907,19.496332813066868,10.256024811516694,51.728212178963,7846357679.305343,572770810.0236437,6398089245.832297,12,8,4,Universal P&C Insurance Co.;First Protective Insurance Co.;Cypress P&C Insurance Co.;Tower Hill Insurance Exchange;Kin Interinsurance Network;Homeowners Choice P&C Ins Co.;Edison Insurance Co.;Safe Harbor Insurance Co.;FL Farm Bureau General Ins Co.;AIG Property Casualty Co.;ASI Preferred Insurance Corp.;Castle Key Indemnity Co.,Universal P&C Insurance Co.;First Protective Insurance Co.;Cypress P&C Insurance Co.;Tower Hill Insurance Exchange;Kin Interinsurance Network;Homeowners Choice P&C Ins Co.;Edison Insurance Co.;Safe Harbor Insurance Co.,214197272.98699358,4,25.563137285625935,264406738.6324495,0.0,0,1.0,281097552.36089265,417542580.0,0.0,498567071.89853084,0.0,539937478.65,359958319.1,2957089245.8322973,6398089245.832297,3441000000.0,1395853723.0,1395853723.0,0.0,False,5533720.381865547,5533720.381865547,0.0,1.0,5533720.381865547,0.0,1549515128.7634888,0.0,11,9464500000.0,9464500000.0,31
double_irma,baseline,,COMPOSITE,"{""double_irma"": 0.6730707500804888}",62383714581.57703,41988653566.22918,20395061015.347847,7227556202.271484,16146571480.52981,0.0,17245383115.724117,1369142767.7037706,7227556202.271484,16146571480.52981,3412327877.6952615,16982733137.652588,27.64404657752934,2.1947118360728424,11.585645790329234,25.88267080411747,5.469901721278681,27.223023270672435,17245383115.724117,1369142767.7037706,3412327877.6952615,23,15,8,Universal P&C Insurance Co.;First Protective Insurance Co.;Cypress P&C Insurance Co.;Florida Peninsula Insurance Co;Tower Hill Insurance Exchange;Kin Interinsurance Network;Heritage P&C Insurance Co.;Florida Family Home Ins Co.;US Coastal P&C Insurance Co.;TypTap Insurance Co.;Homeowners Choice P&C Ins Co.;Edison Insurance Co.;Safe Harbor Insurance Co.;GeoVera Specialty Insurance Co;Auto Club Insurance Co. of FL;American Platinum P&C Ins Co.;FL Farm Bureau General Ins Co.;State Farm FL Ins Co;AIG Property Casualty Co.;ASI Preferred Insurance Corp.;ACE Ins Co. of the Midwest;Castle Key Indemnity Co.;First Liberty Insurance Corp.,Universal P&C Insurance Co.;First Protective Insurance Co.;Cypress P&C Insurance Co.;Florida Peninsula Insurance Co;Tower Hill Insurance Exchange;Kin Interinsurance Network;Heritage P&C Insurance Co.;Florida Family Home Ins Co.;US Coastal P&C Insurance Co.;TypTap Insurance Co.;Homeowners Choice P&C Ins Co.;Edison Insurance Co.;Safe Harbor Insurance Co.;GeoVera Specialty Insurance Co;American Platinum P&C Ins Co.,1015399776.4696287,8,33.69602015223382,1140892971.1942942,173337.6184930429,1,0.9811320754716981,3322872495.5421185,327728700.0,386800748.9667671,539937478.65,359958319.1,539937478.65,359958319.1,0.0,3412327877.6952615,3412327877.6952615,1395853723.0,1395853723.0,0.0,False,513446186.4898848,513446186.4898848,0.0,1.0,513446186.4898848,0.0,2104261440.4429164,0.0,13,9464500000.0,9464500000.0,32
double_irma,baseline,,COMPOSITE,"{""double_irma"": 0.4860254382691508}",62383714581.57704,30320072220.3686,32063642361.208443,4686383312.959139,15841338167.967148,0.0,9063076972.568098,729273766.8742115,4686383312.959139,15841338167.967148,5318943279.987565,26744699081.220875,14.527953382315225,1.1690130537522982,7.5121902316844515,25.393387159163105,8.526172761053152,42.87128341203176,9063076972.568098,729273766.8742115,5318943279.987565,14,10,4,Universal P&C Insurance Co.;First Protective Insurance Co.;Cypress P&C Insurance Co.;Tower Hill Insurance Exchange;Kin Interinsurance Network;TypTap Insurance Co.;Homeowners Choice P&C Ins Co.;Edison Insurance Co.;Safe Harbor Insurance Co.;GeoVera Specialty Insurance Co;FL Farm Bureau General Ins Co.;AIG Property Casualty Co.;ASI Preferred Insurance Corp.;Castle Key Indemnity Co.,Universal P&C Insurance Co.;First Protective Insurance Co.;Cypress P&C Insurance Co.;Tower Hill Insurance Exchange;Kin Interinsurance Network;TypTap Insurance Co.;Homeowners Choice P&C Ins Co.;Edison Insurance Co.;Safe Harbor Insurance Co.;GeoVera Specialty Insurance Co,248058034.76632905,4,27.73228202456624,324076083.8919275,0.0,0,1.0,549030874.6209183,393588060.0,0.0,539937478.65,108054199.7985152,539937478.65,359958319.1,1877943279.987565,5318943279.987565,3441000000.0,1395853723.0,1395853723.0,0.0,False,12724978.232303686,12724978.232303686,0.0,1.0,12724978.232303686,0.0,1623934084.5187988,0.0,12,9464500000.0,9464500000.0,33
double_irma,baseline,,COMPOSITE,"{""double_irma"": 0.5803306095935622}",62383714581.577034,36203179111.8374,26180535469.73963,5865156629.132594,16366225060.317522,0.0,12899992817.368784,1071804605.0185015,5865156629.132594,16366225060.317522,4357659137.54247,21822876332.197166,20.67846216579474,1.718083977857618,9.401743176839735,26.234771638864135,6.985251145704235,34.98168789493954,12899992817.368784,1071804605.0185015,4357659137.54247,19,13,6,Universal P&C Insurance Co.;First Protective Insurance Co.;Cypress P&C Insurance Co.;Tower Hill Insurance Exchange;Kin Interinsurance Network;Heritage P&C Insurance Co.;Florida Family Home Ins Co.;US Coastal P&C Insurance Co.;TypTap Insurance Co.;Homeowners Choice P&C Ins Co.;Edison Insurance Co.;Safe Harbor Insurance Co.;GeoVera Specialty Insurance Co;FL Farm Bureau General Ins Co.;State Farm FL Ins Co;AIG Property Casualty Co.;ASI Preferred Insurance Corp.;Castle Key Indemnity Co.;First Liberty Insurance Corp.,Universal P&C Insurance Co.;First Protective Insurance Co.;Cypress P&C Insurance Co.;Tower Hill Insurance Exchange;Kin Interinsurance Network;Heritage P&C Insurance Co.;Florida Family Home Ins Co.;US Coastal P&C Insurance Co.;TypTap Insurance Co.;Homeowners Choice P&C Ins Co.;Edison Insurance Co.;Safe Harbor Insurance Co.;GeoVera Specialty Insurance Co,461122727.3332553,6,30.467154307056973,717289126.8066161,0.0,0,1.0,1654333695.4890714,363386040.0,87997129.00398052,539937478.65,359958319.1,539937478.65,359958319.1,916659137.54247,4357659137.54247,3441000000.0,1395853723.0,1395853723.0,0.0,False,49217828.78946119,49217828.78946119,0.0,1.0,49217828.78946119,0.0,1955645727.0957108,0.0,13,9464500000.0,9464500000.0,34
double_irma,baseline,,COMPOSITE,"{""double_irma"": 0.4496314833316173}",62383714581.57704,28049682123.05073,34334032458.526306,4181844300.8593807,13350581119.651964,0.0,9774987773.30663,742268929.232756,4181844300.8593807,13350581119.651964,5689919031.062376,28644113427.46393,15.669133905971908,1.1898440710229212,6.703423047037263,21.400747309129642,9.120840381541989,45.91601128529627,9774987773.30663,742268929.232756,5689919031.062376,15,11,4,Universal P&C Insurance Co.;First Protective Insurance Co.;Cypress P&C Insurance Co.;Tower Hill Insurance Exchange;Kin Interinsurance Network;US Coastal P&C Insurance Co.;TypTap Insurance Co.;Homeowners Choice P&C Ins Co.;Edison Insurance Co.;Safe Harbor Insurance Co.;GeoVera Specialty Insurance Co;FL Farm Bureau General Ins Co.;AIG Property Casualty Co.;ASI Preferred Insurance Corp.;Castle Key Indemnity Co.,Universal P&C Insurance Co.;First Protective Insurance Co.;Cypress P&C Insurance Co.;Tower Hill Insurance Exchange;Kin Interinsurance Network;US Coastal P&C Insurance Co.;TypTap Insurance Co.;Homeowners Choice P&C Ins Co.;Edison Insurance Co.;Safe Harbor Insurance Co.;GeoVera Specialty Insurance Co,302570555.8148867,4,28.09578743922402,349357381.8647448,0.0,0,1.0,702345886.3044457,389573760.0,0.0,539937478.65,125241709.48281777,539937478.65,359958319.1,2248919031.062376,5689919031.062376,3441000000.0,1395853723.0,1395853723.0,0.0,False,22045260.399087477,22045260.399087477,0.0,1.0,22045260.399087477,0.0,1772076556.3756485,0.0,12,9464500000.0,9464500000.0,35
double_irma,baseline,,COMPOSITE,"{""double_irma"": 0.6394035946419542}",62383714581.57704,39888371350.578064,22495343230.998978,8109235774.140824,20483041918.60204,0.0,10445387801.235392,850705856.5998001,8109235774.140824,20483041918.60204,3755508449.765542,18739834781.233437,16.743773389089096,1.3636665631498446,12.99896267564615,32.83395683631033,6.020014157468281,30.039626378336287,10445387801.235392,850705856.5998001,3755508449.765542,15,11,4,Universal P&C Insurance Co.;First Protective Insurance Co.;Cypress P&C Insurance Co.;Tower Hill Insurance Exchange;Kin Interinsurance Network;US Coastal P&C Insurance Co.;TypTap Insurance Co.;Homeowners Choice P&C Ins Co.;Edison Insurance Co.;Safe Harbor Insurance Co.;GeoVera Specialty Insurance Co;FL Farm Bureau General Ins Co.;AIG Property Casualty Co.;ASI Preferred Insurance Corp.;Castle Key Indemnity Co.,Universal P&C Insurance Co.;First Protective Insurance Co.;Cypress P&C Insurance Co.;Tower Hill Insurance Exchange;Kin Interinsurance Network;US Coastal P&C Insurance Co.;TypTap Insurance Co.;Homeowners Choice P&C Ins Co.;Edison Insurance Co.;Safe Harbor Insurance Co.;GeoVera Specialty Insurance Co,337475735.1605163,4,28.09578743922402,426568203.9814664,0.0,0,1.0,865835518.6942129,389573760.0,0.0,539937478.65,228511824.80417168,539937478.65,359958319.1,314508449.76554203,3755508449.765542,3441000000.0,1395853723.0,1395853723.0,0.0,False,23199909.757437743,23199909.757437743,0.0,1.0,23199909.757437743,0.0,1777006497.6208818,0.0,12,9464500000.0,9464500000.0,36
double_irma,baseline,,COMPOSITE,"{""double_irma"": 0.5067299186369272}",62383714581.57703,31611694614.191822,30772019967.38521,4230392205.8539004,14147540899.446705,0.0,12354063565.489643,879697943.4015753,4230392205.8539004,14147540899.446705,5107895589.011605,25664124378.373604,19.80334715294111,1.4101403696492372,6.781244487007844,22.67825985409454,8.187867015088028,41.139141121219254,12354063565.489643,879697943.4015753,5107895589.011605,18,13,5,Universal P&C Insurance Co.;First Protective Insurance Co.;Cypress P&C Insurance Co.;Tower Hill Insurance Exchange;Kin Interinsurance Network;Heritage P&C Insurance Co.;Florida Family Home Ins Co.;US Coastal P&C Insurance Co.;TypTap Insurance Co.;Homeowners Choice P&C Ins Co.;Edison Insurance Co.;Safe Harbor Insurance Co.;GeoVera Specialty Insurance Co;FL Farm Bureau General Ins Co.;AIG Property Casualty Co.;ASI Preferred Insurance Corp.;Castle Key Indemnity Co.;First Liberty Insurance Corp.,Universal P&C Insurance Co.;First Protective Insurance Co.;Cypress P&C Insurance Co.;Tower Hill Insurance Exchange;Kin Interinsurance Network;Heritage P&C Insurance Co.;Florida Family Home Ins Co.;US Coastal P&C Insurance Co.;TypTap Insurance Co.;Homeowners Choice P&C Ins Co.;Edison Insurance Co.;Safe Harbor Insurance Co.;GeoVera Specialty Insurance Co,471367248.5296868,5,30.467154307056973,708704067.5879121,0.0,0,1.0,1572981513.2603984,363386040.0,0.0,539937478.65,267018309.94281507,539937478.65,359958319.1,1666895589.0116053,5107895589.011605,3441000000.0,1395853723.0,1395853723.0,0.0,False,51985950.70770529,51985950.70770529,0.0,1.0,51985950.70770529,0.0,1911671995.7233024,0.0,13,9464500000.0,9464500000.0,37
double_irma,baseline,,COMPOSITE,"{""double_irma"": 0.5683376774896716}",62383714581.57704,35455015458.47206,26928699123.10498,8052562440.826356,14515239487.937641,0.0,11925446223.544352,961767306.1637065,8052562440.826356,14515239487.937641,4479907104.339881,22448792018.7651,19.11628107356425,1.541696118313116,12.90811631663308,23.267674240456714,7.181212491733977,35.98501975929885,11925446223.544352,961767306.1637065,4479907104.339881,16,12,4,Universal P&C Insurance Co.;First Protective Insurance Co.;Cypress P&C Insurance Co.;Tower Hill Insurance Exchange;Kin Interinsurance Network;Florida Family Home Ins Co.;US Coastal P&C Insurance Co.;TypTap Insurance Co.;Homeowners Choice P&C Ins Co.;Edison Insurance Co.;Safe Harbor Insurance Co.;GeoVera Specialty Insurance Co;FL Farm Bureau General Ins Co.;AIG Property Casualty Co.;ASI Preferred Insurance Corp.;Castle Key Indemnity Co.,Universal P&C Insurance Co.;First Protective Insurance Co.;Cypress P&C Insurance Co.;Tower Hill Insurance Exchange;Kin Interinsurance Network;Florida Family Home Ins Co.;US Coastal P&C Insurance Co.;TypTap Insurance Co.;Homeowners Choice P&C Ins Co.;Edison Insurance Co.;Safe Harbor Insurance Co.;GeoVera Specialty Insurance Co,411033148.5572266,4,28.44562846231369,629152096.608081,0.0,0,1.0,1299042674.7682104,385710360.0,0.0,539937478.65,340213109.7012416,539937478.65,359958319.1,1038907104.339881,4479907104.339881,3441000000.0,1395853723.0,1395853723.0,0.0,False,42708239.416467994,42708239.416467994,0.0,1.0,42708239.416467994,0.0,1905369510.353523,0.0,12,9464500000.0,9464500000.0,38
double_irma,baseline,,COMPOSITE,"{""double_irma"": 0.48629810437772303}",62383714581.577034,30337082145.061836,32046632436.515198,6791043109.362025,13136535466.985584,0.0,9666909404.48711,742594164.2271162,6791043109.362025,13136535466.985584,5316163903.176393,26730468533.338806,15.495886176906035,1.190365417012883,10.88592296068169,21.057635883171706,8.521717468786871,42.84847209344082,9666909404.48711,742594164.2271162,5316163903.176393,15,11,4,Universal P&C Insurance Co.;First Protective Insurance Co.;Cypress P&C Insurance Co.;Tower Hill Insurance Exchange;Kin Interinsurance Network;US Coastal P&C Insurance Co.;TypTap Insurance Co.;Homeowners Choice P&C Ins Co.;Edison Insurance Co.;Safe Harbor Insurance Co.;GeoVera Specialty Insurance Co;FL Farm Bureau General Ins Co.;AIG Property Casualty Co.;ASI Preferred Insurance Corp.;Castle Key Indemnity Co.,Universal P&C Insurance Co.;First Protective Insurance Co.;Cypress P&C Insurance Co.;Tower Hill Insurance Exchange;Kin Interinsurance Network;US Coastal P&C Insurance Co.;TypTap Insurance Co.;Homeowners Choice P&C Ins Co.;Edison Insurance Co.;Safe Harbor Insurance Co.;GeoVera Specialty Insurance Co,336351484.6925312,4,28.09578743922402,402598420.9831971,0.0,0,1.0,757989611.744389,389573760.0,0.0,539937478.65,124762461.79831445,539937478.65,359958319.1,1875163903.1763926,5316163903.176393,3441000000.0,1395853723.0,1395853723.0,0.0,False,18134353.634708997,18134353.634708997,0.0,1.0,18134353.634708997,0.0,1703688584.9173262,0.0,12,9464500000.0,9464500000.0,39
double_irma,baseline,,COMPOSITE,"{""double_irma"": 0.5008105434862578}",62383714581.577034,31242422004.291183,31141292577.28585,5580979878.281761,12091195206.360708,0.0,12613723307.422853,956523612.2258618,5580979878.281761,12091195206.360708,5168233759.078097,25973058818.207756,20.21957716372968,1.5332905689273262,8.94621283088827,19.38197378508051,8.28458804311785,41.634357608256366,12613723307.422853,956523612.2258618,5168233759.078097,18,12,6,Universal P&C Insurance Co.;First Protective Insurance Co.;Cypress P&C Insurance Co.;Tower Hill Insurance Exchange;Kin Interinsurance Network;Florida Family Home Ins Co.;US Coastal P&C Insurance Co.;TypTap Insurance Co.;Homeowners Choice P&C Ins Co.;Edison Insurance Co.;Safe Harbor Insurance Co.;GeoVera Specialty Insurance Co;FL Farm Bureau General Ins Co.;State Farm FL Ins Co;AIG Property Casualty Co.;ASI Preferred Insurance Corp.;Castle Key Indemnity Co.;First Liberty Insurance Corp.,Universal P&C Insurance Co.;First Protective Insurance Co.;Cypress P&C Insurance Co.;Tower Hill Insurance Exchange;Kin Interinsurance Network;Florida Family Home Ins Co.;US Coastal P&C Insurance Co.;TypTap Insurance Co.;Homeowners Choice P&C Ins Co.;Edison Insurance Co.;Safe Harbor Insurance Co.;GeoVera Specialty Insurance Co,541412321.4544791,6,28.44562846231369,777019267.8775473,0.0,0,1.0,1579320605.873343,385710360.0,0.0,539937478.65,339567161.18471014,539937478.65,359958319.1,1727233759.0780973,5168233759.078097,3441000000.0,1395853723.0,1395853723.0,0.0,False,33183194.218207147,33183194.218207147,0.0,1.0,33183194.218207147,0.0,1916581255.0158272,0.0,13,9464500000.0,9464500000.0,40
double_irma,baseline,,COMPOSITE,"{""double_irma"": 0.5042439799356406}",62383714581.577034,31456612523.78347,30927102057.793564,6055159101.585411,13198464806.720268,0.0,11299394269.751366,903594345.7264208,6055159101.585411,13198464806.720268,5133235593.372732,25793866464.420837,18.112730775233874,1.4484458833319735,9.706313806734428,21.15690752826379,8.228486597508034,41.3471154089279,11299394269.751366,903594345.7264208,5133235593.372732,16,12,4,Universal P&C Insurance Co.;First Protective Insurance Co.;Cypress P&C Insurance Co.;Tower Hill Insurance Exchange;Kin Interinsurance Network;Florida Family Home Ins Co.;US Coastal P&C Insurance Co.;TypTap Insurance Co.;Homeowners Choice P&C Ins Co.;Edison Insurance Co.;Safe Harbor Insurance Co.;GeoVera Specialty Insurance Co;FL Farm Bureau General Ins Co.;AIG Property Casualty Co.;ASI Preferred Insurance Corp.;Castle Key Indemnity Co.,Universal P&C Insurance Co.;First Protective Insurance Co.;Cypress P&C Insurance Co.;Tower Hill Insurance Exchange;Kin Interinsurance Network;Florida Family Home Ins Co.;US Coastal P&C Insurance Co.;TypTap Insurance Co.;Homeowners Choice P&C Ins Co.;Edison Insurance Co.;Safe Harbor Insurance Co.;GeoVera Specialty Insurance Co,433068575.5509243,4,28.44562846231369,551086419.0737004,0.0,0,1.0,1173487208.601237,385710360.0,0.0,539937478.65,282735341.1743113,539937478.65,359958319.1,1692235593.3727322,5133235593.372732,3441000000.0,1395853723.0,1395853723.0,0.0,False,31717425.74206717,31717425.74206717,0.0,1.0,31717425.74206717,0.0,1802806981.3260636,0.0,13,9464500000.0,9464500000.0,41
double_irma,baseline,,COMPOSITE,"{""double_irma"": 0.5156071592326548}",62383714581.57703,32165489857.787674,30218224723.789352,4582711227.559963,15769479075.906256,0.0,10966124897.827425,847174656.4940358,4582711227.559963,15769479075.906256,5017406907.495008,25200817816.294346,17.57850581899448,1.3580061113324933,7.346005697636536,25.27819829530198,8.042815246171209,40.396468830563315,10966124897.827425,847174656.4940358,5017406907.495008,16,12,4,Universal P&C Insurance Co.;First Protective Insurance Co.;Cypress P&C Insurance Co.;Tower Hill Insurance Exchange;Kin Interinsurance Network;Florida Family Home Ins Co.;US Coastal P&C Insurance Co.;TypTap Insurance Co.;Homeowners Choice P&C Ins Co.;Edison Insurance Co.;Safe Harbor Insurance Co.;GeoVera Specialty Insurance Co;FL Farm Bureau General Ins Co.;AIG Property Casualty Co.;ASI Preferred Insurance Corp.;Castle Key Indemnity Co.,Universal P&C Insurance Co.;First Protective Insurance Co.;Cypress P&C Insurance Co.;Tower Hill Insurance Exchange;Kin Interinsurance Network;Florida Family Home Ins Co.;US Coastal P&C Insurance Co.;TypTap Insurance Co.;Homeowners Choice P&C Ins Co.;Edison Insurance Co.;Safe Harbor Insurance Co.;GeoVera Specialty Insurance Co,367305474.5196485,4,28.44562846231369,508187095.47730136,0.0,0,1.0,1122947509.972584,385710360.0,0.0,539937478.65,228963882.95731592,539937478.65,359958319.1,1576406907.4950085,5017406907.495008,3441000000.0,1395853723.0,1395853723.0,0.0,False,15912247.25960083,15912247.25960083,0.0,1.0,15912247.25960083,0.0,1766481039.3435178,0.0,12,9464500000.0,9464500000.0,42
double_irma,baseline,,COMPOSITE,"{""double_irma"": 0.3100835426335579}",62383714581.577034,19344163220.096153,43039551361.48088,2972605398.1728954,8324268189.074461,0.0,7525746537.592388,521543095.2564108,2972605398.1728954,8324268189.074461,7112377848.749594,35927173512.731285,12.063639666328669,0.8360244316237484,4.765034301196864,13.34365586420652,11.401016910349227,57.590628826294974,7525746537.592388,521543095.2564108,7112377848.749594,12,8,4,Universal P&C Insurance Co.;First Protective Insurance Co.;Cypress P&C Insurance Co.;Tower Hill Insurance Exchange;Kin Interinsurance Network;Homeowners Choice P&C Ins Co.;Edison Insurance Co.;Safe Harbor Insurance Co.;FL Farm Bureau General Ins Co.;AIG Property Casualty Co.;ASI Preferred Insurance Corp.;Castle Key Indemnity Co.,Universal P&C Insurance Co.;First Protective Insurance Co.;Cypress P&C Insurance Co.;Tower Hill Insurance Exchange;Kin Interinsurance Network;Homeowners Choice P&C Ins Co.;Edison Insurance Co.;Safe Harbor Insurance Co.,213183984.4876562,4,25.563137285625935,237843645.2889111,0.0,0,1.0,174102869.12900543,417542580.0,0.0,450788994.34503603,0.0,539937478.65,359958319.1,3671377848.7495937,7112377848.749594,3441000000.0,1395853723.0,1395853723.0,0.0,False,12674444.372904195,12674444.372904195,0.0,1.0,12674444.372904195,0.0,1543072653.1696463,0.0,11,9464500000.0,9464500000.0,43
double_irma,baseline,,COMPOSITE,"{""double_irma"": 0.5032537200976201}",62383714581.57704,31394836436.686806,30988878144.890232,3672905832.6203146,12696222117.349714,0.0,13966672327.819094,1059036158.8976779,3672905832.6203146,12696222117.349714,5143329642.997165,25845548501.893066,22.388330706975385,1.6976163827384994,5.887603611383836,20.3518213086643,8.244667181963667,41.429960808274295,13966672327.819094,1059036158.8976779,5143329642.997165,19,13,6,Universal P&C Insurance Co.;First Protective Insurance Co.;Cypress P&C Insurance Co.;Tower Hill Insurance Exchange;Kin Interinsurance Network;Heritage P&C Insurance Co.;Florida Family Home Ins Co.;US Coastal P&C Insurance Co.;TypTap Insurance Co.;Homeowners Choice P&C Ins Co.;Edison Insurance Co.;Safe Harbor Insurance Co.;GeoVera Specialty Insurance Co;FL Farm Bureau General Ins Co.;State Farm FL Ins Co;AIG Property Casualty Co.;ASI Preferred Insurance Corp.;Castle Key Indemnity Co.;First Liberty Insurance Corp.,Universal P&C Insurance Co.;First Protective Insurance Co.;Cypress P&C Insurance Co.;Tower Hill Insurance Exchange;Kin Interinsurance Network;Heritage P&C Insurance Co.;Florida Family Home Ins Co.;US Coastal P&C Insurance Co.;TypTap Insurance Co.;Homeowners Choice P&C Ins Co.;Edison Insurance Co.;Safe Harbor Insurance Co.;GeoVera Specialty Insurance Co,709791702.0033467,6,30.467154307056973,875156873.4919274,0.0,0,1.0,2100623769.2610426,363386040.0,81790869.6471194,539937478.65,359958319.1,539937478.65,359958319.1,1702329642.9971647,5143329642.997165,3441000000.0,1395853723.0,1395853723.0,0.0,False,101894628.28783983,101894628.28783983,0.0,1.0,101894628.28783983,0.0,1988659626.0741315,0.0,13,9464500000.0,9464500000.0,44
double_irma,baseline,,COMPOSITE,"{""double_irma"": 0.541103623974959}",62383714581.57703,33756054037.110832,28627660544.466198,7609721477.390301,11749069875.376602,0.0,13354802606.527641,1042460077.8162872,7609721477.390301,11749069875.376602,4757512917.579281,23870147626.886917,21.407514278528616,1.6710452155796176,12.198250021549024,18.833552881838656,7.626209739976361,38.26342786252773,13354802606.527641,1042460077.8162872,4757512917.579281,19,13,6,Universal P&C Insurance Co.;First Protective Insurance Co.;Cypress P&C Insurance Co.;Tower Hill Insurance Exchange;Kin Interinsurance Network;Heritage P&C Insurance Co.;Florida Family Home Ins Co.;US Coastal P&C Insurance Co.;TypTap Insurance Co.;Homeowners Choice P&C Ins Co.;Edison Insurance Co.;Safe Harbor Insurance Co.;GeoVera Specialty Insurance Co;FL Farm Bureau General Ins Co.;State Farm FL Ins Co;AIG Property Casualty Co.;ASI Preferred Insurance Corp.;ACE Ins Co. of the Midwest;Castle Key Indemnity Co.,Universal P&C Insurance Co.;First Protective Insurance Co.;Cypress P&C Insurance Co.;Tower Hill Insurance Exchange;Kin Interinsurance Network;Heritage P&C Insurance Co.;Florida Family Home Ins Co.;US Coastal P&C Insurance Co.;TypTap Insurance Co.;Homeowners Choice P&C Ins Co.;Edison Insurance Co.;Safe Harbor Insurance Co.;GeoVera Specialty Insurance Co,559141062.0786738,6,30.467154307056973,641282079.2287756,0.0,0,1.0,1704761694.5539072,363386040.0,62995471.26343608,539937478.65,359958319.1,539937478.65,359958319.1,1316512917.5792809,4757512917.579281,3441000000.0,1395853723.0,1395853723.0,0.0,False,116773860.70028831,116773860.70028831,0.0,1.0,116773860.70028831,0.0,2033604642.223583,0.0,13,9464500000.0,9464500000.0,45
double_irma,baseline,,COMPOSITE,"{""double_irma"": 0.5456450399167362}",62383714581.57704,34039364433.018887,28344350148.55815,6528697423.523528,15656017341.421675,0.0,10962975539.47938,891674128.5943029,6528697423.523528,15656017341.421675,4711220746.452632,23633129402.105522,17.573457452815628,1.4293379844002256,10.46538742893576,25.096321125522014,7.552004201820862,37.88349180650551,10962975539.47938,891674128.5943029,4711220746.452632,15,11,4,Universal P&C Insurance Co.;First Protective Insurance Co.;Cypress P&C Insurance Co.;Tower Hill Insurance Exchange;Kin Interinsurance Network;US Coastal P&C Insurance Co.;TypTap Insurance Co.;Homeowners Choice P&C Ins Co.;Edison Insurance Co.;Safe Harbor Insurance Co.;GeoVera Specialty Insurance Co;FL Farm Bureau General Ins Co.;AIG Property Casualty Co.;ASI Preferred Insurance Corp.;Castle Key Indemnity Co.,Universal P&C Insurance Co.;First Protective Insurance Co.;Cypress P&C Insurance Co.;Tower Hill Insurance Exchange;Kin Interinsurance Network;US Coastal P&C Insurance Co.;TypTap Insurance Co.;Homeowners Choice P&C Ins Co.;Edison Insurance Co.;Safe Harbor Insurance Co.;GeoVera Specialty Insurance Co,365128109.4044258,4,28.09578743922402,468349443.30271435,0.0,0,1.0,1062294005.308183,389573760.0,0.0,539937478.65,269622166.57173145,539937478.65,359958319.1,1270220746.452632,4711220746.452632,3441000000.0,1395853723.0,1395853723.0,0.0,False,18433202.362610385,18433202.362610385,0.0,1.0,18433202.362610385,0.0,1764053456.413033,0.0,12,9464500000.0,9464500000.0,46
double_irma,baseline,,COMPOSITE,"{""double_irma"": 0.5802214134292022}",62383714581.577034,36196367049.48656,26187347532.090477,6856684770.657322,14487706458.557066,0.0,13759458042.013052,1092517778.259119,6856684770.657322,14487706458.557066,4358772210.555763,21828575321.53471,22.056169842243495,1.751286831165642,10.991145392105613,23.223539277405468,6.9870353822165345,34.99082327486324,13759458042.013052,1092517778.259119,4358772210.555763,18,13,5,Universal P&C Insurance Co.;First Protective Insurance Co.;Cypress P&C Insurance Co.;Tower Hill Insurance Exchange;Kin Interinsurance Network;Heritage P&C Insurance Co.;Florida Family Home Ins Co.;US Coastal P&C Insurance Co.;TypTap Insurance Co.;Homeowners Choice P&C Ins Co.;Edison Insurance Co.;Safe Harbor Insurance Co.;GeoVera Specialty Insurance Co;FL Farm Bureau General Ins Co.;State Farm FL Ins Co;AIG Property Casualty Co.;ASI Preferred Insurance Corp.;Castle Key Indemnity Co.,Universal P&C Insurance Co.;First Protective Insurance Co.;Cypress P&C Insurance Co.;Tower Hill Insurance Exchange;Kin Interinsurance Network;Heritage P&C Insurance Co.;Florida Family Home Ins Co.;US Coastal P&C Insurance Co.;TypTap Insurance Co.;Homeowners Choice P&C Ins Co.;Edison Insurance Co.;Safe Harbor Insurance Co.;GeoVera Specialty Insurance Co,701276071.7344141,5,30.467154307056973,621876960.0404507,0.0,0,1.0,1820234282.6003423,363386040.0,111726982.72329557,539937478.65,359958319.1,539937478.65,359958319.1,917772210.5557632,4358772210.555763,3441000000.0,1395853723.0,1395853723.0,0.0,False,131110366.32525878,131110366.32525878,0.0,1.0,131110366.32525878,0.0,2048714583.5862248,0.0,13,9464500000.0,9464500000.0,47
double_irma,baseline,,COMPOSITE,"{""double_irma"": 0.55530156666993}",62383714581.57704,34641774441.83949,27741940139.73755,4739662623.94334,14951249162.759155,0.0,13892946993.347406,1057915661.7895883,4739662623.94334,14951249162.759155,4612788540.576991,23129151599.160553,22.27015028927153,1.695820245532491,7.597596032447614,23.966590099741367,7.394219102719518,37.07562423028747,13892946993.347406,1057915661.7895883,4612788540.576991,20,13,7,Universal P&C Insurance Co.;First Protective Insurance Co.;Cypress P&C Insurance Co.;Tower Hill Insurance Exchange;Kin Interinsurance Network;Heritage P&C Insurance Co.;Florida Family Home Ins Co.;US Coastal P&C Insurance Co.;TypTap Insurance Co.;Homeowners Choice P&C Ins Co.;Edison Insurance Co.;Safe Harbor Insurance Co.;GeoVera Specialty Insurance Co;FL Farm Bureau General Ins Co.;State Farm FL Ins Co;AIG Property Casualty Co.;ASI Preferred Insurance Corp.;ACE Ins Co. of the Midwest;Castle Key Indemnity Co.;First Liberty Insurance Corp.,Universal P&C Insurance Co.;First Protective Insurance Co.;Cypress P&C Insurance Co.;Tower Hill Insurance Exchange;Kin Interinsurance Network;Heritage P&C Insurance Co.;Florida Family Home Ins Co.;US Coastal P&C Insurance Co.;TypTap Insurance Co.;Homeowners Choice P&C Ins Co.;Edison Insurance Co.;Safe Harbor Insurance Co.;GeoVera Specialty Insurance Co,699243332.1313603,7,30.467154307056973,779287368.3613849,0.0,0,1.0,1888983823.8761802,363386040.0,80480660.07846415,539937478.65,359958319.1,539937478.65,359958319.1,1171788540.576991,4612788540.576991,3441000000.0,1395853723.0,1395853723.0,0.0,False,79313652.2765448,79313652.2765448,0.0,1.0,79313652.2765448,0.0,1991345759.1291027,0.0,13,9464500000.0,9464500000.0,48
double_irma,baseline,,COMPOSITE,"{""double_irma"": 0.5527347431604747}",62383714581.57704,34481646456.64435,27902068124.932693,5791262132.489714,15539518173.650595,0.0,12262714058.247303,888152092.2567363,5791262132.489714,15539518173.650595,4638953030.831789,23263115094.1009,19.656915495488448,1.4236922219425237,9.283291595143279,24.909575003473222,7.436160321562111,37.29036536239041,12262714058.247303,888152092.2567363,4638953030.831789,18,13,5,Universal P&C Insurance Co.;First Protective Insurance Co.;Cypress P&C Insurance Co.;Tower Hill Insurance Exchange;Kin Interinsurance Network;Heritage P&C Insurance Co.;Florida Family Home Ins Co.;US Coastal P&C Insurance Co.;TypTap Insurance Co.;Homeowners Choice P&C Ins Co.;Edison Insurance Co.;Safe Harbor Insurance Co.;GeoVera Specialty Insurance Co;FL Farm Bureau General Ins Co.;State Farm FL Ins Co;AIG Property Casualty Co.;ASI Preferred Insurance Corp.;Castle Key Indemnity Co.,Universal P&C Insurance Co.;First Protective Insurance Co.;Cypress P&C Insurance Co.;Tower Hill Insurance Exchange;Kin Interinsurance Network;Heritage P&C Insurance Co.;Florida Family Home Ins Co.;US Coastal P&C Insurance Co.;TypTap Insurance Co.;Homeowners Choice P&C Ins Co.;Edison Insurance Co.;Safe Harbor Insurance Co.;GeoVera Specialty Insurance Co,427538405.7047899,5,30.467154307056973,708536773.9479651,0.0,0,1.0,1535265083.4587903,363386040.0,0.0,539937478.65,274169510.7488276,539937478.65,359958319.1,1197953030.831789,4638953030.831789,3441000000.0,1395853723.0,1395853723.0,0.0,False,76594616.06399733,76594616.06399733,0.0,1.0,76594616.06399733,0.0,1864902671.4607728,0.0,12,9464500000.0,9464500000.0,49
double_irma,baseline,,COMPOSITE,"{""double_irma"": 0.6266335161195469}",62383714581.57704,39091726416.851875,23291988164.725163,5691185777.412737,16225789126.730885,0.0,15946804282.235147,1227947230.4731026,5691185777.412737,16225789126.730885,3885678129.8474574,19406310034.87771,25.56244749001289,1.9683778670591314,9.122870953717527,26.00965530116514,6.228673870912719,31.10797451713258,15946804282.235147,1227947230.4731026,3885678129.8474574,23,15,8,Universal P&C Insurance Co.;First Protective Insurance Co.;Cypress P&C Insurance Co.;Florida Peninsula Insurance Co;Tower Hill Insurance Exchange;Kin Interinsurance Network;Heritage P&C Insurance Co.;Florida Family Home Ins Co.;US Coastal P&C Insurance Co.;TypTap Insurance Co.;Homeowners Choice P&C Ins Co.;Edison Insurance Co.;Safe Harbor Insurance Co.;GeoVera Specialty Insurance Co;Auto Club Insurance Co. of FL;American Platinum P&C Ins Co.;FL Farm Bureau General Ins Co.;State Farm FL Ins Co;AIG Property Casualty Co.;ASI Preferred Insurance Corp.;ACE Ins Co. of the Midwest;Castle Key Indemnity Co.;First Liberty Insurance Corp.,Universal P&C Insurance Co.;First Protective Insurance Co.;Cypress P&C Insurance Co.;Florida Peninsula Insurance Co;Tower Hill Insurance Exchange;Kin Interinsurance Network;Heritage P&C Insurance Co.;Florida Family Home Ins Co.;US Coastal P&C Insurance Co.;TypTap Insurance Co.;Homeowners Choice P&C Ins Co.;Edison Insurance Co.;Safe Harbor Insurance Co.;GeoVera Specialty Insurance Co;American Platinum P&C Ins Co.,878496593.3479587,8,33.69602015223382,1134312315.3974774,312947.73996766284,1,0.9811320754716981,2876486416.6352024,327728700.0,249622477.18392968,539937478.65,359958319.1,539937478.65,359958319.1,444678129.8474574,3885678129.8474574,3441000000.0,1395853723.0,1395853723.0,0.0,False,108828958.79693368,108828958.79693368,0.0,1.0,108828958.79693368,0.0,2074592588.0621657,0.0,13,9464500000.0,9464500000.0,50
double_irma,baseline,,COMPOSITE,"{""double_irma"": 0.5890598483981823}",62383714581.57703,36747741453.93924,25635973127.637787,6052617475.125101,15592199642.202417,0.0,14007562992.34747,1095361344.2642531,6052617475.125101,15592199642.202417,4268679087.7673473,21367294039.87044,22.453877724819133,1.7558450175836948,9.702239624109433,24.994022473305975,6.842617687001217,34.25139747318055,14007562992.34747,1095361344.2642531,4268679087.7673473,20,14,6,Universal P&C Insurance Co.;First Protective Insurance Co.;Cypress P&C Insurance Co.;Florida Peninsula Insurance Co;Tower Hill Insurance Exchange;Kin Interinsurance Network;Heritage P&C Insurance Co.;Florida Family Home Ins Co.;US Coastal P&C Insurance Co.;TypTap Insurance Co.;Homeowners Choice P&C Ins Co.;Edison Insurance Co.;Safe Harbor Insurance Co.;GeoVera Specialty Insurance Co;FL Farm Bureau General Ins Co.;State Farm FL Ins Co;AIG Property Casualty Co.;ASI Preferred Insurance Corp.;Castle Key Indemnity Co.;First Liberty Insurance Corp.,Universal P&C Insurance Co.;First Protective Insurance Co.;Cypress P&C Insurance Co.;Florida Peninsula Insurance Co;Tower Hill Insurance Exchange;Kin Interinsurance Network;Heritage P&C Insurance Co.;Florida Family Home Ins Co.;US Coastal P&C Insurance Co.;TypTap Insurance Co.;Homeowners Choice P&C Ins Co.;Edison Insurance Co.;Safe Harbor Insurance Co.;GeoVera Specialty Insurance Co,706536424.0655615,6,33.538670472629846,741967986.9076428,0.0,0,1.0,1939863370.4744086,329466360.0,115883248.81626868,539937478.65,359958319.1,539937478.65,359958319.1,827679087.7673473,4268679087.7673473,3441000000.0,1395853723.0,1395853723.0,0.0,False,100293100.96857314,100293100.96857314,0.0,1.0,100293100.96857314,0.0,2016349159.8505573,0.0,13,9464500000.0,9464500000.0,51
double_irma,baseline,,COMPOSITE,"{""double_irma"": 0.695484275793721}",62383714581.57703,43386892557.090294,18996822024.486732,7405157603.650461,19599517414.780296,0.0,15275993609.130363,1106223929.529179,7405157603.650461,19599517414.780296,3183859316.090111,15812962708.396622,24.487149749883,1.7732575511876716,11.870337720859812,31.41768255744163,5.103670625330731,25.34790179529716,15275993609.130363,1106223929.529179,3183859316.090111,21,14,7,Universal P&C Insurance Co.;First Protective Insurance Co.;Cypress P&C Insurance Co.;Florida Peninsula Insurance Co;Tower Hill Insurance Exchange;Kin Interinsurance Network;Heritage P&C Insurance Co.;Florida Family Home Ins Co.;US Coastal P&C Insurance Co.;TypTap Insurance Co.;Homeowners Choice P&C Ins Co.;Edison Insurance Co.;Safe Harbor Insurance Co.;GeoVera Specialty Insurance Co;Auto Club Insurance Co. of FL;FL Farm Bureau General Ins Co.;State Farm FL Ins Co;AIG Property Casualty Co.;ASI Preferred Insurance Corp.;Castle Key Indemnity Co.;First Liberty Insurance Corp.,Universal P&C Insurance Co.;First Protective Insurance Co.;Cypress P&C Insurance Co.;Florida Peninsula Insurance Co;Tower Hill Insurance Exchange;Kin Interinsurance Network;Heritage P&C Insurance Co.;Florida Family Home Ins Co.;US Coastal P&C Insurance Co.;TypTap Insurance Co.;Homeowners Choice P&C Ins Co.;Edison Insurance Co.;Safe Harbor Insurance Co.;GeoVera Specialty Insurance Co,801966781.4973614,7,33.538670472629846,888479926.0273814,0.0,0,1.0,2605171817.3794518,329466360.0,132309518.89212632,539937478.65,359958319.1,539937478.65,359958319.1,0.0,3183859316.090111,3183859316.090111,1395853723.0,1395853723.0,0.0,False,91935457.49230291,91935457.49230291,0.0,1.0,91935457.49230291,0.0,2061243939.6054668,0.0,13,9464500000.0,9464500000.0,52
double_irma,baseline,,COMPOSITE,"{""double_irma"": 0.3798816517999089}",62383714581.577034,23698428540.66355,38685286040.91348,3790321296.034276,11221088095.028542,0.0,8069553621.758962,617465527.8417732,3790321296.034276,11221088095.028542,6400902384.870164,32284383656.04332,12.935352881570852,0.9897864081728168,6.075818539272462,17.987207350974764,10.260534224040033,51.75130059596908,8069553621.758962,617465527.8417732,6400902384.870164,12,8,4,Universal P&C Insurance Co.;First Protective Insurance Co.;Cypress P&C Insurance Co.;Tower Hill Insurance Exchange;Kin Interinsurance Network;Homeowners Choice P&C Ins Co.;Edison Insurance Co.;Safe Harbor Insurance Co.;FL Farm Bureau General Ins Co.;AIG Property Casualty Co.;ASI Preferred Insurance Corp.;Castle Key Indemnity Co.,Universal P&C Insurance Co.;First Protective Insurance Co.;Cypress P&C Insurance Co.;Tower Hill Insurance Exchange;Kin Interinsurance Network;Homeowners Choice P&C Ins Co.;Edison Insurance Co.;Safe Harbor Insurance Co.,242847749.4532332,4,25.563137285625935,252038392.44763994,0.0,0,1.0,259449291.9494567,417542580.0,0.0,539879030.1821837,0.0,539937478.65,359958319.1,2959902384.870164,6400902384.870164,3441000000.0,1395853723.0,1395853723.0,0.0,False,12347065.541960625,12347065.541960625,0.0,1.0,12347065.541960625,0.0,1589562266.1939788,0.0,11,9464500000.0,9464500000.0,53
double_irma,baseline,,COMPOSITE,"{""double_irma"": 0.4667776390200846}",62383714581.57703,29119323005.691353,33264391575.885677,4482280988.144499,12756441468.608616,0.0,10932704400.053736,947896148.8845071,4482280988.144499,12756441468.608616,5515142533.276068,27749249042.609608,17.52493334740017,1.51946089655334,7.185017785824817,20.448351872230145,8.8406767219097,44.48155937608183,10932704400.053736,947896148.8845071,5515142533.276068,15,11,4,Universal P&C Insurance Co.;First Protective Insurance Co.;Cypress P&C Insurance Co.;Tower Hill Insurance Exchange;Kin Interinsurance Network;US Coastal P&C Insurance Co.;TypTap Insurance Co.;Homeowners Choice P&C Ins Co.;Edison Insurance Co.;Safe Harbor Insurance Co.;GeoVera Specialty Insurance Co;FL Farm Bureau General Ins Co.;AIG Property Casualty Co.;ASI Preferred Insurance Corp.;Castle Key Indemnity Co.,Universal P&C Insurance Co.;First Protective Insurance Co.;Cypress P&C Insurance Co.;Tower Hill Insurance Exchange;Kin Interinsurance Network;US Coastal P&C Insurance Co.;TypTap Insurance Co.;Homeowners Choice P&C Ins Co.;Edison Insurance Co.;Safe Harbor Insurance Co.;GeoVera Specialty Insurance Co,376795725.94582355,4,28.09578743922402,518119766.6795045,0.0,0,1.0,1066320948.4092138,389573760.0,0.0,539937478.65,320857860.3490907,539937478.65,359958319.1,2074142533.2760677,5515142533.276068,3441000000.0,1395853723.0,1395853723.0,0.0,False,18405425.341524653,18405425.341524653,0.0,1.0,18405425.341524653,0.0,1754375182.8372808,0.0,12,9464500000.0,9464500000.0,54
double_irma,baseline,,COMPOSITE,"{""double_irma"": 0.39615550025933094}",62383714581.57704,24713651658.099976,37670062923.477066,5442616405.386872,11076146172.261024,0.0,7612886665.52249,582002414.9295845,5442616405.386872,11076146172.261024,6235017606.327299,31435045317.149765,12.20332376259413,0.9329396603476056,8.724418611318423,17.75486799167294,9.99462383435661,50.38982613971028,7612886665.52249,582002414.9295845,6235017606.327299,12,8,4,Universal P&C Insurance Co.;First Protective Insurance Co.;Cypress P&C Insurance Co.;Tower Hill Insurance Exchange;Kin Interinsurance Network;Homeowners Choice P&C Ins Co.;Edison Insurance Co.;Safe Harbor Insurance Co.;FL Farm Bureau General Ins Co.;AIG Property Casualty Co.;ASI Preferred Insurance Corp.;Castle Key Indemnity Co.,Universal P&C Insurance Co.;First Protective Insurance Co.;Cypress P&C Insurance Co.;Tower Hill Insurance Exchange;Kin Interinsurance Network;Homeowners Choice P&C Ins Co.;Edison Insurance Co.;Safe Harbor Insurance Co.,206398492.6884277,4,25.563137285625935,246578904.2678734,0.0,0,1.0,234703487.9954257,417542580.0,0.0,504560083.06954557,0.0,539937478.65,359958319.1,2794017606.327299,6235017606.327299,3441000000.0,1395853723.0,1395853723.0,0.0,False,3211259.8543784013,3211259.8543784013,0.0,1.0,3211259.8543784013,0.0,1559723022.6547377,0.0,11,9464500000.0,9464500000.0,55
double_irma,baseline,,COMPOSITE,"{""double_irma"": 0.4866801708535339}",62383714581.57703,30360916871.040005,32022797710.537025,6326964218.254545,12263667254.273964,0.0,10914210774.618763,856074623.8927376,6326964218.254545,12263667254.273964,5312269371.84371,26710528338.693314,17.49528839028434,1.372272602929533,10.142012640143435,19.6584434519961,8.515474603387137,42.81650831125947,10914210774.618763,856074623.8927376,5312269371.84371,15,11,4,Universal P&C Insurance Co.;First Protective Insurance Co.;Cypress P&C Insurance Co.;Tower Hill Insurance Exchange;Kin Interinsurance Network;US Coastal P&C Insurance Co.;TypTap Insurance Co.;Homeowners Choice P&C Ins Co.;Edison Insurance Co.;Safe Harbor Insurance Co.;GeoVera Specialty Insurance Co;FL Farm Bureau General Ins Co.;AIG Property Casualty Co.;ASI Preferred Insurance Corp.;Castle Key Indemnity Co.,Universal P&C Insurance Co.;First Protective Insurance Co.;Cypress P&C Insurance Co.;Tower Hill Insurance Exchange;Kin Interinsurance Network;US Coastal P&C Insurance Co.;TypTap Insurance Co.;Homeowners Choice P&C Ins Co.;Edison Insurance Co.;Safe Harbor Insurance Co.;GeoVera Specialty Insurance Co,383625692.6946132,4,28.09578743922402,416467204.6560024,0.0,0,1.0,1028161103.476254,389573760.0,0.0,539937478.65,236648813.8192004,539937478.65,359958319.1,1871269371.84371,5312269371.84371,3441000000.0,1395853723.0,1395853723.0,0.0,False,31187051.219002828,31187051.219002828,0.0,1.0,31187051.219002828,0.0,1820249672.2557173,0.0,12,9464500000.0,9464500000.0,56
double_irma,baseline,,COMPOSITE,"{""double_irma"": 0.6830054540508985}",62383714581.57704,42608417303.17169,19775297278.405346,7976875063.687857,16790859523.764303,0.0,16670065444.54403,1170617271.1754992,7976875063.687857,16790859523.764303,3311060118.435392,16464237159.969955,26.721822444133487,1.8764789481150936,12.786790778956854,26.915453233884417,5.307571279850019,26.391883315060117,16670065444.54403,1170617271.1754992,3311060118.435392,24,16,8,Universal P&C Insurance Co.;First Protective Insurance Co.;Cypress P&C Insurance Co.;Florida Peninsula Insurance Co;Tower Hill Insurance Exchange;Kin Interinsurance Network;Heritage P&C Insurance Co.;Florida Family Home Ins Co.;US Coastal P&C Insurance Co.;TypTap Insurance Co.;Homeowners Choice P&C Ins Co.;Edison Insurance Co.;Safe Harbor Insurance Co.;GeoVera Specialty Insurance Co;Universal North America Ins Co;Auto Club Insurance Co. of FL;American Platinum P&C Ins Co.;FL Farm Bureau General Ins Co.;State Farm FL Ins Co;AIG Property Casualty Co.;ASI Preferred Insurance Corp.;ACE Ins Co. of the Midwest;Castle Key Indemnity Co.;First Liberty Insurance Corp.,Universal P&C Insurance Co.;First Protective Insurance Co.;Cypress P&C Insurance Co.;Florida Peninsula Insurance Co;Tower Hill Insurance Exchange;Kin Interinsurance Network;Heritage P&C Insurance Co.;Florida Family Home Ins Co.;US Coastal P&C Insurance Co.;TypTap Insurance Co.;Homeowners Choice P&C Ins Co.;Edison Insurance Co.;Safe Harbor Insurance Co.;GeoVera Specialty Insurance Co;Universal North America Ins Co;American Platinum P&C Ins Co.,1158559115.0508652,8,34.00974697621684,907028078.3412826,3788723.0005835406,1,0.9811320754716981,2788335814.9778934,324264120.0,198266068.33125257,539937478.65,359958319.1,539937478.65,359958319.1,0.0,3311060118.435392,3311060118.435392,1395853723.0,1395853723.0,0.0,False,230225305.10163695,230225305.10163695,0.0,1.0,230225305.10163695,0.0,2072764843.3798826,0.0,13,9464500000.0,9464500000.0,57
double_irma,baseline,,COMPOSITE,"{""double_irma"": 0.6189833190265268}",62383714581.577034,38614478704.9081,23769235876.668938,6387339641.51504,15944640247.579582,0.0,15025985499.776781,1256513316.0366914,6387339641.51504,15944640247.579582,3963659146.6763425,19805576729.9926,24.0863911367891,2.014168801047575,10.238793384389664,25.55897858042635,6.3536760727724895,31.747992024574827,15025985499.776781,1256513316.0366914,3963659146.6763425,21,14,7,Universal P&C Insurance Co.;First Protective Insurance Co.;Cypress P&C Insurance Co.;Florida Peninsula Insurance Co;Tower Hill Insurance Exchange;Kin Interinsurance Network;Heritage P&C Insurance Co.;Florida Family Home Ins Co.;US Coastal P&C Insurance Co.;TypTap Insurance Co.;Homeowners Choice P&C Ins Co.;Edison Insurance Co.;Safe Harbor Insurance Co.;GeoVera Specialty Insurance Co;FL Farm Bureau General Ins Co.;State Farm FL Ins Co;AIG Property Casualty Co.;ASI Preferred Insurance Corp.;ACE Ins Co. of the Midwest;Castle Key Indemnity Co.;First Liberty Insurance Corp.,Universal P&C Insurance Co.;First Protective Insurance Co.;Cypress P&C Insurance Co.;Florida Peninsula Insurance Co;Tower Hill Insurance Exchange;Kin Interinsurance Network;Heritage P&C Insurance Co.;Florida Family Home Ins Co.;US Coastal P&C Insurance Co.;TypTap Insurance Co.;Homeowners Choice P&C Ins Co.;Edison Insurance Co.;Safe Harbor Insurance Co.;GeoVera Specialty Insurance Co,816659062.2302649,7,33.538670472629846,964961399.6571009,0.0,0,1.0,2499345551.91321,329466360.0,271444098.64679384,539937478.65,359958319.1,539937478.65,359958319.1,522659146.6763425,3963659146.6763425,3441000000.0,1395853723.0,1395853723.0,0.0,False,202370528.48520583,202370528.48520583,0.0,1.0,202370528.48520583,0.0,2049754404.5594013,0.0,13,9464500000.0,9464500000.0,58
double_irma,baseline,,COMPOSITE,"{""double_irma"": 0.5365789804350684}",62383714581.577034,33473789965.934917,28909924615.642117,8864687386.24097,13352318951.746445,0.0,10420091045.535439,836692582.412066,8864687386.24097,13352318951.746445,4803634122.005614,24106290493.636505,16.703223133514186,1.3412035304790193,14.209938356025473,21.40353302348817,7.700141221510731,38.641960734982426,10420091045.535439,836692582.412066,4803634122.005614,15,11,4,Universal P&C Insurance Co.;First Protective Insurance Co.;Cypress P&C Insurance Co.;Tower Hill Insurance Exchange;Kin Interinsurance Network;US Coastal P&C Insurance Co.;TypTap Insurance Co.;Homeowners Choice P&C Ins Co.;Edison Insurance Co.;Safe Harbor Insurance Co.;GeoVera Specialty Insurance Co;FL Farm Bureau General Ins Co.;AIG Property Casualty Co.;ASI Preferred Insurance Corp.;Castle Key Indemnity Co.,Universal P&C Insurance Co.;First Protective Insurance Co.;Cypress P&C Insurance Co.;Tower Hill Insurance Exchange;Kin Interinsurance Network;US Coastal P&C Insurance Co.;TypTap Insurance Co.;Homeowners Choice P&C Ins Co.;Edison Insurance Co.;Safe Harbor Insurance Co.;GeoVera Specialty Insurance Co,351988923.1840392,4,28.09578743922402,419285194.2329937,0.0,0,1.0,932482571.8593712,389573760.0,0.0,539937478.65,215629967.973904,539937478.65,359958319.1,1362634122.0056143,4803634122.005614,3441000000.0,1395853723.0,1395853723.0,0.0,False,14954496.091272978,14954496.091272978,0.0,1.0,14954496.091272978,0.0,1721874963.6174479,0.0,12,9464500000.0,9464500000.0,59
double_irma,baseline,,COMPOSITE,"{""double_irma"": 0.5195523859675778}",62383714581.57703,32411607756.378723,29972106825.198307,3979948150.8350525,12485863198.18569,0.0,14716873597.241623,1228922810.1163578,3979948150.8350525,12485863198.18569,4977191892.290957,24994914932.90735,23.590890180155714,1.9699417041114762,6.379787060660859,20.014619651829737,7.97835128234061,40.06641012090161,14716873597.241623,1228922810.1163578,4977191892.290957,20,13,7,Universal P&C Insurance Co.;First Protective Insurance Co.;Cypress P&C Insurance Co.;Tower Hill Insurance Exchange;Kin Interinsurance Network;Heritage P&C Insurance Co.;Florida Family Home Ins Co.;US Coastal P&C Insurance Co.;TypTap Insurance Co.;Homeowners Choice P&C Ins Co.;Edison Insurance Co.;Safe Harbor Insurance Co.;GeoVera Specialty Insurance Co;Auto Club Insurance Co. of FL;FL Farm Bureau General Ins Co.;State Farm FL Ins Co;AIG Property Casualty Co.;ASI Preferred Insurance Corp.;Castle Key Indemnity Co.;First Liberty Insurance Corp.,Universal P&C Insurance Co.;First Protective Insurance Co.;Cypress P&C Insurance Co.;Tower Hill Insurance Exchange;Kin Interinsurance Network;Heritage P&C Insurance Co.;Florida Family Home Ins Co.;US Coastal P&C Insurance Co.;TypTap Insurance Co.;Homeowners Choice P&C Ins Co.;Edison Insurance Co.;Safe Harbor Insurance Co.;GeoVera Specialty Insurance Co,777568696.1859975,7,30.467154307056973,849431126.4149098,0.0,0,1.0,2333522726.019626,363386040.0,244352349.11416674,539937478.65,359958319.1,539937478.65,359958319.1,1536191892.2909575,4977191892.290957,3441000000.0,1395853723.0,1395853723.0,0.0,False,126118931.49667548,126118931.49667548,0.0,1.0,126118931.49667548,0.0,2016301075.1901815,0.0,13,9464500000.0,9464500000.0,60
double_irma,baseline,,COMPOSITE,"{""double_irma"": 0.5406484627748251}",62383714581.577034,33727659390.71307,28656055190.863964,7430909471.039282,13836202206.003067,0.0,11579410424.723913,881137288.9468095,7430909471.039282,13836202206.003067,4762152527.876365,23893902662.987595,18.561591758986903,1.4124476153060375,11.911617512487393,22.179189390702188,7.633646953884194,38.30150676863328,11579410424.723913,881137288.9468095,4762152527.876365,16,12,4,Universal P&C Insurance Co.;First Protective Insurance Co.;Cypress P&C Insurance Co.;Tower Hill Insurance Exchange;Kin Interinsurance Network;Florida Family Home Ins Co.;US Coastal P&C Insurance Co.;TypTap Insurance Co.;Homeowners Choice P&C Ins Co.;Edison Insurance Co.;Safe Harbor Insurance Co.;GeoVera Specialty Insurance Co;FL Farm Bureau General Ins Co.;AIG Property Casualty Co.;ASI Preferred Insurance Corp.;Castle Key Indemnity Co.,Universal P&C Insurance Co.;First Protective Insurance Co.;Cypress P&C Insurance Co.;Tower Hill Insurance Exchange;Kin Interinsurance Network;Florida Family Home Ins Co.;US Coastal P&C Insurance Co.;TypTap Insurance Co.;Homeowners Choice P&C Ins Co.;Edison Insurance Co.;Safe Harbor Insurance Co.;GeoVera Specialty Insurance Co,445530205.13253987,4,28.44562846231369,620471258.732898,0.0,0,1.0,1379474464.5568163,385710360.0,0.0,539937478.65,263906686.00522697,539937478.65,359958319.1,1321152527.8763647,4762152527.876365,3441000000.0,1395853723.0,1395853723.0,0.0,False,34608747.4978235,34608747.4978235,0.0,1.0,34608747.4978235,0.0,1838070091.9598439,0.0,12,9464500000.0,9464500000.0,61
double_irma,baseline,,COMPOSITE,"{""double_irma"": 0.4578314489886884}",62383714581.577034,28561226440.180187,33822488141.396847,5972228598.6449585,12572817118.77323,0.0,9291586922.63717,724593800.1248269,5972228598.6449585,12572817118.77323,5606334039.443826,28216154101.953022,14.894250823244715,1.1615111491594503,9.573377665472742,20.154005260991937,8.986855106411811,45.22999999471934,9291586922.63717,724593800.1248269,5606334039.443826,15,11,4,Universal P&C Insurance Co.;First Protective Insurance Co.;Cypress P&C Insurance Co.;Tower Hill Insurance Exchange;Kin Interinsurance Network;US Coastal P&C Insurance Co.;TypTap Insurance Co.;Homeowners Choice P&C Ins Co.;Edison Insurance Co.;Safe Harbor Insurance Co.;GeoVera Specialty Insurance Co;FL Farm Bureau General Ins Co.;AIG Property Casualty Co.;ASI Preferred Insurance Corp.;Castle Key Indemnity Co.,Universal P&C Insurance Co.;First Protective Insurance Co.;Cypress P&C Insurance Co.;Tower Hill Insurance Exchange;Kin Interinsurance Network;US Coastal P&C Insurance Co.;TypTap Insurance Co.;Homeowners Choice P&C Ins Co.;Edison Insurance Co.;Safe Harbor Insurance Co.;GeoVera Specialty Insurance Co,303295064.03633875,4,28.09578743922402,381840535.7671467,0.0,0,1.0,636153214.2238251,389573760.0,0.0,539937478.65,105706711.05034971,539937478.65,359958319.1,2165334039.4438257,5606334039.443826,3441000000.0,1395853723.0,1395853723.0,0.0,False,12239754.7240818,12239754.7240818,0.0,1.0,12239754.7240818,0.0,1669379810.5166001,0.0,12,9464500000.0,9464500000.0,62
double_irma,baseline,,COMPOSITE,"{""double_irma"": 0.6436406396815993}",62383714581.57704,40152693959.00057,22231020622.57647,8829972125.463482,16710773932.091404,0.0,13505610520.189966,1106337381.2557151,8829972125.463482,16710773932.091404,3712318833.0113835,18518701789.565086,21.64925671832052,1.7734394123148849,14.154290402051695,26.78707743547284,5.950781959539956,29.685154072300097,13505610520.189966,1106337381.2557151,3712318833.0113835,19,13,6,Universal P&C Insurance Co.;First Protective Insurance Co.;Cypress P&C Insurance Co.;Tower Hill Insurance Exchange;Kin Interinsurance Network;Heritage P&C Insurance Co.;Florida Family Home Ins Co.;US Coastal P&C Insurance Co.;TypTap Insurance Co.;Homeowners Choice P&C Ins Co.;Edison Insurance Co.;Safe Harbor Insurance Co.;GeoVera Specialty Insurance Co;FL Farm Bureau General Ins Co.;State Farm FL Ins Co;AIG Property Casualty Co.;ASI Preferred Insurance Corp.;Castle Key Indemnity Co.;First Liberty Insurance Corp.,Universal P&C Insurance Co.;First Protective Insurance Co.;Cypress P&C Insurance Co.;Tower Hill Insurance Exchange;Kin Interinsurance Network;Heritage P&C Insurance Co.;Florida Family Home Ins Co.;US Coastal P&C Insurance Co.;TypTap Insurance Co.;Homeowners Choice P&C Ins Co.;Edison Insurance Co.;Safe Harbor Insurance Co.;GeoVera Specialty Insurance Co,583205546.2290266,6,30.467154307056973,751218773.9196496,0.0,0,1.0,1754562985.0051062,363386040.0,123341318.73273075,539937478.65,359958319.1,539937478.65,359958319.1,271318833.01138353,3712318833.0113835,3441000000.0,1395853723.0,1395853723.0,0.0,False,100468920.44526702,100468920.44526702,0.0,1.0,100468920.44526702,0.0,1995971028.9704285,0.0,13,9464500000.0,9464500000.0,63
double_irma,baseline,,COMPOSITE,"{""double_irma"": 0.40773286342890236}",62383714581.577034,25435890577.67778,36947824003.899254,5948838505.252306,11671770050.713284,0.0,7245558765.742261,569723255.9699252,5948838505.252306,11671770050.713284,6117005672.623765,30830818331.275494,11.614503583731766,0.9132563839636669,9.53588375612551,18.709642619069296,9.805452775058413,49.42126088205135,7245558765.742261,569723255.9699252,6117005672.623765,11,7,4,Universal P&C Insurance Co.;First Protective Insurance Co.;Cypress P&C Insurance Co.;Tower Hill Insurance Exchange;Kin Interinsurance Network;Homeowners Choice P&C Ins Co.;Edison Insurance Co.;FL Farm Bureau General Ins Co.;AIG Property Casualty Co.;ASI Preferred Insurance Corp.;Castle Key Indemnity Co.,Universal P&C Insurance Co.;First Protective Insurance Co.;Cypress P&C Insurance Co.;Tower Hill Insurance Exchange;Kin Interinsurance Network;Homeowners Choice P&C Ins Co.;Edison Insurance Co.,168280101.17994323,4,24.95048899234104,224259784.79381108,0.0,0,1.0,124126529.09008503,424308240.0,0.0,490232134.1852734,0.0,539937478.65,359958319.1,2676005672.623765,6117005672.623765,3441000000.0,1395853723.0,1395853723.0,0.0,False,3109604.6521307314,3109604.6521307314,0.0,1.0,3109604.6521307314,0.0,1512523178.9938269,0.0,11,9464500000.0,9464500000.0,64
double_irma,baseline,,COMPOSITE,"{""double_irma"": 0.35195612420105843}",62383714581.577034,21956330397.39691,40427384184.18012,2588337540.896578,7959395399.43046,0.0,10613366800.06808,795230657.0017903,2588337540.896578,7959395399.43046,6685556624.645018,33741827559.535103,17.013040777155624,1.2747407914639237,4.149059667666789,12.758771183819508,10.716829976359527,54.08755760353462,10613366800.06808,795230657.0017903,6685556624.645018,15,11,4,Universal P&C Insurance Co.;First Protective Insurance Co.;Cypress P&C Insurance Co.;Tower Hill Insurance Exchange;Kin Interinsurance Network;US Coastal P&C Insurance Co.;TypTap Insurance Co.;Homeowners Choice P&C Ins Co.;Edison Insurance Co.;Safe Harbor Insurance Co.;GeoVera Specialty Insurance Co;FL Farm Bureau General Ins Co.;AIG Property Casualty Co.;ASI Preferred Insurance Corp.;Castle Key Indemnity Co.,Universal P&C Insurance Co.;First Protective Insurance Co.;Cypress P&C Insurance Co.;Tower Hill Insurance Exchange;Kin Interinsurance Network;US Coastal P&C Insurance Co.;TypTap Insurance Co.;Homeowners Choice P&C Ins Co.;Edison Insurance Co.;Safe Harbor Insurance Co.;GeoVera Specialty Insurance Co,355219006.93960804,4,28.09578743922402,495686071.1052654,0.0,0,1.0,1015753562.0933995,389573760.0,0.0,539937478.65,179090455.67805433,539937478.65,359958319.1,3244556624.6450176,6685556624.645018,3441000000.0,1395853723.0,1395853723.0,0.0,False,33657222.412021585,33657222.412021585,0.0,1.0,33657222.412021585,0.0,1753437568.9921317,0.0,12,9464500000.0,9464500000.0,65
double_irma,baseline,,COMPOSITE,"{""double_irma"": 0.5362761521821924}",62383714581.57704,33454898414.640263,28928816166.936775,7543162956.249318,12814267357.396427,0.0,12055720999.757547,1041747101.2369711,7543162956.249318,12814267357.396427,4806720951.638453,24122095215.29832,19.3251092542633,1.669902326631599,12.091557879878062,20.54104575744628,7.70508935525612,38.66729542652463,12055720999.757547,1041747101.2369711,4806720951.638453,15,11,4,Universal P&C Insurance Co.;First Protective Insurance Co.;Cypress P&C Insurance Co.;Tower Hill Insurance Exchange;Kin Interinsurance Network;US Coastal P&C Insurance Co.;TypTap Insurance Co.;Homeowners Choice P&C Ins Co.;Edison Insurance Co.;Safe Harbor Insurance Co.;GeoVera Specialty Insurance Co;FL Farm Bureau General Ins Co.;AIG Property Casualty Co.;ASI Preferred Insurance Corp.;Castle Key Indemnity Co.,Universal P&C Insurance Co.;First Protective Insurance Co.;Cypress P&C Insurance Co.;Tower Hill Insurance Exchange;Kin Interinsurance Network;US Coastal P&C Insurance Co.;TypTap Insurance Co.;Homeowners Choice P&C Ins Co.;Edison Insurance Co.;Safe Harbor Insurance Co.;GeoVera Specialty Insurance Co,410977635.5311092,4,28.09578743922402,690031685.9608645,0.0,0,1.0,1338857624.0309694,389573760.0,52985510.094278455,539937478.65,359958319.1,539937478.65,359958319.1,1365720951.6384525,4806720951.638453,3441000000.0,1395853723.0,1395853723.0,0.0,False,319724303.3268299,319724303.3268299,0.0,1.0,319724303.3268299,0.0,1952318612.5199232,0.0,12,9464500000.0,9464500000.0,66
double_irma,baseline,,COMPOSITE,"{""double_irma"": 0.39458711240937927}",62383714581.57703,24615809798.115376,37767904783.461655,3888791769.5777426,8178856330.653288,0.0,11518501376.732496,1029660321.1518505,3888791769.5777426,8178856330.653288,6251004708.075683,31516900075.385983,18.46395562365904,1.650527430208407,6.233664980773955,13.110563206296542,10.020250877977874,50.521037881084204,11518501376.732496,1029660321.1518505,6251004708.075683,15,11,4,Universal P&C Insurance Co.;First Protective Insurance Co.;Cypress P&C Insurance Co.;Tower Hill Insurance Exchange;Kin Interinsurance Network;US Coastal P&C Insurance Co.;TypTap Insurance Co.;Homeowners Choice P&C Ins Co.;Edison Insurance Co.;Safe Harbor Insurance Co.;GeoVera Specialty Insurance Co;FL Farm Bureau General Ins Co.;AIG Property Casualty Co.;ASI Preferred Insurance Corp.;Castle Key Indemnity Co.,Universal P&C Insurance Co.;First Protective Insurance Co.;Cypress P&C Insurance Co.;Tower Hill Insurance Exchange;Kin Interinsurance Network;US Coastal P&C Insurance Co.;TypTap Insurance Co.;Homeowners Choice P&C Ins Co.;Edison Insurance Co.;Safe Harbor Insurance Co.;GeoVera Specialty Insurance Co,376377493.0354492,4,28.09578743922402,654981861.2603785,0.0,0,1.0,1364837443.551502,389573760.0,39665086.32557917,539937478.65,359958319.1,539937478.65,359958319.1,2810004708.0756826,6251004708.075683,3441000000.0,1395853723.0,1395853723.0,0.0,False,91593860.4466858,91593860.4466858,0.0,1.0,91593860.4466858,0.0,1824974997.0762262,0.0,12,9464500000.0,9464500000.0,67
double_irma,baseline,,COMPOSITE,"{""double_irma"": 0.5360521886440494}",62383714581.57703,33440926737.20007,28942787844.37696,5199956551.694997,15436506567.750607,0.0,11936918630.894928,867544986.8595352,5199956551.694997,15436506567.750607,4809003886.865431,24133783957.511536,19.134671141272666,1.3906593935266176,8.335439123130755,24.744449206474904,7.7087488603726255,38.68603227522244,11936918630.894928,867544986.8595352,4809003886.865431,15,11,4,Universal P&C Insurance Co.;First Protective Insurance Co.;Cypress P&C Insurance Co.;Tower Hill Insurance Exchange;Kin Interinsurance Network;US Coastal P&C Insurance Co.;TypTap Insurance Co.;Homeowners Choice P&C Ins Co.;Edison Insurance Co.;Safe Harbor Insurance Co.;GeoVera Specialty Insurance Co;FL Farm Bureau General Ins Co.;AIG Property Casualty Co.;ASI Preferred Insurance Corp.;Castle Key Indemnity Co.,Universal P&C Insurance Co.;First Protective Insurance Co.;Cypress P&C Insurance Co.;Tower Hill Insurance Exchange;Kin Interinsurance Network;US Coastal P&C Insurance Co.;TypTap Insurance Co.;Homeowners Choice P&C Ins Co.;Edison Insurance Co.;Safe Harbor Insurance Co.;GeoVera Specialty Insurance Co,411776950.991326,4,28.09578743922402,584286587.5228181,0.0,0,1.0,1331396609.313329,389573760.0,0.0,539937478.65,253434109.5566541,539937478.65,359958319.1,1368003886.8654308,4809003886.865431,3441000000.0,1395853723.0,1395853723.0,0.0,False,55633810.15384537,55633810.15384537,0.0,1.0,55633810.15384537,0.0,1849138650.101513,0.0,13,9464500000.0,9464500000.0,68
double_irma,baseline,,COMPOSITE,"{""double_irma"": 0.6258242194975596}",62383714581.57703,39041239487.37398,23342475094.20305,5547115514.631886,15846105255.552702,0.0,16276892622.520523,1371126094.6688714,5547115514.631886,15846105255.552702,3893927560.905427,19448547533.297623,26.09157330834443,2.1978910744019533,8.891928850081722,25.401028716927875,6.241897564168726,31.1756804860753,16276892622.520523,1371126094.6688714,3893927560.905427,21,14,7,Universal P&C Insurance Co.;First Protective Insurance Co.;Cypress P&C Insurance Co.;Florida Peninsula Insurance Co;Tower Hill Insurance Exchange;Kin Interinsurance Network;Heritage P&C Insurance Co.;Florida Family Home Ins Co.;US Coastal P&C Insurance Co.;TypTap Insurance Co.;Homeowners Choice P&C Ins Co.;Edison Insurance Co.;Safe Harbor Insurance Co.;GeoVera Specialty Insurance Co;FL Farm Bureau General Ins Co.;State Farm FL Ins Co;AIG Property Casualty Co.;ASI Preferred Insurance Corp.;ACE Ins Co. of the Midwest;Castle Key Indemnity Co.;First Liberty Insurance Corp.,Universal P&C Insurance Co.;First Protective Insurance Co.;Cypress P&C Insurance Co.;Florida Peninsula Insurance Co;Tower Hill Insurance Exchange;Kin Interinsurance Network;Heritage P&C Insurance Co.;Florida Family Home Ins Co.;US Coastal P&C Insurance Co.;TypTap Insurance Co.;Homeowners Choice P&C Ins Co.;Edison Insurance Co.;Safe Harbor Insurance Co.;GeoVera Specialty Insurance Co,1024919783.1889768,7,33.538670472629846,1087533964.978681,0.0,0,1.0,2943954584.0101357,329466360.0,385455944.62749624,539937478.65,359958319.1,539937478.65,359958319.1,452927560.905427,3893927560.905427,3441000000.0,1395853723.0,1395853723.0,0.0,False,224075507.31044108,224075507.31044108,0.0,1.0,224075507.31044108,0.0,2079751162.3903084,0.0,13,9464500000.0,9464500000.0,69
double_irma,baseline,,COMPOSITE,"{""double_irma"": 0.5181352167232615}",62383714581.577034,32323199474.72751,30060515106.849525,5758198186.509946,12079397764.01047,0.0,13510959761.792795,974643762.4142989,5758198186.509946,12079397764.01047,4991637572.231835,25068877534.617687,21.65783145876153,1.5623368517752991,9.230290669819203,19.363062691970125,8.001507453847498,40.184970873826344,13510959761.792795,974643762.4142989,4991637572.231835,19,13,6,Universal P&C Insurance Co.;First Protective Insurance Co.;Cypress P&C Insurance Co.;Tower Hill Insurance Exchange;Kin Interinsurance Network;Heritage P&C Insurance Co.;Florida Family Home Ins Co.;US Coastal P&C Insurance Co.;TypTap Insurance Co.;Homeowners Choice P&C Ins Co.;Edison Insurance Co.;Safe Harbor Insurance Co.;GeoVera Specialty Insurance Co;FL Farm Bureau General Ins Co.;State Farm FL Ins Co;AIG Property Casualty Co.;ASI Preferred Insurance Corp.;Castle Key Indemnity Co.;First Liberty Insurance Corp.,Universal P&C Insurance Co.;First Protective Insurance Co.;Cypress P&C Insurance Co.;Tower Hill Insurance Exchange;Kin Interinsurance Network;Heritage P&C Insurance Co.;Florida Family Home Ins Co.;US Coastal P&C Insurance Co.;TypTap Insurance Co.;Homeowners Choice P&C Ins Co.;Edison Insurance Co.;Safe Harbor Insurance Co.;GeoVera Specialty Insurance Co,561006796.4214401,6,30.467154307056973,753668918.6098695,0.0,0,1.0,1832385040.3579464,363386040.0,1157420.1594154835,539937478.65,359958319.1,539937478.65,359958319.1,1550637572.2318354,4991637572.231835,3441000000.0,1395853723.0,1395853723.0,0.0,False,49486653.77018107,49486653.77018107,0.0,1.0,49486653.77018107,0.0,2011228654.6631432,0.0,13,9464500000.0,9464500000.0,70
double_irma,baseline,,COMPOSITE,"{""double_irma"": 0.4639926105483853}",62383714581.577034,28945582584.4113,33438131997.165733,4396704395.81702,12391307998.77832,0.0,11222869205.394121,934700984.4218395,4396704395.81702,12391307998.77832,5543531259.668314,27894600737.49742,17.99006243964258,1.4983092794186905,7.047840009699328,19.863049326077935,8.88618335225811,44.71455559290336,11222869205.394121,934700984.4218395,5543531259.668314,15,11,4,Universal P&C Insurance Co.;First Protective Insurance Co.;Cypress P&C Insurance Co.;Tower Hill Insurance Exchange;Kin Interinsurance Network;US Coastal P&C Insurance Co.;TypTap Insurance Co.;Homeowners Choice P&C Ins Co.;Edison Insurance Co.;Safe Harbor Insurance Co.;GeoVera Specialty Insurance Co;FL Farm Bureau General Ins Co.;AIG Property Casualty Co.;ASI Preferred Insurance Corp.;Castle Key Indemnity Co.,Universal P&C Insurance Co.;First Protective Insurance Co.;Cypress P&C Insurance Co.;Tower Hill Insurance Exchange;Kin Interinsurance Network;US Coastal P&C Insurance Co.;TypTap Insurance Co.;Homeowners Choice P&C Ins Co.;Edison Insurance Co.;Safe Harbor Insurance Co.;GeoVera Specialty Insurance Co,369205788.710889,4,28.09578743922402,617389500.3511194,0.0,0,1.0,1307890747.1719403,389573760.0,0.0,539937478.65,310838255.318534,539937478.65,359958319.1,2102531259.668314,5543531259.668314,3441000000.0,1395853723.0,1395853723.0,0.0,False,17909390.27314062,17909390.27314062,0.0,1.0,17909390.27314062,0.0,1777378548.226388,0.0,12,9464500000.0,9464500000.0,71
double_irma,baseline,,COMPOSITE,"{""double_irma"": 0.5475927850819539}",62383714581.577034,34160872011.483467,28222842570.093567,4118159979.6414604,18753845957.545563,0.0,10454705340.45489,834160733.8415549,4118159979.6414604,18753845957.545563,4691366728.750814,23531475841.34275,16.758709240988896,1.337145021639825,6.6013381974173475,30.06208604814932,7.520178559768312,37.720542932036295,10454705340.45489,834160733.8415549,4691366728.750814,15,11,4,Universal P&C Insurance Co.;First Protective Insurance Co.;Cypress P&C Insurance Co.;Tower Hill Insurance Exchange;Kin Interinsurance Network;US Coastal P&C Insurance Co.;TypTap Insurance Co.;Homeowners Choice P&C Ins Co.;Edison Insurance Co.;Safe Harbor Insurance Co.;GeoVera Specialty Insurance Co;FL Farm Bureau General Ins Co.;AIG Property Casualty Co.;ASI Preferred Insurance Corp.;Castle Key Indemnity Co.,Universal P&C Insurance Co.;First Protective Insurance Co.;Cypress P&C Insurance Co.;Tower Hill Insurance Exchange;Kin Interinsurance Network;US Coastal P&C Insurance Co.;TypTap Insurance Co.;Homeowners Choice P&C Ins Co.;Edison Insurance Co.;Safe Harbor Insurance Co.;GeoVera Specialty Insurance Co,358121347.06451094,4,28.09578743922402,468677309.8848655,0.0,0,1.0,918155956.509789,389573760.0,0.0,539937478.65,213620505.87383544,539937478.65,359958319.1,1250366728.7508144,4691366728.750814,3441000000.0,1395853723.0,1395853723.0,0.0,False,8417112.149048587,8417112.149048587,0.0,1.0,8417112.149048587,0.0,1766769120.910787,0.0,12,9464500000.0,9464500000.0,72
double_irma,baseline,,COMPOSITE,"{""double_irma"": 0.5341344206722526}",62383714581.577034,33321289247.41381,29062425334.163223,5443889617.560167,13574048621.255049,0.0,13181734904.88534,1121616103.713255,5443889617.560167,13574048621.255049,4828552337.011771,24233872997.15145,21.130089789135656,1.797930936360893,8.726459548094688,21.758961793634032,7.740084682994694,38.84647324978004,13181734904.88534,1121616103.713255,4828552337.011771,17,12,5,Universal P&C Insurance Co.;First Protective Insurance Co.;Cypress P&C Insurance Co.;Tower Hill Insurance Exchange;Kin Interinsurance Network;Florida Family Home Ins Co.;US Coastal P&C Insurance Co.;TypTap Insurance Co.;Homeowners Choice P&C Ins Co.;Edison Insurance Co.;Safe Harbor Insurance Co.;GeoVera Specialty Insurance Co;FL Farm Bureau General Ins Co.;State Farm FL Ins Co;AIG Property Casualty Co.;ASI Preferred Insurance Corp.;Castle Key Indemnity Co.,Universal P&C Insurance Co.;First Protective Insurance Co.;Cypress P&C Insurance Co.;Tower Hill Insurance Exchange;Kin Interinsurance Network;Florida Family Home Ins Co.;US Coastal P&C Insurance Co.;TypTap Insurance Co.;Homeowners Choice P&C Ins Co.;Edison Insurance Co.;Safe Harbor Insurance Co.;GeoVera Specialty Insurance Co,567393226.772728,5,28.44562846231369,822613694.7312553,0.0,0,1.0,1825364407.1536345,385710360.0,135878731.474867,539937478.65,359958319.1,539937478.65,359958319.1,1387552337.0117712,4828552337.011771,3441000000.0,1395853723.0,1395853723.0,0.0,False,61282869.30988987,61282869.30988987,0.0,1.0,61282869.30988987,0.0,1912509567.294229,0.0,13,9464500000.0,9464500000.0,73
double_irma,baseline,,COMPOSITE,"{""double_irma"": 0.45720553821641513}",62383714581.57703,28522179801.209156,33861534780.367874,6280435013.255634,12319230453.990519,0.0,9200149519.517174,722364814.4458294,6280435013.255634,12319230453.990519,5612714157.220211,28248820623.147667,14.747678270242236,1.1579381242218558,10.067427140849277,19.74751028632815,8.997082323273101,45.282363855085386,9200149519.517174,722364814.4458294,5612714157.220211,15,11,4,Universal P&C Insurance Co.;First Protective Insurance Co.;Cypress P&C Insurance Co.;Tower Hill Insurance Exchange;Kin Interinsurance Network;US Coastal P&C Insurance Co.;TypTap Insurance Co.;Homeowners Choice P&C Ins Co.;Edison Insurance Co.;Safe Harbor Insurance Co.;GeoVera Specialty Insurance Co;FL Farm Bureau General Ins Co.;AIG Property Casualty Co.;ASI Preferred Insurance Corp.;Castle Key Indemnity Co.,Universal P&C Insurance Co.;First Protective Insurance Co.;Cypress P&C Insurance Co.;Tower Hill Insurance Exchange;Kin Interinsurance Network;US Coastal P&C Insurance Co.;TypTap Insurance Co.;Homeowners Choice P&C Ins Co.;Edison Insurance Co.;Safe Harbor Insurance Co.;GeoVera Specialty Insurance Co,280957887.43807316,4,28.09578743922402,385231254.0872575,0.0,0,1.0,585762114.945214,389573760.0,0.0,539937478.65,102972426.88027012,539937478.65,359958319.1,2171714157.220211,5612714157.220211,3441000000.0,1395853723.0,1395853723.0,0.0,False,12772336.992875507,12772336.992875507,0.0,1.0,12772336.992875507,0.0,1678208394.5213358,0.0,12,9464500000.0,9464500000.0,74
double_irma,baseline,,COMPOSITE,"{""double_irma"": 0.550459674553452}",62383714581.577034,34339719226.010338,28043995355.566696,5368612595.453578,16114769142.73097,0.0,11964472356.370733,891865131.4550582,5368612595.453578,16114769142.73097,4662143565.817217,23381851789.74948,19.17883927980147,1.4296441586350184,8.605791802335252,25.831692214573472,7.473334342283662,37.48069820237113,11964472356.370733,891865131.4550582,4662143565.817217,16,12,4,Universal P&C Insurance Co.;First Protective Insurance Co.;Cypress P&C Insurance Co.;Tower Hill Insurance Exchange;Kin Interinsurance Network;Florida Family Home Ins Co.;US Coastal P&C Insurance Co.;TypTap Insurance Co.;Homeowners Choice P&C Ins Co.;Edison Insurance Co.;Safe Harbor Insurance Co.;GeoVera Specialty Insurance Co;FL Farm Bureau General Ins Co.;AIG Property Casualty Co.;ASI Preferred Insurance Corp.;Castle Key Indemnity Co.,Universal P&C Insurance Co.;First Protective Insurance Co.;Cypress P&C Insurance Co.;Tower Hill Insurance Exchange;Kin Interinsurance Network;Florida Family Home Ins Co.;US Coastal P&C Insurance Co.;TypTap Insurance Co.;Homeowners Choice P&C Ins Co.;Edison Insurance Co.;Safe Harbor Insurance Co.;GeoVera Specialty Insurance Co,442264283.9282944,4,28.44562846231369,706934820.6416376,0.0,0,1.0,1467512899.549144,385710360.0,0.0,539937478.65,276135449.66778886,539937478.65,359958319.1,1221143565.8172169,4662143565.817217,3441000000.0,1395853723.0,1395853723.0,0.0,False,30044636.49707225,30044636.49707225,0.0,1.0,30044636.49707225,0.0,1902800897.9115212,0.0,13,9464500000.0,9464500000.0,75
double_irma,baseline,,COMPOSITE,"{""double_irma"": 0.63622487367923}",62383714581.577034,39690070929.30499,22693643652.27204,6162686790.733615,16587196886.400621,0.0,15726912991.027243,1213274261.1435132,6162686790.733615,16587196886.400621,3787910215.3507304,18905733436.92131,25.20996560803012,1.9448573546497558,9.878678805948436,26.588985599294695,6.071953619237294,30.305559012839694,15726912991.027243,1213274261.1435132,3787910215.3507304,22,15,7,Universal P&C Insurance Co.;First Protective Insurance Co.;Cypress P&C Insurance Co.;Florida Peninsula Insurance Co;Tower Hill Insurance Exchange;Kin Interinsurance Network;Heritage P&C Insurance Co.;Florida Family Home Ins Co.;US Coastal P&C Insurance Co.;TypTap Insurance Co.;Homeowners Choice P&C Ins Co.;Edison Insurance Co.;Safe Harbor Insurance Co.;GeoVera Specialty Insurance Co;American Platinum P&C Ins Co.;FL Farm Bureau General Ins Co.;State Farm FL Ins Co;AIG Property Casualty Co.;ASI Preferred Insurance Corp.;ACE Ins Co. of the Midwest;Castle Key Indemnity Co.;First Liberty Insurance Corp.,Universal P&C Insurance Co.;First Protective Insurance Co.;Cypress P&C Insurance Co.;Florida Peninsula Insurance Co;Tower Hill Insurance Exchange;Kin Interinsurance Network;Heritage P&C Insurance Co.;Florida Family Home Ins Co.;US Coastal P&C Insurance Co.;TypTap Insurance Co.;Homeowners Choice P&C Ins Co.;Edison Insurance Co.;Safe Harbor Insurance Co.;GeoVera Specialty Insurance Co;American Platinum P&C Ins Co.,821979050.3009814,7,33.69602015223382,849442639.9206839,51086.2296907343,1,0.9811320754716981,2714851849.765803,327728700.0,234517558.15197372,539937478.65,359958319.1,539937478.65,359958319.1,346910215.3507304,3787910215.3507304,3441000000.0,1395853723.0,1395853723.0,0.0,False,170547839.6393251,170547839.6393251,0.0,1.0,170547839.6393251,0.0,2077053904.1632817,0.0,13,9464500000.0,9464500000.0,76
double_irma,baseline,,COMPOSITE,"{""double_irma"": 0.5471397201572555}",62383714581.57704,34132608138.53417,28251106443.04287,5625668531.78884,14772156264.368164,0.0,12738723375.292686,996059967.0844741,5625668531.78884,14772156264.368164,4695984971.011487,23555121472.03138,20.41995007949502,1.5966666521307589,9.017847958432078,23.679507325667696,7.5275815210886625,37.75844646318577,12738723375.292686,996059967.0844741,4695984971.011487,18,12,6,Universal P&C Insurance Co.;First Protective Insurance Co.;Cypress P&C Insurance Co.;Tower Hill Insurance Exchange;Kin Interinsurance Network;Florida Family Home Ins Co.;US Coastal P&C Insurance Co.;TypTap Insurance Co.;Homeowners Choice P&C Ins Co.;Edison Insurance Co.;Safe Harbor Insurance Co.;GeoVera Specialty Insurance Co;FL Farm Bureau General Ins Co.;State Farm FL Ins Co;AIG Property Casualty Co.;ASI Preferred Insurance Corp.;Castle Key Indemnity Co.;First Liberty Insurance Corp.,Universal P&C Insurance Co.;First Protective Insurance Co.;Cypress P&C Insurance Co.;Tower Hill Insurance Exchange;Kin Interinsurance Network;Florida Family Home Ins Co.;US Coastal P&C Insurance Co.;TypTap Insurance Co.;Homeowners Choice P&C Ins Co.;Edison Insurance Co.;Safe Harbor Insurance Co.;GeoVera Specialty Insurance Co,602651277.08291,6,28.44562846231369,806067234.857944,0.0,0,1.0,1628303607.816533,385710360.0,16914801.736531377,539937478.65,359958319.1,539937478.65,359958319.1,1254984971.011487,4695984971.011487,3441000000.0,1395853723.0,1395853723.0,0.0,False,34921791.049641214,34921791.049641214,0.0,1.0,34921791.049641214,0.0,1974073724.8629413,0.0,13,9464500000.0,9464500000.0,77
double_irma,baseline,,COMPOSITE,"{""double_irma"": 0.7220689352732942}",62383714581.57704,45045342366.31242,17338372215.264618,7161002698.4190445,20025945679.259834,0.0,16529132160.729815,1329261827.9037235,7161002698.4190445,20025945679.259834,2912872993.3771677,14425499221.887451,26.495908862745317,2.1307833892537666,11.478961691283784,32.10123958404656,4.66928430426839,23.12382216840217,16529132160.729815,1329261827.9037235,2912872993.3771677,24,15,9,Universal P&C Insurance Co.;First Protective Insurance Co.;Cypress P&C Insurance Co.;Florida Peninsula Insurance Co;Tower Hill Insurance Exchange;Kin Interinsurance Network;Heritage P&C Insurance Co.;Florida Family Home Ins Co.;US Coastal P&C Insurance Co.;TypTap Insurance Co.;Homeowners Choice P&C Ins Co.;Edison Insurance Co.;Safe Harbor Insurance Co.;GeoVera Specialty Insurance Co;Auto Club Insurance Co. of FL;American Platinum P&C Ins Co.;FL Farm Bureau General Ins Co.;Homesite Insurance Co.;State Farm FL Ins Co;AIG Property Casualty Co.;ASI Preferred Insurance Corp.;ACE Ins Co. of the Midwest;Castle Key Indemnity Co.;First Liberty Insurance Corp.,Universal P&C Insurance Co.;First Protective Insurance Co.;Cypress P&C Insurance Co.;Florida Peninsula Insurance Co;Tower Hill Insurance Exchange;Kin Interinsurance Network;Heritage P&C Insurance Co.;Florida Family Home Ins Co.;US Coastal P&C Insurance Co.;TypTap Insurance Co.;Homeowners Choice P&C Ins Co.;Edison Insurance Co.;Safe Harbor Insurance Co.;GeoVera Specialty Insurance Co;American Platinum P&C Ins Co.,1107599581.696907,9,33.69602015223382,1082954439.3205144,447265.7900580615,1,0.9811320754716981,3128727684.5296645,327728700.0,347588669.461504,539937478.65,359958319.1,539937478.65,359958319.1,0.0,2912872993.3771677,2912872993.3771677,1395853723.0,1395853723.0,0.0,False,140832793.8160718,140832793.8160718,0.0,1.0,140832793.8160718,0.0,2093576851.5935252,0.0,13,9464500000.0,9464500000.0,78
double_irma,baseline,,COMPOSITE,"{""double_irma"": 0.4070666967017351}",62383714581.57704,25394332622.706436,36989381958.870605,2874154197.1821847,7527589844.457625,0.0,13874779513.83875,1117809067.2278724,2874154197.1821847,7527589844.457625,6123796132.808048,30865585826.062553,22.241028138353606,1.7918283236663501,4.607218753259317,12.066594454894242,9.81633776360042,49.47699256622606,13874779513.83875,1117809067.2278724,6123796132.808048,19,13,6,Universal P&C Insurance Co.;First Protective Insurance Co.;Cypress P&C Insurance Co.;Tower Hill Insurance Exchange;Kin Interinsurance Network;Heritage P&C Insurance Co.;Florida Family Home Ins Co.;US Coastal P&C Insurance Co.;TypTap Insurance Co.;Homeowners Choice P&C Ins Co.;Edison Insurance Co.;Safe Harbor Insurance Co.;GeoVera Specialty Insurance Co;FL Farm Bureau General Ins Co.;State Farm FL Ins Co;AIG Property Casualty Co.;ASI Preferred Insurance Corp.;Castle Key Indemnity Co.;First Liberty Insurance Corp.,Universal P&C Insurance Co.;First Protective Insurance Co.;Cypress P&C Insurance Co.;Tower Hill Insurance Exchange;Kin Interinsurance Network;Heritage P&C Insurance Co.;Florida Family Home Ins Co.;US Coastal P&C Insurance Co.;TypTap Insurance Co.;Homeowners Choice P&C Ins Co.;Edison Insurance Co.;Safe Harbor Insurance Co.;GeoVera Specialty Insurance Co,662943589.3077153,6,30.467154307056973,852490008.9651773,0.0,0,1.0,2026551518.5857625,363386040.0,136046044.61168456,539937478.65,359958319.1,539937478.65,359958319.1,2682796132.8080482,6123796132.808048,3441000000.0,1395853723.0,1395853723.0,0.0,False,109808747.38008729,109808747.38008729,0.0,1.0,109808747.38008729,0.0,1946334907.0111296,0.0,13,9464500000.0,9464500000.0,79
double_irma,baseline,,COMPOSITE,"{""double_irma"": 0.447168930795704}",62383714581.57703,27896058948.50818,34487655633.06885,5633068886.911672,10037756676.96964,0.0,11407090316.35331,818143068.273557,5633068886.911672,10037756676.96964,5715020652.420636,28772634980.648212,18.285365648492526,1.3114689847519412,9.029710597860443,16.090347848465505,9.16107784019065,46.12202908023894,11407090316.35331,818143068.273557,5715020652.420636,17,12,5,Universal P&C Insurance Co.;First Protective Insurance Co.;Cypress P&C Insurance Co.;Tower Hill Insurance Exchange;Kin Interinsurance Network;Florida Family Home Ins Co.;US Coastal P&C Insurance Co.;TypTap Insurance Co.;Homeowners Choice P&C Ins Co.;Edison Insurance Co.;Safe Harbor Insurance Co.;GeoVera Specialty Insurance Co;FL Farm Bureau General Ins Co.;State Farm FL Ins Co;AIG Property Casualty Co.;ASI Preferred Insurance Corp.;Castle Key Indemnity Co.,Universal P&C Insurance Co.;First Protective Insurance Co.;Cypress P&C Insurance Co.;Tower Hill Insurance Exchange;Kin Interinsurance Network;Florida Family Home Ins Co.;US Coastal P&C Insurance Co.;TypTap Insurance Co.;Homeowners Choice P&C Ins Co.;Edison Insurance Co.;Safe Harbor Insurance Co.;GeoVera Specialty Insurance Co,438379130.5898453,5,28.44562846231369,529112703.9932649,0.0,0,1.0,1188385501.198449,385710360.0,0.0,539937478.65,205066071.54571688,539937478.65,359958319.1,2274020652.420636,5715020652.420636,3441000000.0,1395853723.0,1395853723.0,0.0,False,32427527.346176162,32427527.346176162,0.0,1.0,32427527.346176162,0.0,1809976689.0391357,0.0,12,9464500000.0,9464500000.0,80
double_irma,baseline,,COMPOSITE,"{""double_irma"": 0.5019980930062454}",62383714581.577034,31316505754.59758,31067208826.979454,5237460194.080451,12392225261.233015,0.0,12680041499.594995,1006778799.6891195,5237460194.080451,12392225261.233015,5156128669.7611475,25911080157.218307,20.325884062279975,1.6138487527423355,8.39555680390209,19.86451968170015,8.265183797317256,41.5350069020582,12680041499.594995,1006778799.6891195,5156128669.7611475,17,12,5,Universal P&C Insurance Co.;First Protective Insurance Co.;Cypress P&C Insurance Co.;Tower Hill Insurance Exchange;Kin Interinsurance Network;Florida Family Home Ins Co.;US Coastal P&C Insurance Co.;TypTap Insurance Co.;Homeowners Choice P&C Ins Co.;Edison Insurance Co.;Safe Harbor Insurance Co.;GeoVera Specialty Insurance Co;FL Farm Bureau General Ins Co.;State Farm FL Ins Co;AIG Property Casualty Co.;ASI Preferred Insurance Corp.;Castle Key Indemnity Co.,Universal P&C Insurance Co.;First Protective Insurance Co.;Cypress P&C Insurance Co.;Tower Hill Insurance Exchange;Kin Interinsurance Network;Florida Family Home Ins Co.;US Coastal P&C Insurance Co.;TypTap Insurance Co.;Homeowners Choice P&C Ins Co.;Edison Insurance Co.;Safe Harbor Insurance Co.;GeoVera Specialty Insurance Co,537640241.9063146,5,28.44562846231369,679413198.3155609,0.0,0,1.0,1580690391.5854943,385710360.0,26551449.87618935,539937478.65,359958319.1,539937478.65,359958319.1,1715128669.7611475,5156128669.7611475,3441000000.0,1395853723.0,1395853723.0,0.0,False,26074758.08670192,26074758.08670192,0.0,1.0,26074758.08670192,0.0,1951013335.4080458,0.0,13,9464500000.0,9464500000.0,81
double_irma,baseline,,COMPOSITE,"{""double_irma"": 0.5732059369072313}",62383714581.577034,35758715564.486176,26624999017.09086,7473677739.370322,17473813416.2215,0.0,10036909465.548803,774314943.3455544,7473677739.370322,17473813416.2215,4430283308.383764,22194715708.707092,16.088989783421574,1.241213269423079,11.980174296285693,28.0102163415928,7.101666417427638,35.57773989184922,10036909465.548803,774314943.3455544,4430283308.383764,15,11,4,Universal P&C Insurance Co.;First Protective Insurance Co.;Cypress P&C Insurance Co.;Tower Hill Insurance Exchange;Kin Interinsurance Network;US Coastal P&C Insurance Co.;TypTap Insurance Co.;Homeowners Choice P&C Ins Co.;Edison Insurance Co.;Safe Harbor Insurance Co.;GeoVera Specialty Insurance Co;FL Farm Bureau General Ins Co.;AIG Property Casualty Co.;ASI Preferred Insurance Corp.;Castle Key Indemnity Co.,Universal P&C Insurance Co.;First Protective Insurance Co.;Cypress P&C Insurance Co.;Tower Hill Insurance Exchange;Kin Interinsurance Network;US Coastal P&C Insurance Co.;TypTap Insurance Co.;Homeowners Choice P&C Ins Co.;Edison Insurance Co.;Safe Harbor Insurance Co.;GeoVera Specialty Insurance Co,319140516.5914595,4,28.09578743922402,406338000.7632506,0.0,0,1.0,847639564.6280463,389573760.0,0.0,539937478.65,156197230.95780277,539937478.65,359958319.1,989283308.3837643,4430283308.383764,3441000000.0,1395853723.0,1395853723.0,0.0,False,15614727.324640974,15614727.324640974,0.0,1.0,15614727.324640974,0.0,1748098868.9747887,0.0,12,9464500000.0,9464500000.0,82
double_irma,baseline,,COMPOSITE,"{""double_irma"": 0.427900403427418}",62383714581.577034,26694016636.757713,35689697944.81932,4311464941.910736,9096094954.248177,0.0,12318993621.970284,967463118.6285176,4311464941.910736,9096094954.248177,5911431194.358841,29778266750.460484,19.747130648754748,1.5508264057655616,6.911202660548183,14.580880627673313,9.475920493045772,47.73403916421243,12318993621.970284,967463118.6285176,5911431194.358841,19,13,6,Universal P&C Insurance Co.;First Protective Insurance Co.;Cypress P&C Insurance Co.;Tower Hill Insurance Exchange;Kin Interinsurance Network;Heritage P&C Insurance Co.;Florida Family Home Ins Co.;US Coastal P&C Insurance Co.;TypTap Insurance Co.;Homeowners Choice P&C Ins Co.;Edison Insurance Co.;Safe Harbor Insurance Co.;GeoVera Specialty Insurance Co;FL Farm Bureau General Ins Co.;State Farm FL Ins Co;AIG Property Casualty Co.;ASI Preferred Insurance Corp.;Castle Key Indemnity Co.;First Liberty Insurance Corp.,Universal P&C Insurance Co.;First Protective Insurance Co.;Cypress P&C Insurance Co.;Tower Hill Insurance Exchange;Kin Interinsurance Network;Heritage P&C Insurance Co.;Florida Family Home Ins Co.;US Coastal P&C Insurance Co.;TypTap Insurance Co.;Homeowners Choice P&C Ins Co.;Edison Insurance Co.;Safe Harbor Insurance Co.;GeoVera Specialty Insurance Co,460568667.00494075,6,30.467154307056973,758766428.3603296,0.0,0,1.0,1551576187.5182245,363386040.0,0.0,539937478.65,347517885.22195005,539937478.65,359958319.1,2470431194.358841,5911431194.358841,3441000000.0,1395853723.0,1395853723.0,0.0,False,106049384.9165668,106049384.9165668,0.0,1.0,106049384.9165668,0.0,1819919740.7689533,0.0,12,9464500000.0,9464500000.0,83
double_irma,baseline,,COMPOSITE,"{""double_irma"": 0.6425896615742359}",62383714581.57703,40087130040.719315,22296584540.857716,7280557874.577022,19972929416.018272,0.0,11857704514.405142,975938235.7188802,7280557874.577022,19972929416.018272,3723031804.2565136,18573552736.6012,19.00769230229026,1.564411869772005,11.670606541161456,32.016255444199885,5.967954664495064,29.773079178081336,11857704514.405142,975938235.7188802,3723031804.2565136,16,12,4,Universal P&C Insurance Co.;First Protective Insurance Co.;Cypress P&C Insurance Co.;Tower Hill Insurance Exchange;Kin Interinsurance Network;Florida Family Home Ins Co.;US Coastal P&C Insurance Co.;TypTap Insurance Co.;Homeowners Choice P&C Ins Co.;Edison Insurance Co.;Safe Harbor Insurance Co.;GeoVera Specialty Insurance Co;FL Farm Bureau General Ins Co.;AIG Property Casualty Co.;ASI Preferred Insurance Corp.;Castle Key Indemnity Co.,Universal P&C Insurance Co.;First Protective Insurance Co.;Cypress P&C Insurance Co.;Tower Hill Insurance Exchange;Kin Interinsurance Network;Florida Family Home Ins Co.;US Coastal P&C Insurance Co.;TypTap Insurance Co.;Homeowners Choice P&C Ins Co.;Edison Insurance Co.;Safe Harbor Insurance Co.;GeoVera Specialty Insurance Co,433457626.2284683,4,28.44562846231369,653696285.1465898,0.0,0,1.0,1367946750.880593,385710360.0,0.0,539937478.65,352927653.16053414,539937478.65,359958319.1,282031804.2565136,3723031804.2565136,3441000000.0,1395853723.0,1395853723.0,0.0,False,28382962.224068496,28382962.224068496,0.0,1.0,28382962.224068496,0.0,1885533281.656553,0.0,13,9464500000.0,9464500000.0,84
double_irma,baseline,,COMPOSITE,"{""double_irma"": 0.47112929059666764}",62383714581.577034,29390795195.603386,32992919385.973648,6023634151.770434,12410456315.964142,0.0,10080482415.07985,876222312.7889626,6023634151.770434,12410456315.964142,5470784693.771961,27522134692.201687,16.15883645706597,1.4045689947544835,9.655779865262009,19.89374374258432,8.769571883408778,44.117499056924444,10080482415.07985,876222312.7889626,5470784693.771961,15,11,4,Universal P&C Insurance Co.;First Protective Insurance Co.;Cypress P&C Insurance Co.;Tower Hill Insurance Exchange;Kin Interinsurance Network;US Coastal P&C Insurance Co.;TypTap Insurance Co.;Homeowners Choice P&C Ins Co.;Edison Insurance Co.;Safe Harbor Insurance Co.;GeoVera Specialty Insurance Co;FL Farm Bureau General Ins Co.;AIG Property Casualty Co.;ASI Preferred Insurance Corp.;Castle Key Indemnity Co.,Universal P&C Insurance Co.;First Protective Insurance Co.;Cypress P&C Insurance Co.;Tower Hill Insurance Exchange;Kin Interinsurance Network;US Coastal P&C Insurance Co.;TypTap Insurance Co.;Homeowners Choice P&C Ins Co.;Edison Insurance Co.;Safe Harbor Insurance Co.;GeoVera Specialty Insurance Co,341157284.1457672,4,28.09578743922402,425517180.648945,0.0,0,1.0,848700737.5882804,389573760.0,0.0,539937478.65,249009350.0373832,539937478.65,359958319.1,2029784693.7719612,5470784693.771961,3441000000.0,1395853723.0,1395853723.0,0.0,False,13398818.177676063,13398818.177676063,0.0,1.0,13398818.177676063,0.0,1733428224.835048,0.0,12,9464500000.0,9464500000.0,85
double_irma,baseline,,COMPOSITE,"{""double_irma"": 0.548686065089926}",62383714581.577034,34229074879.45855,28154639702.118484,8680591776.162975,16710790001.602598,0.0,8139804660.649659,697888441.0433124,8680591776.162975,16710790001.602598,4680222560.089048,23474417142.029438,13.047964064412223,1.118702927076758,13.914836322886263,26.787103194617362,7.502314652919365,37.62907883808803,8139804660.649659,697888441.0433124,4680222560.089048,12,8,4,Universal P&C Insurance Co.;First Protective Insurance Co.;Cypress P&C Insurance Co.;Tower Hill Insurance Exchange;Kin Interinsurance Network;Homeowners Choice P&C Ins Co.;Edison Insurance Co.;Safe Harbor Insurance Co.;FL Farm Bureau General Ins Co.;AIG Property Casualty Co.;ASI Preferred Insurance Corp.;Castle Key Indemnity Co.,Universal P&C Insurance Co.;First Protective Insurance Co.;Cypress P&C Insurance Co.;Tower Hill Insurance Exchange;Kin Interinsurance Network;Homeowners Choice P&C Ins Co.;Edison Insurance Co.;Safe Harbor Insurance Co.,227277014.7818535,4,25.563137285625935,205421019.715582,0.0,0,1.0,256363005.57412887,417542580.0,0.0,539937478.65,71833952.99285829,539937478.65,359958319.1,1239222560.0890484,4680222560.089048,3441000000.0,1395853723.0,1395853723.0,0.0,False,4381238.7615358345,4381238.7615358345,0.0,1.0,4381238.7615358345,0.0,1611242291.703198,0.0,11,9464500000.0,9464500000.0,86
double_irma,baseline,,COMPOSITE,"{""double_irma"": 0.5900275773898684}",62383714581.577034,36808111983.14892,25575602598.428116,5613655047.689017,20765857990.632828,0.0,9586430099.484642,842168845.3424263,5613655047.689017,20765857990.632828,4258814702.592835,21316787895.83528,15.366879262934555,1.3499818838795679,8.998590554187398,33.28730603798533,6.826805250629521,34.17043701038362,9586430099.484642,842168845.3424263,4258814702.592835,15,11,4,Universal P&C Insurance Co.;First Protective Insurance Co.;Cypress P&C Insurance Co.;Tower Hill Insurance Exchange;Kin Interinsurance Network;US Coastal P&C Insurance Co.;TypTap Insurance Co.;Homeowners Choice P&C Ins Co.;Edison Insurance Co.;Safe Harbor Insurance Co.;GeoVera Specialty Insurance Co;FL Farm Bureau General Ins Co.;AIG Property Casualty Co.;ASI Preferred Insurance Corp.;Castle Key Indemnity Co.,Universal P&C Insurance Co.;First Protective Insurance Co.;Cypress P&C Insurance Co.;Tower Hill Insurance Exchange;Kin Interinsurance Network;US Coastal P&C Insurance Co.;TypTap Insurance Co.;Homeowners Choice P&C Ins Co.;Edison Insurance Co.;Safe Harbor Insurance Co.;GeoVera Specialty Insurance Co,301422131.7926902,4,28.09578743922402,477240737.86443627,0.0,0,1.0,751992376.4046421,389573760.0,0.0,539937478.65,214135420.74151504,539937478.65,359958319.1,817814702.592835,4258814702.592835,3441000000.0,1395853723.0,1395853723.0,0.0,False,8550309.050440669,8550309.050440669,0.0,1.0,8550309.050440669,0.0,1686872529.326384,0.0,12,9464500000.0,9464500000.0,87
double_irma,baseline,,COMPOSITE,"{""double_irma"": 0.4672569215644936}",62383714581.577034,29149222431.1457,33234492150.431335,5261691983.784439,10537601498.162529,0.0,12330107995.603195,1019820953.5955373,5261691983.784439,10537601498.162529,5510257046.0517645,27724235104.37957,19.764946794695174,1.634755096639769,8.434399937669479,16.89159032744495,8.832845371601255,44.44146247194938,12330107995.603195,1019820953.5955373,5510257046.0517645,16,12,4,Universal P&C Insurance Co.;First Protective Insurance Co.;Cypress P&C Insurance Co.;Tower Hill Insurance Exchange;Kin Interinsurance Network;Florida Family Home Ins Co.;US Coastal P&C Insurance Co.;TypTap Insurance Co.;Homeowners Choice P&C Ins Co.;Edison Insurance Co.;Safe Harbor Insurance Co.;GeoVera Specialty Insurance Co;FL Farm Bureau General Ins Co.;AIG Property Casualty Co.;ASI Preferred Insurance Corp.;Castle Key Indemnity Co.,Universal P&C Insurance Co.;First Protective Insurance Co.;Cypress P&C Insurance Co.;Tower Hill Insurance Exchange;Kin Interinsurance Network;Florida Family Home Ins Co.;US Coastal P&C Insurance Co.;TypTap Insurance Co.;Homeowners Choice P&C Ins Co.;Edison Insurance Co.;Safe Harbor Insurance Co.;GeoVera Specialty Insurance Co,454855867.94947815,4,28.44562846231369,696835989.1691246,0.0,0,1.0,1534322117.2149317,385710360.0,36358618.743358135,539937478.65,359958319.1,539937478.65,359958319.1,2069257046.0517645,5510257046.0517645,3441000000.0,1395853723.0,1395853723.0,0.0,False,47895887.089857034,47895887.089857034,0.0,1.0,47895887.089857034,0.0,1887635332.525251,0.0,13,9464500000.0,9464500000.0,88
double_irma,baseline,,COMPOSITE,"{""double_irma"": 0.6288929078580254}",62383714581.577034,39232675666.19309,23151038915.38394,6763165136.682627,17233071989.668526,0.0,13982073984.562475,1254364555.27947,6763165136.682627,17233071989.668526,3862647394.4246936,19288391520.95925,22.41301929252481,2.0107243752521033,10.841235059574192,27.624312058451462,6.19175600608656,30.91895320811089,13982073984.562475,1254364555.27947,3862647394.4246936,20,13,7,Universal P&C Insurance Co.;First Protective Insurance Co.;Cypress P&C Insurance Co.;Tower Hill Insurance Exchange;Kin Interinsurance Network;Heritage P&C Insurance Co.;Florida Family Home Ins Co.;US Coastal P&C Insurance Co.;TypTap Insurance Co.;Homeowners Choice P&C Ins Co.;Edison Insurance Co.;Safe Harbor Insurance Co.;GeoVera Specialty Insurance Co;FL Farm Bureau General Ins Co.;State Farm FL Ins Co;AIG Property Casualty Co.;ASI Preferred Insurance Corp.;ACE Ins Co. of the Midwest;Castle Key Indemnity Co.;First Liberty Insurance Corp.,Universal P&C Insurance Co.;First Protective Insurance Co.;Cypress P&C Insurance Co.;Tower Hill Insurance Exchange;Kin Interinsurance Network;Heritage P&C Insurance Co.;Florida Family Home Ins Co.;US Coastal P&C Insurance Co.;TypTap Insurance Co.;Homeowners Choice P&C Ins Co.;Edison Insurance Co.;Safe Harbor Insurance Co.;GeoVera Specialty Insurance Co,714820009.803421,7,30.467154307056973,765857475.0884874,0.0,0,1.0,1912255458.369577,363386040.0,264518474.06549525,539937478.65,359958319.1,539937478.65,359958319.1,421647394.4246936,3862647394.4246936,3441000000.0,1395853723.0,1395853723.0,0.0,False,36293386.30040944,36293386.30040944,0.0,1.0,36293386.30040944,0.0,2021810112.7964306,0.0,13,9464500000.0,9464500000.0,89
double_irma,baseline,,COMPOSITE,"{""double_irma"": 0.4246533261605665}",62383714581.577034,26491451895.318123,35892262686.25891,5624500837.085861,11227451873.77871,0.0,8922039674.074629,717459510.378923,5624500837.085861,11227451873.77871,5944529738.607074,29947732947.65184,14.301873067221068,1.15007500786239,9.01597616430951,17.997408376663685,9.528976878787198,48.00569050515615,8922039674.074629,717459510.378923,5944529738.607074,15,11,4,Universal P&C Insurance Co.;First Protective Insurance Co.;Cypress P&C Insurance Co.;Tower Hill Insurance Exchange;Kin Interinsurance Network;US Coastal P&C Insurance Co.;TypTap Insurance Co.;Homeowners Choice P&C Ins Co.;Edison Insurance Co.;Safe Harbor Insurance Co.;GeoVera Specialty Insurance Co;FL Farm Bureau General Ins Co.;AIG Property Casualty Co.;ASI Preferred Insurance Corp.;Castle Key Indemnity Co.,Universal P&C Insurance Co.;First Protective Insurance Co.;Cypress P&C Insurance Co.;Tower Hill Insurance Exchange;Kin Interinsurance Network;US Coastal P&C Insurance Co.;TypTap Insurance Co.;Homeowners Choice P&C Ins Co.;Edison Insurance Co.;Safe Harbor Insurance Co.;GeoVera Specialty Insurance Co,293107801.78026074,4,28.09578743922402,250006157.6666811,0.0,0,1.0,466557048.19147015,389573760.0,0.0,539937478.65,96281018.26025355,539937478.65,359958319.1,2503529738.607074,5944529738.607074,3441000000.0,1395853723.0,1395853723.0,0.0,False,13439231.193435827,13439231.193435827,0.0,1.0,13439231.193435827,0.0,1678671912.5183785,0.0,11,9464500000.0,9464500000.0,90
double_irma,baseline,,COMPOSITE,"{""double_irma"": 0.4084597572006708}",62383714581.57704,25481236911.266907,36902477670.310135,3715204471.4736786,9617434823.709303,0.0,11268571317.734795,880026298.349127,3715204471.4736786,9617434823.709303,6109596201.369644,30792881468.940483,18.063322123916283,1.4106667168694274,5.9554075873687085,15.416579291912658,9.793575522631528,49.36044875730138,11268571317.734795,880026298.349127,6109596201.369644,15,11,4,Universal P&C Insurance Co.;First Protective Insurance Co.;Cypress P&C Insurance Co.;Tower Hill Insurance Exchange;Kin Interinsurance Network;US Coastal P&C Insurance Co.;TypTap Insurance Co.;Homeowners Choice P&C Ins Co.;Edison Insurance Co.;Safe Harbor Insurance Co.;GeoVera Specialty Insurance Co;FL Farm Bureau General Ins Co.;AIG Property Casualty Co.;ASI Preferred Insurance Corp.;Castle Key Indemnity Co.,Universal P&C Insurance Co.;First Protective Insurance Co.;Cypress P&C Insurance Co.;Tower Hill Insurance Exchange;Kin Interinsurance Network;US Coastal P&C Insurance Co.;TypTap Insurance Co.;Homeowners Choice P&C Ins Co.;Edison Insurance Co.;Safe Harbor Insurance Co.;GeoVera Specialty Insurance Co,376951764.7502124,4,28.09578743922402,598490385.2868615,0.0,0,1.0,1235994082.1478324,389573760.0,0.0,539937478.65,260709933.04748034,539937478.65,359958319.1,2668596201.369644,6109596201.369644,3441000000.0,1395853723.0,1395853723.0,0.0,False,64418741.03731219,64418741.03731219,0.0,1.0,64418741.03731219,0.0,1834985171.5889149,0.0,12,9464500000.0,9464500000.0,91
double_irma,baseline,,COMPOSITE,"{""double_irma"": 0.44008110406722234}",62383714581.577034,27453893988.8749,34929820592.70213,4882471507.059571,11567555370.663189,0.0,10173440349.587524,830426761.5646139,4882471507.059571,11567555370.663189,5787269240.09405,29142551352.608078,16.307846395206344,1.331159529589559,7.826516166610969,18.54258831531536,9.276891058685257,46.7149985345925,10173440349.587524,830426761.5646139,5787269240.09405,15,11,4,Universal P&C Insurance Co.;First Protective Insurance Co.;Cypress P&C Insurance Co.;Tower Hill Insurance Exchange;Kin Interinsurance Network;US Coastal P&C Insurance Co.;TypTap Insurance Co.;Homeowners Choice P&C Ins Co.;Edison Insurance Co.;Safe Harbor Insurance Co.;GeoVera Specialty Insurance Co;FL Farm Bureau General Ins Co.;AIG Property Casualty Co.;ASI Preferred Insurance Corp.;Castle Key Indemnity Co.,Universal P&C Insurance Co.;First Protective Insurance Co.;Cypress P&C Insurance Co.;Tower Hill Insurance Exchange;Kin Interinsurance Network;US Coastal P&C Insurance Co.;TypTap Insurance Co.;Homeowners Choice P&C Ins Co.;Edison Insurance Co.;Safe Harbor Insurance Co.;GeoVera Specialty Insurance Co,321766437.31246924,4,28.09578743922402,487232570.164657,0.0,0,1.0,891503812.8841796,389573760.0,0.0,539937478.65,208074527.9613706,539937478.65,359958319.1,2346269240.0940504,5787269240.09405,3441000000.0,1395853723.0,1395853723.0,0.0,False,20819589.880493578,20819589.880493578,0.0,1.0,20819589.880493578,0.0,1831577053.3223205,0.0,12,9464500000.0,9464500000.0,92
double_irma,baseline,,COMPOSITE,"{""double_irma"": 0.49140465068749745}",62383714581.577034,30655647472.54841,31728067109.028625,5247204023.262533,14736369553.70097,0.0,9860130044.434727,811943851.1501801,5247204023.262533,14736369553.70097,5264111169.256201,26463955939.772427,15.805615472834619,1.3015317484636622,8.411175991132982,23.62214185631849,8.438277849537966,42.421257081712284,9860130044.434727,811943851.1501801,5264111169.256201,15,11,4,Universal P&C Insurance Co.;First Protective Insurance Co.;Cypress P&C Insurance Co.;Tower Hill Insurance Exchange;Kin Interinsurance Network;US Coastal P&C Insurance Co.;TypTap Insurance Co.;Homeowners Choice P&C Ins Co.;Edison Insurance Co.;Safe Harbor Insurance Co.;GeoVera Specialty Insurance Co;FL Farm Bureau General Ins Co.;AIG Property Casualty Co.;ASI Preferred Insurance Corp.;Castle Key Indemnity Co.,Universal P&C Insurance Co.;First Protective Insurance Co.;Cypress P&C Insurance Co.;Tower Hill Insurance Exchange;Kin Interinsurance Network;US Coastal P&C Insurance Co.;TypTap Insurance Co.;Homeowners Choice P&C Ins Co.;Edison Insurance Co.;Safe Harbor Insurance Co.;GeoVera Specialty Insurance Co,321267984.6159098,4,28.09578743922402,419671115.0211774,0.0,0,1.0,789557200.9712796,389573760.0,0.0,539937478.65,188917505.51759374,539937478.65,359958319.1,1823111169.2562008,5264111169.256201,3441000000.0,1395853723.0,1395853723.0,0.0,False,20601202.628636662,20601202.628636662,0.0,1.0,20601202.628636662,0.0,1720751671.3230686,0.0,12,9464500000.0,9464500000.0,93
double_irma,baseline,,COMPOSITE,"{""double_irma"": 0.4607797271495834}",62383714581.577034,28745150983.476555,33638563598.10048,4844170478.657829,15793075597.874088,0.0,7516867091.011141,591037815.9334947,4844170478.657829,15793075597.874088,5576281254.386725,28062282343.713753,12.049406069241986,0.9474232496377157,7.765120290045048,25.31602310603359,8.938681019218269,44.983346265823386,7516867091.011141,591037815.9334947,5576281254.386725,12,8,4,Universal P&C Insurance Co.;First Protective Insurance Co.;Cypress P&C Insurance Co.;Tower Hill Insurance Exchange;Kin Interinsurance Network;Homeowners Choice P&C Ins Co.;Edison Insurance Co.;Safe Harbor Insurance Co.;FL Farm Bureau General Ins Co.;AIG Property Casualty Co.;ASI Preferred Insurance Corp.;Castle Key Indemnity Co.,Universal P&C Insurance Co.;First Protective Insurance Co.;Cypress P&C Insurance Co.;Tower Hill Insurance Exchange;Kin Interinsurance Network;Homeowners Choice P&C Ins Co.;Edison Insurance Co.;Safe Harbor Insurance Co.,203725558.22058702,4,25.563137285625935,206308446.5480243,0.0,0,1.0,178163256.6594038,417542580.0,0.0,511570100.6323607,0.0,539937478.65,359958319.1,2135281254.3867254,5576281254.386725,3441000000.0,1395853723.0,1395853723.0,0.0,False,1075398.5553859035,1075398.5553859035,0.0,1.0,1075398.5553859035,0.0,1502212753.7553582,0.0,11,9464500000.0,9464500000.0,94
double_irma,baseline,,COMPOSITE,"{""double_irma"": 0.47321980923885026}",62383714581.57704,29521209513.904774,32862505067.672264,5717108411.591333,14233304979.224335,0.0,8915611371.99654,655184751.092565,5717108411.591333,14233304979.224335,5449475338.282823,27413029729.38944,14.291568611769504,1.050249661289089,9.164424481513148,22.815738169313292,8.735413360415931,43.942605715699024,8915611371.99654,655184751.092565,5449475338.282823,15,11,4,Universal P&C Insurance Co.;First Protective Insurance Co.;Cypress P&C Insurance Co.;Tower Hill Insurance Exchange;Kin Interinsurance Network;US Coastal P&C Insurance Co.;TypTap Insurance Co.;Homeowners Choice P&C Ins Co.;Edison Insurance Co.;Safe Harbor Insurance Co.;GeoVera Specialty Insurance Co;FL Farm Bureau General Ins Co.;AIG Property Casualty Co.;ASI Preferred Insurance Corp.;Castle Key Indemnity Co.,Universal P&C Insurance Co.;First Protective Insurance Co.;Cypress P&C Insurance Co.;Tower Hill Insurance Exchange;Kin Interinsurance Network;US Coastal P&C Insurance Co.;TypTap Insurance Co.;Homeowners Choice P&C Ins Co.;Edison Insurance Co.;Safe Harbor Insurance Co.;GeoVera Specialty Insurance Co,261250179.18531096,4,28.09578743922402,384481609.48600566,0.0,0,1.0,555116203.1668576,389573760.0,0.0,539937478.65,40543353.451512456,539937478.65,359958319.1,2008475338.2828226,5449475338.282823,3441000000.0,1395853723.0,1395853723.0,0.0,False,11038237.074687956,11038237.074687956,0.0,1.0,11038237.074687956,0.0,1659257877.499076,0.0,12,9464500000.0,9464500000.0,95
double_irma,baseline,,COMPOSITE,"{""double_irma"": 0.6308888675575609}",62383714581.57704,39357191046.40524,23026523535.1718,5864617895.751946,14304360677.912477,0.0,17870076483.92015,1318135988.8206623,5864617895.751946,14304360677.912477,3842301909.853943,19184221625.317856,28.645419086983136,2.112948864397905,9.400879596682218,22.92963920769283,6.159142551265518,30.751970692978386,17870076483.92015,1318135988.8206623,3842301909.853943,23,15,8,Universal P&C Insurance Co.;First Protective Insurance Co.;Cypress P&C Insurance Co.;Florida Peninsula Insurance Co;Tower Hill Insurance Exchange;Kin Interinsurance Network;Heritage P&C Insurance Co.;Florida Family Home Ins Co.;US Coastal P&C Insurance Co.;TypTap Insurance Co.;Homeowners Choice P&C Ins Co.;Edison Insurance Co.;Safe Harbor Insurance Co.;GeoVera Specialty Insurance Co;Auto Club Insurance Co. of FL;American Platinum P&C Ins Co.;FL Farm Bureau General Ins Co.;State Farm FL Ins Co;AIG Property Casualty Co.;ASI Preferred Insurance Corp.;ACE Ins Co. of the Midwest;Castle Key Indemnity Co.;First Liberty Insurance Corp.,Universal P&C Insurance Co.;First Protective Insurance Co.;Cypress P&C Insurance Co.;Florida Peninsula Insurance Co;Tower Hill Insurance Exchange;Kin Interinsurance Network;Heritage P&C Insurance Co.;Florida Family Home Ins Co.;US Coastal P&C Insurance Co.;TypTap Insurance Co.;Homeowners Choice P&C Ins Co.;Edison Insurance Co.;Safe Harbor Insurance Co.;GeoVera Specialty Insurance Co;American Platinum P&C Ins Co.,996843720.8588034,8,33.69602015223382,1325764713.9989827,4056511.6868969165,1,0.9811320754716981,3689914123.204119,327728700.0,342018292.4860246,539937478.65,359958319.1,539937478.65,359958319.1,401301909.8539429,3842301909.853943,3441000000.0,1395853723.0,1395853723.0,0.0,False,338403500.59729874,338403500.59729874,0.0,1.0,338403500.59729874,0.0,2089316742.2685063,0.0,13,9464500000.0,9464500000.0,96
double_irma,baseline,,COMPOSITE,"{""double_irma"": 0.4875822346114531}",62383714581.57703,30417190959.048424,31966523622.528603,4985506541.044,14170409859.087765,0.0,10425826483.66166,835448075.2550027,4985506541.044,14170409859.087765,5303074334.352297,26663449288.17631,16.712416940206673,1.3392086073401677,7.991679518417623,22.71491839518086,8.500735119608258,42.74104141924643,10425826483.66166,835448075.2550027,5303074334.352297,15,11,4,Universal P&C Insurance Co.;First Protective Insurance Co.;Cypress P&C Insurance Co.;Tower Hill Insurance Exchange;Kin Interinsurance Network;US Coastal P&C Insurance Co.;TypTap Insurance Co.;Homeowners Choice P&C Ins Co.;Edison Insurance Co.;Safe Harbor Insurance Co.;GeoVera Specialty Insurance Co;FL Farm Bureau General Ins Co.;AIG Property Casualty Co.;ASI Preferred Insurance Corp.;Castle Key Indemnity Co.,Universal P&C Insurance Co.;First Protective Insurance Co.;Cypress P&C Insurance Co.;Tower Hill Insurance Exchange;Kin Interinsurance Network;US Coastal P&C Insurance Co.;TypTap Insurance Co.;Homeowners Choice P&C Ins Co.;Edison Insurance Co.;Safe Harbor Insurance Co.;GeoVera Specialty Insurance Co,344969936.4662102,4,28.09578743922402,525831909.3602083,0.0,0,1.0,971795359.5350647,389573760.0,0.0,539937478.65,214496629.0644263,539937478.65,359958319.1,1862074334.3522968,5303074334.352297,3441000000.0,1395853723.0,1395853723.0,0.0,False,20763451.102420375,20763451.102420375,0.0,1.0,20763451.102420375,0.0,1783041791.3002887,0.0,12,9464500000.0,9464500000.0,97
double_irma,baseline,,COMPOSITE,"{""double_irma"": 0.4209437304327971}",62383714581.577034,26260033534.223923,36123681047.35311,4263749510.774109,9835699976.13332,0.0,11265328754.398546,895255292.9179459,4263749510.774109,9835699976.13332,5982342888.171476,30141338159.181633,18.05812435177656,1.435078527982253,6.834715661566691,15.766454501954213,9.589590694136325,48.31603626258396,11265328754.398546,895255292.9179459,5982342888.171476,15,11,4,Universal P&C Insurance Co.;First Protective Insurance Co.;Cypress P&C Insurance Co.;Tower Hill Insurance Exchange;Kin Interinsurance Network;US Coastal P&C Insurance Co.;TypTap Insurance Co.;Homeowners Choice P&C Ins Co.;Edison Insurance Co.;Safe Harbor Insurance Co.;GeoVera Specialty Insurance Co;FL Farm Bureau General Ins Co.;AIG Property Casualty Co.;ASI Preferred Insurance Corp.;Castle Key Indemnity Co.,Universal P&C Insurance Co.;First Protective Insurance Co.;Cypress P&C Insurance Co.;Tower Hill Insurance Exchange;Kin Interinsurance Network;US Coastal P&C Insurance Co.;TypTap Insurance Co.;Homeowners Choice P&C Ins Co.;Edison Insurance Co.;Safe Harbor Insurance Co.;GeoVera Specialty Insurance Co,386791288.9854717,4,28.09578743922402,648343575.9096264,0.0,0,1.0,1322955436.2760806,389573760.0,0.0,539937478.65,274161144.0634656,539937478.65,359958319.1,2541342888.1714764,5982342888.171476,3441000000.0,1395853723.0,1395853723.0,0.0,False,136578296.19478047,136578296.19478047,0.0,1.0,136578296.19478047,0.0,1784038153.5369408,0.0,12,9464500000.0,9464500000.0,98
double_irma,baseline,,COMPOSITE,"{""double_irma"": 0.5787969040579858}",62383714581.57703,36107500863.45381,26276213718.12322,5211337898.964482,15533738314.615322,0.0,14245479236.230385,1116945413.6436284,5211337898.964482,15533738314.615322,4373292710.864321,21902921007.258896,22.835253289706024,1.790443902122945,8.35368322312676,24.900309990842867,7.0103114894601495,35.109998104741265,14245479236.230385,1116945413.6436284,4373292710.864321,20,14,6,Universal P&C Insurance Co.;First Protective Insurance Co.;Cypress P&C Insurance Co.;Florida Peninsula Insurance Co;Tower Hill Insurance Exchange;Kin Interinsurance Network;Heritage P&C Insurance Co.;Florida Family Home Ins Co.;US Coastal P&C Insurance Co.;TypTap Insurance Co.;Homeowners Choice P&C Ins Co.;Edison Insurance Co.;Safe Harbor Insurance Co.;GeoVera Specialty Insurance Co;FL Farm Bureau General Ins Co.;State Farm FL Ins Co;AIG Property Casualty Co.;ASI Preferred Insurance Corp.;Castle Key Indemnity Co.;First Liberty Insurance Corp.,Universal P&C Insurance Co.;First Protective Insurance Co.;Cypress P&C Insurance Co.;Florida Peninsula Insurance Co;Tower Hill Insurance Exchange;Kin Interinsurance Network;Heritage P&C Insurance Co.;Florida Family Home Ins Co.;US Coastal P&C Insurance Co.;TypTap Insurance Co.;Homeowners Choice P&C Ins Co.;Edison Insurance Co.;Safe Harbor Insurance Co.;GeoVera Specialty Insurance Co,534938020.30412143,6,33.538670472629846,909034024.2354627,0.0,0,1.0,2228249034.66662,329466360.0,136398523.149382,539937478.65,359958319.1,539937478.65,359958319.1,932292710.8643208,4373292710.864321,3441000000.0,1395853723.0,1395853723.0,0.0,False,266900715.28466398,266900715.28466398,0.0,1.0,266900715.28466398,0.0,1925407022.2417905,0.0,13,9464500000.0,9464500000.0,99
double_irma,baseline,,COMPOSITE,"{""double_irma"": 0.43351497708980485}",62383714581.577034,27044274597.6093,35339439983.967735,4068874092.4288044,13955348962.604664,0.0,8298396507.878693,721655034.6971333,4068874092.4288044,13955348962.604664,5854199967.773439,29485240016.194298,13.302184013148441,1.1568003597372354,6.522333784898425,22.370179551196387,9.384179840907203,47.2643224501123,8298396507.878693,721655034.6971333,5854199967.773439,12,8,4,Universal P&C Insurance Co.;First Protective Insurance Co.;Cypress P&C Insurance Co.;Tower Hill Insurance Exchange;Kin Interinsurance Network;Homeowners Choice P&C Ins Co.;Edison Insurance Co.;Safe Harbor Insurance Co.;FL Farm Bureau General Ins Co.;AIG Property Casualty Co.;ASI Preferred Insurance Corp.;Castle Key Indemnity Co.,Universal P&C Insurance Co.;First Protective Insurance Co.;Cypress P&C Insurance Co.;Tower Hill Insurance Exchange;Kin Interinsurance Network;Homeowners Choice P&C Ins Co.;Edison Insurance Co.;Safe Harbor Insurance Co.,255830325.26936445,4,25.563137285625935,278909010.0347277,0.0,0,1.0,347603746.4503833,417542580.0,0.0,539937478.65,94342806.11818802,539937478.65,359958319.1,2413199967.7734394,5854199967.773439,3441000000.0,1395853723.0,1395853723.0,0.0,False,17405029.028646413,17405029.028646413,0.0,1.0,17405029.028646413,0.0,1621005923.861041,0.0,12,9464500000.0,9464500000.0,100
