scenario,policy_scenario,policy_severity,events,wind_shares,total_damage_usd,wind_total_usd,water_total_usd,underinsured_wind_usd,uninsured_wind_usd,nfip_policyholder_shortfall_usd,wind_insured_private_usd,wind_insured_citizens_usd,wind_underinsured_usd,wind_uninsured_usd,flood_insured_capped_usd,flood_un_derinsured_usd,wind_insured_private_pct,wind_insured_citizens_pct,wind_underinsured_pct,wind_uninsured_pct,flood_insured_capped_pct,flood_un_derinsured_pct,insured_private_wind_pre_usd,insured_citizens_wind_pre_usd,insured_flood_pre_usd,defaults_pre,defaults_post,rescued_defaults,default_companies_pre,default_companies_post,group_contrib_total_usd,group_supported_companies,defaulted_premium_base_pct,largest_entity_deficit_usd,diag_group_shortfall_total_usd,diag_groups_with_shortfall,diag_groups_fully_funded_share,figa_residual_deficit_usd,figa_collected_usd,citizens_residual_deficit_usd,citizens_tier1_usd,citizens_tier2_usd,citizens_tier1_capacity_usd,citizens_tier2_capacity_usd,nfip_borrowed_usd,nfip_claims_paid_usd,nfip_pool_used_usd,nfip_fl_premium_base_usd,nfip_fl_premium_depletion_usd,underinsured_flood_usd,fhcf_cap_binding,fhcf_total_precap_usd,fhcf_total_postcap_usd,fhcf_shortfall_usd,fhcf_scaling_factor,fhcf_recovery_private_usd,fhcf_recovery_citizens_usd,catbond_payout_usd,catbond_unfilled_usd,catbond_triggers,catbond_limit_in_force_usd,catbond_issue_volume_year_usd,iter
gm_then_andrew,baseline,,COMPOSITE,"{""gm_then_andrew"": 0.7235392262233075}",266548625724.76187,192858386407.78024,73690239316.98163,29077833284.050076,56564409117.42902,0.0,76510634915.53178,30705509090.76933,29077833284.050076,56564409117.42902,22969021295.114132,50721218021.8675,28.704194106232862,11.519665129497175,10.909016396158744,21.221046990441973,8.617197418542291,19.028879959126947,76510634915.53178,30705509090.76933,22969021295.114132,37,23,14,Universal P&C Insurance Co.;Florida Family Insurance Co.;First Protective Insurance Co.;Spinnaker Insurance Co.;Cypress P&C Insurance Co.;Florida Peninsula Insurance Co;Tower Hill Insurance Exchange;Kin Interinsurance Network;Unique Insurance Co.;Heritage P&C Insurance Co.;Florida Family Home Ins Co.;US Coastal P&C Insurance Co.;TypTap Insurance Co.;Homeowners Choice P&C Ins Co.;Vault E&S Insurance Co.;Edison Insurance Co.;Safe Harbor Insurance Co.;Spinnaker Specialty Ins Co.;GeoVera Specialty Insurance Co;Florida Farm Bureau Cas Ins Co;Universal North America Ins Co;QBE Specialty Insurance Co.;Auto Club Insurance Co. of FL;American Platinum P&C Ins Co.;Privilege Underwriters Recpl;FL Farm Bureau General Ins Co.;Castle Key Insurance Co.;Homesite Insurance Co.;PURE Specialty Exchange;State Farm FL Ins Co;AIG Property Casualty Co.;Foremost P&C Insurance Co.;ASI Preferred Insurance Corp.;Nationwide P&C Insurance Co.;ACE Ins Co. of the Midwest;Castle Key Indemnity Co.;First Liberty Insurance Corp.,Universal P&C Insurance Co.;Florida Family Insurance Co.;First Protective Insurance Co.;Spinnaker Insurance Co.;Cypress P&C Insurance Co.;Florida Peninsula Insurance Co;Tower Hill Insurance Exchange;Kin Interinsurance Network;Unique Insurance Co.;Heritage P&C Insurance Co.;Florida Family Home Ins Co.;US Coastal P&C Insurance Co.;TypTap Insurance Co.;Homeowners Choice P&C Ins Co.;Vault E&S Insurance Co.;Edison Insurance Co.;Safe Harbor Insurance Co.;Spinnaker Specialty Ins Co.;GeoVera Specialty Insurance Co;Florida Farm Bureau Cas Ins Co;Universal North America Ins Co;QBE Specialty Insurance Co.;American Platinum P&C Ins Co.,10998899700.868008,14,36.189312511589605,4953285183.160856,100916082.28739862,1,0.9811320754716981,21930803536.529404,300194520.0,24974418811.424732,539937478.65,359958319.1,539937478.65,359958319.1,19528021295.114132,22969021295.114132,3441000000.0,1395853723.0,1395853723.0,0.0,False,14746962376.967487,14746962376.967487,0.0,1.0,10224404965.886415,4522557411.081073,2575000000.0,0.0,14,9464500000.0,9464500000.0,1
gm_then_andrew,baseline,,COMPOSITE,"{""gm_then_andrew"": 0.7330954952412955}",266548625724.76184,195405596781.58102,71143028943.18083,74726177873.99196,61772105889.33985,0.0,43780427204.7385,15126885813.51073,74726177873.99196,61772105889.33985,22180347187.32209,48962681755.858734,16.424930755391017,5.675094280595074,28.034726373398833,23.17479811474464,8.321313654126854,18.369136821743588,43780427204.7385,15126885813.51073,22180347187.32209,31,19,12,Universal P&C Insurance Co.;Florida Family Insurance Co.;First Protective Insurance Co.;Cypress P&C Insurance Co.;Florida Peninsula Insurance Co;Tower Hill Insurance Exchange;Kin Interinsurance Network;Heritage P&C Insurance Co.;Florida Family Home Ins Co.;US Coastal P&C Insurance Co.;TypTap Insurance Co.;Homeowners Choice P&C Ins Co.;Vault E&S Insurance Co.;Edison Insurance Co.;Safe Harbor Insurance Co.;GeoVera Specialty Insurance Co;Florida Farm Bureau Cas Ins Co;Universal North America Ins Co;Auto Club Insurance Co. of FL;American Platinum P&C Ins Co.;FL Farm Bureau General Ins Co.;Castle Key Insurance Co.;Homesite Insurance Co.;PURE Specialty Exchange;State Farm FL Ins Co;AIG Property Casualty Co.;ASI Preferred Insurance Corp.;Nationwide P&C Insurance Co.;ACE Ins Co. of the Midwest;Castle Key Indemnity Co.;First Liberty Insurance Corp.,Universal P&C Insurance Co.;Florida Family Insurance Co.;First Protective Insurance Co.;Cypress P&C Insurance Co.;Florida Peninsula Insurance Co;Tower Hill Insurance Exchange;Kin Interinsurance Network;Heritage P&C Insurance Co.;Florida Family Home Ins Co.;US Coastal P&C Insurance Co.;TypTap Insurance Co.;Homeowners Choice P&C Ins Co.;Vault E&S Insurance Co.;Edison Insurance Co.;Safe Harbor Insurance Co.;GeoVera Specialty Insurance Co;Florida Farm Bureau Cas Ins Co;Universal North America Ins Co;American Platinum P&C Ins Co.,4672992570.777707,12,35.41856476294073,2512843691.0738587,26159692.03990321,1,0.9811320754716981,8618890614.181767,308706120.0,9442809310.3799,539937478.65,359958319.1,539937478.65,359958319.1,18739347187.32209,22180347187.32209,3441000000.0,1395853723.0,1395853723.0,0.0,False,14726545439.485134,14726545439.485134,0.0,1.0,10203988028.404062,4522557411.081073,2341509405.9903164,0.0,14,9464500000.0,9464500000.0,2
gm_then_andrew,baseline,,COMPOSITE,"{""gm_then_andrew"": 0.663238592549596}",266548625724.76184,176785335371.72012,89763290353.04172,38536636266.22457,83198609262.08858,0.0,40134509982.05089,14915579861.356098,38536636266.22457,83198609262.08858,27945602466.32133,61817687886.72038,15.057106324567506,5.5958194572565265,14.457638324505004,31.213295148630582,10.484241811540219,23.191898933500163,40134509982.05089,14915579861.356098,27945602466.32133,28,18,10,Universal P&C Insurance Co.;Florida Family Insurance Co.;First Protective Insurance Co.;Cypress P&C Insurance Co.;Florida Peninsula Insurance Co;Tower Hill Insurance Exchange;Kin Interinsurance Network;Heritage P&C Insurance Co.;Florida Family Home Ins Co.;US Coastal P&C Insurance Co.;TypTap Insurance Co.;Homeowners Choice P&C Ins Co.;Edison Insurance Co.;Safe Harbor Insurance Co.;GeoVera Specialty Insurance Co;Florida Farm Bureau Cas Ins Co;Universal North America Ins Co;Auto Club Insurance Co. of FL;American Platinum P&C Ins Co.;FL Farm Bureau General Ins Co.;Castle Key Insurance Co.;Homesite Insurance Co.;State Farm FL Ins Co;AIG Property Casualty Co.;ASI Preferred Insurance Corp.;ACE Ins Co. of the Midwest;Castle Key Indemnity Co.;First Liberty Insurance Corp.,Universal P&C Insurance Co.;Florida Family Insurance Co.;First Protective Insurance Co.;Cypress P&C Insurance Co.;Florida Peninsula Insurance Co;Tower Hill Insurance Exchange;Kin Interinsurance Network;Heritage P&C Insurance Co.;Florida Family Home Ins Co.;US Coastal P&C Insurance Co.;TypTap Insurance Co.;Homeowners Choice P&C Ins Co.;Edison Insurance Co.;Safe Harbor Insurance Co.;GeoVera Specialty Insurance Co;Florida Farm Bureau Cas Ins Co;Universal North America Ins Co;American Platinum P&C Ins Co.,3900795750.0656705,10,35.166819401784345,2534359129.98833,27773811.964016467,1,0.9811320754716981,7794469891.09332,311486220.0,9212239394.027058,539937478.65,359958319.1,539937478.65,359958319.1,24504602466.32133,27945602466.32133,3441000000.0,1395853723.0,1395853723.0,0.0,False,14719337457.634901,14719337457.634901,0.0,1.0,10196780046.553827,4522557411.081074,2121498685.0923026,0.0,14,9464500000.0,9464500000.0,3
gm_then_andrew,baseline,,COMPOSITE,"{""gm_then_andrew"": 0.7590357717692731}",266548625724.76184,202319941841.03375,64228683883.728096,35144368002.56788,99647851821.99974,0.0,56258167151.84906,11269554864.617092,35144368002.56788,99647851821.99974,20039509125.095875,44189174758.632225,21.106155396179478,4.227954593265859,13.184974376441902,37.38449281104009,7.518143854843459,16.578278968229224,56258167151.84906,11269554864.617092,20039509125.095875,35,22,13,Universal P&C Insurance Co.;Florida Family Insurance Co.;First Protective Insurance Co.;Cypress P&C Insurance Co.;Florida Peninsula Insurance Co;Tower Hill Insurance Exchange;Kin Interinsurance Network;Unique Insurance Co.;Heritage P&C Insurance Co.;Florida Family Home Ins Co.;US Coastal P&C Insurance Co.;TypTap Insurance Co.;Homeowners Choice P&C Ins Co.;Vault E&S Insurance Co.;Edison Insurance Co.;Safe Harbor Insurance Co.;Spinnaker Specialty Ins Co.;GeoVera Specialty Insurance Co;Florida Farm Bureau Cas Ins Co;Universal North America Ins Co;QBE Specialty Insurance Co.;Auto Club Insurance Co. of FL;American Platinum P&C Ins Co.;FL Farm Bureau General Ins Co.;Castle Key Insurance Co.;Homesite Insurance Co.;PURE Specialty Exchange;State Farm FL Ins Co;AIG Property Casualty Co.;Foremost P&C Insurance Co.;ASI Preferred Insurance Corp.;Nationwide P&C Insurance Co.;ACE Ins Co. of the Midwest;Castle Key Indemnity Co.;First Liberty Insurance Corp.,Universal P&C Insurance Co.;Florida Family Insurance Co.;First Protective Insurance Co.;Cypress P&C Insurance Co.;Florida Peninsula Insurance Co;Tower Hill Insurance Exchange;Kin Interinsurance Network;Unique Insurance Co.;Heritage P&C Insurance Co.;Florida Family Home Ins Co.;US Coastal P&C Insurance Co.;TypTap Insurance Co.;Homeowners Choice P&C Ins Co.;Vault E&S Insurance Co.;Edison Insurance Co.;Safe Harbor Insurance Co.;Spinnaker Specialty Ins Co.;GeoVera Specialty Insurance Co;Florida Farm Bureau Cas Ins Co;Universal North America Ins Co;QBE Specialty Insurance Co.;American Platinum P&C Ins Co.,6501108452.624113,13,35.89838321723671,3914768383.9823427,49152797.25527994,1,0.9811320754716981,14902575136.184721,303407340.0,5707806595.581339,539937478.65,359958319.1,539937478.65,359958319.1,16598509125.095875,20039509125.095875,3441000000.0,1395853723.0,1395853723.0,0.0,False,14731684500.5068,14731684500.5068,0.0,1.0,10209127089.425726,4522557411.081074,2356185237.0211706,0.0,14,9464500000.0,9464500000.0,4
gm_then_andrew,baseline,,COMPOSITE,"{""gm_then_andrew"": 0.8126842494478732}",266548625724.7619,216619869838.49023,49928755886.27166,18607816890.068165,155604228746.07816,0.0,33684765220.838234,8723058981.50559,18607816890.068165,155604228746.07816,15611927064.78254,34316828821.489124,12.637380939124077,3.2725957441300113,6.981021507603868,58.37742675392935,5.857065299936461,12.874509755276204,33684765220.838234,8723058981.50559,15611927064.78254,27,18,9,Universal P&C Insurance Co.;Florida Family Insurance Co.;First Protective Insurance Co.;Cypress P&C Insurance Co.;Florida Peninsula Insurance Co;Tower Hill Insurance Exchange;Kin Interinsurance Network;Heritage P&C Insurance Co.;Florida Family Home Ins Co.;US Coastal P&C Insurance Co.;TypTap Insurance Co.;Homeowners Choice P&C Ins Co.;Edison Insurance Co.;Safe Harbor Insurance Co.;GeoVera Specialty Insurance Co;Florida Farm Bureau Cas Ins Co;Universal North America Ins Co;Auto Club Insurance Co. of FL;American Platinum P&C Ins Co.;FL Farm Bureau General Ins Co.;Homesite Insurance Co.;State Farm FL Ins Co;AIG Property Casualty Co.;ASI Preferred Insurance Corp.;ACE Ins Co. of the Midwest;Castle Key Indemnity Co.;First Liberty Insurance Corp.,Universal P&C Insurance Co.;Florida Family Insurance Co.;First Protective Insurance Co.;Cypress P&C Insurance Co.;Florida Peninsula Insurance Co;Tower Hill Insurance Exchange;Kin Interinsurance Network;Heritage P&C Insurance Co.;Florida Family Home Ins Co.;US Coastal P&C Insurance Co.;TypTap Insurance Co.;Homeowners Choice P&C Ins Co.;Edison Insurance Co.;Safe Harbor Insurance Co.;GeoVera Specialty Insurance Co;Florida Farm Bureau Cas Ins Co;Universal North America Ins Co;American Platinum P&C Ins Co.,2779742495.869191,9,35.166819401784345,1214781615.9964256,19716985.61059138,1,0.9811320754716981,4761922929.913849,311486220.0,3135702968.5314035,539937478.65,359958319.1,539937478.65,359958319.1,12170927064.78254,15611927064.78254,3441000000.0,1395853723.0,1395853723.0,0.0,False,14642700767.637806,14642700767.637806,0.0,1.0,10120143356.556734,4522557411.081073,2086291107.7224102,0.0,13,9464500000.0,9464500000.0,5
gm_then_andrew,baseline,,COMPOSITE,"{""gm_then_andrew"": 0.7871538283400341}",266548625724.76184,209814771178.02124,56733854546.74061,54311516829.54508,71224250408.25545,0.0,60390317712.02813,23888686228.192593,54311516829.54508,71224250408.25545,17718939963.94636,39014914582.79424,22.656398076644816,8.962224495901193,20.375838247850194,26.720922013607236,6.647545045774478,14.637072120222092,60390317712.02813,23888686228.192593,17718939963.94636,34,21,13,Universal P&C Insurance Co.;Florida Family Insurance Co.;First Protective Insurance Co.;Cypress P&C Insurance Co.;Florida Peninsula Insurance Co;Tower Hill Insurance Exchange;Kin Interinsurance Network;Heritage P&C Insurance Co.;Florida Family Home Ins Co.;US Coastal P&C Insurance Co.;TypTap Insurance Co.;Homeowners Choice P&C Ins Co.;Vault E&S Insurance Co.;Edison Insurance Co.;Safe Harbor Insurance Co.;Spinnaker Specialty Ins Co.;GeoVera Specialty Insurance Co;Florida Farm Bureau Cas Ins Co;Universal North America Ins Co;QBE Specialty Insurance Co.;Auto Club Insurance Co. of FL;American Platinum P&C Ins Co.;FL Farm Bureau General Ins Co.;Castle Key Insurance Co.;Homesite Insurance Co.;PURE Specialty Exchange;State Farm FL Ins Co;AIG Property Casualty Co.;Foremost P&C Insurance Co.;ASI Preferred Insurance Corp.;Nationwide P&C Insurance Co.;ACE Ins Co. of the Midwest;Castle Key Indemnity Co.;First Liberty Insurance Corp.,Universal P&C Insurance Co.;Florida Family Insurance Co.;First Protective Insurance Co.;Cypress P&C Insurance Co.;Florida Peninsula Insurance Co;Tower Hill Insurance Exchange;Kin Interinsurance Network;Heritage P&C Insurance Co.;Florida Family Home Ins Co.;US Coastal P&C Insurance Co.;TypTap Insurance Co.;Homeowners Choice P&C Ins Co.;Vault E&S Insurance Co.;Edison Insurance Co.;Safe Harbor Insurance Co.;Spinnaker Specialty Ins Co.;GeoVera Specialty Insurance Co;Florida Farm Bureau Cas Ins Co;Universal North America Ins Co;QBE Specialty Insurance Co.;American Platinum P&C Ins Co.,7501884669.336505,13,35.802781374679086,3759870581.316421,74331680.61733572,1,0.9811320754716981,15774985324.084705,304463100.0,18162668888.19958,539937478.65,359958319.1,539937478.65,359958319.1,14277939963.946362,17718939963.94636,3441000000.0,1395853723.0,1395853723.0,0.0,False,14741538068.17166,14741538068.17166,0.0,1.0,10218980657.090588,4522557411.081072,2398738845.400727,0.0,14,9464500000.0,9464500000.0,6
gm_then_andrew,baseline,,COMPOSITE,"{""gm_then_andrew"": 0.7502263180729638}",266548625724.76187,199971794064.8966,66576831659.86526,17615349085.12282,106909614857.87422,0.0,60157347726.04563,15289482395.853964,17615349085.12282,106909614857.87422,20766548937.494843,45810282722.37041,22.568995642905364,5.736095001158207,6.608681263024943,40.10885990020789,7.790904522966245,17.18646366973736,60157347726.04563,15289482395.853964,20766548937.494843,34,21,13,Universal P&C Insurance Co.;Florida Family Insurance Co.;First Protective Insurance Co.;Cypress P&C Insurance Co.;Florida Peninsula Insurance Co;Tower Hill Insurance Exchange;Kin Interinsurance Network;Unique Insurance Co.;Heritage P&C Insurance Co.;Florida Family Home Ins Co.;US Coastal P&C Insurance Co.;TypTap Insurance Co.;Homeowners Choice P&C Ins Co.;Vault E&S Insurance Co.;Edison Insurance Co.;Safe Harbor Insurance Co.;GeoVera Specialty Insurance Co;Florida Farm Bureau Cas Ins Co;Universal North America Ins Co;QBE Specialty Insurance Co.;Auto Club Insurance Co. of FL;American Platinum P&C Ins Co.;FL Farm Bureau General Ins Co.;Castle Key Insurance Co.;Homesite Insurance Co.;PURE Specialty Exchange;State Farm FL Ins Co;AIG Property Casualty Co.;Foremost P&C Insurance Co.;ASI Preferred Insurance Corp.;Nationwide P&C Insurance Co.;ACE Ins Co. of the Midwest;Castle Key Indemnity Co.;First Liberty Insurance Corp.,Universal P&C Insurance Co.;Florida Family Insurance Co.;First Protective Insurance Co.;Cypress P&C Insurance Co.;Florida Peninsula Insurance Co;Tower Hill Insurance Exchange;Kin Interinsurance Network;Unique Insurance Co.;Heritage P&C Insurance Co.;Florida Family Home Ins Co.;US Coastal P&C Insurance Co.;TypTap Insurance Co.;Homeowners Choice P&C Ins Co.;Vault E&S Insurance Co.;Edison Insurance Co.;Safe Harbor Insurance Co.;GeoVera Specialty Insurance Co;Florida Farm Bureau Cas Ins Co;Universal North America Ins Co;QBE Specialty Insurance Co.;American Platinum P&C Ins Co.,7320129448.274253,13,35.80938809441937,3843253909.2606187,62925267.7187985,1,0.9811320754716981,15364508623.208963,304390140.0,9673718913.278984,539937478.65,359958319.1,539937478.65,359958319.1,17325548937.494843,20766548937.494843,3441000000.0,1395853723.0,1395853723.0,0.0,False,14736408445.345821,14736408445.345821,0.0,1.0,10213851034.264748,4522557411.081073,2476288352.0764227,0.0,14,9464500000.0,9464500000.0,7
gm_then_andrew,baseline,,COMPOSITE,"{""gm_then_andrew"": 0.6948652629149361}",266548625724.76184,185215380893.85156,81333244830.91026,36747145433.90282,93904931053.28372,0.0,43275269413.77927,11288034992.885805,36747145433.90282,93904931053.28372,25335469161.590496,55997775669.31976,16.235412692941555,4.234887710335386,13.786282084173237,35.22994380404346,9.505008361120536,21.008465347385837,43275269413.77927,11288034992.885805,25335469161.590496,30,20,10,Universal P&C Insurance Co.;Florida Family Insurance Co.;First Protective Insurance Co.;Cypress P&C Insurance Co.;Florida Peninsula Insurance Co;Tower Hill Insurance Exchange;Kin Interinsurance Network;Heritage P&C Insurance Co.;Florida Family Home Ins Co.;US Coastal P&C Insurance Co.;TypTap Insurance Co.;Homeowners Choice P&C Ins Co.;Vault E&S Insurance Co.;Edison Insurance Co.;Safe Harbor Insurance Co.;GeoVera Specialty Insurance Co;Florida Farm Bureau Cas Ins Co;Universal North America Ins Co;QBE Specialty Insurance Co.;Auto Club Insurance Co. of FL;American Platinum P&C Ins Co.;FL Farm Bureau General Ins Co.;Castle Key Insurance Co.;Homesite Insurance Co.;State Farm FL Ins Co;AIG Property Casualty Co.;ASI Preferred Insurance Corp.;ACE Ins Co. of the Midwest;Castle Key Indemnity Co.;First Liberty Insurance Corp.,Universal P&C Insurance Co.;Florida Family Insurance Co.;First Protective Insurance Co.;Cypress P&C Insurance Co.;Florida Peninsula Insurance Co;Tower Hill Insurance Exchange;Kin Interinsurance Network;Heritage P&C Insurance Co.;Florida Family Home Ins Co.;US Coastal P&C Insurance Co.;TypTap Insurance Co.;Homeowners Choice P&C Ins Co.;Vault E&S Insurance Co.;Edison Insurance Co.;Safe Harbor Insurance Co.;GeoVera Specialty Insurance Co;Florida Farm Bureau Cas Ins Co;Universal North America Ins Co;QBE Specialty Insurance Co.;American Platinum P&C Ins Co.,4686512389.5948305,10,35.71378625186174,2523185146.3090043,31648730.837352008,1,0.9811320754716981,8976583170.600626,305445900.0,5680524479.86616,539937478.65,359958319.1,539937478.65,359958319.1,21894469161.590496,25335469161.590496,3441000000.0,1395853723.0,1395853723.0,0.0,False,14714185256.77898,14714185256.77898,0.0,1.0,10191627845.697906,4522557411.081073,2142100212.9465594,0.0,14,9464500000.0,9464500000.0,8
gm_then_andrew,baseline,,COMPOSITE,"{""gm_then_andrew"": 0.8225438568141671}",266548625724.76187,219247934632.1616,47300691092.60029,55049019092.460754,66061000709.939575,0.0,73494661593.98593,24643253235.775295,55049019092.460754,66061000709.939575,14798218594.651075,32502472497.94922,27.572703252230053,9.245312433620242,20.6525240724011,24.78384592316532,5.5517894922226,12.193824826360679,73494661593.98593,24643253235.775295,14798218594.651075,36,23,13,Universal P&C Insurance Co.;Florida Family Insurance Co.;First Protective Insurance Co.;Spinnaker Insurance Co.;Cypress P&C Insurance Co.;Florida Peninsula Insurance Co;Tower Hill Insurance Exchange;Kin Interinsurance Network;Unique Insurance Co.;Heritage P&C Insurance Co.;Florida Family Home Ins Co.;US Coastal P&C Insurance Co.;TypTap Insurance Co.;Homeowners Choice P&C Ins Co.;Vault E&S Insurance Co.;Edison Insurance Co.;Safe Harbor Insurance Co.;Spinnaker Specialty Ins Co.;GeoVera Specialty Insurance Co;Florida Farm Bureau Cas Ins Co;Universal North America Ins Co;QBE Specialty Insurance Co.;Auto Club Insurance Co. of FL;American Platinum P&C Ins Co.;FL Farm Bureau General Ins Co.;Castle Key Insurance Co.;Homesite Insurance Co.;PURE Specialty Exchange;State Farm FL Ins Co;AIG Property Casualty Co.;Foremost P&C Insurance Co.;ASI Preferred Insurance Corp.;Nationwide P&C Insurance Co.;ACE Ins Co. of the Midwest;Castle Key Indemnity Co.;First Liberty Insurance Corp.,Universal P&C Insurance Co.;Florida Family Insurance Co.;First Protective Insurance Co.;Spinnaker Insurance Co.;Cypress P&C Insurance Co.;Florida Peninsula Insurance Co;Tower Hill Insurance Exchange;Kin Interinsurance Network;Unique Insurance Co.;Heritage P&C Insurance Co.;Florida Family Home Ins Co.;US Coastal P&C Insurance Co.;TypTap Insurance Co.;Homeowners Choice P&C Ins Co.;Vault E&S Insurance Co.;Edison Insurance Co.;Safe Harbor Insurance Co.;Spinnaker Specialty Ins Co.;GeoVera Specialty Insurance Co;Florida Farm Bureau Cas Ins Co;Universal North America Ins Co;QBE Specialty Insurance Co.;American Platinum P&C Ins Co.,9390673668.222189,13,36.189312511589605,5477696463.441785,70786647.08110708,1,0.9811320754716981,21617151199.364395,300194520.0,18957789261.26467,539937478.65,359958319.1,539937478.65,359958319.1,11357218594.651075,14798218594.651075,3441000000.0,1395853723.0,1395853723.0,0.0,False,14751372106.87682,14751372106.87682,0.0,1.0,10228814695.795748,4522557411.081073,2559741050.4740834,0.0,14,9464500000.0,9464500000.0,9
gm_then_andrew,baseline,,COMPOSITE,"{""gm_then_andrew"": 0.7719431315279103}",266548625724.76184,205760380846.43362,60788244878.32823,37319510091.74967,79249028356.54541,0.0,69627164395.75478,19564678002.383755,37319510091.74967,79249028356.54541,18974271172.66561,41813973705.66262,26.121749533104627,7.3400033292935625,14.00101388265487,29.73154640773799,7.118502720122237,15.687184127086717,69627164395.75478,19564678002.383755,18974271172.66561,37,24,13,Universal P&C Insurance Co.;Florida Family Insurance Co.;First Protective Insurance Co.;Spinnaker Insurance Co.;Cypress P&C Insurance Co.;Florida Peninsula Insurance Co;Tower Hill Insurance Exchange;Kin Interinsurance Network;Unique Insurance Co.;Heritage P&C Insurance Co.;Florida Family Home Ins Co.;US Coastal P&C Insurance Co.;TypTap Insurance Co.;Homeowners Choice P&C Ins Co.;Vault E&S Insurance Co.;Edison Insurance Co.;Safe Harbor Insurance Co.;Spinnaker Specialty Ins Co.;GeoVera Specialty Insurance Co;Florida Farm Bureau Cas Ins Co;Universal North America Ins Co;QBE Specialty Insurance Co.;Auto Club Insurance Co. of FL;American Platinum P&C Ins Co.;Privilege Underwriters Recpl;FL Farm Bureau General Ins Co.;Castle Key Insurance Co.;Homesite Insurance Co.;PURE Specialty Exchange;State Farm FL Ins Co;AIG Property Casualty Co.;Foremost P&C Insurance Co.;ASI Preferred Insurance Corp.;Nationwide P&C Insurance Co.;ACE Ins Co. of the Midwest;Castle Key Indemnity Co.;First Liberty Insurance Corp.,Universal P&C Insurance Co.;Florida Family Insurance Co.;First Protective Insurance Co.;Spinnaker Insurance Co.;Cypress P&C Insurance Co.;Florida Peninsula Insurance Co;Tower Hill Insurance Exchange;Kin Interinsurance Network;Unique Insurance Co.;Heritage P&C Insurance Co.;Florida Family Home Ins Co.;US Coastal P&C Insurance Co.;TypTap Insurance Co.;Homeowners Choice P&C Ins Co.;Vault E&S Insurance Co.;Edison Insurance Co.;Safe Harbor Insurance Co.;Spinnaker Specialty Ins Co.;GeoVera Specialty Insurance Co;Florida Farm Bureau Cas Ins Co;Universal North America Ins Co;QBE Specialty Insurance Co.;American Platinum P&C Ins Co.;Castle Key Indemnity Co.,9496812411.872223,14,37.927433985368395,5042680539.571992,77474447.21602201,1,0.9811320754716981,20926684895.380028,280999920.0,13921980528.02514,539937478.65,359958319.1,539937478.65,359958319.1,15533271172.665611,18974271172.66561,3441000000.0,1395853723.0,1395853723.0,0.0,False,14747627447.763268,14747627447.763268,0.0,1.0,10225070036.682196,4522557411.081073,2510472443.843405,0.0,14,9464500000.0,9464500000.0,10
gm_then_andrew,baseline,,COMPOSITE,"{""gm_then_andrew"": 0.7594824565936418}",266548625724.7618,202439005067.10132,64109620657.6605,10011683366.828793,91932770908.72932,0.0,77234312677.85338,23260238113.689835,10011683366.828793,91932770908.72932,20002644449.702145,44106976207.95836,28.97569344724574,8.726452087473287,3.7560438886549954,34.490056235990174,7.504313479506318,16.547440861129495,77234312677.85338,23260238113.689835,20002644449.702145,36,23,13,Universal P&C Insurance Co.;Florida Family Insurance Co.;First Protective Insurance Co.;Spinnaker Insurance Co.;Cypress P&C Insurance Co.;Florida Peninsula Insurance Co;Tower Hill Insurance Exchange;Kin Interinsurance Network;Unique Insurance Co.;Heritage P&C Insurance Co.;Florida Family Home Ins Co.;US Coastal P&C Insurance Co.;TypTap Insurance Co.;Homeowners Choice P&C Ins Co.;Vault E&S Insurance Co.;Edison Insurance Co.;Safe Harbor Insurance Co.;Spinnaker Specialty Ins Co.;GeoVera Specialty Insurance Co;Florida Farm Bureau Cas Ins Co;Universal North America Ins Co;QBE Specialty Insurance Co.;Auto Club Insurance Co. of FL;American Platinum P&C Ins Co.;FL Farm Bureau General Ins Co.;Castle Key Insurance Co.;Homesite Insurance Co.;PURE Specialty Exchange;State Farm FL Ins Co;AIG Property Casualty Co.;Foremost P&C Insurance Co.;ASI Preferred Insurance Corp.;Nationwide P&C Insurance Co.;ACE Ins Co. of the Midwest;Castle Key Indemnity Co.;First Liberty Insurance Corp.,Universal P&C Insurance Co.;Florida Family Insurance Co.;First Protective Insurance Co.;Spinnaker Insurance Co.;Cypress P&C Insurance Co.;Florida Peninsula Insurance Co;Tower Hill Insurance Exchange;Kin Interinsurance Network;Unique Insurance Co.;Heritage P&C Insurance Co.;Florida Family Home Ins Co.;US Coastal P&C Insurance Co.;TypTap Insurance Co.;Homeowners Choice P&C Ins Co.;Vault E&S Insurance Co.;Edison Insurance Co.;Safe Harbor Insurance Co.;Spinnaker Specialty Ins Co.;GeoVera Specialty Insurance Co;Florida Farm Bureau Cas Ins Co;Universal North America Ins Co;QBE Specialty Insurance Co.;American Platinum P&C Ins Co.,10108742160.905926,13,36.189312511589605,6823875657.35742,111290734.3404643,1,0.9811320754716981,24109309271.211815,300194520.0,17599583785.262264,539937478.65,359958319.1,539937478.65,359958319.1,16561644449.702145,20002644449.702145,3441000000.0,1395853723.0,1395853723.0,0.0,False,14751578632.38182,14751578632.38182,0.0,1.0,10229021221.300747,4522557411.081074,2443258323.112173,0.0,14,9464500000.0,9464500000.0,11
gm_then_andrew,baseline,,COMPOSITE,"{""gm_then_andrew"": 0.8746758742076192}",266548625724.76184,233143652224.6456,33404973500.11624,17878021577.367233,70484540478.18332,0.0,106910156287.70174,37870933881.39334,17878021577.367233,70484540478.18332,10495789244.055302,22909184256.060936,40.109063026307695,14.207889377939948,6.707227069265809,26.44340794724849,3.93766398739315,8.594748591844912,106910156287.70174,37870933881.39334,10495789244.055302,42,24,18,Universal P&C Insurance Co.;Florida Family Insurance Co.;First Protective Insurance Co.;Spinnaker Insurance Co.;Cypress P&C Insurance Co.;Florida Peninsula Insurance Co;Tower Hill Insurance Exchange;Kin Interinsurance Network;Unique Insurance Co.;Heritage P&C Insurance Co.;Florida Family Home Ins Co.;US Coastal P&C Insurance Co.;TypTap Insurance Co.;Homeowners Choice P&C Ins Co.;Vault E&S Insurance Co.;Edison Insurance Co.;Safe Harbor Insurance Co.;Spinnaker Specialty Ins Co.;GeoVera Specialty Insurance Co;Florida Farm Bureau Cas Ins Co;Universal North America Ins Co;QBE Specialty Insurance Co.;Auto Club Insurance Co. of FL;American Platinum P&C Ins Co.;Privilege Underwriters Recpl;American Strategic Ins Corp.;FL Farm Bureau General Ins Co.;Castle Key Insurance Co.;Chubb Custom Insurance Co.;Homesite Insurance Co.;Scottsdale Insurance Co.;PURE Specialty Exchange;First Floridian Auto & Home;State Farm FL Ins Co;AIG Specialty Insurance Co.;AIG Property Casualty Co.;Foremost P&C Insurance Co.;ASI Preferred Insurance Corp.;Nationwide P&C Insurance Co.;ACE Ins Co. of the Midwest;Castle Key Indemnity Co.;First Liberty Insurance Corp.,Universal P&C Insurance Co.;Florida Family Insurance Co.;First Protective Insurance Co.;Spinnaker Insurance Co.;Cypress P&C Insurance Co.;Florida Peninsula Insurance Co;Tower Hill Insurance Exchange;Kin Interinsurance Network;Unique Insurance Co.;Heritage P&C Insurance Co.;Florida Family Home Ins Co.;US Coastal P&C Insurance Co.;TypTap Insurance Co.;Homeowners Choice P&C Ins Co.;Vault E&S Insurance Co.;Edison Insurance Co.;Safe Harbor Insurance Co.;Spinnaker Specialty Ins Co.;GeoVera Specialty Insurance Co;Florida Farm Bureau Cas Ins Co;Universal North America Ins Co;QBE Specialty Insurance Co.;American Platinum P&C Ins Co.;ASI Preferred Insurance Corp.,16232311929.85674,19,37.663208661018395,8217443854.805058,140721898.31190586,1,0.9811320754716981,35703556245.65438,283917840.0,32168887267.944454,539937478.65,359958319.1,539937478.65,359958319.1,7054789244.055302,10495789244.055302,3441000000.0,1395853723.0,1395853723.0,0.0,False,14771834756.478363,14771834756.478363,0.0,1.0,10249277345.39729,4522557411.081073,2624349782.8114595,0.0,15,9464500000.0,9464500000.0,12
gm_then_andrew,baseline,,COMPOSITE,"{""gm_then_andrew"": 0.7683667711094471}",266548625724.76187,204807106891.7958,61741518832.96607,34304409982.964195,66208754708.22411,0.0,80722029363.95197,23571912836.655495,34304409982.964195,66208754708.22411,19269426411.270252,42472092421.695816,30.28416640470904,8.843381867965755,12.869850628450411,24.8392782098195,7.229234950611925,15.934087938443358,80722029363.95197,23571912836.655495,19269426411.270252,37,23,14,Universal P&C Insurance Co.;Florida Family Insurance Co.;First Protective Insurance Co.;Spinnaker Insurance Co.;Cypress P&C Insurance Co.;Florida Peninsula Insurance Co;Tower Hill Insurance Exchange;Kin Interinsurance Network;Unique Insurance Co.;Heritage P&C Insurance Co.;Florida Family Home Ins Co.;US Coastal P&C Insurance Co.;TypTap Insurance Co.;Homeowners Choice P&C Ins Co.;Vault E&S Insurance Co.;Edison Insurance Co.;Safe Harbor Insurance Co.;Spinnaker Specialty Ins Co.;GeoVera Specialty Insurance Co;Florida Farm Bureau Cas Ins Co;Universal North America Ins Co;QBE Specialty Insurance Co.;Auto Club Insurance Co. of FL;American Platinum P&C Ins Co.;Privilege Underwriters Recpl;FL Farm Bureau General Ins Co.;Castle Key Insurance Co.;Homesite Insurance Co.;PURE Specialty Exchange;State Farm FL Ins Co;AIG Property Casualty Co.;Foremost P&C Insurance Co.;ASI Preferred Insurance Corp.;Nationwide P&C Insurance Co.;ACE Ins Co. of the Midwest;Castle Key Indemnity Co.;First Liberty Insurance Corp.,Universal P&C Insurance Co.;Florida Family Insurance Co.;First Protective Insurance Co.;Spinnaker Insurance Co.;Cypress P&C Insurance Co.;Florida Peninsula Insurance Co;Tower Hill Insurance Exchange;Kin Interinsurance Network;Unique Insurance Co.;Heritage P&C Insurance Co.;Florida Family Home Ins Co.;US Coastal P&C Insurance Co.;TypTap Insurance Co.;Homeowners Choice P&C Ins Co.;Vault E&S Insurance Co.;Edison Insurance Co.;Safe Harbor Insurance Co.;Spinnaker Specialty Ins Co.;GeoVera Specialty Insurance Co;Florida Farm Bureau Cas Ins Co;Universal North America Ins Co;QBE Specialty Insurance Co.;American Platinum P&C Ins Co.,10213781918.6603,14,36.189312511589605,6971242750.983018,114938103.38475573,1,0.9811320754716981,26178651693.036053,300194520.0,17917555343.502422,539937478.65,359958319.1,539937478.65,359958319.1,15828426411.270252,19269426411.270252,3441000000.0,1395853723.0,1395853723.0,0.0,False,14757875738.608906,14757875738.608906,0.0,1.0,10235318327.527834,4522557411.081072,2574999999.9999995,0.0,14,9464500000.0,9464500000.0,13
gm_then_andrew,baseline,,COMPOSITE,"{""gm_then_andrew"": 0.8252543576875448}",266548625724.76184,219970414914.98618,46578210809.77567,35831786557.76196,91767460562.33948,0.0,71732035464.34134,20639132330.54341,35831786557.76196,91767460562.33948,14574522311.723396,32003688498.052277,26.9114257367854,7.743102135463786,13.442870493266723,34.428037403238605,5.4678662371994555,12.006697994046043,71732035464.34134,20639132330.54341,14574522311.723396,38,23,15,Universal P&C Insurance Co.;Florida Family Insurance Co.;First Protective Insurance Co.;Spinnaker Insurance Co.;Cypress P&C Insurance Co.;Florida Peninsula Insurance Co;Tower Hill Insurance Exchange;Kin Interinsurance Network;Unique Insurance Co.;Heritage P&C Insurance Co.;Florida Family Home Ins Co.;US Coastal P&C Insurance Co.;TypTap Insurance Co.;Homeowners Choice P&C Ins Co.;Vault E&S Insurance Co.;Edison Insurance Co.;Safe Harbor Insurance Co.;Spinnaker Specialty Ins Co.;GeoVera Specialty Insurance Co;Florida Farm Bureau Cas Ins Co;Universal North America Ins Co;QBE Specialty Insurance Co.;Auto Club Insurance Co. of FL;American Platinum P&C Ins Co.;Privilege Underwriters Recpl;FL Farm Bureau General Ins Co.;Castle Key Insurance Co.;Chubb Custom Insurance Co.;Homesite Insurance Co.;PURE Specialty Exchange;State Farm FL Ins Co;AIG Property Casualty Co.;Foremost P&C Insurance Co.;ASI Preferred Insurance Corp.;Nationwide P&C Insurance Co.;ACE Ins Co. of the Midwest;Castle Key Indemnity Co.;First Liberty Insurance Corp.,Universal P&C Insurance Co.;Florida Family Insurance Co.;First Protective Insurance Co.;Spinnaker Insurance Co.;Cypress P&C Insurance Co.;Florida Peninsula Insurance Co;Tower Hill Insurance Exchange;Kin Interinsurance Network;Unique Insurance Co.;Heritage P&C Insurance Co.;Florida Family Home Ins Co.;US Coastal P&C Insurance Co.;TypTap Insurance Co.;Homeowners Choice P&C Ins Co.;Vault E&S Insurance Co.;Edison Insurance Co.;Safe Harbor Insurance Co.;Spinnaker Specialty Ins Co.;GeoVera Specialty Insurance Co;Florida Farm Bureau Cas Ins Co;Universal North America Ins Co;QBE Specialty Insurance Co.;American Platinum P&C Ins Co.,9435450315.757528,15,36.189312511589605,4439548388.690333,103708701.49947059,1,0.9811320754716981,20717804806.95245,300194520.0,14990341294.625813,539937478.65,359958319.1,539937478.65,359958319.1,11133522311.723396,14574522311.723396,3441000000.0,1395853723.0,1395853723.0,0.0,False,14756803071.403526,14756803071.403526,0.0,1.0,10234245660.322453,4522557411.081073,2510490088.9188685,0.0,14,9464500000.0,9464500000.0,14
gm_then_andrew,baseline,,COMPOSITE,"{""gm_then_andrew"": 0.7327885274183238}",266548625724.76184,195323774930.22623,71224850794.53563,42016811463.69122,61369256948.235085,0.0,67952583396.546005,23985123121.7539,42016811463.69122,61369256948.235085,22205681088.39241,49019169706.143234,25.493503563103665,8.998404346125175,15.763281971326984,23.023662861276573,8.330818074193337,18.390329183974274,67952583396.546005,23985123121.7539,22205681088.39241,36,22,14,Universal P&C Insurance Co.;Florida Family Insurance Co.;First Protective Insurance Co.;Cypress P&C Insurance Co.;Florida Peninsula Insurance Co;Tower Hill Insurance Exchange;Kin Interinsurance Network;Unique Insurance Co.;Heritage P&C Insurance Co.;Florida Family Home Ins Co.;US Coastal P&C Insurance Co.;TypTap Insurance Co.;Homeowners Choice P&C Ins Co.;Vault E&S Insurance Co.;Edison Insurance Co.;Safe Harbor Insurance Co.;Spinnaker Specialty Ins Co.;GeoVera Specialty Insurance Co;Florida Farm Bureau Cas Ins Co;Universal North America Ins Co;QBE Specialty Insurance Co.;Auto Club Insurance Co. of FL;American Platinum P&C Ins Co.;Privilege Underwriters Recpl;FL Farm Bureau General Ins Co.;Castle Key Insurance Co.;Homesite Insurance Co.;PURE Specialty Exchange;State Farm FL Ins Co;AIG Property Casualty Co.;Foremost P&C Insurance Co.;ASI Preferred Insurance Corp.;Nationwide P&C Insurance Co.;ACE Ins Co. of the Midwest;Castle Key Indemnity Co.;First Liberty Insurance Corp.,Universal P&C Insurance Co.;Florida Family Insurance Co.;First Protective Insurance Co.;Cypress P&C Insurance Co.;Florida Peninsula Insurance Co;Tower Hill Insurance Exchange;Kin Interinsurance Network;Unique Insurance Co.;Heritage P&C Insurance Co.;Florida Family Home Ins Co.;US Coastal P&C Insurance Co.;TypTap Insurance Co.;Homeowners Choice P&C Ins Co.;Vault E&S Insurance Co.;Edison Insurance Co.;Safe Harbor Insurance Co.;Spinnaker Specialty Ins Co.;GeoVera Specialty Insurance Co;Florida Farm Bureau Cas Ins Co;Universal North America Ins Co;QBE Specialty Insurance Co.;American Platinum P&C Ins Co.,8732205973.461403,14,35.89838321723671,4379629038.9837475,79200322.02869977,1,0.9811320754716981,19933496907.60988,303407340.0,18287850554.0203,539937478.65,359958319.1,539937478.65,359958319.1,18764681088.39241,22205681088.39241,3441000000.0,1395853723.0,1395853723.0,0.0,False,14744466895.911648,14744466895.911648,0.0,1.0,10221909484.830576,4522557411.081072,2528998873.630151,0.0,14,9464500000.0,9464500000.0,15
gm_then_andrew,baseline,,COMPOSITE,"{""gm_then_andrew"": 0.878123226441488}",266548625724.76184,234062539224.9725,32486086499.78934,45379256977.095146,73127011755.37459,0.0,90588797630.12009,24967472862.382694,45379256977.095146,73127011755.37459,10211280986.473433,22274805513.315914,33.98584306477051,9.366948636292769,17.02475743542335,27.434773507662186,3.830926142916078,8.356751212935116,90588797630.12009,24967472862.382694,10211280986.473433,38,23,15,Universal P&C Insurance Co.;Florida Family Insurance Co.;First Protective Insurance Co.;Spinnaker Insurance Co.;Cypress P&C Insurance Co.;Florida Peninsula Insurance Co;Tower Hill Insurance Exchange;Kin Interinsurance Network;Unique Insurance Co.;Heritage P&C Insurance Co.;Florida Family Home Ins Co.;US Coastal P&C Insurance Co.;TypTap Insurance Co.;Homeowners Choice P&C Ins Co.;Vault E&S Insurance Co.;Edison Insurance Co.;Safe Harbor Insurance Co.;Spinnaker Specialty Ins Co.;GeoVera Specialty Insurance Co;Florida Farm Bureau Cas Ins Co;Universal North America Ins Co;QBE Specialty Insurance Co.;Auto Club Insurance Co. of FL;American Platinum P&C Ins Co.;FL Farm Bureau General Ins Co.;Castle Key Insurance Co.;Chubb Custom Insurance Co.;Homesite Insurance Co.;Farmers Casualty Ins Co.;PURE Specialty Exchange;State Farm FL Ins Co;AIG Property Casualty Co.;Foremost P&C Insurance Co.;ASI Preferred Insurance Corp.;Nationwide P&C Insurance Co.;ACE Ins Co. of the Midwest;Castle Key Indemnity Co.;First Liberty Insurance Corp.,Universal P&C Insurance Co.;Florida Family Insurance Co.;First Protective Insurance Co.;Spinnaker Insurance Co.;Cypress P&C Insurance Co.;Florida Peninsula Insurance Co;Tower Hill Insurance Exchange;Kin Interinsurance Network;Unique Insurance Co.;Heritage P&C Insurance Co.;Florida Family Home Ins Co.;US Coastal P&C Insurance Co.;TypTap Insurance Co.;Homeowners Choice P&C Ins Co.;Vault E&S Insurance Co.;Edison Insurance Co.;Safe Harbor Insurance Co.;Spinnaker Specialty Ins Co.;GeoVera Specialty Insurance Co;Florida Farm Bureau Cas Ins Co;Universal North America Ins Co;QBE Specialty Insurance Co.;American Platinum P&C Ins Co.,12750853586.455229,15,36.189312511589605,5695226958.675334,97678987.3829985,1,0.9811320754716981,28221638887.470222,300194520.0,19323905461.190136,539937478.65,359958319.1,539937478.65,359958319.1,6770280986.473433,10211280986.473433,3441000000.0,1395853723.0,1395853723.0,0.0,False,14771433463.650478,14771433463.650478,0.0,1.0,10248876052.569405,4522557411.081074,2575000000.0,0.0,14,9464500000.0,9464500000.0,16
gm_then_andrew,baseline,,COMPOSITE,"{""gm_then_andrew"": 0.7134418139275196}",266548625724.76187,190166935036.96164,76381690687.80023,51640743626.15925,79641106760.14546,0.0,46406251312.23196,12478833338.424965,51640743626.15925,79641106760.14546,23802355687.270638,52579335000.52958,17.4100508625961,4.68163484410931,19.373854765052695,29.87864092099386,8.92983620626465,19.725982400983376,46406251312.23196,12478833338.424965,23802355687.270638,30,19,11,Universal P&C Insurance Co.;Florida Family Insurance Co.;First Protective Insurance Co.;Cypress P&C Insurance Co.;Florida Peninsula Insurance Co;Tower Hill Insurance Exchange;Kin Interinsurance Network;Heritage P&C Insurance Co.;Florida Family Home Ins Co.;US Coastal P&C Insurance Co.;TypTap Insurance Co.;Homeowners Choice P&C Ins Co.;Vault E&S Insurance Co.;Edison Insurance Co.;Safe Harbor Insurance Co.;GeoVera Specialty Insurance Co;Florida Farm Bureau Cas Ins Co;Universal North America Ins Co;Auto Club Insurance Co. of FL;American Platinum P&C Ins Co.;FL Farm Bureau General Ins Co.;Castle Key Insurance Co.;Homesite Insurance Co.;State Farm FL Ins Co;AIG Property Casualty Co.;ASI Preferred Insurance Corp.;Nationwide P&C Insurance Co.;ACE Ins Co. of the Midwest;Castle Key Indemnity Co.;First Liberty Insurance Corp.,Universal P&C Insurance Co.;Florida Family Insurance Co.;First Protective Insurance Co.;Cypress P&C Insurance Co.;Florida Peninsula Insurance Co;Tower Hill Insurance Exchange;Kin Interinsurance Network;Heritage P&C Insurance Co.;Florida Family Home Ins Co.;US Coastal P&C Insurance Co.;TypTap Insurance Co.;Homeowners Choice P&C Ins Co.;Vault E&S Insurance Co.;Edison Insurance Co.;Safe Harbor Insurance Co.;GeoVera Specialty Insurance Co;Florida Farm Bureau Cas Ins Co;Universal North America Ins Co;American Platinum P&C Ins Co.,5943120855.6753235,11,35.41856476294073,2595573770.358293,44549290.61257966,1,0.9811320754716981,9621824605.791378,308706120.0,6860001839.290767,539937478.65,359958319.1,539937478.65,359958319.1,20361355687.270638,23802355687.270638,3441000000.0,1395853723.0,1395853723.0,0.0,False,14723681944.592186,14723681944.592186,0.0,1.0,10201124533.511114,4522557411.081073,2154745626.4486227,0.0,14,9464500000.0,9464500000.0,17
gm_then_andrew,baseline,,COMPOSITE,"{""gm_then_andrew"": 0.7959969925800304}",266548625724.7619,212171904453.25067,54376721271.51124,43953760655.178024,95356985127.45276,0.0,53128711334.25098,19732447336.36887,43953760655.178024,95356985127.45276,16989118037.218512,37387603234.292725,19.932089760279492,7.402944690753947,16.48995958454675,35.77470522242286,6.373740622756567,14.026560119240367,53128711334.25098,19732447336.36887,16989118037.218512,33,21,12,Universal P&C Insurance Co.;Florida Family Insurance Co.;First Protective Insurance Co.;Cypress P&C Insurance Co.;Florida Peninsula Insurance Co;Tower Hill Insurance Exchange;Kin Interinsurance Network;Heritage P&C Insurance Co.;Florida Family Home Ins Co.;US Coastal P&C Insurance Co.;TypTap Insurance Co.;Homeowners Choice P&C Ins Co.;Vault E&S Insurance Co.;Edison Insurance Co.;Safe Harbor Insurance Co.;Spinnaker Specialty Ins Co.;GeoVera Specialty Insurance Co;Florida Farm Bureau Cas Ins Co;Universal North America Ins Co;QBE Specialty Insurance Co.;Auto Club Insurance Co. of FL;American Platinum P&C Ins Co.;FL Farm Bureau General Ins Co.;Castle Key Insurance Co.;Homesite Insurance Co.;State Farm FL Ins Co;AIG Property Casualty Co.;Foremost P&C Insurance Co.;ASI Preferred Insurance Corp.;Nationwide P&C Insurance Co.;ACE Ins Co. of the Midwest;Castle Key Indemnity Co.;First Liberty Insurance Corp.,Universal P&C Insurance Co.;Florida Family Insurance Co.;First Protective Insurance Co.;Cypress P&C Insurance Co.;Florida Peninsula Insurance Co;Tower Hill Insurance Exchange;Kin Interinsurance Network;Heritage P&C Insurance Co.;Florida Family Home Ins Co.;US Coastal P&C Insurance Co.;TypTap Insurance Co.;Homeowners Choice P&C Ins Co.;Vault E&S Insurance Co.;Edison Insurance Co.;Safe Harbor Insurance Co.;Spinnaker Specialty Ins Co.;GeoVera Specialty Insurance Co;Florida Farm Bureau Cas Ins Co;Universal North America Ins Co;QBE Specialty Insurance Co.;American Platinum P&C Ins Co.,6638113189.37136,12,35.802781374679086,3313009703.376264,40538855.95146224,1,0.9811320754716981,13121036352.280422,304463100.0,14024802530.335089,539937478.65,359958319.1,539937478.65,359958319.1,13548118037.218512,16989118037.218512,3441000000.0,1395853723.0,1395853723.0,0.0,False,14729081214.004213,14729081214.004213,0.0,1.0,10206523802.92314,4522557411.081074,2218954007.796368,0.0,14,9464500000.0,9464500000.0,18
gm_then_andrew,baseline,,COMPOSITE,"{""gm_then_andrew"": 0.7684694281096092}",266548625724.76187,204834469974.11008,61714155750.651794,47572757434.30896,97444743897.5632,0.0,46805420033.54079,13011548608.697111,47572757434.30896,97444743897.5632,19260954180.333767,42453201570.31802,17.559805422471797,4.88149153773272,17.84768437839653,36.55796147235989,7.226056457039336,15.92700073199972,46805420033.54079,13011548608.697111,19260954180.333767,31,19,12,Universal P&C Insurance Co.;Florida Family Insurance Co.;First Protective Insurance Co.;Cypress P&C Insurance Co.;Florida Peninsula Insurance Co;Tower Hill Insurance Exchange;Kin Interinsurance Network;Heritage P&C Insurance Co.;Florida Family Home Ins Co.;US Coastal P&C Insurance Co.;TypTap Insurance Co.;Homeowners Choice P&C Ins Co.;Vault E&S Insurance Co.;Edison Insurance Co.;Safe Harbor Insurance Co.;GeoVera Specialty Insurance Co;Florida Farm Bureau Cas Ins Co;Universal North America Ins Co;Auto Club Insurance Co. of FL;American Platinum P&C Ins Co.;FL Farm Bureau General Ins Co.;Castle Key Insurance Co.;Homesite Insurance Co.;State Farm FL Ins Co;AIG Property Casualty Co.;Foremost P&C Insurance Co.;ASI Preferred Insurance Corp.;Nationwide P&C Insurance Co.;ACE Ins Co. of the Midwest;Castle Key Indemnity Co.;First Liberty Insurance Corp.,Universal P&C Insurance Co.;Florida Family Insurance Co.;First Protective Insurance Co.;Cypress P&C Insurance Co.;Florida Peninsula Insurance Co;Tower Hill Insurance Exchange;Kin Interinsurance Network;Heritage P&C Insurance Co.;Florida Family Home Ins Co.;US Coastal P&C Insurance Co.;TypTap Insurance Co.;Homeowners Choice P&C Ins Co.;Vault E&S Insurance Co.;Edison Insurance Co.;Safe Harbor Insurance Co.;GeoVera Specialty Insurance Co;Florida Farm Bureau Cas Ins Co;Universal North America Ins Co;American Platinum P&C Ins Co.,4921648696.990612,12,35.41856476294073,2484431150.757874,38657932.785324864,1,0.9811320754716981,9571184887.202633,308706120.0,7383901756.940081,539937478.65,359958319.1,539937478.65,359958319.1,15819954180.333767,19260954180.333767,3441000000.0,1395853723.0,1395853723.0,0.0,False,14722977066.970505,14722977066.970505,0.0,1.0,10200419655.889433,4522557411.081073,2113968754.963243,0.0,13,9464500000.0,9464500000.0,19
gm_then_andrew,baseline,,COMPOSITE,"{""gm_then_andrew"": 0.7080701857669751}",266548625724.76184,188735134932.86404,77813490791.89778,26597187870.51281,95073650060.57425,0.0,51075225062.02533,15989071939.751684,26597187870.51281,95073650060.57425,24245673475.72277,53567817316.17502,19.161691388634512,5.998557259965768,9.978362408807566,35.66840751928967,9.09615399809221,20.09682742521027,51075225062.02533,15989071939.751684,24245673475.72277,32,21,11,Universal P&C Insurance Co.;Florida Family Insurance Co.;First Protective Insurance Co.;Cypress P&C Insurance Co.;Florida Peninsula Insurance Co;Tower Hill Insurance Exchange;Kin Interinsurance Network;Unique Insurance Co.;Heritage P&C Insurance Co.;Florida Family Home Ins Co.;US Coastal P&C Insurance Co.;TypTap Insurance Co.;Homeowners Choice P&C Ins Co.;Vault E&S Insurance Co.;Edison Insurance Co.;Safe Harbor Insurance Co.;GeoVera Specialty Insurance Co;Florida Farm Bureau Cas Ins Co;Universal North America Ins Co;QBE Specialty Insurance Co.;Auto Club Insurance Co. of FL;American Platinum P&C Ins Co.;FL Farm Bureau General Ins Co.;Castle Key Insurance Co.;Homesite Insurance Co.;State Farm FL Ins Co;AIG Property Casualty Co.;ASI Preferred Insurance Corp.;Nationwide P&C Insurance Co.;ACE Ins Co. of the Midwest;Castle Key Indemnity Co.;First Liberty Insurance Corp.,Universal P&C Insurance Co.;Florida Family Insurance Co.;First Protective Insurance Co.;Cypress P&C Insurance Co.;Florida Peninsula Insurance Co;Tower Hill Insurance Exchange;Kin Interinsurance Network;Unique Insurance Co.;Heritage P&C Insurance Co.;Florida Family Home Ins Co.;US Coastal P&C Insurance Co.;TypTap Insurance Co.;Homeowners Choice P&C Ins Co.;Vault E&S Insurance Co.;Edison Insurance Co.;Safe Harbor Insurance Co.;GeoVera Specialty Insurance Co;Florida Farm Bureau Cas Ins Co;Universal North America Ins Co;QBE Specialty Insurance Co.;American Platinum P&C Ins Co.,5809112811.860365,11,35.80938809441937,3661157247.788251,45972976.04497594,1,0.9811320754716981,12325618002.748735,304390140.0,10327831210.280687,539937478.65,359958319.1,539937478.65,359958319.1,20804673475.72277,24245673475.72277,3441000000.0,1395853723.0,1395853723.0,0.0,False,14722780984.707283,14722780984.707283,0.0,1.0,10200223573.62621,4522557411.081074,2230456241.985312,0.0,14,9464500000.0,9464500000.0,20
gm_then_andrew,baseline,,COMPOSITE,"{""gm_then_andrew"": 0.8213662094971143}",266548625724.76184,218934034358.21268,47614591366.549164,82157072257.26317,76970343068.99986,0.0,46540831587.4367,13265787444.512981,82157072257.26317,76970343068.99986,14895409239.380938,32719182127.16823,17.460540815353806,4.9768733222474895,30.822545805244022,28.87666100686614,5.588252124309183,12.275126925979375,46540831587.4367,13265787444.512981,14895409239.380938,32,20,12,Universal P&C Insurance Co.;Florida Family Insurance Co.;First Protective Insurance Co.;Cypress P&C Insurance Co.;Florida Peninsula Insurance Co;Tower Hill Insurance Exchange;Kin Interinsurance Network;Unique Insurance Co.;Heritage P&C Insurance Co.;Florida Family Home Ins Co.;US Coastal P&C Insurance Co.;TypTap Insurance Co.;Homeowners Choice P&C Ins Co.;Vault E&S Insurance Co.;Edison Insurance Co.;Safe Harbor Insurance Co.;GeoVera Specialty Insurance Co;Florida Farm Bureau Cas Ins Co;Universal North America Ins Co;Auto Club Insurance Co. of FL;American Platinum P&C Ins Co.;FL Farm Bureau General Ins Co.;Castle Key Insurance Co.;Homesite Insurance Co.;State Farm FL Ins Co;AIG Property Casualty Co.;Foremost P&C Insurance Co.;ASI Preferred Insurance Corp.;Nationwide P&C Insurance Co.;ACE Ins Co. of the Midwest;Castle Key Indemnity Co.;First Liberty Insurance Corp.,Universal P&C Insurance Co.;Florida Family Insurance Co.;First Protective Insurance Co.;Cypress P&C Insurance Co.;Florida Peninsula Insurance Co;Tower Hill Insurance Exchange;Kin Interinsurance Network;Unique Insurance Co.;Heritage P&C Insurance Co.;Florida Family Home Ins Co.;US Coastal P&C Insurance Co.;TypTap Insurance Co.;Homeowners Choice P&C Ins Co.;Vault E&S Insurance Co.;Edison Insurance Co.;Safe Harbor Insurance Co.;GeoVera Specialty Insurance Co;Florida Farm Bureau Cas Ins Co;Universal North America Ins Co;American Platinum P&C Ins Co.,5130340577.864438,12,35.51416660549837,2077401673.6069808,30986770.1901756,1,0.9811320754716981,9794758745.182098,307650360.0,7631961734.167319,539937478.65,359958319.1,539937478.65,359958319.1,11454409239.380938,14895409239.380938,3441000000.0,1395853723.0,1395853723.0,0.0,False,14719766824.81393,14719766824.81393,0.0,1.0,10197209413.732857,4522557411.081074,2319614055.8357763,0.0,14,9464500000.0,9464500000.0,21
gm_then_andrew,baseline,,COMPOSITE,"{""gm_then_andrew"": 0.7838425933193013}",266548625724.7619,208932166033.7932,57616459690.96867,31374681810.735126,79162610526.38411,0.0,76870642849.44772,21524230847.226257,31374681810.735126,79162610526.38411,17992214535.931583,39624245155.03708,28.83925686745965,8.075161066278458,11.77071602805134,29.69912537014069,6.7500683925905305,14.865672275479325,76870642849.44772,21524230847.226257,17992214535.931583,38,24,14,Universal P&C Insurance Co.;Florida Family Insurance Co.;First Protective Insurance Co.;Spinnaker Insurance Co.;Cypress P&C Insurance Co.;Florida Peninsula Insurance Co;Tower Hill Insurance Exchange;Kin Interinsurance Network;Unique Insurance Co.;Heritage P&C Insurance Co.;Florida Family Home Ins Co.;US Coastal P&C Insurance Co.;TypTap Insurance Co.;Homeowners Choice P&C Ins Co.;Vault E&S Insurance Co.;Edison Insurance Co.;Safe Harbor Insurance Co.;Spinnaker Specialty Ins Co.;GeoVera Specialty Insurance Co;Florida Farm Bureau Cas Ins Co;Universal North America Ins Co;QBE Specialty Insurance Co.;Auto Club Insurance Co. of FL;American Platinum P&C Ins Co.;Privilege Underwriters Recpl;FL Farm Bureau General Ins Co.;Castle Key Insurance Co.;Chubb Custom Insurance Co.;Homesite Insurance Co.;PURE Specialty Exchange;State Farm FL Ins Co;AIG Property Casualty Co.;Foremost P&C Insurance Co.;ASI Preferred Insurance Corp.;Nationwide P&C Insurance Co.;ACE Ins Co. of the Midwest;Castle Key Indemnity Co.;First Liberty Insurance Corp.,Universal P&C Insurance Co.;Florida Family Insurance Co.;First Protective Insurance Co.;Spinnaker Insurance Co.;Cypress P&C Insurance Co.;Florida Peninsula Insurance Co;Tower Hill Insurance Exchange;Kin Interinsurance Network;Unique Insurance Co.;Heritage P&C Insurance Co.;Florida Family Home Ins Co.;US Coastal P&C Insurance Co.;TypTap Insurance Co.;Homeowners Choice P&C Ins Co.;Vault E&S Insurance Co.;Edison Insurance Co.;Safe Harbor Insurance Co.;Spinnaker Specialty Ins Co.;GeoVera Specialty Insurance Co;Florida Farm Bureau Cas Ins Co;Universal North America Ins Co;QBE Specialty Insurance Co.;American Platinum P&C Ins Co.;Castle Key Indemnity Co.,10619008721.625769,15,37.927433985368395,4885744712.90527,105415119.85762341,1,0.9811320754716981,22791274449.411568,280999920.0,15880220167.743847,539937478.65,359958319.1,539937478.65,359958319.1,14551214535.931583,17992214535.931583,3441000000.0,1395853723.0,1395853723.0,0.0,False,14751456072.713428,14751456072.713428,0.0,1.0,10228898661.632357,4522557411.081073,2575000000.0,0.0,14,9464500000.0,9464500000.0,22
gm_then_andrew,baseline,,COMPOSITE,"{""gm_then_andrew"": 0.6161972661832867}",266548625724.7619,164246534476.5104,102302091248.25148,31879275631.459595,73368275749.43922,0.0,45063426427.99904,13935556667.612532,31879275631.459595,73368275749.43922,31827899629.729874,70474191618.5216,16.90626852997979,5.228148008537245,11.960022508005025,27.52528757180662,11.94074797541645,26.43952540625486,45063426427.99904,13935556667.612532,31827899629.729874,31,20,11,Universal P&C Insurance Co.;Florida Family Insurance Co.;First Protective Insurance Co.;Cypress P&C Insurance Co.;Florida Peninsula Insurance Co;Tower Hill Insurance Exchange;Kin Interinsurance Network;Heritage P&C Insurance Co.;Florida Family Home Ins Co.;US Coastal P&C Insurance Co.;TypTap Insurance Co.;Homeowners Choice P&C Ins Co.;Vault E&S Insurance Co.;Edison Insurance Co.;Safe Harbor Insurance Co.;GeoVera Specialty Insurance Co;Florida Farm Bureau Cas Ins Co;Universal North America Ins Co;QBE Specialty Insurance Co.;Auto Club Insurance Co. of FL;American Platinum P&C Ins Co.;FL Farm Bureau General Ins Co.;Castle Key Insurance Co.;Homesite Insurance Co.;State Farm FL Ins Co;AIG Property Casualty Co.;ASI Preferred Insurance Corp.;Nationwide P&C Insurance Co.;ACE Ins Co. of the Midwest;Castle Key Indemnity Co.;First Liberty Insurance Corp.,Universal P&C Insurance Co.;Florida Family Insurance Co.;First Protective Insurance Co.;Cypress P&C Insurance Co.;Florida Peninsula Insurance Co;Tower Hill Insurance Exchange;Kin Interinsurance Network;Heritage P&C Insurance Co.;Florida Family Home Ins Co.;US Coastal P&C Insurance Co.;TypTap Insurance Co.;Homeowners Choice P&C Ins Co.;Vault E&S Insurance Co.;Edison Insurance Co.;Safe Harbor Insurance Co.;GeoVera Specialty Insurance Co;Florida Farm Bureau Cas Ins Co;Universal North America Ins Co;QBE Specialty Insurance Co.;American Platinum P&C Ins Co.,4927860146.927805,11,35.71378625186174,2591443533.1617417,23981864.086645156,1,0.9811320754716981,9899771607.496733,305445900.0,8281386100.921646,539937478.65,359958319.1,539937478.65,359958319.1,28386899629.729874,31827899629.729874,3441000000.0,1395853723.0,1395853723.0,0.0,False,14720171683.362507,14720171683.362507,0.0,1.0,10197614272.281433,4522557411.081073,2152905382.1584253,0.0,14,9464500000.0,9464500000.0,23
gm_then_andrew,baseline,,COMPOSITE,"{""gm_then_andrew"": 0.8015677626481961}",266548625724.7619,213656785559.14883,52891840165.61306,43785214104.63426,94020867132.78543,0.0,54636136387.11224,21214567934.61685,43785214104.63426,94020867132.78543,16529365166.620676,36362474998.99238,20.49762449104859,7.958986048768082,16.42672663780562,35.27343908719731,6.201256945773526,13.641966789406847,54636136387.11224,21214567934.61685,16529365166.620676,34,22,12,Universal P&C Insurance Co.;Florida Family Insurance Co.;First Protective Insurance Co.;Cypress P&C Insurance Co.;Florida Peninsula Insurance Co;Tower Hill Insurance Exchange;Kin Interinsurance Network;Unique Insurance Co.;Heritage P&C Insurance Co.;Florida Family Home Ins Co.;US Coastal P&C Insurance Co.;TypTap Insurance Co.;Homeowners Choice P&C Ins Co.;Vault E&S Insurance Co.;Edison Insurance Co.;Safe Harbor Insurance Co.;Spinnaker Specialty Ins Co.;GeoVera Specialty Insurance Co;Florida Farm Bureau Cas Ins Co;Universal North America Ins Co;QBE Specialty Insurance Co.;Auto Club Insurance Co. of FL;American Platinum P&C Ins Co.;FL Farm Bureau General Ins Co.;Castle Key Insurance Co.;Homesite Insurance Co.;State Farm FL Ins Co;AIG Property Casualty Co.;Foremost P&C Insurance Co.;ASI Preferred Insurance Corp.;Nationwide P&C Insurance Co.;ACE Ins Co. of the Midwest;Castle Key Indemnity Co.;First Liberty Insurance Corp.,Universal P&C Insurance Co.;Florida Family Insurance Co.;First Protective Insurance Co.;Cypress P&C Insurance Co.;Florida Peninsula Insurance Co;Tower Hill Insurance Exchange;Kin Interinsurance Network;Unique Insurance Co.;Heritage P&C Insurance Co.;Florida Family Home Ins Co.;US Coastal P&C Insurance Co.;TypTap Insurance Co.;Homeowners Choice P&C Ins Co.;Vault E&S Insurance Co.;Edison Insurance Co.;Safe Harbor Insurance Co.;Spinnaker Specialty Ins Co.;GeoVera Specialty Insurance Co;Florida Farm Bureau Cas Ins Co;Universal North America Ins Co;QBE Specialty Insurance Co.;American Platinum P&C Ins Co.,6511221395.3323345,12,35.89838321723671,3481465100.603053,57272581.60465512,1,0.9811320754716981,13633139659.824823,303407340.0,15494442661.752651,539937478.65,359958319.1,539937478.65,359958319.1,13088365166.620676,16529365166.620676,3441000000.0,1395853723.0,1395853723.0,0.0,False,14728772944.826553,14728772944.826553,0.0,1.0,10206215533.74548,4522557411.081073,2326687496.54865,0.0,14,9464500000.0,9464500000.0,24
gm_then_andrew,baseline,,COMPOSITE,"{""gm_then_andrew"": 0.7691340651035142}",266548625724.76184,205011628051.44125,61536997673.32059,48823530463.29423,61495297884.55236,0.0,69545905422.54317,25146894281.051544,48823530463.29423,61495297884.55236,19206102021.27599,42330895652.0446,26.091263923587544,9.434261464554776,18.31693197837359,23.07094914383555,7.2054777881722085,15.881115701476356,69545905422.54317,25146894281.051544,19206102021.27599,37,23,14,Universal P&C Insurance Co.;Florida Family Insurance Co.;First Protective Insurance Co.;Spinnaker Insurance Co.;Cypress P&C Insurance Co.;Florida Peninsula Insurance Co;Tower Hill Insurance Exchange;Kin Interinsurance Network;Unique Insurance Co.;Heritage P&C Insurance Co.;Florida Family Home Ins Co.;US Coastal P&C Insurance Co.;TypTap Insurance Co.;Homeowners Choice P&C Ins Co.;Vault E&S Insurance Co.;Edison Insurance Co.;Safe Harbor Insurance Co.;Spinnaker Specialty Ins Co.;GeoVera Specialty Insurance Co;Florida Farm Bureau Cas Ins Co;Universal North America Ins Co;QBE Specialty Insurance Co.;Auto Club Insurance Co. of FL;American Platinum P&C Ins Co.;Privilege Underwriters Recpl;FL Farm Bureau General Ins Co.;Castle Key Insurance Co.;Homesite Insurance Co.;PURE Specialty Exchange;State Farm FL Ins Co;AIG Property Casualty Co.;Foremost P&C Insurance Co.;ASI Preferred Insurance Corp.;Nationwide P&C Insurance Co.;ACE Ins Co. of the Midwest;Castle Key Indemnity Co.;First Liberty Insurance Corp.,Universal P&C Insurance Co.;Florida Family Insurance Co.;First Protective Insurance Co.;Spinnaker Insurance Co.;Cypress P&C Insurance Co.;Florida Peninsula Insurance Co;Tower Hill Insurance Exchange;Kin Interinsurance Network;Unique Insurance Co.;Heritage P&C Insurance Co.;Florida Family Home Ins Co.;US Coastal P&C Insurance Co.;TypTap Insurance Co.;Homeowners Choice P&C Ins Co.;Vault E&S Insurance Co.;Edison Insurance Co.;Safe Harbor Insurance Co.;Spinnaker Specialty Ins Co.;GeoVera Specialty Insurance Co;Florida Farm Bureau Cas Ins Co;Universal North America Ins Co;QBE Specialty Insurance Co.;American Platinum P&C Ins Co.,9650370455.805935,14,36.189312511589605,4327730509.012708,77692418.50634186,1,0.9811320754716981,18816769902.537777,300194520.0,19443276005.28519,539937478.65,359958319.1,539937478.65,359958319.1,15765102021.27599,19206102021.27599,3441000000.0,1395853723.0,1395853723.0,0.0,False,14737891246.055595,14737891246.055595,0.0,1.0,10215333834.974522,4522557411.081073,2475470900.0341663,0.0,14,9464500000.0,9464500000.0,25
gm_then_andrew,baseline,,COMPOSITE,"{""gm_then_andrew"": 0.7442855543355917}",266548625724.76184,198388291654.94458,68160334069.81726,26380979849.80173,80670067379.32123,0.0,73672386147.99348,17664858277.828163,26380979849.80173,80670067379.32123,21256837200.76537,46903496869.051895,27.639379474448166,6.627255432211044,9.89724849568076,30.26467203121923,7.974844043171013,17.5966005232698,73672386147.99348,17664858277.828163,21256837200.76537,37,23,14,Universal P&C Insurance Co.;Florida Family Insurance Co.;First Protective Insurance Co.;Spinnaker Insurance Co.;Cypress P&C Insurance Co.;Florida Peninsula Insurance Co;Tower Hill Insurance Exchange;Kin Interinsurance Network;Unique Insurance Co.;Heritage P&C Insurance Co.;Florida Family Home Ins Co.;US Coastal P&C Insurance Co.;TypTap Insurance Co.;Homeowners Choice P&C Ins Co.;Vault E&S Insurance Co.;Edison Insurance Co.;Safe Harbor Insurance Co.;Spinnaker Specialty Ins Co.;GeoVera Specialty Insurance Co;Florida Farm Bureau Cas Ins Co;Universal North America Ins Co;QBE Specialty Insurance Co.;Auto Club Insurance Co. of FL;American Platinum P&C Ins Co.;Privilege Underwriters Recpl;FL Farm Bureau General Ins Co.;Castle Key Insurance Co.;Homesite Insurance Co.;PURE Specialty Exchange;State Farm FL Ins Co;AIG Property Casualty Co.;Foremost P&C Insurance Co.;ASI Preferred Insurance Corp.;Nationwide P&C Insurance Co.;ACE Ins Co. of the Midwest;Castle Key Indemnity Co.;First Liberty Insurance Corp.,Universal P&C Insurance Co.;Florida Family Insurance Co.;First Protective Insurance Co.;Spinnaker Insurance Co.;Cypress P&C Insurance Co.;Florida Peninsula Insurance Co;Tower Hill Insurance Exchange;Kin Interinsurance Network;Unique Insurance Co.;Heritage P&C Insurance Co.;Florida Family Home Ins Co.;US Coastal P&C Insurance Co.;TypTap Insurance Co.;Homeowners Choice P&C Ins Co.;Vault E&S Insurance Co.;Edison Insurance Co.;Safe Harbor Insurance Co.;Spinnaker Specialty Ins Co.;GeoVera Specialty Insurance Co;Florida Farm Bureau Cas Ins Co;Universal North America Ins Co;QBE Specialty Insurance Co.;American Platinum P&C Ins Co.,9552344401.72004,14,36.189312511589605,4796192168.750118,75591744.01387821,1,0.9811320754716981,21008514620.877766,300194520.0,12055346102.294035,539937478.65,359958319.1,539937478.65,359958319.1,17815837200.76537,21256837200.76537,3441000000.0,1395853723.0,1395853723.0,0.0,False,14756537297.813992,14756537297.813992,0.0,1.0,10233979886.73292,4522557411.081073,2535130194.485073,0.0,14,9464500000.0,9464500000.0,26
gm_then_andrew,baseline,,COMPOSITE,"{""gm_then_andrew"": 0.7857449310929158}",266548625724.76187,209439231553.01447,57109394171.747406,27276317798.956455,95617391796.36842,0.0,64131698243.06966,22413823714.619938,27276317798.956455,95617391796.36842,17835215549.87328,39274178621.87413,24.060037101557615,8.408906124980158,10.233148914120452,35.87240096863337,6.691167700219143,14.734339190489262,64131698243.06966,22413823714.619938,17835215549.87328,36,23,13,Universal P&C Insurance Co.;Florida Family Insurance Co.;First Protective Insurance Co.;Spinnaker Insurance Co.;Cypress P&C Insurance Co.;Florida Peninsula Insurance Co;Tower Hill Insurance Exchange;Kin Interinsurance Network;Unique Insurance Co.;Heritage P&C Insurance Co.;Florida Family Home Ins Co.;US Coastal P&C Insurance Co.;TypTap Insurance Co.;Homeowners Choice P&C Ins Co.;Vault E&S Insurance Co.;Edison Insurance Co.;Safe Harbor Insurance Co.;Spinnaker Specialty Ins Co.;GeoVera Specialty Insurance Co;Florida Farm Bureau Cas Ins Co;Universal North America Ins Co;QBE Specialty Insurance Co.;Auto Club Insurance Co. of FL;American Platinum P&C Ins Co.;FL Farm Bureau General Ins Co.;Castle Key Insurance Co.;Homesite Insurance Co.;PURE Specialty Exchange;State Farm FL Ins Co;AIG Property Casualty Co.;Foremost P&C Insurance Co.;ASI Preferred Insurance Corp.;Nationwide P&C Insurance Co.;ACE Ins Co. of the Midwest;Castle Key Indemnity Co.;First Liberty Insurance Corp.,Universal P&C Insurance Co.;Florida Family Insurance Co.;First Protective Insurance Co.;Spinnaker Insurance Co.;Cypress P&C Insurance Co.;Florida Peninsula Insurance Co;Tower Hill Insurance Exchange;Kin Interinsurance Network;Unique Insurance Co.;Heritage P&C Insurance Co.;Florida Family Home Ins Co.;US Coastal P&C Insurance Co.;TypTap Insurance Co.;Homeowners Choice P&C Ins Co.;Vault E&S Insurance Co.;Edison Insurance Co.;Safe Harbor Insurance Co.;Spinnaker Specialty Ins Co.;GeoVera Specialty Insurance Co;Florida Farm Bureau Cas Ins Co;Universal North America Ins Co;QBE Specialty Insurance Co.;American Platinum P&C Ins Co.,8052284597.731684,13,36.189312511589605,4352335183.649412,70438097.86240439,1,0.9811320754716981,18514707857.774147,300194520.0,16719789093.939034,539937478.65,359958319.1,539937478.65,359958319.1,14394215549.87328,17835215549.87328,3441000000.0,1395853723.0,1395853723.0,0.0,False,14738397390.41326,14738397390.41326,0.0,1.0,10215839979.332188,4522557411.081072,2455758547.814451,0.0,14,9464500000.0,9464500000.0,27
gm_then_andrew,baseline,,COMPOSITE,"{""gm_then_andrew"": 0.7131750400568164}",266548625724.76184,190095826828.34644,76452798896.41542,29748557792.573956,85023272959.55354,0.0,57090850743.55623,18233145332.662716,29748557792.573956,85023272959.55354,23824372401.540924,52628426494.8745,21.418550025655826,6.840457452401298,11.160649473125524,31.897847054499014,8.938096130400602,19.744399863917746,57090850743.55623,18233145332.662716,23824372401.540924,35,22,13,Universal P&C Insurance Co.;Florida Family Insurance Co.;First Protective Insurance Co.;Cypress P&C Insurance Co.;Florida Peninsula Insurance Co;Tower Hill Insurance Exchange;Kin Interinsurance Network;Unique Insurance Co.;Heritage P&C Insurance Co.;Florida Family Home Ins Co.;US Coastal P&C Insurance Co.;TypTap Insurance Co.;Homeowners Choice P&C Ins Co.;Vault E&S Insurance Co.;Edison Insurance Co.;Safe Harbor Insurance Co.;Spinnaker Specialty Ins Co.;GeoVera Specialty Insurance Co;Florida Farm Bureau Cas Ins Co;Universal North America Ins Co;QBE Specialty Insurance Co.;Auto Club Insurance Co. of FL;American Platinum P&C Ins Co.;FL Farm Bureau General Ins Co.;Castle Key Insurance Co.;Homesite Insurance Co.;PURE Specialty Exchange;State Farm FL Ins Co;AIG Property Casualty Co.;Foremost P&C Insurance Co.;ASI Preferred Insurance Corp.;Nationwide P&C Insurance Co.;ACE Ins Co. of the Midwest;Castle Key Indemnity Co.;First Liberty Insurance Corp.,Universal P&C Insurance Co.;Florida Family Insurance Co.;First Protective Insurance Co.;Cypress P&C Insurance Co.;Florida Peninsula Insurance Co;Tower Hill Insurance Exchange;Kin Interinsurance Network;Unique Insurance Co.;Heritage P&C Insurance Co.;Florida Family Home Ins Co.;US Coastal P&C Insurance Co.;TypTap Insurance Co.;Homeowners Choice P&C Ins Co.;Vault E&S Insurance Co.;Edison Insurance Co.;Safe Harbor Insurance Co.;Spinnaker Specialty Ins Co.;GeoVera Specialty Insurance Co;Florida Farm Bureau Cas Ins Co;Universal North America Ins Co;QBE Specialty Insurance Co.;American Platinum P&C Ins Co.,6785211837.288422,13,35.89838321723671,3671485645.9236517,46647880.33221741,1,0.9811320754716981,14611485676.473204,303407340.0,12564027258.325521,539937478.65,359958319.1,539937478.65,359958319.1,20383372401.540924,23824372401.540924,3441000000.0,1395853723.0,1395853723.0,0.0,False,14737577317.876846,14737577317.876846,0.0,1.0,10215019906.795773,4522557411.081073,2408652967.737438,0.0,14,9464500000.0,9464500000.0,28
gm_then_andrew,baseline,,COMPOSITE,"{""gm_then_andrew"": 0.8574895935750002}",266548625724.76184,228562672740.70093,37985952984.06093,46821779187.454056,117637950734.75104,0.0,49614963557.42309,14487979261.07275,46821779187.454056,117637950734.75104,11914164398.488579,26071788585.57236,18.613850820846288,5.4353982211234655,17.565942821930822,44.133767493599464,4.469790217861092,9.781250424638879,49614963557.42309,14487979261.07275,11914164398.488579,30,19,11,Universal P&C Insurance Co.;Florida Family Insurance Co.;First Protective Insurance Co.;Cypress P&C Insurance Co.;Florida Peninsula Insurance Co;Tower Hill Insurance Exchange;Kin Interinsurance Network;Heritage P&C Insurance Co.;Florida Family Home Ins Co.;US Coastal P&C Insurance Co.;TypTap Insurance Co.;Homeowners Choice P&C Ins Co.;Vault E&S Insurance Co.;Edison Insurance Co.;Safe Harbor Insurance Co.;GeoVera Specialty Insurance Co;Florida Farm Bureau Cas Ins Co;Universal North America Ins Co;Auto Club Insurance Co. of FL;American Platinum P&C Ins Co.;FL Farm Bureau General Ins Co.;Castle Key Insurance Co.;Homesite Insurance Co.;State Farm FL Ins Co;AIG Property Casualty Co.;ASI Preferred Insurance Corp.;Nationwide P&C Insurance Co.;ACE Ins Co. of the Midwest;Castle Key Indemnity Co.;First Liberty Insurance Corp.,Universal P&C Insurance Co.;Florida Family Insurance Co.;First Protective Insurance Co.;Cypress P&C Insurance Co.;Florida Peninsula Insurance Co;Tower Hill Insurance Exchange;Kin Interinsurance Network;Heritage P&C Insurance Co.;Florida Family Home Ins Co.;US Coastal P&C Insurance Co.;TypTap Insurance Co.;Homeowners Choice P&C Ins Co.;Vault E&S Insurance Co.;Edison Insurance Co.;Safe Harbor Insurance Co.;GeoVera Specialty Insurance Co;Florida Farm Bureau Cas Ins Co;Universal North America Ins Co;American Platinum P&C Ins Co.,4947688598.003912,11,35.41856476294073,2707791069.960805,40508073.37036283,1,0.9811320754716981,11359486235.727547,308706120.0,8845562895.879416,539937478.65,359958319.1,539937478.65,359958319.1,8473164398.488579,11914164398.488579,3441000000.0,1395853723.0,1395853723.0,0.0,False,14720537164.153069,14720537164.153069,0.0,1.0,10197979753.071997,4522557411.081073,2246881804.5866194,0.0,14,9464500000.0,9464500000.0,29
gm_then_andrew,baseline,,COMPOSITE,"{""gm_then_andrew"": 0.7211369626257795}",266548625724.76184,192218066347.2305,74330559377.53134,33117209479.240524,78862835539.24995,0.0,62911364109.91314,17326657218.826923,33117209479.240524,78862835539.24995,23167278909.659668,51163280467.871666,23.602209142460715,6.50037387051413,12.424453282845795,29.586659966757335,8.69157694835846,19.194726789063576,62911364109.91314,17326657218.826923,23167278909.659668,35,22,13,Universal P&C Insurance Co.;Florida Family Insurance Co.;First Protective Insurance Co.;Cypress P&C Insurance Co.;Florida Peninsula Insurance Co;Tower Hill Insurance Exchange;Kin Interinsurance Network;Unique Insurance Co.;Heritage P&C Insurance Co.;Florida Family Home Ins Co.;US Coastal P&C Insurance Co.;TypTap Insurance Co.;Homeowners Choice P&C Ins Co.;Vault E&S Insurance Co.;Edison Insurance Co.;Safe Harbor Insurance Co.;Spinnaker Specialty Ins Co.;GeoVera Specialty Insurance Co;Florida Farm Bureau Cas Ins Co;Universal North America Ins Co;QBE Specialty Insurance Co.;Auto Club Insurance Co. of FL;American Platinum P&C Ins Co.;FL Farm Bureau General Ins Co.;Castle Key Insurance Co.;Homesite Insurance Co.;PURE Specialty Exchange;State Farm FL Ins Co;AIG Property Casualty Co.;Foremost P&C Insurance Co.;ASI Preferred Insurance Corp.;Nationwide P&C Insurance Co.;ACE Ins Co. of the Midwest;Castle Key Indemnity Co.;First Liberty Insurance Corp.,Universal P&C Insurance Co.;Florida Family Insurance Co.;First Protective Insurance Co.;Cypress P&C Insurance Co.;Florida Peninsula Insurance Co;Tower Hill Insurance Exchange;Kin Interinsurance Network;Unique Insurance Co.;Heritage P&C Insurance Co.;Florida Family Home Ins Co.;US Coastal P&C Insurance Co.;TypTap Insurance Co.;Homeowners Choice P&C Ins Co.;Vault E&S Insurance Co.;Edison Insurance Co.;Safe Harbor Insurance Co.;Spinnaker Specialty Ins Co.;GeoVera Specialty Insurance Co;Florida Farm Bureau Cas Ins Co;Universal North America Ins Co;QBE Specialty Insurance Co.;American Platinum P&C Ins Co.,8601026716.685413,13,35.89838321723671,3894897153.129769,64596855.9889576,1,0.9811320754716981,17155290100.247337,303407340.0,11691151095.02352,539937478.65,359958319.1,539937478.65,359958319.1,19726278909.659668,23167278909.659668,3441000000.0,1395853723.0,1395853723.0,0.0,False,14730967401.526236,14730967401.526236,0.0,1.0,10208409990.445164,4522557411.081072,2514138883.956346,0.0,14,9464500000.0,9464500000.0,30
gm_then_andrew,baseline,,COMPOSITE,"{""gm_then_andrew"": 0.6489547463015822}",266548625724.76187,172977995784.24826,93570629940.51361,33133754014.27028,66365326233.89604,0.0,58898595770.57393,14580319765.508007,33133754014.27028,66365326233.89604,29124441161.034317,64446188779.47928,22.09675462044686,5.470041245143633,12.43066023100948,24.898018533558254,10.926502090132033,24.17802327970973,58898595770.57393,14580319765.508007,29124441161.034317,35,22,13,Universal P&C Insurance Co.;Florida Family Insurance Co.;First Protective Insurance Co.;Cypress P&C Insurance Co.;Florida Peninsula Insurance Co;Tower Hill Insurance Exchange;Kin Interinsurance Network;Unique Insurance Co.;Heritage P&C Insurance Co.;Florida Family Home Ins Co.;US Coastal P&C Insurance Co.;TypTap Insurance Co.;Homeowners Choice P&C Ins Co.;Vault E&S Insurance Co.;Edison Insurance Co.;Safe Harbor Insurance Co.;Spinnaker Specialty Ins Co.;GeoVera Specialty Insurance Co;Florida Farm Bureau Cas Ins Co;Universal North America Ins Co;QBE Specialty Insurance Co.;Auto Club Insurance Co. of FL;American Platinum P&C Ins Co.;FL Farm Bureau General Ins Co.;Castle Key Insurance Co.;Homesite Insurance Co.;PURE Specialty Exchange;State Farm FL Ins Co;AIG Property Casualty Co.;Foremost P&C Insurance Co.;ASI Preferred Insurance Corp.;Nationwide P&C Insurance Co.;ACE Ins Co. of the Midwest;Castle Key Indemnity Co.;First Liberty Insurance Corp.,Universal P&C Insurance Co.;Florida Family Insurance Co.;First Protective Insurance Co.;Cypress P&C Insurance Co.;Florida Peninsula Insurance Co;Tower Hill Insurance Exchange;Kin Interinsurance Network;Unique Insurance Co.;Heritage P&C Insurance Co.;Florida Family Home Ins Co.;US Coastal P&C Insurance Co.;TypTap Insurance Co.;Homeowners Choice P&C Ins Co.;Vault E&S Insurance Co.;Edison Insurance Co.;Safe Harbor Insurance Co.;Spinnaker Specialty Ins Co.;GeoVera Specialty Insurance Co;Florida Farm Bureau Cas Ins Co;Universal North America Ins Co;QBE Specialty Insurance Co.;American Platinum P&C Ins Co.,6994277879.166131,13,35.89838321723671,4462546305.935528,40971478.56165992,1,0.9811320754716981,15493303492.793583,303407340.0,8971223717.709684,539937478.65,359958319.1,539937478.65,359958319.1,25683441161.034317,29124441161.034317,3441000000.0,1395853723.0,1395853723.0,0.0,False,14741269736.29248,14741269736.29248,0.0,1.0,10218712325.211409,4522557411.081073,2297083752.8015184,0.0,14,9464500000.0,9464500000.0,31
gm_then_andrew,baseline,,COMPOSITE,"{""gm_then_andrew"": 0.9129624216112557}",266548625724.76187,243348878818.8309,23199746905.93098,56883266141.15698,101040042680.65746,0.0,63846563976.91874,21579006020.097694,56883266141.15698,101040042680.65746,7336019614.593932,15863727291.337048,23.953064399906797,8.095710852540721,21.340671326474837,37.90679558220323,2.7522256378725833,5.951532201001829,63846563976.91874,21579006020.097694,7336019614.593932,35,22,13,Universal P&C Insurance Co.;Florida Family Insurance Co.;First Protective Insurance Co.;Cypress P&C Insurance Co.;Florida Peninsula Insurance Co;Tower Hill Insurance Exchange;Kin Interinsurance Network;Unique Insurance Co.;Heritage P&C Insurance Co.;Florida Family Home Ins Co.;US Coastal P&C Insurance Co.;TypTap Insurance Co.;Homeowners Choice P&C Ins Co.;Vault E&S Insurance Co.;Edison Insurance Co.;Safe Harbor Insurance Co.;Spinnaker Specialty Ins Co.;GeoVera Specialty Insurance Co;Florida Farm Bureau Cas Ins Co;Universal North America Ins Co;QBE Specialty Insurance Co.;Auto Club Insurance Co. of FL;American Platinum P&C Ins Co.;FL Farm Bureau General Ins Co.;Castle Key Insurance Co.;Homesite Insurance Co.;PURE Specialty Exchange;State Farm FL Ins Co;AIG Property Casualty Co.;Foremost P&C Insurance Co.;ASI Preferred Insurance Corp.;Nationwide P&C Insurance Co.;ACE Ins Co. of the Midwest;Castle Key Indemnity Co.;First Liberty Insurance Corp.,Universal P&C Insurance Co.;Florida Family Insurance Co.;First Protective Insurance Co.;Cypress P&C Insurance Co.;Florida Peninsula Insurance Co;Tower Hill Insurance Exchange;Kin Interinsurance Network;Unique Insurance Co.;Heritage P&C Insurance Co.;Florida Family Home Ins Co.;US Coastal P&C Insurance Co.;TypTap Insurance Co.;Homeowners Choice P&C Ins Co.;Vault E&S Insurance Co.;Edison Insurance Co.;Safe Harbor Insurance Co.;Spinnaker Specialty Ins Co.;GeoVera Specialty Insurance Co;Florida Farm Bureau Cas Ins Co;Universal North America Ins Co;QBE Specialty Insurance Co.;American Platinum P&C Ins Co.,8052700529.634018,13,35.89838321723671,5215403265.783426,56216533.86696936,1,0.9811320754716981,17561451936.341248,303407340.0,15893506135.093422,539937478.65,359958319.1,539937478.65,359958319.1,3895019614.593932,7336019614.593932,3441000000.0,1395853723.0,1395853723.0,0.0,False,14747889311.986301,14747889311.986301,0.0,1.0,10225331900.905228,4522557411.081073,2425484753.0554023,0.0,14,9464500000.0,9464500000.0,32
gm_then_andrew,baseline,,COMPOSITE,"{""gm_then_andrew"": 0.7801677392240415}",266548625724.7619,207952638724.9627,58595986999.79918,31820721853.14767,88163482874.84232,0.0,71769950936.21376,16198483060.75896,31820721853.14767,88163482874.84232,18295498408.475304,40300488591.32386,26.92565033530633,6.077121206952128,11.938055117194919,33.075947262950784,6.8638502107181125,15.119375866877716,71769950936.21376,16198483060.75896,18295498408.475304,38,23,15,Universal P&C Insurance Co.;Florida Family Insurance Co.;First Protective Insurance Co.;Spinnaker Insurance Co.;Cypress P&C Insurance Co.;Florida Peninsula Insurance Co;Tower Hill Insurance Exchange;Kin Interinsurance Network;Unique Insurance Co.;Heritage P&C Insurance Co.;Florida Family Home Ins Co.;US Coastal P&C Insurance Co.;TypTap Insurance Co.;Homeowners Choice P&C Ins Co.;Vault E&S Insurance Co.;Edison Insurance Co.;Safe Harbor Insurance Co.;Spinnaker Specialty Ins Co.;GeoVera Specialty Insurance Co;Florida Farm Bureau Cas Ins Co;Universal North America Ins Co;QBE Specialty Insurance Co.;Auto Club Insurance Co. of FL;American Platinum P&C Ins Co.;Privilege Underwriters Recpl;FL Farm Bureau General Ins Co.;Castle Key Insurance Co.;Chubb Custom Insurance Co.;Homesite Insurance Co.;PURE Specialty Exchange;State Farm FL Ins Co;AIG Property Casualty Co.;Foremost P&C Insurance Co.;ASI Preferred Insurance Corp.;Nationwide P&C Insurance Co.;ACE Ins Co. of the Midwest;Castle Key Indemnity Co.;First Liberty Insurance Corp.,Universal P&C Insurance Co.;Florida Family Insurance Co.;First Protective Insurance Co.;Spinnaker Insurance Co.;Cypress P&C Insurance Co.;Florida Peninsula Insurance Co;Tower Hill Insurance Exchange;Kin Interinsurance Network;Unique Insurance Co.;Heritage P&C Insurance Co.;Florida Family Home Ins Co.;US Coastal P&C Insurance Co.;TypTap Insurance Co.;Homeowners Choice P&C Ins Co.;Vault E&S Insurance Co.;Edison Insurance Co.;Safe Harbor Insurance Co.;Spinnaker Specialty Ins Co.;GeoVera Specialty Insurance Co;Florida Farm Bureau Cas Ins Co;Universal North America Ins Co;QBE Specialty Insurance Co.;American Platinum P&C Ins Co.,9641082637.46925,15,36.189312511589605,4941458793.212723,74754580.6923084,1,0.9811320754716981,19889339705.256493,300194520.0,10602207195.123695,539937478.65,359958319.1,539937478.65,359958319.1,14854498408.475304,18295498408.475304,3441000000.0,1395853723.0,1395853723.0,0.0,False,14751517444.572483,14751517444.572483,0.0,1.0,10228960033.491411,4522557411.081073,2516181057.1569605,0.0,14,9464500000.0,9464500000.0,33
gm_then_andrew,baseline,,COMPOSITE,"{""gm_then_andrew"": 0.8453129732011904}",266548625724.76187,225317011314.08978,41231614410.67208,37502579694.07125,103421100572.43556,0.0,64510316572.56717,19883014475.015835,37502579694.07125,103421100572.43556,12919094794.562635,28312519616.10944,24.20208185172957,7.459432372218282,14.069695385635347,38.80008771053586,4.846806003758164,10.621896676122782,64510316572.56717,19883014475.015835,12919094794.562635,35,22,13,Universal P&C Insurance Co.;Florida Family Insurance Co.;First Protective Insurance Co.;Cypress P&C Insurance Co.;Florida Peninsula Insurance Co;Tower Hill Insurance Exchange;Kin Interinsurance Network;Unique Insurance Co.;Heritage P&C Insurance Co.;Florida Family Home Ins Co.;US Coastal P&C Insurance Co.;TypTap Insurance Co.;Homeowners Choice P&C Ins Co.;Vault E&S Insurance Co.;Edison Insurance Co.;Safe Harbor Insurance Co.;Spinnaker Specialty Ins Co.;GeoVera Specialty Insurance Co;Florida Farm Bureau Cas Ins Co;Universal North America Ins Co;QBE Specialty Insurance Co.;Auto Club Insurance Co. of FL;American Platinum P&C Ins Co.;FL Farm Bureau General Ins Co.;Castle Key Insurance Co.;Homesite Insurance Co.;PURE Specialty Exchange;State Farm FL Ins Co;AIG Property Casualty Co.;Foremost P&C Insurance Co.;ASI Preferred Insurance Corp.;Nationwide P&C Insurance Co.;ACE Ins Co. of the Midwest;Castle Key Indemnity Co.;First Liberty Insurance Corp.,Universal P&C Insurance Co.;Florida Family Insurance Co.;First Protective Insurance Co.;Cypress P&C Insurance Co.;Florida Peninsula Insurance Co;Tower Hill Insurance Exchange;Kin Interinsurance Network;Unique Insurance Co.;Heritage P&C Insurance Co.;Florida Family Home Ins Co.;US Coastal P&C Insurance Co.;TypTap Insurance Co.;Homeowners Choice P&C Ins Co.;Vault E&S Insurance Co.;Edison Insurance Co.;Safe Harbor Insurance Co.;Spinnaker Specialty Ins Co.;GeoVera Specialty Insurance Co;Florida Farm Bureau Cas Ins Co;Universal North America Ins Co;QBE Specialty Insurance Co.;American Platinum P&C Ins Co.,8281300221.962924,13,35.89838321723671,3630654787.0281296,62111226.77801055,1,0.9811320754716981,18170621901.33606,303407340.0,14220187647.072128,539937478.65,359958319.1,539937478.65,359958319.1,9478094794.562635,12919094794.562635,3441000000.0,1395853723.0,1395853723.0,0.0,False,14739688266.409376,14739688266.409376,0.0,1.0,10217130855.328302,4522557411.081074,2488006547.012468,0.0,14,9464500000.0,9464500000.0,34
gm_then_andrew,baseline,,COMPOSITE,"{""gm_then_andrew"": 0.7234740924008164}",266548625724.7619,192841025076.90704,73707600647.85484,50260668583.74247,73864783291.16537,0.0,47299287551.15384,21416285650.84533,50260668583.74247,73864783291.16537,22974396756.9438,50733203890.91102,17.745087757456712,8.034663691329545,18.85609743703636,27.711560354259017,8.619214109423758,19.033376650494578,47299287551.15384,21416285650.84533,22974396756.9438,30,18,12,Universal P&C Insurance Co.;Florida Family Insurance Co.;First Protective Insurance Co.;Cypress P&C Insurance Co.;Florida Peninsula Insurance Co;Tower Hill Insurance Exchange;Kin Interinsurance Network;Heritage P&C Insurance Co.;Florida Family Home Ins Co.;US Coastal P&C Insurance Co.;TypTap Insurance Co.;Homeowners Choice P&C Ins Co.;Edison Insurance Co.;Safe Harbor Insurance Co.;GeoVera Specialty Insurance Co;Florida Farm Bureau Cas Ins Co;Universal North America Ins Co;Auto Club Insurance Co. of FL;American Platinum P&C Ins Co.;FL Farm Bureau General Ins Co.;Castle Key Insurance Co.;Homesite Insurance Co.;State Farm FL Ins Co;AIG Property Casualty Co.;Foremost P&C Insurance Co.;ASI Preferred Insurance Corp.;Nationwide P&C Insurance Co.;ACE Ins Co. of the Midwest;Castle Key Indemnity Co.;First Liberty Insurance Corp.,Universal P&C Insurance Co.;Florida Family Insurance Co.;First Protective Insurance Co.;Cypress P&C Insurance Co.;Florida Peninsula Insurance Co;Tower Hill Insurance Exchange;Kin Interinsurance Network;Heritage P&C Insurance Co.;Florida Family Home Ins Co.;US Coastal P&C Insurance Co.;TypTap Insurance Co.;Homeowners Choice P&C Ins Co.;Edison Insurance Co.;Safe Harbor Insurance Co.;GeoVera Specialty Insurance Co;Florida Farm Bureau Cas Ins Co;Universal North America Ins Co;American Platinum P&C Ins Co.,5228305718.7125435,12,35.166819401784345,2911799155.778154,37753084.00808876,1,0.9811320754716981,11089421514.27814,311486220.0,15652782087.24598,539937478.65,359958319.1,539937478.65,359958319.1,19533396756.9438,22974396756.9438,3441000000.0,1395853723.0,1395853723.0,0.0,False,14723065867.256565,14723065867.256565,0.0,1.0,10200508456.175493,4522557411.081072,2204017516.208598,0.0,14,9464500000.0,9464500000.0,35
gm_then_andrew,baseline,,COMPOSITE,"{""gm_then_andrew"": 0.876065191976376}",266548625724.76187,233513972966.60275,33034652758.159107,60569977360.02089,98192607374.83315,0.0,56103925368.084305,18647462863.664402,60569977360.02089,98192607374.83315,10381129542.695759,22653523215.46335,21.048289112552855,6.99589533165321,22.723800280465696,36.83853447296586,3.8946475580089146,8.498833244353463,56103925368.084305,18647462863.664402,10381129542.695759,34,21,13,Universal P&C Insurance Co.;Florida Family Insurance Co.;First Protective Insurance Co.;Cypress P&C Insurance Co.;Florida Peninsula Insurance Co;Tower Hill Insurance Exchange;Kin Interinsurance Network;Heritage P&C Insurance Co.;Florida Family Home Ins Co.;US Coastal P&C Insurance Co.;TypTap Insurance Co.;Homeowners Choice P&C Ins Co.;Vault E&S Insurance Co.;Edison Insurance Co.;Safe Harbor Insurance Co.;Spinnaker Specialty Ins Co.;GeoVera Specialty Insurance Co;Florida Farm Bureau Cas Ins Co;Universal North America Ins Co;QBE Specialty Insurance Co.;Auto Club Insurance Co. of FL;American Platinum P&C Ins Co.;FL Farm Bureau General Ins Co.;Castle Key Insurance Co.;Homesite Insurance Co.;PURE Specialty Exchange;State Farm FL Ins Co;AIG Property Casualty Co.;Foremost P&C Insurance Co.;ASI Preferred Insurance Corp.;Nationwide P&C Insurance Co.;ACE Ins Co. of the Midwest;Castle Key Indemnity Co.;First Liberty Insurance Corp.,Universal P&C Insurance Co.;Florida Family Insurance Co.;First Protective Insurance Co.;Cypress P&C Insurance Co.;Florida Peninsula Insurance Co;Tower Hill Insurance Exchange;Kin Interinsurance Network;Heritage P&C Insurance Co.;Florida Family Home Ins Co.;US Coastal P&C Insurance Co.;TypTap Insurance Co.;Homeowners Choice P&C Ins Co.;Vault E&S Insurance Co.;Edison Insurance Co.;Safe Harbor Insurance Co.;Spinnaker Specialty Ins Co.;GeoVera Specialty Insurance Co;Florida Farm Bureau Cas Ins Co;Universal North America Ins Co;QBE Specialty Insurance Co.;American Platinum P&C Ins Co.,6894421393.72136,13,35.802781374679086,3394524862.279161,50431764.192572266,1,0.9811320754716981,13287465810.495508,304463100.0,12968471507.158415,539937478.65,359958319.1,539937478.65,359958319.1,6940129542.695759,10381129542.695759,3441000000.0,1395853723.0,1395853723.0,0.0,False,14736349209.84913,14736349209.84913,0.0,1.0,10213791798.768057,4522557411.081074,2367613795.7006164,0.0,14,9464500000.0,9464500000.0,36
gm_then_andrew,baseline,,COMPOSITE,"{""gm_then_andrew"": 0.799947019302361}",266548625724.76184,213224778647.66388,53323847077.09795,49815865368.468704,95988386677.96341,0.0,52673819210.62188,14746707390.609886,49815865368.468704,95988386677.96341,16663124305.237465,36660722771.8605,19.761429670627106,5.532464236314367,18.689222363467962,36.01158565982667,6.251438835945758,13.753859233818137,52673819210.62188,14746707390.609886,16663124305.237465,34,22,12,Universal P&C Insurance Co.;Florida Family Insurance Co.;First Protective Insurance Co.;Cypress P&C Insurance Co.;Florida Peninsula Insurance Co;Tower Hill Insurance Exchange;Kin Interinsurance Network;Unique Insurance Co.;Heritage P&C Insurance Co.;Florida Family Home Ins Co.;US Coastal P&C Insurance Co.;TypTap Insurance Co.;Homeowners Choice P&C Ins Co.;Vault E&S Insurance Co.;Edison Insurance Co.;Safe Harbor Insurance Co.;GeoVera Specialty Insurance Co;Florida Farm Bureau Cas Ins Co;Universal North America Ins Co;QBE Specialty Insurance Co.;Auto Club Insurance Co. of FL;American Platinum P&C Ins Co.;FL Farm Bureau General Ins Co.;Castle Key Insurance Co.;Homesite Insurance Co.;PURE Specialty Exchange;State Farm FL Ins Co;AIG Property Casualty Co.;Foremost P&C Insurance Co.;ASI Preferred Insurance Corp.;Nationwide P&C Insurance Co.;ACE Ins Co. of the Midwest;Castle Key Indemnity Co.;First Liberty Insurance Corp.,Universal P&C Insurance Co.;Florida Family Insurance Co.;First Protective Insurance Co.;Cypress P&C Insurance Co.;Florida Peninsula Insurance Co;Tower Hill Insurance Exchange;Kin Interinsurance Network;Unique Insurance Co.;Heritage P&C Insurance Co.;Florida Family Home Ins Co.;US Coastal P&C Insurance Co.;TypTap Insurance Co.;Homeowners Choice P&C Ins Co.;Vault E&S Insurance Co.;Edison Insurance Co.;Safe Harbor Insurance Co.;GeoVera Specialty Insurance Co;Florida Farm Bureau Cas Ins Co;Universal North America Ins Co;QBE Specialty Insurance Co.;American Platinum P&C Ins Co.;Castle Key Indemnity Co.,5508486056.237243,13,37.547509568198166,3332628590.5050044,54137060.773991436,1,0.9811320754716981,13473059802.471668,285195540.0,9112777798.717117,539937478.65,359958319.1,539937478.65,359958319.1,13222124305.237465,16663124305.237465,3441000000.0,1395853723.0,1395853723.0,0.0,False,14722805388.385162,14722805388.385162,0.0,1.0,10200247977.304089,4522557411.081073,2246657951.7123156,0.0,14,9464500000.0,9464500000.0,37
gm_then_andrew,baseline,,COMPOSITE,"{""gm_then_andrew"": 0.8125846646268489}",266548625724.76184,216593325641.3031,49955300083.45873,26190845506.229626,56296790694.09305,0.0,101309794298.27045,32795895142.710026,26190845506.229626,56296790694.09305,15620145750.309616,34335154333.14912,38.00799723607765,12.303907046429522,9.825916541499748,21.120645638677995,5.860148671874596,12.8813848654405,101309794298.27045,32795895142.710026,15620145750.309616,39,23,16,Universal P&C Insurance Co.;Florida Family Insurance Co.;First Protective Insurance Co.;Spinnaker Insurance Co.;Cypress P&C Insurance Co.;Florida Peninsula Insurance Co;Tower Hill Insurance Exchange;Kin Interinsurance Network;Unique Insurance Co.;Heritage P&C Insurance Co.;Florida Family Home Ins Co.;US Coastal P&C Insurance Co.;TypTap Insurance Co.;Homeowners Choice P&C Ins Co.;Vault E&S Insurance Co.;Edison Insurance Co.;Safe Harbor Insurance Co.;Spinnaker Specialty Ins Co.;GeoVera Specialty Insurance Co;Florida Farm Bureau Cas Ins Co;Universal North America Ins Co;QBE Specialty Insurance Co.;Auto Club Insurance Co. of FL;American Platinum P&C Ins Co.;Privilege Underwriters Recpl;FL Farm Bureau General Ins Co.;Castle Key Insurance Co.;Chubb Custom Insurance Co.;Homesite Insurance Co.;PURE Specialty Exchange;State Farm FL Ins Co;AIG Specialty Insurance Co.;AIG Property Casualty Co.;Foremost P&C Insurance Co.;ASI Preferred Insurance Corp.;Nationwide P&C Insurance Co.;ACE Ins Co. of the Midwest;Castle Key Indemnity Co.;First Liberty Insurance Corp.,Universal P&C Insurance Co.;Florida Family Insurance Co.;First Protective Insurance Co.;Spinnaker Insurance Co.;Cypress P&C Insurance Co.;Florida Peninsula Insurance Co;Tower Hill Insurance Exchange;Kin Interinsurance Network;Unique Insurance Co.;Heritage P&C Insurance Co.;Florida Family Home Ins Co.;US Coastal P&C Insurance Co.;TypTap Insurance Co.;Homeowners Choice P&C Ins Co.;Vault E&S Insurance Co.;Edison Insurance Co.;Safe Harbor Insurance Co.;Spinnaker Specialty Ins Co.;GeoVera Specialty Insurance Co;Florida Farm Bureau Cas Ins Co;Universal North America Ins Co;QBE Specialty Insurance Co.;American Platinum P&C Ins Co.,16053473168.611984,16,36.189312511589605,7889082195.82361,140464293.27705237,1,0.9811320754716981,32981718476.730255,300194520.0,27115192183.97393,539937478.65,359958319.1,539937478.65,359958319.1,12179145750.309616,15620145750.309616,3441000000.0,1395853723.0,1395853723.0,0.0,False,14771834756.478363,14771834756.478363,0.0,1.0,10249277345.397291,4522557411.081073,2575000000.0,0.0,14,9464500000.0,9464500000.0,38
gm_then_andrew,baseline,,COMPOSITE,"{""gm_then_andrew"": 0.7745377699292024}",266548625724.76184,206451978146.5507,60096647578.21114,27742173386.189068,98331758874.1378,0.0,58938005467.47956,21440040418.74429,27742173386.189068,98331758874.1378,18760136961.674877,41336510616.536255,22.11153980149909,8.04357567421236,10.407922123311055,36.89073939389775,7.038166830035205,15.508056177044537,58938005467.47956,21440040418.74429,18760136961.674877,34,22,12,Universal P&C Insurance Co.;Florida Family Insurance Co.;First Protective Insurance Co.;Cypress P&C Insurance Co.;Florida Peninsula Insurance Co;Tower Hill Insurance Exchange;Kin Interinsurance Network;Unique Insurance Co.;Heritage P&C Insurance Co.;Florida Family Home Ins Co.;US Coastal P&C Insurance Co.;TypTap Insurance Co.;Homeowners Choice P&C Ins Co.;Vault E&S Insurance Co.;Edison Insurance Co.;Safe Harbor Insurance Co.;Spinnaker Specialty Ins Co.;GeoVera Specialty Insurance Co;Florida Farm Bureau Cas Ins Co;Universal North America Ins Co;QBE Specialty Insurance Co.;Auto Club Insurance Co. of FL;American Platinum P&C Ins Co.;FL Farm Bureau General Ins Co.;Castle Key Insurance Co.;Homesite Insurance Co.;State Farm FL Ins Co;AIG Property Casualty Co.;Foremost P&C Insurance Co.;ASI Preferred Insurance Corp.;Nationwide P&C Insurance Co.;ACE Ins Co. of the Midwest;Castle Key Indemnity Co.;First Liberty Insurance Corp.,Universal P&C Insurance Co.;Florida Family Insurance Co.;First Protective Insurance Co.;Cypress P&C Insurance Co.;Florida Peninsula Insurance Co;Tower Hill Insurance Exchange;Kin Interinsurance Network;Unique Insurance Co.;Heritage P&C Insurance Co.;Florida Family Home Ins Co.;US Coastal P&C Insurance Co.;TypTap Insurance Co.;Homeowners Choice P&C Ins Co.;Vault E&S Insurance Co.;Edison Insurance Co.;Safe Harbor Insurance Co.;Spinnaker Specialty Ins Co.;GeoVera Specialty Insurance Co;Florida Farm Bureau Cas Ins Co;Universal North America Ins Co;QBE Specialty Insurance Co.;American Platinum P&C Ins Co.,7269495391.052852,12,35.89838321723671,4696572869.272833,70009321.77468528,1,0.9811320754716981,15609470738.665485,303407340.0,15736671516.677923,539937478.65,359958319.1,539937478.65,359958319.1,15319136961.674877,18760136961.674877,3441000000.0,1395853723.0,1395853723.0,0.0,False,14735374713.318531,14735374713.318531,0.0,1.0,10212817302.23746,4522557411.081073,2488411244.1075945,0.0,14,9464500000.0,9464500000.0,39
gm_then_andrew,baseline,,COMPOSITE,"{""gm_then_andrew"": 0.762304013727758}",266548625724.76187,203191087243.60394,63357538481.15792,40172473044.39088,85440346170.51219,0.0,63745445310.01095,13832822718.68992,40172473044.39088,85440346170.51219,19769782749.05886,43587755732.09907,23.9151281071824,5.189605716809695,15.071348777417063,32.05431877136665,7.416951670751865,16.35264695647232,63745445310.01095,13832822718.68992,19769782749.05886,36,22,14,Universal P&C Insurance Co.;Florida Family Insurance Co.;First Protective Insurance Co.;Cypress P&C Insurance Co.;Florida Peninsula Insurance Co;Tower Hill Insurance Exchange;Kin Interinsurance Network;Unique Insurance Co.;Heritage P&C Insurance Co.;Florida Family Home Ins Co.;US Coastal P&C Insurance Co.;TypTap Insurance Co.;Homeowners Choice P&C Ins Co.;Vault E&S Insurance Co.;Edison Insurance Co.;Safe Harbor Insurance Co.;Spinnaker Specialty Ins Co.;GeoVera Specialty Insurance Co;Florida Farm Bureau Cas Ins Co;Universal North America Ins Co;QBE Specialty Insurance Co.;Auto Club Insurance Co. of FL;American Platinum P&C Ins Co.;Privilege Underwriters Recpl;FL Farm Bureau General Ins Co.;Castle Key Insurance Co.;Homesite Insurance Co.;PURE Specialty Exchange;State Farm FL Ins Co;AIG Property Casualty Co.;Foremost P&C Insurance Co.;ASI Preferred Insurance Corp.;Nationwide P&C Insurance Co.;ACE Ins Co. of the Midwest;Castle Key Indemnity Co.;First Liberty Insurance Corp.,Universal P&C Insurance Co.;Florida Family Insurance Co.;First Protective Insurance Co.;Cypress P&C Insurance Co.;Florida Peninsula Insurance Co;Tower Hill Insurance Exchange;Kin Interinsurance Network;Unique Insurance Co.;Heritage P&C Insurance Co.;Florida Family Home Ins Co.;US Coastal P&C Insurance Co.;TypTap Insurance Co.;Homeowners Choice P&C Ins Co.;Vault E&S Insurance Co.;Edison Insurance Co.;Safe Harbor Insurance Co.;Spinnaker Specialty Ins Co.;GeoVera Specialty Insurance Co;Florida Farm Bureau Cas Ins Co;Universal North America Ins Co;QBE Specialty Insurance Co.;American Platinum P&C Ins Co.,8254697928.313796,14,35.89838321723671,4549718357.104365,60439283.19946885,1,0.9811320754716981,17275807038.29972,303407340.0,8248886602.242722,539937478.65,359958319.1,539937478.65,359958319.1,16328782749.05886,19769782749.05886,3441000000.0,1395853723.0,1395853723.0,0.0,False,14734532211.050665,14734532211.050665,0.0,1.0,10211974799.969591,4522557411.081074,2509523680.182966,0.0,14,9464500000.0,9464500000.0,40
gm_then_andrew,baseline,,COMPOSITE,"{""gm_then_andrew"": 0.7625667447901937}",266548625724.76184,203261117847.23135,63287507877.53049,38014333866.3076,89190460370.77826,0.0,58899802676.61226,17156520933.533253,38014333866.3076,89190460370.77826,19748099685.735123,43539408191.795364,22.097207410640415,6.43654450923678,14.261688186515437,33.461234372626755,7.408816921129811,16.334508599850807,58899802676.61226,17156520933.533253,19748099685.735123,35,22,13,Universal P&C Insurance Co.;Florida Family Insurance Co.;First Protective Insurance Co.;Cypress P&C Insurance Co.;Florida Peninsula Insurance Co;Tower Hill Insurance Exchange;Kin Interinsurance Network;Unique Insurance Co.;Heritage P&C Insurance Co.;Florida Family Home Ins Co.;US Coastal P&C Insurance Co.;TypTap Insurance Co.;Homeowners Choice P&C Ins Co.;Vault E&S Insurance Co.;Edison Insurance Co.;Safe Harbor Insurance Co.;Spinnaker Specialty Ins Co.;GeoVera Specialty Insurance Co;Florida Farm Bureau Cas Ins Co;Universal North America Ins Co;QBE Specialty Insurance Co.;Auto Club Insurance Co. of FL;American Platinum P&C Ins Co.;FL Farm Bureau General Ins Co.;Castle Key Insurance Co.;Homesite Insurance Co.;PURE Specialty Exchange;State Farm FL Ins Co;AIG Property Casualty Co.;Foremost P&C Insurance Co.;ASI Preferred Insurance Corp.;Nationwide P&C Insurance Co.;ACE Ins Co. of the Midwest;Castle Key Indemnity Co.;First Liberty Insurance Corp.,Universal P&C Insurance Co.;Florida Family Insurance Co.;First Protective Insurance Co.;Cypress P&C Insurance Co.;Florida Peninsula Insurance Co;Tower Hill Insurance Exchange;Kin Interinsurance Network;Unique Insurance Co.;Heritage P&C Insurance Co.;Florida Family Home Ins Co.;US Coastal P&C Insurance Co.;TypTap Insurance Co.;Homeowners Choice P&C Ins Co.;Vault E&S Insurance Co.;Edison Insurance Co.;Safe Harbor Insurance Co.;Spinnaker Specialty Ins Co.;GeoVera Specialty Insurance Co;Florida Farm Bureau Cas Ins Co;Universal North America Ins Co;QBE Specialty Insurance Co.;American Platinum P&C Ins Co.,6507783439.81869,13,35.89838321723671,4120798534.8807755,68174293.39495632,1,0.9811320754716981,15852452998.884987,303407340.0,11509467493.490425,539937478.65,359958319.1,539937478.65,359958319.1,16307099685.735123,19748099685.735123,3441000000.0,1395853723.0,1395853723.0,0.0,False,14742850488.69732,14742850488.69732,0.0,1.0,10220293077.616247,4522557411.081074,2575000000.0,0.0,14,9464500000.0,9464500000.0,41
gm_then_andrew,baseline,,COMPOSITE,"{""gm_then_andrew"": 0.770964833848942}",266548625724.76184,205499616944.55487,61049008780.206985,23341540512.158707,107025174360.73871,0.0,58398021146.62579,16734880925.03166,23341540512.158707,107025174360.73871,19055009591.35842,41993999188.848564,21.908956006746628,6.278359484888922,8.756953988673416,40.152213904585246,7.14879303524702,15.754723579858773,58398021146.62579,16734880925.03166,19055009591.35842,35,22,13,Universal P&C Insurance Co.;Florida Family Insurance Co.;First Protective Insurance Co.;Cypress P&C Insurance Co.;Florida Peninsula Insurance Co;Tower Hill Insurance Exchange;Kin Interinsurance Network;Unique Insurance Co.;Heritage P&C Insurance Co.;Florida Family Home Ins Co.;US Coastal P&C Insurance Co.;TypTap Insurance Co.;Homeowners Choice P&C Ins Co.;Vault E&S Insurance Co.;Edison Insurance Co.;Safe Harbor Insurance Co.;Spinnaker Specialty Ins Co.;GeoVera Specialty Insurance Co;Florida Farm Bureau Cas Ins Co;Universal North America Ins Co;QBE Specialty Insurance Co.;Auto Club Insurance Co. of FL;American Platinum P&C Ins Co.;FL Farm Bureau General Ins Co.;Castle Key Insurance Co.;Homesite Insurance Co.;PURE Specialty Exchange;State Farm FL Ins Co;AIG Property Casualty Co.;Foremost P&C Insurance Co.;ASI Preferred Insurance Corp.;Nationwide P&C Insurance Co.;ACE Ins Co. of the Midwest;Castle Key Indemnity Co.;First Liberty Insurance Corp.,Universal P&C Insurance Co.;Florida Family Insurance Co.;First Protective Insurance Co.;Cypress P&C Insurance Co.;Florida Peninsula Insurance Co;Tower Hill Insurance Exchange;Kin Interinsurance Network;Unique Insurance Co.;Heritage P&C Insurance Co.;Florida Family Home Ins Co.;US Coastal P&C Insurance Co.;TypTap Insurance Co.;Homeowners Choice P&C Ins Co.;Vault E&S Insurance Co.;Edison Insurance Co.;Safe Harbor Insurance Co.;Spinnaker Specialty Ins Co.;GeoVera Specialty Insurance Co;Florida Farm Bureau Cas Ins Co;Universal North America Ins Co;QBE Specialty Insurance Co.;American Platinum P&C Ins Co.,7047683945.218149,13,35.89838321723671,3807144399.274138,48032363.01623356,1,0.9811320754716981,16023836596.076456,303407340.0,11092026054.702972,539937478.65,359958319.1,539937478.65,359958319.1,15614009591.358421,19055009591.35842,3441000000.0,1395853723.0,1395853723.0,0.0,False,14736657598.019657,14736657598.019657,0.0,1.0,10214100186.938585,4522557411.081073,2334008227.9574633,0.0,14,9464500000.0,9464500000.0,42
gm_then_andrew,baseline,,COMPOSITE,"{""gm_then_andrew"": 0.5520245100090554}",266548625724.76184,147141374509.29877,119407251215.46306,45450421568.99304,47477009974.45849,0.0,42279573076.6529,11934369889.19434,45450421568.99304,47477009974.45849,37124045136.41264,82283206079.05045,15.861861212636974,4.4773706323730105,17.051455975588166,17.811763180307395,13.927682063814856,30.869866935279607,42279573076.6529,11934369889.19434,37124045136.41264,28,19,9,Universal P&C Insurance Co.;Florida Family Insurance Co.;First Protective Insurance Co.;Cypress P&C Insurance Co.;Florida Peninsula Insurance Co;Tower Hill Insurance Exchange;Kin Interinsurance Network;Heritage P&C Insurance Co.;Florida Family Home Ins Co.;US Coastal P&C Insurance Co.;TypTap Insurance Co.;Homeowners Choice P&C Ins Co.;Edison Insurance Co.;Safe Harbor Insurance Co.;GeoVera Specialty Insurance Co;Florida Farm Bureau Cas Ins Co;Universal North America Ins Co;Auto Club Insurance Co. of FL;American Platinum P&C Ins Co.;FL Farm Bureau General Ins Co.;Castle Key Insurance Co.;Homesite Insurance Co.;State Farm FL Ins Co;AIG Property Casualty Co.;ASI Preferred Insurance Corp.;ACE Ins Co. of the Midwest;Castle Key Indemnity Co.;First Liberty Insurance Corp.,Universal P&C Insurance Co.;Florida Family Insurance Co.;First Protective Insurance Co.;Cypress P&C Insurance Co.;Florida Peninsula Insurance Co;Tower Hill Insurance Exchange;Kin Interinsurance Network;Heritage P&C Insurance Co.;Florida Family Home Ins Co.;US Coastal P&C Insurance Co.;TypTap Insurance Co.;Homeowners Choice P&C Ins Co.;Edison Insurance Co.;Safe Harbor Insurance Co.;GeoVera Specialty Insurance Co;Florida Farm Bureau Cas Ins Co;Universal North America Ins Co;American Platinum P&C Ins Co.;Castle Key Indemnity Co.,3955602694.145458,10,36.90494087556314,2415775499.356297,27319052.960620224,1,0.9811320754716981,8867893223.202013,292291620.0,6307433668.836359,539937478.65,359958319.1,539937478.65,359958319.1,33683045136.412643,37124045136.41264,3441000000.0,1395853723.0,1395853723.0,0.0,False,14705156681.758663,14705156681.758663,0.0,1.0,10182599270.67759,4522557411.081073,2093963233.7771454,0.0,14,9464500000.0,9464500000.0,43
gm_then_andrew,baseline,,COMPOSITE,"{""gm_then_andrew"": 0.7258590386747673}",266548625724.76184,193476729228.65604,73071896496.10582,22513196552.625957,51715246841.061134,0.0,91255109115.66544,27993176719.30352,22513196552.625957,51715246841.061134,22777568332.461437,50294328163.64438,34.23582052525586,10.502090056997435,8.44618744193905,19.401805843284407,8.545370763224852,18.8687253692984,91255109115.66544,27993176719.30352,22777568332.461437,39,23,16,Universal P&C Insurance Co.;Florida Family Insurance Co.;First Protective Insurance Co.;Spinnaker Insurance Co.;Cypress P&C Insurance Co.;Florida Peninsula Insurance Co;Tower Hill Insurance Exchange;Kin Interinsurance Network;Unique Insurance Co.;Heritage P&C Insurance Co.;Florida Family Home Ins Co.;US Coastal P&C Insurance Co.;TypTap Insurance Co.;Homeowners Choice P&C Ins Co.;Vault E&S Insurance Co.;Edison Insurance Co.;Safe Harbor Insurance Co.;Spinnaker Specialty Ins Co.;GeoVera Specialty Insurance Co;Florida Farm Bureau Cas Ins Co;Universal North America Ins Co;QBE Specialty Insurance Co.;Auto Club Insurance Co. of FL;American Platinum P&C Ins Co.;Privilege Underwriters Recpl;FL Farm Bureau General Ins Co.;Castle Key Insurance Co.;Chubb Custom Insurance Co.;Homesite Insurance Co.;PURE Specialty Exchange;First Floridian Auto & Home;State Farm FL Ins Co;AIG Property Casualty Co.;Foremost P&C Insurance Co.;ASI Preferred Insurance Corp.;Nationwide P&C Insurance Co.;ACE Ins Co. of the Midwest;Castle Key Indemnity Co.;First Liberty Insurance Corp.,Universal P&C Insurance Co.;Florida Family Insurance Co.;First Protective Insurance Co.;Spinnaker Insurance Co.;Cypress P&C Insurance Co.;Florida Peninsula Insurance Co;Tower Hill Insurance Exchange;Kin Interinsurance Network;Unique Insurance Co.;Heritage P&C Insurance Co.;Florida Family Home Ins Co.;US Coastal P&C Insurance Co.;TypTap Insurance Co.;Homeowners Choice P&C Ins Co.;Vault E&S Insurance Co.;Edison Insurance Co.;Safe Harbor Insurance Co.;Spinnaker Specialty Ins Co.;GeoVera Specialty Insurance Co;Florida Farm Bureau Cas Ins Co;Universal North America Ins Co;QBE Specialty Insurance Co.;American Platinum P&C Ins Co.,13164992545.849434,16,36.189312511589605,6732452007.269989,133515330.44883955,1,0.9811320754716981,28355024195.253494,300194520.0,22325869171.631226,539937478.65,359958319.1,539937478.65,359958319.1,19336568332.461437,22777568332.461437,3441000000.0,1395853723.0,1395853723.0,0.0,False,14765861030.758074,14765861030.758074,0.0,1.0,10243303619.677002,4522557411.081072,2575000000.0,0.0,14,9464500000.0,9464500000.0,44
gm_then_andrew,baseline,,COMPOSITE,"{""gm_then_andrew"": 0.7924265529668002}",266548625724.76187,211220208681.11087,55328417043.65101,33223096924.25934,115215721582.58638,0.0,49296470232.106804,13484919942.158339,33223096924.25934,115215721582.58638,17283784634.72527,38044632408.925735,18.494362932116687,5.059084399888397,12.464178659306056,43.2250293053689,6.484289531686614,14.273055171633345,49296470232.106804,13484919942.158339,17283784634.72527,33,21,12,Universal P&C Insurance Co.;Florida Family Insurance Co.;First Protective Insurance Co.;Cypress P&C Insurance Co.;Florida Peninsula Insurance Co;Tower Hill Insurance Exchange;Kin Interinsurance Network;Unique Insurance Co.;Heritage P&C Insurance Co.;Florida Family Home Ins Co.;US Coastal P&C Insurance Co.;TypTap Insurance Co.;Homeowners Choice P&C Ins Co.;Vault E&S Insurance Co.;Edison Insurance Co.;Safe Harbor Insurance Co.;Spinnaker Specialty Ins Co.;GeoVera Specialty Insurance Co;Florida Farm Bureau Cas Ins Co;Universal North America Ins Co;Auto Club Insurance Co. of FL;American Platinum P&C Ins Co.;FL Farm Bureau General Ins Co.;Castle Key Insurance Co.;Homesite Insurance Co.;State Farm FL Ins Co;AIG Property Casualty Co.;Foremost P&C Insurance Co.;ASI Preferred Insurance Corp.;Nationwide P&C Insurance Co.;ACE Ins Co. of the Midwest;Castle Key Indemnity Co.;First Liberty Insurance Corp.,Universal P&C Insurance Co.;Florida Family Insurance Co.;First Protective Insurance Co.;Cypress P&C Insurance Co.;Florida Peninsula Insurance Co;Tower Hill Insurance Exchange;Kin Interinsurance Network;Unique Insurance Co.;Heritage P&C Insurance Co.;Florida Family Home Ins Co.;US Coastal P&C Insurance Co.;TypTap Insurance Co.;Homeowners Choice P&C Ins Co.;Vault E&S Insurance Co.;Edison Insurance Co.;Safe Harbor Insurance Co.;Spinnaker Specialty Ins Co.;GeoVera Specialty Insurance Co;Florida Farm Bureau Cas Ins Co;Universal North America Ins Co;American Platinum P&C Ins Co.,4688206408.748219,12,35.60316172831571,2611682277.8743644,40357452.28381266,1,0.9811320754716981,11281816956.521824,306667560.0,7859179607.044537,539937478.65,359958319.1,539937478.65,359958319.1,13842784634.72527,17283784634.72527,3441000000.0,1395853723.0,1395853723.0,0.0,False,14726329642.357002,14726329642.357002,0.0,1.0,10203772231.275928,4522557411.081073,2244444846.6988745,0.0,14,9464500000.0,9464500000.0,45
gm_then_andrew,baseline,,COMPOSITE,"{""gm_then_andrew"": 0.7759822847805413}",266548625724.76184,206837011595.0141,59711614129.74773,49803475243.851944,47262074892.50508,0.0,82979832690.18675,26791628768.470337,49803475243.851944,47262074892.50508,18640921872.66601,41070692257.08172,31.13121760225158,10.051310036066505,18.68457400912621,17.731126830609853,6.993441373775693,15.40833014817016,82979832690.18675,26791628768.470337,18640921872.66601,38,23,15,Universal P&C Insurance Co.;Florida Family Insurance Co.;First Protective Insurance Co.;Spinnaker Insurance Co.;Cypress P&C Insurance Co.;Florida Peninsula Insurance Co;Tower Hill Insurance Exchange;Kin Interinsurance Network;Unique Insurance Co.;Heritage P&C Insurance Co.;Florida Family Home Ins Co.;US Coastal P&C Insurance Co.;TypTap Insurance Co.;Homeowners Choice P&C Ins Co.;Vault E&S Insurance Co.;Edison Insurance Co.;Safe Harbor Insurance Co.;Spinnaker Specialty Ins Co.;GeoVera Specialty Insurance Co;Florida Farm Bureau Cas Ins Co;Universal North America Ins Co;QBE Specialty Insurance Co.;Auto Club Insurance Co. of FL;American Platinum P&C Ins Co.;Privilege Underwriters Recpl;FL Farm Bureau General Ins Co.;Castle Key Insurance Co.;Chubb Custom Insurance Co.;Homesite Insurance Co.;PURE Specialty Exchange;State Farm FL Ins Co;AIG Property Casualty Co.;Foremost P&C Insurance Co.;ASI Preferred Insurance Corp.;Nationwide P&C Insurance Co.;ACE Ins Co. of the Midwest;Castle Key Indemnity Co.;First Liberty Insurance Corp.,Universal P&C Insurance Co.;Florida Family Insurance Co.;First Protective Insurance Co.;Spinnaker Insurance Co.;Cypress P&C Insurance Co.;Florida Peninsula Insurance Co;Tower Hill Insurance Exchange;Kin Interinsurance Network;Unique Insurance Co.;Heritage P&C Insurance Co.;Florida Family Home Ins Co.;US Coastal P&C Insurance Co.;TypTap Insurance Co.;Homeowners Choice P&C Ins Co.;Vault E&S Insurance Co.;Edison Insurance Co.;Safe Harbor Insurance Co.;Spinnaker Specialty Ins Co.;GeoVera Specialty Insurance Co;Florida Farm Bureau Cas Ins Co;Universal North America Ins Co;QBE Specialty Insurance Co.;American Platinum P&C Ins Co.,11502027743.665417,15,36.189312511589605,7065544926.717393,93409461.14841251,1,0.9811320754716981,26307817476.913242,300194520.0,21113699461.92935,539937478.65,359958319.1,539937478.65,359958319.1,15199921872.666012,18640921872.66601,3441000000.0,1395853723.0,1395853723.0,0.0,False,14759489704.196522,14759489704.196522,0.0,1.0,10236932293.115448,4522557411.081073,2575000000.0,0.0,14,9464500000.0,9464500000.0,46
gm_then_andrew,baseline,,COMPOSITE,"{""gm_then_andrew"": 0.8509720005681537}",266548625724.7618,226825417281.69263,39723208443.06919,17263639988.915024,86059989922.0805,0.0,87890386483.38611,35611400887.31105,17263639988.915024,86059989922.0805,12452058093.187914,27271150349.88128,32.973490763423314,13.360189267711098,6.476731944114941,32.28678808156605,4.671589680618317,10.231210262566306,87890386483.38611,35611400887.31105,12452058093.187914,38,23,15,Universal P&C Insurance Co.;Florida Family Insurance Co.;First Protective Insurance Co.;Spinnaker Insurance Co.;Cypress P&C Insurance Co.;Florida Peninsula Insurance Co;Tower Hill Insurance Exchange;Kin Interinsurance Network;Unique Insurance Co.;Heritage P&C Insurance Co.;Florida Family Home Ins Co.;US Coastal P&C Insurance Co.;TypTap Insurance Co.;Homeowners Choice P&C Ins Co.;Vault E&S Insurance Co.;Edison Insurance Co.;Safe Harbor Insurance Co.;Spinnaker Specialty Ins Co.;GeoVera Specialty Insurance Co;Florida Farm Bureau Cas Ins Co;Universal North America Ins Co;QBE Specialty Insurance Co.;Auto Club Insurance Co. of FL;American Platinum P&C Ins Co.;Privilege Underwriters Recpl;FL Farm Bureau General Ins Co.;Castle Key Insurance Co.;Chubb Custom Insurance Co.;Homesite Insurance Co.;PURE Specialty Exchange;State Farm FL Ins Co;AIG Property Casualty Co.;Foremost P&C Insurance Co.;ASI Preferred Insurance Corp.;Nationwide P&C Insurance Co.;ACE Ins Co. of the Midwest;Castle Key Indemnity Co.;First Liberty Insurance Corp.,Universal P&C Insurance Co.;Florida Family Insurance Co.;First Protective Insurance Co.;Spinnaker Insurance Co.;Cypress P&C Insurance Co.;Florida Peninsula Insurance Co;Tower Hill Insurance Exchange;Kin Interinsurance Network;Unique Insurance Co.;Heritage P&C Insurance Co.;Florida Family Home Ins Co.;US Coastal P&C Insurance Co.;TypTap Insurance Co.;Homeowners Choice P&C Ins Co.;Vault E&S Insurance Co.;Edison Insurance Co.;Safe Harbor Insurance Co.;Spinnaker Specialty Ins Co.;GeoVera Specialty Insurance Co;Florida Farm Bureau Cas Ins Co;Universal North America Ins Co;QBE Specialty Insurance Co.;American Platinum P&C Ins Co.,11998750307.570776,15,36.189312511589605,7144236306.469337,115963067.51883343,1,0.9811320754716981,28379368401.92745,300194520.0,29877287104.973392,539937478.65,359958319.1,539937478.65,359958319.1,9011058093.187914,12452058093.187914,3441000000.0,1395853723.0,1395853723.0,0.0,False,14771834756.478363,14771834756.478363,0.0,1.0,10249277345.39729,4522557411.081074,2575000000.0,0.0,14,9464500000.0,9464500000.0,47
gm_then_andrew,baseline,,COMPOSITE,"{""gm_then_andrew"": 0.7996540342140008}",266548625724.76184,213146683875.00366,53401941849.75819,46102633428.3737,90083725145.90218,0.0,59308038391.07185,17652286909.655968,46102633428.3737,90083725145.90218,16687304218.205988,36714637631.552185,22.250363598690374,6.622539081437141,17.296143734756782,33.79635700651582,6.260510318832894,13.774086259767,59308038391.07185,17652286909.655968,16687304218.205988,35,22,13,Universal P&C Insurance Co.;Florida Family Insurance Co.;First Protective Insurance Co.;Cypress P&C Insurance Co.;Florida Peninsula Insurance Co;Tower Hill Insurance Exchange;Kin Interinsurance Network;Unique Insurance Co.;Heritage P&C Insurance Co.;Florida Family Home Ins Co.;US Coastal P&C Insurance Co.;TypTap Insurance Co.;Homeowners Choice P&C Ins Co.;Vault E&S Insurance Co.;Edison Insurance Co.;Safe Harbor Insurance Co.;Spinnaker Specialty Ins Co.;GeoVera Specialty Insurance Co;Florida Farm Bureau Cas Ins Co;Universal North America Ins Co;QBE Specialty Insurance Co.;Auto Club Insurance Co. of FL;American Platinum P&C Ins Co.;FL Farm Bureau General Ins Co.;Castle Key Insurance Co.;Homesite Insurance Co.;PURE Specialty Exchange;State Farm FL Ins Co;AIG Property Casualty Co.;Foremost P&C Insurance Co.;ASI Preferred Insurance Corp.;Nationwide P&C Insurance Co.;ACE Ins Co. of the Midwest;Castle Key Indemnity Co.;First Liberty Insurance Corp.,Universal P&C Insurance Co.;Florida Family Insurance Co.;First Protective Insurance Co.;Cypress P&C Insurance Co.;Florida Peninsula Insurance Co;Tower Hill Insurance Exchange;Kin Interinsurance Network;Unique Insurance Co.;Heritage P&C Insurance Co.;Florida Family Home Ins Co.;US Coastal P&C Insurance Co.;TypTap Insurance Co.;Homeowners Choice P&C Ins Co.;Vault E&S Insurance Co.;Edison Insurance Co.;Safe Harbor Insurance Co.;Spinnaker Specialty Ins Co.;GeoVera Specialty Insurance Co;Florida Farm Bureau Cas Ins Co;Universal North America Ins Co;QBE Specialty Insurance Co.;American Platinum P&C Ins Co.,7491497848.725161,13,35.89838321723671,4800830143.488812,73945029.37204576,1,0.9811320754716981,16127077657.549433,303407340.0,11999875170.405594,539937478.65,359958319.1,539937478.65,359958319.1,13246304218.205988,16687304218.205988,3441000000.0,1395853723.0,1395853723.0,0.0,False,14725603556.110416,14725603556.110416,0.0,1.0,10203046145.029343,4522557411.081073,2386348197.441661,0.0,14,9464500000.0,9464500000.0,48
gm_then_andrew,baseline,,COMPOSITE,"{""gm_then_andrew"": 0.8090790137995633}",266548625724.76184,215658899231.01926,50889726493.74259,23499304890.41413,125667783525.97795,0.0,53541798548.67599,12950012265.951195,23499304890.41413,125667783525.97795,15909465361.68051,34980261132.062096,20.08706606649822,4.858405189949611,8.816141830226323,47.14628829328219,5.968691573037269,13.123407047006394,53541798548.67599,12950012265.951195,15909465361.68051,34,22,12,Universal P&C Insurance Co.;Florida Family Insurance Co.;First Protective Insurance Co.;Cypress P&C Insurance Co.;Florida Peninsula Insurance Co;Tower Hill Insurance Exchange;Kin Interinsurance Network;Unique Insurance Co.;Heritage P&C Insurance Co.;Florida Family Home Ins Co.;US Coastal P&C Insurance Co.;TypTap Insurance Co.;Homeowners Choice P&C Ins Co.;Vault E&S Insurance Co.;Edison Insurance Co.;Safe Harbor Insurance Co.;Spinnaker Specialty Ins Co.;GeoVera Specialty Insurance Co;Florida Farm Bureau Cas Ins Co;Universal North America Ins Co;QBE Specialty Insurance Co.;Auto Club Insurance Co. of FL;American Platinum P&C Ins Co.;FL Farm Bureau General Ins Co.;Castle Key Insurance Co.;Homesite Insurance Co.;PURE Specialty Exchange;State Farm FL Ins Co;AIG Property Casualty Co.;ASI Preferred Insurance Corp.;Nationwide P&C Insurance Co.;ACE Ins Co. of the Midwest;Castle Key Indemnity Co.;First Liberty Insurance Corp.,Universal P&C Insurance Co.;Florida Family Insurance Co.;First Protective Insurance Co.;Cypress P&C Insurance Co.;Florida Peninsula Insurance Co;Tower Hill Insurance Exchange;Kin Interinsurance Network;Unique Insurance Co.;Heritage P&C Insurance Co.;Florida Family Home Ins Co.;US Coastal P&C Insurance Co.;TypTap Insurance Co.;Homeowners Choice P&C Ins Co.;Vault E&S Insurance Co.;Edison Insurance Co.;Safe Harbor Insurance Co.;Spinnaker Specialty Ins Co.;GeoVera Specialty Insurance Co;Florida Farm Bureau Cas Ins Co;Universal North America Ins Co;QBE Specialty Insurance Co.;American Platinum P&C Ins Co.,7209652266.642416,12,35.89838321723671,2760943059.683365,62004754.40305418,1,0.9811320754716981,12017937803.539656,303407340.0,7350080498.745517,539937478.65,359958319.1,539937478.65,359958319.1,12468465361.68051,15909465361.68051,3441000000.0,1395853723.0,1395853723.0,0.0,False,14733863962.142105,14733863962.142105,0.0,1.0,10211306551.061033,4522557411.081072,2298894265.5632772,0.0,14,9464500000.0,9464500000.0,49
gm_then_andrew,baseline,,COMPOSITE,"{""gm_then_andrew"": 0.8574578555070592}",266548625724.7619,228554213002.30814,37994412722.45376,19817463688.970947,85158198790.9768,0.0,89952238356.13591,33626312166.22441,19817463688.970947,85158198790.9768,11916783725.379568,26077628997.074184,33.747027624528286,12.6154513364278,7.434839941525138,31.948466648224688,4.470772900433123,9.783441548860935,89952238356.13591,33626312166.22441,11916783725.379568,38,23,15,Universal P&C Insurance Co.;Florida Family Insurance Co.;First Protective Insurance Co.;Spinnaker Insurance Co.;Cypress P&C Insurance Co.;Florida Peninsula Insurance Co;Tower Hill Insurance Exchange;Kin Interinsurance Network;Unique Insurance Co.;Heritage P&C Insurance Co.;Florida Family Home Ins Co.;US Coastal P&C Insurance Co.;TypTap Insurance Co.;Homeowners Choice P&C Ins Co.;Vault E&S Insurance Co.;Edison Insurance Co.;Safe Harbor Insurance Co.;Spinnaker Specialty Ins Co.;GeoVera Specialty Insurance Co;Florida Farm Bureau Cas Ins Co;Universal North America Ins Co;QBE Specialty Insurance Co.;Auto Club Insurance Co. of FL;American Platinum P&C Ins Co.;Privilege Underwriters Recpl;FL Farm Bureau General Ins Co.;Castle Key Insurance Co.;Chubb Custom Insurance Co.;Homesite Insurance Co.;PURE Specialty Exchange;State Farm FL Ins Co;AIG Property Casualty Co.;Foremost P&C Insurance Co.;ASI Preferred Insurance Corp.;Nationwide P&C Insurance Co.;ACE Ins Co. of the Midwest;Castle Key Indemnity Co.;First Liberty Insurance Corp.,Universal P&C Insurance Co.;Florida Family Insurance Co.;First Protective Insurance Co.;Spinnaker Insurance Co.;Cypress P&C Insurance Co.;Florida Peninsula Insurance Co;Tower Hill Insurance Exchange;Kin Interinsurance Network;Unique Insurance Co.;Heritage P&C Insurance Co.;Florida Family Home Ins Co.;US Coastal P&C Insurance Co.;TypTap Insurance Co.;Homeowners Choice P&C Ins Co.;Vault E&S Insurance Co.;Edison Insurance Co.;Safe Harbor Insurance Co.;Spinnaker Specialty Ins Co.;GeoVera Specialty Insurance Co;Florida Farm Bureau Cas Ins Co;Universal North America Ins Co;QBE Specialty Insurance Co.;American Platinum P&C Ins Co.,12181447530.262245,15,36.189312511589605,6738210723.226637,106478042.43320832,1,0.9811320754716981,29175195715.345703,300194520.0,27912335130.88432,539937478.65,359958319.1,539937478.65,359958319.1,8475783725.379568,11916783725.379568,3441000000.0,1395853723.0,1395853723.0,0.0,False,14760368958.993677,14760368958.993677,0.0,1.0,10237811547.912605,4522557411.081072,2575000000.0,0.0,14,9464500000.0,9464500000.0,50
gm_then_andrew,baseline,,COMPOSITE,"{""gm_then_andrew"": 0.8509182745319598}",266548625724.76187,226811096680.57956,39737529044.18232,30184611723.270832,86928881200.0683,0.0,81035000946.80548,28662602810.43493,30184611723.270832,86928881200.0683,12456492076.11375,27281036968.06857,30.401582723027143,10.753236011815694,11.32424211199628,32.61276660635687,4.673253160560777,10.234919386243233,81035000946.80548,28662602810.43493,12456492076.11375,37,23,14,Universal P&C Insurance Co.;Florida Family Insurance Co.;First Protective Insurance Co.;Spinnaker Insurance Co.;Cypress P&C Insurance Co.;Florida Peninsula Insurance Co;Tower Hill Insurance Exchange;Kin Interinsurance Network;Unique Insurance Co.;Heritage P&C Insurance Co.;Florida Family Home Ins Co.;US Coastal P&C Insurance Co.;TypTap Insurance Co.;Homeowners Choice P&C Ins Co.;Vault E&S Insurance Co.;Edison Insurance Co.;Safe Harbor Insurance Co.;Spinnaker Specialty Ins Co.;GeoVera Specialty Insurance Co;Florida Farm Bureau Cas Ins Co;Universal North America Ins Co;QBE Specialty Insurance Co.;Auto Club Insurance Co. of FL;American Platinum P&C Ins Co.;Privilege Underwriters Recpl;FL Farm Bureau General Ins Co.;Castle Key Insurance Co.;Homesite Insurance Co.;PURE Specialty Exchange;State Farm FL Ins Co;AIG Property Casualty Co.;Foremost P&C Insurance Co.;ASI Preferred Insurance Corp.;Nationwide P&C Insurance Co.;ACE Ins Co. of the Midwest;Castle Key Indemnity Co.;First Liberty Insurance Corp.,Universal P&C Insurance Co.;Florida Family Insurance Co.;First Protective Insurance Co.;Spinnaker Insurance Co.;Cypress P&C Insurance Co.;Florida Peninsula Insurance Co;Tower Hill Insurance Exchange;Kin Interinsurance Network;Unique Insurance Co.;Heritage P&C Insurance Co.;Florida Family Home Ins Co.;US Coastal P&C Insurance Co.;TypTap Insurance Co.;Homeowners Choice P&C Ins Co.;Vault E&S Insurance Co.;Edison Insurance Co.;Safe Harbor Insurance Co.;Spinnaker Specialty Ins Co.;GeoVera Specialty Insurance Co;Florida Farm Bureau Cas Ins Co;Universal North America Ins Co;QBE Specialty Insurance Co.;American Platinum P&C Ins Co.,10897278197.23528,14,36.189312511589605,6134522874.119589,104334706.87317917,1,0.9811320754716981,25284122742.56872,300194520.0,22963029417.806118,539937478.65,359958319.1,539937478.65,359958319.1,9015492076.11375,12456492076.11375,3441000000.0,1395853723.0,1395853723.0,0.0,False,14747286083.878035,14747286083.878035,0.0,1.0,10224728672.796963,4522557411.081072,2575000000.0,0.0,14,9464500000.0,9464500000.0,51
gm_then_andrew,baseline,,COMPOSITE,"{""gm_then_andrew"": 0.8915195626193774}",266548625724.76187,237633314222.93585,28915311501.826023,45510501470.69435,110779249672.15533,0.0,58257361162.9361,23086201917.150078,45510501470.69435,110779249672.15533,9105688054.452383,19809623447.37364,21.856185153658476,8.661159611825909,17.073995916110444,41.560615580342926,3.416145189153936,7.4318985489083165,58257361162.9361,23086201917.150078,9105688054.452383,35,22,13,Universal P&C Insurance Co.;Florida Family Insurance Co.;First Protective Insurance Co.;Cypress P&C Insurance Co.;Florida Peninsula Insurance Co;Tower Hill Insurance Exchange;Kin Interinsurance Network;Unique Insurance Co.;Heritage P&C Insurance Co.;Florida Family Home Ins Co.;US Coastal P&C Insurance Co.;TypTap Insurance Co.;Homeowners Choice P&C Ins Co.;Vault E&S Insurance Co.;Edison Insurance Co.;Safe Harbor Insurance Co.;Spinnaker Specialty Ins Co.;GeoVera Specialty Insurance Co;Florida Farm Bureau Cas Ins Co;Universal North America Ins Co;QBE Specialty Insurance Co.;Auto Club Insurance Co. of FL;American Platinum P&C Ins Co.;FL Farm Bureau General Ins Co.;Castle Key Insurance Co.;Homesite Insurance Co.;PURE Specialty Exchange;State Farm FL Ins Co;AIG Property Casualty Co.;Foremost P&C Insurance Co.;ASI Preferred Insurance Corp.;Nationwide P&C Insurance Co.;ACE Ins Co. of the Midwest;Castle Key Indemnity Co.;First Liberty Insurance Corp.,Universal P&C Insurance Co.;Florida Family Insurance Co.;First Protective Insurance Co.;Cypress P&C Insurance Co.;Florida Peninsula Insurance Co;Tower Hill Insurance Exchange;Kin Interinsurance Network;Unique Insurance Co.;Heritage P&C Insurance Co.;Florida Family Home Ins Co.;US Coastal P&C Insurance Co.;TypTap Insurance Co.;Homeowners Choice P&C Ins Co.;Vault E&S Insurance Co.;Edison Insurance Co.;Safe Harbor Insurance Co.;Spinnaker Specialty Ins Co.;GeoVera Specialty Insurance Co;Florida Farm Bureau Cas Ins Co;Universal North America Ins Co;QBE Specialty Insurance Co.;American Platinum P&C Ins Co.,7540239993.442526,13,35.89838321723671,3989500059.0136805,56870343.64543611,1,0.9811320754716981,15044988741.776596,303407340.0,17359993151.51549,539937478.65,359958319.1,539937478.65,359958319.1,5664688054.452383,9105688054.452383,3441000000.0,1395853723.0,1395853723.0,0.0,False,14729563571.579582,14729563571.579582,0.0,1.0,10207006160.49851,4522557411.081073,2348454967.0569334,0.0,14,9464500000.0,9464500000.0,52
gm_then_andrew,baseline,,COMPOSITE,"{""gm_then_andrew"": 0.6688497866063893}",266548625724.76184,178280991436.23334,88267634288.52852,33723774178.380707,78137940952.5815,0.0,52770163182.33772,13649113122.93343,33723774178.380707,78137940952.5815,27482513424.13766,60785120864.390854,19.79757465972764,5.1206841100083205,12.652015776364903,29.31470411453809,10.310506516179194,22.80451482318186,52770163182.33772,13649113122.93343,27482513424.13766,34,21,13,Universal P&C Insurance Co.;Florida Family Insurance Co.;First Protective Insurance Co.;Cypress P&C Insurance Co.;Florida Peninsula Insurance Co;Tower Hill Insurance Exchange;Kin Interinsurance Network;Unique Insurance Co.;Heritage P&C Insurance Co.;Florida Family Home Ins Co.;US Coastal P&C Insurance Co.;TypTap Insurance Co.;Homeowners Choice P&C Ins Co.;Vault E&S Insurance Co.;Edison Insurance Co.;Safe Harbor Insurance Co.;GeoVera Specialty Insurance Co;Florida Farm Bureau Cas Ins Co;Universal North America Ins Co;QBE Specialty Insurance Co.;Auto Club Insurance Co. of FL;American Platinum P&C Ins Co.;FL Farm Bureau General Ins Co.;Castle Key Insurance Co.;Homesite Insurance Co.;PURE Specialty Exchange;State Farm FL Ins Co;AIG Property Casualty Co.;Foremost P&C Insurance Co.;ASI Preferred Insurance Corp.;Nationwide P&C Insurance Co.;ACE Ins Co. of the Midwest;Castle Key Indemnity Co.;First Liberty Insurance Corp.,Universal P&C Insurance Co.;Florida Family Insurance Co.;First Protective Insurance Co.;Cypress P&C Insurance Co.;Florida Peninsula Insurance Co;Tower Hill Insurance Exchange;Kin Interinsurance Network;Unique Insurance Co.;Heritage P&C Insurance Co.;Florida Family Home Ins Co.;US Coastal P&C Insurance Co.;TypTap Insurance Co.;Homeowners Choice P&C Ins Co.;Vault E&S Insurance Co.;Edison Insurance Co.;Safe Harbor Insurance Co.;GeoVera Specialty Insurance Co;Florida Farm Bureau Cas Ins Co;Universal North America Ins Co;QBE Specialty Insurance Co.;American Platinum P&C Ins Co.,6388581595.441435,13,35.80938809441937,3220335660.1245613,36636995.97763175,1,0.9811320754716981,12514587099.329247,304390140.0,8034211643.782124,539937478.65,359958319.1,539937478.65,359958319.1,24041513424.13766,27482513424.13766,3441000000.0,1395853723.0,1395853723.0,0.0,False,14727745332.47575,14727745332.47575,0.0,1.0,10205187921.394678,4522557411.081073,2268735236.3106833,0.0,14,9464500000.0,9464500000.0,53
gm_then_andrew,baseline,,COMPOSITE,"{""gm_then_andrew"": 0.7513643778752476}",266548625724.76184,200275142341.18793,66273483383.57393,46488102509.6849,78993505066.13953,0.0,58790272805.11933,16003261960.244179,46488102509.6849,78993505066.13953,20672625430.581146,45600857952.992775,22.05611551935975,6.003880874167083,17.44075865455353,29.63568273944441,7.755667610129681,17.10789460234555,58790272805.11933,16003261960.244179,20672625430.581146,37,23,14,Universal P&C Insurance Co.;Florida Family Insurance Co.;First Protective Insurance Co.;Spinnaker Insurance Co.;Cypress P&C Insurance Co.;Florida Peninsula Insurance Co;Tower Hill Insurance Exchange;Kin Interinsurance Network;Unique Insurance Co.;Heritage P&C Insurance Co.;Florida Family Home Ins Co.;US Coastal P&C Insurance Co.;TypTap Insurance Co.;Homeowners Choice P&C Ins Co.;Vault E&S Insurance Co.;Edison Insurance Co.;Safe Harbor Insurance Co.;Spinnaker Specialty Ins Co.;GeoVera Specialty Insurance Co;Florida Farm Bureau Cas Ins Co;Universal North America Ins Co;QBE Specialty Insurance Co.;Auto Club Insurance Co. of FL;American Platinum P&C Ins Co.;Privilege Underwriters Recpl;FL Farm Bureau General Ins Co.;Castle Key Insurance Co.;Homesite Insurance Co.;PURE Specialty Exchange;State Farm FL Ins Co;AIG Property Casualty Co.;Foremost P&C Insurance Co.;ASI Preferred Insurance Corp.;Nationwide P&C Insurance Co.;ACE Ins Co. of the Midwest;Castle Key Indemnity Co.;First Liberty Insurance Corp.,Universal P&C Insurance Co.;Florida Family Insurance Co.;First Protective Insurance Co.;Spinnaker Insurance Co.;Cypress P&C Insurance Co.;Florida Peninsula Insurance Co;Tower Hill Insurance Exchange;Kin Interinsurance Network;Unique Insurance Co.;Heritage P&C Insurance Co.;Florida Family Home Ins Co.;US Coastal P&C Insurance Co.;TypTap Insurance Co.;Homeowners Choice P&C Ins Co.;Vault E&S Insurance Co.;Edison Insurance Co.;Safe Harbor Insurance Co.;Spinnaker Specialty Ins Co.;GeoVera Specialty Insurance Co;Florida Farm Bureau Cas Ins Co;Universal North America Ins Co;QBE Specialty Insurance Co.;American Platinum P&C Ins Co.,6000927035.572643,14,36.189312511589605,3240534524.750822,51245974.244531035,1,0.9811320754716981,14767186506.275007,300194520.0,10372449362.169697,539937478.65,359958319.1,539937478.65,359958319.1,17231625430.581146,20672625430.581146,3441000000.0,1395853723.0,1395853723.0,0.0,False,14734000112.14613,14734000112.14613,0.0,1.0,10211442701.065058,4522557411.081073,2218267112.413549,0.0,14,9464500000.0,9464500000.0,54
gm_then_andrew,baseline,,COMPOSITE,"{""gm_then_andrew"": 0.6521647317076256}",266548625724.76184,173833612982.82562,92715012741.93622,38778065750.51575,84094452675.32405,0.0,37202746221.84761,13758348335.138235,38778065750.51575,84094452675.32405,28859522669.165646,63855490072.77057,13.957208040630894,5.161665455122289,14.548214474967125,31.549385200042263,10.827113661042093,23.956413168195347,37202746221.84761,13758348335.138235,28859522669.165646,29,19,10,Universal P&C Insurance Co.;Florida Family Insurance Co.;First Protective Insurance Co.;Cypress P&C Insurance Co.;Florida Peninsula Insurance Co;Tower Hill Insurance Exchange;Kin Interinsurance Network;Heritage P&C Insurance Co.;Florida Family Home Ins Co.;US Coastal P&C Insurance Co.;TypTap Insurance Co.;Homeowners Choice P&C Ins Co.;Vault E&S Insurance Co.;Edison Insurance Co.;Safe Harbor Insurance Co.;GeoVera Specialty Insurance Co;Florida Farm Bureau Cas Ins Co;Universal North America Ins Co;Auto Club Insurance Co. of FL;American Platinum P&C Ins Co.;FL Farm Bureau General Ins Co.;Castle Key Insurance Co.;Homesite Insurance Co.;State Farm FL Ins Co;AIG Property Casualty Co.;ASI Preferred Insurance Corp.;ACE Ins Co. of the Midwest;Castle Key Indemnity Co.;First Liberty Insurance Corp.,Universal P&C Insurance Co.;Florida Family Insurance Co.;First Protective Insurance Co.;Cypress P&C Insurance Co.;Florida Peninsula Insurance Co;Tower Hill Insurance Exchange;Kin Interinsurance Network;Heritage P&C Insurance Co.;Florida Family Home Ins Co.;US Coastal P&C Insurance Co.;TypTap Insurance Co.;Homeowners Choice P&C Ins Co.;Vault E&S Insurance Co.;Edison Insurance Co.;Safe Harbor Insurance Co.;GeoVera Specialty Insurance Co;Florida Farm Bureau Cas Ins Co;Universal North America Ins Co;American Platinum P&C Ins Co.,3233843232.671895,10,35.41856476294073,1394949541.8472934,17432294.543452755,1,0.9811320754716981,6003759539.607418,308706120.0,8058341401.999088,539937478.65,359958319.1,539937478.65,359958319.1,25418522669.165646,28859522669.165646,3441000000.0,1395853723.0,1395853723.0,0.0,False,14690595458.770805,14690595458.770805,0.0,1.0,10168038047.689732,4522557411.081073,2098471789.5363245,0.0,14,9464500000.0,9464500000.0,55
gm_then_andrew,baseline,,COMPOSITE,"{""gm_then_andrew"": 0.8066115874645133}",266548625724.7619,215001210132.33466,51547415592.42724,27310141544.2853,95485562188.69046,0.0,69863374620.94423,22342131778.414658,27310141544.2853,95485562188.69046,16113100824.398762,35434314768.02847,26.21036759464862,8.382009743124746,10.245838435680307,35.82294297299767,6.045088689009843,13.293752564538805,69863374620.94423,22342131778.414658,16113100824.398762,36,23,13,Universal P&C Insurance Co.;Florida Family Insurance Co.;First Protective Insurance Co.;Spinnaker Insurance Co.;Cypress P&C Insurance Co.;Florida Peninsula Insurance Co;Tower Hill Insurance Exchange;Kin Interinsurance Network;Unique Insurance Co.;Heritage P&C Insurance Co.;Florida Family Home Ins Co.;US Coastal P&C Insurance Co.;TypTap Insurance Co.;Homeowners Choice P&C Ins Co.;Vault E&S Insurance Co.;Edison Insurance Co.;Safe Harbor Insurance Co.;Spinnaker Specialty Ins Co.;GeoVera Specialty Insurance Co;Florida Farm Bureau Cas Ins Co;Universal North America Ins Co;QBE Specialty Insurance Co.;Auto Club Insurance Co. of FL;American Platinum P&C Ins Co.;FL Farm Bureau General Ins Co.;Castle Key Insurance Co.;Homesite Insurance Co.;PURE Specialty Exchange;State Farm FL Ins Co;AIG Property Casualty Co.;Foremost P&C Insurance Co.;ASI Preferred Insurance Corp.;Nationwide P&C Insurance Co.;ACE Ins Co. of the Midwest;Castle Key Indemnity Co.;First Liberty Insurance Corp.,Universal P&C Insurance Co.;Florida Family Insurance Co.;First Protective Insurance Co.;Spinnaker Insurance Co.;Cypress P&C Insurance Co.;Florida Peninsula Insurance Co;Tower Hill Insurance Exchange;Kin Interinsurance Network;Unique Insurance Co.;Heritage P&C Insurance Co.;Florida Family Home Ins Co.;US Coastal P&C Insurance Co.;TypTap Insurance Co.;Homeowners Choice P&C Ins Co.;Vault E&S Insurance Co.;Edison Insurance Co.;Safe Harbor Insurance Co.;Spinnaker Specialty Ins Co.;GeoVera Specialty Insurance Co;Florida Farm Bureau Cas Ins Co;Universal North America Ins Co;QBE Specialty Insurance Co.;American Platinum P&C Ins Co.,8661231736.162987,13,36.189312511589605,4055585653.105072,70707062.88467878,1,0.9811320754716981,19751940337.634426,300194520.0,16668940113.035412,539937478.65,359958319.1,539937478.65,359958319.1,12672100824.398762,16113100824.398762,3441000000.0,1395853723.0,1395853723.0,0.0,False,14740978908.09264,14740978908.09264,0.0,1.0,10218421497.011568,4522557411.081072,2575000000.0000005,0.0,14,9464500000.0,9464500000.0,56
gm_then_andrew,baseline,,COMPOSITE,"{""gm_then_andrew"": 0.8935299057931912}",266548625724.76187,238169168433.15112,28379457291.610752,57092610591.418015,76515724163.26456,0.0,80779323038.05992,23781510640.408604,57092610591.418015,76515724163.26456,8939775436.674553,19439681854.936203,30.305661047178933,8.922015851983943,21.41921026085944,28.706103419296824,3.3539004046135155,7.293109016067342,80779323038.05992,23781510640.408604,8939775436.674553,37,23,14,Universal P&C Insurance Co.;Florida Family Insurance Co.;First Protective Insurance Co.;Spinnaker Insurance Co.;Cypress P&C Insurance Co.;Florida Peninsula Insurance Co;Tower Hill Insurance Exchange;Kin Interinsurance Network;Unique Insurance Co.;Heritage P&C Insurance Co.;Florida Family Home Ins Co.;US Coastal P&C Insurance Co.;TypTap Insurance Co.;Homeowners Choice P&C Ins Co.;Vault E&S Insurance Co.;Edison Insurance Co.;Safe Harbor Insurance Co.;Spinnaker Specialty Ins Co.;GeoVera Specialty Insurance Co;Florida Farm Bureau Cas Ins Co;Universal North America Ins Co;QBE Specialty Insurance Co.;Auto Club Insurance Co. of FL;American Platinum P&C Ins Co.;Privilege Underwriters Recpl;FL Farm Bureau General Ins Co.;Castle Key Insurance Co.;Homesite Insurance Co.;PURE Specialty Exchange;State Farm FL Ins Co;AIG Property Casualty Co.;Foremost P&C Insurance Co.;ASI Preferred Insurance Corp.;Nationwide P&C Insurance Co.;ACE Ins Co. of the Midwest;Castle Key Indemnity Co.;First Liberty Insurance Corp.,Universal P&C Insurance Co.;Florida Family Insurance Co.;First Protective Insurance Co.;Spinnaker Insurance Co.;Cypress P&C Insurance Co.;Florida Peninsula Insurance Co;Tower Hill Insurance Exchange;Kin Interinsurance Network;Unique Insurance Co.;Heritage P&C Insurance Co.;Florida Family Home Ins Co.;US Coastal P&C Insurance Co.;TypTap Insurance Co.;Homeowners Choice P&C Ins Co.;Vault E&S Insurance Co.;Edison Insurance Co.;Safe Harbor Insurance Co.;Spinnaker Specialty Ins Co.;GeoVera Specialty Insurance Co;Florida Farm Bureau Cas Ins Co;Universal North America Ins Co;QBE Specialty Insurance Co.;American Platinum P&C Ins Co.,10927908886.823824,14,36.189312511589605,5748766617.2087345,119671256.44778714,1,0.9811320754716981,24094392366.8882,300194520.0,18125295098.694725,539937478.65,359958319.1,539937478.65,359958319.1,5498775436.674553,8939775436.674553,3441000000.0,1395853723.0,1395853723.0,0.0,False,14759116006.136253,14759116006.136253,0.0,1.0,10236558595.05518,4522557411.081073,2569098079.634701,0.0,14,9464500000.0,9464500000.0,57
gm_then_andrew,baseline,,COMPOSITE,"{""gm_then_andrew"": 0.8419192665356806}",266548625724.76187,224412423466.2852,42136202258.47668,37756149112.886086,93934729009.3303,0.0,70153661698.86389,22567883645.2049,37756149112.886086,93934729009.3303,13199175710.18889,28937026548.28778,26.319273456432885,8.466704183464257,14.164826027605592,35.241122986065335,4.951882859759465,10.85619048667246,70153661698.86389,22567883645.2049,13199175710.18889,37,23,14,Universal P&C Insurance Co.;Florida Family Insurance Co.;First Protective Insurance Co.;Spinnaker Insurance Co.;Cypress P&C Insurance Co.;Florida Peninsula Insurance Co;Tower Hill Insurance Exchange;Kin Interinsurance Network;Unique Insurance Co.;Heritage P&C Insurance Co.;Florida Family Home Ins Co.;US Coastal P&C Insurance Co.;TypTap Insurance Co.;Homeowners Choice P&C Ins Co.;Vault E&S Insurance Co.;Edison Insurance Co.;Safe Harbor Insurance Co.;Spinnaker Specialty Ins Co.;GeoVera Specialty Insurance Co;Florida Farm Bureau Cas Ins Co;Universal North America Ins Co;QBE Specialty Insurance Co.;Auto Club Insurance Co. of FL;American Platinum P&C Ins Co.;FL Farm Bureau General Ins Co.;Castle Key Insurance Co.;Chubb Custom Insurance Co.;Homesite Insurance Co.;PURE Specialty Exchange;State Farm FL Ins Co;AIG Property Casualty Co.;Foremost P&C Insurance Co.;ASI Preferred Insurance Corp.;Nationwide P&C Insurance Co.;ACE Ins Co. of the Midwest;Castle Key Indemnity Co.;First Liberty Insurance Corp.,Universal P&C Insurance Co.;Florida Family Insurance Co.;First Protective Insurance Co.;Spinnaker Insurance Co.;Cypress P&C Insurance Co.;Florida Peninsula Insurance Co;Tower Hill Insurance Exchange;Kin Interinsurance Network;Unique Insurance Co.;Heritage P&C Insurance Co.;Florida Family Home Ins Co.;US Coastal P&C Insurance Co.;TypTap Insurance Co.;Homeowners Choice P&C Ins Co.;Vault E&S Insurance Co.;Edison Insurance Co.;Safe Harbor Insurance Co.;Spinnaker Specialty Ins Co.;GeoVera Specialty Insurance Co;Florida Farm Bureau Cas Ins Co;Universal North America Ins Co;QBE Specialty Insurance Co.;American Platinum P&C Ins Co.,9165538874.498798,14,36.189312511589605,4049201604.3693514,70867626.21452121,1,0.9811320754716981,19893805721.809574,300194520.0,16893187134.611414,539937478.65,359958319.1,539937478.65,359958319.1,9758175710.18889,13199175710.18889,3441000000.0,1395853723.0,1395853723.0,0.0,False,14743634899.010242,14743634899.010242,0.0,1.0,10221077487.929169,4522557411.081073,2547528915.1261883,0.0,14,9464500000.0,9464500000.0,58
gm_then_andrew,baseline,,COMPOSITE,"{""gm_then_andrew"": 0.7937806162234705}",266548625724.76187,211581132381.3207,54967493343.44117,17558633891.962975,152866325833.34183,0.0,32234007189.987667,8922165466.028246,17558633891.962975,152866325833.34183,17172034470.635265,37795458872.8059,12.093105752221174,3.3472937411582357,6.587403646978101,57.35025848198955,6.442364661961195,14.179573715691745,32234007189.987667,8922165466.028246,17172034470.635265,27,17,10,Universal P&C Insurance Co.;Florida Family Insurance Co.;First Protective Insurance Co.;Cypress P&C Insurance Co.;Florida Peninsula Insurance Co;Tower Hill Insurance Exchange;Kin Interinsurance Network;Florida Family Home Ins Co.;US Coastal P&C Insurance Co.;TypTap Insurance Co.;Homeowners Choice P&C Ins Co.;Edison Insurance Co.;Safe Harbor Insurance Co.;GeoVera Specialty Insurance Co;Florida Farm Bureau Cas Ins Co;Universal North America Ins Co;Auto Club Insurance Co. of FL;American Platinum P&C Ins Co.;FL Farm Bureau General Ins Co.;Castle Key Insurance Co.;Homesite Insurance Co.;State Farm FL Ins Co;AIG Property Casualty Co.;ASI Preferred Insurance Corp.;ACE Ins Co. of the Midwest;Castle Key Indemnity Co.;First Liberty Insurance Corp.,Universal P&C Insurance Co.;Florida Family Insurance Co.;First Protective Insurance Co.;Cypress P&C Insurance Co.;Florida Peninsula Insurance Co;Tower Hill Insurance Exchange;Kin Interinsurance Network;Florida Family Home Ins Co.;US Coastal P&C Insurance Co.;TypTap Insurance Co.;Homeowners Choice P&C Ins Co.;Edison Insurance Co.;Safe Harbor Insurance Co.;GeoVera Specialty Insurance Co;Florida Farm Bureau Cas Ins Co;Universal North America Ins Co;American Platinum P&C Ins Co.,3019422673.7116494,10,33.145293557041065,1432579990.218501,13940702.22405085,1,0.9811320754716981,4191154248.61065,333810540.0,3319705427.581072,539937478.65,359958319.1,539937478.65,359958319.1,13731034470.635265,17172034470.635265,3441000000.0,1395853723.0,1395853723.0,0.0,False,14515112480.022083,14515112480.022083,0.0,1.0,9992555068.94101,4522557411.081073,2086247568.1077828,0.0,13,9464500000.0,9464500000.0,59
gm_then_andrew,baseline,,COMPOSITE,"{""gm_then_andrew"": 0.7978149013827993}",266548625724.7619,212656465546.32162,53892160178.44026,49796650594.685425,56508910555.79761,0.0,84919354645.25812,21431549750.580452,49796650594.685425,56508910555.79761,16839086931.943825,37053073246.49644,31.858860429070766,8.040390263617667,18.682013632328925,21.20022581326257,6.3174540428251404,13.901055818894914,84919354645.25812,21431549750.580452,16839086931.943825,38,23,15,Universal P&C Insurance Co.;Florida Family Insurance Co.;First Protective Insurance Co.;Spinnaker Insurance Co.;Cypress P&C Insurance Co.;Florida Peninsula Insurance Co;Tower Hill Insurance Exchange;Kin Interinsurance Network;Unique Insurance Co.;Heritage P&C Insurance Co.;Florida Family Home Ins Co.;US Coastal P&C Insurance Co.;TypTap Insurance Co.;Homeowners Choice P&C Ins Co.;Vault E&S Insurance Co.;Edison Insurance Co.;Safe Harbor Insurance Co.;Spinnaker Specialty Ins Co.;GeoVera Specialty Insurance Co;Florida Farm Bureau Cas Ins Co;Universal North America Ins Co;QBE Specialty Insurance Co.;Auto Club Insurance Co. of FL;American Platinum P&C Ins Co.;Privilege Underwriters Recpl;FL Farm Bureau General Ins Co.;Castle Key Insurance Co.;Homesite Insurance Co.;Scottsdale Insurance Co.;PURE Specialty Exchange;State Farm FL Ins Co;AIG Property Casualty Co.;Foremost P&C Insurance Co.;ASI Preferred Insurance Corp.;Nationwide P&C Insurance Co.;ACE Ins Co. of the Midwest;Castle Key Indemnity Co.;First Liberty Insurance Corp.,Universal P&C Insurance Co.;Florida Family Insurance Co.;First Protective Insurance Co.;Spinnaker Insurance Co.;Cypress P&C Insurance Co.;Florida Peninsula Insurance Co;Tower Hill Insurance Exchange;Kin Interinsurance Network;Unique Insurance Co.;Heritage P&C Insurance Co.;Florida Family Home Ins Co.;US Coastal P&C Insurance Co.;TypTap Insurance Co.;Homeowners Choice P&C Ins Co.;Vault E&S Insurance Co.;Edison Insurance Co.;Safe Harbor Insurance Co.;Spinnaker Specialty Ins Co.;GeoVera Specialty Insurance Co;Florida Farm Bureau Cas Ins Co;Universal North America Ins Co;QBE Specialty Insurance Co.;American Platinum P&C Ins Co.,10901090236.099028,15,36.189312511589605,5792789268.831223,113522197.71367204,1,0.9811320754716981,26194378403.49435,300194520.0,15807878045.710573,539937478.65,359958319.1,539937478.65,359958319.1,13398086931.943825,16839086931.943825,3441000000.0,1395853723.0,1395853723.0,0.0,False,14754942727.8821,14754942727.8821,0.0,1.0,10232385316.801027,4522557411.081073,2575000000.0,0.0,14,9464500000.0,9464500000.0,60
gm_then_andrew,baseline,,COMPOSITE,"{""gm_then_andrew"": 0.781356128658624}",266548625724.76184,208269402295.57648,58279223429.18538,61730311640.05247,59122532878.91058,0.0,67352876124.92544,20063681651.688004,61730311640.05247,59122532878.91058,18197421222.152412,40081802207.03296,25.2685137437077,7.527212566612805,23.15911833055001,22.18076822499191,6.827054978307437,15.037332155830146,67352876124.92544,20063681651.688004,18197421222.152412,37,23,14,Universal P&C Insurance Co.;Florida Family Insurance Co.;First Protective Insurance Co.;Spinnaker Insurance Co.;Cypress P&C Insurance Co.;Florida Peninsula Insurance Co;Tower Hill Insurance Exchange;Kin Interinsurance Network;Unique Insurance Co.;Heritage P&C Insurance Co.;Florida Family Home Ins Co.;US Coastal P&C Insurance Co.;TypTap Insurance Co.;Homeowners Choice P&C Ins Co.;Vault E&S Insurance Co.;Edison Insurance Co.;Safe Harbor Insurance Co.;Spinnaker Specialty Ins Co.;GeoVera Specialty Insurance Co;Florida Farm Bureau Cas Ins Co;Universal North America Ins Co;QBE Specialty Insurance Co.;Auto Club Insurance Co. of FL;American Platinum P&C Ins Co.;Privilege Underwriters Recpl;FL Farm Bureau General Ins Co.;Castle Key Insurance Co.;Homesite Insurance Co.;PURE Specialty Exchange;State Farm FL Ins Co;AIG Property Casualty Co.;Foremost P&C Insurance Co.;ASI Preferred Insurance Corp.;Nationwide P&C Insurance Co.;ACE Ins Co. of the Midwest;Castle Key Indemnity Co.;First Liberty Insurance Corp.,Universal P&C Insurance Co.;Florida Family Insurance Co.;First Protective Insurance Co.;Spinnaker Insurance Co.;Cypress P&C Insurance Co.;Florida Peninsula Insurance Co;Tower Hill Insurance Exchange;Kin Interinsurance Network;Unique Insurance Co.;Heritage P&C Insurance Co.;Florida Family Home Ins Co.;US Coastal P&C Insurance Co.;TypTap Insurance Co.;Homeowners Choice P&C Ins Co.;Vault E&S Insurance Co.;Edison Insurance Co.;Safe Harbor Insurance Co.;Spinnaker Specialty Ins Co.;GeoVera Specialty Insurance Co;Florida Farm Bureau Cas Ins Co;Universal North America Ins Co;QBE Specialty Insurance Co.;American Platinum P&C Ins Co.,8234364946.348447,14,36.189312511589605,4132890081.8088427,67778529.59475572,1,0.9811320754716981,18521595059.656082,300194520.0,14408175098.98196,539937478.65,359958319.1,539937478.65,359958319.1,14756421222.152412,18197421222.152412,3441000000.0,1395853723.0,1395853723.0,0.0,False,14730085484.033081,14730085484.033081,0.0,1.0,10207528072.95201,4522557411.081073,2530610248.108284,0.0,14,9464500000.0,9464500000.0,61
gm_then_andrew,baseline,,COMPOSITE,"{""gm_then_andrew"": 0.7429677162249941}",266548625724.76187,198037023717.6371,68511602007.12478,53251319328.12493,93407139028.2775,0.0,39589134480.09972,11789430881.13492,53251319328.12493,93407139028.2775,21365597721.6479,47146004285.47688,14.852499941597696,4.42299443453469,19.97808811931833,35.0431891270487,8.015647300207812,17.687581077292762,39589134480.09972,11789430881.13492,21365597721.6479,28,18,10,Universal P&C Insurance Co.;Florida Family Insurance Co.;First Protective Insurance Co.;Cypress P&C Insurance Co.;Florida Peninsula Insurance Co;Tower Hill Insurance Exchange;Kin Interinsurance Network;Heritage P&C Insurance Co.;Florida Family Home Ins Co.;US Coastal P&C Insurance Co.;TypTap Insurance Co.;Homeowners Choice P&C Ins Co.;Edison Insurance Co.;Safe Harbor Insurance Co.;GeoVera Specialty Insurance Co;Florida Farm Bureau Cas Ins Co;Universal North America Ins Co;Auto Club Insurance Co. of FL;American Platinum P&C Ins Co.;FL Farm Bureau General Ins Co.;Castle Key Insurance Co.;Homesite Insurance Co.;State Farm FL Ins Co;AIG Property Casualty Co.;ASI Preferred Insurance Corp.;ACE Ins Co. of the Midwest;Castle Key Indemnity Co.;First Liberty Insurance Corp.,Universal P&C Insurance Co.;Florida Family Insurance Co.;First Protective Insurance Co.;Cypress P&C Insurance Co.;Florida Peninsula Insurance Co;Tower Hill Insurance Exchange;Kin Interinsurance Network;Heritage P&C Insurance Co.;Florida Family Home Ins Co.;US Coastal P&C Insurance Co.;TypTap Insurance Co.;Homeowners Choice P&C Ins Co.;Edison Insurance Co.;Safe Harbor Insurance Co.;GeoVera Specialty Insurance Co;Florida Farm Bureau Cas Ins Co;Universal North America Ins Co;American Platinum P&C Ins Co.,3685084566.28823,10,35.166819401784345,1950578940.9665127,29026453.821574546,1,0.9811320754716981,7748114457.823469,311486220.0,6151031415.695632,539937478.65,359958319.1,539937478.65,359958319.1,17924597721.6479,21365597721.6479,3441000000.0,1395853723.0,1395853723.0,0.0,False,14698642278.662384,14698642278.662384,0.0,1.0,10176084867.58131,4522557411.081073,2086579354.360289,0.0,13,9464500000.0,9464500000.0,62
gm_then_andrew,baseline,,COMPOSITE,"{""gm_then_andrew"": 0.8670170054516009}",266548625724.76187,231102191283.12262,35446434441.63925,52921119744.7559,48919244222.949684,0.0,98538514410.44623,30723312904.97075,52921119744.7559,48919244222.949684,11127871856.15834,24318562585.48091,36.96830705561285,11.526344516476946,19.85420843977723,18.35284053329305,4.174799935997037,9.123499518842863,98538514410.44623,30723312904.97075,11127871856.15834,38,24,14,Universal P&C Insurance Co.;Florida Family Insurance Co.;First Protective Insurance Co.;Spinnaker Insurance Co.;Cypress P&C Insurance Co.;Florida Peninsula Insurance Co;Tower Hill Insurance Exchange;Kin Interinsurance Network;Unique Insurance Co.;Heritage P&C Insurance Co.;Florida Family Home Ins Co.;US Coastal P&C Insurance Co.;TypTap Insurance Co.;Homeowners Choice P&C Ins Co.;Vault E&S Insurance Co.;Edison Insurance Co.;Safe Harbor Insurance Co.;Spinnaker Specialty Ins Co.;GeoVera Specialty Insurance Co;Florida Farm Bureau Cas Ins Co;Universal North America Ins Co;QBE Specialty Insurance Co.;Auto Club Insurance Co. of FL;American Platinum P&C Ins Co.;Privilege Underwriters Recpl;FL Farm Bureau General Ins Co.;Castle Key Insurance Co.;Chubb Custom Insurance Co.;Homesite Insurance Co.;PURE Specialty Exchange;State Farm FL Ins Co;AIG Property Casualty Co.;Foremost P&C Insurance Co.;ASI Preferred Insurance Corp.;Nationwide P&C Insurance Co.;ACE Ins Co. of the Midwest;Castle Key Indemnity Co.;First Liberty Insurance Corp.,Universal P&C Insurance Co.;Florida Family Insurance Co.;First Protective Insurance Co.;Spinnaker Insurance Co.;Cypress P&C Insurance Co.;Florida Peninsula Insurance Co;Tower Hill Insurance Exchange;Kin Interinsurance Network;Unique Insurance Co.;Heritage P&C Insurance Co.;Florida Family Home Ins Co.;US Coastal P&C Insurance Co.;TypTap Insurance Co.;Homeowners Choice P&C Ins Co.;Vault E&S Insurance Co.;Edison Insurance Co.;Safe Harbor Insurance Co.;Spinnaker Specialty Ins Co.;GeoVera Specialty Insurance Co;Florida Farm Bureau Cas Ins Co;Universal North America Ins Co;QBE Specialty Insurance Co.;American Platinum P&C Ins Co.;Castle Key Indemnity Co.,13911101356.48775,15,37.927433985368395,8367911914.121399,118370546.19006327,1,0.9811320754716981,33736028177.43329,280999920.0,25051415855.2412,539937478.65,359958319.1,539937478.65,359958319.1,7686871856.15834,11127871856.15834,3441000000.0,1395853723.0,1395853723.0,0.0,False,14771834756.47836,14771834756.47836,0.0,1.0,10249277345.397287,4522557411.081073,2575000000.0,0.0,14,9464500000.0,9464500000.0,63
gm_then_andrew,baseline,,COMPOSITE,"{""gm_then_andrew"": 0.6930773381492258}",266548625724.76184,184738812004.65222,81809813720.10963,42166720922.09651,53122179664.92591,0.0,71042454878.9765,18407456538.653297,42166720922.09651,53122179664.92591,25483025699.266617,56326788020.84302,26.652718499601253,6.9058531022631655,15.819522913480663,19.929639299577513,9.56036656725456,21.131899617822857,71042454878.9765,18407456538.653297,25483025699.266617,37,24,13,Universal P&C Insurance Co.;Florida Family Insurance Co.;First Protective Insurance Co.;Spinnaker Insurance Co.;Cypress P&C Insurance Co.;Florida Peninsula Insurance Co;Tower Hill Insurance Exchange;Kin Interinsurance Network;Unique Insurance Co.;Heritage P&C Insurance Co.;Florida Family Home Ins Co.;US Coastal P&C Insurance Co.;TypTap Insurance Co.;Homeowners Choice P&C Ins Co.;Vault E&S Insurance Co.;Edison Insurance Co.;Safe Harbor Insurance Co.;Spinnaker Specialty Ins Co.;GeoVera Specialty Insurance Co;Florida Farm Bureau Cas Ins Co;Universal North America Ins Co;QBE Specialty Insurance Co.;Auto Club Insurance Co. of FL;American Platinum P&C Ins Co.;Privilege Underwriters Recpl;FL Farm Bureau General Ins Co.;Castle Key Insurance Co.;Homesite Insurance Co.;PURE Specialty Exchange;State Farm FL Ins Co;AIG Property Casualty Co.;Foremost P&C Insurance Co.;ASI Preferred Insurance Corp.;Nationwide P&C Insurance Co.;ACE Ins Co. of the Midwest;Castle Key Indemnity Co.;First Liberty Insurance Corp.,Universal P&C Insurance Co.;Florida Family Insurance Co.;First Protective Insurance Co.;Spinnaker Insurance Co.;Cypress P&C Insurance Co.;Florida Peninsula Insurance Co;Tower Hill Insurance Exchange;Kin Interinsurance Network;Unique Insurance Co.;Heritage P&C Insurance Co.;Florida Family Home Ins Co.;US Coastal P&C Insurance Co.;TypTap Insurance Co.;Homeowners Choice P&C Ins Co.;Vault E&S Insurance Co.;Edison Insurance Co.;Safe Harbor Insurance Co.;Spinnaker Specialty Ins Co.;GeoVera Specialty Insurance Co;Florida Farm Bureau Cas Ins Co;Universal North America Ins Co;QBE Specialty Insurance Co.;American Platinum P&C Ins Co.;Castle Key Indemnity Co.,8890178819.326593,14,37.927433985368395,5296865604.494838,74582984.43461242,1,0.9811320754716981,21263551077.713116,280999920.0,12782386844.242311,539937478.65,359958319.1,539937478.65,359958319.1,22042025699.266617,25483025699.266617,3441000000.0,1395853723.0,1395853723.0,0.0,False,14754409688.158901,14754409688.158901,0.0,1.0,10231852277.07783,4522557411.081072,2575000000.0,0.0,14,9464500000.0,9464500000.0,64
gm_then_andrew,baseline,,COMPOSITE,"{""gm_then_andrew"": 0.6395447221124206}",266548625724.76187,170469766768.59048,96078858956.17139,12890667422.667402,108306508622.06029,0.0,37727628036.70277,11544962687.160027,12890667422.667402,108306508622.06029,29901045756.166485,66177813200.004906,14.154125887582072,4.331278263306957,4.836141018404014,40.63292704194904,11.217857782933125,24.8276700058248,37727628036.70277,11544962687.160027,29901045756.166485,28,18,10,Universal P&C Insurance Co.;Florida Family Insurance Co.;First Protective Insurance Co.;Cypress P&C Insurance Co.;Florida Peninsula Insurance Co;Tower Hill Insurance Exchange;Kin Interinsurance Network;Heritage P&C Insurance Co.;Florida Family Home Ins Co.;US Coastal P&C Insurance Co.;TypTap Insurance Co.;Homeowners Choice P&C Ins Co.;Edison Insurance Co.;Safe Harbor Insurance Co.;GeoVera Specialty Insurance Co;Florida Farm Bureau Cas Ins Co;Universal North America Ins Co;Auto Club Insurance Co. of FL;American Platinum P&C Ins Co.;FL Farm Bureau General Ins Co.;Castle Key Insurance Co.;Homesite Insurance Co.;State Farm FL Ins Co;AIG Property Casualty Co.;ASI Preferred Insurance Corp.;ACE Ins Co. of the Midwest;Castle Key Indemnity Co.;First Liberty Insurance Corp.,Universal P&C Insurance Co.;Florida Family Insurance Co.;First Protective Insurance Co.;Cypress P&C Insurance Co.;Florida Peninsula Insurance Co;Tower Hill Insurance Exchange;Kin Interinsurance Network;Heritage P&C Insurance Co.;Florida Family Home Ins Co.;US Coastal P&C Insurance Co.;TypTap Insurance Co.;Homeowners Choice P&C Ins Co.;Edison Insurance Co.;Safe Harbor Insurance Co.;GeoVera Specialty Insurance Co;Florida Farm Bureau Cas Ins Co;Universal North America Ins Co;American Platinum P&C Ins Co.,3529340766.8876677,10,35.166819401784345,2113201992.7444654,17768375.04850688,1,0.9811320754716981,6560729133.791241,311486220.0,5901031927.566021,539937478.65,359958319.1,539937478.65,359958319.1,26460045756.166485,29901045756.166485,3441000000.0,1395853723.0,1395853723.0,0.0,False,14711879154.864113,14711879154.864113,0.0,1.0,10189321743.783043,4522557411.081071,2092462711.1101503,0.0,13,9464500000.0,9464500000.0,65
gm_then_andrew,baseline,,COMPOSITE,"{""gm_then_andrew"": 0.7986506515759634}",266548625724.76184,212879233611.7587,53669392113.00316,33638589000.904858,69465150800.49904,0.0,86140952503.32393,23634541307.03087,33638589000.904858,69465150800.49904,16770112886.038458,36899279226.96471,32.31716249487367,8.866877944978002,12.620057188229538,26.060967529515146,6.291577321188398,13.84335752121525,86140952503.32393,23634541307.03087,16770112886.038458,37,23,14,Universal P&C Insurance Co.;Florida Family Insurance Co.;First Protective Insurance Co.;Spinnaker Insurance Co.;Cypress P&C Insurance Co.;Florida Peninsula Insurance Co;Tower Hill Insurance Exchange;Kin Interinsurance Network;Unique Insurance Co.;Heritage P&C Insurance Co.;Florida Family Home Ins Co.;US Coastal P&C Insurance Co.;TypTap Insurance Co.;Homeowners Choice P&C Ins Co.;Vault E&S Insurance Co.;Edison Insurance Co.;Safe Harbor Insurance Co.;Spinnaker Specialty Ins Co.;GeoVera Specialty Insurance Co;Florida Farm Bureau Cas Ins Co;Universal North America Ins Co;QBE Specialty Insurance Co.;Auto Club Insurance Co. of FL;American Platinum P&C Ins Co.;Privilege Underwriters Recpl;FL Farm Bureau General Ins Co.;Castle Key Insurance Co.;Homesite Insurance Co.;PURE Specialty Exchange;State Farm FL Ins Co;AIG Property Casualty Co.;Foremost P&C Insurance Co.;ASI Preferred Insurance Corp.;Nationwide P&C Insurance Co.;ACE Ins Co. of the Midwest;Castle Key Indemnity Co.;First Liberty Insurance Corp.,Universal P&C Insurance Co.;Florida Family Insurance Co.;First Protective Insurance Co.;Spinnaker Insurance Co.;Cypress P&C Insurance Co.;Florida Peninsula Insurance Co;Tower Hill Insurance Exchange;Kin Interinsurance Network;Unique Insurance Co.;Heritage P&C Insurance Co.;Florida Family Home Ins Co.;US Coastal P&C Insurance Co.;TypTap Insurance Co.;Homeowners Choice P&C Ins Co.;Vault E&S Insurance Co.;Edison Insurance Co.;Safe Harbor Insurance Co.;Spinnaker Specialty Ins Co.;GeoVera Specialty Insurance Co;Florida Farm Bureau Cas Ins Co;Universal North America Ins Co;QBE Specialty Insurance Co.;American Platinum P&C Ins Co.,12725584853.155128,14,36.189312511589605,5849120258.00929,123621166.61388028,1,0.9811320754716981,25989651104.504097,300194520.0,17992821837.102962,539937478.65,359958319.1,539937478.65,359958319.1,13329112886.038458,16770112886.038458,3441000000.0,1395853723.0,1395853723.0,0.0,False,14767432185.289915,14767432185.289915,0.0,1.0,10244874774.208841,4522557411.081074,2588843198.4176135,0.0,15,9464500000.0,9464500000.0,66
gm_then_andrew,baseline,,COMPOSITE,"{""gm_then_andrew"": 0.6390378699056607}",266548625724.76184,170334666009.433,96213959715.32881,10584850819.68588,89073533910.07669,0.0,53471443884.67349,17204837394.99699,10584850819.68588,89073533910.07669,29942876015.569653,66271083699.75918,20.06067138379776,6.454671206132089,3.971076868584496,33.41736753205174,11.23355107690132,24.862661932532607,53471443884.67349,17204837394.99699,29942876015.569653,34,21,13,Universal P&C Insurance Co.;Florida Family Insurance Co.;First Protective Insurance Co.;Cypress P&C Insurance Co.;Florida Peninsula Insurance Co;Tower Hill Insurance Exchange;Kin Interinsurance Network;Unique Insurance Co.;Heritage P&C Insurance Co.;Florida Family Home Ins Co.;US Coastal P&C Insurance Co.;TypTap Insurance Co.;Homeowners Choice P&C Ins Co.;Vault E&S Insurance Co.;Edison Insurance Co.;Safe Harbor Insurance Co.;Spinnaker Specialty Ins Co.;GeoVera Specialty Insurance Co;Florida Farm Bureau Cas Ins Co;Universal North America Ins Co;Auto Club Insurance Co. of FL;American Platinum P&C Ins Co.;FL Farm Bureau General Ins Co.;Castle Key Insurance Co.;Homesite Insurance Co.;PURE Specialty Exchange;State Farm FL Ins Co;AIG Property Casualty Co.;Foremost P&C Insurance Co.;ASI Preferred Insurance Corp.;Nationwide P&C Insurance Co.;ACE Ins Co. of the Midwest;Castle Key Indemnity Co.;First Liberty Insurance Corp.,Universal P&C Insurance Co.;Florida Family Insurance Co.;First Protective Insurance Co.;Cypress P&C Insurance Co.;Florida Peninsula Insurance Co;Tower Hill Insurance Exchange;Kin Interinsurance Network;Unique Insurance Co.;Heritage P&C Insurance Co.;Florida Family Home Ins Co.;US Coastal P&C Insurance Co.;TypTap Insurance Co.;Homeowners Choice P&C Ins Co.;Vault E&S Insurance Co.;Edison Insurance Co.;Safe Harbor Insurance Co.;Spinnaker Specialty Ins Co.;GeoVera Specialty Insurance Co;Florida Farm Bureau Cas Ins Co;Universal North America Ins Co;American Platinum P&C Ins Co.,6501516270.997672,13,35.60316172831571,3124960495.8323736,43102763.91285108,1,0.9811320754716981,12595262548.453312,306667560.0,11535288610.2658,539937478.65,359958319.1,539937478.65,359958319.1,26501876015.569653,29942876015.569653,3441000000.0,1395853723.0,1395853723.0,0.0,False,14731592136.161129,14731592136.161129,0.0,1.0,10209034725.080055,4522557411.081073,2328456443.8480577,0.0,14,9464500000.0,9464500000.0,67
gm_then_andrew,baseline,,COMPOSITE,"{""gm_then_andrew"": 0.8010975107462335}",266548625724.76187,213531440560.93622,53017185163.825645,29585712229.439255,109672711745.8652,0.0,56783090687.14563,17489925898.486115,29585712229.439255,109672711745.8652,16568174821.154236,36449010342.67142,21.30308889522464,6.561626739184997,11.099555343417702,41.145480096796014,6.21581701128804,13.674431914088602,56783090687.14563,17489925898.486115,16568174821.154236,34,22,12,Universal P&C Insurance Co.;Florida Family Insurance Co.;First Protective Insurance Co.;Cypress P&C Insurance Co.;Florida Peninsula Insurance Co;Tower Hill Insurance Exchange;Kin Interinsurance Network;Unique Insurance Co.;Heritage P&C Insurance Co.;Florida Family Home Ins Co.;US Coastal P&C Insurance Co.;TypTap Insurance Co.;Homeowners Choice P&C Ins Co.;Vault E&S Insurance Co.;Edison Insurance Co.;Safe Harbor Insurance Co.;Spinnaker Specialty Ins Co.;GeoVera Specialty Insurance Co;Florida Farm Bureau Cas Ins Co;Universal North America Ins Co;QBE Specialty Insurance Co.;Auto Club Insurance Co. of FL;American Platinum P&C Ins Co.;FL Farm Bureau General Ins Co.;Castle Key Insurance Co.;Homesite Insurance Co.;State Farm FL Ins Co;AIG Property Casualty Co.;Foremost P&C Insurance Co.;ASI Preferred Insurance Corp.;Nationwide P&C Insurance Co.;ACE Ins Co. of the Midwest;Castle Key Indemnity Co.;First Liberty Insurance Corp.,Universal P&C Insurance Co.;Florida Family Insurance Co.;First Protective Insurance Co.;Cypress P&C Insurance Co.;Florida Peninsula Insurance Co;Tower Hill Insurance Exchange;Kin Interinsurance Network;Unique Insurance Co.;Heritage P&C Insurance Co.;Florida Family Home Ins Co.;US Coastal P&C Insurance Co.;TypTap Insurance Co.;Homeowners Choice P&C Ins Co.;Vault E&S Insurance Co.;Edison Insurance Co.;Safe Harbor Insurance Co.;Spinnaker Specialty Ins Co.;GeoVera Specialty Insurance Co;Florida Farm Bureau Cas Ins Co;Universal North America Ins Co;QBE Specialty Insurance Co.;American Platinum P&C Ins Co.,6252781211.784353,12,35.89838321723671,3813116569.7363563,49984110.803401366,1,0.9811320754716981,14494151746.850271,303407340.0,11830062657.658258,539937478.65,359958319.1,539937478.65,359958319.1,13127174821.154236,16568174821.154236,3441000000.0,1395853723.0,1395853723.0,0.0,False,14737067188.753616,14737067188.753616,0.0,1.0,10214509777.672544,4522557411.081073,2350300077.505451,0.0,14,9464500000.0,9464500000.0,68
gm_then_andrew,baseline,,COMPOSITE,"{""gm_then_andrew"": 0.8800071143696176}",266548625724.76184,234564686963.23492,31983938761.52692,46909796626.79132,128969982929.86517,0.0,45924105050.791985,12760802355.786469,46909796626.79132,128969982929.86517,10055804656.945541,21928134104.581375,17.22916594520852,4.787420051815714,17.598963978613938,48.38516146132361,3.7725966996090112,8.226691863429215,45924105050.791985,12760802355.786469,10055804656.945541,30,18,12,Universal P&C Insurance Co.;Florida Family Insurance Co.;First Protective Insurance Co.;Cypress P&C Insurance Co.;Florida Peninsula Insurance Co;Tower Hill Insurance Exchange;Kin Interinsurance Network;Heritage P&C Insurance Co.;Florida Family Home Ins Co.;US Coastal P&C Insurance Co.;TypTap Insurance Co.;Homeowners Choice P&C Ins Co.;Edison Insurance Co.;Safe Harbor Insurance Co.;GeoVera Specialty Insurance Co;Florida Farm Bureau Cas Ins Co;Universal North America Ins Co;Auto Club Insurance Co. of FL;American Platinum P&C Ins Co.;FL Farm Bureau General Ins Co.;Castle Key Insurance Co.;Homesite Insurance Co.;State Farm FL Ins Co;AIG Property Casualty Co.;Foremost P&C Insurance Co.;ASI Preferred Insurance Corp.;Nationwide P&C Insurance Co.;ACE Ins Co. of the Midwest;Castle Key Indemnity Co.;First Liberty Insurance Corp.,Universal P&C Insurance Co.;Florida Family Insurance Co.;First Protective Insurance Co.;Cypress P&C Insurance Co.;Florida Peninsula Insurance Co;Tower Hill Insurance Exchange;Kin Interinsurance Network;Heritage P&C Insurance Co.;Florida Family Home Ins Co.;US Coastal P&C Insurance Co.;TypTap Insurance Co.;Homeowners Choice P&C Ins Co.;Edison Insurance Co.;Safe Harbor Insurance Co.;GeoVera Specialty Insurance Co;Florida Farm Bureau Cas Ins Co;Universal North America Ins Co;American Platinum P&C Ins Co.,5484119782.452881,12,35.166819401784345,3009037439.0272317,36232865.49269051,1,0.9811320754716981,10263042536.972637,311486220.0,7134088442.958675,539937478.65,359958319.1,539937478.65,359958319.1,6614804656.945541,10055804656.945541,3441000000.0,1395853723.0,1395853723.0,0.0,False,14723015500.669136,14723015500.669136,0.0,1.0,10200458089.588064,4522557411.081073,2118421032.1796205,0.0,14,9464500000.0,9464500000.0,69
gm_then_andrew,baseline,,COMPOSITE,"{""gm_then_andrew"": 0.7894821917856454}",266548625724.7619,210435393254.63672,56113232470.125175,60492696896.054016,106649138243.97054,0.0,34548942907.711845,8744615206.900318,60492696896.054016,106649138243.97054,17526781292.018387,38586451178.10679,12.961591084467672,3.2806829084648923,22.694807272620785,40.011137913011204,6.575453632282667,14.47632718915278,34548942907.711845,8744615206.900318,17526781292.018387,28,18,10,Universal P&C Insurance Co.;Florida Family Insurance Co.;First Protective Insurance Co.;Cypress P&C Insurance Co.;Florida Peninsula Insurance Co;Tower Hill Insurance Exchange;Kin Interinsurance Network;Heritage P&C Insurance Co.;Florida Family Home Ins Co.;US Coastal P&C Insurance Co.;TypTap Insurance Co.;Homeowners Choice P&C Ins Co.;Edison Insurance Co.;Safe Harbor Insurance Co.;GeoVera Specialty Insurance Co;Florida Farm Bureau Cas Ins Co;Universal North America Ins Co;Auto Club Insurance Co. of FL;American Platinum P&C Ins Co.;FL Farm Bureau General Ins Co.;Castle Key Insurance Co.;Homesite Insurance Co.;State Farm FL Ins Co;AIG Property Casualty Co.;ASI Preferred Insurance Corp.;ACE Ins Co. of the Midwest;Castle Key Indemnity Co.;First Liberty Insurance Corp.,Universal P&C Insurance Co.;Florida Family Insurance Co.;First Protective Insurance Co.;Cypress P&C Insurance Co.;Florida Peninsula Insurance Co;Tower Hill Insurance Exchange;Kin Interinsurance Network;Heritage P&C Insurance Co.;Florida Family Home Ins Co.;US Coastal P&C Insurance Co.;TypTap Insurance Co.;Homeowners Choice P&C Ins Co.;Edison Insurance Co.;Safe Harbor Insurance Co.;GeoVera Specialty Insurance Co;Florida Farm Bureau Cas Ins Co;Universal North America Ins Co;American Platinum P&C Ins Co.,2862078267.1623645,10,35.166819401784345,1589206534.543869,9066608.619638793,1,0.9811320754716981,5495349805.607033,311486220.0,3161632290.533335,539937478.65,359958319.1,539937478.65,359958319.1,14085781292.018387,17526781292.018387,3441000000.0,1395853723.0,1395853723.0,0.0,False,14625699261.050291,14625699261.050291,0.0,1.0,10103141849.96922,4522557411.081072,2086332362.834021,0.0,13,9464500000.0,9464500000.0,70
gm_then_andrew,baseline,,COMPOSITE,"{""gm_then_andrew"": 0.7039592684911667}",266548625724.76184,187639375582.52917,78909250142.23267,47759081149.78511,93011363773.57288,0.0,39357582934.88197,7511347724.289234,47759081149.78511,93011363773.57288,24584945424.702263,54324304717.53041,14.765629658703483,2.81800279549948,17.917586714215943,34.89470768069779,9.223437321372154,20.38063582951116,39357582934.88197,7511347724.289234,24584945424.702263,29,18,11,Universal P&C Insurance Co.;Florida Family Insurance Co.;First Protective Insurance Co.;Cypress P&C Insurance Co.;Florida Peninsula Insurance Co;Tower Hill Insurance Exchange;Kin Interinsurance Network;Heritage P&C Insurance Co.;Florida Family Home Ins Co.;US Coastal P&C Insurance Co.;TypTap Insurance Co.;Homeowners Choice P&C Ins Co.;Edison Insurance Co.;Safe Harbor Insurance Co.;GeoVera Specialty Insurance Co;Florida Farm Bureau Cas Ins Co;Universal North America Ins Co;Auto Club Insurance Co. of FL;American Platinum P&C Ins Co.;FL Farm Bureau General Ins Co.;Castle Key Insurance Co.;Homesite Insurance Co.;State Farm FL Ins Co;AIG Property Casualty Co.;ASI Preferred Insurance Corp.;Nationwide P&C Insurance Co.;ACE Ins Co. of the Midwest;Castle Key Indemnity Co.;First Liberty Insurance Corp.,Universal P&C Insurance Co.;Florida Family Insurance Co.;First Protective Insurance Co.;Cypress P&C Insurance Co.;Florida Peninsula Insurance Co;Tower Hill Insurance Exchange;Kin Interinsurance Network;Heritage P&C Insurance Co.;Florida Family Home Ins Co.;US Coastal P&C Insurance Co.;TypTap Insurance Co.;Homeowners Choice P&C Ins Co.;Edison Insurance Co.;Safe Harbor Insurance Co.;GeoVera Specialty Insurance Co;Florida Farm Bureau Cas Ins Co;Universal North America Ins Co;American Platinum P&C Ins Co.,3738318260.3557625,11,35.166819401784345,2211863858.184954,16819300.099492773,1,0.9811320754716981,6788663915.62593,311486220.0,1987592498.334404,539937478.65,359958319.1,539937478.65,359958319.1,21143945424.702263,24584945424.702263,3441000000.0,1395853723.0,1395853723.0,0.0,False,14709833200.954014,14709833200.954014,0.0,1.0,10187275789.872942,4522557411.081072,2086731204.5205495,0.0,13,9464500000.0,9464500000.0,71
gm_then_andrew,baseline,,COMPOSITE,"{""gm_then_andrew"": 0.8052299534993672}",266548625724.76187,214632937497.6703,51915688227.09159,46473581374.978294,85022892042.50172,0.0,64862973642.706314,18273490437.48396,46473581374.978294,85022892042.50172,16227126385.285095,35688561841.806496,24.33438681829252,6.8555935667637495,17.43531081753425,31.89770414734622,6.087867210405815,13.389137439657448,64862973642.706314,18273490437.48396,16227126385.285095,36,22,14,Universal P&C Insurance Co.;Florida Family Insurance Co.;First Protective Insurance Co.;Cypress P&C Insurance Co.;Florida Peninsula Insurance Co;Tower Hill Insurance Exchange;Kin Interinsurance Network;Unique Insurance Co.;Heritage P&C Insurance Co.;Florida Family Home Ins Co.;US Coastal P&C Insurance Co.;TypTap Insurance Co.;Homeowners Choice P&C Ins Co.;Vault E&S Insurance Co.;Edison Insurance Co.;Safe Harbor Insurance Co.;Spinnaker Specialty Ins Co.;GeoVera Specialty Insurance Co;Florida Farm Bureau Cas Ins Co;Universal North America Ins Co;QBE Specialty Insurance Co.;Auto Club Insurance Co. of FL;American Platinum P&C Ins Co.;Privilege Underwriters Recpl;FL Farm Bureau General Ins Co.;Castle Key Insurance Co.;Homesite Insurance Co.;PURE Specialty Exchange;State Farm FL Ins Co;AIG Property Casualty Co.;Foremost P&C Insurance Co.;ASI Preferred Insurance Corp.;Nationwide P&C Insurance Co.;ACE Ins Co. of the Midwest;Castle Key Indemnity Co.;First Liberty Insurance Corp.,Universal P&C Insurance Co.;Florida Family Insurance Co.;First Protective Insurance Co.;Cypress P&C Insurance Co.;Florida Peninsula Insurance Co;Tower Hill Insurance Exchange;Kin Interinsurance Network;Unique Insurance Co.;Heritage P&C Insurance Co.;Florida Family Home Ins Co.;US Coastal P&C Insurance Co.;TypTap Insurance Co.;Homeowners Choice P&C Ins Co.;Vault E&S Insurance Co.;Edison Insurance Co.;Safe Harbor Insurance Co.;Spinnaker Specialty Ins Co.;GeoVera Specialty Insurance Co;Florida Farm Bureau Cas Ins Co;Universal North America Ins Co;QBE Specialty Insurance Co.;American Platinum P&C Ins Co.,8539022992.943811,14,35.89838321723671,4136090286.4527836,71480620.63332404,1,0.9811320754716981,18438054545.77741,303407340.0,12631885435.21236,539937478.65,359958319.1,539937478.65,359958319.1,12786126385.285095,16227126385.285095,3441000000.0,1395853723.0,1395853723.0,0.0,False,14743152013.379921,14743152013.379921,0.0,1.0,10220594602.29885,4522557411.081072,2457786955.2130156,0.0,14,9464500000.0,9464500000.0,72
gm_then_andrew,baseline,,COMPOSITE,"{""gm_then_andrew"": 0.8273791402584624}",266548625724.76187,220536772789.2282,46011852935.53367,21811829711.11067,108053252468.09412,0.0,71554198623.06555,19117491986.957867,21811829711.11067,108053252468.09412,14399165067.675938,31612687867.85774,26.844707388194312,7.172234309959862,8.1830584013716,40.53791392632049,5.402078149352199,11.860007824801544,71554198623.06555,19117491986.957867,14399165067.675938,38,23,15,Universal P&C Insurance Co.;Florida Family Insurance Co.;First Protective Insurance Co.;Spinnaker Insurance Co.;Cypress P&C Insurance Co.;Florida Peninsula Insurance Co;Tower Hill Insurance Exchange;Kin Interinsurance Network;Unique Insurance Co.;Heritage P&C Insurance Co.;Florida Family Home Ins Co.;US Coastal P&C Insurance Co.;TypTap Insurance Co.;Homeowners Choice P&C Ins Co.;Vault E&S Insurance Co.;Edison Insurance Co.;Safe Harbor Insurance Co.;Spinnaker Specialty Ins Co.;GeoVera Specialty Insurance Co;Florida Farm Bureau Cas Ins Co;Universal North America Ins Co;QBE Specialty Insurance Co.;Auto Club Insurance Co. of FL;American Platinum P&C Ins Co.;Privilege Underwriters Recpl;FL Farm Bureau General Ins Co.;Castle Key Insurance Co.;Chubb Custom Insurance Co.;Homesite Insurance Co.;PURE Specialty Exchange;State Farm FL Ins Co;AIG Property Casualty Co.;Foremost P&C Insurance Co.;ASI Preferred Insurance Corp.;Nationwide P&C Insurance Co.;ACE Ins Co. of the Midwest;Castle Key Indemnity Co.;First Liberty Insurance Corp.,Universal P&C Insurance Co.;Florida Family Insurance Co.;First Protective Insurance Co.;Spinnaker Insurance Co.;Cypress P&C Insurance Co.;Florida Peninsula Insurance Co;Tower Hill Insurance Exchange;Kin Interinsurance Network;Unique Insurance Co.;Heritage P&C Insurance Co.;Florida Family Home Ins Co.;US Coastal P&C Insurance Co.;TypTap Insurance Co.;Homeowners Choice P&C Ins Co.;Vault E&S Insurance Co.;Edison Insurance Co.;Safe Harbor Insurance Co.;Spinnaker Specialty Ins Co.;GeoVera Specialty Insurance Co;Florida Farm Bureau Cas Ins Co;Universal North America Ins Co;QBE Specialty Insurance Co.;American Platinum P&C Ins Co.,10016456890.156288,15,36.189312511589605,5073052479.088184,57452539.262593836,1,0.9811320754716981,19813093202.35671,300194520.0,13485497174.194038,539937478.65,359958319.1,539937478.65,359958319.1,10958165067.675938,14399165067.675938,3441000000.0,1395853723.0,1395853723.0,0.0,False,14751308265.278004,14751308265.278004,0.0,1.0,10228750854.19693,4522557411.081073,2574999999.9999995,0.0,14,9464500000.0,9464500000.0,73
gm_then_andrew,baseline,,COMPOSITE,"{""gm_then_andrew"": 0.7126858997854592}",266548625724.76184,189965447161.22952,76583178563.53232,27653538897.007133,64561340419.67899,0.0,74187543730.68849,23563024113.854916,27653538897.007133,64561340419.67899,23864740903.764095,52718437659.76824,27.83264911944981,8.840047120777918,10.374669470463594,24.22122426785462,8.95324102267435,19.778168998779723,74187543730.68849,23563024113.854916,23864740903.764095,37,23,14,Universal P&C Insurance Co.;Florida Family Insurance Co.;First Protective Insurance Co.;Spinnaker Insurance Co.;Cypress P&C Insurance Co.;Florida Peninsula Insurance Co;Tower Hill Insurance Exchange;Kin Interinsurance Network;Unique Insurance Co.;Heritage P&C Insurance Co.;Florida Family Home Ins Co.;US Coastal P&C Insurance Co.;TypTap Insurance Co.;Homeowners Choice P&C Ins Co.;Vault E&S Insurance Co.;Edison Insurance Co.;Safe Harbor Insurance Co.;Spinnaker Specialty Ins Co.;GeoVera Specialty Insurance Co;Florida Farm Bureau Cas Ins Co;Universal North America Ins Co;QBE Specialty Insurance Co.;Auto Club Insurance Co. of FL;American Platinum P&C Ins Co.;FL Farm Bureau General Ins Co.;Castle Key Insurance Co.;Chubb Custom Insurance Co.;Homesite Insurance Co.;PURE Specialty Exchange;State Farm FL Ins Co;AIG Property Casualty Co.;Foremost P&C Insurance Co.;ASI Preferred Insurance Corp.;Nationwide P&C Insurance Co.;ACE Ins Co. of the Midwest;Castle Key Indemnity Co.;First Liberty Insurance Corp.,Universal P&C Insurance Co.;Florida Family Insurance Co.;First Protective Insurance Co.;Spinnaker Insurance Co.;Cypress P&C Insurance Co.;Florida Peninsula Insurance Co;Tower Hill Insurance Exchange;Kin Interinsurance Network;Unique Insurance Co.;Heritage P&C Insurance Co.;Florida Family Home Ins Co.;US Coastal P&C Insurance Co.;TypTap Insurance Co.;Homeowners Choice P&C Ins Co.;Vault E&S Insurance Co.;Edison Insurance Co.;Safe Harbor Insurance Co.;Spinnaker Specialty Ins Co.;GeoVera Specialty Insurance Co;Florida Farm Bureau Cas Ins Co;Universal North America Ins Co;QBE Specialty Insurance Co.;American Platinum P&C Ins Co.,10010796626.318764,14,36.189312511589605,5019465062.935648,83402179.17595115,1,0.9811320754716981,21416459905.57225,300194520.0,17890516678.9072,539937478.65,359958319.1,539937478.65,359958319.1,20423740903.764095,23864740903.764095,3441000000.0,1395853723.0,1395853723.0,0.0,False,14752135751.086939,14752135751.086939,0.0,1.0,10229578340.005865,4522557411.081074,2254819458.172429,0.0,14,9464500000.0,9464500000.0,74
gm_then_andrew,baseline,,COMPOSITE,"{""gm_then_andrew"": 0.7997835796947829}",266548625724.76187,213181214044.87497,53367411679.886894,69684980119.28818,78214066794.10657,0.0,48931993294.593,16350173836.88721,69684980119.28818,78214066794.10657,16676612894.397305,36690798785.489586,18.357623552379586,6.134030439072832,26.14344003080507,29.343263947220805,6.256499296911618,13.76514273361008,48931993294.593,16350173836.88721,16676612894.397305,33,20,13,Universal P&C Insurance Co.;Florida Family Insurance Co.;First Protective Insurance Co.;Cypress P&C Insurance Co.;Florida Peninsula Insurance Co;Tower Hill Insurance Exchange;Kin Interinsurance Network;Heritage P&C Insurance Co.;Florida Family Home Ins Co.;US Coastal P&C Insurance Co.;TypTap Insurance Co.;Homeowners Choice P&C Ins Co.;Vault E&S Insurance Co.;Edison Insurance Co.;Safe Harbor Insurance Co.;GeoVera Specialty Insurance Co;Florida Farm Bureau Cas Ins Co;Universal North America Ins Co;QBE Specialty Insurance Co.;Auto Club Insurance Co. of FL;American Platinum P&C Ins Co.;FL Farm Bureau General Ins Co.;Castle Key Insurance Co.;Homesite Insurance Co.;PURE Specialty Exchange;State Farm FL Ins Co;AIG Property Casualty Co.;Foremost P&C Insurance Co.;ASI Preferred Insurance Corp.;Nationwide P&C Insurance Co.;ACE Ins Co. of the Midwest;Castle Key Indemnity Co.;First Liberty Insurance Corp.,Universal P&C Insurance Co.;Florida Family Insurance Co.;First Protective Insurance Co.;Cypress P&C Insurance Co.;Florida Peninsula Insurance Co;Tower Hill Insurance Exchange;Kin Interinsurance Network;Heritage P&C Insurance Co.;Florida Family Home Ins Co.;US Coastal P&C Insurance Co.;TypTap Insurance Co.;Homeowners Choice P&C Ins Co.;Vault E&S Insurance Co.;Edison Insurance Co.;Safe Harbor Insurance Co.;GeoVera Specialty Insurance Co;Florida Farm Bureau Cas Ins Co;Universal North America Ins Co;QBE Specialty Insurance Co.;American Platinum P&C Ins Co.,5782915563.529153,13,35.71378625186174,2585363209.6013722,41340612.25117135,1,0.9811320754716981,10835533366.79225,305445900.0,10672733828.359276,539937478.65,359958319.1,539937478.65,359958319.1,13235612894.397305,16676612894.397305,3441000000.0,1395853723.0,1395853723.0,0.0,False,14722287484.944176,14722287484.944176,0.0,1.0,10199730073.863104,4522557411.081073,2343787752.514718,0.0,14,9464500000.0,9464500000.0,75
gm_then_andrew,baseline,,COMPOSITE,"{""gm_then_andrew"": 0.8619969746909185}",266548625724.76187,229764108982.76672,36784516741.99515,54901086287.32309,103900520610.21567,0.0,54265220042.43822,16697282042.789757,54901086287.32309,103900520610.21567,11542172486.856087,25242344255.139065,20.358469264243173,6.264253660055022,20.59702470348279,38.97994984131089,4.330231474828362,9.470071056079767,54265220042.43822,16697282042.789757,11542172486.856087,34,21,13,Universal P&C Insurance Co.;Florida Family Insurance Co.;First Protective Insurance Co.;Cypress P&C Insurance Co.;Florida Peninsula Insurance Co;Tower Hill Insurance Exchange;Kin Interinsurance Network;Unique Insurance Co.;Heritage P&C Insurance Co.;Florida Family Home Ins Co.;US Coastal P&C Insurance Co.;TypTap Insurance Co.;Homeowners Choice P&C Ins Co.;Vault E&S Insurance Co.;Edison Insurance Co.;Safe Harbor Insurance Co.;GeoVera Specialty Insurance Co;Florida Farm Bureau Cas Ins Co;Universal North America Ins Co;QBE Specialty Insurance Co.;Auto Club Insurance Co. of FL;American Platinum P&C Ins Co.;FL Farm Bureau General Ins Co.;Castle Key Insurance Co.;Homesite Insurance Co.;PURE Specialty Exchange;State Farm FL Ins Co;AIG Property Casualty Co.;Foremost P&C Insurance Co.;ASI Preferred Insurance Corp.;Nationwide P&C Insurance Co.;ACE Ins Co. of the Midwest;Castle Key Indemnity Co.;First Liberty Insurance Corp.,Universal P&C Insurance Co.;Florida Family Insurance Co.;First Protective Insurance Co.;Cypress P&C Insurance Co.;Florida Peninsula Insurance Co;Tower Hill Insurance Exchange;Kin Interinsurance Network;Unique Insurance Co.;Heritage P&C Insurance Co.;Florida Family Home Ins Co.;US Coastal P&C Insurance Co.;TypTap Insurance Co.;Homeowners Choice P&C Ins Co.;Vault E&S Insurance Co.;Edison Insurance Co.;Safe Harbor Insurance Co.;GeoVera Specialty Insurance Co;Florida Farm Bureau Cas Ins Co;Universal North America Ins Co;QBE Specialty Insurance Co.;American Platinum P&C Ins Co.,5920501759.904932,13,35.80938809441937,4217866917.712694,28639814.782445274,1,0.9811320754716981,13957776802.217907,304390140.0,11038818824.574854,539937478.65,359958319.1,539937478.65,359958319.1,8101172486.856087,11542172486.856087,3441000000.0,1395853723.0,1395853723.0,0.0,False,14734167180.243774,14734167180.243774,0.0,1.0,10211609769.1627,4522557411.081074,2449020839.7300773,0.0,14,9464500000.0,9464500000.0,76
gm_then_andrew,baseline,,COMPOSITE,"{""gm_then_andrew"": 0.8169461583423562}",266548625724.76187,217755875797.27878,48792749927.48309,20953511976.309185,73867877844.95796,0.0,92472246144.46718,30462239831.544445,20953511976.309185,73867877844.95796,15260193852.94847,33532556074.534626,34.69244903928112,11.428398757906093,7.861046711209002,27.71272132583941,5.725106933661758,12.580277232102613,92472246144.46718,30462239831.544445,15260193852.94847,38,23,15,Universal P&C Insurance Co.;Florida Family Insurance Co.;First Protective Insurance Co.;Spinnaker Insurance Co.;Cypress P&C Insurance Co.;Florida Peninsula Insurance Co;Tower Hill Insurance Exchange;Kin Interinsurance Network;Unique Insurance Co.;Heritage P&C Insurance Co.;Florida Family Home Ins Co.;US Coastal P&C Insurance Co.;TypTap Insurance Co.;Homeowners Choice P&C Ins Co.;Vault E&S Insurance Co.;Edison Insurance Co.;Safe Harbor Insurance Co.;Spinnaker Specialty Ins Co.;GeoVera Specialty Insurance Co;Florida Farm Bureau Cas Ins Co;Universal North America Ins Co;QBE Specialty Insurance Co.;Auto Club Insurance Co. of FL;American Platinum P&C Ins Co.;Privilege Underwriters Recpl;FL Farm Bureau General Ins Co.;Castle Key Insurance Co.;Chubb Custom Insurance Co.;Homesite Insurance Co.;PURE Specialty Exchange;State Farm FL Ins Co;AIG Property Casualty Co.;Foremost P&C Insurance Co.;ASI Preferred Insurance Corp.;Nationwide P&C Insurance Co.;ACE Ins Co. of the Midwest;Castle Key Indemnity Co.;First Liberty Insurance Corp.,Universal P&C Insurance Co.;Florida Family Insurance Co.;First Protective Insurance Co.;Spinnaker Insurance Co.;Cypress P&C Insurance Co.;Florida Peninsula Insurance Co;Tower Hill Insurance Exchange;Kin Interinsurance Network;Unique Insurance Co.;Heritage P&C Insurance Co.;Florida Family Home Ins Co.;US Coastal P&C Insurance Co.;TypTap Insurance Co.;Homeowners Choice P&C Ins Co.;Vault E&S Insurance Co.;Edison Insurance Co.;Safe Harbor Insurance Co.;Spinnaker Specialty Ins Co.;GeoVera Specialty Insurance Co;Florida Farm Bureau Cas Ins Co;Universal North America Ins Co;QBE Specialty Insurance Co.;American Platinum P&C Ins Co.,12879143377.410242,15,36.189312511589605,7161570112.832756,130083264.51608095,1,0.9811320754716981,30275481394.229168,300194520.0,24778381659.72926,539937478.65,359958319.1,539937478.65,359958319.1,11819193852.94847,15260193852.94847,3441000000.0,1395853723.0,1395853723.0,0.0,False,14771834756.478363,14771834756.478363,0.0,1.0,10249277345.397291,4522557411.081073,2575000000.0,0.0,14,9464500000.0,9464500000.0,77
gm_then_andrew,baseline,,COMPOSITE,"{""gm_then_andrew"": 0.9314388261638364}",266548625724.76184,248273739060.65598,18274886664.105858,42319566811.500534,109447400973.85005,0.0,65935585812.56196,30571185462.743454,42319566811.500534,109447400973.85005,5811171177.585449,12463715486.520409,24.736794509174118,11.469271462052582,15.876865504907808,41.06095114024916,2.18015424457152,4.675963139044822,65935585812.56196,30571185462.743454,5811171177.585449,36,22,14,Universal P&C Insurance Co.;Florida Family Insurance Co.;First Protective Insurance Co.;Cypress P&C Insurance Co.;Florida Peninsula Insurance Co;Tower Hill Insurance Exchange;Kin Interinsurance Network;Unique Insurance Co.;Heritage P&C Insurance Co.;Florida Family Home Ins Co.;US Coastal P&C Insurance Co.;TypTap Insurance Co.;Homeowners Choice P&C Ins Co.;Vault E&S Insurance Co.;Edison Insurance Co.;Safe Harbor Insurance Co.;Spinnaker Specialty Ins Co.;GeoVera Specialty Insurance Co;Florida Farm Bureau Cas Ins Co;Universal North America Ins Co;QBE Specialty Insurance Co.;Auto Club Insurance Co. of FL;American Platinum P&C Ins Co.;Privilege Underwriters Recpl;FL Farm Bureau General Ins Co.;Castle Key Insurance Co.;Homesite Insurance Co.;PURE Specialty Exchange;State Farm FL Ins Co;AIG Property Casualty Co.;Foremost P&C Insurance Co.;ASI Preferred Insurance Corp.;Nationwide P&C Insurance Co.;ACE Ins Co. of the Midwest;Castle Key Indemnity Co.;First Liberty Insurance Corp.,Universal P&C Insurance Co.;Florida Family Insurance Co.;First Protective Insurance Co.;Cypress P&C Insurance Co.;Florida Peninsula Insurance Co;Tower Hill Insurance Exchange;Kin Interinsurance Network;Unique Insurance Co.;Heritage P&C Insurance Co.;Florida Family Home Ins Co.;US Coastal P&C Insurance Co.;TypTap Insurance Co.;Homeowners Choice P&C Ins Co.;Vault E&S Insurance Co.;Edison Insurance Co.;Safe Harbor Insurance Co.;Spinnaker Specialty Ins Co.;GeoVera Specialty Insurance Co;Florida Farm Bureau Cas Ins Co;Universal North America Ins Co;QBE Specialty Insurance Co.;American Platinum P&C Ins Co.,8813890900.041397,14,35.89838321723671,4047231874.42925,76329633.02990443,1,0.9811320754716981,18034807182.62843,303407340.0,24801503321.213795,539937478.65,359958319.1,539937478.65,359958319.1,2370171177.585449,5811171177.585449,3441000000.0,1395853723.0,1395853723.0,0.0,False,14736498401.879505,14736498401.879505,0.0,1.0,10213940990.798433,4522557411.081073,2575000000.0,0.0,14,9464500000.0,9464500000.0,78
gm_then_andrew,baseline,,COMPOSITE,"{""gm_then_andrew"": 0.6449065505918625}",266548625724.7619,171898954781.15762,94649670943.60428,27140447627.528023,105094717473.93578,0.0,33264768441.398552,6399021238.295223,27140447627.528023,105094717473.93578,29458536730.49988,65191134213.104385,12.479812398563162,2.4006956407656936,10.18217503606762,39.427971983789774,11.05184341146023,24.457501529353504,33264768441.398552,6399021238.295223,29458536730.49988,28,18,10,Universal P&C Insurance Co.;Florida Family Insurance Co.;First Protective Insurance Co.;Cypress P&C Insurance Co.;Florida Peninsula Insurance Co;Tower Hill Insurance Exchange;Kin Interinsurance Network;Heritage P&C Insurance Co.;Florida Family Home Ins Co.;US Coastal P&C Insurance Co.;TypTap Insurance Co.;Homeowners Choice P&C Ins Co.;Edison Insurance Co.;Safe Harbor Insurance Co.;GeoVera Specialty Insurance Co;Florida Farm Bureau Cas Ins Co;Universal North America Ins Co;Auto Club Insurance Co. of FL;American Platinum P&C Ins Co.;FL Farm Bureau General Ins Co.;Castle Key Insurance Co.;Homesite Insurance Co.;State Farm FL Ins Co;AIG Property Casualty Co.;ASI Preferred Insurance Corp.;ACE Ins Co. of the Midwest;Castle Key Indemnity Co.;First Liberty Insurance Corp.,Universal P&C Insurance Co.;Florida Family Insurance Co.;First Protective Insurance Co.;Cypress P&C Insurance Co.;Florida Peninsula Insurance Co;Tower Hill Insurance Exchange;Kin Interinsurance Network;Heritage P&C Insurance Co.;Florida Family Home Ins Co.;US Coastal P&C Insurance Co.;TypTap Insurance Co.;Homeowners Choice P&C Ins Co.;Edison Insurance Co.;Safe Harbor Insurance Co.;GeoVera Specialty Insurance Co;Florida Farm Bureau Cas Ins Co;Universal North America Ins Co;American Platinum P&C Ins Co.,2713282264.146529,10,35.166819401784345,1350500887.6140616,16572121.638104394,1,0.9811320754716981,5020223616.776537,311486220.0,1501690190.0678706,539937478.65,359958319.1,539937478.65,359958319.1,26017536730.49988,29458536730.49988,3441000000.0,1395853723.0,1395853723.0,0.0,False,14047059577.640085,14047059577.640085,0.0,1.0,10156353952.996641,3890705624.6434436,2086574438.5954285,0.0,13,9464500000.0,9464500000.0,79
gm_then_andrew,baseline,,COMPOSITE,"{""gm_then_andrew"": 0.6818478180759743}",266548625724.76187,181745598861.57843,84803026863.18344,41042527959.23511,76913817726.04665,0.0,46171631710.519806,17617621465.776867,41042527959.23511,76913817726.04665,26409792380.702003,58393234482.48143,17.32202954900868,6.609533783141251,15.397763859272576,28.855454616174935,9.90805797962461,21.907160212777946,46171631710.519806,17617621465.776867,26409792380.702003,30,19,11,Universal P&C Insurance Co.;Florida Family Insurance Co.;First Protective Insurance Co.;Cypress P&C Insurance Co.;Florida Peninsula Insurance Co;Tower Hill Insurance Exchange;Kin Interinsurance Network;Unique Insurance Co.;Heritage P&C Insurance Co.;Florida Family Home Ins Co.;US Coastal P&C Insurance Co.;TypTap Insurance Co.;Homeowners Choice P&C Ins Co.;Edison Insurance Co.;Safe Harbor Insurance Co.;GeoVera Specialty Insurance Co;Florida Farm Bureau Cas Ins Co;Universal North America Ins Co;Auto Club Insurance Co. of FL;American Platinum P&C Ins Co.;FL Farm Bureau General Ins Co.;Castle Key Insurance Co.;Homesite Insurance Co.;State Farm FL Ins Co;AIG Property Casualty Co.;ASI Preferred Insurance Corp.;Nationwide P&C Insurance Co.;ACE Ins Co. of the Midwest;Castle Key Indemnity Co.;First Liberty Insurance Corp.,Universal P&C Insurance Co.;Florida Family Insurance Co.;First Protective Insurance Co.;Cypress P&C Insurance Co.;Florida Peninsula Insurance Co;Tower Hill Insurance Exchange;Kin Interinsurance Network;Unique Insurance Co.;Heritage P&C Insurance Co.;Florida Family Home Ins Co.;US Coastal P&C Insurance Co.;TypTap Insurance Co.;Homeowners Choice P&C Ins Co.;Edison Insurance Co.;Safe Harbor Insurance Co.;GeoVera Specialty Insurance Co;Florida Farm Bureau Cas Ins Co;Universal North America Ins Co;American Platinum P&C Ins Co.,4924427997.883231,11,35.26242124434198,2910898326.9486675,39669043.94558965,1,0.9811320754716981,9804366142.379683,310430460.0,11904250714.96586,539937478.65,359958319.1,539937478.65,359958319.1,22968792380.702003,26409792380.702003,3441000000.0,1395853723.0,1395853723.0,0.0,False,14725110386.9873,14725110386.9873,0.0,1.0,10202552975.906229,4522557411.081073,2254457065.0264215,0.0,14,9464500000.0,9464500000.0,80
gm_then_andrew,baseline,,COMPOSITE,"{""gm_then_andrew"": 0.7423492814622965}",266548625724.76187,197872180781.5396,68676444943.22226,45644443785.72586,75523069292.90079,0.0,59711224593.75738,16993443109.155611,45644443785.72586,75523069292.90079,21416636833.64653,47259808109.57572,22.401625381259773,6.375363242991559,17.12424652785804,28.333692994120298,8.034795443200428,17.730276410569907,59711224593.75738,16993443109.155611,21416636833.64653,34,21,13,Universal P&C Insurance Co.;Florida Family Insurance Co.;First Protective Insurance Co.;Cypress P&C Insurance Co.;Florida Peninsula Insurance Co;Tower Hill Insurance Exchange;Kin Interinsurance Network;Unique Insurance Co.;Heritage P&C Insurance Co.;Florida Family Home Ins Co.;US Coastal P&C Insurance Co.;TypTap Insurance Co.;Homeowners Choice P&C Ins Co.;Vault E&S Insurance Co.;Edison Insurance Co.;Safe Harbor Insurance Co.;GeoVera Specialty Insurance Co;Florida Farm Bureau Cas Ins Co;Universal North America Ins Co;QBE Specialty Insurance Co.;Auto Club Insurance Co. of FL;American Platinum P&C Ins Co.;Privilege Underwriters Recpl;FL Farm Bureau General Ins Co.;Castle Key Insurance Co.;Homesite Insurance Co.;State Farm FL Ins Co;AIG Property Casualty Co.;Foremost P&C Insurance Co.;ASI Preferred Insurance Corp.;Nationwide P&C Insurance Co.;ACE Ins Co. of the Midwest;Castle Key Indemnity Co.;First Liberty Insurance Corp.,Universal P&C Insurance Co.;Florida Family Insurance Co.;First Protective Insurance Co.;Cypress P&C Insurance Co.;Florida Peninsula Insurance Co;Tower Hill Insurance Exchange;Kin Interinsurance Network;Unique Insurance Co.;Heritage P&C Insurance Co.;Florida Family Home Ins Co.;US Coastal P&C Insurance Co.;TypTap Insurance Co.;Homeowners Choice P&C Ins Co.;Vault E&S Insurance Co.;Edison Insurance Co.;Safe Harbor Insurance Co.;GeoVera Specialty Insurance Co;Florida Farm Bureau Cas Ins Co;Universal North America Ins Co;QBE Specialty Insurance Co.;American Platinum P&C Ins Co.,7306812937.179573,13,35.80938809441937,4214009696.0008316,41515932.46669242,1,0.9811320754716981,15217953555.182758,304390140.0,11351632222.287384,539937478.65,359958319.1,539937478.65,359958319.1,17975636833.64653,21416636833.64653,3441000000.0,1395853723.0,1395853723.0,0.0,False,14736171625.929724,14736171625.929724,0.0,1.0,10213614214.84865,4522557411.081074,2493715940.049915,0.0,14,9464500000.0,9464500000.0,81
gm_then_andrew,baseline,,COMPOSITE,"{""gm_then_andrew"": 0.8365051534083576}",266548625724.76187,222969299052.6789,43579326672.082985,41938306130.65111,72488058672.93393,0.0,76884156864.12816,31658777384.965714,41938306130.65111,72488058672.93393,13645999761.723978,29933326910.35901,28.844326867218122,11.877299047737942,15.733829434167335,27.195059991712395,5.119516082523283,11.229968576640934,76884156864.12816,31658777384.965714,13645999761.723978,38,23,15,Universal P&C Insurance Co.;Florida Family Insurance Co.;First Protective Insurance Co.;Spinnaker Insurance Co.;Cypress P&C Insurance Co.;Florida Peninsula Insurance Co;Tower Hill Insurance Exchange;Kin Interinsurance Network;Unique Insurance Co.;Heritage P&C Insurance Co.;Florida Family Home Ins Co.;US Coastal P&C Insurance Co.;TypTap Insurance Co.;Homeowners Choice P&C Ins Co.;Vault E&S Insurance Co.;Edison Insurance Co.;Safe Harbor Insurance Co.;Spinnaker Specialty Ins Co.;GeoVera Specialty Insurance Co;Florida Farm Bureau Cas Ins Co;Universal North America Ins Co;QBE Specialty Insurance Co.;Auto Club Insurance Co. of FL;American Platinum P&C Ins Co.;Privilege Underwriters Recpl;FL Farm Bureau General Ins Co.;Castle Key Insurance Co.;Chubb Custom Insurance Co.;Homesite Insurance Co.;PURE Specialty Exchange;State Farm FL Ins Co;AIG Property Casualty Co.;Foremost P&C Insurance Co.;ASI Preferred Insurance Corp.;Nationwide P&C Insurance Co.;ACE Ins Co. of the Midwest;Castle Key Indemnity Co.;First Liberty Insurance Corp.,Universal P&C Insurance Co.;Florida Family Insurance Co.;First Protective Insurance Co.;Spinnaker Insurance Co.;Cypress P&C Insurance Co.;Florida Peninsula Insurance Co;Tower Hill Insurance Exchange;Kin Interinsurance Network;Unique Insurance Co.;Heritage P&C Insurance Co.;Florida Family Home Ins Co.;US Coastal P&C Insurance Co.;TypTap Insurance Co.;Homeowners Choice P&C Ins Co.;Vault E&S Insurance Co.;Edison Insurance Co.;Safe Harbor Insurance Co.;Spinnaker Specialty Ins Co.;GeoVera Specialty Insurance Co;Florida Farm Bureau Cas Ins Co;Universal North America Ins Co;QBE Specialty Insurance Co.;American Platinum P&C Ins Co.,9696063691.665585,15,36.189312511589605,5578606170.574141,90377750.57617961,1,0.9811320754716981,23751885242.066883,300194520.0,25920936277.797787,539937478.65,359958319.1,539937478.65,359958319.1,10204999761.723978,13645999761.723978,3441000000.0,1395853723.0,1395853723.0,0.0,False,14758486819.40144,14758486819.40144,0.0,1.0,10235929408.320368,4522557411.081073,2575000000.0,0.0,14,9464500000.0,9464500000.0,82
gm_then_andrew,baseline,,COMPOSITE,"{""gm_then_andrew"": 0.6821203291308716}",266548625724.76187,181818236308.7561,84730389416.00577,32693978612.125774,67360492675.3785,0.0,61975225815.156624,19788539206.095192,32693978612.125774,67360492675.3785,26387302179.486446,58343087236.51931,23.25100181876467,7.423988456998776,12.265671422326363,25.27137121499735,9.899620419252875,21.88834666765995,61975225815.156624,19788539206.095192,26387302179.486446,35,22,13,Universal P&C Insurance Co.;Florida Family Insurance Co.;First Protective Insurance Co.;Cypress P&C Insurance Co.;Florida Peninsula Insurance Co;Tower Hill Insurance Exchange;Kin Interinsurance Network;Unique Insurance Co.;Heritage P&C Insurance Co.;Florida Family Home Ins Co.;US Coastal P&C Insurance Co.;TypTap Insurance Co.;Homeowners Choice P&C Ins Co.;Vault E&S Insurance Co.;Edison Insurance Co.;Safe Harbor Insurance Co.;Spinnaker Specialty Ins Co.;GeoVera Specialty Insurance Co;Florida Farm Bureau Cas Ins Co;Universal North America Ins Co;QBE Specialty Insurance Co.;Auto Club Insurance Co. of FL;American Platinum P&C Ins Co.;FL Farm Bureau General Ins Co.;Castle Key Insurance Co.;Homesite Insurance Co.;PURE Specialty Exchange;State Farm FL Ins Co;AIG Property Casualty Co.;Foremost P&C Insurance Co.;ASI Preferred Insurance Corp.;Nationwide P&C Insurance Co.;ACE Ins Co. of the Midwest;Castle Key Indemnity Co.;First Liberty Insurance Corp.,Universal P&C Insurance Co.;Florida Family Insurance Co.;First Protective Insurance Co.;Cypress P&C Insurance Co.;Florida Peninsula Insurance Co;Tower Hill Insurance Exchange;Kin Interinsurance Network;Unique Insurance Co.;Heritage P&C Insurance Co.;Florida Family Home Ins Co.;US Coastal P&C Insurance Co.;TypTap Insurance Co.;Homeowners Choice P&C Ins Co.;Vault E&S Insurance Co.;Edison Insurance Co.;Safe Harbor Insurance Co.;Spinnaker Specialty Ins Co.;GeoVera Specialty Insurance Co;Florida Farm Bureau Cas Ins Co;Universal North America Ins Co;QBE Specialty Insurance Co.;American Platinum P&C Ins Co.,8283301952.321016,13,35.89838321723671,4722316308.2656975,62582359.62689458,1,0.9811320754716981,16955092875.12775,303407340.0,14117796430.634998,539937478.65,359958319.1,539937478.65,359958319.1,22946302179.486446,26387302179.486446,3441000000.0,1395853723.0,1395853723.0,0.0,False,14745563723.165173,14745563723.165173,0.0,1.0,10223006312.084099,4522557411.081074,2526806412.184858,0.0,14,9464500000.0,9464500000.0,83
gm_then_andrew,baseline,,COMPOSITE,"{""gm_then_andrew"": 0.868044671010031}",266548625724.76187,231376114125.42685,35172511599.33503,29140650279.44889,106524701047.88707,0.0,71383700343.64264,24327062454.44823,29140650279.44889,106524701047.88707,11043059131.03749,24129452468.29754,26.78074221900264,9.126688381266824,10.932583201362863,39.96445329937078,4.142981079347434,9.052551819649453,71383700343.64264,24327062454.44823,11043059131.03749,37,23,14,Universal P&C Insurance Co.;Florida Family Insurance Co.;First Protective Insurance Co.;Spinnaker Insurance Co.;Cypress P&C Insurance Co.;Florida Peninsula Insurance Co;Tower Hill Insurance Exchange;Kin Interinsurance Network;Unique Insurance Co.;Heritage P&C Insurance Co.;Florida Family Home Ins Co.;US Coastal P&C Insurance Co.;TypTap Insurance Co.;Homeowners Choice P&C Ins Co.;Vault E&S Insurance Co.;Edison Insurance Co.;Safe Harbor Insurance Co.;Spinnaker Specialty Ins Co.;GeoVera Specialty Insurance Co;Florida Farm Bureau Cas Ins Co;Universal North America Ins Co;QBE Specialty Insurance Co.;Auto Club Insurance Co. of FL;American Platinum P&C Ins Co.;Privilege Underwriters Recpl;FL Farm Bureau General Ins Co.;Castle Key Insurance Co.;Homesite Insurance Co.;PURE Specialty Exchange;State Farm FL Ins Co;AIG Property Casualty Co.;Foremost P&C Insurance Co.;ASI Preferred Insurance Corp.;Nationwide P&C Insurance Co.;ACE Ins Co. of the Midwest;Castle Key Indemnity Co.;First Liberty Insurance Corp.,Universal P&C Insurance Co.;Florida Family Insurance Co.;First Protective Insurance Co.;Spinnaker Insurance Co.;Cypress P&C Insurance Co.;Florida Peninsula Insurance Co;Tower Hill Insurance Exchange;Kin Interinsurance Network;Unique Insurance Co.;Heritage P&C Insurance Co.;Florida Family Home Ins Co.;US Coastal P&C Insurance Co.;TypTap Insurance Co.;Homeowners Choice P&C Ins Co.;Vault E&S Insurance Co.;Edison Insurance Co.;Safe Harbor Insurance Co.;Spinnaker Specialty Ins Co.;GeoVera Specialty Insurance Co;Florida Farm Bureau Cas Ins Co;Universal North America Ins Co;QBE Specialty Insurance Co.;American Platinum P&C Ins Co.,9119508183.554415,14,36.189312511589605,3661143616.286589,85100911.90265322,1,0.9811320754716981,19612118199.531548,300194520.0,18637996443.152843,539937478.65,359958319.1,539937478.65,359958319.1,7602059131.037491,11043059131.03749,3441000000.0,1395853723.0,1395853723.0,0.0,False,14743493793.221699,14743493793.221699,0.0,1.0,10220936382.140625,4522557411.081074,2528901719.689208,0.0,14,9464500000.0,9464500000.0,84
gm_then_andrew,baseline,,COMPOSITE,"{""gm_then_andrew"": 0.7046379779772549}",266548625724.76184,187820284663.31232,78728341061.44952,45256249749.23346,64769297595.42396,0.0,54135461441.140335,23659275877.514587,45256249749.23346,64769297595.42396,24528931869.895145,54199409191.554375,20.30978823992911,8.876157516544527,16.978609297338892,24.29924274391298,9.202422936227675,20.333779266046825,54135461441.140335,23659275877.514587,24528931869.895145,34,23,11,Universal P&C Insurance Co.;Florida Family Insurance Co.;First Protective Insurance Co.;Cypress P&C Insurance Co.;Florida Peninsula Insurance Co;Tower Hill Insurance Exchange;Kin Interinsurance Network;Unique Insurance Co.;Heritage P&C Insurance Co.;Florida Family Home Ins Co.;US Coastal P&C Insurance Co.;TypTap Insurance Co.;Homeowners Choice P&C Ins Co.;Vault E&S Insurance Co.;Edison Insurance Co.;Safe Harbor Insurance Co.;Spinnaker Specialty Ins Co.;GeoVera Specialty Insurance Co;Florida Farm Bureau Cas Ins Co;Universal North America Ins Co;QBE Specialty Insurance Co.;Auto Club Insurance Co. of FL;American Platinum P&C Ins Co.;FL Farm Bureau General Ins Co.;Castle Key Insurance Co.;Homesite Insurance Co.;PURE Specialty Exchange;State Farm FL Ins Co;AIG Property Casualty Co.;ASI Preferred Insurance Corp.;Nationwide P&C Insurance Co.;ACE Ins Co. of the Midwest;Castle Key Indemnity Co.;First Liberty Insurance Corp.,Universal P&C Insurance Co.;Florida Family Insurance Co.;First Protective Insurance Co.;Cypress P&C Insurance Co.;Florida Peninsula Insurance Co;Tower Hill Insurance Exchange;Kin Interinsurance Network;Unique Insurance Co.;Heritage P&C Insurance Co.;Florida Family Home Ins Co.;US Coastal P&C Insurance Co.;TypTap Insurance Co.;Homeowners Choice P&C Ins Co.;Vault E&S Insurance Co.;Edison Insurance Co.;Safe Harbor Insurance Co.;Spinnaker Specialty Ins Co.;GeoVera Specialty Insurance Co;Florida Farm Bureau Cas Ins Co;Universal North America Ins Co;QBE Specialty Insurance Co.;American Platinum P&C Ins Co.;Castle Key Indemnity Co.,6343715078.38556,12,37.63650469101551,2856137253.6930695,60558712.24064183,1,0.9811320754716981,13456356231.038176,284212740.0,17906047159.72696,539937478.65,359958319.1,539937478.65,359958319.1,21087931869.895145,24528931869.895145,3441000000.0,1395853723.0,1395853723.0,0.0,False,14733771305.139105,14733771305.139105,0.0,1.0,10211213894.058033,4522557411.081072,2316665097.2153482,0.0,14,9464500000.0,9464500000.0,85
gm_then_andrew,baseline,,COMPOSITE,"{""gm_then_andrew"": 0.8030034815139903}",266548625724.76184,214039474449.75336,52509151275.00847,29529497314.391,79979296786.29668,0.0,80187066183.21898,24343614165.846725,29529497314.391,79979296786.29668,16410876005.904379,36098275269.1041,30.083466371355506,9.132898021760557,11.078465414743185,30.005518343539805,6.1568038331776105,13.542848015423342,80187066183.21898,24343614165.846725,16410876005.904379,38,23,15,Universal P&C Insurance Co.;Florida Family Insurance Co.;First Protective Insurance Co.;Spinnaker Insurance Co.;Cypress P&C Insurance Co.;Florida Peninsula Insurance Co;Tower Hill Insurance Exchange;Kin Interinsurance Network;Unique Insurance Co.;Heritage P&C Insurance Co.;Florida Family Home Ins Co.;US Coastal P&C Insurance Co.;TypTap Insurance Co.;Homeowners Choice P&C Ins Co.;Vault E&S Insurance Co.;Edison Insurance Co.;Safe Harbor Insurance Co.;Spinnaker Specialty Ins Co.;GeoVera Specialty Insurance Co;Florida Farm Bureau Cas Ins Co;Universal North America Ins Co;QBE Specialty Insurance Co.;Auto Club Insurance Co. of FL;American Platinum P&C Ins Co.;Privilege Underwriters Recpl;FL Farm Bureau General Ins Co.;Castle Key Insurance Co.;Chubb Custom Insurance Co.;Homesite Insurance Co.;PURE Specialty Exchange;State Farm FL Ins Co;AIG Property Casualty Co.;Foremost P&C Insurance Co.;ASI Preferred Insurance Corp.;Nationwide P&C Insurance Co.;ACE Ins Co. of the Midwest;Castle Key Indemnity Co.;First Liberty Insurance Corp.,Universal P&C Insurance Co.;Florida Family Insurance Co.;First Protective Insurance Co.;Spinnaker Insurance Co.;Cypress P&C Insurance Co.;Florida Peninsula Insurance Co;Tower Hill Insurance Exchange;Kin Interinsurance Network;Unique Insurance Co.;Heritage P&C Insurance Co.;Florida Family Home Ins Co.;US Coastal P&C Insurance Co.;TypTap Insurance Co.;Homeowners Choice P&C Ins Co.;Vault E&S Insurance Co.;Edison Insurance Co.;Safe Harbor Insurance Co.;Spinnaker Specialty Ins Co.;GeoVera Specialty Insurance Co;Florida Farm Bureau Cas Ins Co;Universal North America Ins Co;QBE Specialty Insurance Co.;American Platinum P&C Ins Co.,11054172561.009855,15,36.189312511589605,5465589813.445302,105755845.93129112,1,0.9811320754716981,24731070300.69513,300194520.0,18680464371.218365,539937478.65,359958319.1,539937478.65,359958319.1,12969876005.904379,16410876005.904379,3441000000.0,1395853723.0,1395853723.0,0.0,False,14770570993.422176,14770570993.422176,0.0,1.0,10248013582.341103,4522557411.081074,2529029777.035754,0.0,14,9464500000.0,9464500000.0,86
gm_then_andrew,baseline,,COMPOSITE,"{""gm_then_andrew"": 0.8171606978300013}",266548625724.76187,217813061002.8743,48735564721.88757,67128076205.78776,93166918327.3158,0.0,44943543251.818634,12574523217.95211,67128076205.78776,93166918327.3158,15242488016.215929,33493076705.671646,16.86129243008266,4.71753444001492,25.184176441826494,34.95306647107607,5.7184643045037955,12.565465912496057,44943543251.818634,12574523217.95211,15242488016.215929,32,20,12,Universal P&C Insurance Co.;Florida Family Insurance Co.;First Protective Insurance Co.;Cypress P&C Insurance Co.;Florida Peninsula Insurance Co;Tower Hill Insurance Exchange;Kin Interinsurance Network;Heritage P&C Insurance Co.;Florida Family Home Ins Co.;US Coastal P&C Insurance Co.;TypTap Insurance Co.;Homeowners Choice P&C Ins Co.;Vault E&S Insurance Co.;Edison Insurance Co.;Safe Harbor Insurance Co.;GeoVera Specialty Insurance Co;Florida Farm Bureau Cas Ins Co;Universal North America Ins Co;QBE Specialty Insurance Co.;Auto Club Insurance Co. of FL;American Platinum P&C Ins Co.;FL Farm Bureau General Ins Co.;Castle Key Insurance Co.;Homesite Insurance Co.;State Farm FL Ins Co;AIG Property Casualty Co.;Foremost P&C Insurance Co.;ASI Preferred Insurance Corp.;Nationwide P&C Insurance Co.;ACE Ins Co. of the Midwest;Castle Key Indemnity Co.;First Liberty Insurance Corp.,Universal P&C Insurance Co.;Florida Family Insurance Co.;First Protective Insurance Co.;Cypress P&C Insurance Co.;Florida Peninsula Insurance Co;Tower Hill Insurance Exchange;Kin Interinsurance Network;Heritage P&C Insurance Co.;Florida Family Home Ins Co.;US Coastal P&C Insurance Co.;TypTap Insurance Co.;Homeowners Choice P&C Ins Co.;Vault E&S Insurance Co.;Edison Insurance Co.;Safe Harbor Insurance Co.;GeoVera Specialty Insurance Co;Florida Farm Bureau Cas Ins Co;Universal North America Ins Co;QBE Specialty Insurance Co.;American Platinum P&C Ins Co.,5133452525.117154,12,35.71378625186174,2987774649.8826227,22658664.683428206,1,0.9811320754716981,9770087869.657892,305445900.0,6947003407.618323,539937478.65,359958319.1,539937478.65,359958319.1,11801488016.215929,15242488016.215929,3441000000.0,1395853723.0,1395853723.0,0.0,False,14719079871.3936,14719079871.3936,0.0,1.0,10196522460.312527,4522557411.081074,2088187257.1330218,0.0,14,9464500000.0,9464500000.0,87
gm_then_andrew,baseline,,COMPOSITE,"{""gm_then_andrew"": 0.7757611707027519}",266548625724.76184,206778073941.45093,59770551783.31091,19970188746.84914,104022082126.25754,0.0,62724709234.85403,20061093833.49023,19970188746.84914,104022082126.25754,18659170307.038532,41111381476.272385,23.532182566802494,7.526241705033332,7.4921372010637795,39.0255555973756,7.000287567157069,15.42359536256773,62724709234.85403,20061093833.49023,18659170307.038532,34,21,13,Universal P&C Insurance Co.;Florida Family Insurance Co.;First Protective Insurance Co.;Cypress P&C Insurance Co.;Florida Peninsula Insurance Co;Tower Hill Insurance Exchange;Kin Interinsurance Network;Unique Insurance Co.;Heritage P&C Insurance Co.;Florida Family Home Ins Co.;US Coastal P&C Insurance Co.;TypTap Insurance Co.;Homeowners Choice P&C Ins Co.;Vault E&S Insurance Co.;Edison Insurance Co.;Safe Harbor Insurance Co.;GeoVera Specialty Insurance Co;Florida Farm Bureau Cas Ins Co;Universal North America Ins Co;QBE Specialty Insurance Co.;Auto Club Insurance Co. of FL;American Platinum P&C Ins Co.;FL Farm Bureau General Ins Co.;Castle Key Insurance Co.;Homesite Insurance Co.;PURE Specialty Exchange;State Farm FL Ins Co;AIG Property Casualty Co.;Foremost P&C Insurance Co.;ASI Preferred Insurance Corp.;Nationwide P&C Insurance Co.;ACE Ins Co. of the Midwest;Castle Key Indemnity Co.;First Liberty Insurance Corp.,Universal P&C Insurance Co.;Florida Family Insurance Co.;First Protective Insurance Co.;Cypress P&C Insurance Co.;Florida Peninsula Insurance Co;Tower Hill Insurance Exchange;Kin Interinsurance Network;Unique Insurance Co.;Heritage P&C Insurance Co.;Florida Family Home Ins Co.;US Coastal P&C Insurance Co.;TypTap Insurance Co.;Homeowners Choice P&C Ins Co.;Vault E&S Insurance Co.;Edison Insurance Co.;Safe Harbor Insurance Co.;GeoVera Specialty Insurance Co;Florida Farm Bureau Cas Ins Co;Universal North America Ins Co;QBE Specialty Insurance Co.;American Platinum P&C Ins Co.,8173555163.145788,13,35.80938809441937,4442430243.175604,73574535.55344084,1,0.9811320754716981,16885027400.397884,304390140.0,14389711081.176176,539937478.65,359958319.1,539937478.65,359958319.1,15218170307.038532,18659170307.038532,3441000000.0,1395853723.0,1395853723.0,0.0,False,14746451597.860718,14746451597.860718,0.0,1.0,10223894186.779644,4522557411.081073,2493678149.2460327,0.0,14,9464500000.0,9464500000.0,88
gm_then_andrew,baseline,,COMPOSITE,"{""gm_then_andrew"": 0.7838641376511988}",266548625724.76184,208937908645.8526,57610717078.90923,29857588325.769814,81142997762.7751,0.0,68151468332.87637,29785854224.43134,29857588325.769814,81142997762.7751,17990436492.98353,39620280585.92571,25.568118442767584,11.174641828837721,11.201554029620384,30.442099463894206,6.749401331207934,14.86418490367218,68151468332.87637,29785854224.43134,17990436492.98353,35,22,13,Universal P&C Insurance Co.;Florida Family Insurance Co.;First Protective Insurance Co.;Spinnaker Insurance Co.;Cypress P&C Insurance Co.;Florida Peninsula Insurance Co;Tower Hill Insurance Exchange;Kin Interinsurance Network;Unique Insurance Co.;Heritage P&C Insurance Co.;Florida Family Home Ins Co.;US Coastal P&C Insurance Co.;TypTap Insurance Co.;Homeowners Choice P&C Ins Co.;Vault E&S Insurance Co.;Edison Insurance Co.;Safe Harbor Insurance Co.;GeoVera Specialty Insurance Co;Florida Farm Bureau Cas Ins Co;Universal North America Ins Co;QBE Specialty Insurance Co.;Auto Club Insurance Co. of FL;American Platinum P&C Ins Co.;FL Farm Bureau General Ins Co.;Castle Key Insurance Co.;Homesite Insurance Co.;PURE Specialty Exchange;State Farm FL Ins Co;AIG Property Casualty Co.;Foremost P&C Insurance Co.;ASI Preferred Insurance Corp.;Nationwide P&C Insurance Co.;ACE Ins Co. of the Midwest;Castle Key Indemnity Co.;First Liberty Insurance Corp.,Universal P&C Insurance Co.;Florida Family Insurance Co.;First Protective Insurance Co.;Spinnaker Insurance Co.;Cypress P&C Insurance Co.;Florida Peninsula Insurance Co;Tower Hill Insurance Exchange;Kin Interinsurance Network;Unique Insurance Co.;Heritage P&C Insurance Co.;Florida Family Home Ins Co.;US Coastal P&C Insurance Co.;TypTap Insurance Co.;Homeowners Choice P&C Ins Co.;Vault E&S Insurance Co.;Edison Insurance Co.;Safe Harbor Insurance Co.;GeoVera Specialty Insurance Co;Florida Farm Bureau Cas Ins Co;Universal North America Ins Co;QBE Specialty Insurance Co.;American Platinum P&C Ins Co.,8811855265.46586,13,36.10031738877226,4947014030.249314,56727743.459909394,1,0.9811320754716981,19612308225.705338,301177320.0,24032424928.236847,539937478.65,359958319.1,539937478.65,359958319.1,14549436492.983528,17990436492.98353,3441000000.0,1395853723.0,1395853723.0,0.0,False,14737978018.81248,14737978018.81248,0.0,1.0,10215420607.731407,4522557411.081073,2453175129.3690677,0.0,14,9464500000.0,9464500000.0,89
gm_then_andrew,baseline,,COMPOSITE,"{""gm_then_andrew"": 0.8378581712619195}",266548625724.76184,223329944102.12683,43218681622.63502,45785304979.5123,70931368067.5621,0.0,87521267985.4361,19092003069.616383,45785304979.5123,70931368067.5621,13534335874.23023,29684345748.404785,32.83501002770525,7.162671733048359,17.17709286814715,26.611042497291226,5.077623580849292,11.136559292958744,87521267985.4361,19092003069.616383,13534335874.23023,39,23,16,Universal P&C Insurance Co.;Florida Family Insurance Co.;First Protective Insurance Co.;Spinnaker Insurance Co.;Cypress P&C Insurance Co.;Florida Peninsula Insurance Co;Tower Hill Insurance Exchange;Kin Interinsurance Network;Unique Insurance Co.;Heritage P&C Insurance Co.;Florida Family Home Ins Co.;US Coastal P&C Insurance Co.;TypTap Insurance Co.;Homeowners Choice P&C Ins Co.;Vault E&S Insurance Co.;Edison Insurance Co.;Safe Harbor Insurance Co.;Spinnaker Specialty Ins Co.;GeoVera Specialty Insurance Co;Florida Farm Bureau Cas Ins Co;Universal North America Ins Co;QBE Specialty Insurance Co.;Auto Club Insurance Co. of FL;American Platinum P&C Ins Co.;Privilege Underwriters Recpl;FL Farm Bureau General Ins Co.;Castle Key Insurance Co.;Chubb Custom Insurance Co.;Homesite Insurance Co.;Farmers Casualty Ins Co.;PURE Specialty Exchange;State Farm FL Ins Co;AIG Property Casualty Co.;Foremost P&C Insurance Co.;ASI Preferred Insurance Corp.;Nationwide P&C Insurance Co.;ACE Ins Co. of the Midwest;Castle Key Indemnity Co.;First Liberty Insurance Corp.,Universal P&C Insurance Co.;Florida Family Insurance Co.;First Protective Insurance Co.;Spinnaker Insurance Co.;Cypress P&C Insurance Co.;Florida Peninsula Insurance Co;Tower Hill Insurance Exchange;Kin Interinsurance Network;Unique Insurance Co.;Heritage P&C Insurance Co.;Florida Family Home Ins Co.;US Coastal P&C Insurance Co.;TypTap Insurance Co.;Homeowners Choice P&C Ins Co.;Vault E&S Insurance Co.;Edison Insurance Co.;Safe Harbor Insurance Co.;Spinnaker Specialty Ins Co.;GeoVera Specialty Insurance Co;Florida Farm Bureau Cas Ins Co;Universal North America Ins Co;QBE Specialty Insurance Co.;American Platinum P&C Ins Co.,13043193163.51002,16,36.189312511589605,6359498917.105254,77889586.77277881,1,0.9811320754716981,26028852017.274216,300194520.0,13496648593.329424,539937478.65,359958319.1,539937478.65,359958319.1,10093335874.23023,13534335874.23023,3441000000.0,1395853723.0,1395853723.0,0.0,False,14764923142.533909,14764923142.533909,0.0,1.0,10242365731.452835,4522557411.081073,2575000000.0,0.0,14,9464500000.0,9464500000.0,90
gm_then_andrew,baseline,,COMPOSITE,"{""gm_then_andrew"": 0.7592028070363048}",266548625724.76184,202364464861.90863,64184160862.8532,43992318300.514145,77794299986.91391,0.0,64017903930.59366,16559942643.886934,43992318300.514145,77794299986.91391,20025723787.957695,44158437074.895515,24.01734533671862,6.212728577706769,16.50442510476142,29.18578168444369,7.512972064105204,16.566747232264305,64017903930.59366,16559942643.886934,20025723787.957695,36,23,13,Universal P&C Insurance Co.;Florida Family Insurance Co.;First Protective Insurance Co.;Spinnaker Insurance Co.;Cypress P&C Insurance Co.;Florida Peninsula Insurance Co;Tower Hill Insurance Exchange;Kin Interinsurance Network;Unique Insurance Co.;Heritage P&C Insurance Co.;Florida Family Home Ins Co.;US Coastal P&C Insurance Co.;TypTap Insurance Co.;Homeowners Choice P&C Ins Co.;Vault E&S Insurance Co.;Edison Insurance Co.;Safe Harbor Insurance Co.;Spinnaker Specialty Ins Co.;GeoVera Specialty Insurance Co;Florida Farm Bureau Cas Ins Co;Universal North America Ins Co;QBE Specialty Insurance Co.;Auto Club Insurance Co. of FL;American Platinum P&C Ins Co.;FL Farm Bureau General Ins Co.;Castle Key Insurance Co.;Homesite Insurance Co.;PURE Specialty Exchange;State Farm FL Ins Co;AIG Property Casualty Co.;Foremost P&C Insurance Co.;ASI Preferred Insurance Corp.;Nationwide P&C Insurance Co.;ACE Ins Co. of the Midwest;Castle Key Indemnity Co.;First Liberty Insurance Corp.,Universal P&C Insurance Co.;Florida Family Insurance Co.;First Protective Insurance Co.;Spinnaker Insurance Co.;Cypress P&C Insurance Co.;Florida Peninsula Insurance Co;Tower Hill Insurance Exchange;Kin Interinsurance Network;Unique Insurance Co.;Heritage P&C Insurance Co.;Florida Family Home Ins Co.;US Coastal P&C Insurance Co.;TypTap Insurance Co.;Homeowners Choice P&C Ins Co.;Vault E&S Insurance Co.;Edison Insurance Co.;Safe Harbor Insurance Co.;Spinnaker Specialty Ins Co.;GeoVera Specialty Insurance Co;Florida Farm Bureau Cas Ins Co;Universal North America Ins Co;QBE Specialty Insurance Co.;American Platinum P&C Ins Co.,7206131416.339282,13,36.189312511589605,4506946275.644793,74047747.12335566,1,0.9811320754716981,17537111919.362347,300194520.0,10938204915.604662,539937478.65,359958319.1,539937478.65,359958319.1,16584723787.957695,20025723787.957695,3441000000.0,1395853723.0,1395853723.0,0.0,False,14738563423.481758,14738563423.481758,0.0,1.0,10216006012.400686,4522557411.081073,2575000000.0,0.0,14,9464500000.0,9464500000.0,91
gm_then_andrew,baseline,,COMPOSITE,"{""gm_then_andrew"": 0.8033681530351215}",266548625724.76187,214136677142.55188,52411948582.20999,45525791733.16544,143683980470.41202,0.0,20097320144.806923,4829584794.167534,45525791733.16544,143683980470.41202,16380779847.453424,36031168734.75658,7.539832587829366,1.8118963401276598,17.07973230376936,53.90535407178581,6.145512775732042,13.517671920755788,20097320144.806923,4829584794.167534,16380779847.453424,19,12,7,Universal P&C Insurance Co.;Florida Family Insurance Co.;First Protective Insurance Co.;Cypress P&C Insurance Co.;Tower Hill Insurance Exchange;Kin Interinsurance Network;Florida Family Home Ins Co.;TypTap Insurance Co.;Homeowners Choice P&C Ins Co.;Edison Insurance Co.;Safe Harbor Insurance Co.;GeoVera Specialty Insurance Co;FL Farm Bureau General Ins Co.;Homesite Insurance Co.;State Farm FL Ins Co;AIG Property Casualty Co.;ASI Preferred Insurance Corp.;Castle Key Indemnity Co.;First Liberty Insurance Corp.,Universal P&C Insurance Co.;Florida Family Insurance Co.;First Protective Insurance Co.;Cypress P&C Insurance Co.;Tower Hill Insurance Exchange;Kin Interinsurance Network;Florida Family Home Ins Co.;TypTap Insurance Co.;Homeowners Choice P&C Ins Co.;Edison Insurance Co.;Safe Harbor Insurance Co.;GeoVera Specialty Insurance Co,729206744.081736,7,28.525995730733356,218933671.30094993,0.0,0,1.0,743770253.3979759,384822840.0,1394672098.4441185,539937478.65,359958319.1,539937478.65,359958319.1,12939779847.453424,16380779847.453424,3441000000.0,1395853723.0,1395853723.0,0.0,False,11208595603.334543,11208595603.334543,0.0,1.0,8871632058.37751,2336963544.9570327,1689153559.8781385,0.0,13,9464500000.0,9464500000.0,92
gm_then_andrew,baseline,,COMPOSITE,"{""gm_then_andrew"": 0.6900380575823134}",266548625724.7619,183928695946.3498,82619929778.4121,29956782770.286438,73114497877.8958,0.0,59740830193.47215,21116585104.69538,29956782770.286438,73114497877.8958,25733856006.045067,56886073772.367035,22.41273239771288,7.922226215677572,11.238768419395196,27.4300787254457,9.654469587330698,21.341724654437947,59740830193.47215,21116585104.69538,25733856006.045067,35,22,13,Universal P&C Insurance Co.;Florida Family Insurance Co.;First Protective Insurance Co.;Spinnaker Insurance Co.;Cypress P&C Insurance Co.;Florida Peninsula Insurance Co;Tower Hill Insurance Exchange;Kin Interinsurance Network;Unique Insurance Co.;Heritage P&C Insurance Co.;Florida Family Home Ins Co.;US Coastal P&C Insurance Co.;TypTap Insurance Co.;Homeowners Choice P&C Ins Co.;Edison Insurance Co.;Safe Harbor Insurance Co.;Spinnaker Specialty Ins Co.;GeoVera Specialty Insurance Co;Florida Farm Bureau Cas Ins Co;Universal North America Ins Co;QBE Specialty Insurance Co.;Auto Club Insurance Co. of FL;American Platinum P&C Ins Co.;FL Farm Bureau General Ins Co.;Castle Key Insurance Co.;Homesite Insurance Co.;PURE Specialty Exchange;State Farm FL Ins Co;AIG Property Casualty Co.;Foremost P&C Insurance Co.;ASI Preferred Insurance Corp.;Nationwide P&C Insurance Co.;ACE Ins Co. of the Midwest;Castle Key Indemnity Co.;First Liberty Insurance Corp.,Universal P&C Insurance Co.;Florida Family Insurance Co.;First Protective Insurance Co.;Spinnaker Insurance Co.;Cypress P&C Insurance Co.;Florida Peninsula Insurance Co;Tower Hill Insurance Exchange;Kin Interinsurance Network;Unique Insurance Co.;Heritage P&C Insurance Co.;Florida Family Home Ins Co.;US Coastal P&C Insurance Co.;TypTap Insurance Co.;Homeowners Choice P&C Ins Co.;Edison Insurance Co.;Safe Harbor Insurance Co.;Spinnaker Specialty Ins Co.;GeoVera Specialty Insurance Co;Florida Farm Bureau Cas Ins Co;Universal North America Ins Co;QBE Specialty Insurance Co.;American Platinum P&C Ins Co.,6980420118.130899,13,35.93756715043322,4520311106.842966,61205477.99198598,1,0.9811320754716981,15753798133.85666,302974620.0,15420597571.034698,539937478.65,359958319.1,539937478.65,359958319.1,22292856006.045067,25733856006.045067,3441000000.0,1395853723.0,1395853723.0,0.0,False,14732294813.538807,14732294813.538807,0.0,1.0,10209737402.457733,4522557411.081073,2403227441.9640245,0.0,14,9464500000.0,9464500000.0,93
gm_then_andrew,baseline,,COMPOSITE,"{""gm_then_andrew"": 0.7553234776110024}",266548625724.76184,201330434934.86066,65218190789.9012,45466877899.31058,75131771780.4414,0.0,63014182788.24567,17717602466.86302,45466877899.31058,75131771780.4414,20345882907.335022,44872307882.566185,23.640783221787878,6.647043262251977,17.05762983233674,28.186891444723667,7.63308490224376,16.834567336655994,63014182788.24567,17717602466.86302,20345882907.335022,37,23,14,Universal P&C Insurance Co.;Florida Family Insurance Co.;First Protective Insurance Co.;Spinnaker Insurance Co.;Cypress P&C Insurance Co.;Florida Peninsula Insurance Co;Tower Hill Insurance Exchange;Kin Interinsurance Network;Unique Insurance Co.;Heritage P&C Insurance Co.;Florida Family Home Ins Co.;US Coastal P&C Insurance Co.;TypTap Insurance Co.;Homeowners Choice P&C Ins Co.;Vault E&S Insurance Co.;Edison Insurance Co.;Safe Harbor Insurance Co.;Spinnaker Specialty Ins Co.;GeoVera Specialty Insurance Co;Florida Farm Bureau Cas Ins Co;Universal North America Ins Co;QBE Specialty Insurance Co.;Auto Club Insurance Co. of FL;American Platinum P&C Ins Co.;Privilege Underwriters Recpl;FL Farm Bureau General Ins Co.;Castle Key Insurance Co.;Homesite Insurance Co.;PURE Specialty Exchange;State Farm FL Ins Co;AIG Property Casualty Co.;Foremost P&C Insurance Co.;ASI Preferred Insurance Corp.;Nationwide P&C Insurance Co.;ACE Ins Co. of the Midwest;Castle Key Indemnity Co.;First Liberty Insurance Corp.,Universal P&C Insurance Co.;Florida Family Insurance Co.;First Protective Insurance Co.;Spinnaker Insurance Co.;Cypress P&C Insurance Co.;Florida Peninsula Insurance Co;Tower Hill Insurance Exchange;Kin Interinsurance Network;Unique Insurance Co.;Heritage P&C Insurance Co.;Florida Family Home Ins Co.;US Coastal P&C Insurance Co.;TypTap Insurance Co.;Homeowners Choice P&C Ins Co.;Vault E&S Insurance Co.;Edison Insurance Co.;Safe Harbor Insurance Co.;Spinnaker Specialty Ins Co.;GeoVera Specialty Insurance Co;Florida Farm Bureau Cas Ins Co;Universal North America Ins Co;QBE Specialty Insurance Co.;American Platinum P&C Ins Co.,7959802330.956277,14,36.189312511589605,4222313146.360525,66748975.1823806,1,0.9811320754716981,16931824256.85572,300194520.0,12077222477.086527,539937478.65,359958319.1,539937478.65,359958319.1,16904882907.335022,20345882907.335022,3441000000.0,1395853723.0,1395853723.0,0.0,False,14734393615.554195,14734393615.554195,0.0,1.0,10211836204.473124,4522557411.081073,2561851835.697878,0.0,14,9464500000.0,9464500000.0,94
gm_then_andrew,baseline,,COMPOSITE,"{""gm_then_andrew"": 0.6681013051541289}",266548625724.76184,178081484733.7528,88467140991.00905,43046407407.58578,79972641384.60402,0.0,44039454872.32965,11022981069.233393,43046407407.58578,79972641384.60402,27544285224.455265,60922855766.553764,16.522109147096035,4.135448471835576,16.14955143382938,30.003021462651912,10.333681199653793,22.856188284933314,44039454872.32965,11022981069.233393,27544285224.455265,28,18,10,Universal P&C Insurance Co.;Florida Family Insurance Co.;First Protective Insurance Co.;Cypress P&C Insurance Co.;Florida Peninsula Insurance Co;Tower Hill Insurance Exchange;Kin Interinsurance Network;Heritage P&C Insurance Co.;Florida Family Home Ins Co.;US Coastal P&C Insurance Co.;TypTap Insurance Co.;Homeowners Choice P&C Ins Co.;Edison Insurance Co.;Safe Harbor Insurance Co.;GeoVera Specialty Insurance Co;Florida Farm Bureau Cas Ins Co;Universal North America Ins Co;Auto Club Insurance Co. of FL;American Platinum P&C Ins Co.;FL Farm Bureau General Ins Co.;Castle Key Insurance Co.;Homesite Insurance Co.;State Farm FL Ins Co;AIG Property Casualty Co.;ASI Preferred Insurance Corp.;ACE Ins Co. of the Midwest;Castle Key Indemnity Co.;First Liberty Insurance Corp.,Universal P&C Insurance Co.;Florida Family Insurance Co.;First Protective Insurance Co.;Cypress P&C Insurance Co.;Florida Peninsula Insurance Co;Tower Hill Insurance Exchange;Kin Interinsurance Network;Heritage P&C Insurance Co.;Florida Family Home Ins Co.;US Coastal P&C Insurance Co.;TypTap Insurance Co.;Homeowners Choice P&C Ins Co.;Edison Insurance Co.;Safe Harbor Insurance Co.;GeoVera Specialty Insurance Co;Florida Farm Bureau Cas Ins Co;Universal North America Ins Co;American Platinum P&C Ins Co.,4882195007.366664,10,35.166819401784345,2204711882.045069,35320634.974004105,1,0.9811320754716981,8894380887.977768,311486220.0,5424866424.710582,539937478.65,359958319.1,539937478.65,359958319.1,24103285224.455265,27544285224.455265,3441000000.0,1395853723.0,1395853723.0,0.0,False,14726537743.508663,14726537743.508663,0.0,1.0,10203980332.427591,4522557411.081072,2162466246.362503,0.0,14,9464500000.0,9464500000.0,95
gm_then_andrew,baseline,,COMPOSITE,"{""gm_then_andrew"": 0.7407802996429586}",266548625724.76184,197453970833.80792,69094654890.95392,40691399994.34213,75797089321.00926,0.0,66465128858.14695,14500352660.309599,40691399994.34213,75797089321.00926,21546124119.341305,47548530771.612625,24.93546109173298,5.4400403006701925,15.266032561113288,28.436496010779415,8.083374679106333,17.838595356597803,66465128858.14695,14500352660.309599,21546124119.341305,36,22,14,Universal P&C Insurance Co.;Florida Family Insurance Co.;First Protective Insurance Co.;Cypress P&C Insurance Co.;Florida Peninsula Insurance Co;Tower Hill Insurance Exchange;Kin Interinsurance Network;Unique Insurance Co.;Heritage P&C Insurance Co.;Florida Family Home Ins Co.;US Coastal P&C Insurance Co.;TypTap Insurance Co.;Homeowners Choice P&C Ins Co.;Vault E&S Insurance Co.;Edison Insurance Co.;Safe Harbor Insurance Co.;Spinnaker Specialty Ins Co.;GeoVera Specialty Insurance Co;Florida Farm Bureau Cas Ins Co;Universal North America Ins Co;QBE Specialty Insurance Co.;Auto Club Insurance Co. of FL;American Platinum P&C Ins Co.;Privilege Underwriters Recpl;FL Farm Bureau General Ins Co.;Castle Key Insurance Co.;Homesite Insurance Co.;PURE Specialty Exchange;State Farm FL Ins Co;AIG Property Casualty Co.;Foremost P&C Insurance Co.;ASI Preferred Insurance Corp.;Nationwide P&C Insurance Co.;ACE Ins Co. of the Midwest;Castle Key Indemnity Co.;First Liberty Insurance Corp.,Universal P&C Insurance Co.;Florida Family Insurance Co.;First Protective Insurance Co.;Cypress P&C Insurance Co.;Florida Peninsula Insurance Co;Tower Hill Insurance Exchange;Kin Interinsurance Network;Unique Insurance Co.;Heritage P&C Insurance Co.;Florida Family Home Ins Co.;US Coastal P&C Insurance Co.;TypTap Insurance Co.;Homeowners Choice P&C Ins Co.;Vault E&S Insurance Co.;Edison Insurance Co.;Safe Harbor Insurance Co.;Spinnaker Specialty Ins Co.;GeoVera Specialty Insurance Co;Florida Farm Bureau Cas Ins Co;Universal North America Ins Co;QBE Specialty Insurance Co.;American Platinum P&C Ins Co.,8676265535.619324,14,35.89838321723671,6063389327.75439,78101904.3620601,1,0.9811320754716981,18945078576.066475,303407340.0,8913667153.021566,539937478.65,359958319.1,539937478.65,359958319.1,18105124119.341305,21546124119.341305,3441000000.0,1395853723.0,1395853723.0,0.0,False,14743447705.116459,14743447705.116459,0.0,1.0,10220890294.035387,4522557411.081072,2561287011.93246,0.0,14,9464500000.0,9464500000.0,96
gm_then_andrew,baseline,,COMPOSITE,"{""gm_then_andrew"": 0.813678386151461}",266548625724.7619,216884855610.6141,49663770114.14778,15983223479.139767,110562736083.25171,0.0,70212052078.10655,20126843970.116047,15983223479.139767,110562736083.25171,15529881459.300982,34133888654.84679,26.341179545456562,7.550908925300191,5.996363115990717,41.479387028398634,5.826284572683236,12.805876812170641,70212052078.10655,20126843970.116047,15529881459.300982,36,23,13,Universal P&C Insurance Co.;Florida Family Insurance Co.;First Protective Insurance Co.;Spinnaker Insurance Co.;Cypress P&C Insurance Co.;Florida Peninsula Insurance Co;Tower Hill Insurance Exchange;Kin Interinsurance Network;Unique Insurance Co.;Heritage P&C Insurance Co.;Florida Family Home Ins Co.;US Coastal P&C Insurance Co.;TypTap Insurance Co.;Homeowners Choice P&C Ins Co.;Vault E&S Insurance Co.;Edison Insurance Co.;Safe Harbor Insurance Co.;Spinnaker Specialty Ins Co.;GeoVera Specialty Insurance Co;Florida Farm Bureau Cas Ins Co;Universal North America Ins Co;QBE Specialty Insurance Co.;Auto Club Insurance Co. of FL;American Platinum P&C Ins Co.;FL Farm Bureau General Ins Co.;Castle Key Insurance Co.;Homesite Insurance Co.;PURE Specialty Exchange;State Farm FL Ins Co;AIG Property Casualty Co.;Foremost P&C Insurance Co.;ASI Preferred Insurance Corp.;Nationwide P&C Insurance Co.;ACE Ins Co. of the Midwest;Castle Key Indemnity Co.;First Liberty Insurance Corp.,Universal P&C Insurance Co.;Florida Family Insurance Co.;First Protective Insurance Co.;Spinnaker Insurance Co.;Cypress P&C Insurance Co.;Florida Peninsula Insurance Co;Tower Hill Insurance Exchange;Kin Interinsurance Network;Unique Insurance Co.;Heritage P&C Insurance Co.;Florida Family Home Ins Co.;US Coastal P&C Insurance Co.;TypTap Insurance Co.;Homeowners Choice P&C Ins Co.;Vault E&S Insurance Co.;Edison Insurance Co.;Safe Harbor Insurance Co.;Spinnaker Specialty Ins Co.;GeoVera Specialty Insurance Co;Florida Farm Bureau Cas Ins Co;Universal North America Ins Co;QBE Specialty Insurance Co.;American Platinum P&C Ins Co.,9204919004.364262,13,36.189312511589605,5253281780.331976,89872703.25456491,1,0.9811320754716981,20573517480.00118,300194520.0,14479425366.646912,539937478.65,359958319.1,539937478.65,359958319.1,12088881459.300982,15529881459.300982,3441000000.0,1395853723.0,1395853723.0,0.0,False,14733168435.25961,14733168435.25961,0.0,1.0,10210611024.178535,4522557411.081074,2550044559.877995,0.0,14,9464500000.0,9464500000.0,97
gm_then_andrew,baseline,,COMPOSITE,"{""gm_then_andrew"": 0.6131236635157565}",266548625724.76184,163427269909.45624,103121355815.3056,19407117954.11375,65060744547.18589,0.0,59348857804.602196,19610549603.55443,19407117954.11375,65060744547.18589,32081562522.32517,71039793292.98044,22.265677657586515,7.35721279756448,7.280892145417979,24.408583751006702,12.035913685577428,26.651719962846908,59348857804.602196,19610549603.55443,32081562522.32517,34,21,13,Universal P&C Insurance Co.;Florida Family Insurance Co.;First Protective Insurance Co.;Cypress P&C Insurance Co.;Florida Peninsula Insurance Co;Tower Hill Insurance Exchange;Kin Interinsurance Network;Unique Insurance Co.;Heritage P&C Insurance Co.;Florida Family Home Ins Co.;US Coastal P&C Insurance Co.;TypTap Insurance Co.;Homeowners Choice P&C Ins Co.;Vault E&S Insurance Co.;Edison Insurance Co.;Safe Harbor Insurance Co.;GeoVera Specialty Insurance Co;Florida Farm Bureau Cas Ins Co;Universal North America Ins Co;QBE Specialty Insurance Co.;Auto Club Insurance Co. of FL;American Platinum P&C Ins Co.;FL Farm Bureau General Ins Co.;Castle Key Insurance Co.;Homesite Insurance Co.;PURE Specialty Exchange;State Farm FL Ins Co;AIG Property Casualty Co.;Foremost P&C Insurance Co.;ASI Preferred Insurance Corp.;Nationwide P&C Insurance Co.;ACE Ins Co. of the Midwest;Castle Key Indemnity Co.;First Liberty Insurance Corp.,Universal P&C Insurance Co.;Florida Family Insurance Co.;First Protective Insurance Co.;Cypress P&C Insurance Co.;Florida Peninsula Insurance Co;Tower Hill Insurance Exchange;Kin Interinsurance Network;Unique Insurance Co.;Heritage P&C Insurance Co.;Florida Family Home Ins Co.;US Coastal P&C Insurance Co.;TypTap Insurance Co.;Homeowners Choice P&C Ins Co.;Vault E&S Insurance Co.;Edison Insurance Co.;Safe Harbor Insurance Co.;GeoVera Specialty Insurance Co;Florida Farm Bureau Cas Ins Co;Universal North America Ins Co;QBE Specialty Insurance Co.;American Platinum P&C Ins Co.,7604300690.747948,13,35.80938809441937,3290333957.2630277,51956999.08854549,1,0.9811320754716981,15440597172.388748,304390140.0,13932045540.15376,539937478.65,359958319.1,539937478.65,359958319.1,28640562522.32517,32081562522.32517,3441000000.0,1395853723.0,1395853723.0,0.0,False,14730324800.951736,14730324800.951736,0.0,1.0,10207767389.870665,4522557411.081073,2352312452.8354583,0.0,14,9464500000.0,9464500000.0,98
gm_then_andrew,baseline,,COMPOSITE,"{""gm_then_andrew"": 0.7481264380289931}",266548625724.76187,199412073924.9894,67136551799.77247,28592035409.43639,75537475687.70676,0.0,67420703742.613785,27861859085.232483,28592035409.43639,75537475687.70676,20939850988.434547,46196700811.33791,25.293960364377345,10.452824136487067,10.726761517412784,28.33909778462214,7.855921572095081,17.33143462500558,67420703742.613785,27861859085.232483,20939850988.434547,37,23,14,Universal P&C Insurance Co.;Florida Family Insurance Co.;First Protective Insurance Co.;Spinnaker Insurance Co.;Cypress P&C Insurance Co.;Florida Peninsula Insurance Co;Tower Hill Insurance Exchange;Kin Interinsurance Network;Unique Insurance Co.;Heritage P&C Insurance Co.;Florida Family Home Ins Co.;US Coastal P&C Insurance Co.;TypTap Insurance Co.;Homeowners Choice P&C Ins Co.;Vault E&S Insurance Co.;Edison Insurance Co.;Safe Harbor Insurance Co.;Spinnaker Specialty Ins Co.;GeoVera Specialty Insurance Co;Florida Farm Bureau Cas Ins Co;Universal North America Ins Co;QBE Specialty Insurance Co.;Auto Club Insurance Co. of FL;American Platinum P&C Ins Co.;Privilege Underwriters Recpl;FL Farm Bureau General Ins Co.;Castle Key Insurance Co.;Homesite Insurance Co.;PURE Specialty Exchange;State Farm FL Ins Co;AIG Property Casualty Co.;Foremost P&C Insurance Co.;ASI Preferred Insurance Corp.;Nationwide P&C Insurance Co.;ACE Ins Co. of the Midwest;Castle Key Indemnity Co.;First Liberty Insurance Corp.,Universal P&C Insurance Co.;Florida Family Insurance Co.;First Protective Insurance Co.;Spinnaker Insurance Co.;Cypress P&C Insurance Co.;Florida Peninsula Insurance Co;Tower Hill Insurance Exchange;Kin Interinsurance Network;Unique Insurance Co.;Heritage P&C Insurance Co.;Florida Family Home Ins Co.;US Coastal P&C Insurance Co.;TypTap Insurance Co.;Homeowners Choice P&C Ins Co.;Vault E&S Insurance Co.;Edison Insurance Co.;Safe Harbor Insurance Co.;Spinnaker Specialty Ins Co.;GeoVera Specialty Insurance Co;Florida Farm Bureau Cas Ins Co;Universal North America Ins Co;QBE Specialty Insurance Co.;American Platinum P&C Ins Co.,8456727229.489286,14,36.189312511589605,4632208370.2979555,69415114.5966877,1,0.9811320754716981,20006710904.38117,300194520.0,22123578852.521885,539937478.65,359958319.1,539937478.65,359958319.1,17498850988.434547,20939850988.434547,3441000000.0,1395853723.0,1395853723.0,0.0,False,14732651321.44722,14732651321.44722,0.0,1.0,10210093910.366146,4522557411.081073,2508657576.2347527,0.0,14,9464500000.0,9464500000.0,99
gm_then_andrew,baseline,,COMPOSITE,"{""gm_then_andrew"": 0.8365475896826592}",266548625724.7619,222980610383.27487,43568015341.48704,50010629662.10809,116641466318.78491,0.0,43173286865.87979,13155227536.502062,50010629662.10809,116641466318.78491,13642497517.206814,29925517824.280224,16.197152301381784,4.9353949962158685,18.76229131781346,43.75992035285483,5.118202159216553,11.22703887251751,43173286865.87979,13155227536.502062,13642497517.206814,31,19,12,Universal P&C Insurance Co.;Florida Family Insurance Co.;First Protective Insurance Co.;Cypress P&C Insurance Co.;Florida Peninsula Insurance Co;Tower Hill Insurance Exchange;Kin Interinsurance Network;Heritage P&C Insurance Co.;Florida Family Home Ins Co.;US Coastal P&C Insurance Co.;TypTap Insurance Co.;Homeowners Choice P&C Ins Co.;Vault E&S Insurance Co.;Edison Insurance Co.;Safe Harbor Insurance Co.;GeoVera Specialty Insurance Co;Florida Farm Bureau Cas Ins Co;Universal North America Ins Co;Auto Club Insurance Co. of FL;American Platinum P&C Ins Co.;FL Farm Bureau General Ins Co.;Castle Key Insurance Co.;Homesite Insurance Co.;State Farm FL Ins Co;AIG Property Casualty Co.;Foremost P&C Insurance Co.;ASI Preferred Insurance Corp.;Nationwide P&C Insurance Co.;ACE Ins Co. of the Midwest;Castle Key Indemnity Co.;First Liberty Insurance Corp.,Universal P&C Insurance Co.;Florida Family Insurance Co.;First Protective Insurance Co.;Cypress P&C Insurance Co.;Florida Peninsula Insurance Co;Tower Hill Insurance Exchange;Kin Interinsurance Network;Heritage P&C Insurance Co.;Florida Family Home Ins Co.;US Coastal P&C Insurance Co.;TypTap Insurance Co.;Homeowners Choice P&C Ins Co.;Vault E&S Insurance Co.;Edison Insurance Co.;Safe Harbor Insurance Co.;GeoVera Specialty Insurance Co;Florida Farm Bureau Cas Ins Co;Universal North America Ins Co;American Platinum P&C Ins Co.,4231438212.5755715,12,35.41856476294073,2246916503.527785,25696454.80956634,1,0.9811320754716981,9134279848.90344,308706120.0,7506622663.976273,539937478.65,359958319.1,539937478.65,359958319.1,10201497517.206814,13642497517.206814,3441000000.0,1395853723.0,1395853723.0,0.0,False,14720991897.436247,14720991897.436247,0.0,1.0,10198434486.355175,4522557411.081072,2125050688.51647,0.0,14,9464500000.0,9464500000.0,100
