scenario,policy_scenario,policy_severity,events,wind_shares,total_damage_usd,wind_total_usd,water_total_usd,underinsured_wind_usd,uninsured_wind_usd,nfip_policyholder_shortfall_usd,wind_insured_private_usd,wind_insured_citizens_usd,wind_underinsured_usd,wind_uninsured_usd,flood_insured_capped_usd,flood_un_derinsured_usd,wind_insured_private_pct,wind_insured_citizens_pct,wind_underinsured_pct,wind_uninsured_pct,flood_insured_capped_pct,flood_un_derinsured_pct,insured_private_wind_pre_usd,insured_citizens_wind_pre_usd,insured_flood_pre_usd,defaults_pre,defaults_post,rescued_defaults,default_companies_pre,default_companies_post,group_contrib_total_usd,group_supported_companies,defaulted_premium_base_pct,largest_entity_deficit_usd,diag_group_shortfall_total_usd,diag_groups_with_shortfall,diag_groups_fully_funded_share,figa_residual_deficit_usd,figa_collected_usd,citizens_residual_deficit_usd,citizens_tier1_usd,citizens_tier2_usd,citizens_tier1_capacity_usd,citizens_tier2_capacity_usd,nfip_borrowed_usd,nfip_claims_paid_usd,nfip_pool_used_usd,nfip_fl_premium_base_usd,nfip_fl_premium_depletion_usd,underinsured_flood_usd,fhcf_cap_binding,fhcf_total_precap_usd,fhcf_total_postcap_usd,fhcf_shortfall_usd,fhcf_scaling_factor,fhcf_recovery_private_usd,fhcf_recovery_citizens_usd,catbond_payout_usd,catbond_unfilled_usd,catbond_triggers,catbond_limit_in_force_usd,catbond_issue_volume_year_usd,iter
andrew,baseline,,1992230N11325,"{""1992230N11325"": 0.8353592015253047}",114169083378.42006,95372194329.87291,18796889048.54715,12878716706.637499,24986362346.322018,0.0,39175163310.08343,18331951966.829994,12878716706.637499,24986362346.322018,6463976748.809225,12332912299.73792,34.313285305300276,16.056844308776373,11.280388985825738,21.885401552628103,5.661757594552983,10.80232225291655,39175163310.08343,18331951966.829994,6463976748.809225,28,18,10,Universal P&C Insurance Co.;Florida Family Insurance Co.;First Protective Insurance Co.;Cypress P&C Insurance Co.;Florida Peninsula Insurance Co;Tower Hill Insurance Exchange;Kin Interinsurance Network;Heritage P&C Insurance Co.;Florida Family Home Ins Co.;US Coastal P&C Insurance Co.;TypTap Insurance Co.;Homeowners Choice P&C Ins Co.;Edison Insurance Co.;Safe Harbor Insurance Co.;GeoVera Specialty Insurance Co;Florida Farm Bureau Cas Ins Co;Universal North America Ins Co;Auto Club Insurance Co. of FL;American Platinum P&C Ins Co.;FL Farm Bureau General Ins Co.;Castle Key Insurance Co.;Homesite Insurance Co.;State Farm FL Ins Co;AIG Property Casualty Co.;ASI Preferred Insurance Corp.;ACE Ins Co. of the Midwest;Castle Key Indemnity Co.;First Liberty Insurance Corp.,Universal P&C Insurance Co.;Florida Family Insurance Co.;First Protective Insurance Co.;Cypress P&C Insurance Co.;Florida Peninsula Insurance Co;Tower Hill Insurance Exchange;Kin Interinsurance Network;Heritage P&C Insurance Co.;Florida Family Home Ins Co.;US Coastal P&C Insurance Co.;TypTap Insurance Co.;Homeowners Choice P&C Ins Co.;Edison Insurance Co.;Safe Harbor Insurance Co.;GeoVera Specialty Insurance Co;Florida Farm Bureau Cas Ins Co;Universal North America Ins Co;American Platinum P&C Ins Co.,4343478639.0638075,10,35.166819401784345,1542202527.9911344,27377376.20583056,1,0.9811320754716981,6671613536.996243,311486220.0,12557804323.462072,539937478.65,359958319.1,539937478.65,359958319.1,3022976748.809225,6463976748.809225,3441000000.0,1395853723.0,1395853723.0,0.0,False,14707916348.47763,14707916348.47763,0.0,1.0,10185358937.396557,4522557411.081074,2171199896.675707,0.0,14,9464500000.0,9464500000.0,1
andrew,baseline,,1992230N11325,"{""1992230N11325"": 0.8890392998487388}",114169083378.42007,101500801951.12285,12668281427.297234,42118784329.919556,26543918784.589657,0.0,23390520751.891304,9447578084.722317,42118784329.919556,26543918784.589657,4370387095.15171,8297894332.145525,20.487613686414615,8.275075708024886,36.89158490509589,23.249655685338467,3.8279952556558654,7.268074759470277,23390520751.891304,9447578084.722317,4370387095.15171,21,14,7,Universal P&C Insurance Co.;Florida Family Insurance Co.;First Protective Insurance Co.;Cypress P&C Insurance Co.;Tower Hill Insurance Exchange;Kin Interinsurance Network;Florida Family Home Ins Co.;US Coastal P&C Insurance Co.;TypTap Insurance Co.;Homeowners Choice P&C Ins Co.;Edison Insurance Co.;Safe Harbor Insurance Co.;GeoVera Specialty Insurance Co;Universal North America Ins Co;FL Farm Bureau General Ins Co.;Homesite Insurance Co.;State Farm FL Ins Co;AIG Property Casualty Co.;ASI Preferred Insurance Corp.;Castle Key Indemnity Co.;First Liberty Insurance Corp.,Universal P&C Insurance Co.;Florida Family Insurance Co.;First Protective Insurance Co.;Cypress P&C Insurance Co.;Tower Hill Insurance Exchange;Kin Interinsurance Network;Florida Family Home Ins Co.;US Coastal P&C Insurance Co.;TypTap Insurance Co.;Homeowners Choice P&C Ins Co.;Edison Insurance Co.;Safe Harbor Insurance Co.;GeoVera Specialty Insurance Co;Universal North America Ins Co,1340991130.2088063,7,29.203227969374158,629995333.565194,0.0,0,1.0,1540526423.0428762,377343960.0,3741945609.2698126,539937478.65,359958319.1,539937478.65,359958319.1,929387095.1517096,4370387095.15171,3441000000.0,1395853723.0,1395853723.0,0.0,False,13880946364.552313,13880946364.552313,0.0,1.0,9358388953.47124,4522557411.081074,1852386693.291028,0.0,13,9464500000.0,9464500000.0,2
andrew,baseline,,1992230N11325,"{""1992230N11325"": 0.766533628295475}",114169083378.42009,87514441721.22894,26654641657.191143,16117769249.101284,47172669177.1482,0.0,16780791891.530888,7443211403.448558,16117769249.101284,47172669177.1482,9148258494.21199,17506383162.979153,14.698192711165047,6.519463223487219,14.117455244584908,41.3182516503103,8.012903514246105,15.333733656206405,16780791891.530888,7443211403.448558,9148258494.21199,16,11,5,Universal P&C Insurance Co.;Florida Family Insurance Co.;First Protective Insurance Co.;Cypress P&C Insurance Co.;Tower Hill Insurance Exchange;Kin Interinsurance Network;Florida Family Home Ins Co.;TypTap Insurance Co.;Homeowners Choice P&C Ins Co.;Edison Insurance Co.;GeoVera Specialty Insurance Co;FL Farm Bureau General Ins Co.;State Farm FL Ins Co;AIG Property Casualty Co.;ASI Preferred Insurance Corp.;Castle Key Indemnity Co.,Universal P&C Insurance Co.;Florida Family Insurance Co.;First Protective Insurance Co.;Cypress P&C Insurance Co.;Tower Hill Insurance Exchange;Kin Interinsurance Network;Florida Family Home Ins Co.;TypTap Insurance Co.;Homeowners Choice P&C Ins Co.;Edison Insurance Co.;GeoVera Specialty Insurance Co,375141573.71916884,5,27.91334743744846,211363358.19809735,0.0,0,1.0,397477998.29086256,391588500.0,1750510159.6147947,539937478.65,359958319.1,539937478.65,359958319.1,5707258494.21199,9148258494.21199,3441000000.0,1395853723.0,1395853723.0,0.0,False,12444036600.128683,12444036600.128683,0.0,1.0,7921479189.047611,4522557411.081072,1451134615.0236893,0.0,11,9464500000.0,9464500000.0,3
andrew,baseline,,1992230N11325,"{""1992230N11325"": 0.8820342743265873}",114169083378.42009,100701044608.2164,13468038770.203684,17990216490.768032,50453378286.83587,0.0,26868566132.813034,5388883697.7994585,17990216490.768032,50453378286.83587,4643591679.622087,8824447090.581598,23.534012306778013,4.720090184080474,15.757520300954338,44.191804640845895,4.067293475792068,7.729279091549202,26868566132.813034,5388883697.7994585,4643591679.622087,24,15,9,Universal P&C Insurance Co.;Florida Family Insurance Co.;First Protective Insurance Co.;Cypress P&C Insurance Co.;Florida Peninsula Insurance Co;Tower Hill Insurance Exchange;Kin Interinsurance Network;Florida Family Home Ins Co.;US Coastal P&C Insurance Co.;TypTap Insurance Co.;Homeowners Choice P&C Ins Co.;Edison Insurance Co.;Safe Harbor Insurance Co.;GeoVera Specialty Insurance Co;Universal North America Ins Co;Auto Club Insurance Co. of FL;FL Farm Bureau General Ins Co.;Homesite Insurance Co.;State Farm FL Ins Co;AIG Property Casualty Co.;ASI Preferred Insurance Corp.;ACE Ins Co. of the Midwest;Castle Key Indemnity Co.;First Liberty Insurance Corp.,Universal P&C Insurance Co.;Florida Family Insurance Co.;First Protective Insurance Co.;Cypress P&C Insurance Co.;Florida Peninsula Insurance Co;Tower Hill Insurance Exchange;Kin Interinsurance Network;Florida Family Home Ins Co.;US Coastal P&C Insurance Co.;TypTap Insurance Co.;Homeowners Choice P&C Ins Co.;Edison Insurance Co.;Safe Harbor Insurance Co.;GeoVera Specialty Insurance Co;Universal North America Ins Co,1658427499.1802757,9,32.274744134947035,1145905865.3435073,0.0,0,1.0,2935870380.0061946,343424280.0,1459433748.2709942,539937478.65,359958319.1,539937478.65,359958319.1,1202591679.6220865,4643591679.622087,3441000000.0,1395853723.0,1395853723.0,0.0,False,12650872057.006495,12650872057.006495,0.0,1.0,9760202597.453857,2890669459.5526366,2086439784.8305378,0.0,13,9464500000.0,9464500000.0,4
andrew,baseline,,1992230N11325,"{""1992230N11325"": 0.9373369409972914}",114169083378.42007,107014899370.39297,7154184008.027107,7406486275.761998,87622028194.4521,0.0,8879976860.738228,3106408039.440648,7406486275.761998,87622028194.4521,2486719870.933311,4667464137.093796,7.777917276698306,2.7208837519911393,6.487295909359952,76.74759716167974,2.1781026853749306,4.08820321489594,8879976860.738228,3106408039.440648,2486719870.933311,11,7,4,Universal P&C Insurance Co.;First Protective Insurance Co.;Tower Hill Insurance Exchange;Kin Interinsurance Network;TypTap Insurance Co.;Homeowners Choice P&C Ins Co.;GeoVera Specialty Insurance Co;FL Farm Bureau General Ins Co.;AIG Property Casualty Co.;ASI Preferred Insurance Corp.;Castle Key Indemnity Co.,Universal P&C Insurance Co.;First Protective Insurance Co.;Tower Hill Insurance Exchange;Kin Interinsurance Network;TypTap Insurance Co.;Homeowners Choice P&C Ins Co.;GeoVera Specialty Insurance Co,121698542.40326667,4,23.145936299594748,189743398.37286675,0.0,0,1.0,52217790.18158811,444236460.0,1278153180.8184085,539937478.65,359958319.1,539937478.65,359958319.1,0.0,2486719870.933311,2486719870.933311,1395853723.0,1395853723.0,0.0,False,2912025682.61732,2912025682.61732,0.0,1.0,2281007124.8399067,631018557.7774135,1435036495.4058695,0.0,10,9464500000.0,9464500000.0,5
andrew,baseline,,1992230N11325,"{""1992230N11325"": 0.9279654725052069}",114169083378.42007,105944967402.74194,8224115975.678133,26667949574.99829,34932483211.41167,0.0,30210375793.99365,14134158822.338352,26667949574.99829,34932483211.41167,2852218632.8094673,5371897342.868667,26.4610828956729,12.380023036087502,23.35829349405024,30.597147824710053,2.4982408095154995,4.705211939963816,30210375793.99365,14134158822.338352,2852218632.8094673,25,17,8,Universal P&C Insurance Co.;Florida Family Insurance Co.;First Protective Insurance Co.;Cypress P&C Insurance Co.;Florida Peninsula Insurance Co;Tower Hill Insurance Exchange;Kin Interinsurance Network;Florida Family Home Ins Co.;US Coastal P&C Insurance Co.;TypTap Insurance Co.;Homeowners Choice P&C Ins Co.;Edison Insurance Co.;Safe Harbor Insurance Co.;GeoVera Specialty Insurance Co;Florida Farm Bureau Cas Ins Co;Universal North America Ins Co;American Platinum P&C Ins Co.;FL Farm Bureau General Ins Co.;Homesite Insurance Co.;State Farm FL Ins Co;AIG Property Casualty Co.;ASI Preferred Insurance Corp.;ACE Ins Co. of the Midwest;Castle Key Indemnity Co.;First Liberty Insurance Corp.,Universal P&C Insurance Co.;Florida Family Insurance Co.;First Protective Insurance Co.;Cypress P&C Insurance Co.;Florida Peninsula Insurance Co;Tower Hill Insurance Exchange;Kin Interinsurance Network;Florida Family Home Ins Co.;US Coastal P&C Insurance Co.;TypTap Insurance Co.;Homeowners Choice P&C Ins Co.;Edison Insurance Co.;Safe Harbor Insurance Co.;GeoVera Specialty Insurance Co;Florida Farm Bureau Cas Ins Co;Universal North America Ins Co;American Platinum P&C Ins Co.,2505178152.852651,8,33.145293557041065,1090357463.873732,17294469.303779624,1,0.9811320754716981,3713660827.522319,333810540.0,8362589926.064444,539937478.65,359958319.1,539937478.65,359958319.1,0.0,2852218632.8094673,2852218632.8094673,1395853723.0,1395853723.0,0.0,False,14335440453.280682,14335440453.280682,0.0,1.0,9812883042.199608,4522557411.081074,2086187756.019044,0.0,13,9464500000.0,9464500000.0,6
andrew,baseline,,1992230N11325,"{""1992230N11325"": 0.8722890314322749}",114169083378.4201,99588439159.67268,14580644218.747414,4863093725.71879,53845146737.43432,0.0,31796058777.502678,9084139919.016897,4863093725.71879,53845146737.43432,5023668101.482987,9556976117.264423,27.8499728968768,7.956742447433851,4.259553971892531,47.16263382702428,4.400200082917146,8.370896773855376,31796058777.502678,9084139919.016897,5023668101.482987,25,17,8,Universal P&C Insurance Co.;Florida Family Insurance Co.;First Protective Insurance Co.;Cypress P&C Insurance Co.;Tower Hill Insurance Exchange;Kin Interinsurance Network;Heritage P&C Insurance Co.;Florida Family Home Ins Co.;US Coastal P&C Insurance Co.;TypTap Insurance Co.;Homeowners Choice P&C Ins Co.;Edison Insurance Co.;Safe Harbor Insurance Co.;GeoVera Specialty Insurance Co;Florida Farm Bureau Cas Ins Co;Universal North America Ins Co;American Platinum P&C Ins Co.;FL Farm Bureau General Ins Co.;Homesite Insurance Co.;State Farm FL Ins Co;AIG Property Casualty Co.;ASI Preferred Insurance Corp.;ACE Ins Co. of the Midwest;Castle Key Indemnity Co.;First Liberty Insurance Corp.,Universal P&C Insurance Co.;Florida Family Insurance Co.;First Protective Insurance Co.;Cypress P&C Insurance Co.;Tower Hill Insurance Exchange;Kin Interinsurance Network;Heritage P&C Insurance Co.;Florida Family Home Ins Co.;US Coastal P&C Insurance Co.;TypTap Insurance Co.;Homeowners Choice P&C Ins Co.;Edison Insurance Co.;Safe Harbor Insurance Co.;GeoVera Specialty Insurance Co;Florida Farm Bureau Cas Ins Co;Universal North America Ins Co;American Platinum P&C Ins Co.,2720442493.837737,8,32.09530323621147,1330809550.064947,7334488.418086536,1,0.9811320754716981,3958431705.538353,345405900.0,3473412149.601198,539937478.65,359958319.1,539937478.65,359958319.1,1582668101.4829874,5023668101.482987,3441000000.0,1395853723.0,1395853723.0,0.0,False,14471293966.051912,14471293966.051912,0.0,1.0,9948736554.97084,4522557411.081072,2086584291.841733,0.0,13,9464500000.0,9464500000.0,7
andrew,baseline,,1992230N11325,"{""1992230N11325"": 0.8103614677120623}",114169083378.4201,92518225973.87732,21650857404.542778,18455408328.245815,48553574107.90814,0.0,19186881485.77084,6322362051.95251,18455408328.245815,48553574107.90814,7438919018.120278,14211938386.422504,16.805671831641845,5.5377181500149835,16.16497897865597,42.52777781089341,6.515703549500827,12.448149679292952,19186881485.77084,6322362051.95251,7438919018.120278,17,12,5,Universal P&C Insurance Co.;Florida Family Insurance Co.;First Protective Insurance Co.;Cypress P&C Insurance Co.;Tower Hill Insurance Exchange;Kin Interinsurance Network;Florida Family Home Ins Co.;TypTap Insurance Co.;Homeowners Choice P&C Ins Co.;Edison Insurance Co.;Safe Harbor Insurance Co.;GeoVera Specialty Insurance Co;FL Farm Bureau General Ins Co.;State Farm FL Ins Co;AIG Property Casualty Co.;ASI Preferred Insurance Corp.;Castle Key Indemnity Co.,Universal P&C Insurance Co.;Florida Family Insurance Co.;First Protective Insurance Co.;Cypress P&C Insurance Co.;Tower Hill Insurance Exchange;Kin Interinsurance Network;Florida Family Home Ins Co.;TypTap Insurance Co.;Homeowners Choice P&C Ins Co.;Edison Insurance Co.;Safe Harbor Insurance Co.;GeoVera Specialty Insurance Co,817692078.935214,5,28.525995730733356,247363986.74241668,0.0,0,1.0,792765177.2297707,384822840.0,1400079547.741136,539937478.65,359958319.1,539937478.65,359958319.1,3997919018.1202784,7438919018.120278,3441000000.0,1395853723.0,1395853723.0,0.0,False,12341733656.385109,12341733656.385109,0.0,1.0,8526920626.220951,3814813030.1641583,1573582850.6713138,0.0,12,9464500000.0,9464500000.0,8
andrew,baseline,,1992230N11325,"{""1992230N11325"": 0.9605590450102961}",114169083378.42009,109666145699.67606,4502937678.74403,28028934503.90995,29737193253.678776,0.0,36801972298.64863,15098045643.438702,28028934503.90995,29737193253.678776,1581029340.9932525,2921908337.7507772,32.23462185175504,13.224285591744087,24.55037184717198,26.046625210358492,1.3848139042623635,2.5592815947080365,36801972298.64863,15098045643.438702,1581029340.9932525,29,19,10,Universal P&C Insurance Co.;Florida Family Insurance Co.;First Protective Insurance Co.;Cypress P&C Insurance Co.;Florida Peninsula Insurance Co;Tower Hill Insurance Exchange;Kin Interinsurance Network;Heritage P&C Insurance Co.;Florida Family Home Ins Co.;US Coastal P&C Insurance Co.;TypTap Insurance Co.;Homeowners Choice P&C Ins Co.;Edison Insurance Co.;Safe Harbor Insurance Co.;GeoVera Specialty Insurance Co;Florida Farm Bureau Cas Ins Co;Universal North America Ins Co;Auto Club Insurance Co. of FL;American Platinum P&C Ins Co.;FL Farm Bureau General Ins Co.;Castle Key Insurance Co.;Homesite Insurance Co.;State Farm FL Ins Co;AIG Property Casualty Co.;ASI Preferred Insurance Corp.;Nationwide P&C Insurance Co.;ACE Ins Co. of the Midwest;Castle Key Indemnity Co.;First Liberty Insurance Corp.,Universal P&C Insurance Co.;Florida Family Insurance Co.;First Protective Insurance Co.;Cypress P&C Insurance Co.;Florida Peninsula Insurance Co;Tower Hill Insurance Exchange;Kin Interinsurance Network;Heritage P&C Insurance Co.;Florida Family Home Ins Co.;US Coastal P&C Insurance Co.;TypTap Insurance Co.;Homeowners Choice P&C Ins Co.;Edison Insurance Co.;Safe Harbor Insurance Co.;GeoVera Specialty Insurance Co;Florida Farm Bureau Cas Ins Co;Universal North America Ins Co;American Platinum P&C Ins Co.;Castle Key Indemnity Co.,3318227066.23818,11,36.90494087556314,2005764792.1001964,9298887.80824592,1,0.9811320754716981,6209306007.348698,292291620.0,9366030999.286207,539937478.65,359958319.1,539937478.65,359958319.1,0.0,1581029340.9932525,1581029340.9932525,1395853723.0,1395853723.0,0.0,False,14662555978.193428,14662555978.193428,0.0,1.0,10139998567.112354,4522557411.081073,2086650336.2947416,0.0,13,9464500000.0,9464500000.0,9
andrew,baseline,,1992230N11325,"{""1992230N11325"": 0.897122470471632}",114169083378.42007,102423650131.92995,11745433246.490135,21196617315.43786,42373876013.13254,0.0,29019665633.351925,9833491170.007616,21196617315.43786,42373876013.13254,4055133529.801026,7690299716.689108,25.418147167884808,8.613094612850606,18.56598712033137,37.1150181460964,3.551866591028019,6.735886361808793,29019665633.351925,9833491170.007616,4055133529.801026,24,15,9,Universal P&C Insurance Co.;Florida Family Insurance Co.;First Protective Insurance Co.;Cypress P&C Insurance Co.;Florida Peninsula Insurance Co;Tower Hill Insurance Exchange;Kin Interinsurance Network;Florida Family Home Ins Co.;US Coastal P&C Insurance Co.;TypTap Insurance Co.;Homeowners Choice P&C Ins Co.;Edison Insurance Co.;Safe Harbor Insurance Co.;GeoVera Specialty Insurance Co;Universal North America Ins Co;Auto Club Insurance Co. of FL;FL Farm Bureau General Ins Co.;Homesite Insurance Co.;State Farm FL Ins Co;AIG Property Casualty Co.;ASI Preferred Insurance Corp.;ACE Ins Co. of the Midwest;Castle Key Indemnity Co.;First Liberty Insurance Corp.,Universal P&C Insurance Co.;Florida Family Insurance Co.;First Protective Insurance Co.;Cypress P&C Insurance Co.;Florida Peninsula Insurance Co;Tower Hill Insurance Exchange;Kin Interinsurance Network;Florida Family Home Ins Co.;US Coastal P&C Insurance Co.;TypTap Insurance Co.;Homeowners Choice P&C Ins Co.;Edison Insurance Co.;Safe Harbor Insurance Co.;GeoVera Specialty Insurance Co;Universal North America Ins Co,2578622903.5013556,9,32.274744134947035,1152424633.9498856,0.0,0,1.0,3450303113.675328,343424280.0,4173149712.9089417,539937478.65,359958319.1,539937478.65,359958319.1,614133529.8010259,4055133529.801026,3441000000.0,1395853723.0,1395853723.0,0.0,False,14518546584.539865,14518546584.539865,0.0,1.0,9995989173.458794,4522557411.081072,2086461706.8343103,0.0,13,9464500000.0,9464500000.0,10
andrew,baseline,,1992230N11325,"{""1992230N11325"": 0.8876321977949508}",114169083378.42009,101340154399.422,12828928978.998096,4069631235.1009893,45524295456.67845,0.0,37494190683.34597,14252037024.296574,4069631235.1009893,45524295456.67845,4425265800.546417,8403663178.451679,32.84093168994735,12.483271830305727,3.564565042194443,39.87445121704754,3.8760631771725937,7.3607170433323414,37494190683.34597,14252037024.296574,4425265800.546417,27,17,10,Universal P&C Insurance Co.;Florida Family Insurance Co.;First Protective Insurance Co.;Cypress P&C Insurance Co.;Florida Peninsula Insurance Co;Tower Hill Insurance Exchange;Kin Interinsurance Network;Florida Family Home Ins Co.;US Coastal P&C Insurance Co.;TypTap Insurance Co.;Homeowners Choice P&C Ins Co.;Edison Insurance Co.;Safe Harbor Insurance Co.;GeoVera Specialty Insurance Co;Florida Farm Bureau Cas Ins Co;Universal North America Ins Co;Auto Club Insurance Co. of FL;American Platinum P&C Ins Co.;FL Farm Bureau General Ins Co.;Homesite Insurance Co.;State Farm FL Ins Co;AIG Property Casualty Co.;ASI Preferred Insurance Corp.;Nationwide P&C Insurance Co.;ACE Ins Co. of the Midwest;Castle Key Indemnity Co.;First Liberty Insurance Corp.,Universal P&C Insurance Co.;Florida Family Insurance Co.;First Protective Insurance Co.;Cypress P&C Insurance Co.;Florida Peninsula Insurance Co;Tower Hill Insurance Exchange;Kin Interinsurance Network;Florida Family Home Ins Co.;US Coastal P&C Insurance Co.;TypTap Insurance Co.;Homeowners Choice P&C Ins Co.;Edison Insurance Co.;Safe Harbor Insurance Co.;GeoVera Specialty Insurance Co;Florida Farm Bureau Cas Ins Co;Universal North America Ins Co;American Platinum P&C Ins Co.,3414991033.1229978,10,33.145293557041065,2579271276.8332477,30914062.893210083,1,0.9811320754716981,7101821438.444726,333810540.0,8543384326.447105,539937478.65,359958319.1,539937478.65,359958319.1,984265800.5464172,4425265800.546417,3441000000.0,1395853723.0,1395853723.0,0.0,False,14691190276.30986,14691190276.30986,0.0,1.0,10168632865.228788,4522557411.081072,2086545032.9101658,0.0,13,9464500000.0,9464500000.0,11
andrew,baseline,,1992230N11325,"{""1992230N11325"": 0.9883292219787647}",114169083378.42007,112765033202.65971,1404050175.7603679,6098615635.143748,30308435441.274883,0.0,54690625065.6262,21667357060.6149,6098615635.143748,30308435441.274883,513039046.78851205,891011128.971856,47.90318310987129,18.978305176364763,5.3417400356360325,26.546972739384977,0.4493677549183909,0.7804311838245629,54690625065.6262,21667357060.6149,513039046.78851205,33,20,13,Universal P&C Insurance Co.;Florida Family Insurance Co.;First Protective Insurance Co.;Cypress P&C Insurance Co.;Florida Peninsula Insurance Co;Tower Hill Insurance Exchange;Kin Interinsurance Network;Heritage P&C Insurance Co.;Florida Family Home Ins Co.;US Coastal P&C Insurance Co.;TypTap Insurance Co.;Homeowners Choice P&C Ins Co.;Vault E&S Insurance Co.;Edison Insurance Co.;Safe Harbor Insurance Co.;GeoVera Specialty Insurance Co;Florida Farm Bureau Cas Ins Co;Universal North America Ins Co;QBE Specialty Insurance Co.;Auto Club Insurance Co. of FL;American Platinum P&C Ins Co.;FL Farm Bureau General Ins Co.;Castle Key Insurance Co.;Homesite Insurance Co.;PURE Specialty Exchange;State Farm FL Ins Co;AIG Property Casualty Co.;Foremost P&C Insurance Co.;ASI Preferred Insurance Corp.;Nationwide P&C Insurance Co.;ACE Ins Co. of the Midwest;Castle Key Indemnity Co.;First Liberty Insurance Corp.,Universal P&C Insurance Co.;Florida Family Insurance Co.;First Protective Insurance Co.;Cypress P&C Insurance Co.;Florida Peninsula Insurance Co;Tower Hill Insurance Exchange;Kin Interinsurance Network;Heritage P&C Insurance Co.;Florida Family Home Ins Co.;US Coastal P&C Insurance Co.;TypTap Insurance Co.;Homeowners Choice P&C Ins Co.;Vault E&S Insurance Co.;Edison Insurance Co.;Safe Harbor Insurance Co.;GeoVera Specialty Insurance Co;Florida Farm Bureau Cas Ins Co;Universal North America Ins Co;QBE Specialty Insurance Co.;American Platinum P&C Ins Co.,6745323662.960166,13,35.71378625186174,3210286456.803022,45580639.69137718,1,0.9811320754716981,13376931165.05812,305445900.0,15941648848.806847,539937478.65,359958319.1,539937478.65,359958319.1,0.0,513039046.78851205,513039046.78851205,1395853723.0,513039046.78851205,0.0,False,14733832699.065933,14733832699.065933,0.0,1.0,10211275287.984861,4522557411.081073,2509365001.1822405,0.0,14,9464500000.0,9464500000.0,12
andrew,baseline,,1992230N11325,"{""1992230N11325"": 0.9131434152741461}",114169083378.42009,104252746714.88927,9916336663.53082,16996103496.488564,30429055865.31585,0.0,42515895787.859314,14311691565.22554,16996103496.488564,30429055865.31585,3430297038.662939,6486039624.867882,37.239412395856675,12.53552287687955,14.886782825569325,26.652623429109056,3.0045761401911406,5.681082332394248,42515895787.859314,14311691565.22554,3430297038.662939,31,20,11,Universal P&C Insurance Co.;Florida Family Insurance Co.;First Protective Insurance Co.;Cypress P&C Insurance Co.;Florida Peninsula Insurance Co;Tower Hill Insurance Exchange;Kin Interinsurance Network;Heritage P&C Insurance Co.;Florida Family Home Ins Co.;US Coastal P&C Insurance Co.;TypTap Insurance Co.;Homeowners Choice P&C Ins Co.;Vault E&S Insurance Co.;Edison Insurance Co.;Safe Harbor Insurance Co.;GeoVera Specialty Insurance Co;Florida Farm Bureau Cas Ins Co;Universal North America Ins Co;Auto Club Insurance Co. of FL;American Platinum P&C Ins Co.;FL Farm Bureau General Ins Co.;Castle Key Insurance Co.;Homesite Insurance Co.;State Farm FL Ins Co;AIG Property Casualty Co.;Foremost P&C Insurance Co.;ASI Preferred Insurance Corp.;Nationwide P&C Insurance Co.;ACE Ins Co. of the Midwest;Castle Key Indemnity Co.;First Liberty Insurance Corp.,Universal P&C Insurance Co.;Florida Family Insurance Co.;First Protective Insurance Co.;Cypress P&C Insurance Co.;Florida Peninsula Insurance Co;Tower Hill Insurance Exchange;Kin Interinsurance Network;Heritage P&C Insurance Co.;Florida Family Home Ins Co.;US Coastal P&C Insurance Co.;TypTap Insurance Co.;Homeowners Choice P&C Ins Co.;Vault E&S Insurance Co.;Edison Insurance Co.;Safe Harbor Insurance Co.;GeoVera Specialty Insurance Co;Florida Farm Bureau Cas Ins Co;Universal North America Ins Co;American Platinum P&C Ins Co.;Castle Key Indemnity Co.,3998253067.0567217,12,37.15668623671953,2980262335.8643055,39083330.88342332,1,0.9811320754716981,9501994124.216679,289511520.0,8635913101.917274,539937478.65,359958319.1,539937478.65,359958319.1,0.0,3430297038.662939,3430297038.662939,1395853723.0,1395853723.0,0.0,False,14707206382.627415,14707206382.627415,0.0,1.0,10184648971.54634,4522557411.081073,2108855537.8457103,0.0,14,9464500000.0,9464500000.0,13
andrew,baseline,,1992230N11325,"{""1992230N11325"": 0.9481221924850153}",114169083378.42009,108246241646.75218,5922841731.6679125,19880417472.08006,43160140695.310745,0.0,34209880971.80521,10995802507.55615,19880417472.08006,43160140695.310745,2066081838.7384973,3856759892.9294147,29.964224954328976,9.631155985644487,17.413135749005935,37.80370255952212,1.8096684124986346,3.3781123389998315,34209880971.80521,10995802507.55615,2066081838.7384973,27,17,10,Universal P&C Insurance Co.;Florida Family Insurance Co.;First Protective Insurance Co.;Cypress P&C Insurance Co.;Florida Peninsula Insurance Co;Tower Hill Insurance Exchange;Kin Interinsurance Network;Heritage P&C Insurance Co.;Florida Family Home Ins Co.;US Coastal P&C Insurance Co.;TypTap Insurance Co.;Homeowners Choice P&C Ins Co.;Edison Insurance Co.;Safe Harbor Insurance Co.;GeoVera Specialty Insurance Co;Universal North America Ins Co;Auto Club Insurance Co. of FL;American Platinum P&C Ins Co.;FL Farm Bureau General Ins Co.;Castle Key Insurance Co.;Homesite Insurance Co.;State Farm FL Ins Co;AIG Property Casualty Co.;ASI Preferred Insurance Corp.;ACE Ins Co. of the Midwest;Castle Key Indemnity Co.;First Liberty Insurance Corp.,Universal P&C Insurance Co.;Florida Family Insurance Co.;First Protective Insurance Co.;Cypress P&C Insurance Co.;Florida Peninsula Insurance Co;Tower Hill Insurance Exchange;Kin Interinsurance Network;Heritage P&C Insurance Co.;Florida Family Home Ins Co.;US Coastal P&C Insurance Co.;TypTap Insurance Co.;Homeowners Choice P&C Ins Co.;Edison Insurance Co.;Safe Harbor Insurance Co.;GeoVera Specialty Insurance Co;Universal North America Ins Co;American Platinum P&C Ins Co.,3100033337.8234057,10,34.45361965929429,1361303792.2577624,27632362.601403028,1,0.9811320754716981,5172696571.186345,319362300.0,5342190642.499553,539937478.65,359958319.1,539937478.65,359958319.1,0.0,2066081838.7384973,2066081838.7384973,1395853723.0,1395853723.0,0.0,False,14681898342.481577,14681898342.481577,0.0,1.0,10159340931.400505,4522557411.081072,2086432110.673733,0.0,13,9464500000.0,9464500000.0,14
andrew,baseline,,1992230N11325,"{""1992230N11325"": 0.8430497337844108}",114169083378.42007,96250215348.58723,17918868029.832836,21634803137.98233,30676230546.067257,0.0,31243869266.02769,12695312398.509968,21634803137.98233,30676230546.067257,6164036561.073854,11754831468.75898,27.366313490026073,11.119746277046488,18.949791395164763,26.869122216203756,5.399041823470542,10.295984798088382,31243869266.02769,12695312398.509968,6164036561.073854,25,16,9,Universal P&C Insurance Co.;Florida Family Insurance Co.;First Protective Insurance Co.;Cypress P&C Insurance Co.;Florida Peninsula Insurance Co;Tower Hill Insurance Exchange;Kin Interinsurance Network;Florida Family Home Ins Co.;US Coastal P&C Insurance Co.;TypTap Insurance Co.;Homeowners Choice P&C Ins Co.;Edison Insurance Co.;Safe Harbor Insurance Co.;GeoVera Specialty Insurance Co;Universal North America Ins Co;Auto Club Insurance Co. of FL;American Platinum P&C Ins Co.;FL Farm Bureau General Ins Co.;Homesite Insurance Co.;State Farm FL Ins Co;AIG Property Casualty Co.;ASI Preferred Insurance Corp.;ACE Ins Co. of the Midwest;Castle Key Indemnity Co.;First Liberty Insurance Corp.,Universal P&C Insurance Co.;Florida Family Insurance Co.;First Protective Insurance Co.;Cypress P&C Insurance Co.;Florida Peninsula Insurance Co;Tower Hill Insurance Exchange;Kin Interinsurance Network;Florida Family Home Ins Co.;US Coastal P&C Insurance Co.;TypTap Insurance Co.;Homeowners Choice P&C Ins Co.;Edison Insurance Co.;Safe Harbor Insurance Co.;GeoVera Specialty Insurance Co;Universal North America Ins Co;American Platinum P&C Ins Co.,2403944650.548487,9,32.43209381455101,984137143.248122,9664784.499757715,1,0.9811320754716981,4324304317.255909,341686620.0,6969301947.6458645,539937478.65,359958319.1,539937478.65,359958319.1,2723036561.0738544,6164036561.073854,3441000000.0,1395853723.0,1395853723.0,0.0,False,14592812338.491093,14592812338.491093,0.0,1.0,10070254927.41002,4522557411.081073,2086289164.2679427,0.0,13,9464500000.0,9464500000.0,15
andrew,baseline,,1992230N11325,"{""1992230N11325"": 0.9860877762521655}",114169083378.42009,112547752560.2021,1621330818.2179902,19443697663.0085,32117634948.99019,0.0,46873731996.98729,14112687951.216106,19443697663.0085,32117634948.99019,592350545.6551795,1028980272.5628107,41.05641440741148,12.361216831739622,17.03061554638328,28.131639493447114,0.5188362104054028,0.9012775106130926,46873731996.98729,14112687951.216106,592350545.6551795,33,20,13,Universal P&C Insurance Co.;Florida Family Insurance Co.;First Protective Insurance Co.;Cypress P&C Insurance Co.;Florida Peninsula Insurance Co;Tower Hill Insurance Exchange;Kin Interinsurance Network;Heritage P&C Insurance Co.;Florida Family Home Ins Co.;US Coastal P&C Insurance Co.;TypTap Insurance Co.;Homeowners Choice P&C Ins Co.;Vault E&S Insurance Co.;Edison Insurance Co.;Safe Harbor Insurance Co.;Spinnaker Specialty Ins Co.;GeoVera Specialty Insurance Co;Florida Farm Bureau Cas Ins Co;Universal North America Ins Co;Auto Club Insurance Co. of FL;American Platinum P&C Ins Co.;FL Farm Bureau General Ins Co.;Castle Key Insurance Co.;Homesite Insurance Co.;PURE Specialty Exchange;State Farm FL Ins Co;AIG Property Casualty Co.;Foremost P&C Insurance Co.;ASI Preferred Insurance Corp.;Nationwide P&C Insurance Co.;ACE Ins Co. of the Midwest;Castle Key Indemnity Co.;First Liberty Insurance Corp.,Universal P&C Insurance Co.;Florida Family Insurance Co.;First Protective Insurance Co.;Cypress P&C Insurance Co.;Florida Peninsula Insurance Co;Tower Hill Insurance Exchange;Kin Interinsurance Network;Heritage P&C Insurance Co.;Florida Family Home Ins Co.;US Coastal P&C Insurance Co.;TypTap Insurance Co.;Homeowners Choice P&C Ins Co.;Vault E&S Insurance Co.;Edison Insurance Co.;Safe Harbor Insurance Co.;Spinnaker Specialty Ins Co.;GeoVera Specialty Insurance Co;Florida Farm Bureau Cas Ins Co;Universal North America Ins Co;American Platinum P&C Ins Co.,5084143566.172495,13,35.50755988575808,2143954281.3534684,21688670.235441513,1,0.9811320754716981,10099116738.93737,307723320.0,8464420840.610342,539937478.65,359958319.1,539937478.65,359958319.1,0.0,592350545.6551795,592350545.6551795,1395853723.0,592350545.6551795,0.0,False,14695017131.130604,14695017131.130604,0.0,1.0,10172459720.04953,4522557411.081073,2145145449.758283,0.0,14,9464500000.0,9464500000.0,16
andrew,baseline,,1992230N11325,"{""1992230N11325"": 0.8503168872422208}",114169083378.42007,97079899597.63571,17089183780.784359,31324604568.99214,38545318469.90358,0.0,20838134195.61151,6371842363.128489,31324604568.99214,38545318469.90358,5880608665.708572,11208575115.075785,18.25199395403947,5.581057651140673,27.43702904679099,33.761608072250944,5.1507890680149835,9.817522207762945,20838134195.61151,6371842363.128489,5880608665.708572,20,12,8,Universal P&C Insurance Co.;Florida Family Insurance Co.;First Protective Insurance Co.;Cypress P&C Insurance Co.;Tower Hill Insurance Exchange;Kin Interinsurance Network;Florida Family Home Ins Co.;TypTap Insurance Co.;Homeowners Choice P&C Ins Co.;Edison Insurance Co.;Safe Harbor Insurance Co.;GeoVera Specialty Insurance Co;Auto Club Insurance Co. of FL;FL Farm Bureau General Ins Co.;Homesite Insurance Co.;State Farm FL Ins Co;AIG Property Casualty Co.;ASI Preferred Insurance Corp.;Castle Key Indemnity Co.;First Liberty Insurance Corp.,Universal P&C Insurance Co.;Florida Family Insurance Co.;First Protective Insurance Co.;Cypress P&C Insurance Co.;Tower Hill Insurance Exchange;Kin Interinsurance Network;Florida Family Home Ins Co.;TypTap Insurance Co.;Homeowners Choice P&C Ins Co.;Edison Insurance Co.;Safe Harbor Insurance Co.;GeoVera Specialty Insurance Co,1251716874.0537317,8,28.525995730733356,274611489.7726511,0.0,0,1.0,878518540.4220986,384822840.0,1418364117.4499168,539937478.65,359958319.1,539937478.65,359958319.1,2439608665.7085724,5880608665.708572,3441000000.0,1395853723.0,1395853723.0,0.0,False,12805342501.723835,12805342501.723835,0.0,1.0,8941543963.495459,3863798538.2283754,1598401320.3743408,0.0,13,9464500000.0,9464500000.0,17
andrew,baseline,,1992230N11325,"{""1992230N11325"": 0.9317089324663325}",114169083378.42007,106372354795.16747,7796728583.252612,21048480895.844967,44639328204.97031,0.0,28488081039.83005,12196464654.522144,21048480895.844967,44639328204.97031,2706219104.338553,5090509478.914058,24.952535482311482,10.682808597224392,18.43623533884261,39.099313828254765,2.3703607178561925,4.458746035510567,28488081039.83005,12196464654.522144,2706219104.338553,23,15,8,Universal P&C Insurance Co.;Florida Family Insurance Co.;First Protective Insurance Co.;Cypress P&C Insurance Co.;Florida Peninsula Insurance Co;Tower Hill Insurance Exchange;Kin Interinsurance Network;Florida Family Home Ins Co.;US Coastal P&C Insurance Co.;TypTap Insurance Co.;Homeowners Choice P&C Ins Co.;Edison Insurance Co.;Safe Harbor Insurance Co.;GeoVera Specialty Insurance Co;Universal North America Ins Co;Auto Club Insurance Co. of FL;FL Farm Bureau General Ins Co.;Homesite Insurance Co.;State Farm FL Ins Co;AIG Property Casualty Co.;ASI Preferred Insurance Corp.;Castle Key Indemnity Co.;First Liberty Insurance Corp.,Universal P&C Insurance Co.;Florida Family Insurance Co.;First Protective Insurance Co.;Cypress P&C Insurance Co.;Florida Peninsula Insurance Co;Tower Hill Insurance Exchange;Kin Interinsurance Network;Florida Family Home Ins Co.;US Coastal P&C Insurance Co.;TypTap Insurance Co.;Homeowners Choice P&C Ins Co.;Edison Insurance Co.;Safe Harbor Insurance Co.;GeoVera Specialty Insurance Co;Universal North America Ins Co,2472441028.6075377,8,32.274744134947035,1054243454.5195765,0.0,0,1.0,3016775694.0517373,343424280.0,6456667125.410249,539937478.65,359958319.1,539937478.65,359958319.1,0.0,2706219104.338553,2706219104.338553,1395853723.0,1395853723.0,0.0,False,14326554198.084568,14326554198.084568,0.0,1.0,9803996787.003494,4522557411.081073,2053568788.5554683,0.0,13,9464500000.0,9464500000.0,18
andrew,baseline,,1992230N11325,"{""1992230N11325"": 0.9174155829050228}",114169083378.42007,104740496177.3454,9428587201.07468,29301095352.492268,48268819607.82023,0.0,20326246575.045773,6844334641.987136,29301095352.492268,48268819607.82023,3263677262.804793,6164909938.269888,17.803634726288593,5.9949107406785345,25.66464973303857,42.27836309049659,2.8586349002970834,5.399806809200644,20326246575.045773,6844334641.987136,3263677262.804793,19,13,6,Universal P&C Insurance Co.;Florida Family Insurance Co.;First Protective Insurance Co.;Cypress P&C Insurance Co.;Tower Hill Insurance Exchange;Kin Interinsurance Network;Florida Family Home Ins Co.;US Coastal P&C Insurance Co.;TypTap Insurance Co.;Homeowners Choice P&C Ins Co.;Edison Insurance Co.;Safe Harbor Insurance Co.;GeoVera Specialty Insurance Co;FL Farm Bureau General Ins Co.;Homesite Insurance Co.;State Farm FL Ins Co;AIG Property Casualty Co.;ASI Preferred Insurance Corp.;Castle Key Indemnity Co.,Universal P&C Insurance Co.;Florida Family Insurance Co.;First Protective Insurance Co.;Cypress P&C Insurance Co.;Tower Hill Insurance Exchange;Kin Interinsurance Network;Florida Family Home Ins Co.;US Coastal P&C Insurance Co.;TypTap Insurance Co.;Homeowners Choice P&C Ins Co.;Edison Insurance Co.;Safe Harbor Insurance Co.;GeoVera Specialty Insurance Co,691082676.8197907,6,28.889501145391137,219491027.27838707,0.0,0,1.0,684096984.8206251,380808540.0,1417526955.2195525,539937478.65,359958319.1,539937478.65,359958319.1,0.0,3263677262.804793,3263677262.804793,1395853723.0,1395853723.0,0.0,False,13149725867.945782,13149725867.945782,0.0,1.0,8818159973.647346,4331565894.298436,1560934141.0768902,0.0,11,9464500000.0,9464500000.0,19
andrew,baseline,,1992230N11325,"{""1992230N11325"": 0.8301411850137159}",114169083378.42009,94776458167.69139,19392625210.7287,12117258723.022076,48714113439.24153,0.0,24637432816.858444,9307653188.56934,12117258723.022076,48714113439.24153,6667485790.753496,12725139419.975204,21.57977631754845,8.152516349560747,10.6134326075464,42.66839322671599,5.840009916391923,11.145871582236486,24637432816.858444,9307653188.56934,6667485790.753496,21,13,8,Universal P&C Insurance Co.;Florida Family Insurance Co.;First Protective Insurance Co.;Cypress P&C Insurance Co.;Tower Hill Insurance Exchange;Kin Interinsurance Network;Florida Family Home Ins Co.;US Coastal P&C Insurance Co.;TypTap Insurance Co.;Homeowners Choice P&C Ins Co.;Edison Insurance Co.;Safe Harbor Insurance Co.;GeoVera Specialty Insurance Co;Auto Club Insurance Co. of FL;FL Farm Bureau General Ins Co.;Homesite Insurance Co.;State Farm FL Ins Co;AIG Property Casualty Co.;ASI Preferred Insurance Corp.;Castle Key Indemnity Co.;First Liberty Insurance Corp.,Universal P&C Insurance Co.;Florida Family Insurance Co.;First Protective Insurance Co.;Cypress P&C Insurance Co.;Tower Hill Insurance Exchange;Kin Interinsurance Network;Florida Family Home Ins Co.;US Coastal P&C Insurance Co.;TypTap Insurance Co.;Homeowners Choice P&C Ins Co.;Edison Insurance Co.;Safe Harbor Insurance Co.;GeoVera Specialty Insurance Co,1492304179.4506564,8,28.889501145391137,1007420146.7874196,0.0,0,1.0,1961179833.056922,380808540.0,3621639144.717,539937478.65,359958319.1,539937478.65,359958319.1,3226485790.753496,6667485790.753496,3441000000.0,1395853723.0,1395853723.0,0.0,False,14155520544.985376,14155520544.985376,0.0,1.0,9632963133.904305,4522557411.081072,1864103010.697414,0.0,13,9464500000.0,9464500000.0,20
andrew,baseline,,1992230N11325,"{""1992230N11325"": 0.9486577643730127}",114169083378.4201,108307387398.28809,5861695980.132013,43305569600.56148,38737350581.24046,0.0,19307366132.746048,6957101083.740091,43305569600.56148,38737350581.24046,2045193878.423204,3816502101.70881,16.911203595066674,6.093682175480356,37.93108284580216,33.929807820952064,1.7913727761519196,3.3428507865468187,19307366132.746048,6957101083.740091,2045193878.423204,17,11,6,Universal P&C Insurance Co.;Florida Family Insurance Co.;First Protective Insurance Co.;Cypress P&C Insurance Co.;Tower Hill Insurance Exchange;Kin Interinsurance Network;TypTap Insurance Co.;Homeowners Choice P&C Ins Co.;Edison Insurance Co.;Safe Harbor Insurance Co.;GeoVera Specialty Insurance Co;FL Farm Bureau General Ins Co.;State Farm FL Ins Co;AIG Property Casualty Co.;ASI Preferred Insurance Corp.;Castle Key Indemnity Co.;First Liberty Insurance Corp.,Universal P&C Insurance Co.;Florida Family Insurance Co.;First Protective Insurance Co.;Cypress P&C Insurance Co.;Tower Hill Insurance Exchange;Kin Interinsurance Network;TypTap Insurance Co.;Homeowners Choice P&C Ins Co.;Edison Insurance Co.;Safe Harbor Insurance Co.;GeoVera Specialty Insurance Co,742882882.2433232,6,28.176154707643686,215242962.4279399,0.0,0,1.0,686501913.8742156,388686240.0,1408371185.3792715,539937478.65,359958319.1,539937478.65,359958319.1,0.0,2045193878.423204,2045193878.423204,1395853723.0,1395853723.0,0.0,False,12938810948.176176,12938810948.176176,0.0,1.0,8495606276.542314,4443204671.6338625,1649713761.2249348,0.0,13,9464500000.0,9464500000.0,21
andrew,baseline,,1992230N11325,"{""1992230N11325"": 0.9503169106387342}",114169083378.42009,108496810606.63623,5672272771.783854,18478975844.63518,44753374592.448524,0.0,33874329421.808887,11390130747.743643,18478975844.63518,44753374592.448524,1980485139.7228732,3691787632.0609813,29.670317409425493,9.976545673043892,16.18562162173584,39.19920635966819,1.7346947887445496,3.233614147382033,33874329421.808887,11390130747.743643,1980485139.7228732,26,17,9,Universal P&C Insurance Co.;Florida Family Insurance Co.;First Protective Insurance Co.;Cypress P&C Insurance Co.;Florida Peninsula Insurance Co;Tower Hill Insurance Exchange;Kin Interinsurance Network;Florida Family Home Ins Co.;US Coastal P&C Insurance Co.;TypTap Insurance Co.;Homeowners Choice P&C Ins Co.;Edison Insurance Co.;Safe Harbor Insurance Co.;GeoVera Specialty Insurance Co;Florida Farm Bureau Cas Ins Co;Universal North America Ins Co;Auto Club Insurance Co. of FL;American Platinum P&C Ins Co.;FL Farm Bureau General Ins Co.;Homesite Insurance Co.;State Farm FL Ins Co;AIG Property Casualty Co.;ASI Preferred Insurance Corp.;ACE Ins Co. of the Midwest;Castle Key Indemnity Co.;First Liberty Insurance Corp.,Universal P&C Insurance Co.;Florida Family Insurance Co.;First Protective Insurance Co.;Cypress P&C Insurance Co.;Florida Peninsula Insurance Co;Tower Hill Insurance Exchange;Kin Interinsurance Network;Florida Family Home Ins Co.;US Coastal P&C Insurance Co.;TypTap Insurance Co.;Homeowners Choice P&C Ins Co.;Edison Insurance Co.;Safe Harbor Insurance Co.;GeoVera Specialty Insurance Co;Florida Farm Bureau Cas Ins Co;Universal North America Ins Co;American Platinum P&C Ins Co.,2995706620.2844143,9,33.145293557041065,1151215650.4743419,24180958.091430753,1,0.9811320754716981,4976064858.027096,333810540.0,5723013022.331375,539937478.65,359958319.1,539937478.65,359958319.1,0.0,1980485139.7228732,1980485139.7228732,1395853723.0,1395853723.0,0.0,False,14668871395.330132,14668871395.330132,0.0,1.0,10146313984.249058,4522557411.081073,2086745042.5796378,0.0,13,9464500000.0,9464500000.0,22
andrew,baseline,,1992230N11325,"{""1992230N11325"": 0.6831190886821156}",114169083378.42007,77991080193.13878,36178003185.28129,18230438666.355537,36268159050.894615,0.0,16814925983.499716,6677556492.38892,18230438666.355537,36268159050.894615,12401527816.613686,23776475368.667606,14.72809055299644,5.848830782196761,15.967929431411557,31.7670581016068,10.862422163369832,20.82566896841862,16814925983.499716,6677556492.38892,12401527816.613686,16,10,6,Universal P&C Insurance Co.;First Protective Insurance Co.;Cypress P&C Insurance Co.;Tower Hill Insurance Exchange;Kin Interinsurance Network;TypTap Insurance Co.;Homeowners Choice P&C Ins Co.;Edison Insurance Co.;Safe Harbor Insurance Co.;GeoVera Specialty Insurance Co;FL Farm Bureau General Ins Co.;Homesite Insurance Co.;State Farm FL Ins Co;AIG Property Casualty Co.;ASI Preferred Insurance Corp.;Castle Key Indemnity Co.,Universal P&C Insurance Co.;First Protective Insurance Co.;Cypress P&C Insurance Co.;Tower Hill Insurance Exchange;Kin Interinsurance Network;TypTap Insurance Co.;Homeowners Choice P&C Ins Co.;Edison Insurance Co.;Safe Harbor Insurance Co.;GeoVera Specialty Insurance Co,500963204.5643377,6,27.73228202456624,208559133.25046265,0.0,0,1.0,472355671.54427624,393588060.0,1374415056.6328063,539937478.65,359958319.1,539937478.65,359958319.1,8960527816.613686,12401527816.613686,3441000000.0,1395853723.0,1395853723.0,0.0,False,11933300243.873247,11933300243.873247,0.0,1.0,7766844717.677046,4166455526.1962013,1452267538.959991,0.0,11,9464500000.0,9464500000.0,23
andrew,baseline,,1992230N11325,"{""1992230N11325"": 0.9561285502653358}",114169083378.4201,109160320175.73105,5008763202.689051,21974076359.405712,49351924126.87495,0.0,25248278830.623653,12586040858.826715,21974076359.405712,49351924126.87495,1753824068.4310663,3254939134.257984,22.11481259504971,11.024036005535358,19.2469587292484,43.22704769670008,1.536163746377742,2.850981227088684,25248278830.623653,12586040858.826715,1753824068.4310663,21,14,7,Universal P&C Insurance Co.;Florida Family Insurance Co.;First Protective Insurance Co.;Cypress P&C Insurance Co.;Tower Hill Insurance Exchange;Kin Interinsurance Network;Florida Family Home Ins Co.;US Coastal P&C Insurance Co.;TypTap Insurance Co.;Homeowners Choice P&C Ins Co.;Edison Insurance Co.;Safe Harbor Insurance Co.;GeoVera Specialty Insurance Co;Universal North America Ins Co;FL Farm Bureau General Ins Co.;Homesite Insurance Co.;State Farm FL Ins Co;AIG Property Casualty Co.;ASI Preferred Insurance Corp.;Castle Key Indemnity Co.;First Liberty Insurance Corp.,Universal P&C Insurance Co.;Florida Family Insurance Co.;First Protective Insurance Co.;Cypress P&C Insurance Co.;Tower Hill Insurance Exchange;Kin Interinsurance Network;Florida Family Home Ins Co.;US Coastal P&C Insurance Co.;TypTap Insurance Co.;Homeowners Choice P&C Ins Co.;Edison Insurance Co.;Safe Harbor Insurance Co.;GeoVera Specialty Insurance Co;Universal North America Ins Co,1786183652.9933069,7,29.203227969374158,737337190.6974742,0.0,0,1.0,2085274233.8392935,377343960.0,6793129412.209929,539937478.65,359958319.1,539937478.65,359958319.1,0.0,1753824068.4310663,1753824068.4310663,1395853723.0,1395853723.0,0.0,False,14109116517.894115,14109116517.894115,0.0,1.0,9586559106.813042,4522557411.081073,2009407450.268861,0.0,13,9464500000.0,9464500000.0,24
andrew,baseline,,1992230N11325,"{""1992230N11325"": 0.8880715020066543}",114169083378.42009,101390309358.59648,12778774019.823608,23990581327.99378,31409033716.05907,0.0,31749675522.545197,14241018791.99844,23990581327.99378,31409033716.05907,4408132397.643735,8370641622.179873,27.809346088300497,12.473621028204064,21.013203065207765,27.510980018953113,3.8610561346391146,7.331793664695454,31749675522.545197,14241018791.99844,4408132397.643735,28,18,10,Universal P&C Insurance Co.;Florida Family Insurance Co.;First Protective Insurance Co.;Cypress P&C Insurance Co.;Florida Peninsula Insurance Co;Tower Hill Insurance Exchange;Kin Interinsurance Network;Heritage P&C Insurance Co.;Florida Family Home Ins Co.;US Coastal P&C Insurance Co.;TypTap Insurance Co.;Homeowners Choice P&C Ins Co.;Edison Insurance Co.;Safe Harbor Insurance Co.;GeoVera Specialty Insurance Co;Florida Farm Bureau Cas Ins Co;Universal North America Ins Co;Auto Club Insurance Co. of FL;American Platinum P&C Ins Co.;FL Farm Bureau General Ins Co.;Castle Key Insurance Co.;Homesite Insurance Co.;State Farm FL Ins Co;AIG Property Casualty Co.;ASI Preferred Insurance Corp.;ACE Ins Co. of the Midwest;Castle Key Indemnity Co.;First Liberty Insurance Corp.,Universal P&C Insurance Co.;Florida Family Insurance Co.;First Protective Insurance Co.;Cypress P&C Insurance Co.;Florida Peninsula Insurance Co;Tower Hill Insurance Exchange;Kin Interinsurance Network;Heritage P&C Insurance Co.;Florida Family Home Ins Co.;US Coastal P&C Insurance Co.;TypTap Insurance Co.;Homeowners Choice P&C Ins Co.;Edison Insurance Co.;Safe Harbor Insurance Co.;GeoVera Specialty Insurance Co;Florida Farm Bureau Cas Ins Co;Universal North America Ins Co;American Platinum P&C Ins Co.,2959633728.5204263,10,35.166819401784345,1252279212.0970244,7577733.462980755,1,0.9811320754716981,3622338926.985467,311486220.0,8480945671.867119,539937478.65,359958319.1,539937478.65,359958319.1,967132397.6437349,4408132397.643735,3441000000.0,1395853723.0,1395853723.0,0.0,False,14614811107.882381,14614811107.882381,0.0,1.0,10092253696.801308,4522557411.081073,2086449523.7215893,0.0,13,9464500000.0,9464500000.0,25
andrew,baseline,,1992230N11325,"{""1992230N11325"": 0.9074947384790492}",114169083378.42007,103607842462.89209,10561240915.52799,15477012912.532352,41206993413.60057,0.0,37109724429.74625,9814111707.012936,15477012912.532352,41206993413.60057,3650602359.711646,6910638555.816345,32.504180056122465,8.5961202600563,13.55622069876211,36.092952832964066,3.197540219896057,6.052985932199027,37109724429.74625,9814111707.012936,3650602359.711646,27,18,9,Universal P&C Insurance Co.;Florida Family Insurance Co.;First Protective Insurance Co.;Cypress P&C Insurance Co.;Florida Peninsula Insurance Co;Tower Hill Insurance Exchange;Kin Interinsurance Network;Heritage P&C Insurance Co.;Florida Family Home Ins Co.;US Coastal P&C Insurance Co.;TypTap Insurance Co.;Homeowners Choice P&C Ins Co.;Edison Insurance Co.;Safe Harbor Insurance Co.;GeoVera Specialty Insurance Co;Florida Farm Bureau Cas Ins Co;Universal North America Ins Co;Auto Club Insurance Co. of FL;American Platinum P&C Ins Co.;FL Farm Bureau General Ins Co.;Homesite Insurance Co.;State Farm FL Ins Co;AIG Property Casualty Co.;ASI Preferred Insurance Corp.;ACE Ins Co. of the Midwest;Castle Key Indemnity Co.;First Liberty Insurance Corp.,Universal P&C Insurance Co.;Florida Family Insurance Co.;First Protective Insurance Co.;Cypress P&C Insurance Co.;Florida Peninsula Insurance Co;Tower Hill Insurance Exchange;Kin Interinsurance Network;Heritage P&C Insurance Co.;Florida Family Home Ins Co.;US Coastal P&C Insurance Co.;TypTap Insurance Co.;Homeowners Choice P&C Ins Co.;Edison Insurance Co.;Safe Harbor Insurance Co.;GeoVera Specialty Insurance Co;Florida Farm Bureau Cas Ins Co;Universal North America Ins Co;American Platinum P&C Ins Co.,3410358228.076386,9,35.166819401784345,1391257431.9990954,12716208.75520254,1,0.9811320754716981,5896451070.061089,311486220.0,4212764825.7337613,539937478.65,359958319.1,539937478.65,359958319.1,209602359.71164608,3650602359.711646,3441000000.0,1395853723.0,1395853723.0,0.0,False,14682370557.595303,14682370557.595303,0.0,1.0,10159813146.51423,4522557411.081073,2086520435.8034568,0.0,13,9464500000.0,9464500000.0,26
andrew,baseline,,1992230N11325,"{""1992230N11325"": 0.9231389744390662}",114169083378.42009,105393930542.60297,8775152835.817123,13919891449.051239,50276006597.246414,0.0,28472479437.264626,12725553059.04069,13919891449.051239,50276006597.246414,3040457975.326819,5734694860.490305,24.938870134299783,11.146233886157342,12.192347557799817,44.03644586564968,2.6631184952663967,5.022984060826979,28472479437.264626,12725553059.04069,3040457975.326819,23,16,7,Universal P&C Insurance Co.;Florida Family Insurance Co.;First Protective Insurance Co.;Cypress P&C Insurance Co.;Florida Peninsula Insurance Co;Tower Hill Insurance Exchange;Kin Interinsurance Network;Florida Family Home Ins Co.;US Coastal P&C Insurance Co.;TypTap Insurance Co.;Homeowners Choice P&C Ins Co.;Edison Insurance Co.;Safe Harbor Insurance Co.;GeoVera Specialty Insurance Co;Universal North America Ins Co;American Platinum P&C Ins Co.;FL Farm Bureau General Ins Co.;Homesite Insurance Co.;State Farm FL Ins Co;AIG Property Casualty Co.;ASI Preferred Insurance Corp.;Castle Key Indemnity Co.;First Liberty Insurance Corp.,Universal P&C Insurance Co.;Florida Family Insurance Co.;First Protective Insurance Co.;Cypress P&C Insurance Co.;Florida Peninsula Insurance Co;Tower Hill Insurance Exchange;Kin Interinsurance Network;Florida Family Home Ins Co.;US Coastal P&C Insurance Co.;TypTap Insurance Co.;Homeowners Choice P&C Ins Co.;Edison Insurance Co.;Safe Harbor Insurance Co.;GeoVera Specialty Insurance Co;Universal North America Ins Co;American Platinum P&C Ins Co.,2126787608.2481105,7,32.43209381455101,960705243.0130317,6305809.724486917,1,0.9811320754716981,3456880243.0583944,341686620.0,6969273512.397406,539937478.65,359958319.1,539937478.65,359958319.1,0.0,3040457975.326819,3040457975.326819,1395853723.0,1395853723.0,0.0,False,14413850891.959507,14413850891.959507,0.0,1.0,9891293480.878433,4522557411.081073,2086212698.7363765,0.0,13,9464500000.0,9464500000.0,27
andrew,baseline,,1992230N11325,"{""1992230N11325"": 0.8214858626525607}",114169083378.42007,93788287947.37354,20380795431.046535,13634126341.337711,46232417972.85275,0.0,24076274873.6124,9845468759.570684,13634126341.337711,46232417972.85275,7005053975.431624,13375741455.614906,21.088261516307515,8.623585710097457,11.942047652381167,40.49469138646993,6.135683819246377,11.715729915497555,24076274873.6124,9845468759.570684,7005053975.431624,21,13,8,Universal P&C Insurance Co.;Florida Family Insurance Co.;First Protective Insurance Co.;Cypress P&C Insurance Co.;Tower Hill Insurance Exchange;Kin Interinsurance Network;Florida Family Home Ins Co.;US Coastal P&C Insurance Co.;TypTap Insurance Co.;Homeowners Choice P&C Ins Co.;Edison Insurance Co.;Safe Harbor Insurance Co.;GeoVera Specialty Insurance Co;Auto Club Insurance Co. of FL;FL Farm Bureau General Ins Co.;Homesite Insurance Co.;State Farm FL Ins Co;AIG Property Casualty Co.;ASI Preferred Insurance Corp.;Castle Key Indemnity Co.;First Liberty Insurance Corp.,Universal P&C Insurance Co.;Florida Family Insurance Co.;First Protective Insurance Co.;Cypress P&C Insurance Co.;Tower Hill Insurance Exchange;Kin Interinsurance Network;Florida Family Home Ins Co.;US Coastal P&C Insurance Co.;TypTap Insurance Co.;Homeowners Choice P&C Ins Co.;Edison Insurance Co.;Safe Harbor Insurance Co.;GeoVera Specialty Insurance Co,1384025813.4576237,8,28.889501145391137,507979081.2064103,0.0,0,1.0,1601135394.8629591,380808540.0,4129238031.171411,539937478.65,359958319.1,539937478.65,359958319.1,3564053975.4316244,7005053975.431624,3441000000.0,1395853723.0,1395853723.0,0.0,False,14172195136.819183,14172195136.819183,0.0,1.0,9649637725.738111,4522557411.081073,2027753750.3152714,0.0,13,9464500000.0,9464500000.0,28
andrew,baseline,,1992230N11325,"{""1992230N11325"": 0.9689119175494731}",114169083378.42007,110619785501.05066,3549297877.369421,18221682712.400455,59964995671.66085,0.0,24344554321.706516,8088552795.2828455,18221682712.400455,59964995671.66085,1255257070.216566,2294040807.152854,21.32324583969469,7.084713791099527,15.960260145037363,52.52297197911573,1.099471970056853,2.0093362749958517,24344554321.706516,8088552795.2828455,1255257070.216566,20,12,8,Universal P&C Insurance Co.;Florida Family Insurance Co.;First Protective Insurance Co.;Cypress P&C Insurance Co.;Tower Hill Insurance Exchange;Kin Interinsurance Network;US Coastal P&C Insurance Co.;TypTap Insurance Co.;Homeowners Choice P&C Ins Co.;Edison Insurance Co.;Safe Harbor Insurance Co.;GeoVera Specialty Insurance Co;Auto Club Insurance Co. of FL;FL Farm Bureau General Ins Co.;Homesite Insurance Co.;State Farm FL Ins Co;AIG Property Casualty Co.;ASI Preferred Insurance Corp.;Castle Key Indemnity Co.;First Liberty Insurance Corp.,Universal P&C Insurance Co.;Florida Family Insurance Co.;First Protective Insurance Co.;Cypress P&C Insurance Co.;Tower Hill Insurance Exchange;Kin Interinsurance Network;US Coastal P&C Insurance Co.;TypTap Insurance Co.;Homeowners Choice P&C Ins Co.;Edison Insurance Co.;Safe Harbor Insurance Co.;GeoVera Specialty Insurance Co,1093135704.504381,8,28.539660122301466,711019790.3986007,0.0,0,1.0,1691233619.715975,384671940.0,2454660277.379886,539937478.65,359958319.1,539937478.65,359958319.1,0.0,1255257070.216566,1255257070.216566,1395853723.0,1255257070.216566,0.0,False,14049888850.520094,14049888850.520094,0.0,1.0,9527331439.43902,4522557411.081074,2057001826.785089,0.0,13,9464500000.0,9464500000.0,29
andrew,baseline,,1992230N11325,"{""1992230N11325"": 0.8745983403558286}",114169083378.42007,99852090842.7124,14316992535.707666,16816010578.697485,41984779491.96151,0.0,31228601750.43271,9822699021.62072,16816010578.697485,41984779491.96151,4933602221.940055,9383390313.76761,27.352940766743032,8.603641836260358,14.729040543278987,36.77421088930049,4.321311931346022,8.218854033071123,31228601750.43271,9822699021.62072,4933602221.940055,25,17,8,Universal P&C Insurance Co.;Florida Family Insurance Co.;First Protective Insurance Co.;Cypress P&C Insurance Co.;Florida Peninsula Insurance Co;Tower Hill Insurance Exchange;Kin Interinsurance Network;Florida Family Home Ins Co.;US Coastal P&C Insurance Co.;TypTap Insurance Co.;Homeowners Choice P&C Ins Co.;Edison Insurance Co.;Safe Harbor Insurance Co.;GeoVera Specialty Insurance Co;Florida Farm Bureau Cas Ins Co;Universal North America Ins Co;Auto Club Insurance Co. of FL;American Platinum P&C Ins Co.;FL Farm Bureau General Ins Co.;Homesite Insurance Co.;State Farm FL Ins Co;AIG Property Casualty Co.;ASI Preferred Insurance Corp.;Castle Key Indemnity Co.;First Liberty Insurance Corp.,Universal P&C Insurance Co.;Florida Family Insurance Co.;First Protective Insurance Co.;Cypress P&C Insurance Co.;Florida Peninsula Insurance Co;Tower Hill Insurance Exchange;Kin Interinsurance Network;Florida Family Home Ins Co.;US Coastal P&C Insurance Co.;TypTap Insurance Co.;Homeowners Choice P&C Ins Co.;Edison Insurance Co.;Safe Harbor Insurance Co.;GeoVera Specialty Insurance Co;Florida Farm Bureau Cas Ins Co;Universal North America Ins Co;American Platinum P&C Ins Co.,3090588901.957267,8,33.145293557041065,1186289129.4883866,11164312.81922885,1,0.9811320754716981,3953383085.942196,333810540.0,4181963898.8698287,539937478.65,359958319.1,539937478.65,359958319.1,1492602221.940055,4933602221.940055,3441000000.0,1395853723.0,1395853723.0,0.0,False,14584818727.139965,14584818727.139965,0.0,1.0,10062261316.058891,4522557411.081073,2086407222.3953512,0.0,13,9464500000.0,9464500000.0,30
andrew,baseline,,1992230N11325,"{""1992230N11325"": 0.7459054941158713}",114169083378.42007,85159346550.13654,29009736828.283546,15095731305.989334,30965972117.29571,0.0,30911584225.89042,8186058900.961071,15095731305.989334,30965972117.29571,9952781020.092388,19056955808.19116,27.075267061076573,7.17011879111607,13.222258477764646,27.122905081629845,8.71757986100608,16.691870727406798,30911584225.89042,8186058900.961071,9952781020.092388,24,15,9,Universal P&C Insurance Co.;Florida Family Insurance Co.;First Protective Insurance Co.;Cypress P&C Insurance Co.;Florida Peninsula Insurance Co;Tower Hill Insurance Exchange;Kin Interinsurance Network;Florida Family Home Ins Co.;US Coastal P&C Insurance Co.;TypTap Insurance Co.;Homeowners Choice P&C Ins Co.;Edison Insurance Co.;Safe Harbor Insurance Co.;GeoVera Specialty Insurance Co;Universal North America Ins Co;Auto Club Insurance Co. of FL;FL Farm Bureau General Ins Co.;Homesite Insurance Co.;State Farm FL Ins Co;AIG Property Casualty Co.;ASI Preferred Insurance Corp.;ACE Ins Co. of the Midwest;Castle Key Indemnity Co.;First Liberty Insurance Corp.,Universal P&C Insurance Co.;Florida Family Insurance Co.;First Protective Insurance Co.;Cypress P&C Insurance Co.;Florida Peninsula Insurance Co;Tower Hill Insurance Exchange;Kin Interinsurance Network;Florida Family Home Ins Co.;US Coastal P&C Insurance Co.;TypTap Insurance Co.;Homeowners Choice P&C Ins Co.;Edison Insurance Co.;Safe Harbor Insurance Co.;GeoVera Specialty Insurance Co;Universal North America Ins Co,2411124184.3284745,9,32.274744134947035,1627378000.5178342,0.0,0,1.0,4062661195.444809,343424280.0,2601914729.1886344,539937478.65,359958319.1,539937478.65,359958319.1,6511781020.092388,9952781020.092388,3441000000.0,1395853723.0,1395853723.0,0.0,False,14401045671.263775,14401045671.263775,0.0,1.0,9878488260.182703,4522557411.081073,2097702293.6725402,0.0,13,9464500000.0,9464500000.0,31
andrew,baseline,,1992230N11325,"{""1992230N11325"": 0.998381206954349}",114169083378.42007,113737517749.67352,431565628.74655443,32375755728.068535,51718022447.95593,0.0,20820794485.453487,8822945088.19557,32375755728.068535,51718022447.95593,157640277.5253473,273925351.2212072,18.236806208246197,7.727963496870169,28.357725900940455,45.299498706259676,0.13807615237028698,0.23992953531322106,20820794485.453487,8822945088.19557,157640277.5253473,18,12,6,Universal P&C Insurance Co.;Florida Family Insurance Co.;First Protective Insurance Co.;Cypress P&C Insurance Co.;Tower Hill Insurance Exchange;Kin Interinsurance Network;Florida Family Home Ins Co.;TypTap Insurance Co.;Homeowners Choice P&C Ins Co.;Edison Insurance Co.;Safe Harbor Insurance Co.;GeoVera Specialty Insurance Co;FL Farm Bureau General Ins Co.;State Farm FL Ins Co;AIG Property Casualty Co.;ASI Preferred Insurance Corp.;Castle Key Indemnity Co.;First Liberty Insurance Corp.,Universal P&C Insurance Co.;Florida Family Insurance Co.;First Protective Insurance Co.;Cypress P&C Insurance Co.;Tower Hill Insurance Exchange;Kin Interinsurance Network;Florida Family Home Ins Co.;TypTap Insurance Co.;Homeowners Choice P&C Ins Co.;Edison Insurance Co.;Safe Harbor Insurance Co.;GeoVera Specialty Insurance Co,960444762.0633932,6,28.525995730733356,739235778.7371321,0.0,0,1.0,1297817808.2522476,384822840.0,3112584684.8485208,539937478.65,359958319.1,539937478.65,359958319.1,0.0,157640277.5253473,157640277.5253473,1395853723.0,157640277.5253473,0.0,False,13362720351.690407,13362720351.690407,0.0,1.0,8840162940.609333,4522557411.081073,1683453273.353509,0.0,13,9464500000.0,9464500000.0,32
andrew,baseline,,1992230N11325,"{""1992230N11325"": 0.933517998555417}",114169083378.42009,106578894212.32924,7590189166.090857,16803129761.417393,45823438689.25426,0.0,35086405259.545845,8865920502.111732,16803129761.417393,45823438689.25426,2635663308.7051373,4954525857.385719,30.731967202758305,7.765605398376653,14.717758314413754,40.13646893999297,2.3085613291376594,4.3396388153206535,35086405259.545845,8865920502.111732,2635663308.7051373,28,18,10,Universal P&C Insurance Co.;Florida Family Insurance Co.;First Protective Insurance Co.;Cypress P&C Insurance Co.;Florida Peninsula Insurance Co;Tower Hill Insurance Exchange;Kin Interinsurance Network;Heritage P&C Insurance Co.;Florida Family Home Ins Co.;US Coastal P&C Insurance Co.;TypTap Insurance Co.;Homeowners Choice P&C Ins Co.;Edison Insurance Co.;Safe Harbor Insurance Co.;GeoVera Specialty Insurance Co;Florida Farm Bureau Cas Ins Co;Universal North America Ins Co;Auto Club Insurance Co. of FL;American Platinum P&C Ins Co.;FL Farm Bureau General Ins Co.;Castle Key Insurance Co.;Homesite Insurance Co.;State Farm FL Ins Co;AIG Property Casualty Co.;ASI Preferred Insurance Corp.;ACE Ins Co. of the Midwest;Castle Key Indemnity Co.;First Liberty Insurance Corp.,Universal P&C Insurance Co.;Florida Family Insurance Co.;First Protective Insurance Co.;Cypress P&C Insurance Co.;Florida Peninsula Insurance Co;Tower Hill Insurance Exchange;Kin Interinsurance Network;Heritage P&C Insurance Co.;Florida Family Home Ins Co.;US Coastal P&C Insurance Co.;TypTap Insurance Co.;Homeowners Choice P&C Ins Co.;Edison Insurance Co.;Safe Harbor Insurance Co.;GeoVera Specialty Insurance Co;Florida Farm Bureau Cas Ins Co;Universal North America Ins Co;American Platinum P&C Ins Co.,3138995219.486912,10,35.166819401784345,1505329856.6730819,13819095.10236413,1,0.9811320754716981,4817681606.01309,311486220.0,3281670322.0704885,539937478.65,359958319.1,539937478.65,359958319.1,0.0,2635663308.7051373,2635663308.7051373,1395853723.0,1395853723.0,0.0,False,14691791810.909615,14691791810.909615,0.0,1.0,10169234399.828543,4522557411.081073,2086559284.141694,0.0,13,9464500000.0,9464500000.0,33
andrew,baseline,,1992230N11325,"{""1992230N11325"": 0.9737222243801296}",114169083378.42007,111168973822.67566,3000109555.744421,20520721234.695034,48902378919.64175,0.0,30634623525.04852,11111250143.29037,20520721234.695034,48902378919.64175,1067649205.7357367,1932460350.0086849,26.832678881644583,9.732275861812331,17.973973888077833,42.83329380647821,0.9351473920456654,1.6926301699413953,30634623525.04852,11111250143.29037,1067649205.7357367,26,17,9,Universal P&C Insurance Co.;Florida Family Insurance Co.;First Protective Insurance Co.;Cypress P&C Insurance Co.;Florida Peninsula Insurance Co;Tower Hill Insurance Exchange;Kin Interinsurance Network;Florida Family Home Ins Co.;US Coastal P&C Insurance Co.;TypTap Insurance Co.;Homeowners Choice P&C Ins Co.;Edison Insurance Co.;Safe Harbor Insurance Co.;GeoVera Specialty Insurance Co;Florida Farm Bureau Cas Ins Co;Universal North America Ins Co;Auto Club Insurance Co. of FL;American Platinum P&C Ins Co.;FL Farm Bureau General Ins Co.;Homesite Insurance Co.;State Farm FL Ins Co;AIG Property Casualty Co.;ASI Preferred Insurance Corp.;ACE Ins Co. of the Midwest;Castle Key Indemnity Co.;First Liberty Insurance Corp.,Universal P&C Insurance Co.;Florida Family Insurance Co.;First Protective Insurance Co.;Cypress P&C Insurance Co.;Florida Peninsula Insurance Co;Tower Hill Insurance Exchange;Kin Interinsurance Network;Florida Family Home Ins Co.;US Coastal P&C Insurance Co.;TypTap Insurance Co.;Homeowners Choice P&C Ins Co.;Edison Insurance Co.;Safe Harbor Insurance Co.;GeoVera Specialty Insurance Co;Florida Farm Bureau Cas Ins Co;Universal North America Ins Co;American Platinum P&C Ins Co.,2600367776.3989544,9,33.145293557041065,748538810.81663,1688635.237273436,1,0.9811320754716981,3887029239.3916006,333810540.0,5424075235.9917555,539937478.65,359958319.1,539937478.65,359958319.1,0.0,1067649205.7357367,1067649205.7357367,1395853723.0,1067649205.7357367,0.0,False,14616722111.506315,14616722111.506315,0.0,1.0,10094164700.425243,4522557411.081072,2086237466.4613895,0.0,13,9464500000.0,9464500000.0,34
andrew,baseline,,1992230N11325,"{""1992230N11325"": 0.8538374069103409}",114169083378.42007,97481834101.16069,16687249277.25938,24321199191.866673,38593515209.32735,0.0,21935044171.548195,12632075528.418503,24321199191.866673,38593515209.32735,5743304082.01975,10943945195.239632,19.212770675265222,11.064357490327529,21.3027892246911,33.80382330075025,5.03052482516938,9.585734483796536,21935044171.548195,12632075528.418503,5743304082.01975,19,13,6,Universal P&C Insurance Co.;Florida Family Insurance Co.;First Protective Insurance Co.;Cypress P&C Insurance Co.;Tower Hill Insurance Exchange;Kin Interinsurance Network;Florida Family Home Ins Co.;US Coastal P&C Insurance Co.;TypTap Insurance Co.;Homeowners Choice P&C Ins Co.;Edison Insurance Co.;Safe Harbor Insurance Co.;GeoVera Specialty Insurance Co;FL Farm Bureau General Ins Co.;State Farm FL Ins Co;AIG Property Casualty Co.;ASI Preferred Insurance Corp.;Castle Key Indemnity Co.;First Liberty Insurance Corp.,Universal P&C Insurance Co.;Florida Family Insurance Co.;First Protective Insurance Co.;Cypress P&C Insurance Co.;Tower Hill Insurance Exchange;Kin Interinsurance Network;Florida Family Home Ins Co.;US Coastal P&C Insurance Co.;TypTap Insurance Co.;Homeowners Choice P&C Ins Co.;Edison Insurance Co.;Safe Harbor Insurance Co.;GeoVera Specialty Insurance Co,1161635694.4122143,6,28.889501145391137,543588980.9658592,0.0,0,1.0,1549705156.0330784,380808540.0,6780640041.53647,539937478.65,359958319.1,539937478.65,359958319.1,2302304082.0197496,5743304082.01975,3441000000.0,1395853723.0,1395853723.0,0.0,False,13961665348.661844,13961665348.661844,0.0,1.0,9439107937.58077,4522557411.081074,1603608732.668125,0.0,13,9464500000.0,9464500000.0,35
andrew,baseline,,1992230N11325,"{""1992230N11325"": 0.9842344093377903}",114169083378.42007,112367370233.74876,1801713144.6713133,29288040334.557915,48448293997.138596,0.0,24709211828.81014,9921824073.242107,29288040334.557915,48448293997.138596,658035304.2515488,1143677840.4197645,21.64264711393891,8.690464861100482,25.653214922888534,42.43556360749074,0.5763690876543629,1.001740406926959,24709211828.81014,9921824073.242107,658035304.2515488,20,13,7,Universal P&C Insurance Co.;Florida Family Insurance Co.;First Protective Insurance Co.;Cypress P&C Insurance Co.;Tower Hill Insurance Exchange;Kin Interinsurance Network;Florida Family Home Ins Co.;US Coastal P&C Insurance Co.;TypTap Insurance Co.;Homeowners Choice P&C Ins Co.;Edison Insurance Co.;Safe Harbor Insurance Co.;GeoVera Specialty Insurance Co;FL Farm Bureau General Ins Co.;Homesite Insurance Co.;State Farm FL Ins Co;AIG Property Casualty Co.;ASI Preferred Insurance Corp.;Castle Key Indemnity Co.;First Liberty Insurance Corp.,Universal P&C Insurance Co.;Florida Family Insurance Co.;First Protective Insurance Co.;Cypress P&C Insurance Co.;Tower Hill Insurance Exchange;Kin Interinsurance Network;Florida Family Home Ins Co.;US Coastal P&C Insurance Co.;TypTap Insurance Co.;Homeowners Choice P&C Ins Co.;Edison Insurance Co.;Safe Harbor Insurance Co.;GeoVera Specialty Insurance Co,1568242499.8857167,7,28.889501145391137,605449266.4056014,0.0,0,1.0,1668265247.5628889,380808540.0,4212617207.2251143,539937478.65,359958319.1,539937478.65,359958319.1,0.0,658035304.2515488,658035304.2515488,1395853723.0,658035304.2515488,0.0,False,14107494129.26234,14107494129.26234,0.0,1.0,9584936718.181267,4522557411.081073,1884443902.4114866,0.0,13,9464500000.0,9464500000.0,36
andrew,baseline,,1992230N11325,"{""1992230N11325"": 0.951047129498916}",114169083378.42007,108580179024.56882,5588904353.851263,27338493912.60627,54367617570.300606,0.0,20489675514.08498,6384392027.576967,27338493912.60627,54367617570.300606,1952005708.8289318,3636898645.022331,17.946781131780444,5.592049825271459,23.94561916731103,47.62026282552867,1.709749829871976,3.185537220236427,20489675514.08498,6384392027.576967,1952005708.8289318,19,13,6,Universal P&C Insurance Co.;Florida Family Insurance Co.;First Protective Insurance Co.;Cypress P&C Insurance Co.;Tower Hill Insurance Exchange;Kin Interinsurance Network;Florida Family Home Ins Co.;US Coastal P&C Insurance Co.;TypTap Insurance Co.;Homeowners Choice P&C Ins Co.;Edison Insurance Co.;Safe Harbor Insurance Co.;GeoVera Specialty Insurance Co;FL Farm Bureau General Ins Co.;Homesite Insurance Co.;State Farm FL Ins Co;AIG Property Casualty Co.;ASI Preferred Insurance Corp.;Castle Key Indemnity Co.,Universal P&C Insurance Co.;Florida Family Insurance Co.;First Protective Insurance Co.;Cypress P&C Insurance Co.;Tower Hill Insurance Exchange;Kin Interinsurance Network;Florida Family Home Ins Co.;US Coastal P&C Insurance Co.;TypTap Insurance Co.;Homeowners Choice P&C Ins Co.;Edison Insurance Co.;Safe Harbor Insurance Co.;GeoVera Specialty Insurance Co,810829261.8100775,6,28.889501145391137,324045940.5826727,0.0,0,1.0,794442248.7159305,380808540.0,1414736004.0052576,539937478.65,359958319.1,539937478.65,359958319.1,0.0,1952005708.8289318,1952005708.8289318,1395853723.0,1395853723.0,0.0,False,12748100837.844595,12748100837.844595,0.0,1.0,8871878131.812225,3876222706.0323696,1940752441.3368845,0.0,13,9464500000.0,9464500000.0,37
andrew,baseline,,1992230N11325,"{""1992230N11325"": 0.9364645682289243}",114169083378.42007,106915301371.06422,7253782007.355858,8577020961.109534,26988216780.98844,0.0,52760909591.83553,18589154037.130722,8577020961.109534,26988216780.98844,2520743478.5463457,4733038528.809512,46.212957160176565,16.28212602488529,7.5125600620620725,23.638813575768516,2.2079037546366163,4.145639422470951,52760909591.83553,18589154037.130722,2520743478.5463457,35,22,13,Universal P&C Insurance Co.;Florida Family Insurance Co.;First Protective Insurance Co.;Cypress P&C Insurance Co.;Florida Peninsula Insurance Co;Tower Hill Insurance Exchange;Kin Interinsurance Network;Unique Insurance Co.;Heritage P&C Insurance Co.;Florida Family Home Ins Co.;US Coastal P&C Insurance Co.;TypTap Insurance Co.;Homeowners Choice P&C Ins Co.;Vault E&S Insurance Co.;Edison Insurance Co.;Safe Harbor Insurance Co.;Spinnaker Specialty Ins Co.;GeoVera Specialty Insurance Co;Florida Farm Bureau Cas Ins Co;Universal North America Ins Co;QBE Specialty Insurance Co.;Auto Club Insurance Co. of FL;American Platinum P&C Ins Co.;FL Farm Bureau General Ins Co.;Castle Key Insurance Co.;Homesite Insurance Co.;PURE Specialty Exchange;State Farm FL Ins Co;AIG Property Casualty Co.;Foremost P&C Insurance Co.;ASI Preferred Insurance Corp.;Nationwide P&C Insurance Co.;ACE Ins Co. of the Midwest;Castle Key Indemnity Co.;First Liberty Insurance Corp.,Universal P&C Insurance Co.;Florida Family Insurance Co.;First Protective Insurance Co.;Cypress P&C Insurance Co.;Florida Peninsula Insurance Co;Tower Hill Insurance Exchange;Kin Interinsurance Network;Unique Insurance Co.;Heritage P&C Insurance Co.;Florida Family Home Ins Co.;US Coastal P&C Insurance Co.;TypTap Insurance Co.;Homeowners Choice P&C Ins Co.;Vault E&S Insurance Co.;Edison Insurance Co.;Safe Harbor Insurance Co.;Spinnaker Specialty Ins Co.;GeoVera Specialty Insurance Co;Florida Farm Bureau Cas Ins Co;Universal North America Ins Co;QBE Specialty Insurance Co.;American Platinum P&C Ins Co.,6668597554.419035,13,35.89838321723671,3410586411.0058737,51151954.902196914,1,0.9811320754716981,12737965175.99232,303407340.0,12895856969.319777,539937478.65,359958319.1,539937478.65,359958319.1,0.0,2520743478.5463457,2520743478.5463457,1395853723.0,1395853723.0,0.0,False,14739622542.563324,14739622542.563324,0.0,1.0,10217065131.48225,4522557411.081074,2307068218.1769595,0.0,14,9464500000.0,9464500000.0,38
andrew,baseline,,1992230N11325,"{""1992230N11325"": 0.9241385408900201}",114169083378.42007,105508050128.08417,8661033250.335913,12108205621.665009,47610888818.85658,0.0,32343244737.614513,13445710949.948067,12108205621.665009,47610888818.85658,3001473658.1362815,5659559592.19963,28.32924972377237,11.77701576650263,10.605503051585039,41.70208554714197,2.6289723709068613,4.957173540091139,32343244737.614513,13445710949.948067,3001473658.1362815,26,17,9,Universal P&C Insurance Co.;Florida Family Insurance Co.;First Protective Insurance Co.;Cypress P&C Insurance Co.;Tower Hill Insurance Exchange;Kin Interinsurance Network;Heritage P&C Insurance Co.;Florida Family Home Ins Co.;US Coastal P&C Insurance Co.;TypTap Insurance Co.;Homeowners Choice P&C Ins Co.;Edison Insurance Co.;Safe Harbor Insurance Co.;GeoVera Specialty Insurance Co;Florida Farm Bureau Cas Ins Co;Universal North America Ins Co;Auto Club Insurance Co. of FL;American Platinum P&C Ins Co.;FL Farm Bureau General Ins Co.;Homesite Insurance Co.;State Farm FL Ins Co;AIG Property Casualty Co.;ASI Preferred Insurance Corp.;ACE Ins Co. of the Midwest;Castle Key Indemnity Co.;First Liberty Insurance Corp.,Universal P&C Insurance Co.;Florida Family Insurance Co.;First Protective Insurance Co.;Cypress P&C Insurance Co.;Tower Hill Insurance Exchange;Kin Interinsurance Network;Heritage P&C Insurance Co.;Florida Family Home Ins Co.;US Coastal P&C Insurance Co.;TypTap Insurance Co.;Homeowners Choice P&C Ins Co.;Edison Insurance Co.;Safe Harbor Insurance Co.;GeoVera Specialty Insurance Co;Florida Farm Bureau Cas Ins Co;Universal North America Ins Co;American Platinum P&C Ins Co.,2914163211.574141,9,32.09530323621147,1894263711.8107572,17224099.918745995,1,0.9811320754716981,4706125909.300315,345405900.0,7710819525.954802,539937478.65,359958319.1,539937478.65,359958319.1,0.0,3001473658.1362815,3001473658.1362815,1395853723.0,1395853723.0,0.0,False,14658841362.988008,14658841362.988008,0.0,1.0,10136283951.906935,4522557411.081074,1966854638.5645714,0.0,13,9464500000.0,9464500000.0,39
andrew,baseline,,1992230N11325,"{""1992230N11325"": 0.892209837166695}",114169083378.42007,101862779290.53098,12306304087.889093,23083339880.425995,42034730879.58173,0.0,29145725603.688725,7598982926.834534,23083339880.425995,42034730879.58173,4246732252.2448626,8059571835.64423,25.528562322851904,6.655902545566791,20.21855584485593,36.81796300339486,3.7196867370554436,7.059329546275071,29145725603.688725,7598982926.834534,4246732252.2448626,23,15,8,Universal P&C Insurance Co.;Florida Family Insurance Co.;First Protective Insurance Co.;Cypress P&C Insurance Co.;Florida Peninsula Insurance Co;Tower Hill Insurance Exchange;Kin Interinsurance Network;Florida Family Home Ins Co.;US Coastal P&C Insurance Co.;TypTap Insurance Co.;Homeowners Choice P&C Ins Co.;Edison Insurance Co.;Safe Harbor Insurance Co.;GeoVera Specialty Insurance Co;Universal North America Ins Co;Auto Club Insurance Co. of FL;FL Farm Bureau General Ins Co.;Homesite Insurance Co.;State Farm FL Ins Co;AIG Property Casualty Co.;ASI Preferred Insurance Corp.;Castle Key Indemnity Co.;First Liberty Insurance Corp.,Universal P&C Insurance Co.;Florida Family Insurance Co.;First Protective Insurance Co.;Cypress P&C Insurance Co.;Florida Peninsula Insurance Co;Tower Hill Insurance Exchange;Kin Interinsurance Network;Florida Family Home Ins Co.;US Coastal P&C Insurance Co.;TypTap Insurance Co.;Homeowners Choice P&C Ins Co.;Edison Insurance Co.;Safe Harbor Insurance Co.;GeoVera Specialty Insurance Co;Universal North America Ins Co,2361216215.409559,8,32.274744134947035,1394785538.7570963,0.0,0,1.0,3304695362.233609,343424280.0,2026857041.209272,539937478.65,359958319.1,539937478.65,359958319.1,805732252.2448626,4246732252.2448626,3441000000.0,1395853723.0,1395853723.0,0.0,False,14340460246.901466,14340460246.901466,0.0,1.0,9817902835.820395,4522557411.081073,2086261521.2472887,0.0,13,9464500000.0,9464500000.0,40
andrew,baseline,,1992230N11325,"{""1992230N11325"": 0.8902556748899155}",114169083378.42009,101639674374.61841,12529409003.801678,20607822559.5971,48469150864.00976,0.0,24276100981.09933,8286599969.912208,20607822559.5971,48469150864.00976,4322946977.105884,8206462026.695796,21.263287978440516,7.258182096851727,18.050265404418873,42.45383200928042,3.786442747181585,7.187989763826866,24276100981.09933,8286599969.912208,4322946977.105884,24,15,9,Universal P&C Insurance Co.;Florida Family Insurance Co.;First Protective Insurance Co.;Cypress P&C Insurance Co.;Tower Hill Insurance Exchange;Kin Interinsurance Network;Florida Family Home Ins Co.;US Coastal P&C Insurance Co.;TypTap Insurance Co.;Homeowners Choice P&C Ins Co.;Edison Insurance Co.;Safe Harbor Insurance Co.;GeoVera Specialty Insurance Co;Universal North America Ins Co;Auto Club Insurance Co. of FL;American Platinum P&C Ins Co.;FL Farm Bureau General Ins Co.;Homesite Insurance Co.;State Farm FL Ins Co;AIG Property Casualty Co.;ASI Preferred Insurance Corp.;ACE Ins Co. of the Midwest;Castle Key Indemnity Co.;First Liberty Insurance Corp.,Universal P&C Insurance Co.;Florida Family Insurance Co.;First Protective Insurance Co.;Cypress P&C Insurance Co.;Tower Hill Insurance Exchange;Kin Interinsurance Network;Florida Family Home Ins Co.;US Coastal P&C Insurance Co.;TypTap Insurance Co.;Homeowners Choice P&C Ins Co.;Edison Insurance Co.;Safe Harbor Insurance Co.;GeoVera Specialty Insurance Co;Universal North America Ins Co;American Platinum P&C Ins Co.,1016290459.2193848,9,29.360577648978133,716854137.9028838,2908973.236228958,1,0.9811320754716981,1859581167.006393,375606300.0,2640700392.9130845,539937478.65,359958319.1,539937478.65,359958319.1,881946977.1058836,4322946977.105884,3441000000.0,1395853723.0,1395853723.0,0.0,False,14201219299.89671,14201219299.89671,0.0,1.0,9678661888.815636,4522557411.081073,1984163767.2716048,0.0,13,9464500000.0,9464500000.0,41
andrew,baseline,,1992230N11325,"{""1992230N11325"": 0.8980701526205086}",114169083378.42009,102531846134.20131,11637237244.218786,12825970026.038864,55223935592.56131,0.0,26110396725.707703,8371543789.893419,12825970026.038864,55223935592.56131,4018172764.0086474,7619064480.210136,22.869936372496984,7.332583867863289,11.234188491753445,48.37030652993714,3.5194928829288914,6.673491855020244,26110396725.707703,8371543789.893419,4018172764.0086474,25,16,9,Universal P&C Insurance Co.;Florida Family Insurance Co.;First Protective Insurance Co.;Cypress P&C Insurance Co.;Florida Peninsula Insurance Co;Tower Hill Insurance Exchange;Kin Interinsurance Network;Florida Family Home Ins Co.;US Coastal P&C Insurance Co.;TypTap Insurance Co.;Homeowners Choice P&C Ins Co.;Edison Insurance Co.;Safe Harbor Insurance Co.;GeoVera Specialty Insurance Co;Florida Farm Bureau Cas Ins Co;Universal North America Ins Co;Auto Club Insurance Co. of FL;FL Farm Bureau General Ins Co.;Homesite Insurance Co.;State Farm FL Ins Co;AIG Property Casualty Co.;ASI Preferred Insurance Corp.;ACE Ins Co. of the Midwest;Castle Key Indemnity Co.;First Liberty Insurance Corp.,Universal P&C Insurance Co.;Florida Family Insurance Co.;First Protective Insurance Co.;Cypress P&C Insurance Co.;Florida Peninsula Insurance Co;Tower Hill Insurance Exchange;Kin Interinsurance Network;Florida Family Home Ins Co.;US Coastal P&C Insurance Co.;TypTap Insurance Co.;Homeowners Choice P&C Ins Co.;Edison Insurance Co.;Safe Harbor Insurance Co.;GeoVera Specialty Insurance Co;Florida Farm Bureau Cas Ins Co;Universal North America Ins Co,1588897797.1317651,9,32.98794387743709,856096254.970787,0.0,0,1.0,2938624787.62354,335548200.0,2742496700.391992,539937478.65,359958319.1,539937478.65,359958319.1,577172764.0086474,4018172764.0086474,3441000000.0,1395853723.0,1395853723.0,0.0,False,14174489301.2074,14174489301.2074,0.0,1.0,9651931890.126326,4522557411.081074,1710756910.2476926,0.0,13,9464500000.0,9464500000.0,42
andrew,baseline,,1992230N11325,"{""1992230N11325"": 0.5729636283077704}",114169083378.42007,65414732253.07192,48754351125.34815,22684819542.631546,18237910946.281662,0.0,18410948349.92263,6081053414.236082,22684819542.631546,18237910946.281662,16697725836.670826,32056625288.677326,16.126036756289327,5.326357394041675,19.86949432487024,15.974474355575794,14.625435663107886,28.07820150611508,18410948349.92263,6081053414.236082,16697725836.670826,16,11,5,Universal P&C Insurance Co.;Florida Family Insurance Co.;First Protective Insurance Co.;Cypress P&C Insurance Co.;Tower Hill Insurance Exchange;Kin Interinsurance Network;TypTap Insurance Co.;Homeowners Choice P&C Ins Co.;Edison Insurance Co.;Safe Harbor Insurance Co.;GeoVera Specialty Insurance Co;FL Farm Bureau General Ins Co.;State Farm FL Ins Co;AIG Property Casualty Co.;ASI Preferred Insurance Corp.;Castle Key Indemnity Co.,Universal P&C Insurance Co.;Florida Family Insurance Co.;First Protective Insurance Co.;Cypress P&C Insurance Co.;Tower Hill Insurance Exchange;Kin Interinsurance Network;TypTap Insurance Co.;Homeowners Choice P&C Ins Co.;Edison Insurance Co.;Safe Harbor Insurance Co.;GeoVera Specialty Insurance Co,459185601.2484009,5,28.176154707643686,213714909.7853613,0.0,0,1.0,449349510.44705653,388686240.0,1382940369.5971842,539937478.65,359958319.1,539937478.65,359958319.1,13256725836.670826,16697725836.670826,3441000000.0,1395853723.0,1395853723.0,0.0,False,12208596372.516548,12208596372.516548,0.0,1.0,8632678893.691652,3575917478.824895,1583020697.471377,0.0,13,9464500000.0,9464500000.0,43
andrew,baseline,,1992230N11325,"{""1992230N11325"": 0.8157758212624749}",114169083378.42009,93136377755.81462,21032705622.605465,11161526964.666348,22958292611.859505,0.0,44104838262.73623,14911719916.552555,11161526964.666348,22958292611.859505,7227752590.926169,13804953031.679296,38.631157365561194,13.061084030189496,9.776313021337673,20.109027709159147,6.330744170879749,12.09167370287276,44104838262.73623,14911719916.552555,7227752590.926169,30,19,11,Universal P&C Insurance Co.;Florida Family Insurance Co.;First Protective Insurance Co.;Cypress P&C Insurance Co.;Florida Peninsula Insurance Co;Tower Hill Insurance Exchange;Kin Interinsurance Network;Heritage P&C Insurance Co.;Florida Family Home Ins Co.;US Coastal P&C Insurance Co.;TypTap Insurance Co.;Homeowners Choice P&C Ins Co.;Vault E&S Insurance Co.;Edison Insurance Co.;Safe Harbor Insurance Co.;GeoVera Specialty Insurance Co;Florida Farm Bureau Cas Ins Co;Universal North America Ins Co;Auto Club Insurance Co. of FL;American Platinum P&C Ins Co.;FL Farm Bureau General Ins Co.;Castle Key Insurance Co.;Homesite Insurance Co.;State Farm FL Ins Co;AIG Property Casualty Co.;ASI Preferred Insurance Corp.;Nationwide P&C Insurance Co.;ACE Ins Co. of the Midwest;Castle Key Indemnity Co.;First Liberty Insurance Corp.,Universal P&C Insurance Co.;Florida Family Insurance Co.;First Protective Insurance Co.;Cypress P&C Insurance Co.;Florida Peninsula Insurance Co;Tower Hill Insurance Exchange;Kin Interinsurance Network;Heritage P&C Insurance Co.;Florida Family Home Ins Co.;US Coastal P&C Insurance Co.;TypTap Insurance Co.;Homeowners Choice P&C Ins Co.;Vault E&S Insurance Co.;Edison Insurance Co.;Safe Harbor Insurance Co.;GeoVera Specialty Insurance Co;Florida Farm Bureau Cas Ins Co;Universal North America Ins Co;American Platinum P&C Ins Co.,4792327454.002412,11,35.41856476294073,2535266893.692379,38401692.18572423,1,0.9811320754716981,8857503718.851099,308706120.0,9233630063.329264,539937478.65,359958319.1,539937478.65,359958319.1,3786752590.9261694,7227752590.926169,3441000000.0,1395853723.0,1395853723.0,0.0,False,14718577512.676666,14718577512.676666,0.0,1.0,10196020101.595592,4522557411.081073,2302635586.036605,0.0,14,9464500000.0,9464500000.0,44
andrew,baseline,,1992230N11325,"{""1992230N11325"": 0.919569773313894}",114169083378.42006,104986438121.74878,9182645256.671276,16927223622.813095,60125716036.70609,0.0,20826584858.994186,7106913603.235442,16927223622.813095,60125716036.70609,3179661195.530711,6002984061.140565,18.241877960921578,6.2249020425951604,14.826451366616327,52.66374596125636,2.7850457421923407,5.257976926418271,20826584858.994186,7106913603.235442,3179661195.530711,20,13,7,Universal P&C Insurance Co.;Florida Family Insurance Co.;First Protective Insurance Co.;Cypress P&C Insurance Co.;Tower Hill Insurance Exchange;Kin Interinsurance Network;Florida Family Home Ins Co.;US Coastal P&C Insurance Co.;TypTap Insurance Co.;Homeowners Choice P&C Ins Co.;Edison Insurance Co.;Safe Harbor Insurance Co.;GeoVera Specialty Insurance Co;FL Farm Bureau General Ins Co.;Homesite Insurance Co.;State Farm FL Ins Co;AIG Property Casualty Co.;ASI Preferred Insurance Corp.;Castle Key Indemnity Co.;First Liberty Insurance Corp.,Universal P&C Insurance Co.;Florida Family Insurance Co.;First Protective Insurance Co.;Cypress P&C Insurance Co.;Tower Hill Insurance Exchange;Kin Interinsurance Network;Florida Family Home Ins Co.;US Coastal P&C Insurance Co.;TypTap Insurance Co.;Homeowners Choice P&C Ins Co.;Edison Insurance Co.;Safe Harbor Insurance Co.;GeoVera Specialty Insurance Co,574978925.1737354,7,28.889501145391137,324649301.5265769,0.0,0,1.0,893413387.0924997,380808540.0,1487715630.7274027,539937478.65,359958319.1,539937478.65,359958319.1,0.0,3179661195.530711,3179661195.530711,1395853723.0,1395853723.0,0.0,False,13615718426.80568,13615718426.80568,0.0,1.0,9093161015.724607,4522557411.081073,1763410465.6231427,0.0,13,9464500000.0,9464500000.0,45
andrew,baseline,,1992230N11325,"{""1992230N11325"": 0.8869620426574105}",114169083378.42007,101263643401.64769,12905439976.772392,23385648084.01419,21797524794.639973,0.0,41338588939.4573,14741881583.536236,23385648084.01419,21797524794.639973,4451402672.611106,8454037304.161288,36.208216547064794,12.912323675818094,20.48334574650223,19.09231829635595,3.898956303132147,7.404839431126804,41338588939.4573,14741881583.536236,4451402672.611106,31,19,12,Universal P&C Insurance Co.;Florida Family Insurance Co.;First Protective Insurance Co.;Cypress P&C Insurance Co.;Florida Peninsula Insurance Co;Tower Hill Insurance Exchange;Kin Interinsurance Network;Heritage P&C Insurance Co.;Florida Family Home Ins Co.;US Coastal P&C Insurance Co.;TypTap Insurance Co.;Homeowners Choice P&C Ins Co.;Vault E&S Insurance Co.;Edison Insurance Co.;Safe Harbor Insurance Co.;GeoVera Specialty Insurance Co;Florida Farm Bureau Cas Ins Co;Universal North America Ins Co;Auto Club Insurance Co. of FL;American Platinum P&C Ins Co.;FL Farm Bureau General Ins Co.;Castle Key Insurance Co.;Homesite Insurance Co.;State Farm FL Ins Co;AIG Property Casualty Co.;Foremost P&C Insurance Co.;ASI Preferred Insurance Corp.;Nationwide P&C Insurance Co.;ACE Ins Co. of the Midwest;Castle Key Indemnity Co.;First Liberty Insurance Corp.,Universal P&C Insurance Co.;Florida Family Insurance Co.;First Protective Insurance Co.;Cypress P&C Insurance Co.;Florida Peninsula Insurance Co;Tower Hill Insurance Exchange;Kin Interinsurance Network;Heritage P&C Insurance Co.;Florida Family Home Ins Co.;US Coastal P&C Insurance Co.;TypTap Insurance Co.;Homeowners Choice P&C Ins Co.;Vault E&S Insurance Co.;Edison Insurance Co.;Safe Harbor Insurance Co.;GeoVera Specialty Insurance Co;Florida Farm Bureau Cas Ins Co;Universal North America Ins Co;American Platinum P&C Ins Co.,4327405233.095518,12,35.41856476294073,2795678462.446497,16976101.42890063,1,0.9811320754716981,8345960275.831205,308706120.0,9050315567.068998,539937478.65,359958319.1,539937478.65,359958319.1,1010402672.6111059,4451402672.611106,3441000000.0,1395853723.0,1395853723.0,0.0,False,14688671129.201874,14688671129.201874,0.0,1.0,10166113718.1208,4522557411.081073,2086494418.209399,0.0,13,9464500000.0,9464500000.0,46
andrew,baseline,,1992230N11325,"{""1992230N11325"": 0.9793076119186483}",114169083378.42007,111806652398.2616,2362430980.158485,6647130213.907553,41896092069.84584,0.0,42390036262.36692,20873393852.1413,6647130213.907553,41896092069.84584,849812243.2947474,1512618736.8637378,37.12917280929959,18.282877670967384,5.822180591461222,36.69653012013664,0.7443453325082722,1.3248934756269128,42390036262.36692,20873393852.1413,849812243.2947474,29,18,11,Universal P&C Insurance Co.;Florida Family Insurance Co.;First Protective Insurance Co.;Cypress P&C Insurance Co.;Florida Peninsula Insurance Co;Tower Hill Insurance Exchange;Kin Interinsurance Network;Heritage P&C Insurance Co.;Florida Family Home Ins Co.;US Coastal P&C Insurance Co.;TypTap Insurance Co.;Homeowners Choice P&C Ins Co.;Edison Insurance Co.;Safe Harbor Insurance Co.;GeoVera Specialty Insurance Co;Florida Farm Bureau Cas Ins Co;Universal North America Ins Co;Auto Club Insurance Co. of FL;American Platinum P&C Ins Co.;FL Farm Bureau General Ins Co.;Castle Key Insurance Co.;Homesite Insurance Co.;State Farm FL Ins Co;AIG Property Casualty Co.;ASI Preferred Insurance Corp.;Nationwide P&C Insurance Co.;ACE Ins Co. of the Midwest;Castle Key Indemnity Co.;First Liberty Insurance Corp.,Universal P&C Insurance Co.;Florida Family Insurance Co.;First Protective Insurance Co.;Cypress P&C Insurance Co.;Florida Peninsula Insurance Co;Tower Hill Insurance Exchange;Kin Interinsurance Network;Heritage P&C Insurance Co.;Florida Family Home Ins Co.;US Coastal P&C Insurance Co.;TypTap Insurance Co.;Homeowners Choice P&C Ins Co.;Edison Insurance Co.;Safe Harbor Insurance Co.;GeoVera Specialty Insurance Co;Florida Farm Bureau Cas Ins Co;Universal North America Ins Co;American Platinum P&C Ins Co.,4252887953.104782,11,35.166819401784345,2730237490.7545586,29195424.882482022,1,0.9811320754716981,9008871058.574657,311486220.0,15083767642.615797,539937478.65,359958319.1,539937478.65,359958319.1,0.0,849812243.2947474,849812243.2947474,1395853723.0,849812243.2947474,0.0,False,14723881490.158897,14723881490.158897,0.0,1.0,10201324079.077824,4522557411.081073,2114322821.0900948,0.0,14,9464500000.0,9464500000.0,47
andrew,baseline,,1992230N11325,"{""1992230N11325"": 0.923124263444986}",114169083378.42009,105392251001.89322,8776832376.526865,18473130851.901108,47620027851.69716,0.0,29232003456.659767,10067088841.63518,18473130851.901108,47620027851.69716,3041031722.1336164,5735800654.393248,25.60413256517843,8.817701380913451,16.180502028443932,41.710090369962764,2.6636210365760227,5.02395261892539,29232003456.659767,10067088841.63518,3041031722.1336164,24,16,8,Universal P&C Insurance Co.;Florida Family Insurance Co.;First Protective Insurance Co.;Cypress P&C Insurance Co.;Florida Peninsula Insurance Co;Tower Hill Insurance Exchange;Kin Interinsurance Network;Florida Family Home Ins Co.;US Coastal P&C Insurance Co.;TypTap Insurance Co.;Homeowners Choice P&C Ins Co.;Edison Insurance Co.;Safe Harbor Insurance Co.;GeoVera Specialty Insurance Co;Universal North America Ins Co;American Platinum P&C Ins Co.;FL Farm Bureau General Ins Co.;Homesite Insurance Co.;State Farm FL Ins Co;AIG Property Casualty Co.;ASI Preferred Insurance Corp.;ACE Ins Co. of the Midwest;Castle Key Indemnity Co.;First Liberty Insurance Corp.,Universal P&C Insurance Co.;Florida Family Insurance Co.;First Protective Insurance Co.;Cypress P&C Insurance Co.;Florida Peninsula Insurance Co;Tower Hill Insurance Exchange;Kin Interinsurance Network;Florida Family Home Ins Co.;US Coastal P&C Insurance Co.;TypTap Insurance Co.;Homeowners Choice P&C Ins Co.;Edison Insurance Co.;Safe Harbor Insurance Co.;GeoVera Specialty Insurance Co;Universal North America Ins Co;American Platinum P&C Ins Co.,2374578764.0327826,8,32.43209381455101,1693948084.3315754,12212724.290238693,1,0.9811320754716981,3832410495.618975,341686620.0,4402743960.253664,539937478.65,359958319.1,539937478.65,359958319.1,0.0,3041031722.1336164,3041031722.1336164,1395853723.0,1395853723.0,0.0,False,14314605665.98379,14314605665.98379,0.0,1.0,9792048254.902718,4522557411.081072,2086127897.86635,0.0,13,9464500000.0,9464500000.0,48
andrew,baseline,,1992230N11325,"{""1992230N11325"": 0.939598880625631}",114169083378.42007,107273142944.41782,6895940434.002257,10422809333.184723,69407127239.88501,0.0,21292420965.38531,6150785405.962795,10422809333.184723,69407127239.88501,2398501451.9848814,4497438982.017376,18.649900949813482,5.387435217970227,9.129274778039264,60.79327711674013,2.1008327132091518,3.9392792242277643,21292420965.38531,6150785405.962795,2398501451.9848814,18,12,6,Universal P&C Insurance Co.;Florida Family Insurance Co.;First Protective Insurance Co.;Cypress P&C Insurance Co.;Tower Hill Insurance Exchange;Kin Interinsurance Network;Florida Family Home Ins Co.;TypTap Insurance Co.;Homeowners Choice P&C Ins Co.;Edison Insurance Co.;Safe Harbor Insurance Co.;GeoVera Specialty Insurance Co;FL Farm Bureau General Ins Co.;Homesite Insurance Co.;State Farm FL Ins Co;AIG Property Casualty Co.;ASI Preferred Insurance Corp.;Castle Key Indemnity Co.,Universal P&C Insurance Co.;Florida Family Insurance Co.;First Protective Insurance Co.;Cypress P&C Insurance Co.;Tower Hill Insurance Exchange;Kin Interinsurance Network;Florida Family Home Ins Co.;TypTap Insurance Co.;Homeowners Choice P&C Ins Co.;Edison Insurance Co.;Safe Harbor Insurance Co.;GeoVera Specialty Insurance Co,1392108923.1390057,6,28.525995730733356,222059315.43141866,0.0,0,1.0,698462425.1734588,384822840.0,1417365067.971356,539937478.65,359958319.1,539937478.65,359958319.1,0.0,2398501451.9848814,2398501451.9848814,1395853723.0,1395853723.0,0.0,False,12958804630.462587,12958804630.462587,0.0,1.0,9313852479.828249,3644952150.6343384,1586182062.039442,0.0,12,9464500000.0,9464500000.0,49
andrew,baseline,,1992230N11325,"{""1992230N11325"": 0.970068042251106}",114169083378.42007,110751779198.50723,3417304179.9128475,8994381141.515745,39298420929.98804,0.0,43428863844.3335,19030113282.66996,8994381141.515745,39298420929.98804,1210166789.288005,2207137390.6248426,38.03907551783175,16.66835952391204,7.878123284657848,34.42124589870896,1.0599776695034302,1.933218105385989,43428863844.3335,19030113282.66996,1210166789.288005,28,18,10,Universal P&C Insurance Co.;Florida Family Insurance Co.;First Protective Insurance Co.;Cypress P&C Insurance Co.;Florida Peninsula Insurance Co;Tower Hill Insurance Exchange;Kin Interinsurance Network;Heritage P&C Insurance Co.;Florida Family Home Ins Co.;US Coastal P&C Insurance Co.;TypTap Insurance Co.;Homeowners Choice P&C Ins Co.;Edison Insurance Co.;Safe Harbor Insurance Co.;GeoVera Specialty Insurance Co;Florida Farm Bureau Cas Ins Co;Universal North America Ins Co;Auto Club Insurance Co. of FL;American Platinum P&C Ins Co.;FL Farm Bureau General Ins Co.;Castle Key Insurance Co.;Homesite Insurance Co.;State Farm FL Ins Co;AIG Property Casualty Co.;ASI Preferred Insurance Corp.;ACE Ins Co. of the Midwest;Castle Key Indemnity Co.;First Liberty Insurance Corp.,Universal P&C Insurance Co.;Florida Family Insurance Co.;First Protective Insurance Co.;Cypress P&C Insurance Co.;Florida Peninsula Insurance Co;Tower Hill Insurance Exchange;Kin Interinsurance Network;Heritage P&C Insurance Co.;Florida Family Home Ins Co.;US Coastal P&C Insurance Co.;TypTap Insurance Co.;Homeowners Choice P&C Ins Co.;Edison Insurance Co.;Safe Harbor Insurance Co.;GeoVera Specialty Insurance Co;Florida Farm Bureau Cas Ins Co;Universal North America Ins Co;American Platinum P&C Ins Co.,3954203495.17125,10,35.166819401784345,2355966405.308016,24662133.044111215,1,0.9811320754716981,9575572231.598751,311486220.0,13276738272.803383,539937478.65,359958319.1,539937478.65,359958319.1,0.0,1210166789.288005,1210166789.288005,1395853723.0,1210166789.288005,0.0,False,14673561205.326626,14673561205.326626,0.0,1.0,10151003794.245552,4522557411.081073,2086355946.817574,0.0,13,9464500000.0,9464500000.0,50
andrew,baseline,,1992230N11325,"{""1992230N11325"": 0.9763826815662777}",114169083378.42006,111472715780.98572,2696367597.4343486,15852819887.080408,39373312969.55334,0.0,40039831137.614494,16206751786.737495,15852819887.080408,39373312969.55334,963888113.3964707,1732479484.0378776,35.07064255294067,14.195394503623431,13.885387723167852,34.486843376895834,0.8442636875708351,1.5174681558014036,40039831137.614494,16206751786.737495,963888113.3964707,30,19,11,Universal P&C Insurance Co.;Florida Family Insurance Co.;First Protective Insurance Co.;Cypress P&C Insurance Co.;Florida Peninsula Insurance Co;Tower Hill Insurance Exchange;Kin Interinsurance Network;Heritage P&C Insurance Co.;Florida Family Home Ins Co.;US Coastal P&C Insurance Co.;TypTap Insurance Co.;Homeowners Choice P&C Ins Co.;Vault E&S Insurance Co.;Edison Insurance Co.;Safe Harbor Insurance Co.;GeoVera Specialty Insurance Co;Florida Farm Bureau Cas Ins Co;Universal North America Ins Co;Auto Club Insurance Co. of FL;American Platinum P&C Ins Co.;FL Farm Bureau General Ins Co.;Castle Key Insurance Co.;Homesite Insurance Co.;State Farm FL Ins Co;AIG Property Casualty Co.;ASI Preferred Insurance Corp.;Nationwide P&C Insurance Co.;ACE Ins Co. of the Midwest;Castle Key Indemnity Co.;First Liberty Insurance Corp.,Universal P&C Insurance Co.;Florida Family Insurance Co.;First Protective Insurance Co.;Cypress P&C Insurance Co.;Florida Peninsula Insurance Co;Tower Hill Insurance Exchange;Kin Interinsurance Network;Heritage P&C Insurance Co.;Florida Family Home Ins Co.;US Coastal P&C Insurance Co.;TypTap Insurance Co.;Homeowners Choice P&C Ins Co.;Vault E&S Insurance Co.;Edison Insurance Co.;Safe Harbor Insurance Co.;GeoVera Specialty Insurance Co;Florida Farm Bureau Cas Ins Co;Universal North America Ins Co;American Platinum P&C Ins Co.,3868779390.3754487,11,35.41856476294073,2173147470.2218504,28435978.361825965,1,0.9811320754716981,7791135792.070026,308706120.0,10478111152.184002,539937478.65,359958319.1,539937478.65,359958319.1,0.0,963888113.3964707,963888113.3964707,1395853723.0,963888113.3964707,0.0,False,14651890263.748074,14651890263.748074,0.0,1.0,10129332852.667002,4522557411.081073,2086232773.1609411,0.0,13,9464500000.0,9464500000.0,51
andrew,baseline,,1992230N11325,"{""1992230N11325"": 0.9826534700704063}",114169083378.42007,112188645956.56203,1980437421.8580542,17309138588.04289,55307267022.746315,0.0,26590402474.436764,12981837871.336061,17309138588.04289,55307267022.746315,719319672.9026331,1261117748.955421,23.290370464218693,11.37071218160437,15.160968342603523,48.44329601861404,0.6300476903352251,1.1046053026241551,26590402474.436764,12981837871.336061,719319672.9026331,22,13,9,Universal P&C Insurance Co.;Florida Family Insurance Co.;First Protective Insurance Co.;Cypress P&C Insurance Co.;Tower Hill Insurance Exchange;Kin Interinsurance Network;Florida Family Home Ins Co.;US Coastal P&C Insurance Co.;TypTap Insurance Co.;Homeowners Choice P&C Ins Co.;Edison Insurance Co.;Safe Harbor Insurance Co.;GeoVera Specialty Insurance Co;Auto Club Insurance Co. of FL;FL Farm Bureau General Ins Co.;Homesite Insurance Co.;State Farm FL Ins Co;AIG Property Casualty Co.;ASI Preferred Insurance Corp.;ACE Ins Co. of the Midwest;Castle Key Indemnity Co.;First Liberty Insurance Corp.,Universal P&C Insurance Co.;Florida Family Insurance Co.;First Protective Insurance Co.;Cypress P&C Insurance Co.;Tower Hill Insurance Exchange;Kin Interinsurance Network;Florida Family Home Ins Co.;US Coastal P&C Insurance Co.;TypTap Insurance Co.;Homeowners Choice P&C Ins Co.;Edison Insurance Co.;Safe Harbor Insurance Co.;GeoVera Specialty Insurance Co,2123038394.346536,9,28.889501145391137,977251254.417398,0.0,0,1.0,2294123495.737822,380808540.0,7195735905.416464,539937478.65,359958319.1,539937478.65,359958319.1,0.0,719319672.9026331,719319672.9026331,1395853723.0,719319672.9026331,0.0,False,14216411343.356329,14216411343.356329,0.0,1.0,9693853932.275255,4522557411.081074,2053733630.383397,0.0,13,9464500000.0,9464500000.0,52
andrew,baseline,,1992230N11325,"{""1992230N11325"": 0.7944856401583379}",114169083378.42009,90705697294.19473,23463386084.22536,13945462917.776651,38184759456.0408,0.0,30124058074.565983,8451416845.811292,13945462917.776651,38184759456.0408,8058095758.622233,15405290325.603127,26.385477734561498,7.402544187727756,12.214745450441782,33.445796643102746,7.058036659463407,13.493399324702812,30124058074.565983,8451416845.811292,8058095758.622233,25,16,9,Universal P&C Insurance Co.;Florida Family Insurance Co.;First Protective Insurance Co.;Cypress P&C Insurance Co.;Florida Peninsula Insurance Co;Tower Hill Insurance Exchange;Kin Interinsurance Network;Florida Family Home Ins Co.;US Coastal P&C Insurance Co.;TypTap Insurance Co.;Homeowners Choice P&C Ins Co.;Edison Insurance Co.;Safe Harbor Insurance Co.;GeoVera Specialty Insurance Co;Florida Farm Bureau Cas Ins Co;Universal North America Ins Co;Auto Club Insurance Co. of FL;FL Farm Bureau General Ins Co.;Homesite Insurance Co.;State Farm FL Ins Co;AIG Property Casualty Co.;ASI Preferred Insurance Corp.;ACE Ins Co. of the Midwest;Castle Key Indemnity Co.;First Liberty Insurance Corp.,Universal P&C Insurance Co.;Florida Family Insurance Co.;First Protective Insurance Co.;Cypress P&C Insurance Co.;Florida Peninsula Insurance Co;Tower Hill Insurance Exchange;Kin Interinsurance Network;Florida Family Home Ins Co.;US Coastal P&C Insurance Co.;TypTap Insurance Co.;Homeowners Choice P&C Ins Co.;Edison Insurance Co.;Safe Harbor Insurance Co.;GeoVera Specialty Insurance Co;Florida Farm Bureau Cas Ins Co;Universal North America Ins Co,2552934685.1280212,9,32.98794387743709,1105296990.1622539,0.0,0,1.0,3287235064.556282,335548200.0,2850841989.043592,539937478.65,359958319.1,539937478.65,359958319.1,4617095758.622233,8058095758.622233,3441000000.0,1395853723.0,1395853723.0,0.0,False,14533159831.42435,14533159831.42435,0.0,1.0,10010602420.343279,4522557411.081073,2086155563.874525,0.0,13,9464500000.0,9464500000.0,53
andrew,baseline,,1992230N11325,"{""1992230N11325"": 0.8963882673201312}",114169083378.42009,102339826831.10957,11829256547.310516,26678403888.249947,36250687550.17714,0.0,30136765703.106194,9273969689.5763,26678403888.249947,36250687550.17714,4083768352.941683,7745488194.3688345,26.39660826847153,8.12301317935363,23.36745036291727,31.75175492127069,3.5769476570165626,6.78422561097032,30136765703.106194,9273969689.5763,4083768352.941683,25,15,10,Universal P&C Insurance Co.;Florida Family Insurance Co.;First Protective Insurance Co.;Cypress P&C Insurance Co.;Florida Peninsula Insurance Co;Tower Hill Insurance Exchange;Kin Interinsurance Network;Heritage P&C Insurance Co.;Florida Family Home Ins Co.;US Coastal P&C Insurance Co.;TypTap Insurance Co.;Homeowners Choice P&C Ins Co.;Edison Insurance Co.;Safe Harbor Insurance Co.;GeoVera Specialty Insurance Co;Auto Club Insurance Co. of FL;FL Farm Bureau General Ins Co.;Castle Key Insurance Co.;Homesite Insurance Co.;State Farm FL Ins Co;AIG Property Casualty Co.;ASI Preferred Insurance Corp.;ACE Ins Co. of the Midwest;Castle Key Indemnity Co.;First Liberty Insurance Corp.,Universal P&C Insurance Co.;Florida Family Insurance Co.;First Protective Insurance Co.;Cypress P&C Insurance Co.;Florida Peninsula Insurance Co;Tower Hill Insurance Exchange;Kin Interinsurance Network;Heritage P&C Insurance Co.;Florida Family Home Ins Co.;US Coastal P&C Insurance Co.;TypTap Insurance Co.;Homeowners Choice P&C Ins Co.;Edison Insurance Co.;Safe Harbor Insurance Co.;GeoVera Specialty Insurance Co,1651134364.9127514,10,33.98254315570729,818498340.0690825,0.0,0,1.0,3159526411.06461,324564540.0,3643870943.0335903,539937478.65,359958319.1,539937478.65,359958319.1,642768352.9416828,4083768352.941683,3441000000.0,1395853723.0,1395853723.0,0.0,False,14469003243.581015,14469003243.581015,0.0,1.0,9946445832.49994,4522557411.081074,2023477110.4048984,0.0,13,9464500000.0,9464500000.0,54
andrew,baseline,,1992230N11325,"{""1992230N11325"": 0.7385174737131746}",114169083378.4201,84315863032.7796,29853220345.640507,16530417005.947618,43188428019.48364,0.0,16873036274.915487,7723981732.432835,16530417005.947618,43188428019.48364,10240922874.507442,19612297471.133064,14.778989000891618,6.765388232846931,14.47889088428308,37.82847925329581,8.969961544285422,17.17829108439713,16873036274.915487,7723981732.432835,10240922874.507442,14,10,4,Universal P&C Insurance Co.;Florida Family Insurance Co.;First Protective Insurance Co.;Cypress P&C Insurance Co.;Tower Hill Insurance Exchange;Kin Interinsurance Network;TypTap Insurance Co.;Homeowners Choice P&C Ins Co.;Edison Insurance Co.;GeoVera Specialty Insurance Co;FL Farm Bureau General Ins Co.;AIG Property Casualty Co.;ASI Preferred Insurance Corp.;Castle Key Indemnity Co.,Universal P&C Insurance Co.;Florida Family Insurance Co.;First Protective Insurance Co.;Cypress P&C Insurance Co.;Tower Hill Insurance Exchange;Kin Interinsurance Network;TypTap Insurance Co.;Homeowners Choice P&C Ins Co.;Edison Insurance Co.;GeoVera Specialty Insurance Co,422142938.4268607,4,27.56350641435879,210716824.60929418,0.0,0,1.0,470317452.3683679,395451900.0,2025208247.9868994,539937478.65,359958319.1,539937478.65,359958319.1,6799922874.507442,10240922874.507442,3441000000.0,1395853723.0,1395853723.0,0.0,False,11968366336.715221,11968366336.715221,0.0,1.0,7445808925.63415,4522557411.081073,1641758594.9814062,0.0,13,9464500000.0,9464500000.0,55
andrew,baseline,,1992230N11325,"{""1992230N11325"": 0.9691497426806651}",114169083378.42009,110646937778.28323,3522145600.1368623,10929207338.911533,49945274146.9445,0.0,36743971962.97378,13028484329.45342,10929207338.911533,49945274146.9445,1245981598.4943728,2276164001.64249,32.183819713419034,11.411569528214349,9.57282568581727,43.74675934061587,1.091347641256341,1.9936780906771507,36743971962.97378,13028484329.45342,1245981598.4943728,29,18,11,Universal P&C Insurance Co.;Florida Family Insurance Co.;First Protective Insurance Co.;Cypress P&C Insurance Co.;Florida Peninsula Insurance Co;Tower Hill Insurance Exchange;Kin Interinsurance Network;Heritage P&C Insurance Co.;Florida Family Home Ins Co.;US Coastal P&C Insurance Co.;TypTap Insurance Co.;Homeowners Choice P&C Ins Co.;Edison Insurance Co.;Safe Harbor Insurance Co.;GeoVera Specialty Insurance Co;Florida Farm Bureau Cas Ins Co;Universal North America Ins Co;Auto Club Insurance Co. of FL;American Platinum P&C Ins Co.;FL Farm Bureau General Ins Co.;Castle Key Insurance Co.;Homesite Insurance Co.;State Farm FL Ins Co;AIG Property Casualty Co.;ASI Preferred Insurance Corp.;Nationwide P&C Insurance Co.;ACE Ins Co. of the Midwest;Castle Key Indemnity Co.;First Liberty Insurance Corp.,Universal P&C Insurance Co.;Florida Family Insurance Co.;First Protective Insurance Co.;Cypress P&C Insurance Co.;Florida Peninsula Insurance Co;Tower Hill Insurance Exchange;Kin Interinsurance Network;Heritage P&C Insurance Co.;Florida Family Home Ins Co.;US Coastal P&C Insurance Co.;TypTap Insurance Co.;Homeowners Choice P&C Ins Co.;Edison Insurance Co.;Safe Harbor Insurance Co.;GeoVera Specialty Insurance Co;Florida Farm Bureau Cas Ins Co;Universal North America Ins Co;American Platinum P&C Ins Co.,3191467307.3459115,11,35.166819401784345,1360245350.0094714,18252482.102969952,1,0.9811320754716981,6003707048.19219,311486220.0,7342350958.030919,539937478.65,359958319.1,539937478.65,359958319.1,0.0,1245981598.4943728,1245981598.4943728,1395853723.0,1245981598.4943728,0.0,False,14610689666.122574,14610689666.122574,0.0,1.0,10088132255.0415,4522557411.081073,2094702490.791261,0.0,14,9464500000.0,9464500000.0,56
andrew,baseline,,1992230N11325,"{""1992230N11325"": 0.9874310486739052}",114169083378.4201,112678138956.23598,1490944422.1841245,28986800800.1884,41380699315.01385,0.0,31398954729.845505,10911684111.188213,28986800800.1884,41380699315.01385,544794932.6068339,946149489.5772904,27.502151896737082,9.557477198113958,25.389361062057365,36.24510076677685,0.477182540566678,0.8287265357480559,31398954729.845505,10911684111.188213,544794932.6068339,27,17,10,Universal P&C Insurance Co.;Florida Family Insurance Co.;First Protective Insurance Co.;Cypress P&C Insurance Co.;Florida Peninsula Insurance Co;Tower Hill Insurance Exchange;Kin Interinsurance Network;Florida Family Home Ins Co.;US Coastal P&C Insurance Co.;TypTap Insurance Co.;Homeowners Choice P&C Ins Co.;Edison Insurance Co.;Safe Harbor Insurance Co.;GeoVera Specialty Insurance Co;Florida Farm Bureau Cas Ins Co;Universal North America Ins Co;Auto Club Insurance Co. of FL;American Platinum P&C Ins Co.;FL Farm Bureau General Ins Co.;Castle Key Insurance Co.;Homesite Insurance Co.;State Farm FL Ins Co;AIG Property Casualty Co.;ASI Preferred Insurance Corp.;ACE Ins Co. of the Midwest;Castle Key Indemnity Co.;First Liberty Insurance Corp.,Universal P&C Insurance Co.;Florida Family Insurance Co.;First Protective Insurance Co.;Cypress P&C Insurance Co.;Florida Peninsula Insurance Co;Tower Hill Insurance Exchange;Kin Interinsurance Network;Florida Family Home Ins Co.;US Coastal P&C Insurance Co.;TypTap Insurance Co.;Homeowners Choice P&C Ins Co.;Edison Insurance Co.;Safe Harbor Insurance Co.;GeoVera Specialty Insurance Co;Florida Farm Bureau Cas Ins Co;Universal North America Ins Co;American Platinum P&C Ins Co.,2203124237.1137714,10,33.145293557041065,1321885641.484417,17915202.71119529,1,0.9811320754716981,4108710604.1856613,333810540.0,5238978799.030279,539937478.65,359958319.1,539937478.65,359958319.1,0.0,544794932.6068339,544794932.6068339,1395853723.0,544794932.6068339,0.0,False,14482109088.295845,14482109088.295845,0.0,1.0,9959551677.214771,4522557411.081073,2086343414.5589073,0.0,13,9464500000.0,9464500000.0,57
andrew,baseline,,1992230N11325,"{""1992230N11325"": 0.9538465747334074}",114169083378.42007,108899789120.95877,5269294257.461298,17471251668.918633,45015980391.546234,0.0,33372380643.157322,13040176417.336582,17471251668.918633,45015980391.546234,1842823912.1861825,3426470345.2751155,29.230663552358237,11.421810556290584,15.302962195999378,39.42922116869253,1.6141181637396838,3.0012243629195834,33372380643.157322,13040176417.336582,1842823912.1861825,28,18,10,Universal P&C Insurance Co.;Florida Family Insurance Co.;First Protective Insurance Co.;Cypress P&C Insurance Co.;Florida Peninsula Insurance Co;Tower Hill Insurance Exchange;Kin Interinsurance Network;Heritage P&C Insurance Co.;Florida Family Home Ins Co.;US Coastal P&C Insurance Co.;TypTap Insurance Co.;Homeowners Choice P&C Ins Co.;Edison Insurance Co.;Safe Harbor Insurance Co.;GeoVera Specialty Insurance Co;Florida Farm Bureau Cas Ins Co;Universal North America Ins Co;Auto Club Insurance Co. of FL;American Platinum P&C Ins Co.;FL Farm Bureau General Ins Co.;Castle Key Insurance Co.;Homesite Insurance Co.;State Farm FL Ins Co;AIG Property Casualty Co.;ASI Preferred Insurance Corp.;ACE Ins Co. of the Midwest;Castle Key Indemnity Co.;First Liberty Insurance Corp.,Universal P&C Insurance Co.;Florida Family Insurance Co.;First Protective Insurance Co.;Cypress P&C Insurance Co.;Florida Peninsula Insurance Co;Tower Hill Insurance Exchange;Kin Interinsurance Network;Heritage P&C Insurance Co.;Florida Family Home Ins Co.;US Coastal P&C Insurance Co.;TypTap Insurance Co.;Homeowners Choice P&C Ins Co.;Edison Insurance Co.;Safe Harbor Insurance Co.;GeoVera Specialty Insurance Co;Florida Farm Bureau Cas Ins Co;Universal North America Ins Co;American Platinum P&C Ins Co.,2865875576.306553,10,35.166819401784345,942492929.7599247,4371079.75654915,1,0.9811320754716981,4590273285.994102,311486220.0,7324944034.0020075,539937478.65,359958319.1,539937478.65,359958319.1,0.0,1842823912.1861825,1842823912.1861825,1395853723.0,1395853723.0,0.0,False,14701952190.585693,14701952190.585693,0.0,1.0,10179394779.50462,4522557411.081073,2086728199.8429751,0.0,13,9464500000.0,9464500000.0,58
andrew,baseline,,1992230N11325,"{""1992230N11325"": 0.9246029878587309}",114169083378.42009,105561075612.77977,8608007765.64032,4894706724.872706,85028832546.3681,0.0,11450163242.63085,4187373098.9081106,4894706724.872706,85028832546.3681,2983359656.881911,5624648108.7584095,10.029127767171971,3.667694418662203,4.287243603987706,74.4762329960512,2.6131064282905654,4.926594785836359,11450163242.63085,4187373098.9081106,2983359656.881911,11,7,4,Universal P&C Insurance Co.;First Protective Insurance Co.;Tower Hill Insurance Exchange;Kin Interinsurance Network;TypTap Insurance Co.;Homeowners Choice P&C Ins Co.;GeoVera Specialty Insurance Co;FL Farm Bureau General Ins Co.;AIG Property Casualty Co.;ASI Preferred Insurance Corp.;Castle Key Indemnity Co.,Universal P&C Insurance Co.;First Protective Insurance Co.;Tower Hill Insurance Exchange;Kin Interinsurance Network;TypTap Insurance Co.;Homeowners Choice P&C Ins Co.;GeoVera Specialty Insurance Co,172975505.80549315,4,23.145936299594748,192591302.5887627,0.0,0,1.0,122315438.02534544,444236460.0,1304921659.585639,539937478.65,359958319.1,539937478.65,359958319.1,0.0,2983359656.881911,2983359656.881911,1395853723.0,1395853723.0,0.0,False,6006642450.137796,6006642450.137796,0.0,1.0,4305468483.487595,1701173966.6502013,1438859402.0919065,0.0,10,9464500000.0,9464500000.0,59
andrew,baseline,,1992230N11325,"{""1992230N11325"": 0.9409512980958504}",114169083378.42009,107427547207.33777,6741536171.082327,26398897268.736874,25426360131.226406,0.0,43917139196.877655,11685150610.49682,26398897268.736874,25426360131.226406,2345755512.4000177,4395780658.682309,38.46675290482252,10.23495176164786,23.122632228933806,22.27079291418085,2.05463286818628,3.8502373222286788,43917139196.877655,11685150610.49682,2345755512.4000177,29,19,10,Universal P&C Insurance Co.;Florida Family Insurance Co.;First Protective Insurance Co.;Cypress P&C Insurance Co.;Florida Peninsula Insurance Co;Tower Hill Insurance Exchange;Kin Interinsurance Network;Heritage P&C Insurance Co.;Florida Family Home Ins Co.;US Coastal P&C Insurance Co.;TypTap Insurance Co.;Homeowners Choice P&C Ins Co.;Vault E&S Insurance Co.;Edison Insurance Co.;Safe Harbor Insurance Co.;GeoVera Specialty Insurance Co;Florida Farm Bureau Cas Ins Co;Universal North America Ins Co;Auto Club Insurance Co. of FL;American Platinum P&C Ins Co.;FL Farm Bureau General Ins Co.;Castle Key Insurance Co.;Homesite Insurance Co.;State Farm FL Ins Co;AIG Property Casualty Co.;ASI Preferred Insurance Corp.;ACE Ins Co. of the Midwest;Castle Key Indemnity Co.;First Liberty Insurance Corp.,Universal P&C Insurance Co.;Florida Family Insurance Co.;First Protective Insurance Co.;Cypress P&C Insurance Co.;Florida Peninsula Insurance Co;Tower Hill Insurance Exchange;Kin Interinsurance Network;Heritage P&C Insurance Co.;Florida Family Home Ins Co.;US Coastal P&C Insurance Co.;TypTap Insurance Co.;Homeowners Choice P&C Ins Co.;Vault E&S Insurance Co.;Edison Insurance Co.;Safe Harbor Insurance Co.;GeoVera Specialty Insurance Co;Florida Farm Bureau Cas Ins Co;Universal North America Ins Co;American Platinum P&C Ins Co.,4105848453.2938533,10,35.41856476294073,2055326766.2477512,34631335.396184206,1,0.9811320754716981,8972583593.765629,308706120.0,6071866855.07153,539937478.65,359958319.1,539937478.65,359958319.1,0.0,2345755512.4000177,2345755512.4000177,1395853723.0,1395853723.0,0.0,False,14690461346.470543,14690461346.470543,0.0,1.0,10167903935.389471,4522557411.081073,2148219598.979541,0.0,14,9464500000.0,9464500000.0,60
andrew,baseline,,1992230N11325,"{""1992230N11325"": 0.9003263790495609}",114169083378.42009,102789437437.50035,11379645940.919733,33513506194.65616,26793629427.737392,0.0,31642217115.922646,10840084699.184149,33513506194.65616,26793629427.737392,3930177166.8375793,7449468774.082155,27.715223928918363,9.494763712216253,29.3542745574769,23.46837570634455,3.4424180789914707,6.5249440160524514,31642217115.922646,10840084699.184149,3930177166.8375793,26,17,9,Universal P&C Insurance Co.;Florida Family Insurance Co.;First Protective Insurance Co.;Cypress P&C Insurance Co.;Florida Peninsula Insurance Co;Tower Hill Insurance Exchange;Kin Interinsurance Network;Florida Family Home Ins Co.;US Coastal P&C Insurance Co.;TypTap Insurance Co.;Homeowners Choice P&C Ins Co.;Edison Insurance Co.;Safe Harbor Insurance Co.;GeoVera Specialty Insurance Co;Florida Farm Bureau Cas Ins Co;Universal North America Ins Co;Auto Club Insurance Co. of FL;American Platinum P&C Ins Co.;FL Farm Bureau General Ins Co.;Homesite Insurance Co.;State Farm FL Ins Co;AIG Property Casualty Co.;ASI Preferred Insurance Corp.;ACE Ins Co. of the Midwest;Castle Key Indemnity Co.;First Liberty Insurance Corp.,Universal P&C Insurance Co.;Florida Family Insurance Co.;First Protective Insurance Co.;Cypress P&C Insurance Co.;Florida Peninsula Insurance Co;Tower Hill Insurance Exchange;Kin Interinsurance Network;Florida Family Home Ins Co.;US Coastal P&C Insurance Co.;TypTap Insurance Co.;Homeowners Choice P&C Ins Co.;Edison Insurance Co.;Safe Harbor Insurance Co.;GeoVera Specialty Insurance Co;Florida Farm Bureau Cas Ins Co;Universal North America Ins Co;American Platinum P&C Ins Co.,2268114392.7321687,9,33.145293557041065,926556833.477788,7918475.19325047,1,0.9811320754716981,3888197217.038316,333810540.0,5170705515.38579,539937478.65,359958319.1,539937478.65,359958319.1,489177166.83757925,3930177166.8375793,3441000000.0,1395853723.0,1395853723.0,0.0,False,14594977506.901932,14594977506.901932,0.0,1.0,10072420095.82086,4522557411.081073,2086488784.7474978,0.0,13,9464500000.0,9464500000.0,61
andrew,baseline,,1992230N11325,"{""1992230N11325"": 0.8870510262216611}",114169083378.42007,101273802573.6139,12895280804.806171,26490037680.662903,52439287958.783195,0.0,16383465693.189629,5961011240.978167,26490037680.662903,52439287958.783195,4447932204.49948,8447348600.306693,14.350177130603456,5.221213190632396,23.20246155682982,45.93125074410042,3.895916541395493,7.398980836438411,16383465693.189629,5961011240.978167,4447932204.49948,15,10,5,Universal P&C Insurance Co.;Florida Family Insurance Co.;First Protective Insurance Co.;Cypress P&C Insurance Co.;Tower Hill Insurance Exchange;Kin Interinsurance Network;TypTap Insurance Co.;Homeowners Choice P&C Ins Co.;Safe Harbor Insurance Co.;GeoVera Specialty Insurance Co;FL Farm Bureau General Ins Co.;State Farm FL Ins Co;AIG Property Casualty Co.;ASI Preferred Insurance Corp.;Castle Key Indemnity Co.,Universal P&C Insurance Co.;Florida Family Insurance Co.;First Protective Insurance Co.;Cypress P&C Insurance Co.;Tower Hill Insurance Exchange;Kin Interinsurance Network;TypTap Insurance Co.;Homeowners Choice P&C Ins Co.;Safe Harbor Insurance Co.;GeoVera Specialty Insurance Co,258734393.06589252,5,25.073636944342134,204505281.34365773,0.0,0,1.0,333503984.36079633,422948280.0,1360327195.450077,539937478.65,359958319.1,539937478.65,359958319.1,1006932204.4994802,4447932204.49948,3441000000.0,1395853723.0,1395853723.0,0.0,False,11145668992.12738,11145668992.12738,0.0,1.0,7688593264.827824,3457075727.299557,1527262779.0237474,0.0,12,9464500000.0,9464500000.0,62
andrew,baseline,,1992230N11325,"{""1992230N11325"": 0.9744713658586748}",114169083378.42007,111254502618.60193,2914580759.8181424,26114155036.305424,20129489536.693047,0.0,48259635094.21231,16751222951.39113,26114155036.305424,20129489536.693047,1038431769.5239327,1876148990.2942095,42.27031843135058,14.672293457825377,22.873228253702045,17.63129644298946,0.9095560188409241,1.6433073952915995,48259635094.21231,16751222951.39113,1038431769.5239327,31,20,11,Universal P&C Insurance Co.;Florida Family Insurance Co.;First Protective Insurance Co.;Cypress P&C Insurance Co.;Florida Peninsula Insurance Co;Tower Hill Insurance Exchange;Kin Interinsurance Network;Heritage P&C Insurance Co.;Florida Family Home Ins Co.;US Coastal P&C Insurance Co.;TypTap Insurance Co.;Homeowners Choice P&C Ins Co.;Vault E&S Insurance Co.;Edison Insurance Co.;Safe Harbor Insurance Co.;GeoVera Specialty Insurance Co;Florida Farm Bureau Cas Ins Co;Universal North America Ins Co;QBE Specialty Insurance Co.;Auto Club Insurance Co. of FL;American Platinum P&C Ins Co.;FL Farm Bureau General Ins Co.;Castle Key Insurance Co.;Homesite Insurance Co.;PURE Specialty Exchange;State Farm FL Ins Co;AIG Property Casualty Co.;ASI Preferred Insurance Corp.;ACE Ins Co. of the Midwest;Castle Key Indemnity Co.;First Liberty Insurance Corp.,Universal P&C Insurance Co.;Florida Family Insurance Co.;First Protective Insurance Co.;Cypress P&C Insurance Co.;Florida Peninsula Insurance Co;Tower Hill Insurance Exchange;Kin Interinsurance Network;Heritage P&C Insurance Co.;Florida Family Home Ins Co.;US Coastal P&C Insurance Co.;TypTap Insurance Co.;Homeowners Choice P&C Ins Co.;Vault E&S Insurance Co.;Edison Insurance Co.;Safe Harbor Insurance Co.;GeoVera Specialty Insurance Co;Florida Farm Bureau Cas Ins Co;Universal North America Ins Co;QBE Specialty Insurance Co.;American Platinum P&C Ins Co.,5120234249.627672,11,35.71378625186174,3375295269.2183785,32388688.0328703,1,0.9811320754716981,11860119252.67017,305445900.0,11063661370.37297,539937478.65,359958319.1,539937478.65,359958319.1,0.0,1038431769.5239327,1038431769.5239327,1395853723.0,1038431769.5239327,0.0,False,14732380119.861576,14732380119.861576,0.0,1.0,10209822708.780504,4522557411.081073,2123040165.6944456,0.0,13,9464500000.0,9464500000.0,63
andrew,baseline,,1992230N11325,"{""1992230N11325"": 0.8240998076512706}",114169083378.4201,94086719651.87787,20082363726.54223,22813734657.000774,27349738184.735016,0.0,34859109655.159134,9064137154.982952,22813734657.000774,27349738184.735016,6903106915.432676,13179256811.109554,30.53288037674488,7.939222149081586,19.982410282986436,23.955467956314152,6.046389014574046,11.543630220298901,34859109655.159134,9064137154.982952,6903106915.432676,26,17,9,Universal P&C Insurance Co.;Florida Family Insurance Co.;First Protective Insurance Co.;Cypress P&C Insurance Co.;Florida Peninsula Insurance Co;Tower Hill Insurance Exchange;Kin Interinsurance Network;Florida Family Home Ins Co.;US Coastal P&C Insurance Co.;TypTap Insurance Co.;Homeowners Choice P&C Ins Co.;Edison Insurance Co.;Safe Harbor Insurance Co.;GeoVera Specialty Insurance Co;Florida Farm Bureau Cas Ins Co;Universal North America Ins Co;Auto Club Insurance Co. of FL;American Platinum P&C Ins Co.;FL Farm Bureau General Ins Co.;Homesite Insurance Co.;State Farm FL Ins Co;AIG Property Casualty Co.;ASI Preferred Insurance Corp.;ACE Ins Co. of the Midwest;Castle Key Indemnity Co.;First Liberty Insurance Corp.,Universal P&C Insurance Co.;Florida Family Insurance Co.;First Protective Insurance Co.;Cypress P&C Insurance Co.;Florida Peninsula Insurance Co;Tower Hill Insurance Exchange;Kin Interinsurance Network;Florida Family Home Ins Co.;US Coastal P&C Insurance Co.;TypTap Insurance Co.;Homeowners Choice P&C Ins Co.;Edison Insurance Co.;Safe Harbor Insurance Co.;GeoVera Specialty Insurance Co;Florida Farm Bureau Cas Ins Co;Universal North America Ins Co;American Platinum P&C Ins Co.,3070966608.0376263,9,33.145293557041065,1710130844.3916194,10424332.376177154,1,0.9811320754716981,5816449017.479769,333810540.0,3473385950.2880535,539937478.65,359958319.1,539937478.65,359958319.1,3462106915.4326763,6903106915.432676,3441000000.0,1395853723.0,1395853723.0,0.0,False,14509219058.685684,14509219058.685684,0.0,1.0,9986661647.60461,4522557411.081073,2086617505.4334378,0.0,13,9464500000.0,9464500000.0,64
andrew,baseline,,1992230N11325,"{""1992230N11325"": 0.751287559787777}",114169083378.42007,85773812054.58046,28395271323.83961,6051993625.131298,55590195501.73884,0.0,17683475833.35273,6448147094.357603,6051993625.131298,55590195501.73884,9742873859.749352,18652397464.090263,15.48884804018249,5.6478924972926725,5.300904102971216,48.691111338331325,8.533723466497518,16.33752055472479,17683475833.35273,6448147094.357603,9742873859.749352,17,11,6,Universal P&C Insurance Co.;First Protective Insurance Co.;Cypress P&C Insurance Co.;Tower Hill Insurance Exchange;Kin Interinsurance Network;Florida Family Home Ins Co.;TypTap Insurance Co.;Homeowners Choice P&C Ins Co.;Edison Insurance Co.;Safe Harbor Insurance Co.;GeoVera Specialty Insurance Co;FL Farm Bureau General Ins Co.;State Farm FL Ins Co;AIG Property Casualty Co.;ASI Preferred Insurance Corp.;Castle Key Indemnity Co.;First Liberty Insurance Corp.,Universal P&C Insurance Co.;First Protective Insurance Co.;Cypress P&C Insurance Co.;Tower Hill Insurance Exchange;Kin Interinsurance Network;Florida Family Home Ins Co.;TypTap Insurance Co.;Homeowners Choice P&C Ins Co.;Edison Insurance Co.;Safe Harbor Insurance Co.;GeoVera Specialty Insurance Co,450969563.8826098,6,28.08212304765591,212242935.03706384,0.0,0,1.0,505465707.0525341,389724660.0,1383140236.6203384,539937478.65,359958319.1,539937478.65,359958319.1,6301873859.7493515,9742873859.749352,3441000000.0,1395853723.0,1395853723.0,0.0,False,12019343428.510914,12019343428.510914,0.0,1.0,8080003206.365714,3939340222.1452,1475466036.7996771,0.0,11,9464500000.0,9464500000.0,65
andrew,baseline,,1992230N11325,"{""1992230N11325"": 0.9326796844248345}",114169083378.42007,106483184656.45746,7685898721.96262,18733188615.643566,35434177712.65064,0.0,39390022337.91856,12925795990.244696,18733188615.643566,35434177712.65064,2668358587.6840863,5017540134.278534,34.50147901017829,11.321625441628004,16.408285028926194,31.036578961750966,2.3371989234946,4.394832634021949,39390022337.91856,12925795990.244696,2668358587.6840863,29,19,10,Universal P&C Insurance Co.;Florida Family Insurance Co.;First Protective Insurance Co.;Cypress P&C Insurance Co.;Florida Peninsula Insurance Co;Tower Hill Insurance Exchange;Kin Interinsurance Network;Heritage P&C Insurance Co.;Florida Family Home Ins Co.;US Coastal P&C Insurance Co.;TypTap Insurance Co.;Homeowners Choice P&C Ins Co.;Vault E&S Insurance Co.;Edison Insurance Co.;Safe Harbor Insurance Co.;GeoVera Specialty Insurance Co;Florida Farm Bureau Cas Ins Co;Universal North America Ins Co;Auto Club Insurance Co. of FL;American Platinum P&C Ins Co.;FL Farm Bureau General Ins Co.;Castle Key Insurance Co.;Homesite Insurance Co.;State Farm FL Ins Co;AIG Property Casualty Co.;ASI Preferred Insurance Corp.;ACE Ins Co. of the Midwest;Castle Key Indemnity Co.;First Liberty Insurance Corp.,Universal P&C Insurance Co.;Florida Family Insurance Co.;First Protective Insurance Co.;Cypress P&C Insurance Co.;Florida Peninsula Insurance Co;Tower Hill Insurance Exchange;Kin Interinsurance Network;Heritage P&C Insurance Co.;Florida Family Home Ins Co.;US Coastal P&C Insurance Co.;TypTap Insurance Co.;Homeowners Choice P&C Ins Co.;Vault E&S Insurance Co.;Edison Insurance Co.;Safe Harbor Insurance Co.;GeoVera Specialty Insurance Co;Florida Farm Bureau Cas Ins Co;Universal North America Ins Co;American Platinum P&C Ins Co.,4413968171.179002,10,35.41856476294073,1468269775.095814,32151234.120521538,1,0.9811320754716981,6628054015.139094,308706120.0,7259817363.577707,539937478.65,359958319.1,539937478.65,359958319.1,0.0,2668358587.6840863,2668358587.6840863,1395853723.0,1395853723.0,0.0,False,14703604651.725054,14703604651.725054,0.0,1.0,10181047240.643982,4522557411.081072,2086661868.4118848,0.0,13,9464500000.0,9464500000.0,66
andrew,baseline,,1992230N11325,"{""1992230N11325"": 0.7085141247586785}",114169083378.42007,80890408184.36188,33278675194.058197,3348210823.2878327,41768430664.387596,0.0,26143787774.855675,9629978921.830784,3348210823.2878327,41768430664.387596,11411090271.886951,21867584922.17124,22.899183387678228,8.434839482692226,2.9326773275300746,36.58471227796732,9.994903991708707,19.15368353242345,26143787774.855675,9629978921.830784,11411090271.886951,20,13,7,Universal P&C Insurance Co.;Florida Family Insurance Co.;First Protective Insurance Co.;Cypress P&C Insurance Co.;Tower Hill Insurance Exchange;Kin Interinsurance Network;Florida Family Home Ins Co.;US Coastal P&C Insurance Co.;TypTap Insurance Co.;Homeowners Choice P&C Ins Co.;Edison Insurance Co.;Safe Harbor Insurance Co.;GeoVera Specialty Insurance Co;FL Farm Bureau General Ins Co.;Homesite Insurance Co.;State Farm FL Ins Co;AIG Property Casualty Co.;ASI Preferred Insurance Corp.;Castle Key Indemnity Co.;First Liberty Insurance Corp.,Universal P&C Insurance Co.;Florida Family Insurance Co.;First Protective Insurance Co.;Cypress P&C Insurance Co.;Tower Hill Insurance Exchange;Kin Interinsurance Network;Florida Family Home Ins Co.;US Coastal P&C Insurance Co.;TypTap Insurance Co.;Homeowners Choice P&C Ins Co.;Edison Insurance Co.;Safe Harbor Insurance Co.;GeoVera Specialty Insurance Co,1943854513.2775116,7,28.889501145391137,668729456.9258295,0.0,0,1.0,1792877829.5405111,380808540.0,3948595308.233395,539937478.65,359958319.1,539937478.65,359958319.1,7970090271.886951,11411090271.886951,3441000000.0,1395853723.0,1395853723.0,0.0,False,14273435548.85772,14273435548.85772,0.0,1.0,9750878137.776648,4522557411.081073,2071886546.669901,0.0,13,9464500000.0,9464500000.0,67
andrew,baseline,,1992230N11325,"{""1992230N11325"": 0.9366400018125645}",114169083378.42007,106935330462.50221,7233752915.91787,13225504453.210163,56876337979.81171,0.0,26713904032.79285,10119583996.687496,13225504453.210163,56876337979.81171,2513901353.6791344,4719851562.238735,23.398544721821107,8.863681565302182,11.584138246405516,49.817635647727656,2.201910779424112,4.134089039319439,26713904032.79285,10119583996.687496,2513901353.6791344,22,14,8,Universal P&C Insurance Co.;Florida Family Insurance Co.;First Protective Insurance Co.;Cypress P&C Insurance Co.;Tower Hill Insurance Exchange;Kin Interinsurance Network;Florida Family Home Ins Co.;US Coastal P&C Insurance Co.;TypTap Insurance Co.;Homeowners Choice P&C Ins Co.;Edison Insurance Co.;Safe Harbor Insurance Co.;GeoVera Specialty Insurance Co;Universal North America Ins Co;Auto Club Insurance Co. of FL;FL Farm Bureau General Ins Co.;Homesite Insurance Co.;State Farm FL Ins Co;AIG Property Casualty Co.;ASI Preferred Insurance Corp.;Castle Key Indemnity Co.;First Liberty Insurance Corp.,Universal P&C Insurance Co.;Florida Family Insurance Co.;First Protective Insurance Co.;Cypress P&C Insurance Co.;Tower Hill Insurance Exchange;Kin Interinsurance Network;Florida Family Home Ins Co.;US Coastal P&C Insurance Co.;TypTap Insurance Co.;Homeowners Choice P&C Ins Co.;Edison Insurance Co.;Safe Harbor Insurance Co.;GeoVera Specialty Insurance Co;Universal North America Ins Co,1529961517.3174021,8,29.203227969374158,905423915.3530803,0.0,0,1.0,2420094499.8389683,377343960.0,4425525703.1005535,539937478.65,359958319.1,539937478.65,359958319.1,0.0,2513901353.6791344,2513901353.6791344,1395853723.0,1395853723.0,0.0,False,14371614814.571438,14371614814.571438,0.0,1.0,9849057403.490364,4522557411.081073,2024995012.8255687,0.0,13,9464500000.0,9464500000.0,68
andrew,baseline,,1992230N11325,"{""1992230N11325"": 0.9902341962903713}",114169083378.42009,112949330939.37495,1219752439.045139,22799097886.22813,63563584025.7719,0.0,19601583923.95438,6985065103.420534,22799097886.22813,63563584025.7719,445686625.60330564,774065813.4418336,17.16890715412314,6.118175688831737,19.969590025225298,55.674953450477204,0.39037418223465215,0.6779994991079566,19601583923.95438,6985065103.420534,445686625.60330564,19,12,7,Universal P&C Insurance Co.;Florida Family Insurance Co.;First Protective Insurance Co.;Cypress P&C Insurance Co.;Tower Hill Insurance Exchange;Kin Interinsurance Network;Florida Family Home Ins Co.;TypTap Insurance Co.;Homeowners Choice P&C Ins Co.;Edison Insurance Co.;Safe Harbor Insurance Co.;GeoVera Specialty Insurance Co;FL Farm Bureau General Ins Co.;Homesite Insurance Co.;State Farm FL Ins Co;AIG Property Casualty Co.;ASI Preferred Insurance Corp.;Castle Key Indemnity Co.;First Liberty Insurance Corp.,Universal P&C Insurance Co.;Florida Family Insurance Co.;First Protective Insurance Co.;Cypress P&C Insurance Co.;Tower Hill Insurance Exchange;Kin Interinsurance Network;Florida Family Home Ins Co.;TypTap Insurance Co.;Homeowners Choice P&C Ins Co.;Edison Insurance Co.;Safe Harbor Insurance Co.;GeoVera Specialty Insurance Co,1060746860.8064673,7,28.525995730733356,398581077.7577127,0.0,0,1.0,799352901.1667235,384822840.0,1409268466.699121,539937478.65,359958319.1,539937478.65,359958319.1,0.0,445686625.60330564,445686625.60330564,1395853723.0,445686625.60330564,0.0,False,13219359635.395586,13219359635.395586,0.0,1.0,8748470584.278084,4470889051.117502,1784385181.2199292,0.0,12,9464500000.0,9464500000.0,69
andrew,baseline,,1992230N11325,"{""1992230N11325"": 0.9287344525824385}",114169083378.42007,106032761153.29573,8136322225.124349,29112811828.299797,59255720791.47857,0.0,13164752443.368095,4499476090.149275,29112811828.299797,59255720791.47857,2822227466.9241066,5314094758.200244,11.53092593354083,3.9410635147481208,25.499733348829373,51.90172246112551,2.471971731234514,4.654583010521655,13164752443.368095,4499476090.149275,2822227466.9241066,12,8,4,Universal P&C Insurance Co.;First Protective Insurance Co.;Cypress P&C Insurance Co.;Tower Hill Insurance Exchange;Kin Interinsurance Network;TypTap Insurance Co.;Homeowners Choice P&C Ins Co.;GeoVera Specialty Insurance Co;FL Farm Bureau General Ins Co.;AIG Property Casualty Co.;ASI Preferred Insurance Corp.;Castle Key Indemnity Co.,Universal P&C Insurance Co.;First Protective Insurance Co.;Cypress P&C Insurance Co.;Tower Hill Insurance Exchange;Kin Interinsurance Network;TypTap Insurance Co.;Homeowners Choice P&C Ins Co.;GeoVera Specialty Insurance Co,183925531.55697516,4,24.017115967979795,195500054.99211407,0.0,0,1.0,171880610.62455857,434615760.0,1316970632.9339972,539937478.65,359958319.1,539937478.65,359958319.1,0.0,2822227466.9241066,2822227466.9241066,1395853723.0,1395853723.0,0.0,False,7705256924.050341,7705256924.050341,0.0,1.0,5695100996.071386,2010155927.9789543,1438816743.4935334,0.0,10,9464500000.0,9464500000.0,70
andrew,baseline,,1992230N11325,"{""1992230N11325"": 0.7991549087351058}",114169083378.42009,91238783407.65198,22930299970.76811,22205645558.081192,48202263605.860634,0.0,17469698749.78753,3361175493.922622,22205645558.081192,48202263605.860634,7875988558.974985,15054311411.793121,15.301602003655573,2.944033003034464,19.44978877029194,42.22006709652859,6.898530080047645,13.185979046441783,17469698749.78753,3361175493.922622,7875988558.974985,15,10,5,Universal P&C Insurance Co.;Florida Family Insurance Co.;First Protective Insurance Co.;Cypress P&C Insurance Co.;Tower Hill Insurance Exchange;Kin Interinsurance Network;TypTap Insurance Co.;Homeowners Choice P&C Ins Co.;Edison Insurance Co.;GeoVera Specialty Insurance Co;FL Farm Bureau General Ins Co.;State Farm FL Ins Co;AIG Property Casualty Co.;ASI Preferred Insurance Corp.;Castle Key Indemnity Co.,Universal P&C Insurance Co.;Florida Family Insurance Co.;First Protective Insurance Co.;Cypress P&C Insurance Co.;Tower Hill Insurance Exchange;Kin Interinsurance Network;TypTap Insurance Co.;Homeowners Choice P&C Ins Co.;Edison Insurance Co.;GeoVera Specialty Insurance Co,434320519.96132594,5,27.56350641435879,212414963.86852038,0.0,0,1.0,358915905.1861793,395451900.0,1352124187.7483082,539937478.65,359958319.1,539937478.65,359958319.1,4434988558.974985,7875988558.974985,3441000000.0,1395853723.0,1395853723.0,0.0,False,8875379706.568907,8875379706.568907,0.0,1.0,7992141368.85434,883238337.7145679,1500959105.7865105,0.0,11,9464500000.0,9464500000.0,71
andrew,baseline,,1992230N11325,"{""1992230N11325"": 0.9365406536919547}",114169083378.42007,106923987978.63681,7245095399.783268,21387309472.650803,42405619278.89106,0.0,33004700873.275238,10126358353.819733,21387309472.650803,42405619278.89106,2517776052.1971207,4727319347.586147,28.9086150966801,8.869615183171199,18.733013211432485,37.1428218779117,2.205304604094793,4.140630026709746,33004700873.275238,10126358353.819733,2517776052.1971207,28,18,10,Universal P&C Insurance Co.;Florida Family Insurance Co.;First Protective Insurance Co.;Cypress P&C Insurance Co.;Florida Peninsula Insurance Co;Tower Hill Insurance Exchange;Kin Interinsurance Network;Heritage P&C Insurance Co.;Florida Family Home Ins Co.;US Coastal P&C Insurance Co.;TypTap Insurance Co.;Homeowners Choice P&C Ins Co.;Edison Insurance Co.;Safe Harbor Insurance Co.;GeoVera Specialty Insurance Co;Florida Farm Bureau Cas Ins Co;Universal North America Ins Co;Auto Club Insurance Co. of FL;American Platinum P&C Ins Co.;FL Farm Bureau General Ins Co.;Castle Key Insurance Co.;Homesite Insurance Co.;State Farm FL Ins Co;AIG Property Casualty Co.;ASI Preferred Insurance Corp.;ACE Ins Co. of the Midwest;Castle Key Indemnity Co.;First Liberty Insurance Corp.,Universal P&C Insurance Co.;Florida Family Insurance Co.;First Protective Insurance Co.;Cypress P&C Insurance Co.;Florida Peninsula Insurance Co;Tower Hill Insurance Exchange;Kin Interinsurance Network;Heritage P&C Insurance Co.;Florida Family Home Ins Co.;US Coastal P&C Insurance Co.;TypTap Insurance Co.;Homeowners Choice P&C Ins Co.;Edison Insurance Co.;Safe Harbor Insurance Co.;GeoVera Specialty Insurance Co;Florida Farm Bureau Cas Ins Co;Universal North America Ins Co;American Platinum P&C Ins Co.,3032269402.853196,10,35.166819401784345,1095255345.4661374,12278152.960131526,1,0.9811320754716981,4783589454.281764,311486220.0,4489269338.861637,539937478.65,359958319.1,539937478.65,359958319.1,0.0,2517776052.1971207,2517776052.1971207,1395853723.0,1395853723.0,0.0,False,14672885645.515354,14672885645.515354,0.0,1.0,10150328234.43428,4522557411.081073,2086405362.4859118,0.0,13,9464500000.0,9464500000.0,72
andrew,baseline,,1992230N11325,"{""1992230N11325"": 0.9720972817231002}",114169083378.42009,110983455608.98015,3185627769.43994,10790841801.779726,57470374500.45992,0.0,32544736026.92066,10177503279.819832,10790841801.779726,57470374500.45992,1131023961.758826,2054603807.6811132,28.50573470844925,8.91441271021324,9.451632160357153,50.33794859329037,0.9906569522065629,1.7996148754834171,32544736026.92066,10177503279.819832,1131023961.758826,26,17,9,Universal P&C Insurance Co.;Florida Family Insurance Co.;First Protective Insurance Co.;Cypress P&C Insurance Co.;Florida Peninsula Insurance Co;Tower Hill Insurance Exchange;Kin Interinsurance Network;Heritage P&C Insurance Co.;Florida Family Home Ins Co.;US Coastal P&C Insurance Co.;TypTap Insurance Co.;Homeowners Choice P&C Ins Co.;Edison Insurance Co.;Safe Harbor Insurance Co.;GeoVera Specialty Insurance Co;Florida Farm Bureau Cas Ins Co;Universal North America Ins Co;Auto Club Insurance Co. of FL;FL Farm Bureau General Ins Co.;Homesite Insurance Co.;State Farm FL Ins Co;AIG Property Casualty Co.;ASI Preferred Insurance Corp.;ACE Ins Co. of the Midwest;Castle Key Indemnity Co.;First Liberty Insurance Corp.,Universal P&C Insurance Co.;Florida Family Insurance Co.;First Protective Insurance Co.;Cypress P&C Insurance Co.;Florida Peninsula Insurance Co;Tower Hill Insurance Exchange;Kin Interinsurance Network;Heritage P&C Insurance Co.;Florida Family Home Ins Co.;US Coastal P&C Insurance Co.;TypTap Insurance Co.;Homeowners Choice P&C Ins Co.;Edison Insurance Co.;Safe Harbor Insurance Co.;GeoVera Specialty Insurance Co;Florida Farm Bureau Cas Ins Co;Universal North America Ins Co,2987606856.9725766,9,35.00946972218037,1393907950.8847935,0.0,0,1.0,3948431987.91366,313223880.0,4535029563.612097,539937478.65,359958319.1,539937478.65,359958319.1,0.0,1131023961.758826,1131023961.758826,1395853723.0,1131023961.758826,0.0,False,14707164392.050583,14707164392.050583,0.0,1.0,10184606980.96951,4522557411.081073,2095365453.3300953,0.0,13,9464500000.0,9464500000.0,73
andrew,baseline,,1992230N11325,"{""1992230N11325"": 0.8241441935788758}",114169083378.42009,94091787152.54744,20077296225.872646,9553599392.639118,31634832073.311455,0.0,38855447953.22042,14047907733.376436,9553599392.639118,31634832073.311455,6901375809.832937,13175920416.039707,34.033248584848295,12.304476236192443,8.367939121463518,27.7087554153833,6.044872749795077,11.540707892317354,38855447953.22042,14047907733.376436,6901375809.832937,29,18,11,Universal P&C Insurance Co.;Florida Family Insurance Co.;First Protective Insurance Co.;Cypress P&C Insurance Co.;Florida Peninsula Insurance Co;Tower Hill Insurance Exchange;Kin Interinsurance Network;Heritage P&C Insurance Co.;Florida Family Home Ins Co.;US Coastal P&C Insurance Co.;TypTap Insurance Co.;Homeowners Choice P&C Ins Co.;Edison Insurance Co.;Safe Harbor Insurance Co.;GeoVera Specialty Insurance Co;Florida Farm Bureau Cas Ins Co;Universal North America Ins Co;Auto Club Insurance Co. of FL;American Platinum P&C Ins Co.;FL Farm Bureau General Ins Co.;Castle Key Insurance Co.;Homesite Insurance Co.;State Farm FL Ins Co;AIG Property Casualty Co.;ASI Preferred Insurance Corp.;Nationwide P&C Insurance Co.;ACE Ins Co. of the Midwest;Castle Key Indemnity Co.;First Liberty Insurance Corp.,Universal P&C Insurance Co.;Florida Family Insurance Co.;First Protective Insurance Co.;Cypress P&C Insurance Co.;Florida Peninsula Insurance Co;Tower Hill Insurance Exchange;Kin Interinsurance Network;Heritage P&C Insurance Co.;Florida Family Home Ins Co.;US Coastal P&C Insurance Co.;TypTap Insurance Co.;Homeowners Choice P&C Ins Co.;Edison Insurance Co.;Safe Harbor Insurance Co.;GeoVera Specialty Insurance Co;Florida Farm Bureau Cas Ins Co;Universal North America Ins Co;American Platinum P&C Ins Co.,4111689240.426176,11,35.166819401784345,1813434536.1292377,17524642.45560544,1,0.9811320754716981,6679177526.995788,311486220.0,8353573543.213236,539937478.65,359958319.1,539937478.65,359958319.1,3460375809.8329372,6901375809.832937,3441000000.0,1395853723.0,1395853723.0,0.0,False,14715205120.012726,14715205120.012726,0.0,1.0,10192647708.931652,4522557411.081073,2005668417.0820649,0.0,13,9464500000.0,9464500000.0,74
andrew,baseline,,1992230N11325,"{""1992230N11325"": 0.926208584469438}",114169083378.42009,105744385106.0997,8424698272.320383,34590063699.13768,39314693779.47338,0.0,22547355348.912567,9292272278.576067,34590063699.13768,39314693779.47338,2920739420.3862433,5503958851.934139,19.74909028057801,8.139044304819624,30.297224673764696,34.43549918778145,2.5582577471567167,4.820883805899489,22547355348.912567,9292272278.576067,2920739420.3862433,20,13,7,Universal P&C Insurance Co.;Florida Family Insurance Co.;First Protective Insurance Co.;Cypress P&C Insurance Co.;Tower Hill Insurance Exchange;Kin Interinsurance Network;Florida Family Home Ins Co.;US Coastal P&C Insurance Co.;TypTap Insurance Co.;Homeowners Choice P&C Ins Co.;Edison Insurance Co.;Safe Harbor Insurance Co.;GeoVera Specialty Insurance Co;FL Farm Bureau General Ins Co.;Homesite Insurance Co.;State Farm FL Ins Co;AIG Property Casualty Co.;ASI Preferred Insurance Corp.;Castle Key Indemnity Co.;First Liberty Insurance Corp.,Universal P&C Insurance Co.;Florida Family Insurance Co.;First Protective Insurance Co.;Cypress P&C Insurance Co.;Tower Hill Insurance Exchange;Kin Interinsurance Network;Florida Family Home Ins Co.;US Coastal P&C Insurance Co.;TypTap Insurance Co.;Homeowners Choice P&C Ins Co.;Edison Insurance Co.;Safe Harbor Insurance Co.;GeoVera Specialty Insurance Co,1448871892.922949,7,28.889501145391137,232192349.13578677,0.0,0,1.0,961825999.1703529,380808540.0,3581733783.9301825,539937478.65,359958319.1,539937478.65,359958319.1,0.0,2920739420.3862433,2920739420.3862433,1395853723.0,1395853723.0,0.0,False,13792925968.065514,13792925968.065514,0.0,1.0,9270368556.98444,4522557411.081073,1911778467.623295,0.0,13,9464500000.0,9464500000.0,75
andrew,baseline,,1992230N11325,"{""1992230N11325"": 0.9716413157023326}",114169083378.42009,110931398386.3374,3237684992.0826817,30252204662.819683,46561066041.08695,0.0,24779721323.719265,9338406358.711498,30252204662.819683,46561066041.08695,1148807195.644627,2088877796.438054,21.70440594813697,8.179452862697342,26.497720545366022,40.78255221403292,1.006233177713128,1.8296352520536112,24779721323.719265,9338406358.711498,1148807195.644627,20,14,6,Universal P&C Insurance Co.;Florida Family Insurance Co.;First Protective Insurance Co.;Cypress P&C Insurance Co.;Tower Hill Insurance Exchange;Kin Interinsurance Network;Florida Family Home Ins Co.;US Coastal P&C Insurance Co.;TypTap Insurance Co.;Homeowners Choice P&C Ins Co.;Edison Insurance Co.;Safe Harbor Insurance Co.;GeoVera Specialty Insurance Co;Universal North America Ins Co;FL Farm Bureau General Ins Co.;Homesite Insurance Co.;State Farm FL Ins Co;AIG Property Casualty Co.;ASI Preferred Insurance Corp.;Castle Key Indemnity Co.,Universal P&C Insurance Co.;Florida Family Insurance Co.;First Protective Insurance Co.;Cypress P&C Insurance Co.;Tower Hill Insurance Exchange;Kin Interinsurance Network;Florida Family Home Ins Co.;US Coastal P&C Insurance Co.;TypTap Insurance Co.;Homeowners Choice P&C Ins Co.;Edison Insurance Co.;Safe Harbor Insurance Co.;GeoVera Specialty Insurance Co;Universal North America Ins Co,1355821149.1158655,6,29.203227969374158,1080260210.225328,0.0,0,1.0,2126656543.0037007,377343960.0,3651993956.9180737,539937478.65,359958319.1,539937478.65,359958319.1,0.0,1148807195.644627,1148807195.644627,1395853723.0,1148807195.644627,0.0,False,14231434993.285206,14231434993.285206,0.0,1.0,9708877582.204134,4522557411.081073,1965281193.6379857,0.0,13,9464500000.0,9464500000.0,76
andrew,baseline,,1992230N11325,"{""1992230N11325"": 0.9537745080979689}",114169083378.42009,108891561339.24861,5277522039.171473,8006442855.724951,30687415327.501194,0.0,51845789310.03021,18351913845.992264,8006442855.724951,30687415327.501194,1845634599.3317013,3431887439.8397717,45.41140891723228,16.074328796320255,7.0127941985722435,26.878918897672115,1.616580027374169,3.0059691628289427,51845789310.03021,18351913845.992264,1845634599.3317013,34,21,13,Universal P&C Insurance Co.;Florida Family Insurance Co.;First Protective Insurance Co.;Cypress P&C Insurance Co.;Florida Peninsula Insurance Co;Tower Hill Insurance Exchange;Kin Interinsurance Network;Unique Insurance Co.;Heritage P&C Insurance Co.;Florida Family Home Ins Co.;US Coastal P&C Insurance Co.;TypTap Insurance Co.;Homeowners Choice P&C Ins Co.;Vault E&S Insurance Co.;Edison Insurance Co.;Safe Harbor Insurance Co.;Spinnaker Specialty Ins Co.;GeoVera Specialty Insurance Co;Florida Farm Bureau Cas Ins Co;Universal North America Ins Co;Auto Club Insurance Co. of FL;American Platinum P&C Ins Co.;FL Farm Bureau General Ins Co.;Castle Key Insurance Co.;Homesite Insurance Co.;PURE Specialty Exchange;State Farm FL Ins Co;AIG Property Casualty Co.;Foremost P&C Insurance Co.;ASI Preferred Insurance Corp.;Nationwide P&C Insurance Co.;ACE Ins Co. of the Midwest;Castle Key Indemnity Co.;First Liberty Insurance Corp.,Universal P&C Insurance Co.;Florida Family Insurance Co.;First Protective Insurance Co.;Cypress P&C Insurance Co.;Florida Peninsula Insurance Co;Tower Hill Insurance Exchange;Kin Interinsurance Network;Unique Insurance Co.;Heritage P&C Insurance Co.;Florida Family Home Ins Co.;US Coastal P&C Insurance Co.;TypTap Insurance Co.;Homeowners Choice P&C Ins Co.;Vault E&S Insurance Co.;Edison Insurance Co.;Safe Harbor Insurance Co.;Spinnaker Specialty Ins Co.;GeoVera Specialty Insurance Co;Florida Farm Bureau Cas Ins Co;Universal North America Ins Co;American Platinum P&C Ins Co.,5857728018.775409,13,35.60316172831571,3406517416.998727,50813192.13840096,1,0.9811320754716981,12980639065.861872,306667560.0,12657652869.908228,539937478.65,359958319.1,539937478.65,359958319.1,0.0,1845634599.3317013,1845634599.3317013,1395853723.0,1395853723.0,0.0,False,14739396477.007084,14739396477.007084,0.0,1.0,10216839065.926012,4522557411.081073,2211576177.60135,0.0,14,9464500000.0,9464500000.0,77
andrew,baseline,,1992230N11325,"{""1992230N11325"": 0.9253139662938614}",114169083378.4201,105642247369.02046,8526836009.399636,17166733552.788115,47850419938.756676,0.0,25751395155.63086,14873698721.844799,17166733552.788115,47850419938.756676,2955630626.156324,5571205383.243313,22.55548909881001,13.027781498906368,15.036236645509337,41.911889386160404,2.5888187403236946,4.879784630290169,25751395155.63086,14873698721.844799,2955630626.156324,25,17,8,Universal P&C Insurance Co.;Florida Family Insurance Co.;First Protective Insurance Co.;Cypress P&C Insurance Co.;Florida Peninsula Insurance Co;Tower Hill Insurance Exchange;Kin Interinsurance Network;Florida Family Home Ins Co.;US Coastal P&C Insurance Co.;TypTap Insurance Co.;Homeowners Choice P&C Ins Co.;Edison Insurance Co.;Safe Harbor Insurance Co.;GeoVera Specialty Insurance Co;Florida Farm Bureau Cas Ins Co;Universal North America Ins Co;Auto Club Insurance Co. of FL;American Platinum P&C Ins Co.;FL Farm Bureau General Ins Co.;Homesite Insurance Co.;State Farm FL Ins Co;AIG Property Casualty Co.;ASI Preferred Insurance Corp.;Castle Key Indemnity Co.;First Liberty Insurance Corp.,Universal P&C Insurance Co.;Florida Family Insurance Co.;First Protective Insurance Co.;Cypress P&C Insurance Co.;Florida Peninsula Insurance Co;Tower Hill Insurance Exchange;Kin Interinsurance Network;Florida Family Home Ins Co.;US Coastal P&C Insurance Co.;TypTap Insurance Co.;Homeowners Choice P&C Ins Co.;Edison Insurance Co.;Safe Harbor Insurance Co.;GeoVera Specialty Insurance Co;Florida Farm Bureau Cas Ins Co;Universal North America Ins Co;American Platinum P&C Ins Co.,2035182158.9389586,8,33.145293557041065,645044896.1963167,2225562.604794331,1,0.9811320754716981,1963930895.3986735,333810540.0,9024323249.923426,539937478.65,359958319.1,539937478.65,359958319.1,0.0,2955630626.156324,2955630626.156324,1395853723.0,1395853723.0,0.0,False,14196994421.940788,14196994421.940788,0.0,1.0,9674437010.859715,4522557411.081073,2086190668.709075,0.0,13,9464500000.0,9464500000.0,78
andrew,baseline,,1992230N11325,"{""1992230N11325"": 0.9683073032913136}",114169083378.42009,110550757245.39908,3618326133.0210056,28883599029.277596,42935910001.242195,0.0,27889377478.958122,10841870735.921162,28883599029.277596,42935910001.242195,1278837767.623445,2339488365.3975606,24.428134704836992,9.496328090841502,25.298967263791738,37.60730026966111,1.1201261583091304,2.0491435125595165,27889377478.958122,10841870735.921162,1278837767.623445,22,14,8,Universal P&C Insurance Co.;Florida Family Insurance Co.;First Protective Insurance Co.;Cypress P&C Insurance Co.;Tower Hill Insurance Exchange;Kin Interinsurance Network;Florida Family Home Ins Co.;US Coastal P&C Insurance Co.;TypTap Insurance Co.;Homeowners Choice P&C Ins Co.;Edison Insurance Co.;Safe Harbor Insurance Co.;GeoVera Specialty Insurance Co;Universal North America Ins Co;Auto Club Insurance Co. of FL;FL Farm Bureau General Ins Co.;Homesite Insurance Co.;State Farm FL Ins Co;AIG Property Casualty Co.;ASI Preferred Insurance Corp.;Castle Key Indemnity Co.;First Liberty Insurance Corp.,Universal P&C Insurance Co.;Florida Family Insurance Co.;First Protective Insurance Co.;Cypress P&C Insurance Co.;Tower Hill Insurance Exchange;Kin Interinsurance Network;Florida Family Home Ins Co.;US Coastal P&C Insurance Co.;TypTap Insurance Co.;Homeowners Choice P&C Ins Co.;Edison Insurance Co.;Safe Harbor Insurance Co.;GeoVera Specialty Insurance Co;Universal North America Ins Co,2044451959.7877915,8,29.203227969374158,1222250067.023464,0.0,0,1.0,2820581248.1739707,377343960.0,5136148565.808838,539937478.65,359958319.1,539937478.65,359958319.1,0.0,1278837767.623445,1278837767.623445,1395853723.0,1278837767.623445,0.0,False,14414953577.724552,14414953577.724552,0.0,1.0,9892396166.64348,4522557411.081073,2085896221.6618326,0.0,13,9464500000.0,9464500000.0,79
andrew,baseline,,1992230N11325,"{""1992230N11325"": 0.8712693357076607}",114169083378.42009,99472021433.46858,14697061944.951504,20357398557.989285,44708938368.945786,0.0,23896406532.635025,10509277973.898487,20357398557.989285,44708938368.945786,5063437485.027488,9633624459.924017,20.9307159394711,9.205012130179648,17.830920557112208,39.160284944003095,4.435033842081773,8.438032587152168,23896406532.635025,10509277973.898487,5063437485.027488,22,15,7,Universal P&C Insurance Co.;Florida Family Insurance Co.;First Protective Insurance Co.;Cypress P&C Insurance Co.;Florida Peninsula Insurance Co;Tower Hill Insurance Exchange;Kin Interinsurance Network;Florida Family Home Ins Co.;US Coastal P&C Insurance Co.;TypTap Insurance Co.;Homeowners Choice P&C Ins Co.;Edison Insurance Co.;Safe Harbor Insurance Co.;GeoVera Specialty Insurance Co;Universal North America Ins Co;FL Farm Bureau General Ins Co.;Homesite Insurance Co.;State Farm FL Ins Co;AIG Property Casualty Co.;ASI Preferred Insurance Corp.;Castle Key Indemnity Co.;First Liberty Insurance Corp.,Universal P&C Insurance Co.;Florida Family Insurance Co.;First Protective Insurance Co.;Cypress P&C Insurance Co.;Florida Peninsula Insurance Co;Tower Hill Insurance Exchange;Kin Interinsurance Network;Florida Family Home Ins Co.;US Coastal P&C Insurance Co.;TypTap Insurance Co.;Homeowners Choice P&C Ins Co.;Edison Insurance Co.;Safe Harbor Insurance Co.;GeoVera Specialty Insurance Co;Universal North America Ins Co,1612361949.7211702,7,32.274744134947035,668619844.6496865,0.0,0,1.0,1668064003.342135,343424280.0,4768346741.070561,539937478.65,359958319.1,539937478.65,359958319.1,1622437485.0274878,5063437485.027488,3441000000.0,1395853723.0,1395853723.0,0.0,False,13915964897.07167,13915964897.07167,0.0,1.0,9393407485.990599,4522557411.081073,1813557883.9901428,0.0,13,9464500000.0,9464500000.0,80
andrew,baseline,,1992230N11325,"{""1992230N11325"": 0.9047796626705554}",114169083378.42009,103297864746.53345,10871218631.88664,24034740891.132687,49996749086.0888,0.0,20699141450.30057,8567233319.011396,24034740891.132687,49996749086.0888,3756493645.2921867,7114724986.594455,18.13025106078154,7.503987126370107,21.05188215575677,43.79184592414713,3.2902897475677104,6.2317439853767445,20699141450.30057,8567233319.011396,3756493645.2921867,20,13,7,Universal P&C Insurance Co.;Florida Family Insurance Co.;First Protective Insurance Co.;Cypress P&C Insurance Co.;Tower Hill Insurance Exchange;Kin Interinsurance Network;Florida Family Home Ins Co.;US Coastal P&C Insurance Co.;TypTap Insurance Co.;Homeowners Choice P&C Ins Co.;Edison Insurance Co.;Safe Harbor Insurance Co.;GeoVera Specialty Insurance Co;FL Farm Bureau General Ins Co.;Homesite Insurance Co.;State Farm FL Ins Co;AIG Property Casualty Co.;ASI Preferred Insurance Corp.;Castle Key Indemnity Co.;First Liberty Insurance Corp.,Universal P&C Insurance Co.;Florida Family Insurance Co.;First Protective Insurance Co.;Cypress P&C Insurance Co.;Tower Hill Insurance Exchange;Kin Interinsurance Network;Florida Family Home Ins Co.;US Coastal P&C Insurance Co.;TypTap Insurance Co.;Homeowners Choice P&C Ins Co.;Edison Insurance Co.;Safe Harbor Insurance Co.;GeoVera Specialty Insurance Co,1044235007.1763222,7,28.889501145391137,483821463.8572365,0.0,0,1.0,949140834.363519,380808540.0,2860636017.7580333,539937478.65,359958319.1,539937478.65,359958319.1,315493645.29218674,3756493645.2921867,3441000000.0,1395853723.0,1395853723.0,0.0,False,13750666868.9277,13750666868.9277,0.0,1.0,9228109457.846628,4522557411.081073,1583210348.8931005,0.0,12,9464500000.0,9464500000.0,81
andrew,baseline,,1992230N11325,"{""1992230N11325"": 0.8877053293502358}",114169083378.42007,101348503762.0549,12820579616.36517,30085356482.87364,56704017052.59459,0.0,10020430976.463251,4538699250.123424,30085356482.87364,56704017052.59459,4422413580.221148,8398166036.14402,8.776834042934329,3.975418840037141,26.351579247732044,49.666700804320044,3.8735649348806636,7.355902130095772,10020430976.463251,4538699250.123424,4422413580.221148,11,7,4,Universal P&C Insurance Co.;First Protective Insurance Co.;Tower Hill Insurance Exchange;Kin Interinsurance Network;TypTap Insurance Co.;Homeowners Choice P&C Ins Co.;GeoVera Specialty Insurance Co;FL Farm Bureau General Ins Co.;AIG Property Casualty Co.;ASI Preferred Insurance Corp.;Castle Key Indemnity Co.,Universal P&C Insurance Co.;First Protective Insurance Co.;Tower Hill Insurance Exchange;Kin Interinsurance Network;TypTap Insurance Co.;Homeowners Choice P&C Ins Co.;GeoVera Specialty Insurance Co,118235365.57813238,4,23.145936299594748,191426295.8781885,0.0,0,1.0,58588209.62864274,444236460.0,1296719174.2983546,539937478.65,359958319.1,539937478.65,359958319.1,981413580.2211475,4422413580.221148,3441000000.0,1395853723.0,1395853723.0,0.0,False,5300138819.333431,5300138819.333431,0.0,1.0,3251151962.98007,2048986856.3533614,1437863909.1104565,0.0,10,9464500000.0,9464500000.0,82
andrew,baseline,,1992230N11325,"{""1992230N11325"": 0.935652808956476}",114169083378.42006,106822623559.00482,7346459819.415243,19920692169.17168,50808649077.12736,0.0,26628333221.01175,9464949091.694048,19920692169.17168,50808649077.12736,2552403085.4982386,4794056733.917006,23.323593772536995,8.29029086650536,17.448412109207702,44.50298414739754,2.2356342102162197,4.199084894136205,26628333221.01175,9464949091.694048,2552403085.4982386,24,16,8,Universal P&C Insurance Co.;Florida Family Insurance Co.;First Protective Insurance Co.;Cypress P&C Insurance Co.;Florida Peninsula Insurance Co;Tower Hill Insurance Exchange;Kin Interinsurance Network;Florida Family Home Ins Co.;US Coastal P&C Insurance Co.;TypTap Insurance Co.;Homeowners Choice P&C Ins Co.;Edison Insurance Co.;Safe Harbor Insurance Co.;GeoVera Specialty Insurance Co;Universal North America Ins Co;Auto Club Insurance Co. of FL;American Platinum P&C Ins Co.;FL Farm Bureau General Ins Co.;Homesite Insurance Co.;State Farm FL Ins Co;AIG Property Casualty Co.;ASI Preferred Insurance Corp.;Castle Key Indemnity Co.;First Liberty Insurance Corp.,Universal P&C Insurance Co.;Florida Family Insurance Co.;First Protective Insurance Co.;Cypress P&C Insurance Co.;Florida Peninsula Insurance Co;Tower Hill Insurance Exchange;Kin Interinsurance Network;Florida Family Home Ins Co.;US Coastal P&C Insurance Co.;TypTap Insurance Co.;Homeowners Choice P&C Ins Co.;Edison Insurance Co.;Safe Harbor Insurance Co.;GeoVera Specialty Insurance Co;Universal North America Ins Co;American Platinum P&C Ins Co.,1490057369.9184148,8,32.43209381455101,629101138.9235748,9315082.634701028,1,0.9811320754716981,2691276243.158912,341686620.0,3794544587.8925247,539937478.65,359958319.1,539937478.65,359958319.1,0.0,2552403085.4982386,2552403085.4982386,1395853723.0,1395853723.0,0.0,False,14366406748.251945,14366406748.251945,0.0,1.0,9843849337.170872,4522557411.081073,1997557450.7835903,0.0,13,9464500000.0,9464500000.0,83
andrew,baseline,,1992230N11325,"{""1992230N11325"": 0.7588427711029544}",114169083378.42009,86636383605.16454,27532699773.255554,9218208438.311735,31439780707.80414,0.0,35688076150.906075,10290318308.142588,9218208438.311735,31439780707.80414,9448211354.748941,18084488418.506615,31.25896704681062,9.013226701693599,8.074172241321625,27.537911120469584,8.275630385357736,15.84009250434684,35688076150.906075,10290318308.142588,9448211354.748941,26,17,9,Universal P&C Insurance Co.;Florida Family Insurance Co.;First Protective Insurance Co.;Cypress P&C Insurance Co.;Florida Peninsula Insurance Co;Tower Hill Insurance Exchange;Kin Interinsurance Network;Heritage P&C Insurance Co.;Florida Family Home Ins Co.;US Coastal P&C Insurance Co.;TypTap Insurance Co.;Homeowners Choice P&C Ins Co.;Edison Insurance Co.;Safe Harbor Insurance Co.;GeoVera Specialty Insurance Co;Universal North America Ins Co;Auto Club Insurance Co. of FL;American Platinum P&C Ins Co.;FL Farm Bureau General Ins Co.;Homesite Insurance Co.;State Farm FL Ins Co;AIG Property Casualty Co.;ASI Preferred Insurance Corp.;ACE Ins Co. of the Midwest;Castle Key Indemnity Co.;First Liberty Insurance Corp.,Universal P&C Insurance Co.;Florida Family Insurance Co.;First Protective Insurance Co.;Cypress P&C Insurance Co.;Florida Peninsula Insurance Co;Tower Hill Insurance Exchange;Kin Interinsurance Network;Heritage P&C Insurance Co.;Florida Family Home Ins Co.;US Coastal P&C Insurance Co.;TypTap Insurance Co.;Homeowners Choice P&C Ins Co.;Edison Insurance Co.;Safe Harbor Insurance Co.;GeoVera Specialty Insurance Co;Universal North America Ins Co;American Platinum P&C Ins Co.,3953341949.9266567,9,34.45361965929429,1964046707.047618,16848168.055918403,1,0.9811320754716981,5675899983.570556,319362300.0,4666922351.835791,539937478.65,359958319.1,539937478.65,359958319.1,6007211354.748941,9448211354.748941,3441000000.0,1395853723.0,1395853723.0,0.0,False,14691575418.433254,14691575418.433254,0.0,1.0,10169018007.35218,4522557411.081074,2086591156.9026115,0.0,13,9464500000.0,9464500000.0,84
andrew,baseline,,1992230N11325,"{""1992230N11325"": 0.8667402501170948}",114169083378.42009,98954939883.05127,15214143495.368818,10918431233.499737,47318907533.27102,0.0,28528550629.14825,12189050487.132257,10918431233.499737,47318907533.27102,5240077376.329597,9974066119.03922,24.987982547419342,10.676314573474272,9.56338696117053,41.44634092964532,4.589751639645783,8.736223348644744,28528550629.14825,12189050487.132257,5240077376.329597,24,15,9,Universal P&C Insurance Co.;Florida Family Insurance Co.;First Protective Insurance Co.;Cypress P&C Insurance Co.;Florida Peninsula Insurance Co;Tower Hill Insurance Exchange;Kin Interinsurance Network;Florida Family Home Ins Co.;US Coastal P&C Insurance Co.;TypTap Insurance Co.;Homeowners Choice P&C Ins Co.;Edison Insurance Co.;Safe Harbor Insurance Co.;GeoVera Specialty Insurance Co;Universal North America Ins Co;Auto Club Insurance Co. of FL;FL Farm Bureau General Ins Co.;Homesite Insurance Co.;State Farm FL Ins Co;AIG Property Casualty Co.;ASI Preferred Insurance Corp.;ACE Ins Co. of the Midwest;Castle Key Indemnity Co.;First Liberty Insurance Corp.,Universal P&C Insurance Co.;Florida Family Insurance Co.;First Protective Insurance Co.;Cypress P&C Insurance Co.;Florida Peninsula Insurance Co;Tower Hill Insurance Exchange;Kin Interinsurance Network;Florida Family Home Ins Co.;US Coastal P&C Insurance Co.;TypTap Insurance Co.;Homeowners Choice P&C Ins Co.;Edison Insurance Co.;Safe Harbor Insurance Co.;GeoVera Specialty Insurance Co;Universal North America Ins Co,2272538384.8494906,9,32.274744134947035,859887370.8637955,0.0,0,1.0,2826101565.8115296,343424280.0,6448820440.972056,539937478.65,359958319.1,539937478.65,359958319.1,1799077376.3295975,5240077376.329597,3441000000.0,1395853723.0,1395853723.0,0.0,False,14420915923.20339,14420915923.20339,0.0,1.0,9898358512.122318,4522557411.081072,2016707034.4092343,0.0,13,9464500000.0,9464500000.0,85
andrew,baseline,,1992230N11325,"{""1992230N11325"": 0.6930532262056789}",114169083378.42007,79125251568.35918,35043831810.060905,14594051574.201326,27353208475.117462,0.0,27812192960.38766,9365798558.652739,14594051574.201326,27353208475.117462,12014084272.601702,23029747537.459206,24.360529258347928,8.203445522645788,12.782840277195264,23.958507562378912,10.523062739130804,20.17161464030132,27812192960.38766,9365798558.652739,12014084272.601702,25,16,9,Universal P&C Insurance Co.;Florida Family Insurance Co.;First Protective Insurance Co.;Cypress P&C Insurance Co.;Florida Peninsula Insurance Co;Tower Hill Insurance Exchange;Kin Interinsurance Network;Florida Family Home Ins Co.;US Coastal P&C Insurance Co.;TypTap Insurance Co.;Homeowners Choice P&C Ins Co.;Edison Insurance Co.;Safe Harbor Insurance Co.;GeoVera Specialty Insurance Co;Universal North America Ins Co;Auto Club Insurance Co. of FL;American Platinum P&C Ins Co.;FL Farm Bureau General Ins Co.;Homesite Insurance Co.;State Farm FL Ins Co;AIG Property Casualty Co.;ASI Preferred Insurance Corp.;ACE Ins Co. of the Midwest;Castle Key Indemnity Co.;First Liberty Insurance Corp.,Universal P&C Insurance Co.;Florida Family Insurance Co.;First Protective Insurance Co.;Cypress P&C Insurance Co.;Florida Peninsula Insurance Co;Tower Hill Insurance Exchange;Kin Interinsurance Network;Florida Family Home Ins Co.;US Coastal P&C Insurance Co.;TypTap Insurance Co.;Homeowners Choice P&C Ins Co.;Edison Insurance Co.;Safe Harbor Insurance Co.;GeoVera Specialty Insurance Co;Universal North America Ins Co;American Platinum P&C Ins Co.,2146122644.4473505,9,32.43209381455101,750947222.0282419,2471066.4668351226,1,0.9811320754716981,2768163895.7782593,341686620.0,3709715849.4742527,539937478.65,359958319.1,539937478.65,359958319.1,8573084272.601702,12014084272.601702,3441000000.0,1395853723.0,1395853723.0,0.0,False,14581817478.506615,14581817478.506615,0.0,1.0,10059260067.42554,4522557411.081073,2086312866.3702004,0.0,13,9464500000.0,9464500000.0,86
andrew,baseline,,1992230N11325,"{""1992230N11325"": 0.9910081106843014}",114169083378.42009,113024203692.43184,1144879685.9882433,10504095236.348886,68204782100.85869,0.0,25595849500.445602,8719476854.778656,10504095236.348886,68204782100.85869,418324047.5865388,726555638.4017045,22.419247613302336,7.6373363057294945,9.200472602142606,59.740150382735365,0.3664074679482004,0.6363856281419843,25595849500.445602,8719476854.778656,418324047.5865388,23,14,9,Universal P&C Insurance Co.;Florida Family Insurance Co.;First Protective Insurance Co.;Cypress P&C Insurance Co.;Tower Hill Insurance Exchange;Kin Interinsurance Network;Florida Family Home Ins Co.;US Coastal P&C Insurance Co.;TypTap Insurance Co.;Homeowners Choice P&C Ins Co.;Edison Insurance Co.;Safe Harbor Insurance Co.;GeoVera Specialty Insurance Co;Universal North America Ins Co;Auto Club Insurance Co. of FL;FL Farm Bureau General Ins Co.;Homesite Insurance Co.;State Farm FL Ins Co;AIG Property Casualty Co.;ASI Preferred Insurance Corp.;ACE Ins Co. of the Midwest;Castle Key Indemnity Co.;First Liberty Insurance Corp.,Universal P&C Insurance Co.;Florida Family Insurance Co.;First Protective Insurance Co.;Cypress P&C Insurance Co.;Tower Hill Insurance Exchange;Kin Interinsurance Network;Florida Family Home Ins Co.;US Coastal P&C Insurance Co.;TypTap Insurance Co.;Homeowners Choice P&C Ins Co.;Edison Insurance Co.;Safe Harbor Insurance Co.;GeoVera Specialty Insurance Co;Universal North America Ins Co,2067548097.8612206,9,29.203227969374158,754174796.1263051,0.0,0,1.0,1790006912.599441,377343960.0,3069337361.500362,539937478.65,359958319.1,539937478.65,359958319.1,0.0,418324047.5865388,418324047.5865388,1395853723.0,418324047.5865388,0.0,False,14223460897.729906,14223460897.729906,0.0,1.0,9700903486.648834,4522557411.081072,2086029294.6865573,0.0,13,9464500000.0,9464500000.0,87
andrew,baseline,,1992230N11325,"{""1992230N11325"": 0.8064803191846788}",114169083378.42007,92075118804.05043,22093964574.36965,33905731781.717888,45314271289.910866,0.0,9937794872.053194,2917320860.368493,33905731781.717888,45314271289.910866,7590288569.500008,14503676004.869644,8.704453585839692,2.555263451401167,29.69782254389778,39.69049233732925,6.648287211294808,12.703680870237319,9937794872.053194,2917320860.368493,7590288569.500008,11,7,4,Universal P&C Insurance Co.;First Protective Insurance Co.;Tower Hill Insurance Exchange;Kin Interinsurance Network;TypTap Insurance Co.;Homeowners Choice P&C Ins Co.;GeoVera Specialty Insurance Co;FL Farm Bureau General Ins Co.;AIG Property Casualty Co.;ASI Preferred Insurance Corp.;Castle Key Indemnity Co.,Universal P&C Insurance Co.;First Protective Insurance Co.;Tower Hill Insurance Exchange;Kin Interinsurance Network;TypTap Insurance Co.;Homeowners Choice P&C Ins Co.;GeoVera Specialty Insurance Co,103579445.78000689,4,23.145936299594748,190429816.30081213,0.0,0,1.0,67568312.91835815,444236460.0,1282127210.5547476,539937478.65,359958319.1,539937478.65,359958319.1,4149288569.5000076,7590288569.500008,3441000000.0,1395853723.0,1395853723.0,0.0,False,3605238657.773252,3605238657.773252,0.0,1.0,3161416407.2772717,443822250.49598014,1435498892.5599303,0.0,10,9464500000.0,9464500000.0,88
andrew,baseline,,1992230N11325,"{""1992230N11325"": 0.8570257662824824}",114169083378.42007,97845846168.15909,16323237210.260992,25295576585.26245,33926182494.53311,0.0,30146000322.29808,8478086766.065453,25295576585.26245,33926182494.53311,5618954157.147436,10704283053.113558,26.404696814791272,7.4259042073276005,22.15624040828881,29.71573519784056,4.92160748853793,9.375815883213837,30146000322.29808,8478086766.065453,5618954157.147436,26,17,9,Universal P&C Insurance Co.;Florida Family Insurance Co.;First Protective Insurance Co.;Cypress P&C Insurance Co.;Florida Peninsula Insurance Co;Tower Hill Insurance Exchange;Kin Interinsurance Network;Heritage P&C Insurance Co.;Florida Family Home Ins Co.;US Coastal P&C Insurance Co.;TypTap Insurance Co.;Homeowners Choice P&C Ins Co.;Edison Insurance Co.;Safe Harbor Insurance Co.;GeoVera Specialty Insurance Co;Universal North America Ins Co;Auto Club Insurance Co. of FL;American Platinum P&C Ins Co.;FL Farm Bureau General Ins Co.;Homesite Insurance Co.;State Farm FL Ins Co;AIG Property Casualty Co.;ASI Preferred Insurance Corp.;ACE Ins Co. of the Midwest;Castle Key Indemnity Co.;First Liberty Insurance Corp.,Universal P&C Insurance Co.;Florida Family Insurance Co.;First Protective Insurance Co.;Cypress P&C Insurance Co.;Florida Peninsula Insurance Co;Tower Hill Insurance Exchange;Kin Interinsurance Network;Heritage P&C Insurance Co.;Florida Family Home Ins Co.;US Coastal P&C Insurance Co.;TypTap Insurance Co.;Homeowners Choice P&C Ins Co.;Edison Insurance Co.;Safe Harbor Insurance Co.;GeoVera Specialty Insurance Co;Universal North America Ins Co;American Platinum P&C Ins Co.,2415301607.0318336,9,34.45361965929429,941054307.6630311,7334279.662996769,1,0.9811320754716981,3256905061.9740844,319362300.0,2876378573.406081,539937478.65,359958319.1,539937478.65,359958319.1,2177954157.147436,5618954157.147436,3441000000.0,1395853723.0,1395853723.0,0.0,False,14571606622.53276,14571606622.53276,0.0,1.0,10049049211.451687,4522557411.081073,2086337167.2256389,0.0,13,9464500000.0,9464500000.0,89
andrew,baseline,,1992230N11325,"{""1992230N11325"": 0.7816626955439292}",114169083378.42009,89241713461.35545,24927369917.06464,11793046462.404062,38493799739.28313,0.0,26605412295.254078,12349454964.414175,11793046462.404062,38493799739.28313,8558206321.244464,16369163595.820175,23.30351747422626,10.816811871460144,10.329457076672256,33.71648313203425,7.4960804343832645,14.337650011223815,26605412295.254078,12349454964.414175,8558206321.244464,23,16,7,Universal P&C Insurance Co.;Florida Family Insurance Co.;First Protective Insurance Co.;Cypress P&C Insurance Co.;Florida Peninsula Insurance Co;Tower Hill Insurance Exchange;Kin Interinsurance Network;Florida Family Home Ins Co.;US Coastal P&C Insurance Co.;TypTap Insurance Co.;Homeowners Choice P&C Ins Co.;Edison Insurance Co.;Safe Harbor Insurance Co.;GeoVera Specialty Insurance Co;Universal North America Ins Co;American Platinum P&C Ins Co.;FL Farm Bureau General Ins Co.;Homesite Insurance Co.;State Farm FL Ins Co;AIG Property Casualty Co.;ASI Preferred Insurance Corp.;Castle Key Indemnity Co.;First Liberty Insurance Corp.,Universal P&C Insurance Co.;Florida Family Insurance Co.;First Protective Insurance Co.;Cypress P&C Insurance Co.;Florida Peninsula Insurance Co;Tower Hill Insurance Exchange;Kin Interinsurance Network;Florida Family Home Ins Co.;US Coastal P&C Insurance Co.;TypTap Insurance Co.;Homeowners Choice P&C Ins Co.;Edison Insurance Co.;Safe Harbor Insurance Co.;GeoVera Specialty Insurance Co;Universal North America Ins Co;American Platinum P&C Ins Co.,1960048166.288056,7,32.43209381455101,817988707.5720401,3171743.9096942283,1,0.9811320754716981,1976773106.4115944,341686620.0,6579809778.510027,539937478.65,359958319.1,539937478.65,359958319.1,5117206321.244464,8558206321.244464,3441000000.0,1395853723.0,1395853723.0,0.0,False,14382530061.515018,14382530061.515018,0.0,1.0,9859972650.433947,4522557411.081073,1953804361.072781,0.0,13,9464500000.0,9464500000.0,90
andrew,baseline,,1992230N11325,"{""1992230N11325"": 0.9301051841779784}",114169083378.42009,106189256323.11638,7979827055.303715,28191234717.107635,47891265574.16826,0.0,21452194828.264595,8654561203.575876,28191234717.107635,47891265574.16826,2768767253.9961596,5211059801.307556,18.789845896511267,7.580477084930101,24.69252960862105,41.9476658277354,2.425146258570649,4.564335323631525,21452194828.264595,8654561203.575876,2768767253.9961596,18,12,6,Universal P&C Insurance Co.;First Protective Insurance Co.;Cypress P&C Insurance Co.;Tower Hill Insurance Exchange;Kin Interinsurance Network;Florida Family Home Ins Co.;US Coastal P&C Insurance Co.;TypTap Insurance Co.;Homeowners Choice P&C Ins Co.;Edison Insurance Co.;Safe Harbor Insurance Co.;GeoVera Specialty Insurance Co;FL Farm Bureau General Ins Co.;State Farm FL Ins Co;AIG Property Casualty Co.;ASI Preferred Insurance Corp.;Castle Key Indemnity Co.;First Liberty Insurance Corp.,Universal P&C Insurance Co.;First Protective Insurance Co.;Cypress P&C Insurance Co.;Tower Hill Insurance Exchange;Kin Interinsurance Network;Florida Family Home Ins Co.;US Coastal P&C Insurance Co.;TypTap Insurance Co.;Homeowners Choice P&C Ins Co.;Edison Insurance Co.;Safe Harbor Insurance Co.;GeoVera Specialty Insurance Co,1409122992.80818,6,28.44562846231369,228517829.88818967,0.0,0,1.0,818201477.2232537,385710360.0,2961525605.9668474,539937478.65,359958319.1,539937478.65,359958319.1,0.0,2768767253.9961596,2768767253.9961596,1395853723.0,1395853723.0,0.0,False,13461607195.064857,13461607195.064857,0.0,1.0,8939049783.983784,4522557411.081073,1853821291.437913,0.0,13,9464500000.0,9464500000.0,91
andrew,baseline,,1992230N11325,"{""1992230N11325"": 0.9144875118888408}",114169083378.42007,104406200993.36098,9762882385.059101,19680981412.723774,36428134457.861244,0.0,36107532221.35264,12189552901.423317,19680981412.723774,36428134457.861244,3377875622.646042,6385006762.41306,31.62636604663989,10.676754635070806,17.238450927638628,31.907179579534745,2.9586605433713404,5.59258826774459,36107532221.35264,12189552901.423317,3377875622.646042,28,18,10,Universal P&C Insurance Co.;Florida Family Insurance Co.;First Protective Insurance Co.;Cypress P&C Insurance Co.;Florida Peninsula Insurance Co;Tower Hill Insurance Exchange;Kin Interinsurance Network;Heritage P&C Insurance Co.;Florida Family Home Ins Co.;US Coastal P&C Insurance Co.;TypTap Insurance Co.;Homeowners Choice P&C Ins Co.;Edison Insurance Co.;Safe Harbor Insurance Co.;GeoVera Specialty Insurance Co;Florida Farm Bureau Cas Ins Co;Universal North America Ins Co;Auto Club Insurance Co. of FL;American Platinum P&C Ins Co.;FL Farm Bureau General Ins Co.;Castle Key Insurance Co.;Homesite Insurance Co.;State Farm FL Ins Co;AIG Property Casualty Co.;ASI Preferred Insurance Corp.;ACE Ins Co. of the Midwest;Castle Key Indemnity Co.;First Liberty Insurance Corp.,Universal P&C Insurance Co.;Florida Family Insurance Co.;First Protective Insurance Co.;Cypress P&C Insurance Co.;Florida Peninsula Insurance Co;Tower Hill Insurance Exchange;Kin Interinsurance Network;Heritage P&C Insurance Co.;Florida Family Home Ins Co.;US Coastal P&C Insurance Co.;TypTap Insurance Co.;Homeowners Choice P&C Ins Co.;Edison Insurance Co.;Safe Harbor Insurance Co.;GeoVera Specialty Insurance Co;Florida Farm Bureau Cas Ins Co;Universal North America Ins Co;American Platinum P&C Ins Co.,3241630949.761203,10,35.166819401784345,1699391674.9656525,31194557.386639185,1,0.9811320754716981,6179990077.4618025,311486220.0,6518660629.278567,539937478.65,359958319.1,539937478.65,359958319.1,0.0,3377875622.646042,3377875622.646042,1395853723.0,1395853723.0,0.0,False,14658956830.843231,14658956830.843231,0.0,1.0,10136399419.762157,4522557411.081074,2086279029.2426744,0.0,13,9464500000.0,9464500000.0,92
andrew,baseline,,1992230N11325,"{""1992230N11325"": 0.9864983386979572}",114169083378.42007,112587711299.48299,1581372078.9370897,20958433240.067215,75976254464.41872,0.0,11508112076.259642,4144911518.7374043,20958433240.067215,75976254464.41872,577799894.7681049,1003572184.1689845,10.079884795181664,3.6305025809823253,18.357363149355653,66.54713536815478,0.5060913845239113,0.8790227218016511,11508112076.259642,4144911518.7374043,577799894.7681049,12,8,4,Universal P&C Insurance Co.;First Protective Insurance Co.;Cypress P&C Insurance Co.;Tower Hill Insurance Exchange;Kin Interinsurance Network;TypTap Insurance Co.;Homeowners Choice P&C Ins Co.;GeoVera Specialty Insurance Co;FL Farm Bureau General Ins Co.;AIG Property Casualty Co.;ASI Preferred Insurance Corp.;Castle Key Indemnity Co.,Universal P&C Insurance Co.;First Protective Insurance Co.;Cypress P&C Insurance Co.;Tower Hill Insurance Exchange;Kin Interinsurance Network;TypTap Insurance Co.;Homeowners Choice P&C Ins Co.;GeoVera Specialty Insurance Co,123956010.83139382,4,24.017115967979795,195032624.34798056,0.0,0,1.0,147754980.66520596,434615760.0,1306750652.759873,539937478.65,359958319.1,539937478.65,359958319.1,0.0,577799894.7681049,577799894.7681049,1395853723.0,577799894.7681049,0.0,False,5946030449.211969,5946030449.211969,0.0,1.0,4286893446.9307675,1659137002.281202,1437759483.42826,0.0,10,9464500000.0,9464500000.0,93
andrew,baseline,,1992230N11325,"{""1992230N11325"": 0.9078100050849334}",114169083378.42007,103643836162.3057,10525247216.114372,25379151402.837395,33539261984.169212,0.0,31906252769.917816,12819170005.381289,25379151402.837395,33539261984.169212,3638306575.5227666,6886940640.591607,27.946491139078944,11.228232395359962,22.229443078488,29.376833895566435,3.186770417927757,6.032229073578914,31906252769.917816,12819170005.381289,3638306575.5227666,27,17,10,Universal P&C Insurance Co.;Florida Family Insurance Co.;First Protective Insurance Co.;Cypress P&C Insurance Co.;Florida Peninsula Insurance Co;Tower Hill Insurance Exchange;Kin Interinsurance Network;Heritage P&C Insurance Co.;Florida Family Home Ins Co.;US Coastal P&C Insurance Co.;TypTap Insurance Co.;Homeowners Choice P&C Ins Co.;Edison Insurance Co.;Safe Harbor Insurance Co.;GeoVera Specialty Insurance Co;Universal North America Ins Co;Auto Club Insurance Co. of FL;American Platinum P&C Ins Co.;FL Farm Bureau General Ins Co.;Castle Key Insurance Co.;Homesite Insurance Co.;State Farm FL Ins Co;AIG Property Casualty Co.;ASI Preferred Insurance Corp.;ACE Ins Co. of the Midwest;Castle Key Indemnity Co.;First Liberty Insurance Corp.,Universal P&C Insurance Co.;Florida Family Insurance Co.;First Protective Insurance Co.;Cypress P&C Insurance Co.;Florida Peninsula Insurance Co;Tower Hill Insurance Exchange;Kin Interinsurance Network;Heritage P&C Insurance Co.;Florida Family Home Ins Co.;US Coastal P&C Insurance Co.;TypTap Insurance Co.;Homeowners Choice P&C Ins Co.;Edison Insurance Co.;Safe Harbor Insurance Co.;GeoVera Specialty Insurance Co;Universal North America Ins Co;American Platinum P&C Ins Co.,2255914723.2486067,10,34.45361965929429,1788566202.6178904,23358188.036145948,1,0.9811320754716981,5049951822.969248,319362300.0,7096185911.3921385,539937478.65,359958319.1,539937478.65,359958319.1,197306575.5227666,3638306575.5227666,3441000000.0,1395853723.0,1395853723.0,0.0,False,14634313427.151646,14634313427.151646,0.0,1.0,10111756016.070572,4522557411.081073,2086063751.2049537,0.0,13,9464500000.0,9464500000.0,94
andrew,baseline,,1992230N11325,"{""1992230N11325"": 0.9336441865849135}",114169083378.42007,106593300983.99019,7575782394.4298935,28218063567.75946,42320464882.996155,0.0,26507924473.885098,9546848059.349482,28218063567.75946,42320464882.996155,2630741820.8312163,4945040573.598677,23.218128489324066,8.362025670037044,24.716028834381586,37.06823566474867,2.3042506280894535,4.331330713419193,26507924473.885098,9546848059.349482,2630741820.8312163,23,15,8,Universal P&C Insurance Co.;Florida Family Insurance Co.;First Protective Insurance Co.;Cypress P&C Insurance Co.;Florida Peninsula Insurance Co;Tower Hill Insurance Exchange;Kin Interinsurance Network;Florida Family Home Ins Co.;US Coastal P&C Insurance Co.;TypTap Insurance Co.;Homeowners Choice P&C Ins Co.;Edison Insurance Co.;Safe Harbor Insurance Co.;GeoVera Specialty Insurance Co;Auto Club Insurance Co. of FL;American Platinum P&C Ins Co.;FL Farm Bureau General Ins Co.;Homesite Insurance Co.;State Farm FL Ins Co;AIG Property Casualty Co.;ASI Preferred Insurance Corp.;Castle Key Indemnity Co.;First Liberty Insurance Corp.,Universal P&C Insurance Co.;Florida Family Insurance Co.;First Protective Insurance Co.;Cypress P&C Insurance Co.;Florida Peninsula Insurance Co;Tower Hill Insurance Exchange;Kin Interinsurance Network;Florida Family Home Ins Co.;US Coastal P&C Insurance Co.;TypTap Insurance Co.;Homeowners Choice P&C Ins Co.;Edison Insurance Co.;Safe Harbor Insurance Co.;GeoVera Specialty Insurance Co;American Platinum P&C Ins Co.,1912915499.7739596,8,32.118366990567985,448658088.1170018,7515937.835007772,1,0.9811320754716981,1869387511.1112366,345151200.0,3874515262.2189064,539937478.65,359958319.1,539937478.65,359958319.1,0.0,2630741820.8312163,2630741820.8312163,1395853723.0,1395853723.0,0.0,False,14138309312.363052,14138309312.363052,0.0,1.0,9615751901.28198,4522557411.081073,1975413723.9799666,0.0,13,9464500000.0,9464500000.0,95
andrew,baseline,,1992230N11325,"{""1992230N11325"": 0.9755146208351387}",114169083378.42006,111373610082.99478,2795473295.425283,11277948404.278822,44174162296.853386,0.0,38971313413.722305,16950185968.140287,11277948404.278822,44174162296.853386,997743546.2704732,1797729749.1548097,34.13473443116787,14.846563944073992,9.878285846350721,38.691877861921306,0.8739174536099185,1.574620462876215,38971313413.722305,16950185968.140287,997743546.2704732,29,19,10,Universal P&C Insurance Co.;Florida Family Insurance Co.;First Protective Insurance Co.;Cypress P&C Insurance Co.;Florida Peninsula Insurance Co;Tower Hill Insurance Exchange;Kin Interinsurance Network;Unique Insurance Co.;Heritage P&C Insurance Co.;Florida Family Home Ins Co.;US Coastal P&C Insurance Co.;TypTap Insurance Co.;Homeowners Choice P&C Ins Co.;Edison Insurance Co.;Safe Harbor Insurance Co.;GeoVera Specialty Insurance Co;Florida Farm Bureau Cas Ins Co;Universal North America Ins Co;Auto Club Insurance Co. of FL;American Platinum P&C Ins Co.;FL Farm Bureau General Ins Co.;Castle Key Insurance Co.;Homesite Insurance Co.;State Farm FL Ins Co;AIG Property Casualty Co.;ASI Preferred Insurance Corp.;ACE Ins Co. of the Midwest;Castle Key Indemnity Co.;First Liberty Insurance Corp.,Universal P&C Insurance Co.;Florida Family Insurance Co.;First Protective Insurance Co.;Cypress P&C Insurance Co.;Florida Peninsula Insurance Co;Tower Hill Insurance Exchange;Kin Interinsurance Network;Unique Insurance Co.;Heritage P&C Insurance Co.;Florida Family Home Ins Co.;US Coastal P&C Insurance Co.;TypTap Insurance Co.;Homeowners Choice P&C Ins Co.;Edison Insurance Co.;Safe Harbor Insurance Co.;GeoVera Specialty Insurance Co;Florida Farm Bureau Cas Ins Co;Universal North America Ins Co;American Platinum P&C Ins Co.,4212226528.9430933,10,35.26242124434198,1262335708.041271,28306803.091830663,1,0.9811320754716981,5964866917.976952,310430460.0,11199141074.15944,539937478.65,359958319.1,539937478.65,359958319.1,0.0,997743546.2704732,997743546.2704732,1395853723.0,997743546.2704732,0.0,False,14696733998.587711,14696733998.587711,0.0,1.0,10174176587.50664,4522557411.081073,2086532360.6027951,0.0,13,9464500000.0,9464500000.0,96
andrew,baseline,,1992230N11325,"{""1992230N11325"": 0.8866751769104851}",114169083378.42009,101230892202.26855,12938191176.15153,11409190641.782082,50101340166.52689,0.0,29367019509.722622,10353341884.236954,11409190641.782082,50101340166.52689,4462590788.477307,8475600387.674223,25.72239229808294,9.068428665508506,9.993240117349155,43.8834566101079,3.9087559052092846,7.4237264037422035,29367019509.722622,10353341884.236954,4462590788.477307,22,14,8,Universal P&C Insurance Co.;Florida Family Insurance Co.;First Protective Insurance Co.;Cypress P&C Insurance Co.;Tower Hill Insurance Exchange;Kin Interinsurance Network;Florida Family Home Ins Co.;US Coastal P&C Insurance Co.;TypTap Insurance Co.;Homeowners Choice P&C Ins Co.;Edison Insurance Co.;Safe Harbor Insurance Co.;GeoVera Specialty Insurance Co;Auto Club Insurance Co. of FL;American Platinum P&C Ins Co.;FL Farm Bureau General Ins Co.;Homesite Insurance Co.;State Farm FL Ins Co;AIG Property Casualty Co.;ASI Preferred Insurance Corp.;Castle Key Indemnity Co.;First Liberty Insurance Corp.,Universal P&C Insurance Co.;Florida Family Insurance Co.;First Protective Insurance Co.;Cypress P&C Insurance Co.;Tower Hill Insurance Exchange;Kin Interinsurance Network;Florida Family Home Ins Co.;US Coastal P&C Insurance Co.;TypTap Insurance Co.;Homeowners Choice P&C Ins Co.;Edison Insurance Co.;Safe Harbor Insurance Co.;GeoVera Specialty Insurance Co;American Platinum P&C Ins Co.,2398655594.669287,8,29.04685082499511,936931679.9173515,1657269.9064454474,1,0.9811320754716981,3401408951.85208,379070880.0,4680253051.888647,539937478.65,359958319.1,539937478.65,359958319.1,1021590788.4773073,4462590788.477307,3441000000.0,1395853723.0,1395853723.0,0.0,False,14362613015.852974,14362613015.852974,0.0,1.0,9840055604.7719,4522557411.081073,2022408332.2173734,0.0,13,9464500000.0,9464500000.0,97
andrew,baseline,,1992230N11325,"{""1992230N11325"": 0.9546936143899205}",114169083378.4201,108996494862.12808,5172588516.29202,11127363013.356821,51474231049.16738,0.0,31578935534.81885,14815965264.785013,11127363013.356821,51474231049.16738,1809788326.99726,3362800189.2947607,27.65979598009789,12.977213117912692,9.746389025892872,45.08596331508858,1.585182497260323,2.9454560637476286,31578935534.81885,14815965264.785013,1809788326.99726,25,16,9,Universal P&C Insurance Co.;Florida Family Insurance Co.;First Protective Insurance Co.;Cypress P&C Insurance Co.;Florida Peninsula Insurance Co;Tower Hill Insurance Exchange;Kin Interinsurance Network;Florida Family Home Ins Co.;US Coastal P&C Insurance Co.;TypTap Insurance Co.;Homeowners Choice P&C Ins Co.;Edison Insurance Co.;Safe Harbor Insurance Co.;GeoVera Specialty Insurance Co;Universal North America Ins Co;Auto Club Insurance Co. of FL;American Platinum P&C Ins Co.;FL Farm Bureau General Ins Co.;Homesite Insurance Co.;State Farm FL Ins Co;AIG Property Casualty Co.;ASI Preferred Insurance Corp.;ACE Ins Co. of the Midwest;Castle Key Indemnity Co.;First Liberty Insurance Corp.,Universal P&C Insurance Co.;Florida Family Insurance Co.;First Protective Insurance Co.;Cypress P&C Insurance Co.;Florida Peninsula Insurance Co;Tower Hill Insurance Exchange;Kin Interinsurance Network;Florida Family Home Ins Co.;US Coastal P&C Insurance Co.;TypTap Insurance Co.;Homeowners Choice P&C Ins Co.;Edison Insurance Co.;Safe Harbor Insurance Co.;GeoVera Specialty Insurance Co;Universal North America Ins Co;American Platinum P&C Ins Co.,2030336882.215518,9,32.43209381455101,1880804258.390079,14272087.985526182,1,0.9811320754716981,5154787067.082628,341686620.0,9040330329.995739,539937478.65,359958319.1,539937478.65,359958319.1,0.0,1809788326.99726,1809788326.99726,1395853723.0,1395853723.0,0.0,False,14627077789.799599,14627077789.799599,0.0,1.0,10104520378.718525,4522557411.081074,2012728414.0418003,0.0,13,9464500000.0,9464500000.0,98
andrew,baseline,,1992230N11325,"{""1992230N11325"": 0.79109809721223}",114169083378.42009,90318944621.13257,23850138757.287525,14824998834.22966,45410171225.85275,0.0,21184520144.481075,8899254416.56908,14824998834.22966,45410171225.85275,8190214087.10517,15659924670.182354,18.555391282475085,7.794802369632752,12.985125565991746,39.77449050312342,7.173758293178397,13.716431985598607,21184520144.481075,8899254416.56908,8190214087.10517,19,13,6,Universal P&C Insurance Co.;Florida Family Insurance Co.;First Protective Insurance Co.;Cypress P&C Insurance Co.;Tower Hill Insurance Exchange;Kin Interinsurance Network;Florida Family Home Ins Co.;TypTap Insurance Co.;Homeowners Choice P&C Ins Co.;Edison Insurance Co.;Safe Harbor Insurance Co.;GeoVera Specialty Insurance Co;Universal North America Ins Co;FL Farm Bureau General Ins Co.;Homesite Insurance Co.;State Farm FL Ins Co;AIG Property Casualty Co.;ASI Preferred Insurance Corp.;Castle Key Indemnity Co.,Universal P&C Insurance Co.;Florida Family Insurance Co.;First Protective Insurance Co.;Cypress P&C Insurance Co.;Tower Hill Insurance Exchange;Kin Interinsurance Network;Florida Family Home Ins Co.;TypTap Insurance Co.;Homeowners Choice P&C Ins Co.;Edison Insurance Co.;Safe Harbor Insurance Co.;GeoVera Specialty Insurance Co;Universal North America Ins Co,1000200678.0320371,6,28.83972255471638,605002070.3742273,0.0,0,1.0,1204765398.2641203,381358260.0,3188432938.3335724,539937478.65,359958319.1,539937478.65,359958319.1,4749214087.10517,8190214087.10517,3441000000.0,1395853723.0,1395853723.0,0.0,False,13540346444.51503,13540346444.51503,0.0,1.0,9017789033.433958,4522557411.081072,1713969884.7842593,0.0,13,9464500000.0,9464500000.0,99
andrew,baseline,,1992230N11325,"{""1992230N11325"": 0.8033207589069954}",114169083378.4201,91714394703.26846,22454688675.151638,26383037229.073586,31307900529.6992,0.0,24398529414.93597,9624927529.559692,26383037229.073586,31307900529.6992,7713515294.3768835,14741173380.774757,21.37052229285718,8.430414999179161,23.10874051745293,27.422398081210247,6.75622074393817,12.911703365362298,24398529414.93597,9624927529.559692,7713515294.3768835,21,14,7,Universal P&C Insurance Co.;Florida Family Insurance Co.;First Protective Insurance Co.;Cypress P&C Insurance Co.;Florida Peninsula Insurance Co;Tower Hill Insurance Exchange;Kin Interinsurance Network;Florida Family Home Ins Co.;TypTap Insurance Co.;Homeowners Choice P&C Ins Co.;Edison Insurance Co.;Safe Harbor Insurance Co.;GeoVera Specialty Insurance Co;Universal North America Ins Co;FL Farm Bureau General Ins Co.;State Farm FL Ins Co;AIG Property Casualty Co.;ASI Preferred Insurance Corp.;ACE Ins Co. of the Midwest;Castle Key Indemnity Co.;First Liberty Insurance Corp.,Universal P&C Insurance Co.;Florida Family Insurance Co.;First Protective Insurance Co.;Cypress P&C Insurance Co.;Florida Peninsula Insurance Co;Tower Hill Insurance Exchange;Kin Interinsurance Network;Florida Family Home Ins Co.;TypTap Insurance Co.;Homeowners Choice P&C Ins Co.;Edison Insurance Co.;Safe Harbor Insurance Co.;GeoVera Specialty Insurance Co;Universal North America Ins Co,1105782470.4309444,7,31.91123872028925,594880245.0419326,0.0,0,1.0,2015419960.97752,347438580.0,3921776984.074054,539937478.65,359958319.1,539937478.65,359958319.1,4272515294.3768835,7713515294.3768835,3441000000.0,1395853723.0,1395853723.0,0.0,False,14210004150.727592,14210004150.727592,0.0,1.0,9687446739.64652,4522557411.081073,2012682044.61628,0.0,13,9464500000.0,9464500000.0,100
