scenario,policy_scenario,policy_severity,events,wind_shares,total_damage_usd,wind_total_usd,water_total_usd,underinsured_wind_usd,uninsured_wind_usd,nfip_policyholder_shortfall_usd,wind_insured_private_usd,wind_insured_citizens_usd,wind_underinsured_usd,wind_uninsured_usd,flood_insured_capped_usd,flood_un_derinsured_usd,wind_insured_private_pct,wind_insured_citizens_pct,wind_underinsured_pct,wind_uninsured_pct,flood_insured_capped_pct,flood_un_derinsured_pct,insured_private_wind_pre_usd,insured_citizens_wind_pre_usd,insured_flood_pre_usd,defaults_pre,defaults_post,rescued_defaults,default_companies_pre,default_companies_post,group_contrib_total_usd,group_supported_companies,defaulted_premium_base_pct,largest_entity_deficit_usd,diag_group_shortfall_total_usd,diag_groups_with_shortfall,diag_groups_fully_funded_share,figa_residual_deficit_usd,figa_collected_usd,citizens_residual_deficit_usd,citizens_tier1_usd,citizens_tier2_usd,citizens_tier1_capacity_usd,citizens_tier2_capacity_usd,nfip_borrowed_usd,nfip_claims_paid_usd,nfip_pool_used_usd,nfip_fl_premium_base_usd,nfip_fl_premium_depletion_usd,underinsured_flood_usd,fhcf_cap_binding,fhcf_total_precap_usd,fhcf_total_postcap_usd,fhcf_shortfall_usd,fhcf_scaling_factor,fhcf_recovery_private_usd,fhcf_recovery_citizens_usd,catbond_payout_usd,catbond_unfilled_usd,catbond_triggers,catbond_limit_in_force_usd,catbond_issue_volume_year_usd,iter
irma,baseline,,2017242N16333,"{""2017242N16333"": 0.45242774637783073}",32020681848.663742,14487044926.272446,17533636922.391296,1782560425.9888217,7090841404.857523,0.0,5247845287.409367,365797808.01673335,1782560425.9888217,7090841404.857523,2908848239.7512927,14624788682.640007,16.38892423406769,1.142379821096778,5.566903398289783,22.14456718432881,9.08427950878467,45.672945853432275,5247845287.409367,365797808.01673335,2908848239.7512927,6,3,3,Universal P&C Insurance Co.;First Protective Insurance Co.;Kin Interinsurance Network;FL Farm Bureau General Ins Co.;ASI Preferred Insurance Corp.;Castle Key Indemnity Co.,Universal P&C Insurance Co.;First Protective Insurance Co.;Kin Interinsurance Network,57513330.346308574,3,13.812836302273293,46671587.480290264,0.0,0,1.0,7.450580596923828e-09,65650424.57489116,0.0,291800199.55587757,0.0,539937478.65,359958319.1,0.0,2908848239.7512927,2908848239.7512927,1395853723.0,1395853723.0,0.0,False,225366108.75619674,225366108.75619674,0.0,1.0,225366108.75619674,0.0,1298993642.0041602,0.0,10,9464500000.0,9464500000.0,1
irma,baseline,,2017242N16333,"{""2017242N16333"": 0.3721887600323018}",32020681848.66374,11917737872.642986,20102943976.020752,2653674625.367118,5040769866.832003,0.0,3888182415.3300114,335110965.1138558,2653674625.367118,5040769866.832003,3329056620.8656945,16773887355.15506,12.142722112247181,1.046545375572133,8.287377008112832,15.742231507298024,10.396582548115289,52.38454144865455,3888182415.3300114,335110965.1138558,3329056620.8656945,1,0,1,Castle Key Indemnity Co.,,33230272.551520348,1,0.0,0.0,0.0,0,1.0,0.0,0.0,0.0,247393676.8650958,0.0,539937478.65,359958319.1,0.0,3329056620.8656945,3329056620.8656945,1395853723.0,1395853723.0,0.0,False,59109109.97006597,59109109.97006597,0.0,1.0,59109109.97006597,0.0,1116600121.136818,0.0,8,9464500000.0,9464500000.0,2
irma,baseline,,2017242N16333,"{""2017242N16333"": 0.317901541419011}",32020681848.663742,10179424116.977947,21841257731.685795,2806786264.5060654,3792524384.6345234,0.0,3301003589.4426465,279109878.39471185,2806786264.5060654,3792524384.6345234,3613356626.2329187,18227901105.452873,10.308973447360868,0.8716550125754409,8.765541838776288,11.843983843188491,11.28444623168981,56.92539962640909,3301003589.4426465,279109878.39471185,3613356626.2329187,1,0,1,Castle Key Indemnity Co.,,28725068.482631877,1,0.0,0.0,0.0,0,1.0,0.0,0.0,0.0,193492291.49117252,0.0,539937478.65,359958319.1,172356626.23291874,3613356626.2329187,3441000000.0,1395853723.0,1395853723.0,0.0,False,26757452.408014778,26757452.408014778,0.0,1.0,26757452.408014778,0.0,1090000000.0,0.0,7,9464500000.0,9464500000.0,3
irma,baseline,,2017242N16333,"{""2017242N16333"": 0.510734916441741}",32020681848.663742,16354080268.384842,15666601580.2789,3265835674.40699,6351817043.401854,0.0,6284186069.705683,452241480.87031627,3265835674.40699,6351817043.401854,2603495908.474202,13063105671.804699,19.625397420973183,1.4123418202263822,10.199144696049865,19.836607706924646,8.13066979890951,40.795838556916415,6284186069.705683,452241480.87031627,2603495908.474202,7,3,4,Universal P&C Insurance Co.;First Protective Insurance Co.;Kin Interinsurance Network;FL Farm Bureau General Ins Co.;AIG Property Casualty Co.;ASI Preferred Insurance Corp.;Castle Key Indemnity Co.,Universal P&C Insurance Co.;First Protective Insurance Co.;Kin Interinsurance Network,62078490.28897253,4,13.812836302273293,91671676.86832982,0.0,0,1.0,0.0,161306435.19678268,0.0,371310120.8028363,0.0,539937478.65,359958319.1,0.0,2603495908.474202,2603495908.474202,1395853723.0,1395853723.0,0.0,False,645547405.5045154,645547405.5045154,0.0,1.0,645547405.5045154,0.0,1373338784.3598297,0.0,10,9464500000.0,9464500000.0,4
irma,baseline,,2017242N16333,"{""2017242N16333"": 0.6149492178101724}",32020681848.663742,19691093256.584145,12329588592.079596,2636673601.828212,8631050936.089401,0.0,7779971654.6001425,643397064.0663923,2636673601.828212,8631050936.089401,2057729755.8658051,10271858836.213789,24.296708269267565,2.009317187895054,8.23428312454328,26.95461319931132,6.426252150379104,32.078826068603675,7779971654.6001425,643397064.0663923,2057729755.8658051,8,4,4,Universal P&C Insurance Co.;First Protective Insurance Co.;Kin Interinsurance Network;Homeowners Choice P&C Ins Co.;FL Farm Bureau General Ins Co.;AIG Property Casualty Co.;ASI Preferred Insurance Corp.;Castle Key Indemnity Co.,Universal P&C Insurance Co.;First Protective Insurance Co.;Kin Interinsurance Network;Homeowners Choice P&C Ins Co.,78895491.14770155,4,16.162888892523068,159243703.49793708,0.0,0,1.0,0.0,371359728.96376854,0.0,539937478.65,1649052.153400302,539937478.65,359958319.1,0.0,2057729755.8658051,2057729755.8658051,1395853723.0,1395853723.0,0.0,False,1535055914.9137418,1535055914.9137418,0.0,1.0,1535055914.9137418,0.0,1430520170.892082,0.0,10,9464500000.0,9464500000.0,5
irma,baseline,,2017242N16333,"{""2017242N16333"": 0.5237825459082174}",32020681848.663742,16771874260.410135,15248807588.253609,4193355772.5365677,6714899621.882411,0.0,5429356357.377495,434262508.61366117,4193355772.5365677,6714899621.882411,2535165991.7442145,12713641596.509394,16.955779964454653,1.3561938208126676,13.095772889394485,20.970507916159914,7.917276726729071,39.7044686824492,5429356357.377495,434262508.61366117,2535165991.7442145,6,3,3,Universal P&C Insurance Co.;First Protective Insurance Co.;Kin Interinsurance Network;FL Farm Bureau General Ins Co.;ASI Preferred Insurance Corp.;Castle Key Indemnity Co.,Universal P&C Insurance Co.;First Protective Insurance Co.;Kin Interinsurance Network,58465289.062600285,3,13.812836302273293,24195025.654996246,0.0,0,1.0,0.0,53584422.82900824,0.0,349124435.9576101,0.0,539937478.65,359958319.1,0.0,2535165991.7442145,2535165991.7442145,1395853723.0,1395853723.0,0.0,False,303871979.2938315,303871979.2938315,0.0,1.0,303871979.2938315,0.0,1294432032.2127414,0.0,10,9464500000.0,9464500000.0,6
irma,baseline,,2017242N16333,"{""2017242N16333"": 0.49287241530729214}",32020681848.66374,15782110802.537262,16238571046.126476,2796354755.8564034,8192657436.4022255,0.0,4438597506.427494,354501103.8511415,2796354755.8564034,8192657436.4022255,2697041116.68556,13541529929.440916,13.86165831010473,1.107100421929133,8.732964429279006,25.585518369416345,8.42280976224156,42.28994870702923,4438597506.427494,354501103.8511415,2697041116.68556,3,0,3,FL Farm Bureau General Ins Co.;ASI Preferred Insurance Corp.;Castle Key Indemnity Co.,,45094230.89887525,3,0.0,0.0,0.0,0,1.0,0.0,0.0,0.0,271770525.84342796,0.0,539937478.65,359958319.1,0.0,2697041116.68556,2697041116.68556,1395853723.0,1395853723.0,0.0,False,122441006.97122358,122441006.97122358,0.0,1.0,122441006.97122358,0.0,1181292611.9598515,0.0,9,9464500000.0,9464500000.0,7
irma,baseline,,2017242N16333,"{""2017242N16333"": 0.372989674978491}",32020681848.663742,11943383715.322754,20077298133.34099,2083524816.8037214,5056111708.088065,0.0,4463688653.422372,340058537.0085949,2083524816.8037214,5056111708.088065,3324862261.1376286,16752435872.20336,13.940017500310184,1.0619965515281053,6.506809650871532,15.790143795139272,10.383483639891256,52.31754886225964,4463688653.422372,340058537.0085949,3324862261.1376286,4,1,3,First Protective Insurance Co.;FL Farm Bureau General Ins Co.;ASI Preferred Insurance Corp.;Castle Key Indemnity Co.,First Protective Insurance Co.,37610388.854596235,3,4.237368573953127,7203721.62313956,0.0,0,1.0,0.0,7203721.62313956,0.0,260879376.2858423,0.0,539937478.65,359958319.1,0.0,3324862261.1376286,3324862261.1376286,1395853723.0,1395853723.0,0.0,False,122416876.29369898,122416876.29369898,0.0,1.0,122416876.29369898,0.0,1180541464.5681193,0.0,8,9464500000.0,9464500000.0,8
irma,baseline,,2017242N16333,"{""2017242N16333"": 0.587829384848714}",32020681848.66374,18822697713.536385,13197984135.127354,3346163684.1050515,6190733398.980752,0.0,8612996273.810926,672804356.6396554,3346163684.1050515,6190733398.980752,2199755242.7750435,10998228892.352314,26.898228821352717,2.1011556212933433,10.450007591717448,19.33354645050789,6.869795131694992,34.34726638343363,8612996273.810926,672804356.6396554,2199755242.7750435,8,4,4,Universal P&C Insurance Co.;First Protective Insurance Co.;Kin Interinsurance Network;Homeowners Choice P&C Ins Co.;FL Farm Bureau General Ins Co.;AIG Property Casualty Co.;ASI Preferred Insurance Corp.;Castle Key Indemnity Co.,Universal P&C Insurance Co.;First Protective Insurance Co.;Kin Interinsurance Network;Homeowners Choice P&C Ins Co.,77564439.30809462,4,16.162888892523068,175777214.95529646,0.0,0,1.0,0.0,398642137.1888643,0.0,539937478.65,29739033.220404983,539937478.65,359958319.1,0.0,2199755242.7750435,2199755242.7750435,1395853723.0,1395853723.0,0.0,False,2174658626.289464,2174658626.289464,0.0,1.0,2174658626.289464,0.0,1434997973.9175286,0.0,10,9464500000.0,9464500000.0,9
irma,baseline,,2017242N16333,"{""2017242N16333"": 0.5339127679022178}",32020681848.663742,17096250875.93636,14924430972.727385,3121751036.4214497,8178023296.856276,0.0,5354605217.340573,441871325.3180589,3121751036.4214497,8178023296.856276,2482114421.9487343,12442316550.77865,16.722333530083862,1.3799560153229486,9.749171023826039,25.539816220988914,7.751597650792423,38.857125558985814,5354605217.340573,441871325.3180589,2482114421.9487343,6,3,3,Universal P&C Insurance Co.;First Protective Insurance Co.;Kin Interinsurance Network;FL Farm Bureau General Ins Co.;ASI Preferred Insurance Corp.;Castle Key Indemnity Co.,Universal P&C Insurance Co.;First Protective Insurance Co.;Kin Interinsurance Network,58483636.80985135,3,13.812836302273293,38688678.14726126,0.0,0,1.0,0.0,86157225.29504544,0.0,355072798.58527714,0.0,539937478.65,359958319.1,0.0,2482114421.9487343,2482114421.9487343,1395853723.0,1395853723.0,0.0,False,247537375.98980096,247537375.98980096,0.0,1.0,247537375.98980096,0.0,1286042438.0903661,0.0,10,9464500000.0,9464500000.0,10
irma,baseline,,2017242N16333,"{""2017242N16333"": 0.49945086883124395}",32020681848.663742,15992757369.883945,16027924478.779799,2744979694.7374663,6064945184.206013,0.0,6678115896.745539,504716594.194927,2744979694.7374663,6064945184.206013,2662590017.1460896,13365334461.633709,20.85563301964547,1.5762206332154958,8.57252105907925,18.940712171184167,8.315219612530525,41.73969350434509,6678115896.745539,504716594.194927,2662590017.1460896,8,4,4,Universal P&C Insurance Co.;First Protective Insurance Co.;Kin Interinsurance Network;Homeowners Choice P&C Ins Co.;FL Farm Bureau General Ins Co.;AIG Property Casualty Co.;ASI Preferred Insurance Corp.;Castle Key Indemnity Co.,Universal P&C Insurance Co.;First Protective Insurance Co.;Kin Interinsurance Network;Homeowners Choice P&C Ins Co.,66878064.653608054,4,16.162888892523068,148528190.87420744,0.0,0,1.0,5.960464477539063e-08,268481576.85002834,0.0,418326962.41352284,0.0,539937478.65,359958319.1,0.0,2662590017.1460896,2662590017.1460896,1395853723.0,1395853723.0,0.0,False,814694598.3688256,814694598.3688256,0.0,1.0,814694598.3688256,0.0,1396265506.8230572,0.0,10,9464500000.0,9464500000.0,11
irma,baseline,,2017242N16333,"{""2017242N16333"": 0.7099229509998126}",32020681848.66374,22732216951.02949,9288464897.634247,4622210025.701788,7819963604.31759,0.0,9537034320.657167,753009000.3529491,4622210025.701788,7819963604.31759,1560356091.3961058,7728108806.238142,29.783982632634537,2.351633247261326,14.435076827992901,24.421602392092492,4.872963351532196,24.13474154848656,9537034320.657167,753009000.3529491,1560356091.3961058,10,6,4,Universal P&C Insurance Co.;First Protective Insurance Co.;Kin Interinsurance Network;TypTap Insurance Co.;Homeowners Choice P&C Ins Co.;GeoVera Specialty Insurance Co;FL Farm Bureau General Ins Co.;AIG Property Casualty Co.;ASI Preferred Insurance Corp.;Castle Key Indemnity Co.,Universal P&C Insurance Co.;First Protective Insurance Co.;Kin Interinsurance Network;TypTap Insurance Co.;Homeowners Choice P&C Ins Co.;GeoVera Specialty Insurance Co,96178118.57365263,4,18.33203363146337,178387943.63037854,0.0,0,1.0,0.0,435303733.1760478,0.0,539937478.65,101939609.74882042,539937478.65,359958319.1,0.0,1560356091.3961058,1560356091.3961058,1395853723.0,1395853723.0,0.0,False,2904407674.576684,2904407674.576684,0.0,1.0,2904407674.576684,0.0,1436456251.1318154,0.0,10,9464500000.0,9464500000.0,12
irma,baseline,,2017242N16333,"{""2017242N16333"": 0.47604395020925133}",32020681848.663742,15243251875.631554,16777429973.032187,2611556744.8330836,5600915319.181129,0.0,6536767923.0785885,494011888.5387541,2611556744.8330836,5600915319.181129,2785171119.2884917,13992258853.743694,20.414205899714077,1.5427900344956886,8.155843642480296,17.491555444235058,8.698038138137647,43.69756684093723,6536767923.0785885,494011888.5387541,2785171119.2884917,8,4,4,Universal P&C Insurance Co.;First Protective Insurance Co.;Kin Interinsurance Network;Homeowners Choice P&C Ins Co.;FL Farm Bureau General Ins Co.;AIG Property Casualty Co.;ASI Preferred Insurance Corp.;Castle Key Indemnity Co.,Universal P&C Insurance Co.;First Protective Insurance Co.;Kin Interinsurance Network;Homeowners Choice P&C Ins Co.,66937853.122053415,4,16.162888892523068,112385526.99302876,0.0,0,1.0,0.0,213582212.6876984,0.0,408222436.0986682,0.0,539937478.65,359958319.1,0.0,2785171119.2884917,2785171119.2884917,1395853723.0,1395853723.0,0.0,False,754099599.8709904,754099599.8709904,0.0,1.0,754099599.8709904,0.0,1369701502.2009249,0.0,10,9464500000.0,9464500000.0,13
irma,baseline,,2017242N16333,"{""2017242N16333"": 0.6403568064435348}",32020681848.663742,20504661568.754772,11516020279.908972,3100244749.8343077,8337398029.112859,0.0,8465289394.15802,601729395.6495814,3100244749.8343077,8337398029.112859,1924671224.4223707,9591349055.486603,26.436942955077285,1.8791898264174292,9.682007286686446,26.037540576172297,6.010712805925741,29.953606549720803,8465289394.15802,601729395.6495814,1924671224.4223707,8,4,4,Universal P&C Insurance Co.;First Protective Insurance Co.;Kin Interinsurance Network;Homeowners Choice P&C Ins Co.;FL Farm Bureau General Ins Co.;AIG Property Casualty Co.;ASI Preferred Insurance Corp.;Castle Key Indemnity Co.,Universal P&C Insurance Co.;First Protective Insurance Co.;Kin Interinsurance Network;Homeowners Choice P&C Ins Co.,81888271.62603264,4,16.162888892523068,175034694.75752228,0.0,0,1.0,0.0,400813192.23273957,0.0,508170783.03726614,0.0,539937478.65,359958319.1,0.0,1924671224.4223707,1924671224.4223707,1395853723.0,1395853723.0,0.0,False,2056600155.492492,2056600155.492492,0.0,1.0,2056600155.492492,0.0,1435214182.7412074,0.0,10,9464500000.0,9464500000.0,14
irma,baseline,,2017242N16333,"{""2017242N16333"": 0.4783478460372361}",32020681848.663742,15317024190.951921,16703657657.711819,2339061716.450719,7288858454.802992,0.0,5278479867.286805,410624152.4114052,2339061716.450719,7288858454.802992,2773105708.4423876,13930551949.269432,16.484595463125913,1.2823716695106573,7.304846684732076,22.76297078635496,8.660358082156556,43.50485731411984,5278479867.286805,410624152.4114052,2773105708.4423876,5,2,3,First Protective Insurance Co.;Kin Interinsurance Network;FL Farm Bureau General Ins Co.;ASI Preferred Insurance Corp.;Castle Key Indemnity Co.,First Protective Insurance Co.;Kin Interinsurance Network,57678431.5006419,3,5.910840904483838,45098189.84038371,0.0,0,1.0,0.0,54899727.02124767,0.0,328119178.00744057,0.0,539937478.65,359958319.1,0.0,2773105708.4423876,2773105708.4423876,1395853723.0,1395853723.0,0.0,False,264215043.4654816,264215043.4654816,0.0,1.0,264215043.4654816,0.0,1294830444.151513,0.0,10,9464500000.0,9464500000.0,15
irma,baseline,,2017242N16333,"{""2017242N16333"": 0.7370324881085414}",32020681848.663742,23600282813.85264,8420399034.811103,5455139882.610852,8901817573.179733,0.0,8560762705.528655,682562652.5333984,5455139882.610852,8901817573.179733,1418384523.4582407,7002014511.352863,26.735104349084637,2.131630599745903,17.036301439154087,27.800212422869492,4.4295887581714055,21.86716243097448,8560762705.528655,682562652.5333984,1418384523.4582407,10,6,4,Universal P&C Insurance Co.;First Protective Insurance Co.;Kin Interinsurance Network;TypTap Insurance Co.;Homeowners Choice P&C Ins Co.;GeoVera Specialty Insurance Co;FL Farm Bureau General Ins Co.;AIG Property Casualty Co.;ASI Preferred Insurance Corp.;Castle Key Indemnity Co.,Universal P&C Insurance Co.;First Protective Insurance Co.;Kin Interinsurance Network;TypTap Insurance Co.;Homeowners Choice P&C Ins Co.;GeoVera Specialty Insurance Co,87614583.91225575,4,18.33203363146337,166291466.65663916,0.0,0,1.0,0.0,396669953.5489259,0.0,539937478.65,38413695.145593405,539937478.65,359958319.1,0.0,1418384523.4582407,1418384523.4582407,1395853723.0,1395853723.0,0.0,False,2104061044.0675867,2104061044.0675867,0.0,1.0,2104061044.0675867,0.0,1435002780.3085737,0.0,10,9464500000.0,9464500000.0,16
irma,baseline,,2017242N16333,"{""2017242N16333"": 0.37186335331383996}",32020681848.663742,11907318127.639704,20113363721.024036,2499818635.070594,5412831279.07127,0.0,3704552426.427451,290115787.0703892,2499818635.070594,5412831279.07127,3330760762.9118037,16782602958.112232,11.569249037031502,0.9060262627808349,7.806887582485736,16.904172449085912,10.401904552356681,52.41176011625932,3704552426.427451,290115787.0703892,3330760762.9118037,1,0,1,Castle Key Indemnity Co.,,32192078.89316287,1,0.0,0.0,0.0,0,1.0,0.0,0.0,0.0,209854873.10146847,0.0,539937478.65,359958319.1,0.0,3330760762.9118037,3330760762.9118037,1395853723.0,1395853723.0,0.0,False,54690554.76876319,54690554.76876319,0.0,1.0,54690554.76876319,0.0,1094686235.9256978,0.0,8,9464500000.0,9464500000.0,17
irma,baseline,,2017242N16333,"{""2017242N16333"": 0.5545906278715967}",32020681848.663742,17758370051.32706,14262311797.336681,4270354511.536412,6775936934.214962,0.0,6140690396.988696,571388208.5869919,4270354511.536412,6775936934.214962,2373825291.4601455,11888486505.876537,19.177263076441807,1.784434857719423,13.336238533954322,21.161126319044108,7.413412689583959,37.12752452325639,6140690396.988696,571388208.5869919,2373825291.4601455,7,4,3,Universal P&C Insurance Co.;First Protective Insurance Co.;Kin Interinsurance Network;Homeowners Choice P&C Ins Co.;FL Farm Bureau General Ins Co.;ASI Preferred Insurance Corp.;Castle Key Indemnity Co.,Universal P&C Insurance Co.;First Protective Insurance Co.;Kin Interinsurance Network;Homeowners Choice P&C Ins Co.,62383309.943553835,3,16.162888892523068,77855746.04138133,0.0,0,1.0,0.0,132246269.96009995,0.0,469954005.302756,0.0,539937478.65,359958319.1,0.0,2373825291.4601455,2373825291.4601455,1395853723.0,1395853723.0,0.0,False,572008223.0579386,572008223.0579386,0.0,1.0,572008223.0579386,0.0,1372232800.0035117,0.0,10,9464500000.0,9464500000.0,18
irma,baseline,,2017242N16333,"{""2017242N16333"": 0.4647868721814668}",32020681848.663742,14882792561.558285,17137889287.105455,2825157490.350401,5886177818.212189,0.0,5707862897.845553,463594355.1501427,2825157490.350401,5886177818.212189,2844123989.328049,14293765297.777407,17.82555076379096,1.4477966376268436,8.822914838924012,18.382424977804853,8.882146866109716,44.63916591574361,5707862897.845553,463594355.1501427,2844123989.328049,6,3,3,Universal P&C Insurance Co.;First Protective Insurance Co.;Kin Interinsurance Network;FL Farm Bureau General Ins Co.;ASI Preferred Insurance Corp.;Castle Key Indemnity Co.,Universal P&C Insurance Co.;First Protective Insurance Co.;Kin Interinsurance Network,60274355.26335494,3,13.812836302273293,65069613.51367754,0.0,0,1.0,0.0,129614555.75999495,0.0,376600431.94298244,0.0,539937478.65,359958319.1,0.0,2844123989.328049,2844123989.328049,1395853723.0,1395853723.0,0.0,False,362800412.559467,362800412.559467,0.0,1.0,362800412.559467,0.0,1322940455.8464036,0.0,10,9464500000.0,9464500000.0,19
irma,baseline,,2017242N16333,"{""2017242N16333"": 0.39168444594933455}",32020681848.663742,12542003028.813766,19478678819.849976,1846060800.5036366,4918706002.884087,0.0,5335566337.656948,441669887.76909596,1846060800.5036366,4918706002.884087,3226958488.8848963,16251720330.965076,16.662875459285722,1.379326929565453,5.765213899030932,15.361028307051336,10.077731961287267,50.75382344377929,5335566337.656948,441669887.76909596,3226958488.8848963,6,3,3,Universal P&C Insurance Co.;First Protective Insurance Co.;Kin Interinsurance Network;FL Farm Bureau General Ins Co.;ASI Preferred Insurance Corp.;Castle Key Indemnity Co.,Universal P&C Insurance Co.;First Protective Insurance Co.;Kin Interinsurance Network,58221753.76013078,3,13.812836302273293,35264037.59623265,0.0,0,1.0,0.0,41058510.55340442,0.0,353892469.19250363,0.0,539937478.65,359958319.1,0.0,3226958488.8848963,3226958488.8848963,1395853723.0,1395853723.0,0.0,False,292680112.0762349,292680112.0762349,0.0,1.0,292680112.0762349,0.0,1287660606.9863114,0.0,10,9464500000.0,9464500000.0,20
irma,baseline,,2017242N16333,"{""2017242N16333"": 0.621483125898573}",32020681848.663742,19900313448.711235,12120368399.952505,3209984052.2239923,9065108733.329023,0.0,7071337337.757112,553883325.4011075,3209984052.2239923,9065108733.329023,2023511939.001147,10096856460.951359,22.08365634179088,1.7297674297470391,10.024721108048324,28.310167710271045,6.319390538167413,31.532296871975298,7071337337.757112,553883325.4011075,2023511939.001147,8,4,4,Universal P&C Insurance Co.;First Protective Insurance Co.;Kin Interinsurance Network;Homeowners Choice P&C Ins Co.;FL Farm Bureau General Ins Co.;AIG Property Casualty Co.;ASI Preferred Insurance Corp.;Castle Key Indemnity Co.,Universal P&C Insurance Co.;First Protective Insurance Co.;Kin Interinsurance Network;Homeowners Choice P&C Ins Co.,69749710.53150912,4,16.162888892523068,167195273.49199283,0.0,0,1.0,0.0,354259565.4882133,0.0,462137712.3422568,0.0,539937478.65,359958319.1,0.0,2023511939.001147,2023511939.001147,1395853723.0,1395853723.0,0.0,False,1044711747.7080647,1044711747.7080647,0.0,1.0,1044711747.7080647,0.0,1387357939.5528398,0.0,10,9464500000.0,9464500000.0,21
irma,baseline,,2017242N16333,"{""2017242N16333"": 0.4361494504956879}",32020681848.663742,13965802792.791933,18054879055.871807,1903058565.0725274,4002671466.022808,0.0,7520545057.486581,539527704.2100176,1903058565.0725274,4002671466.022808,2994097028.0458074,15060782027.826,23.486523781817663,1.6849350890150785,5.943216868606263,12.500269310129772,9.350509905430869,47.03454504500036,7520545057.486581,539527704.2100176,2994097028.0458074,8,4,4,Universal P&C Insurance Co.;First Protective Insurance Co.;Kin Interinsurance Network;Homeowners Choice P&C Ins Co.;FL Farm Bureau General Ins Co.;AIG Property Casualty Co.;ASI Preferred Insurance Corp.;Castle Key Indemnity Co.,Universal P&C Insurance Co.;First Protective Insurance Co.;Kin Interinsurance Network;Homeowners Choice P&C Ins Co.,72127647.0499162,4,16.162888892523068,155353488.35238874,0.0,0,1.0,0.0,313571849.55072755,0.0,451193017.12290275,0.0,539937478.65,359958319.1,0.0,2994097028.0458074,2994097028.0458074,1395853723.0,1395853723.0,0.0,False,1402606516.200585,1402606516.200585,0.0,1.0,1402606516.200585,0.0,1410843397.1680872,0.0,10,9464500000.0,9464500000.0,22
irma,baseline,,2017242N16333,"{""2017242N16333"": 0.26901234202834445}",32020681848.66374,8613958617.45353,23406723231.21021,1413433367.6886027,3666886506.394971,0.0,3309787426.455429,223851316.9145264,1413433367.6886027,3666886506.394971,3869387419.561554,19537335811.648663,10.336405208665319,0.6990835422321526,4.414126389840093,11.451619062096876,12.084025686426875,61.01474011073871,3309787426.455429,223851316.9145264,3869387419.561554,1,0,1,Castle Key Indemnity Co.,,26980673.336274453,1,0.0,0.0,0.0,0,1.0,0.0,0.0,0.0,154194297.96450084,0.0,539937478.65,359958319.1,428387419.56155396,3869387419.561554,3441000000.0,1395853723.0,1395853723.0,0.0,False,30790945.477735087,30790945.477735087,0.0,1.0,30790945.477735087,0.0,1100055396.2369962,0.0,8,9464500000.0,9464500000.0,23
irma,baseline,,2017242N16333,"{""2017242N16333"": 0.5022212285762543}",32020681848.663742,16081466177.885267,15939215670.778475,2168187751.09097,6612396832.999044,0.0,6720691976.608955,580189617.1862969,2168187751.09097,6612396832.999044,2648081753.313565,13291133917.46491,20.988597333349468,1.8119214947651368,6.771210436237013,20.6503935932738,8.269910571639098,41.50796657073548,6720691976.608955,580189617.1862969,2648081753.313565,8,4,4,Universal P&C Insurance Co.;First Protective Insurance Co.;Kin Interinsurance Network;Homeowners Choice P&C Ins Co.;FL Farm Bureau General Ins Co.;AIG Property Casualty Co.;ASI Preferred Insurance Corp.;Castle Key Indemnity Co.,Universal P&C Insurance Co.;First Protective Insurance Co.;Kin Interinsurance Network;Homeowners Choice P&C Ins Co.,65952266.376051575,4,16.162888892523068,151293816.7291178,0.0,0,1.0,0.0,263597917.988389,0.0,481990356.3256871,0.0,539937478.65,359958319.1,0.0,2648081753.313565,2648081753.313565,1395853723.0,1395853723.0,0.0,False,860846534.5625631,860846534.5625631,0.0,1.0,860846534.5625631,0.0,1404468749.0393665,0.0,10,9464500000.0,9464500000.0,24
irma,baseline,,2017242N16333,"{""2017242N16333"": 0.5426735841881701}",32020681848.66374,17376778186.96343,14643903661.70031,2316625975.1675167,6476640945.690349,0.0,8010602834.699681,572908431.4058834,2316625975.1675167,6476640945.690349,2436234375.3974495,12207669286.302864,25.016965199427737,1.7891824855996674,7.234780277685412,20.22643045610419,7.608315109939223,38.12432647124378,8010602834.699681,572908431.4058834,2436234375.3974495,8,4,4,Universal P&C Insurance Co.;First Protective Insurance Co.;Kin Interinsurance Network;Homeowners Choice P&C Ins Co.;FL Farm Bureau General Ins Co.;AIG Property Casualty Co.;ASI Preferred Insurance Corp.;Castle Key Indemnity Co.,Universal P&C Insurance Co.;First Protective Insurance Co.;Kin Interinsurance Network;Homeowners Choice P&C Ins Co.,82682799.63864076,4,16.162888892523068,158149703.502447,0.0,0,1.0,0.0,362068579.3327538,0.0,481776364.22254294,0.0,539937478.65,359958319.1,0.0,2436234375.3974495,2436234375.3974495,1395853723.0,1395853723.0,0.0,False,1731146236.6138391,1731146236.6138391,0.0,1.0,1731146236.6138391,0.0,1420159980.7575886,0.0,10,9464500000.0,9464500000.0,25
irma,baseline,,2017242N16333,"{""2017242N16333"": 0.37712921176749026}",32020681848.663742,12075934505.84414,19944747342.819603,1549878089.5469327,4839841542.391114,0.0,5287334441.837815,398880432.0682754,1549878089.5469327,4839841542.391114,3303183671.5654936,16641563671.254112,16.51224813646016,1.2456962470489088,4.84024074462865,15.114736048611302,10.315781803701157,51.97129701954984,5287334441.837815,398880432.0682754,3303183671.5654936,6,3,3,Universal P&C Insurance Co.;First Protective Insurance Co.;Kin Interinsurance Network;FL Farm Bureau General Ins Co.;ASI Preferred Insurance Corp.;Castle Key Indemnity Co.,Universal P&C Insurance Co.;First Protective Insurance Co.;Kin Interinsurance Network,57800979.08574925,3,13.812836302273293,24915792.156616062,0.0,0,1.0,0.0,43754923.66241722,0.0,319067194.84587395,0.0,539937478.65,359958319.1,0.0,3303183671.5654936,3303183671.5654936,1395853723.0,1395853723.0,0.0,False,238751695.04897887,238751695.04897887,0.0,1.0,238751695.04897887,0.0,1290836323.044051,0.0,10,9464500000.0,9464500000.0,26
irma,baseline,,2017242N16333,"{""2017242N16333"": 0.5307104478280357}",32020681848.663742,16993710403.663382,15026971445.000362,3753114220.1197987,6852006792.113879,0.0,5914815144.123311,473774247.30639184,3753114220.1197987,6852006792.113879,2498884844.8499846,12528086600.150377,18.47185881949026,1.4795882534467735,11.720906624842595,21.398691085023916,7.803971372815304,39.12498384438115,5914815144.123311,473774247.30639184,2498884844.8499846,6,3,3,Universal P&C Insurance Co.;First Protective Insurance Co.;Kin Interinsurance Network;FL Farm Bureau General Ins Co.;ASI Preferred Insurance Corp.;Castle Key Indemnity Co.,Universal P&C Insurance Co.;First Protective Insurance Co.;Kin Interinsurance Network,60920987.62437186,3,13.812836302273293,71043377.76288307,0.0,0,1.0,0.0,125166481.75440636,0.0,386178431.9314389,0.0,539937478.65,359958319.1,0.0,2498884844.8499846,2498884844.8499846,1395853723.0,1395853723.0,0.0,False,493171586.8980286,493171586.8980286,0.0,1.0,493171586.8980286,0.0,1348221170.4823518,0.0,10,9464500000.0,9464500000.0,27
irma,baseline,,2017242N16333,"{""2017242N16333"": 0.4345089939442473}",32020681848.663742,13913274255.4717,18107407593.192043,1519190287.6842241,5510310746.437909,0.0,6395219430.809996,488553790.53956926,1519190287.6842241,5510310746.437909,3002688033.779616,15104719559.412428,19.97215256388076,1.5257444949129249,4.744403304290104,17.208599031340928,9.37733945820058,47.17176114737471,6395219430.809996,488553790.53956926,3002688033.779616,8,4,4,Universal P&C Insurance Co.;First Protective Insurance Co.;Kin Interinsurance Network;Homeowners Choice P&C Ins Co.;FL Farm Bureau General Ins Co.;AIG Property Casualty Co.;ASI Preferred Insurance Corp.;Castle Key Indemnity Co.,Universal P&C Insurance Co.;First Protective Insurance Co.;Kin Interinsurance Network;Homeowners Choice P&C Ins Co.,63801268.389186084,4,16.162888892523068,116956667.86992288,0.0,0,1.0,0.0,227178372.7535397,0.0,403203873.1419156,0.0,539937478.65,359958319.1,0.0,3002688033.779616,3002688033.779616,1395853723.0,1395853723.0,0.0,False,644474485.920798,644474485.920798,0.0,1.0,644474485.920798,0.0,1349902031.1894622,0.0,10,9464500000.0,9464500000.0,28
irma,baseline,,2017242N16333,"{""2017242N16333"": 0.7155648121433923}",32020681848.663742,22912873191.742393,9107808656.921347,4106699017.6276007,10341546321.903574,0.0,7806416186.63205,658211665.5791692,4106699017.6276007,10341546321.903574,1530809888.9128544,7576998768.008492,24.37929405603154,2.0555829157230674,12.825145438928176,32.29645880365642,4.7806911050419645,23.66282768061883,7806416186.63205,658211665.5791692,1530809888.9128544,8,4,4,Universal P&C Insurance Co.;First Protective Insurance Co.;Kin Interinsurance Network;Homeowners Choice P&C Ins Co.;FL Farm Bureau General Ins Co.;AIG Property Casualty Co.;ASI Preferred Insurance Corp.;Castle Key Indemnity Co.,Universal P&C Insurance Co.;First Protective Insurance Co.;Kin Interinsurance Network;Homeowners Choice P&C Ins Co.,79315849.89315003,4,16.162888892523068,169923695.22793728,0.0,0,1.0,5.960464477539063e-08,392729632.5687497,0.0,539937478.65,14905786.081727266,539937478.65,359958319.1,0.0,1530809888.9128544,1530809888.9128544,1395853723.0,1395853723.0,0.0,False,1523911834.5555248,1523911834.5555248,0.0,1.0,1523911834.5555248,0.0,1425764733.3873298,0.0,10,9464500000.0,9464500000.0,29
irma,baseline,,2017242N16333,"{""2017242N16333"": 0.3516659059425272}",32020681848.663742,11260582091.207771,20760099757.45597,2118250611.63115,4901522446.708214,0.0,3903690349.527652,337118683.34075415,2118250611.63115,4901522446.708214,3436533991.725973,17323565765.729996,12.19115310528766,1.0528154426381224,6.615257668910466,15.307364377416466,10.732232398946818,54.10117700680046,3903690349.527652,337118683.34075415,3436533991.725973,1,0,1,Castle Key Indemnity Co.,,33290794.051930137,1,0.0,0.0,0.0,0,1.0,0.0,0.0,0.0,249023559.9064251,0.0,539937478.65,359958319.1,0.0,3436533991.725973,3436533991.725973,1395853723.0,1395853723.0,0.0,False,69643246.20205857,69643246.20205857,0.0,1.0,69643246.20205857,0.0,1103038184.0690546,0.0,9,9464500000.0,9464500000.0,30
irma,baseline,,2017242N16333,"{""2017242N16333"": 0.2939688332095221}",32020681848.66374,9413082481.625,22607599367.03874,1227439007.2363791,4814502464.00499,0.0,3141777651.501139,229363358.88249293,1227439007.2363791,4814502464.00499,3738691267.539153,18868908099.499588,9.811713774084573,0.7162975478364604,3.8332694257964457,15.035602573234724,11.67586400942044,58.927252669627364,3141777651.501139,229363358.88249293,3738691267.539153,1,0,1,Castle Key Indemnity Co.,,23994559.893992893,1,0.0,0.0,0.0,0,1.0,0.0,0.0,0.0,154715043.23488608,0.0,539937478.65,359958319.1,297691267.5391531,3738691267.539153,3441000000.0,1395853723.0,1395853723.0,0.0,False,22022426.621827345,22022426.621827345,0.0,1.0,22022426.621827345,0.0,1090540718.8576362,0.0,8,9464500000.0,9464500000.0,31
irma,baseline,,2017242N16333,"{""2017242N16333"": 0.7994447824099304}",32020681848.663742,25598767033.12259,6421914815.541153,4347805856.342833,9841701972.45665,0.0,10571390658.22965,837868546.093456,4347805856.342833,9841701972.45665,1091533819.7730525,5330380995.768102,33.01425843519571,2.616648046576251,13.578117658116861,30.735454101104203,3.4088400269921277,16.646681732014848,10571390658.22965,837868546.093456,1091533819.7730525,11,7,4,Universal P&C Insurance Co.;First Protective Insurance Co.;Tower Hill Insurance Exchange;Kin Interinsurance Network;TypTap Insurance Co.;Homeowners Choice P&C Ins Co.;GeoVera Specialty Insurance Co;FL Farm Bureau General Ins Co.;AIG Property Casualty Co.;ASI Preferred Insurance Corp.;Castle Key Indemnity Co.,Universal P&C Insurance Co.;First Protective Insurance Co.;Tower Hill Insurance Exchange;Kin Interinsurance Network;TypTap Insurance Co.;Homeowners Choice P&C Ins Co.;GeoVera Specialty Insurance Co,107495267.28286625,4,23.145936299594748,181413606.0191772,0.0,0,1.0,40612879.0643211,444236460.0,0.0,539937478.65,179196574.5961362,539937478.65,359958319.1,0.0,1091533819.7730525,1091533819.7730525,1395853723.0,1091533819.7730525,0.0,False,3717503478.2406707,3717503478.2406707,0.0,1.0,3717503478.2406707,0.0,1437088345.03231,0.0,10,9464500000.0,9464500000.0,32
irma,baseline,,2017242N16333,"{""2017242N16333"": 0.4739067618232381}",32020681848.663742,15174817646.272366,16845864202.391375,2388577319.3093643,7917864539.479322,0.0,4507739487.059684,360636300.42399573,2388577319.3093643,7917864539.479322,2796363489.889434,14049500712.501942,14.077587442903864,1.1262605278939288,7.459483001012492,24.72734521051351,8.73299170550339,43.87633211217282,4507739487.059684,360636300.42399573,2796363489.889434,4,1,3,First Protective Insurance Co.;FL Farm Bureau General Ins Co.;ASI Preferred Insurance Corp.;Castle Key Indemnity Co.,First Protective Insurance Co.,36764149.295502976,3,4.237368573953127,4775758.02840361,0.0,0,1.0,0.0,4775758.02840361,0.0,277694478.42496824,0.0,539937478.65,359958319.1,0.0,2796363489.889434,2796363489.889434,1395853723.0,1395853723.0,0.0,False,128986683.31420067,128986683.31420067,0.0,1.0,128986683.31420067,0.0,1186607597.1736815,0.0,10,9464500000.0,9464500000.0,33
irma,baseline,,2017242N16333,"{""2017242N16333"": 0.6443272598805001}",32020681848.663742,20631798195.05477,11388883653.60897,3362261672.196027,9360655380.388294,0.0,7305704085.234007,603177057.2364459,3362261672.196027,9360655380.388294,1903878117.6419244,9485005535.967045,22.81557938010893,1.8837108469057073,10.500281312205528,29.23315444882984,5.945776316194764,29.621497695755235,7305704085.234007,603177057.2364459,1903878117.6419244,8,4,4,Universal P&C Insurance Co.;First Protective Insurance Co.;Kin Interinsurance Network;Homeowners Choice P&C Ins Co.;FL Farm Bureau General Ins Co.;AIG Property Casualty Co.;ASI Preferred Insurance Corp.;Castle Key Indemnity Co.,Universal P&C Insurance Co.;First Protective Insurance Co.;Kin Interinsurance Network;Homeowners Choice P&C Ins Co.,72469196.18751583,4,16.162888892523068,155742171.88453233,0.0,0,1.0,0.0,314497421.6073501,0.0,505077017.69874823,0.0,539937478.65,359958319.1,0.0,1903878117.6419244,1903878117.6419244,1395853723.0,1395853723.0,0.0,False,1206916540.9671283,1206916540.9671283,0.0,1.0,1206916540.9671283,0.0,1428636166.5597894,0.0,10,9464500000.0,9464500000.0,34
irma,baseline,,2017242N16333,"{""2017242N16333"": 0.41066703342637784}",32020681848.663746,13149838423.0806,18870843425.583145,1992312095.7155561,6172720526.426365,0.0,4631702622.149784,353103178.78889436,1992312095.7155561,6172720526.426365,3127547433.033051,15743295992.55009,14.464722031967192,1.1027347276917205,6.2219540018904915,19.277292581088364,9.767273063748224,49.16602359361399,4631702622.149784,353103178.78889436,3127547433.033051,3,0,3,FL Farm Bureau General Ins Co.;ASI Preferred Insurance Corp.;Castle Key Indemnity Co.,,43270162.81986351,3,0.0,0.0,0.0,0,1.0,0.0,0.0,0.0,273431832.07510006,0.0,539937478.65,359958319.1,0.0,3127547433.033051,3127547433.033051,1395853723.0,1395853723.0,0.0,False,153928945.51762784,153928945.51762784,0.0,1.0,153928945.51762784,0.0,1222236826.6942804,0.0,10,9464500000.0,9464500000.0,35
irma,baseline,,2017242N16333,"{""2017242N16333"": 0.7367850201448761}",32020681848.663742,23592358720.92038,8428323127.743363,4803330307.514706,12092728668.807957,0.0,6193943785.789363,502355958.8083535,4803330307.514706,12092728668.807957,1419680503.3443978,7008642624.398966,19.343572429416717,1.5688484123560826,15.000712134164482,37.76536903855031,4.43363607950042,21.887861906011985,6193943785.789363,502355958.8083535,1419680503.3443978,7,4,3,Universal P&C Insurance Co.;First Protective Insurance Co.;Kin Interinsurance Network;Homeowners Choice P&C Ins Co.;FL Farm Bureau General Ins Co.;ASI Preferred Insurance Corp.;Castle Key Indemnity Co.,Universal P&C Insurance Co.;First Protective Insurance Co.;Kin Interinsurance Network;Homeowners Choice P&C Ins Co.,61999303.61353475,3,16.162888892523068,65521234.63144803,0.0,0,1.0,2.9802322387695312e-08,136571806.84399053,0.0,412635826.8993666,0.0,539937478.65,359958319.1,0.0,1419680503.3443978,1419680503.3443978,1395853723.0,1395853723.0,0.0,False,593232534.9265976,593232534.9265976,0.0,1.0,593232534.9265976,0.0,1346857296.5264752,0.0,10,9464500000.0,9464500000.0,36
irma,baseline,,2017242N16333,"{""2017242N16333"": 0.5126338406113339}",32020681848.663742,16414885115.074116,15605796733.589626,2185289756.0541177,7442169566.428276,0.0,6342495544.222301,444930248.3694203,2185289756.0541177,7442169566.428276,2593551318.1010447,13012245415.488583,19.80749683657027,1.389508975705924,6.824619682935679,23.2417585659215,8.09961302622691,40.637002912639716,6342495544.222301,444930248.3694203,2593551318.1010447,7,4,3,Universal P&C Insurance Co.;First Protective Insurance Co.;Kin Interinsurance Network;Homeowners Choice P&C Ins Co.;FL Farm Bureau General Ins Co.;ASI Preferred Insurance Corp.;Castle Key Indemnity Co.,Universal P&C Insurance Co.;First Protective Insurance Co.;Kin Interinsurance Network;Homeowners Choice P&C Ins Co.,62511143.340139,3,16.162888892523068,118002452.57103026,0.0,0,1.0,0.0,227383458.20895052,0.0,366152004.0309509,0.0,539937478.65,359958319.1,0.0,2593551318.1010447,2593551318.1010447,1395853723.0,1395853723.0,0.0,False,631234133.3947284,631234133.3947284,0.0,1.0,631234133.3947284,0.0,1376504155.2475789,0.0,10,9464500000.0,9464500000.0,37
irma,baseline,,2017242N16333,"{""2017242N16333"": 0.6168793176493564}",32020681848.663742,19752896369.470818,12267785479.192926,4482416080.974715,7940541981.134016,0.0,6781564031.497573,548374275.8645135,4482416080.974715,7940541981.134016,2047621899.750573,10220163579.442352,21.178699640278197,1.7125627694508254,13.998502911835311,24.798166443371297,6.394685501789284,31.91738273327509,6781564031.497573,548374275.8645135,2047621899.750573,8,4,4,Universal P&C Insurance Co.;First Protective Insurance Co.;Kin Interinsurance Network;Homeowners Choice P&C Ins Co.;FL Farm Bureau General Ins Co.;AIG Property Casualty Co.;ASI Preferred Insurance Corp.;Castle Key Indemnity Co.,Universal P&C Insurance Co.;First Protective Insurance Co.;Kin Interinsurance Network;Homeowners Choice P&C Ins Co.,69382365.76819478,4,16.162888892523068,138322145.89753616,0.0,0,1.0,0.0,247545392.8065018,0.0,455608278.6170317,0.0,539937478.65,359958319.1,0.0,2047621899.750573,2047621899.750573,1395853723.0,1395853723.0,0.0,False,886543330.4537184,886543330.4537184,0.0,1.0,886543330.4537184,0.0,1400463076.570008,0.0,10,9464500000.0,9464500000.0,38
irma,baseline,,2017242N16333,"{""2017242N16333"": 0.4747311264779066}",32020681848.663742,15201214364.606792,16819467484.05695,3372204528.651407,6642873339.054031,0.0,4819488830.898152,366647666.00320184,3372204528.651407,6642873339.054031,2792046324.970444,14027421159.086504,15.051174905256662,1.1450339119449526,10.531332669894825,20.74557116069421,8.71950927892861,43.80737807328073,4819488830.898152,366647666.00320184,2792046324.970444,4,1,3,First Protective Insurance Co.;FL Farm Bureau General Ins Co.;ASI Preferred Insurance Corp.;Castle Key Indemnity Co.,First Protective Insurance Co.,52538829.98168583,3,4.237368573953127,20432446.104114532,0.0,0,1.0,0.0,20432446.104114536,0.0,286757088.2339636,0.0,539937478.65,359958319.1,0.0,2792046324.970444,2792046324.970444,1395853723.0,1395853723.0,0.0,False,183719852.752703,183719852.752703,0.0,1.0,183719852.752703,0.0,1217987401.632834,0.0,10,9464500000.0,9464500000.0,39
irma,baseline,,2017242N16333,"{""2017242N16333"": 0.5014212670673296}",32020681848.663742,16055850864.916811,15964830983.746931,2880287684.9380774,6130183246.693561,0.0,6547371867.3157,498008065.969475,2880287684.9380774,6130183246.693561,2652271119.9285855,13312559863.818346,20.4473218223769,1.555270023053108,8.995085421824879,19.144449439478066,8.282993886463002,41.57487940680406,6547371867.3157,498008065.969475,2652271119.9285855,7,3,4,Universal P&C Insurance Co.;First Protective Insurance Co.;Kin Interinsurance Network;FL Farm Bureau General Ins Co.;AIG Property Casualty Co.;ASI Preferred Insurance Corp.;Castle Key Indemnity Co.,Universal P&C Insurance Co.;First Protective Insurance Co.;Kin Interinsurance Network,67422081.10848334,4,13.812836302273293,149443029.16847807,0.0,0,1.0,0.0,270065852.1710301,0.0,412292382.7751526,0.0,539937478.65,359958319.1,0.0,2652271119.9285855,2652271119.9285855,1395853723.0,1395853723.0,0.0,False,712480612.2110591,712480612.2110591,0.0,1.0,712480612.2110591,0.0,1387052255.1387534,0.0,10,9464500000.0,9464500000.0,40
irma,baseline,,2017242N16333,"{""2017242N16333"": 0.5074004070515724}",32020681848.663742,16247307004.080875,15773374844.582867,3104648709.1200624,6884024581.793853,0.0,5797101600.560005,461532112.6069535,3104648709.1200624,6884024581.793853,2620958601.5673027,13152416243.015564,18.104241589727184,1.4413562921247216,9.695760770470985,21.498682052834333,8.185205467998733,41.07475382684404,5797101600.560005,461532112.6069535,2620958601.5673027,6,3,3,Universal P&C Insurance Co.;First Protective Insurance Co.;Kin Interinsurance Network;FL Farm Bureau General Ins Co.;ASI Preferred Insurance Corp.;Castle Key Indemnity Co.,Universal P&C Insurance Co.;First Protective Insurance Co.;Kin Interinsurance Network,60376725.02053217,3,13.812836302273293,48848483.730543405,0.0,0,1.0,0.0,102664668.89563407,0.0,374843961.54482317,0.0,539937478.65,359958319.1,0.0,2620958601.5673027,2620958601.5673027,1395853723.0,1395853723.0,0.0,False,455418434.2873387,455418434.2873387,0.0,1.0,455418434.2873387,0.0,1281865273.787097,0.0,10,9464500000.0,9464500000.0,41
irma,baseline,,2017242N16333,"{""2017242N16333"": 0.5271089063296865}",32020681848.663742,16878386589.179989,15142295259.483755,2389108035.2094183,8319155359.415497,0.0,5730868807.502151,439254387.05292296,2389108035.2094183,8319155359.415497,2517745974.4761806,12624549285.007574,17.897397796172495,1.3717833652916218,7.461140416999329,25.980569054505203,7.862874333455984,39.42623503357537,5730868807.502151,439254387.05292296,2517745974.4761806,6,3,3,Universal P&C Insurance Co.;First Protective Insurance Co.;Kin Interinsurance Network;FL Farm Bureau General Ins Co.;ASI Preferred Insurance Corp.;Castle Key Indemnity Co.,Universal P&C Insurance Co.;First Protective Insurance Co.;Kin Interinsurance Network,60169359.83708104,3,13.812836302273293,69410712.99198845,0.0,0,1.0,0.0,112672927.05128948,0.0,356746559.25732934,0.0,539937478.65,359958319.1,0.0,2517745974.4761806,2517745974.4761806,1395853723.0,1395853723.0,0.0,False,367191585.76466745,367191585.76466745,0.0,1.0,367191585.76466745,0.0,1357482856.6275618,0.0,10,9464500000.0,9464500000.0,42
irma,baseline,,2017242N16333,"{""2017242N16333"": 0.19483396959282434}",32020681848.66374,6238716553.644052,25781965295.019688,951726805.8224478,2690215490.014576,0.0,2429181218.946269,167593038.86075938,951726805.8224478,2690215490.014576,4257856606.6049166,21524108688.414772,7.586288232171551,0.5233899754316232,2.9722252958900204,8.401493455789238,13.297207806905591,67.21939523381198,2429181218.946269,167593038.86075938,4257856606.6049166,1,0,1,Castle Key Indemnity Co.,,10756212.145607237,1,0.0,0.0,0.0,0,1.0,0.0,0.0,0.0,96898708.29476765,0.0,539937478.65,359958319.1,816856606.6049166,4257856606.6049166,3441000000.0,1395853723.0,1395853723.0,0.0,False,12742258.413484288,12742258.413484288,0.0,1.0,12742258.413484288,0.0,1090000000.0,0.0,7,9464500000.0,9464500000.0,43
irma,baseline,,2017242N16333,"{""2017242N16333"": 0.5053126897762865}",32020681848.66374,16180456873.418983,15840224975.244755,1897926867.2987642,6511123687.214687,0.0,7225837086.16813,545569232.7374039,1897926867.2987642,6511123687.214687,2631891893.928385,13208333081.316374,22.56615621215971,1.7038026713980519,5.927190670919354,20.334119423151524,8.219349938790316,41.24938108358106,7225837086.16813,545569232.7374039,2631891893.928385,8,4,4,Universal P&C Insurance Co.;First Protective Insurance Co.;Kin Interinsurance Network;Homeowners Choice P&C Ins Co.;FL Farm Bureau General Ins Co.;AIG Property Casualty Co.;ASI Preferred Insurance Corp.;Castle Key Indemnity Co.,Universal P&C Insurance Co.;First Protective Insurance Co.;Kin Interinsurance Network;Homeowners Choice P&C Ins Co.,73814548.09392717,4,16.162888892523068,155328735.10023773,0.0,0,1.0,0.0,326551900.81855077,0.0,456290000.76343703,0.0,539937478.65,359958319.1,0.0,2631891893.928385,2631891893.928385,1395853723.0,1395853723.0,0.0,False,1110613539.492166,1110613539.492166,0.0,1.0,1110613539.492166,0.0,1421117623.6340327,0.0,10,9464500000.0,9464500000.0,44
irma,baseline,,2017242N16333,"{""2017242N16333"": 0.5710910491292579}",32020681848.663742,18286724790.78756,13733957057.876183,4154442839.2312403,6349171974.276244,0.0,7225160699.93734,557949277.3427353,4154442839.2312403,6349171974.276244,2287413241.405953,11446543816.47023,22.564043870411375,1.7424653228176625,12.974248514962868,19.828347204733873,7.143549447874762,35.74734563919946,7225160699.93734,557949277.3427353,2287413241.405953,8,4,4,Universal P&C Insurance Co.;First Protective Insurance Co.;Kin Interinsurance Network;Homeowners Choice P&C Ins Co.;FL Farm Bureau General Ins Co.;AIG Property Casualty Co.;ASI Preferred Insurance Corp.;Castle Key Indemnity Co.,Universal P&C Insurance Co.;First Protective Insurance Co.;Kin Interinsurance Network;Homeowners Choice P&C Ins Co.,74998395.30560419,4,16.162888892523068,141160713.41162288,0.0,0,1.0,0.0,284992266.10897636,0.0,466136015.32267594,0.0,539937478.65,359958319.1,0.0,2287413241.405953,2287413241.405953,1395853723.0,1395853723.0,0.0,False,1159178979.482506,1159178979.482506,0.0,1.0,1159178979.482506,0.0,1423777016.569521,0.0,10,9464500000.0,9464500000.0,45
irma,baseline,,2017242N16333,"{""2017242N16333"": 0.5757665209344175}",32020681848.663742,18436436585.95297,13584245262.710773,3543094964.1233835,8403075346.196991,0.0,6003243061.495833,487023214.13676035,3543094964.1233835,8403075346.196991,2262927981.4634643,11321317281.247307,18.74801757772799,1.5209645329806878,11.065020354247206,26.242649628485847,7.067082431781192,35.35626547477707,6003243061.495833,487023214.13676035,2262927981.4634643,8,4,4,Universal P&C Insurance Co.;First Protective Insurance Co.;Kin Interinsurance Network;Homeowners Choice P&C Ins Co.;FL Farm Bureau General Ins Co.;AIG Property Casualty Co.;ASI Preferred Insurance Corp.;Castle Key Indemnity Co.,Universal P&C Insurance Co.;First Protective Insurance Co.;Kin Interinsurance Network;Homeowners Choice P&C Ins Co.,61568646.483258694,4,16.162888892523068,54656549.84374604,0.0,0,1.0,0.0,102558166.6433011,0.0,397977243.8886138,0.0,539937478.65,359958319.1,0.0,2262927981.4634643,2262927981.4634643,1395853723.0,1395853723.0,0.0,False,528679222.00488603,528679222.00488603,0.0,1.0,528679222.00488603,0.0,1365751200.7981539,0.0,10,9464500000.0,9464500000.0,46
irma,baseline,,2017242N16333,"{""2017242N16333"": 0.6461994127243573}",32020681848.663742,20691745805.63999,11328936043.02375,3928340999.3770094,8385089450.318315,0.0,7768761103.013525,609554252.9311435,3928340999.3770094,8385089450.318315,1894073727.6371922,9434862315.386559,24.261697923018225,1.903626711673477,12.268136631016006,26.186480006728008,5.9151573866820515,29.46490134088224,7768761103.013525,609554252.9311435,1894073727.6371922,8,4,4,Universal P&C Insurance Co.;First Protective Insurance Co.;Kin Interinsurance Network;Homeowners Choice P&C Ins Co.;FL Farm Bureau General Ins Co.;AIG Property Casualty Co.;ASI Preferred Insurance Corp.;Castle Key Indemnity Co.,Universal P&C Insurance Co.;First Protective Insurance Co.;Kin Interinsurance Network;Homeowners Choice P&C Ins Co.,66345751.87241243,4,16.162888892523068,139168790.92763537,0.0,0,1.0,0.0,321736627.64560515,0.0,512202132.84647596,0.0,539937478.65,359958319.1,0.0,1894073727.6371922,1894073727.6371922,1395853723.0,1395853723.0,0.0,False,1553460025.448502,1553460025.448502,0.0,1.0,1553460025.448502,0.0,1422049453.6353788,0.0,10,9464500000.0,9464500000.0,47
irma,baseline,,2017242N16333,"{""2017242N16333"": 0.594458620395792}",32020681848.663742,19034970355.88922,12985711492.774523,2588383177.2851496,8273895650.289412,0.0,7598660932.781782,574030595.5328768,2588383177.2851496,8273895650.289412,2165038199.7996006,10820673292.97492,23.73047822246447,1.7926869835122883,8.083473017590242,25.83922381601218,6.76137444552871,33.7927635148921,7598660932.781782,574030595.5328768,2165038199.7996006,8,4,4,Universal P&C Insurance Co.;First Protective Insurance Co.;Kin Interinsurance Network;Homeowners Choice P&C Ins Co.;FL Farm Bureau General Ins Co.;AIG Property Casualty Co.;ASI Preferred Insurance Corp.;Castle Key Indemnity Co.,Universal P&C Insurance Co.;First Protective Insurance Co.;Kin Interinsurance Network;Homeowners Choice P&C Ins Co.,80495875.10210595,4,16.162888892523068,156519577.93575573,0.0,0,1.0,0.0,302164442.29646087,0.0,481282280.40599763,0.0,539937478.65,359958319.1,0.0,2165038199.7996006,2165038199.7996006,1395853723.0,1395853723.0,0.0,False,1426549042.8701456,1426549042.8701456,0.0,1.0,1426549042.8701456,0.0,1414573716.2289538,0.0,10,9464500000.0,9464500000.0,48
irma,baseline,,2017242N16333,"{""2017242N16333"": 0.5923461292506844}",32020681848.663742,18967326949.023613,13053354899.64013,3193100538.4970107,8577390414.294634,0.0,6716762819.539039,480073176.69293106,3193100538.4970107,8577390414.294634,2176101231.9319053,10877253667.708225,20.97632664814518,1.4992596939748335,9.971994205458378,26.787032377490043,6.795924091237665,33.96946298369391,6716762819.539039,480073176.69293106,2176101231.9319053,7,3,4,Universal P&C Insurance Co.;First Protective Insurance Co.;Kin Interinsurance Network;FL Farm Bureau General Ins Co.;AIG Property Casualty Co.;ASI Preferred Insurance Corp.;Castle Key Indemnity Co.,Universal P&C Insurance Co.;First Protective Insurance Co.;Kin Interinsurance Network,69499185.21928144,4,13.812836302273293,149862034.55134296,0.0,0,1.0,2.9802322387695312e-08,251035358.12542555,0.0,397766447.2159685,0.0,539937478.65,359958319.1,0.0,2176101231.9319053,2176101231.9319053,1395853723.0,1395853723.0,0.0,False,839157032.1837137,839157032.1837137,0.0,1.0,839157032.1837137,0.0,1401804015.7651515,0.0,10,9464500000.0,9464500000.0,49
irma,baseline,,2017242N16333,"{""2017242N16333"": 0.7116967836436925}",32020681848.663742,22789016281.771942,9231665566.891798,3299272496.097747,9454717491.398825,0.0,9320233367.139885,714792927.1354877,3299272496.097747,9454717491.398825,1551066600.3693519,7680598966.522446,29.106917245514026,2.2322851540568203,10.303567274709453,29.526908690088938,4.843952442049823,23.98636919358095,9320233367.139885,714792927.1354877,1551066600.3693519,9,5,4,Universal P&C Insurance Co.;First Protective Insurance Co.;Kin Interinsurance Network;Homeowners Choice P&C Ins Co.;GeoVera Specialty Insurance Co;FL Farm Bureau General Ins Co.;AIG Property Casualty Co.;ASI Preferred Insurance Corp.;Castle Key Indemnity Co.,Universal P&C Insurance Co.;First Protective Insurance Co.;Kin Interinsurance Network;Homeowners Choice P&C Ins Co.;GeoVera Specialty Insurance Co,91520437.11686423,4,16.516370131259112,177626314.64062935,0.0,0,1.0,0.0,420871142.3567844,0.0,539937478.65,67975379.79823828,539937478.65,359958319.1,0.0,1551066600.3693519,1551066600.3693519,1395853723.0,1395853723.0,0.0,False,2745320176.5001135,2745320176.5001135,0.0,1.0,2745320176.5001135,0.0,1435825344.4395514,0.0,10,9464500000.0,9464500000.0,50
irma,baseline,,2017242N16333,"{""2017242N16333"": 0.6591569507961678}",32020681848.66374,21106655009.77938,10914026838.884357,3503081489.4823866,8889748755.883066,0.0,8083101656.693268,630723107.7206597,3503081489.4823866,8889748755.883066,1826215615.9589517,9087811222.925407,25.243377686008223,1.969736655520284,10.940059009482257,27.762521728605993,5.7032377529935765,28.381067167389666,8083101656.693268,630723107.7206597,1826215615.9589517,8,4,4,Universal P&C Insurance Co.;First Protective Insurance Co.;Kin Interinsurance Network;Homeowners Choice P&C Ins Co.;FL Farm Bureau General Ins Co.;AIG Property Casualty Co.;ASI Preferred Insurance Corp.;Castle Key Indemnity Co.,Universal P&C Insurance Co.;First Protective Insurance Co.;Kin Interinsurance Network;Homeowners Choice P&C Ins Co.,80615730.496384,4,16.162888892523068,174426430.28437638,0.0,0,1.0,0.0,374335951.0464973,0.0,532036562.3090774,0.0,539937478.65,359958319.1,0.0,1826215615.9589517,1826215615.9589517,1395853723.0,1395853723.0,0.0,False,1747442624.39394,1747442624.39394,0.0,1.0,1747442624.39394,0.0,1431275181.2987895,0.0,10,9464500000.0,9464500000.0,51
irma,baseline,,2017242N16333,"{""2017242N16333"": 0.8034635827805147}",32020681848.663742,25727451761.202354,6293230087.461387,4382113069.769738,11706223326.76004,0.0,8993657362.98996,645458001.6826198,4382113069.769738,11706223326.76004,1070487522.023564,5222742565.437822,28.0870263959269,2.0157534581342946,13.685258454146904,36.558319969843346,3.3431128265253873,16.31052889542317,8993657362.98996,645458001.6826198,1070487522.023564,10,6,4,Universal P&C Insurance Co.;First Protective Insurance Co.;Kin Interinsurance Network;TypTap Insurance Co.;Homeowners Choice P&C Ins Co.;GeoVera Specialty Insurance Co;FL Farm Bureau General Ins Co.;AIG Property Casualty Co.;ASI Preferred Insurance Corp.;Castle Key Indemnity Co.,Universal P&C Insurance Co.;First Protective Insurance Co.;Kin Interinsurance Network;TypTap Insurance Co.;Homeowners Choice P&C Ins Co.;GeoVera Specialty Insurance Co,90746950.47990699,4,18.33203363146337,176801149.71128756,0.0,0,1.0,0.0,427397222.10649526,0.0,539937478.65,7395678.268969417,539937478.65,359958319.1,0.0,1070487522.023564,1070487522.023564,1395853723.0,1070487522.023564,0.0,False,2469175646.2590866,2469175646.2590866,0.0,1.0,2469175646.2590866,0.0,1435074368.9700348,0.0,10,9464500000.0,9464500000.0,52
irma,baseline,,2017242N16333,"{""2017242N16333"": 0.2869015894497716}",32020681848.66374,9186784517.647076,22833897331.016663,1440457649.9275198,4355982625.442987,0.0,3149591831.395651,240752410.88091695,1440457649.9275198,4355982625.442987,3775702142.1087456,19058195188.90792,9.836117314057406,0.7518653475861691,4.498522725828937,13.603653557504641,11.79144828943207,59.51839276559079,3149591831.395651,240752410.88091695,3775702142.1087456,1,0,1,Castle Key Indemnity Co.,,28154793.314874895,1,0.0,0.0,0.0,0,1.0,0.0,0.0,0.0,162812547.30448377,0.0,539937478.65,359958319.1,334702142.1087456,3775702142.1087456,3441000000.0,1395853723.0,1395853723.0,0.0,False,23387773.295168985,23387773.295168985,0.0,1.0,23387773.295168985,0.0,1090000000.0,0.0,7,9464500000.0,9464500000.0,53
irma,baseline,,2017242N16333,"{""2017242N16333"": 0.4395605696057176}",32020681848.663742,14075029152.562096,17945652696.101646,2166697433.6317873,6171097564.642725,0.0,5282012743.837245,455221410.4503355,2166697433.6317873,6171097564.642725,2976233132.8958673,14969419563.20578,16.495628571562317,1.42164808545241,6.766556202244662,19.272224101312357,9.29472128970317,46.74922174972508,5282012743.837245,455221410.4503355,2976233132.8958673,6,3,3,Universal P&C Insurance Co.;First Protective Insurance Co.;Kin Interinsurance Network;FL Farm Bureau General Ins Co.;ASI Preferred Insurance Corp.;Castle Key Indemnity Co.,Universal P&C Insurance Co.;First Protective Insurance Co.;Kin Interinsurance Network,51820591.37317561,3,13.812836302273293,39761327.32735109,0.0,0,1.0,0.0,49914099.11730826,0.0,364551481.09695786,0.0,539937478.65,359958319.1,0.0,2976233132.8958673,2976233132.8958673,1395853723.0,1395853723.0,0.0,False,264732510.9146607,264732510.9146607,0.0,1.0,264732510.9146607,0.0,1296887950.9717665,0.0,10,9464500000.0,9464500000.0,54
irma,baseline,,2017242N16333,"{""2017242N16333"": 0.32400409671746394}",32020681848.66374,10374832098.653587,21645849750.01015,2279753098.4500513,4716365361.481528,0.0,3143802237.305913,234911401.4160932,2279753098.4500513,4716365361.481528,3581397786.778227,18064451963.23193,9.818036518285783,0.7336239825445701,7.119626962425811,14.729122208490223,11.184639364347836,56.41495096390579,3143802237.305913,234911401.4160932,3581397786.778227,1,0,1,Castle Key Indemnity Co.,,23620019.853958376,1,0.0,0.0,0.0,0,1.0,0.0,0.0,0.0,158648380.066916,0.0,539937478.65,359958319.1,140397786.77822685,3581397786.778227,3441000000.0,1395853723.0,1395853723.0,0.0,False,21209267.48581454,21209267.48581454,0.0,1.0,21209267.48581454,0.0,1090000000.0,0.0,7,9464500000.0,9464500000.0,55
irma,baseline,,2017242N16333,"{""2017242N16333"": 0.47362483231117036}",32020681848.663742,15165790071.062696,16854891777.601046,3172725165.6236734,6127909056.289505,0.0,5440164780.957439,424991068.1920792,3172725165.6236734,6127909056.289505,2797839943.5343513,14057051834.066692,16.989534472341237,1.3272392830379862,9.908362291029961,19.13734718470784,8.737602643058985,43.89991412582399,5440164780.957439,424991068.1920792,2797839943.5343513,5,2,3,First Protective Insurance Co.;Kin Interinsurance Network;FL Farm Bureau General Ins Co.;ASI Preferred Insurance Corp.;Castle Key Indemnity Co.,First Protective Insurance Co.;Kin Interinsurance Network,58584860.4019368,3,5.910840904483838,56096941.55569306,0.0,0,1.0,0.0,66324027.560288616,0.0,341502779.0589506,0.0,539937478.65,359958319.1,0.0,2797839943.5343513,2797839943.5343513,1395853723.0,1395853723.0,0.0,False,316590066.5797773,316590066.5797773,0.0,1.0,316590066.5797773,0.0,1317514215.8393848,0.0,10,9464500000.0,9464500000.0,56
irma,baseline,,2017242N16333,"{""2017242N16333"": 0.7936112116639824}",32020681848.66374,25411972120.22491,6608709728.438828,4754987159.453018,10077888868.057428,0.0,9892321741.483377,686774351.2310922,4754987159.453018,10077888868.057428,1122083997.821354,5486625730.6174755,30.89353870800286,2.1447836572529204,14.849737372633273,31.473061428509187,3.504247670691559,17.134631162910228,9892321741.483377,686774351.2310922,1122083997.821354,10,6,4,Universal P&C Insurance Co.;First Protective Insurance Co.;Kin Interinsurance Network;TypTap Insurance Co.;Homeowners Choice P&C Ins Co.;GeoVera Specialty Insurance Co;FL Farm Bureau General Ins Co.;AIG Property Casualty Co.;ASI Preferred Insurance Corp.;Castle Key Indemnity Co.,Universal P&C Insurance Co.;First Protective Insurance Co.;Kin Interinsurance Network;TypTap Insurance Co.;Homeowners Choice P&C Ins Co.;GeoVera Specialty Insurance Co,95485620.42743585,4,18.33203363146337,178754648.9467396,0.0,0,1.0,0.0,454030641.9276418,0.0,539937478.65,45971148.49105048,539937478.65,359958319.1,0.0,1122083997.821354,1122083997.821354,1395853723.0,1122083997.821354,0.0,False,3157506156.239742,3157506156.239742,0.0,1.0,3157506156.239742,0.0,1436839791.1726959,0.0,10,9464500000.0,9464500000.0,57
irma,baseline,,2017242N16333,"{""2017242N16333"": 0.6953168160468169}",32020681848.663742,22264518550.660973,9756163298.002771,3621433368.9327817,9247620253.210108,0.0,8674529286.36005,720935642.1580285,3621433368.9327817,9247620253.210108,1636847839.3913596,8119315458.611412,27.090395286888768,2.2514687400015934,11.309669750470688,28.880147827320613,5.111845672517017,25.35647272280131,8674529286.36005,720935642.1580285,1636847839.3913596,10,6,4,Universal P&C Insurance Co.;First Protective Insurance Co.;Kin Interinsurance Network;TypTap Insurance Co.;Homeowners Choice P&C Ins Co.;GeoVera Specialty Insurance Co;FL Farm Bureau General Ins Co.;AIG Property Casualty Co.;ASI Preferred Insurance Corp.;Castle Key Indemnity Co.,Universal P&C Insurance Co.;First Protective Insurance Co.;Kin Interinsurance Network;TypTap Insurance Co.;Homeowners Choice P&C Ins Co.;GeoVera Specialty Insurance Co,83134087.59646118,4,18.33203363146337,170652636.25598043,0.0,0,1.0,5.960464477539063e-08,408351433.55530953,0.0,539937478.65,71592311.65116823,539937478.65,359958319.1,0.0,1636847839.3913596,1636847839.3913596,1395853723.0,1395853723.0,0.0,False,2212852329.5104074,2212852329.5104074,0.0,1.0,2212852329.5104074,0.0,1435144308.250052,0.0,10,9464500000.0,9464500000.0,58
irma,baseline,,2017242N16333,"{""2017242N16333"": 0.5639947968494056}",32020681848.663742,18059497954.216553,13961183894.44719,4707856722.106521,7266984287.833967,0.0,5632755694.468321,451901249.8077427,4707856722.106521,7266984287.833967,2324576032.4419136,11636607862.005276,17.59099235016253,1.4112792848806903,14.702549884342906,22.69465816555442,7.259608160214492,36.340912154844965,5632755694.468321,451901249.8077427,2324576032.4419136,6,3,3,Universal P&C Insurance Co.;First Protective Insurance Co.;Kin Interinsurance Network;FL Farm Bureau General Ins Co.;ASI Preferred Insurance Corp.;Castle Key Indemnity Co.,Universal P&C Insurance Co.;First Protective Insurance Co.;Kin Interinsurance Network,59900852.63689892,3,13.812836302273293,71076838.60553679,0.0,0,1.0,0.0,86409597.3987138,0.0,366349068.1629608,0.0,539937478.65,359958319.1,0.0,2324576032.4419136,2324576032.4419136,1395853723.0,1395853723.0,0.0,False,327090593.3017371,327090593.3017371,0.0,1.0,327090593.3017371,0.0,1332949902.9428864,0.0,10,9464500000.0,9464500000.0,59
irma,baseline,,2017242N16333,"{""2017242N16333"": 0.5356478000669114}",32020681848.663742,17151807788.879211,14868874059.784533,2147157916.7955961,6488476267.753739,0.0,7858357925.310329,657815679.0195448,2147157916.7955961,6488476267.753739,2473028127.4887347,12395845932.295797,24.541507149818134,2.0543462569863924,6.705534650834425,20.263391949052174,7.72322132044773,38.71199867286115,7858357925.310329,657815679.0195448,2473028127.4887347,8,4,4,Universal P&C Insurance Co.;First Protective Insurance Co.;Kin Interinsurance Network;Homeowners Choice P&C Ins Co.;FL Farm Bureau General Ins Co.;AIG Property Casualty Co.;ASI Preferred Insurance Corp.;Castle Key Indemnity Co.,Universal P&C Insurance Co.;First Protective Insurance Co.;Kin Interinsurance Network;Homeowners Choice P&C Ins Co.,83444658.4267739,4,16.162888892523068,174358232.4029764,0.0,0,1.0,0.0,392747018.1803217,0.0,539937478.65,14522070.409406662,539937478.65,359958319.1,0.0,2473028127.4887347,2473028127.4887347,1395853723.0,1395853723.0,0.0,False,1578809653.0302324,1578809653.0302324,0.0,1.0,1578809653.0302324,0.0,1406781202.2860687,0.0,10,9464500000.0,9464500000.0,60
irma,baseline,,2017242N16333,"{""2017242N16333"": 0.568815456789738}",32020681848.66374,18213858772.46653,13806823076.197208,3936464633.3441644,7477729052.659308,0.0,6316834243.014417,482830843.44864464,3936464633.3441644,7477729052.659308,2299330428.00834,11507492648.18887,19.727357065252583,1.5078718364918071,12.293506590361497,23.352810186867906,7.180766602271131,35.93768771875509,6316834243.014417,482830843.44864464,2299330428.00834,7,3,4,Universal P&C Insurance Co.;First Protective Insurance Co.;Kin Interinsurance Network;FL Farm Bureau General Ins Co.;AIG Property Casualty Co.;ASI Preferred Insurance Corp.;Castle Key Indemnity Co.,Universal P&C Insurance Co.;First Protective Insurance Co.;Kin Interinsurance Network,64993599.656854935,4,13.812836302273293,109159758.64392549,0.0,0,1.0,0.0,225327825.41768536,0.0,397249569.280149,0.0,539937478.65,359958319.1,0.0,2299330428.00834,2299330428.00834,1395853723.0,1395853723.0,0.0,False,650123326.6284052,650123326.6284052,0.0,1.0,650123326.6284052,0.0,1354476404.0581284,0.0,10,9464500000.0,9464500000.0,61
irma,baseline,,2017242N16333,"{""2017242N16333"": 0.4234219934383773}",32020681848.663742,13558260939.617262,18462420909.046482,2906802083.932576,5928016831.239032,0.0,4383849723.6466055,339592300.7990474,2906802083.932576,5928016831.239032,3060750214.599348,15401670694.44713,13.690681992237302,1.0605405044278249,9.077889401826964,18.513087445345622,9.558666580134291,48.09913407602799,4383849723.6466055,339592300.7990474,3060750214.599348,2,0,2,ASI Preferred Insurance Corp.;Castle Key Indemnity Co.,,38922259.65525998,2,0.0,0.0,0.0,0,1.0,0.0,0.0,0.0,259256973.019036,0.0,539937478.65,359958319.1,0.0,3060750214.599348,3060750214.599348,1395853723.0,1395853723.0,0.0,False,115810262.68091649,115810262.68091649,0.0,1.0,115810262.68091649,0.0,1183822786.5756433,0.0,10,9464500000.0,9464500000.0,62
irma,baseline,,2017242N16333,"{""2017242N16333"": 0.7364990514930116}",32020681848.663742,23583201809.700336,8437480038.963405,5113521691.356183,9903578032.58113,0.0,7922243988.402555,643858097.3604686,5113521691.356183,9903578032.58113,1421178109.8038306,7016301929.1595745,24.741022148887062,2.0107569863860895,15.96943411612447,30.928691897903533,4.438313076906381,21.911781773792466,7922243988.402555,643858097.3604686,1421178109.8038306,8,4,4,Universal P&C Insurance Co.;First Protective Insurance Co.;Kin Interinsurance Network;Homeowners Choice P&C Ins Co.;FL Farm Bureau General Ins Co.;AIG Property Casualty Co.;ASI Preferred Insurance Corp.;Castle Key Indemnity Co.,Universal P&C Insurance Co.;First Protective Insurance Co.;Kin Interinsurance Network;Homeowners Choice P&C Ins Co.,77798590.72614917,4,16.162888892523068,158894523.70266306,0.0,0,1.0,0.0,319217735.2399173,0.0,539937478.65,1972169.2539830208,539937478.65,359958319.1,0.0,1421178109.8038306,1421178109.8038306,1395853723.0,1395853723.0,0.0,False,1682178594.3865323,1682178594.3865323,0.0,1.0,1682178594.3865323,0.0,1434712630.2175107,0.0,10,9464500000.0,9464500000.0,63
irma,baseline,,2017242N16333,"{""2017242N16333"": 0.33532843789559114}",32020681848.663742,10737445224.664118,21283236623.999622,2564337087.2732306,4881536339.279453,0.0,3053207950.992849,238363847.1185892,2564337087.2732306,4881536339.279453,3522092662.2947693,17761143961.704853,9.535112229723685,0.7444059069233604,8.008377521105919,15.244948131806147,10.99943055223151,55.46772565820939,3053207950.992849,238363847.1185892,3522092662.2947693,1,0,1,Castle Key Indemnity Co.,,20232102.430195436,1,0.0,0.0,0.0,0,1.0,0.0,0.0,0.0,158899178.82389715,0.0,539937478.65,359958319.1,81092662.29476929,3522092662.2947693,3441000000.0,1395853723.0,1395853723.0,0.0,False,21985465.783954,21985465.783954,0.0,1.0,21985465.783954,0.0,1090000000.0,0.0,7,9464500000.0,9464500000.0,64
irma,baseline,,2017242N16333,"{""2017242N16333"": 0.2415617720266816}",32020681848.66374,7734972648.86581,24285709199.797928,879712666.0879002,2832521998.6274676,0.0,3743330065.18665,279407918.96379364,879712666.0879002,2832521998.6274676,4013144963.1999273,20272564236.598003,11.690350889085966,0.8725857877865698,2.7473264630828327,8.845914062712792,12.532977849025412,63.310844948306446,3743330065.18665,279407918.96379364,4013144963.1999273,1,0,1,Castle Key Indemnity Co.,,32284189.657469355,1,0.0,0.0,0.0,0,1.0,0.0,0.0,0.0,202618330.11721194,0.0,539937478.65,359958319.1,572144963.1999273,4013144963.1999273,3441000000.0,1395853723.0,1395853723.0,0.0,False,56645233.230699874,56645233.230699874,0.0,1.0,56645233.230699874,0.0,1138002855.9246316,0.0,8,9464500000.0,9464500000.0,65
irma,baseline,,2017242N16333,"{""2017242N16333"": 0.5641572368715589}",32020681848.663742,18064699394.485413,13955982454.17833,4104304422.6346817,6888945271.958218,0.0,6509511804.693363,561937895.1991532,4104304422.6346817,6888945271.958218,2323725340.504664,11632257113.673666,20.329085543707784,1.7549217029636848,12.817667162843252,21.514049277641163,7.256951464953379,36.32732484789074,6509511804.693363,561937895.1991532,2323725340.504664,8,4,4,Universal P&C Insurance Co.;First Protective Insurance Co.;Kin Interinsurance Network;Homeowners Choice P&C Ins Co.;FL Farm Bureau General Ins Co.;AIG Property Casualty Co.;ASI Preferred Insurance Corp.;Castle Key Indemnity Co.,Universal P&C Insurance Co.;First Protective Insurance Co.;Kin Interinsurance Network;Homeowners Choice P&C Ins Co.,68242931.51983105,4,16.162888892523068,139834340.04715842,0.0,0,1.0,2.9802322387695312e-08,223471015.17573142,0.0,464952042.09664124,0.0,539937478.65,359958319.1,0.0,2323725340.504664,2323725340.504664,1395853723.0,1395853723.0,0.0,False,755968769.7029885,755968769.7029885,0.0,1.0,755968769.7029885,0.0,1380174998.6438968,0.0,10,9464500000.0,9464500000.0,66
irma,baseline,,2017242N16333,"{""2017242N16333"": 0.3245751600877347}",32020681848.663742,10393117937.148453,21627563911.51529,1667929305.3847313,3472725848.4082828,0.0,4825614985.599388,426847797.75604826,1667929305.3847313,3472725848.4082828,3578407150.614132,18049156760.90116,15.07030677362283,1.3330378152889366,5.208912518689342,10.845258901172347,11.175299662656817,56.36718432856973,4825614985.599388,426847797.75604826,3578407150.614132,5,2,3,First Protective Insurance Co.;Kin Interinsurance Network;FL Farm Bureau General Ins Co.;ASI Preferred Insurance Corp.;Castle Key Indemnity Co.,First Protective Insurance Co.;Kin Interinsurance Network,44145295.24338856,3,5.910840904483838,6925101.601195708,0.0,0,1.0,0.0,11368668.50266011,0.0,335212436.78913623,0.0,539937478.65,359958319.1,137407150.61413193,3578407150.614132,3441000000.0,1395853723.0,1395853723.0,0.0,False,175120427.25240538,175120427.25240538,0.0,1.0,175120427.25240538,0.0,1215224937.5810807,0.0,10,9464500000.0,9464500000.0,67
irma,baseline,,2017242N16333,"{""2017242N16333"": 0.5641241694519677}",32020681848.66374,18063640553.163128,13957041295.50061,2791052474.385696,8429255771.644873,0.0,6385592899.521152,457739407.6114095,2791052474.385696,8429255771.644873,2323898513.2662706,11633142782.23434,19.94208908386387,1.4295117442369876,8.71640550184652,26.324410615249395,7.257492280300239,36.330090774503,6385592899.521152,457739407.6114095,2323898513.2662706,7,4,3,Universal P&C Insurance Co.;First Protective Insurance Co.;Kin Interinsurance Network;Homeowners Choice P&C Ins Co.;FL Farm Bureau General Ins Co.;ASI Preferred Insurance Corp.;Castle Key Indemnity Co.,Universal P&C Insurance Co.;First Protective Insurance Co.;Kin Interinsurance Network;Homeowners Choice P&C Ins Co.,62474463.86593721,3,16.162888892523068,80428028.6409545,0.0,0,1.0,0.0,191111154.8339571,0.0,377007864.27953386,0.0,539937478.65,359958319.1,0.0,2323898513.2662706,2323898513.2662706,1395853723.0,1395853723.0,0.0,False,663146301.7023985,663146301.7023985,0.0,1.0,663146301.7023985,0.0,1380526029.496961,0.0,10,9464500000.0,9464500000.0,68
irma,baseline,,2017242N16333,"{""2017242N16333"": 0.7227910785607465}",32020681848.66374,23144263169.646175,8876418679.017563,3334028740.5069857,9371316807.45921,0.0,9625872014.382118,813045607.2978655,3334028740.5069857,9371316807.45921,1492966219.0082805,7383452460.009282,30.061421114878033,2.53912646564019,10.412110386231888,29.26644988932453,4.662506020528678,23.05838612339669,9625872014.382118,813045607.2978655,1492966219.0082805,11,7,4,Universal P&C Insurance Co.;First Protective Insurance Co.;Tower Hill Insurance Exchange;Kin Interinsurance Network;TypTap Insurance Co.;Homeowners Choice P&C Ins Co.;GeoVera Specialty Insurance Co;FL Farm Bureau General Ins Co.;AIG Property Casualty Co.;ASI Preferred Insurance Corp.;Castle Key Indemnity Co.,Universal P&C Insurance Co.;First Protective Insurance Co.;Tower Hill Insurance Exchange;Kin Interinsurance Network;TypTap Insurance Co.;Homeowners Choice P&C Ins Co.;GeoVera Specialty Insurance Co,100400110.62141111,4,23.145936299594748,179153084.82737583,0.0,0,1.0,0.0,437955197.8944479,0.0,539937478.65,154728892.00994623,539937478.65,359958319.1,0.0,1492966219.0082805,1492966219.0082805,1395853723.0,1395853723.0,0.0,False,2952640998.1424484,2952640998.1424484,0.0,1.0,2952640998.1424484,0.0,1436822083.1270928,0.0,10,9464500000.0,9464500000.0,69
irma,baseline,,2017242N16333,"{""2017242N16333"": 0.5325634273486644}",32020681848.663742,17053044071.365524,14967637777.29822,3065347344.0077677,6322134647.173964,0.0,7150496977.847855,515065102.335938,3065347344.0077677,6322134647.173964,2489180864.776651,12478456912.521568,22.330870440681302,1.6085388336520765,9.573023330656177,19.743910129876866,7.773666021670077,38.969991243463504,7150496977.847855,515065102.335938,2489180864.776651,8,4,4,Universal P&C Insurance Co.;First Protective Insurance Co.;Kin Interinsurance Network;Homeowners Choice P&C Ins Co.;FL Farm Bureau General Ins Co.;AIG Property Casualty Co.;ASI Preferred Insurance Corp.;Castle Key Indemnity Co.,Universal P&C Insurance Co.;First Protective Insurance Co.;Kin Interinsurance Network;Homeowners Choice P&C Ins Co.,70522442.5677366,4,16.162888892523068,153430671.55452394,0.0,0,1.0,5.960464477539063e-08,306633920.1183201,0.0,429620822.98138475,0.0,539937478.65,359958319.1,0.0,2489180864.776651,2489180864.776651,1395853723.0,1395853723.0,0.0,False,1094952955.884881,1094952955.884881,0.0,1.0,1094952955.884881,0.0,1409319928.1703968,0.0,10,9464500000.0,9464500000.0,70
irma,baseline,,2017242N16333,"{""2017242N16333"": 0.4396618597407453}",32020681848.663742,14078272531.750223,17942409316.913517,2152836852.030421,6000827117.751905,0.0,5470742522.914575,453866039.05332243,2152836852.030421,6000827117.751905,2975702680.4861174,14966706636.427399,17.085028197620577,1.4174152855282274,6.72326986103908,18.740472629886632,9.293064696591703,46.74074932933377,5470742522.914575,453866039.05332243,2975702680.4861174,6,3,3,Universal P&C Insurance Co.;First Protective Insurance Co.;Kin Interinsurance Network;FL Farm Bureau General Ins Co.;ASI Preferred Insurance Corp.;Castle Key Indemnity Co.,Universal P&C Insurance Co.;First Protective Insurance Co.;Kin Interinsurance Network,56989122.82396799,3,13.812836302273293,62784113.14677641,0.0,0,1.0,0.0,121506547.196499,0.0,366317577.7494756,0.0,539937478.65,359958319.1,0.0,2975702680.4861174,2975702680.4861174,1395853723.0,1395853723.0,0.0,False,273864103.4084146,273864103.4084146,0.0,1.0,273864103.4084146,0.0,1305539088.3827088,0.0,10,9464500000.0,9464500000.0,71
irma,baseline,,2017242N16333,"{""2017242N16333"": 0.5834989444937233}",32020681848.663742,18684034060.664616,13336647787.999126,2258027223.5496025,10220244138.33639,0.0,5748077078.691381,457685620.0872408,2258027223.5496025,10220244138.33639,2222433586.731771,11114214201.267357,17.951138910339147,1.4293437667890903,7.051777455025782,31.9176343172183,6.940619182425422,34.709486368202256,5748077078.691381,457685620.0872408,2222433586.731771,6,3,3,Universal P&C Insurance Co.;First Protective Insurance Co.;Kin Interinsurance Network;FL Farm Bureau General Ins Co.;ASI Preferred Insurance Corp.;Castle Key Indemnity Co.,Universal P&C Insurance Co.;First Protective Insurance Co.;Kin Interinsurance Network,60399111.783217505,3,13.812836302273293,60369206.13879946,0.0,0,1.0,0.0,108648296.7341712,0.0,372053099.40288377,0.0,539937478.65,359958319.1,0.0,2222433586.731771,2222433586.731771,1395853723.0,1395853723.0,0.0,False,379969858.533233,379969858.533233,0.0,1.0,379969858.533233,0.0,1343609890.9417253,0.0,10,9464500000.0,9464500000.0,72
irma,baseline,,2017242N16333,"{""2017242N16333"": 0.5647426055721091}",32020681848.663746,18083443299.409897,13937238549.253849,2943519513.9087033,7328981048.241431,0.0,7201807375.709816,609135361.5499458,2943519513.9087033,7328981048.241431,2320659787.894689,11616578761.359154,22.49111186871979,1.9023185216006437,9.192557259774714,22.888272907115738,7.247377800580884,36.2783616422082,7201807375.709816,609135361.5499458,2320659787.894689,8,4,4,Universal P&C Insurance Co.;First Protective Insurance Co.;Kin Interinsurance Network;Homeowners Choice P&C Ins Co.;FL Farm Bureau General Ins Co.;AIG Property Casualty Co.;ASI Preferred Insurance Corp.;Castle Key Indemnity Co.,Universal P&C Insurance Co.;First Protective Insurance Co.;Kin Interinsurance Network;Homeowners Choice P&C Ins Co.,74214824.03436954,4,16.162888892523068,155647902.87199533,0.0,0,1.0,0.0,325850342.4073313,0.0,509673977.23306584,0.0,539937478.65,359958319.1,0.0,2320659787.894689,2320659787.894689,1395853723.0,1395853723.0,0.0,False,1135411840.0212977,1135411840.0212977,0.0,1.0,1135411840.0212977,0.0,1396543535.4803333,0.0,10,9464500000.0,9464500000.0,73
irma,baseline,,2017242N16333,"{""2017242N16333"": 0.42642100685914996}",32020681848.663742,13654291394.223698,18366390454.440044,3030195766.3350797,5911048668.454611,0.0,4373976125.160967,339070834.2730404,3030195766.3350797,5911048668.454611,3045044500.55834,15321345953.881704,13.659846925912658,1.0589119740658808,9.463245600628998,18.46009618530745,9.509617924283562,47.84828138980145,4373976125.160967,339070834.2730404,3045044500.55834,3,0,3,FL Farm Bureau General Ins Co.;ASI Preferred Insurance Corp.;Castle Key Indemnity Co.,,36123385.80013392,3,0.0,0.0,0.0,0,1.0,0.0,0.0,0.0,258763128.64093882,0.0,539937478.65,359958319.1,0.0,3045044500.55834,3045044500.55834,1395853723.0,1395853723.0,0.0,False,110908142.88340256,110908142.88340256,0.0,1.0,110908142.88340256,0.0,1211907552.9620585,0.0,10,9464500000.0,9464500000.0,74
irma,baseline,,2017242N16333,"{""2017242N16333"": 0.5870267096260808}",32020681848.663742,18796995505.604645,13223686343.059097,2921687084.280147,8679293903.40141,0.0,6691862621.932004,504151895.99108255,2921687084.280147,8679293903.40141,2203958821.000855,11019727522.058243,20.898563789363102,1.5744570911194429,9.12437498392019,27.105275098205333,6.882922829117796,34.41440620827414,6691862621.932004,504151895.99108255,2203958821.000855,7,3,4,Universal P&C Insurance Co.;First Protective Insurance Co.;Kin Interinsurance Network;FL Farm Bureau General Ins Co.;AIG Property Casualty Co.;ASI Preferred Insurance Corp.;Castle Key Indemnity Co.,Universal P&C Insurance Co.;First Protective Insurance Co.;Kin Interinsurance Network,65949121.48752197,4,13.812836302273293,150210485.9970901,0.0,0,1.0,0.0,273803568.8663575,0.0,417907881.9225874,0.0,539937478.65,359958319.1,0.0,2203958821.000855,2203958821.000855,1395853723.0,1395853723.0,0.0,False,824261387.3945631,824261387.3945631,0.0,1.0,824261387.3945631,0.0,1393272868.3054142,0.0,10,9464500000.0,9464500000.0,75
irma,baseline,,2017242N16333,"{""2017242N16333"": 0.7253508590746298}",32020681848.663746,23226229087.08365,8794452761.580097,3637538932.9645104,9720190334.820631,0.0,9167889501.729412,700610317.5690917,3637538932.9645104,9720190334.820631,1479560750.2363405,7314892011.343756,28.631150158071968,2.1879931254441067,11.359967130482291,30.355975493464587,4.620640988312009,22.84427310422502,9167889501.729412,700610317.5690917,1479560750.2363405,10,6,4,Universal P&C Insurance Co.;First Protective Insurance Co.;Kin Interinsurance Network;TypTap Insurance Co.;Homeowners Choice P&C Ins Co.;GeoVera Specialty Insurance Co;FL Farm Bureau General Ins Co.;AIG Property Casualty Co.;ASI Preferred Insurance Corp.;Castle Key Indemnity Co.,Universal P&C Insurance Co.;First Protective Insurance Co.;Kin Interinsurance Network;TypTap Insurance Co.;Homeowners Choice P&C Ins Co.;GeoVera Specialty Insurance Co,92623436.67020313,4,18.33203363146337,177584582.2295485,0.0,0,1.0,0.0,432758945.87462306,0.0,539937478.65,55739587.9535023,539937478.65,359958319.1,0.0,1479560750.2363405,1479560750.2363405,1395853723.0,1395853723.0,0.0,False,2590871049.360387,2590871049.360387,0.0,1.0,2590871049.360387,0.0,1435799575.4405136,0.0,10,9464500000.0,9464500000.0,76
irma,baseline,,2017242N16333,"{""2017242N16333"": 0.5849447982738176}",32020681848.663742,18730331284.5567,13290350564.107042,3140364484.814641,7990323917.930441,0.0,7047498486.204995,552144395.606622,3140364484.814641,7990323917.930441,2214861707.973916,11075488856.133125,22.009208047201827,1.7243367840078132,9.807300480535181,24.953634515636917,6.916972344442268,34.58854782817598,7047498486.204995,552144395.606622,2214861707.973916,8,4,4,Universal P&C Insurance Co.;First Protective Insurance Co.;Kin Interinsurance Network;Homeowners Choice P&C Ins Co.;FL Farm Bureau General Ins Co.;AIG Property Casualty Co.;ASI Preferred Insurance Corp.;Castle Key Indemnity Co.,Universal P&C Insurance Co.;First Protective Insurance Co.;Kin Interinsurance Network;Homeowners Choice P&C Ins Co.,71899011.62907456,4,16.162888892523068,153513270.34429872,0.0,0,1.0,0.0,281967595.3160508,0.0,460165909.1647253,0.0,539937478.65,359958319.1,0.0,2214861707.973916,2214861707.973916,1395853723.0,1395853723.0,0.0,False,1056402016.5533912,1056402016.5533912,0.0,1.0,1056402016.5533912,0.0,1385692865.5020685,0.0,10,9464500000.0,9464500000.0,77
irma,baseline,,2017242N16333,"{""2017242N16333"": 0.8582624952524135}",32020681848.663742,27482150303.117798,4538531545.545942,4384315751.265696,12038153532.810427,0.0,10231639415.54518,828041603.4964972,4384315751.265696,12038153532.810427,783507796.2642348,3755023749.281708,31.95322155818539,2.5859586857331465,13.692137387913425,37.59493189340936,2.4468804254926613,11.726870049266015,10231639415.54518,828041603.4964972,783507796.2642348,11,7,4,Universal P&C Insurance Co.;First Protective Insurance Co.;Tower Hill Insurance Exchange;Kin Interinsurance Network;TypTap Insurance Co.;Homeowners Choice P&C Ins Co.;GeoVera Specialty Insurance Co;FL Farm Bureau General Ins Co.;AIG Property Casualty Co.;ASI Preferred Insurance Corp.;Castle Key Indemnity Co.,Universal P&C Insurance Co.;First Protective Insurance Co.;Tower Hill Insurance Exchange;Kin Interinsurance Network;TypTap Insurance Co.;Homeowners Choice P&C Ins Co.;GeoVera Specialty Insurance Co,121803673.52514854,4,23.145936299594748,180649179.97476506,0.0,0,1.0,39435463.14427537,444236460.0,0.0,539937478.65,170255983.0539167,539937478.65,359958319.1,0.0,783507796.2642348,783507796.2642348,1395853723.0,783507796.2642348,0.0,False,3400965878.6727324,3400965878.6727324,0.0,1.0,3400965878.6727324,0.0,1435679750.6250951,0.0,10,9464500000.0,9464500000.0,78
irma,baseline,,2017242N16333,"{""2017242N16333"": 0.3464236422676447}",32020681848.663742,11092721233.90755,20927960614.75619,1235922437.294192,3327293853.1082478,0.0,6045064779.816767,484440163.6883434,1235922437.294192,3327293853.1082478,3463987518.1540265,17463973096.602165,18.878626034220545,1.512897713977192,3.8597630217101964,10.391077456856527,10.81796925663712,54.539666516598416,6045064779.816767,484440163.6883434,3463987518.1540265,6,3,3,Universal P&C Insurance Co.;First Protective Insurance Co.;Kin Interinsurance Network;FL Farm Bureau General Ins Co.;ASI Preferred Insurance Corp.;Castle Key Indemnity Co.,Universal P&C Insurance Co.;First Protective Insurance Co.;Kin Interinsurance Network,61408500.44409391,3,13.812836302273293,90357159.46346754,0.0,0,1.0,0.0,150038426.4579831,0.0,396082780.1672314,0.0,539937478.65,359958319.1,22987518.15402651,3463987518.1540265,3441000000.0,1395853723.0,1395853723.0,0.0,False,553323243.9403514,553323243.9403514,0.0,1.0,553323243.9403514,0.0,1350233069.2718372,0.0,10,9464500000.0,9464500000.0,79
irma,baseline,,2017242N16333,"{""2017242N16333"": 0.41247119021706263}",32020681848.663742,13207608753.680223,18813073094.983517,2656893489.6455765,4747275163.6640005,0.0,5416757834.448993,386682265.9216546,2656893489.6455765,4747275163.6640005,3118099135.655195,15694973959.328321,16.916435009253373,1.2076015987079651,8.297429462003949,14.825652951740967,9.737766204954555,49.015114773339185,5416757834.448993,386682265.9216546,3118099135.655195,5,2,3,First Protective Insurance Co.;Kin Interinsurance Network;FL Farm Bureau General Ins Co.;ASI Preferred Insurance Corp.;Castle Key Indemnity Co.,First Protective Insurance Co.;Kin Interinsurance Network,58421861.040282026,3,5.910840904483838,32118078.060299903,0.0,0,1.0,7.450580596923828e-09,42239153.47362728,0.0,310388083.0968056,0.0,539937478.65,359958319.1,0.0,3118099135.655195,3118099135.655195,1395853723.0,1395853723.0,0.0,False,278986541.1495391,278986541.1495391,0.0,1.0,278986541.1495391,0.0,1299541196.7400556,0.0,10,9464500000.0,9464500000.0,80
irma,baseline,,2017242N16333,"{""2017242N16333"": 0.5033668689567498}",32020681848.663742,16118150364.022093,15902531484.641647,2795392850.815624,6418055478.484125,0.0,6408206107.866867,496495926.85547876,2795392850.815624,6418055478.484125,2642082080.192642,13260449404.449005,20.012709717280078,1.5505476404344527,8.729960417542697,20.04346912041774,8.251173702920068,41.412139401404964,6408206107.866867,496495926.85547876,2642082080.192642,7,3,4,Universal P&C Insurance Co.;First Protective Insurance Co.;Kin Interinsurance Network;FL Farm Bureau General Ins Co.;AIG Property Casualty Co.;ASI Preferred Insurance Corp.;Castle Key Indemnity Co.,Universal P&C Insurance Co.;First Protective Insurance Co.;Kin Interinsurance Network,64240783.55796096,4,13.812836302273293,96206169.17843002,0.0,0,1.0,0.0,199142904.57515433,0.0,409141052.366199,0.0,539937478.65,359958319.1,0.0,2642082080.192642,2642082080.192642,1395853723.0,1395853723.0,0.0,False,709506134.8199812,709506134.8199812,0.0,1.0,709506134.8199812,0.0,1353994947.2695522,0.0,10,9464500000.0,9464500000.0,81
irma,baseline,,2017242N16333,"{""2017242N16333"": 0.63076275119059}",32020681848.663742,20197453377.861725,11823228470.802017,4245780667.428097,9858826379.855091,0.0,5658633299.402945,434213031.1755952,4245780667.428097,9858826379.855091,1974914910.3134332,9848313560.488585,17.67180763403727,1.3560393036843323,13.25949487114147,30.788933310195926,6.167622912114373,30.756101968826645,5658633299.402945,434213031.1755952,1974914910.3134332,6,3,3,Universal P&C Insurance Co.;First Protective Insurance Co.;Kin Interinsurance Network;FL Farm Bureau General Ins Co.;ASI Preferred Insurance Corp.;Castle Key Indemnity Co.,Universal P&C Insurance Co.;First Protective Insurance Co.;Kin Interinsurance Network,58520079.62729861,3,13.812836302273293,57159200.68014011,0.0,0,1.0,0.0,85533833.530498,0.0,352046798.5557335,0.0,539937478.65,359958319.1,0.0,1974914910.3134332,1974914910.3134332,1395853723.0,1395853723.0,0.0,False,332667375.1789017,332667375.1789017,0.0,1.0,332667375.1789017,0.0,1330922576.528226,0.0,10,9464500000.0,9464500000.0,82
irma,baseline,,2017242N16333,"{""2017242N16333"": 0.3771015871263422}",32020681848.663742,12075049945.99875,19945631902.664993,1979070506.1339839,4061383446.6476307,0.0,5594242152.616076,440353840.6010605,1979070506.1339839,4061383446.6476307,3303328340.712805,16642303561.952188,17.470715267887183,1.3752169384845156,6.1806007613687735,12.683625744893739,10.316233602785246,51.97360768458055,5594242152.616076,440353840.6010605,3303328340.712805,6,3,3,Universal P&C Insurance Co.;First Protective Insurance Co.;Kin Interinsurance Network;FL Farm Bureau General Ins Co.;ASI Preferred Insurance Corp.;Castle Key Indemnity Co.,Universal P&C Insurance Co.;First Protective Insurance Co.;Kin Interinsurance Network,57203179.52631107,3,13.812836302273293,71921949.41879314,0.0,0,1.0,0.0,125323464.2886213,0.0,355739163.6957515,0.0,539937478.65,359958319.1,0.0,3303328340.712805,3303328340.712805,1395853723.0,1395853723.0,0.0,False,361990438.1276778,361990438.1276778,0.0,1.0,361990438.1276778,0.0,1335866901.9999335,0.0,10,9464500000.0,9464500000.0,83
irma,baseline,,2017242N16333,"{""2017242N16333"": 0.7358760198789405}",32020681848.663742,23563251912.604504,8457429936.05924,4307387910.799567,11914135942.320164,0.0,6791331888.3049345,550396171.1798363,4307387910.799567,11914135942.320164,1424440901.5944023,7032989034.464838,21.209204477287994,1.7188771113030028,13.451893158169332,37.20762724113369,4.448502715609242,21.96389529649673,6791331888.3049345,550396171.1798363,1424440901.5944023,7,3,4,Universal P&C Insurance Co.;First Protective Insurance Co.;Kin Interinsurance Network;FL Farm Bureau General Ins Co.;AIG Property Casualty Co.;ASI Preferred Insurance Corp.;Castle Key Indemnity Co.,Universal P&C Insurance Co.;First Protective Insurance Co.;Kin Interinsurance Network,69953756.11503927,4,13.812836302273293,151759798.43957126,0.0,0,1.0,5.960464477539063e-08,280888850.8209521,0.0,457699456.4589676,0.0,539937478.65,359958319.1,0.0,1424440901.5944023,1424440901.5944023,1395853723.0,1395853723.0,0.0,False,869742203.3241117,869742203.3241117,0.0,1.0,869742203.3241117,0.0,1391770693.7909033,0.0,10,9464500000.0,9464500000.0,84
irma,baseline,,2017242N16333,"{""2017242N16333"": 0.45210502088366794}",32020681848.663742,14476711035.899406,17543970812.764336,3028875860.207439,6023158811.831829,0.0,4991414947.462696,433261416.39744306,3028875860.207439,6023158811.831829,2910538340.3323545,14633432472.431984,15.588097002597067,1.3530674282487947,9.459123558088246,18.81021409943268,9.089557661789186,45.69994024984403,4991414947.462696,433261416.39744306,2910538340.3323545,5,2,3,First Protective Insurance Co.;Kin Interinsurance Network;FL Farm Bureau General Ins Co.;ASI Preferred Insurance Corp.;Castle Key Indemnity Co.,First Protective Insurance Co.;Kin Interinsurance Network,55478649.21790576,3,5.910840904483838,17485532.95536518,0.0,0,1.0,0.0,25991052.455714434,0.0,342614820.968765,0.0,539937478.65,359958319.1,0.0,2910538340.3323545,2910538340.3323545,1395853723.0,1395853723.0,0.0,False,214828805.43981892,214828805.43981892,0.0,1.0,214828805.43981892,0.0,1232357595.345261,0.0,10,9464500000.0,9464500000.0,85
irma,baseline,,2017242N16333,"{""2017242N16333"": 0.584830433173455}",32020681848.663742,18726669236.063396,13294012612.600344,4690468543.246187,9217131323.810417,0.0,4443414910.603721,375654458.4030744,4690468543.246187,9217131323.810417,2215460633.4572515,11078551979.143093,13.87670297467182,1.1731619588192836,14.64824692183101,28.784931462023373,6.918842777702141,34.598113904952385,4443414910.603721,375654458.4030744,2215460633.4572515,3,0,3,FL Farm Bureau General Ins Co.;ASI Preferred Insurance Corp.;Castle Key Indemnity Co.,,38971262.87144679,3,0.0,0.0,0.0,0,1.0,0.0,0.0,0.0,288388852.7415158,0.0,539937478.65,359958319.1,0.0,2215460633.4572515,2215460633.4572515,1395853723.0,1395853723.0,0.0,False,126918818.33773313,126918818.33773313,0.0,1.0,126918818.33773313,0.0,1190585203.1341605,0.0,10,9464500000.0,9464500000.0,86
irma,baseline,,2017242N16333,"{""2017242N16333"": 0.6488521161985483}",32020681848.663742,20776687179.625908,11243994669.037834,3152022305.5746455,11792865236.889252,0.0,5364460789.723213,467338847.4387974,3152022305.5746455,11792865236.889252,1880181625.016825,9363813044.021011,16.75311230122065,1.459490618118427,9.843707640180007,36.82890106033573,5.871772605914346,29.243015774230845,5364460789.723213,467338847.4387974,1880181625.016825,6,3,3,Universal P&C Insurance Co.;First Protective Insurance Co.;Kin Interinsurance Network;FL Farm Bureau General Ins Co.;ASI Preferred Insurance Corp.;Castle Key Indemnity Co.,Universal P&C Insurance Co.;First Protective Insurance Co.;Kin Interinsurance Network,57815617.96743052,3,13.812836302273293,48326962.228228986,0.0,0,1.0,1.4901161193847656e-08,72749381.4748071,0.0,375999777.09508896,0.0,539937478.65,359958319.1,0.0,1880181625.016825,1880181625.016825,1395853723.0,1395853723.0,0.0,False,254784874.57003376,254784874.57003376,0.0,1.0,254784874.57003376,0.0,1287326468.9499907,0.0,10,9464500000.0,9464500000.0,87
irma,baseline,,2017242N16333,"{""2017242N16333"": 0.43742329700083743}",32020681848.663742,14006592226.45736,18014089622.206383,2502696293.717915,5031572147.709031,0.0,5978551143.497045,493772641.53336954,2502696293.717915,5031572147.709031,2987425944.5476675,15026663677.658716,18.670905172328602,1.5420428705017575,7.815874457471478,15.713507199781892,9.329676234462621,46.92799406545365,5978551143.497045,493772641.53336954,2987425944.5476675,6,3,3,Universal P&C Insurance Co.;First Protective Insurance Co.;Kin Interinsurance Network;FL Farm Bureau General Ins Co.;ASI Preferred Insurance Corp.;Castle Key Indemnity Co.,Universal P&C Insurance Co.;First Protective Insurance Co.;Kin Interinsurance Network,61218137.11918971,3,13.812836302273293,80707611.13064063,0.0,0,1.0,2.9802322387695312e-08,149941152.0884666,0.0,403237914.39156103,0.0,539937478.65,359958319.1,0.0,2987425944.5476675,2987425944.5476675,1395853723.0,1395853723.0,0.0,False,527509057.4359144,527509057.4359144,0.0,1.0,527509057.4359144,0.0,1350107014.6224675,0.0,10,9464500000.0,9464500000.0,88
irma,baseline,,2017242N16333,"{""2017242N16333"": 0.5518829762996779}",32020681848.66374,17671669201.78561,14349012646.878128,2820887854.8339796,8237648977.651367,0.0,6166130659.580318,447001709.7199477,2820887854.8339796,8237648977.651367,2388005155.083526,11961007491.794605,19.256712548229633,1.3959781113736702,8.80958084579857,25.72602612456591,7.457696142667182,37.354006227365055,6166130659.580318,447001709.7199477,2388005155.083526,6,3,3,Universal P&C Insurance Co.;First Protective Insurance Co.;Kin Interinsurance Network;FL Farm Bureau General Ins Co.;ASI Preferred Insurance Corp.;Castle Key Indemnity Co.,Universal P&C Insurance Co.;First Protective Insurance Co.;Kin Interinsurance Network,61537368.353193074,3,13.812836302273293,78147581.88299236,0.0,0,1.0,0.0,150313126.52679843,0.0,366233589.15823114,0.0,539937478.65,359958319.1,0.0,2388005155.083526,2388005155.083526,1395853723.0,1395853723.0,0.0,False,580654948.6768761,580654948.6768761,0.0,1.0,580654948.6768761,0.0,1360350393.292127,0.0,10,9464500000.0,9464500000.0,89
irma,baseline,,2017242N16333,"{""2017242N16333"": 0.6529349851382485}",32020681848.663742,20907423426.97384,11113258421.689903,3033428149.76219,8833070526.527565,0.0,8372324447.565003,668600303.1190803,3033428149.76219,8833070526.527565,1858799802.7183018,9254458618.971601,26.146615138098284,2.0880264395337407,9.473340274572504,27.585516661620304,5.804997568457061,28.901503917718102,8372324447.565003,668600303.1190803,1858799802.7183018,9,5,4,Universal P&C Insurance Co.;First Protective Insurance Co.;Kin Interinsurance Network;TypTap Insurance Co.;Homeowners Choice P&C Ins Co.;FL Farm Bureau General Ins Co.;AIG Property Casualty Co.;ASI Preferred Insurance Corp.;Castle Key Indemnity Co.,Universal P&C Insurance Co.;First Protective Insurance Co.;Kin Interinsurance Network;TypTap Insurance Co.;Homeowners Choice P&C Ins Co.,80912531.78549132,4,17.978552392727327,175566068.06858605,0.0,0,1.0,0.0,388352757.1722099,0.0,539937478.65,25670501.128216743,539937478.65,359958319.1,0.0,1858799802.7183018,1858799802.7183018,1395853723.0,1395853723.0,0.0,False,1964918435.2634232,1964918435.2634232,0.0,1.0,1964918435.2634232,0.0,1434944202.2622113,0.0,10,9464500000.0,9464500000.0,90
irma,baseline,,2017242N16333,"{""2017242N16333"": 0.5241980559003485}",32020681848.663742,16785179173.673107,15235502674.990635,3350586524.6272182,6995524205.13921,0.0,5972444223.461299,466624220.4453797,3350586524.6272182,6995524205.13921,2532989982.436489,12702512692.554146,18.6518333734687,1.4572588511723163,10.463820041255747,21.84689332413807,7.910481089715438,39.66971332024972,5972444223.461299,466624220.4453797,2532989982.436489,6,3,3,Universal P&C Insurance Co.;First Protective Insurance Co.;Kin Interinsurance Network;FL Farm Bureau General Ins Co.;ASI Preferred Insurance Corp.;Castle Key Indemnity Co.,Universal P&C Insurance Co.;First Protective Insurance Co.;Kin Interinsurance Network,61340400.52244015,3,13.812836302273293,103880993.96667665,0.0,0,1.0,0.0,210107126.9040813,0.0,381548856.8958009,0.0,539937478.65,359958319.1,0.0,2532989982.436489,2532989982.436489,1395853723.0,1395853723.0,0.0,False,460599718.4799736,460599718.4799736,0.0,1.0,460599718.4799736,0.0,1368850641.854536,0.0,10,9464500000.0,9464500000.0,91
irma,baseline,,2017242N16333,"{""2017242N16333"": 0.5690000942891194}",32020681848.663742,18219770991.091557,13800910857.572186,4205054406.738195,6288954872.995644,0.0,7157041320.124303,568720391.2334131,4205054406.738195,6288954872.995644,2298363488.76544,11502547368.806746,22.351308301147167,1.7761033132314339,13.132307508666235,19.64029030586708,7.177746868814267,35.92224370227382,7157041320.124303,568720391.2334131,2298363488.76544,8,4,4,Universal P&C Insurance Co.;First Protective Insurance Co.;Kin Interinsurance Network;Homeowners Choice P&C Ins Co.;FL Farm Bureau General Ins Co.;AIG Property Casualty Co.;ASI Preferred Insurance Corp.;Castle Key Indemnity Co.,Universal P&C Insurance Co.;First Protective Insurance Co.;Kin Interinsurance Network;Homeowners Choice P&C Ins Co.,68429378.33724424,4,16.162888892523068,153708940.68455935,0.0,0,1.0,0.0,306482090.0731458,0.0,474640984.80363524,0.0,539937478.65,359958319.1,0.0,2298363488.76544,2298363488.76544,1395853723.0,1395853723.0,0.0,False,1136591456.4717436,1136591456.4717436,0.0,1.0,1136591456.4717436,0.0,1399749623.9745145,0.0,10,9464500000.0,9464500000.0,92
irma,baseline,,2017242N16333,"{""2017242N16333"": 0.38060370616472455}",32020681848.663742,12187190185.522942,19833491663.1408,2682171999.0015736,5186459533.967937,0.0,4007911586.568989,310647065.98444045,2682171999.0015736,5186459533.967937,3284987882.556324,16548503780.58448,12.516634110139174,0.9701450689045963,8.376373781414351,16.197217656014324,10.258956689560344,51.680672693967225,4007911586.568989,310647065.98444045,3284987882.556324,1,0,1,Castle Key Indemnity Co.,,33567982.55248863,1,0.0,0.0,0.0,0,1.0,0.0,0.0,0.0,230835480.6333439,0.0,539937478.65,359958319.1,0.0,3284987882.556324,3284987882.556324,1395853723.0,1395853723.0,0.0,False,76000376.91596766,76000376.91596766,0.0,1.0,76000376.91596766,0.0,1140148037.906938,0.0,9,9464500000.0,9464500000.0,93
irma,baseline,,2017242N16333,"{""2017242N16333"": 0.38997733029951154}",32020681848.66374,12487340021.71191,19533341826.951828,3328502130.2383566,5052281301.465838,0.0,3790402854.6428366,316153735.3648796,3328502130.2383566,5052281301.465838,3235898585.666506,16297443241.285328,11.837358344076032,0.987342296016951,10.394850884092772,15.778181505765392,10.105651718973448,50.89661525107543,3790402854.6428366,316153735.3648796,3235898585.666506,1,0,1,Castle Key Indemnity Co.,,32696171.05594836,1,0.0,0.0,0.0,0,1.0,0.0,0.0,0.0,231212348.35469645,0.0,539937478.65,359958319.1,0.0,3235898585.666506,3235898585.666506,1395853723.0,1395853723.0,0.0,False,49552299.432550594,49552299.432550594,0.0,1.0,49552299.432550594,0.0,1124695698.2895386,0.0,8,9464500000.0,9464500000.0,94
irma,baseline,,2017242N16333,"{""2017242N16333"": 0.3541331754170621}",32020681848.663742,11339585742.08677,20681096106.576973,1900770194.3368447,4642393390.393007,0.0,4443186629.444202,353235527.9127155,1900770194.3368447,4642393390.393007,3423612999.588775,17257483106.988197,13.875990056812675,1.1031480515692278,5.936070328921387,14.498109104402907,10.691880378342557,53.89480207995124,4443186629.444202,353235527.9127155,3423612999.588775,3,0,3,FL Farm Bureau General Ins Co.;ASI Preferred Insurance Corp.;Castle Key Indemnity Co.,,40308475.00739756,3,0.0,0.0,0.0,0,1.0,0.0,0.0,0.0,270792934.42815846,0.0,539937478.65,359958319.1,0.0,3423612999.588775,3423612999.588775,1395853723.0,1395853723.0,0.0,False,126181822.220172,126181822.220172,0.0,1.0,126181822.220172,0.0,1182639604.8690572,0.0,10,9464500000.0,9464500000.0,95
irma,baseline,,2017242N16333,"{""2017242N16333"": 0.41740856316218117}",32020681848.663742,13365706801.924063,18654975046.739677,2828186879.8722296,4040913586.545103,0.0,6048973369.788589,447632965.7181431,2828186879.8722296,4040913586.545103,3092242309.856176,15562732736.883501,18.89083248875607,1.397949512236334,8.83237556663789,12.619698748587812,9.657015813937823,48.60212786984407,6048973369.788589,447632965.7181431,3092242309.856176,6,3,3,Universal P&C Insurance Co.;First Protective Insurance Co.;Kin Interinsurance Network;FL Farm Bureau General Ins Co.;ASI Preferred Insurance Corp.;Castle Key Indemnity Co.,Universal P&C Insurance Co.;First Protective Insurance Co.;Kin Interinsurance Network,61359718.81959538,3,13.812836302273293,84076884.69382918,0.0,0,1.0,0.0,155450426.59414318,0.0,366298670.5108022,0.0,539937478.65,359958319.1,0.0,3092242309.856176,3092242309.856176,1395853723.0,1395853723.0,0.0,False,497661715.78697133,497661715.78697133,0.0,1.0,497661715.78697133,0.0,1375822909.3011973,0.0,10,9464500000.0,9464500000.0,96
irma,baseline,,2017242N16333,"{""2017242N16333"": 0.5819898014905202}",32020681848.663742,18635710272.69491,13384971575.968834,2460689517.608358,7500139683.869717,0.0,8136876653.779469,538004417.4373657,2460689517.608358,7500139683.869717,2230336908.634609,11154634667.334225,25.411316012057465,1.6801778924636395,7.684688068911454,23.42279817561944,6.965301111249396,34.835718739698606,8136876653.779469,538004417.4373657,2230336908.634609,9,5,4,Universal P&C Insurance Co.;First Protective Insurance Co.;Kin Interinsurance Network;Homeowners Choice P&C Ins Co.;GeoVera Specialty Insurance Co;FL Farm Bureau General Ins Co.;AIG Property Casualty Co.;ASI Preferred Insurance Corp.;Castle Key Indemnity Co.,Universal P&C Insurance Co.;First Protective Insurance Co.;Kin Interinsurance Network;Homeowners Choice P&C Ins Co.;GeoVera Specialty Insurance Co,85002628.72345631,4,16.516370131259112,173667595.42608404,0.0,0,1.0,0.0,387070029.89403,0.0,452863307.3132344,0.0,539937478.65,359958319.1,0.0,2230336908.634609,2230336908.634609,1395853723.0,1395853723.0,0.0,False,1787199971.548857,1787199971.548857,0.0,1.0,1787199971.548857,0.0,1426430528.1852763,0.0,10,9464500000.0,9464500000.0,97
irma,baseline,,2017242N16333,"{""2017242N16333"": 0.2938135833248011}",32020681848.663746,9408111274.459309,22612570574.204437,1619569123.2937005,3597047147.5385942,0.0,3888227042.701968,303267960.92504495,1619569123.2937005,3597047147.5385942,3739504305.012557,18873066269.19188,12.142861482708332,0.9471002596332927,5.057884560198041,11.233512029940432,11.678403110484076,58.94023855703582,3888227042.701968,303267960.92504495,3739504305.012557,1,0,1,Castle Key Indemnity Co.,,33117793.321387902,1,0.0,0.0,0.0,0,1.0,0.0,0.0,0.0,223367647.3043839,0.0,539937478.65,359958319.1,298504305.012557,3739504305.012557,3441000000.0,1395853723.0,1395853723.0,0.0,False,54313778.310517676,54313778.310517676,0.0,1.0,54313778.310517676,0.0,1123987033.4988568,0.0,8,9464500000.0,9464500000.0,98
irma,baseline,,2017242N16333,"{""2017242N16333"": 0.4911206232430451}",32020681848.663742,15726017226.182995,16294664622.480745,3157878976.1202765,5938479296.394983,0.0,6165598110.051083,464060843.6166543,3157878976.1202765,5938479296.394983,2706215182.0731316,13588449440.407614,19.255049405852613,1.4492534725209796,9.86199791448869,18.545761531442224,8.451460199577433,42.436477476118064,6165598110.051083,464060843.6166543,2706215182.0731316,7,4,3,Universal P&C Insurance Co.;First Protective Insurance Co.;Kin Interinsurance Network;Homeowners Choice P&C Ins Co.;FL Farm Bureau General Ins Co.;ASI Preferred Insurance Corp.;Castle Key Indemnity Co.,Universal P&C Insurance Co.;First Protective Insurance Co.;Kin Interinsurance Network;Homeowners Choice P&C Ins Co.,61577593.25974958,3,16.162888892523068,98064018.11077338,0.0,0,1.0,0.0,190533074.47928447,0.0,380139010.097118,0.0,539937478.65,359958319.1,0.0,2706215182.0731316,2706215182.0731316,1395853723.0,1395853723.0,0.0,False,602308283.0654162,602308283.0654162,0.0,1.0,602308283.0654162,0.0,1334369383.1801782,0.0,10,9464500000.0,9464500000.0,99
irma,baseline,,2017242N16333,"{""2017242N16333"": 0.6591528925991266}",32020681848.66374,21106525063.543045,10914156785.120693,4118401999.0619516,9664092853.003363,0.0,6751330284.871739,572699926.6059941,4118401999.0619516,9664092853.003363,1826236868.5754993,9087919916.545197,21.084280206086493,1.7885313289476175,12.861693634527702,30.180784090350834,5.703304124523852,28.381406615563513,6751330284.871739,572699926.6059941,1826236868.5754993,8,4,4,Universal P&C Insurance Co.;First Protective Insurance Co.;Kin Interinsurance Network;Homeowners Choice P&C Ins Co.;FL Farm Bureau General Ins Co.;AIG Property Casualty Co.;ASI Preferred Insurance Corp.;Castle Key Indemnity Co.,Universal P&C Insurance Co.;First Protective Insurance Co.;Kin Interinsurance Network;Homeowners Choice P&C Ins Co.,66995691.57256161,4,16.162888892523068,91168382.1798121,0.0,0,1.0,2.9802322387695312e-08,203566824.52759194,0.0,475529593.3967324,0.0,539937478.65,359958319.1,0.0,1826236868.5754993,1826236868.5754993,1395853723.0,1395853723.0,0.0,False,899817189.0093242,899817189.0093242,0.0,1.0,899817189.0093242,0.0,1379390018.0109415,0.0,10,9464500000.0,9464500000.0,100
