scenario,policy_scenario,policy_severity,events,wind_shares,total_damage_usd,wind_total_usd,water_total_usd,underinsured_wind_usd,uninsured_wind_usd,nfip_policyholder_shortfall_usd,wind_insured_private_usd,wind_insured_citizens_usd,wind_underinsured_usd,wind_uninsured_usd,flood_insured_capped_usd,flood_un_derinsured_usd,wind_insured_private_pct,wind_insured_citizens_pct,wind_underinsured_pct,wind_uninsured_pct,flood_insured_capped_pct,flood_un_derinsured_pct,insured_private_wind_pre_usd,insured_citizens_wind_pre_usd,insured_flood_pre_usd,defaults_pre,defaults_post,rescued_defaults,default_companies_pre,default_companies_post,group_contrib_total_usd,group_supported_companies,defaulted_premium_base_pct,largest_entity_deficit_usd,diag_group_shortfall_total_usd,diag_groups_with_shortfall,diag_groups_fully_funded_share,figa_residual_deficit_usd,figa_collected_usd,citizens_residual_deficit_usd,citizens_tier1_usd,citizens_tier2_usd,citizens_tier1_capacity_usd,citizens_tier2_capacity_usd,nfip_borrowed_usd,nfip_claims_paid_usd,nfip_pool_used_usd,nfip_fl_premium_base_usd,nfip_fl_premium_depletion_usd,underinsured_flood_usd,fhcf_cap_binding,fhcf_total_precap_usd,fhcf_total_postcap_usd,fhcf_shortfall_usd,fhcf_scaling_factor,fhcf_recovery_private_usd,fhcf_recovery_citizens_usd,catbond_payout_usd,catbond_unfilled_usd,catbond_triggers,catbond_limit_in_force_usd,catbond_issue_volume_year_usd,iter
lake_okeechobee,baseline,,1928250N14343,"{""1928250N14343"": 0.26095116444867733}",156882125783.81442,40938573404.47023,115943552379.3442,6868833996.303007,16306057250.469997,0.0,15259919632.78467,2503762524.9125576,6868833996.303007,16306057250.469997,17988602597.980812,97954949781.36337,9.726996977216535,1.5959514268456396,4.378340720451703,10.393827320353852,11.46631747122635,62.438566083905926,15259919632.78467,2503762524.9125576,17988602597.980812,12,8,4,Universal P&C Insurance Co.;First Protective Insurance Co.;Cypress P&C Insurance Co.;Tower Hill Insurance Exchange;Kin Interinsurance Network;TypTap Insurance Co.;Homeowners Choice P&C Ins Co.;GeoVera Specialty Insurance Co;FL Farm Bureau General Ins Co.;AIG Property Casualty Co.;ASI Preferred Insurance Corp.;Castle Key Indemnity Co.,Universal P&C Insurance Co.;First Protective Insurance Co.;Cypress P&C Insurance Co.;Tower Hill Insurance Exchange;Kin Interinsurance Network;TypTap Insurance Co.;Homeowners Choice P&C Ins Co.;GeoVera Specialty Insurance Co,247065533.68980813,4,24.017115967979795,202497573.40425122,0.0,0,1.0,226362391.2883551,434615760.0,1316711924.9181194,539937478.65,359958319.1,539937478.65,359958319.1,14547602597.980812,17988602597.980812,3441000000.0,1395853723.0,1395853723.0,0.0,False,7114624915.742398,7114624915.742398,0.0,1.0,7080225417.347795,34399498.3946034,1452074407.0023332,0.0,11,9464500000.0,9464500000.0,1
lake_okeechobee,baseline,,1928250N14343,"{""1928250N14343"": 0.13322657908223748}",156882125783.81442,20900868937.326874,135981256846.48755,5160410656.971483,8483923056.608635,0.0,6257293539.807962,999241683.938795,5160410656.971483,8483923056.608635,21086487003.491734,114894769842.99582,3.9885318410528123,0.6369378786438442,3.289355387804086,5.4078328007230025,13.440974807129516,73.23636728464675,6257293539.807962,999241683.938795,21086487003.491734,7,4,3,Universal P&C Insurance Co.;First Protective Insurance Co.;Kin Interinsurance Network;Homeowners Choice P&C Ins Co.;FL Farm Bureau General Ins Co.;ASI Preferred Insurance Corp.;Castle Key Indemnity Co.,Universal P&C Insurance Co.;First Protective Insurance Co.;Kin Interinsurance Network;Homeowners Choice P&C Ins Co.,64819610.51028632,3,16.162888892523068,108305608.16348767,0.0,0,1.0,0.0,206265341.10817257,0.0,539937478.65,295096482.4123899,539937478.65,359958319.1,17645487003.491734,21086487003.491734,3441000000.0,1395853723.0,1395853723.0,0.0,False,623635038.4547482,623635038.4547482,0.0,1.0,623635038.4547482,0.0,1350675668.9709618,0.0,10,9464500000.0,9464500000.0,2
lake_okeechobee,baseline,,1928250N14343,"{""1928250N14343"": 0.12811408457395326}",156882125783.81442,20098809930.80917,136783315853.00525,4805082753.074918,7735554782.408622,0.0,6466118399.441499,1092053995.884132,4805082753.074918,7735554782.408622,21210487539.215023,115572828313.79022,4.121641243153406,0.6960984181136073,3.0628618327727044,4.9308069633556055,13.520015383042008,73.66857615956266,6466118399.441499,1092053995.884132,21210487539.215023,7,3,4,Universal P&C Insurance Co.;First Protective Insurance Co.;Kin Interinsurance Network;FL Farm Bureau General Ins Co.;AIG Property Casualty Co.;ASI Preferred Insurance Corp.;Castle Key Indemnity Co.,Universal P&C Insurance Co.;First Protective Insurance Co.;Kin Interinsurance Network,66492818.66430548,4,13.812836302273293,110853069.60529703,0.0,0,1.0,0.0,232522517.92345884,17901973.222554922,539937478.65,359958319.1,539937478.65,359958319.1,17769487539.215023,21210487539.215023,3441000000.0,1395853723.0,1395853723.0,0.0,False,727203480.9140036,727203480.9140036,0.0,1.0,727203480.9140036,0.0,1370924516.0493062,0.0,10,9464500000.0,9464500000.0,3
lake_okeechobee,baseline,,1928250N14343,"{""1928250N14343"": 0.31362398747126313}",156882125783.8144,49201997851.28813,107680127932.52628,8209647546.161752,23105354462.55037,0.0,15530732217.656065,2356263624.9199495,8209647546.161752,23105354462.55037,16711054375.2345,90969073557.29178,9.899618672338502,1.5019324943154526,5.233003763267941,14.72784381720442,10.65198109200952,57.98562016086418,15530732217.656065,2356263624.9199495,16711054375.2345,14,10,4,Universal P&C Insurance Co.;First Protective Insurance Co.;Cypress P&C Insurance Co.;Tower Hill Insurance Exchange;Kin Interinsurance Network;TypTap Insurance Co.;Homeowners Choice P&C Ins Co.;Edison Insurance Co.;Safe Harbor Insurance Co.;GeoVera Specialty Insurance Co;FL Farm Bureau General Ins Co.;AIG Property Casualty Co.;ASI Preferred Insurance Corp.;Castle Key Indemnity Co.,Universal P&C Insurance Co.;First Protective Insurance Co.;Cypress P&C Insurance Co.;Tower Hill Insurance Exchange;Kin Interinsurance Network;TypTap Insurance Co.;Homeowners Choice P&C Ins Co.;Edison Insurance Co.;Safe Harbor Insurance Co.;GeoVera Specialty Insurance Co,269126692.1512143,4,27.73228202456624,202437582.15981746,0.0,0,1.0,306973136.76460373,393588060.0,1216953874.4278817,539937478.65,359958319.1,539937478.65,359958319.1,13270054375.2345,16711054375.2345,3441000000.0,1395853723.0,1395853723.0,0.0,False,7159436643.343674,7159436643.343674,0.0,1.0,7159436643.343674,0.0,1452693801.3115516,0.0,11,9464500000.0,9464500000.0,4
lake_okeechobee,baseline,,1928250N14343,"{""1928250N14343"": 0.42613410770513405}",156882125783.81442,66852824685.77035,90029301098.04407,10244352341.128206,33505689498.738785,0.0,20028696201.213047,3074086644.6903,10244352341.128206,33505689498.738785,13982187838.422485,76047113259.62158,12.766716476555684,1.9594881375628672,6.529967827721212,21.357238328673628,8.91254358555169,48.47404564393491,20028696201.213047,3074086644.6903,13982187838.422485,19,12,7,Universal P&C Insurance Co.;Florida Family Insurance Co.;First Protective Insurance Co.;Cypress P&C Insurance Co.;Tower Hill Insurance Exchange;Kin Interinsurance Network;Florida Family Home Ins Co.;TypTap Insurance Co.;Homeowners Choice P&C Ins Co.;Edison Insurance Co.;Safe Harbor Insurance Co.;GeoVera Specialty Insurance Co;FL Farm Bureau General Ins Co.;Homesite Insurance Co.;State Farm FL Ins Co;AIG Property Casualty Co.;ASI Preferred Insurance Corp.;Castle Key Indemnity Co.;First Liberty Insurance Corp.,Universal P&C Insurance Co.;Florida Family Insurance Co.;First Protective Insurance Co.;Cypress P&C Insurance Co.;Tower Hill Insurance Exchange;Kin Interinsurance Network;Florida Family Home Ins Co.;TypTap Insurance Co.;Homeowners Choice P&C Ins Co.;Edison Insurance Co.;Safe Harbor Insurance Co.;GeoVera Specialty Insurance Co,940413034.1206653,7,28.525995730733356,219193315.12111425,0.0,0,1.0,777344508.8082006,384822840.0,1376974646.2983603,539937478.65,359958319.1,539937478.65,359958319.1,10541187838.422485,13982187838.422485,3441000000.0,1395853723.0,1395853723.0,0.0,False,9490880325.001291,9490880325.001291,0.0,1.0,8891859948.026722,599020376.9745691,1602654141.3827014,0.0,13,9464500000.0,9464500000.0,5
lake_okeechobee,baseline,,1928250N14343,"{""1928250N14343"": 0.29164207797586006}",156882125783.8144,45753429160.86188,111128696622.95253,10206895659.863766,19628014820.011734,0.0,13522985414.010473,2395533266.9759045,10206895659.863766,19628014820.011734,17244212611.24514,93884484011.7074,8.61983820428678,1.5269637984616427,6.506092143300633,12.511313651536945,10.991827478809082,59.84396472360493,13522985414.010473,2395533266.9759045,17244212611.24514,12,8,4,Universal P&C Insurance Co.;First Protective Insurance Co.;Cypress P&C Insurance Co.;Tower Hill Insurance Exchange;Kin Interinsurance Network;TypTap Insurance Co.;Homeowners Choice P&C Ins Co.;GeoVera Specialty Insurance Co;FL Farm Bureau General Ins Co.;AIG Property Casualty Co.;ASI Preferred Insurance Corp.;Castle Key Indemnity Co.,Universal P&C Insurance Co.;First Protective Insurance Co.;Cypress P&C Insurance Co.;Tower Hill Insurance Exchange;Kin Interinsurance Network;TypTap Insurance Co.;Homeowners Choice P&C Ins Co.;GeoVera Specialty Insurance Co,210712291.15567374,4,24.017115967979795,196062595.42435014,0.0,0,1.0,169401540.2362535,434615760.0,1235771453.3275843,539937478.65,359958319.1,539937478.65,359958319.1,13803212611.24514,17244212611.24514,3441000000.0,1395853723.0,1395853723.0,0.0,False,5870528173.349492,5870528173.349492,0.0,1.0,5870528173.349492,0.0,1446775991.0013652,0.0,11,9464500000.0,9464500000.0,6
lake_okeechobee,baseline,,1928250N14343,"{""1928250N14343"": 0.29451802125709925}",156882125783.81442,46204613256.45637,110677512527.35805,6726669294.685119,24277813543.345978,0.0,13264816154.222395,1935314264.202872,6726669294.685119,24277813543.345978,17174458305.004694,93503054222.35335,8.455275633185568,1.2336104285517906,4.287721919292804,15.475194144679755,10.947364602052447,59.60083327223763,13264816154.222395,1935314264.202872,17174458305.004694,12,8,4,Universal P&C Insurance Co.;First Protective Insurance Co.;Cypress P&C Insurance Co.;Tower Hill Insurance Exchange;Kin Interinsurance Network;TypTap Insurance Co.;Homeowners Choice P&C Ins Co.;GeoVera Specialty Insurance Co;FL Farm Bureau General Ins Co.;AIG Property Casualty Co.;ASI Preferred Insurance Corp.;Castle Key Indemnity Co.,Universal P&C Insurance Co.;First Protective Insurance Co.;Cypress P&C Insurance Co.;Tower Hill Insurance Exchange;Kin Interinsurance Network;TypTap Insurance Co.;Homeowners Choice P&C Ins Co.;GeoVera Specialty Insurance Co,176124258.5687823,4,24.017115967979795,194166037.60343546,0.0,0,1.0,171135206.98489845,434615760.0,813961612.2420043,539937478.65,359958319.1,539937478.65,359958319.1,13733458305.004694,17174458305.004694,3441000000.0,1395853723.0,1395853723.0,0.0,False,5674606561.879818,5674606561.879818,0.0,1.0,5674606561.879818,0.0,1448691742.4352536,0.0,11,9464500000.0,9464500000.0,7
lake_okeechobee,baseline,,1928250N14343,"{""1928250N14343"": 0.17195196456979114}",156882125783.8144,26976189734.411964,129905936049.40244,5158781518.434769,12407359161.171688,0.0,8255706597.121641,1154342457.6838715,5158781518.434769,12407359161.171688,20147225643.15841,109758710406.24403,5.262362780893288,0.7358024070087948,3.2883169402890653,7.908714328787965,12.842269661058486,69.9625338819624,8255706597.121641,1154342457.6838715,20147225643.15841,8,4,4,Universal P&C Insurance Co.;First Protective Insurance Co.;Kin Interinsurance Network;Homeowners Choice P&C Ins Co.;FL Farm Bureau General Ins Co.;AIG Property Casualty Co.;ASI Preferred Insurance Corp.;Castle Key Indemnity Co.,Universal P&C Insurance Co.;First Protective Insurance Co.;Kin Interinsurance Network;Homeowners Choice P&C Ins Co.,90128496.36612742,4,16.162888892523068,179371320.59165156,0.0,0,1.0,0.0,401983542.9725338,87369653.5641036,539937478.65,359958319.1,539937478.65,359958319.1,16706225643.15841,20147225643.15841,3441000000.0,1395853723.0,1395853723.0,0.0,False,1879190642.7823145,1879190642.7823145,0.0,1.0,1879190642.7823145,0.0,1420362146.3341255,0.0,10,9464500000.0,9464500000.0,8
lake_okeechobee,baseline,,1928250N14343,"{""1928250N14343"": 0.34680199743072626}",156882125783.8144,54407034583.005264,102475091200.80914,12374651123.093124,18696841671.23632,0.0,20220919335.17245,3114622453.5033712,12374651123.093124,18696841671.23632,15906341332.99265,86568749867.8165,12.889243586001085,1.985326523300278,7.887865530420944,11.917764103350315,10.139039902424445,55.180760354502944,20220919335.17245,3114622453.5033712,15906341332.99265,18,12,6,Universal P&C Insurance Co.;Florida Family Insurance Co.;First Protective Insurance Co.;Cypress P&C Insurance Co.;Tower Hill Insurance Exchange;Kin Interinsurance Network;Florida Family Home Ins Co.;TypTap Insurance Co.;Homeowners Choice P&C Ins Co.;Edison Insurance Co.;Safe Harbor Insurance Co.;GeoVera Specialty Insurance Co;FL Farm Bureau General Ins Co.;Homesite Insurance Co.;State Farm FL Ins Co;AIG Property Casualty Co.;ASI Preferred Insurance Corp.;Castle Key Indemnity Co.,Universal P&C Insurance Co.;Florida Family Insurance Co.;First Protective Insurance Co.;Cypress P&C Insurance Co.;Tower Hill Insurance Exchange;Kin Interinsurance Network;Florida Family Home Ins Co.;TypTap Insurance Co.;Homeowners Choice P&C Ins Co.;Edison Insurance Co.;Safe Harbor Insurance Co.;GeoVera Specialty Insurance Co,880200810.8454783,6,28.525995730733356,251994383.34544623,0.0,0,1.0,774989618.7442093,384822840.0,1379696853.1000247,539937478.65,359958319.1,539937478.65,359958319.1,12465341332.99265,15906341332.99265,3441000000.0,1395853723.0,1395853723.0,0.0,False,9560382546.791355,9560382546.791355,0.0,1.0,8921231719.091846,639150827.6995091,1644136552.540821,0.0,13,9464500000.0,9464500000.0,9
lake_okeechobee,baseline,,1928250N14343,"{""1928250N14343"": 0.33646256587658135}",156882125783.81442,52784962581.394775,104097163202.41965,8003361231.730739,24174764981.114124,0.0,17741290475.23167,2865545893.318239,8003361231.730739,24174764981.114124,16157118140.61773,87940045061.80191,11.308675469938109,1.8265598321041354,5.101512483811874,15.409508801804012,10.298890367461265,56.0548530448806,17741290475.23167,2865545893.318239,16157118140.61773,16,11,5,Universal P&C Insurance Co.;Florida Family Insurance Co.;First Protective Insurance Co.;Cypress P&C Insurance Co.;Tower Hill Insurance Exchange;Kin Interinsurance Network;TypTap Insurance Co.;Homeowners Choice P&C Ins Co.;Edison Insurance Co.;Safe Harbor Insurance Co.;GeoVera Specialty Insurance Co;FL Farm Bureau General Ins Co.;State Farm FL Ins Co;AIG Property Casualty Co.;ASI Preferred Insurance Corp.;Castle Key Indemnity Co.,Universal P&C Insurance Co.;Florida Family Insurance Co.;First Protective Insurance Co.;Cypress P&C Insurance Co.;Tower Hill Insurance Exchange;Kin Interinsurance Network;TypTap Insurance Co.;Homeowners Choice P&C Ins Co.;Edison Insurance Co.;Safe Harbor Insurance Co.;GeoVera Specialty Insurance Co,563310478.1103475,5,28.176154707643686,211156525.658064,0.0,0,1.0,516640701.01507926,388686240.0,1347479209.7531538,539937478.65,359958319.1,539937478.65,359958319.1,12716118140.61773,16157118140.61773,3441000000.0,1395853723.0,1395853723.0,0.0,False,8658790228.017076,8658790228.017076,0.0,1.0,8266225194.900848,392565033.11622876,1514019439.4355974,0.0,12,9464500000.0,9464500000.0,10
lake_okeechobee,baseline,,1928250N14343,"{""1928250N14343"": 0.2925663960325385}",156882125783.81442,45898438142.49396,110983687641.32047,7612447528.452284,19345032490.064274,0.0,16384636539.42121,2556321584.5561905,7612447528.452284,19345032490.064274,17221793822.52642,93761893818.79404,10.443915428580722,1.6294536881013673,4.852335784219506,12.330934702352247,10.977537266583367,59.76582313016279,16384636539.42121,2556321584.5561905,17221793822.52642,16,11,5,Universal P&C Insurance Co.;Florida Family Insurance Co.;First Protective Insurance Co.;Cypress P&C Insurance Co.;Tower Hill Insurance Exchange;Kin Interinsurance Network;TypTap Insurance Co.;Homeowners Choice P&C Ins Co.;Edison Insurance Co.;Safe Harbor Insurance Co.;GeoVera Specialty Insurance Co;FL Farm Bureau General Ins Co.;State Farm FL Ins Co;AIG Property Casualty Co.;ASI Preferred Insurance Corp.;Castle Key Indemnity Co.,Universal P&C Insurance Co.;Florida Family Insurance Co.;First Protective Insurance Co.;Cypress P&C Insurance Co.;Tower Hill Insurance Exchange;Kin Interinsurance Network;TypTap Insurance Co.;Homeowners Choice P&C Ins Co.;Edison Insurance Co.;Safe Harbor Insurance Co.;GeoVera Specialty Insurance Co,330714039.10018724,5,28.176154707643686,205957059.29869926,0.0,0,1.0,359047194.26331687,388686240.0,1327396817.7421627,539937478.65,359958319.1,539937478.65,359958319.1,13780793822.52642,17221793822.52642,3441000000.0,1395853723.0,1395853723.0,0.0,False,7843583993.108695,7843583993.108695,0.0,1.0,7757151025.666895,86432967.44180042,1473498551.3383276,0.0,11,9464500000.0,9464500000.0,11
lake_okeechobee,baseline,,1928250N14343,"{""1928250N14343"": 0.49315934506732817}",156882125783.8144,77367886404.3161,79514239379.4983,16049602638.746264,24393265758.15194,0.0,31074710488.20302,5850307519.214886,16049602638.746264,24393265758.15194,12356530279.97903,67157709099.51927,19.80768066020751,3.729110304941103,10.230357702357262,15.548785839226948,7.876314920035243,42.80775057323195,31074710488.20302,5850307519.214886,12356530279.97903,26,17,9,Universal P&C Insurance Co.;Florida Family Insurance Co.;First Protective Insurance Co.;Cypress P&C Insurance Co.;Florida Peninsula Insurance Co;Tower Hill Insurance Exchange;Kin Interinsurance Network;Florida Family Home Ins Co.;US Coastal P&C Insurance Co.;TypTap Insurance Co.;Homeowners Choice P&C Ins Co.;Edison Insurance Co.;Safe Harbor Insurance Co.;GeoVera Specialty Insurance Co;Florida Farm Bureau Cas Ins Co;Universal North America Ins Co;Auto Club Insurance Co. of FL;American Platinum P&C Ins Co.;FL Farm Bureau General Ins Co.;Homesite Insurance Co.;State Farm FL Ins Co;AIG Property Casualty Co.;ASI Preferred Insurance Corp.;ACE Ins Co. of the Midwest;Castle Key Indemnity Co.;First Liberty Insurance Corp.,Universal P&C Insurance Co.;Florida Family Insurance Co.;First Protective Insurance Co.;Cypress P&C Insurance Co.;Florida Peninsula Insurance Co;Tower Hill Insurance Exchange;Kin Interinsurance Network;Florida Family Home Ins Co.;US Coastal P&C Insurance Co.;TypTap Insurance Co.;Homeowners Choice P&C Ins Co.;Edison Insurance Co.;Safe Harbor Insurance Co.;GeoVera Specialty Insurance Co;Florida Farm Bureau Cas Ins Co;Universal North America Ins Co;American Platinum P&C Ins Co.,2435649523.5116305,9,33.145293557041065,1524190819.7533352,5970168.136829913,1,0.9811320754716981,4194027375.6356688,333810540.0,1487121910.5722446,539937478.65,359958319.1,539937478.65,359958319.1,8915530279.97903,12356530279.97903,3441000000.0,1395853723.0,1395853723.0,0.0,False,13368633025.371752,13368633025.371752,0.0,1.0,10021153982.617844,3347479042.7539086,2086372282.404633,0.0,13,9464500000.0,9464500000.0,12
lake_okeechobee,baseline,,1928250N14343,"{""1928250N14343"": 0.23874742992882883}",156882125783.8144,37455204332.65694,119426921451.15747,6004177485.870575,15931175131.157383,0.0,13489751308.059898,2030100407.5690823,6004177485.870575,15931175131.157383,18527141068.987007,100899780382.17046,8.598654079081609,1.29402913010408,3.827190290718274,10.15486949297892,11.809593334117393,64.31566367299973,13489751308.059898,2030100407.5690823,18527141068.987007,12,8,4,Universal P&C Insurance Co.;First Protective Insurance Co.;Cypress P&C Insurance Co.;Tower Hill Insurance Exchange;Kin Interinsurance Network;TypTap Insurance Co.;Homeowners Choice P&C Ins Co.;GeoVera Specialty Insurance Co;FL Farm Bureau General Ins Co.;AIG Property Casualty Co.;ASI Preferred Insurance Corp.;Castle Key Indemnity Co.,Universal P&C Insurance Co.;First Protective Insurance Co.;Cypress P&C Insurance Co.;Tower Hill Insurance Exchange;Kin Interinsurance Network;TypTap Insurance Co.;Homeowners Choice P&C Ins Co.;GeoVera Specialty Insurance Co,172534138.7420213,4,24.017115967979795,194439799.83123237,0.0,0,1.0,158087413.6167115,434615760.0,898350018.5306495,539937478.65,359958319.1,539937478.65,359958319.1,15086141068.987007,18527141068.987007,3441000000.0,1395853723.0,1395853723.0,0.0,False,5975898188.750107,5975898188.750107,0.0,1.0,5975898188.750107,0.0,1445617585.926908,0.0,11,9464500000.0,9464500000.0,13
lake_okeechobee,baseline,,1928250N14343,"{""1928250N14343"": 0.4555587534030219}",156882125783.8144,71469025653.29056,85413100130.52385,11792040473.916279,30634233114.778183,0.0,24875113252.081333,4167638812.5147686,11792040473.916279,30634233114.778183,13268510430.242603,72144589700.28125,15.855925668906067,2.6565415223005258,7.51649712483235,19.526911024263242,8.457630443207268,45.986494216490556,24875113252.081333,4167638812.5147686,13268510430.242603,23,15,8,Universal P&C Insurance Co.;Florida Family Insurance Co.;First Protective Insurance Co.;Cypress P&C Insurance Co.;Tower Hill Insurance Exchange;Kin Interinsurance Network;Florida Family Home Ins Co.;US Coastal P&C Insurance Co.;TypTap Insurance Co.;Homeowners Choice P&C Ins Co.;Edison Insurance Co.;Safe Harbor Insurance Co.;GeoVera Specialty Insurance Co;Universal North America Ins Co;Auto Club Insurance Co. of FL;American Platinum P&C Ins Co.;FL Farm Bureau General Ins Co.;Homesite Insurance Co.;State Farm FL Ins Co;AIG Property Casualty Co.;ASI Preferred Insurance Corp.;Castle Key Indemnity Co.;First Liberty Insurance Corp.,Universal P&C Insurance Co.;Florida Family Insurance Co.;First Protective Insurance Co.;Cypress P&C Insurance Co.;Tower Hill Insurance Exchange;Kin Interinsurance Network;Florida Family Home Ins Co.;US Coastal P&C Insurance Co.;TypTap Insurance Co.;Homeowners Choice P&C Ins Co.;Edison Insurance Co.;Safe Harbor Insurance Co.;GeoVera Specialty Insurance Co;Universal North America Ins Co;American Platinum P&C Ins Co.,1483796051.2173948,8,29.360577648978133,619948966.6677808,356005.72330137715,1,0.9811320754716981,1706220587.9049218,375606300.0,1432699349.3046126,539937478.65,359958319.1,539937478.65,359958319.1,9827510430.242603,13268510430.242603,3441000000.0,1395853723.0,1395853723.0,0.0,False,11378967047.745312,11378967047.745312,0.0,1.0,9697330024.624517,1681637023.1207938,1985190986.3415298,0.0,13,9464500000.0,9464500000.0,14
lake_okeechobee,baseline,,1928250N14343,"{""1928250N14343"": 0.29311531367126414}",156882125783.81442,45984553508.537476,110897572275.27695,9580331705.036247,17246999963.04254,0.0,16239578890.342081,2917642950.116604,9580331705.036247,17246999963.04254,17208480149.297108,93689092125.97983,10.351452601248168,1.8597676029308483,6.106706966884212,10.993604196063183,10.96905084841253,59.71941778446105,16239578890.342081,2917642950.116604,17208480149.297108,15,10,5,Universal P&C Insurance Co.;First Protective Insurance Co.;Cypress P&C Insurance Co.;Tower Hill Insurance Exchange;Kin Interinsurance Network;TypTap Insurance Co.;Homeowners Choice P&C Ins Co.;Edison Insurance Co.;Safe Harbor Insurance Co.;GeoVera Specialty Insurance Co;FL Farm Bureau General Ins Co.;State Farm FL Ins Co;AIG Property Casualty Co.;ASI Preferred Insurance Corp.;Castle Key Indemnity Co.,Universal P&C Insurance Co.;First Protective Insurance Co.;Cypress P&C Insurance Co.;Tower Hill Insurance Exchange;Kin Interinsurance Network;TypTap Insurance Co.;Homeowners Choice P&C Ins Co.;Edison Insurance Co.;Safe Harbor Insurance Co.;GeoVera Specialty Insurance Co,352214408.16576385,5,27.73228202456624,205450773.2548232,0.0,0,1.0,421389857.27162635,393588060.0,1332453132.2825937,539937478.65,359958319.1,539937478.65,359958319.1,13767480149.297108,17208480149.297108,3441000000.0,1395853723.0,1395853723.0,0.0,False,7977107534.161412,7977107534.161412,0.0,1.0,7532966414.814803,444141119.34660923,1453168107.9997804,0.0,11,9464500000.0,9464500000.0,15
lake_okeechobee,baseline,,1928250N14343,"{""1928250N14343"": 0.5556737670097458}",156882125783.8144,87175281810.7889,69706843973.02551,20311842229.11824,28784051941.001286,0.0,32923859175.102127,5155528465.567252,20311842229.11824,28784051941.001286,10840279886.217094,58866564086.80841,20.986367319162692,3.286243375278862,12.947199770296471,18.347566236236553,6.909824705687084,37.52279859333835,32923859175.102127,5155528465.567252,10840279886.217094,27,18,9,Universal P&C Insurance Co.;Florida Family Insurance Co.;First Protective Insurance Co.;Cypress P&C Insurance Co.;Florida Peninsula Insurance Co;Tower Hill Insurance Exchange;Kin Interinsurance Network;Heritage P&C Insurance Co.;Florida Family Home Ins Co.;US Coastal P&C Insurance Co.;TypTap Insurance Co.;Homeowners Choice P&C Ins Co.;Edison Insurance Co.;Safe Harbor Insurance Co.;GeoVera Specialty Insurance Co;Florida Farm Bureau Cas Ins Co;Universal North America Ins Co;Auto Club Insurance Co. of FL;American Platinum P&C Ins Co.;FL Farm Bureau General Ins Co.;Homesite Insurance Co.;State Farm FL Ins Co;AIG Property Casualty Co.;ASI Preferred Insurance Corp.;ACE Ins Co. of the Midwest;Castle Key Indemnity Co.;First Liberty Insurance Corp.,Universal P&C Insurance Co.;Florida Family Insurance Co.;First Protective Insurance Co.;Cypress P&C Insurance Co.;Florida Peninsula Insurance Co;Tower Hill Insurance Exchange;Kin Interinsurance Network;Heritage P&C Insurance Co.;Florida Family Home Ins Co.;US Coastal P&C Insurance Co.;TypTap Insurance Co.;Homeowners Choice P&C Ins Co.;Edison Insurance Co.;Safe Harbor Insurance Co.;GeoVera Specialty Insurance Co;Florida Farm Bureau Cas Ins Co;Universal North America Ins Co;American Platinum P&C Ins Co.,3007877347.94663,9,35.166819401784345,1216716484.8399944,13513860.672195159,1,0.9811320754716981,4302133315.854627,311486220.0,1488356645.108924,539937478.65,359958319.1,539937478.65,359958319.1,7399279886.217094,10840279886.217094,3441000000.0,1395853723.0,1395853723.0,0.0,False,12802472676.999985,12802472676.999985,0.0,1.0,10142824897.357233,2659647779.642752,2086336369.854557,0.0,13,9464500000.0,9464500000.0,16
lake_okeechobee,baseline,,1928250N14343,"{""1928250N14343"": 0.1523606076284081}",156882125783.8144,23902656010.458313,132979469773.3561,4597595971.30303,10869191249.814814,0.0,7290196979.60464,1145671809.7358284,4597595971.30303,10869191249.814814,20622402438.42758,112357067334.92851,4.646926438038344,0.7302755517952243,2.9306053499291416,6.928253423078101,13.145157445689842,71.61878179146936,7290196979.60464,1145671809.7358284,20622402438.42758,8,4,4,Universal P&C Insurance Co.;First Protective Insurance Co.;Kin Interinsurance Network;Homeowners Choice P&C Ins Co.;FL Farm Bureau General Ins Co.;AIG Property Casualty Co.;ASI Preferred Insurance Corp.;Castle Key Indemnity Co.,Universal P&C Insurance Co.;First Protective Insurance Co.;Kin Interinsurance Network;Homeowners Choice P&C Ins Co.,76561634.60868514,4,16.162888892523068,163986077.81669533,0.0,0,1.0,0.0,355407686.01789165,73661515.69406748,539937478.65,359958319.1,539937478.65,359958319.1,17181402438.42758,20622402438.42758,3441000000.0,1395853723.0,1395853723.0,0.0,False,1180336573.7671092,1180336573.7671092,0.0,1.0,1180336573.7671092,0.0,1406215826.0381627,0.0,10,9464500000.0,9464500000.0,17
lake_okeechobee,baseline,,1928250N14343,"{""1928250N14343"": 0.3342022822845079}",156882125783.81442,52430364486.59601,104451761297.21841,10352985891.739918,22993135429.685524,0.0,16483980227.192604,2600262937.977959,10352985891.739918,22993135429.685524,16211939984.602016,88239821312.6164,10.507239205763783,1.6574628403245597,6.599213160845656,14.656313021516779,10.333834975529511,56.245936796019706,16483980227.192604,2600262937.977959,16211939984.602016,15,10,5,Universal P&C Insurance Co.;First Protective Insurance Co.;Cypress P&C Insurance Co.;Tower Hill Insurance Exchange;Kin Interinsurance Network;TypTap Insurance Co.;Homeowners Choice P&C Ins Co.;Edison Insurance Co.;Safe Harbor Insurance Co.;GeoVera Specialty Insurance Co;FL Farm Bureau General Ins Co.;State Farm FL Ins Co;AIG Property Casualty Co.;ASI Preferred Insurance Corp.;Castle Key Indemnity Co.,Universal P&C Insurance Co.;First Protective Insurance Co.;Cypress P&C Insurance Co.;Tower Hill Insurance Exchange;Kin Interinsurance Network;TypTap Insurance Co.;Homeowners Choice P&C Ins Co.;Edison Insurance Co.;Safe Harbor Insurance Co.;GeoVera Specialty Insurance Co,395084870.40087974,5,27.73228202456624,205230526.1980791,0.0,0,1.0,369133555.55603206,393588060.0,1331022754.1574793,539937478.65,359958319.1,539937478.65,359958319.1,12770939984.602016,16211939984.602016,3441000000.0,1395853723.0,1395853723.0,0.0,False,7837163193.3765955,7837163193.3765955,0.0,1.0,7707228286.047244,129934907.32935143,1454580053.4677835,0.0,11,9464500000.0,9464500000.0,18
lake_okeechobee,baseline,,1928250N14343,"{""1928250N14343"": 0.22025228587279924}",156882125783.81442,34553646816.46914,122328478967.34528,7042916192.398464,14349302209.42923,0.0,11363296231.46957,1798132183.1718755,7042916192.398464,14349302209.42923,18975729867.95998,103352749099.3853,7.243206435848745,1.1461676556128038,4.489304410690924,9.14655008512745,12.095533365036612,65.87923804768346,11363296231.46957,1798132183.1718755,18975729867.95998,12,8,4,Universal P&C Insurance Co.;First Protective Insurance Co.;Cypress P&C Insurance Co.;Tower Hill Insurance Exchange;Kin Interinsurance Network;TypTap Insurance Co.;Homeowners Choice P&C Ins Co.;GeoVera Specialty Insurance Co;FL Farm Bureau General Ins Co.;AIG Property Casualty Co.;ASI Preferred Insurance Corp.;Castle Key Indemnity Co.,Universal P&C Insurance Co.;First Protective Insurance Co.;Cypress P&C Insurance Co.;Tower Hill Insurance Exchange;Kin Interinsurance Network;TypTap Insurance Co.;Homeowners Choice P&C Ins Co.;GeoVera Specialty Insurance Co,136399895.56079748,4,24.017115967979795,189442871.6542188,0.0,0,1.0,107122779.29104364,434615760.0,676599349.7464681,539937478.65,359958319.1,539937478.65,359958319.1,15534729867.95998,18975729867.95998,3441000000.0,1395853723.0,1395853723.0,0.0,False,4318303105.350808,4318303105.350808,0.0,1.0,4318303105.350808,0.0,1438145577.9050488,0.0,10,9464500000.0,9464500000.0,19
lake_okeechobee,baseline,,1928250N14343,"{""1928250N14343"": 0.18487715205739855}",156882125783.8144,29003920623.622177,127878205160.19223,5486103447.062094,11620763650.50851,0.0,10352052235.654152,1545001290.397421,5486103447.062094,11620763650.50851,19833732852.077606,108044472308.11462,6.598618028620681,0.9848166466882613,3.4969588916853507,7.407321638745559,12.64244269574008,68.86984209852007,10352052235.654152,1545001290.397421,19833732852.077606,11,7,4,Universal P&C Insurance Co.;First Protective Insurance Co.;Tower Hill Insurance Exchange;Kin Interinsurance Network;TypTap Insurance Co.;Homeowners Choice P&C Ins Co.;GeoVera Specialty Insurance Co;FL Farm Bureau General Ins Co.;AIG Property Casualty Co.;ASI Preferred Insurance Corp.;Castle Key Indemnity Co.,Universal P&C Insurance Co.;First Protective Insurance Co.;Tower Hill Insurance Exchange;Kin Interinsurance Network;TypTap Insurance Co.;Homeowners Choice P&C Ins Co.;GeoVera Specialty Insurance Co,118529123.88015059,4,23.145936299594748,185878285.3115492,0.0,0,1.0,74654623.85490233,444236460.0,443534769.9542005,539937478.65,359958319.1,539937478.65,359958319.1,16392732852.077606,19833732852.077606,3441000000.0,1395853723.0,1395853723.0,0.0,False,3542410629.34369,3542410629.34369,0.0,1.0,3542410629.34369,0.0,1436960623.0231807,0.0,10,9464500000.0,9464500000.0,20
lake_okeechobee,baseline,,1928250N14343,"{""1928250N14343"": 0.421977716168007}",156882125783.81442,66200761145.836,90681364637.97842,16511200341.499249,24799968845.709053,0.0,21661146639.53589,3228445319.0918074,16511200341.499249,24799968845.709053,14082998661.093174,76598365976.88522,13.807275068024783,2.0578796360400204,10.524589884925382,15.808027027810503,8.976802545689447,48.82542583750985,21661146639.53589,3228445319.0918074,14082998661.093174,19,12,7,Universal P&C Insurance Co.;Florida Family Insurance Co.;First Protective Insurance Co.;Cypress P&C Insurance Co.;Tower Hill Insurance Exchange;Kin Interinsurance Network;Florida Family Home Ins Co.;TypTap Insurance Co.;Homeowners Choice P&C Ins Co.;Edison Insurance Co.;Safe Harbor Insurance Co.;GeoVera Specialty Insurance Co;FL Farm Bureau General Ins Co.;Homesite Insurance Co.;State Farm FL Ins Co;AIG Property Casualty Co.;ASI Preferred Insurance Corp.;Castle Key Indemnity Co.;First Liberty Insurance Corp.,Universal P&C Insurance Co.;Florida Family Insurance Co.;First Protective Insurance Co.;Cypress P&C Insurance Co.;Tower Hill Insurance Exchange;Kin Interinsurance Network;Florida Family Home Ins Co.;TypTap Insurance Co.;Homeowners Choice P&C Ins Co.;Edison Insurance Co.;Safe Harbor Insurance Co.;GeoVera Specialty Insurance Co,1043440137.8867673,7,28.525995730733356,302532996.875505,0.0,0,1.0,953662731.9592199,384822840.0,1394750078.5046854,539937478.65,359958319.1,539937478.65,359958319.1,10641998661.093174,14082998661.093174,3441000000.0,1395853723.0,1395853723.0,0.0,False,10054212077.457104,10054212077.457104,0.0,1.0,9302376612.825043,751835464.6320608,1771723223.2688484,0.0,13,9464500000.0,9464500000.0,21
lake_okeechobee,baseline,,1928250N14343,"{""1928250N14343"": 0.15546331034732752}",156882125783.8144,24389414608.677612,132492711175.1368,3686760477.4525957,8903486934.206099,0.0,10204698652.768633,1594468544.250281,3686760477.4525957,8903486934.206099,20547148215.912,111945562959.22482,6.504691724301876,1.0163481252462625,2.3500194550735496,5.675271730111064,13.097188805451449,71.35648015981583,10204698652.768633,1594468544.250281,20547148215.912,11,7,4,Universal P&C Insurance Co.;First Protective Insurance Co.;Tower Hill Insurance Exchange;Kin Interinsurance Network;TypTap Insurance Co.;Homeowners Choice P&C Ins Co.;GeoVera Specialty Insurance Co;FL Farm Bureau General Ins Co.;AIG Property Casualty Co.;ASI Preferred Insurance Corp.;Castle Key Indemnity Co.,Universal P&C Insurance Co.;First Protective Insurance Co.;Tower Hill Insurance Exchange;Kin Interinsurance Network;TypTap Insurance Co.;Homeowners Choice P&C Ins Co.;GeoVera Specialty Insurance Co,101618379.90928994,4,23.145936299594748,186305109.09635854,0.0,0,1.0,41592217.57272917,444236460.0,486980946.69130564,539937478.65,359958319.1,539937478.65,359958319.1,17106148215.911999,20547148215.912,3441000000.0,1395853723.0,1395853723.0,0.0,False,3427108595.32042,3427108595.32042,0.0,1.0,3427108595.32042,0.0,1436436425.1135101,0.0,10,9464500000.0,9464500000.0,22
lake_okeechobee,baseline,,1928250N14343,"{""1928250N14343"": 0.10330254768747014}",156882125783.81442,16206323280.094175,140675802503.72025,2935556313.591268,6541254967.993475,0.0,5751362690.849234,978149307.6601981,2935556313.591268,6541254967.993475,21812276716.896637,118863525786.82361,3.6660407692171924,0.6234931498876426,1.8711859613863866,4.16953488825579,13.903608590155283,75.7661366410977,5751362690.849234,978149307.6601981,21812276716.896637,6,3,3,Universal P&C Insurance Co.;First Protective Insurance Co.;Kin Interinsurance Network;FL Farm Bureau General Ins Co.;ASI Preferred Insurance Corp.;Castle Key Indemnity Co.,Universal P&C Insurance Co.;First Protective Insurance Co.;Kin Interinsurance Network,63122033.626285136,3,13.812836302273293,74508684.47401235,0.0,0,1.0,0.0,140239053.71700537,0.0,539937478.65,270149052.45997727,539937478.65,359958319.1,18371276716.896637,21812276716.896637,3441000000.0,1395853723.0,1395853723.0,0.0,False,385556678.7482064,385556678.7482064,0.0,1.0,385556678.7482064,0.0,1336581904.645708,0.0,10,9464500000.0,9464500000.0,23
lake_okeechobee,baseline,,1928250N14343,"{""1928250N14343"": 0.22760840640435573}",156882125783.81442,35707690642.98168,121174435140.83273,7015156265.5735235,14350878229.654976,0.0,12374737388.60736,1966918759.145825,7015156265.5735235,14350878229.654976,18797311507.748535,102377123633.0842,7.887920517892463,1.2537558050789444,4.471609643561624,9.147554673902539,11.981805711666269,65.25735364789816,12374737388.60736,1966918759.145825,18797311507.748535,12,8,4,Universal P&C Insurance Co.;First Protective Insurance Co.;Cypress P&C Insurance Co.;Tower Hill Insurance Exchange;Kin Interinsurance Network;TypTap Insurance Co.;Homeowners Choice P&C Ins Co.;GeoVera Specialty Insurance Co;FL Farm Bureau General Ins Co.;AIG Property Casualty Co.;ASI Preferred Insurance Corp.;Castle Key Indemnity Co.,Universal P&C Insurance Co.;First Protective Insurance Co.;Cypress P&C Insurance Co.;Tower Hill Insurance Exchange;Kin Interinsurance Network;TypTap Insurance Co.;Homeowners Choice P&C Ins Co.;GeoVera Specialty Insurance Co,160451965.91783327,4,24.017115967979795,192186656.5483908,0.0,0,1.0,136014258.9596057,434615760.0,835088873.1739653,539937478.65,359958319.1,539937478.65,359958319.1,15356311507.748535,18797311507.748535,3441000000.0,1395853723.0,1395853723.0,0.0,False,5097903045.716127,5097903045.716127,0.0,1.0,5097903045.716127,0.0,1440666852.608605,0.0,11,9464500000.0,9464500000.0,24
lake_okeechobee,baseline,,1928250N14343,"{""1928250N14343"": 0.35778641409215434}",156882125783.81442,56130293219.34526,100751832564.46916,10672088644.26715,20996446590.99333,0.0,20958618825.088764,3503139158.9960165,10672088644.26715,20996446590.99333,15639920792.409603,85111911772.05956,13.359468913603331,2.232975325578764,6.80261603477596,13.383581135257373,9.969217789642661,54.25214080114191,20958618825.088764,3503139158.9960165,15639920792.409603,18,12,6,Universal P&C Insurance Co.;Florida Family Insurance Co.;First Protective Insurance Co.;Cypress P&C Insurance Co.;Tower Hill Insurance Exchange;Kin Interinsurance Network;Florida Family Home Ins Co.;TypTap Insurance Co.;Homeowners Choice P&C Ins Co.;Edison Insurance Co.;Safe Harbor Insurance Co.;GeoVera Specialty Insurance Co;FL Farm Bureau General Ins Co.;Homesite Insurance Co.;State Farm FL Ins Co;AIG Property Casualty Co.;ASI Preferred Insurance Corp.;Castle Key Indemnity Co.,Universal P&C Insurance Co.;Florida Family Insurance Co.;First Protective Insurance Co.;Cypress P&C Insurance Co.;Tower Hill Insurance Exchange;Kin Interinsurance Network;Florida Family Home Ins Co.;TypTap Insurance Co.;Homeowners Choice P&C Ins Co.;Edison Insurance Co.;Safe Harbor Insurance Co.;GeoVera Specialty Insurance Co,1016463552.2826993,6,28.525995730733356,225562772.63261408,0.0,0,1.0,847198757.0323703,384822840.0,1392143044.8254557,539937478.65,359958319.1,539937478.65,359958319.1,12198920792.409603,15639920792.409603,3441000000.0,1395853723.0,1395853723.0,0.0,False,10034422535.83573,10034422535.83573,0.0,1.0,9010640169.698502,1023782366.1372281,1827414711.645877,0.0,13,9464500000.0,9464500000.0,25
lake_okeechobee,baseline,,1928250N14343,"{""1928250N14343"": 0.12779186994963762}",156882125783.81442,20048260215.5879,136833865568.22652,2850417410.219246,7517358249.369503,0.0,8504252399.7359295,1176232156.263218,2850417410.219246,7517358249.369503,21218302664.6823,115615562903.54424,5.420791155937611,0.7497553659389349,1.8169166155659808,4.791723857521232,13.52499691005041,73.69581609498583,8504252399.7359295,1176232156.263218,21218302664.6823,9,5,4,Universal P&C Insurance Co.;First Protective Insurance Co.;Tower Hill Insurance Exchange;Kin Interinsurance Network;Homeowners Choice P&C Ins Co.;FL Farm Bureau General Ins Co.;AIG Property Casualty Co.;ASI Preferred Insurance Corp.;Castle Key Indemnity Co.,Universal P&C Insurance Co.;First Protective Insurance Co.;Tower Hill Insurance Exchange;Kin Interinsurance Network;Homeowners Choice P&C Ins Co.,86366610.24694368,4,20.97679156065444,179954394.72342092,0.0,0,1.0,0.0,402605874.612127,107778795.3630172,539937478.65,359958319.1,539937478.65,359958319.1,17777302664.6823,21218302664.6823,3441000000.0,1395853723.0,1395853723.0,0.0,False,2074222182.6849256,2074222182.6849256,0.0,1.0,2074222182.6849256,0.0,1435056067.6224787,0.0,10,9464500000.0,9464500000.0,26
lake_okeechobee,baseline,,1928250N14343,"{""1928250N14343"": 0.3070080538220306}",156882125783.81442,48164076116.35187,108718049667.46255,7974684808.319347,19526011041.14664,0.0,17694988168.040867,2968392098.8450108,7974684808.319347,19526011041.14664,16871519939.644447,91846529727.81808,11.279161395623099,1.892116188516908,5.083233522287022,12.446294275776026,10.754265251921444,58.54492936587549,17694988168.040867,2968392098.8450108,16871519939.644447,17,12,5,Universal P&C Insurance Co.;Florida Family Insurance Co.;First Protective Insurance Co.;Cypress P&C Insurance Co.;Tower Hill Insurance Exchange;Kin Interinsurance Network;Florida Family Home Ins Co.;TypTap Insurance Co.;Homeowners Choice P&C Ins Co.;Edison Insurance Co.;Safe Harbor Insurance Co.;GeoVera Specialty Insurance Co;FL Farm Bureau General Ins Co.;State Farm FL Ins Co;AIG Property Casualty Co.;ASI Preferred Insurance Corp.;Castle Key Indemnity Co.,Universal P&C Insurance Co.;Florida Family Insurance Co.;First Protective Insurance Co.;Cypress P&C Insurance Co.;Tower Hill Insurance Exchange;Kin Interinsurance Network;Florida Family Home Ins Co.;TypTap Insurance Co.;Homeowners Choice P&C Ins Co.;Edison Insurance Co.;Safe Harbor Insurance Co.;GeoVera Specialty Insurance Co,586075714.1479095,5,28.525995730733356,210804383.6947732,0.0,0,1.0,524737938.6993253,384822840.0,1347595972.5192924,539937478.65,359958319.1,539937478.65,359958319.1,13430519939.644447,16871519939.644447,3441000000.0,1395853723.0,1395853723.0,0.0,False,8758474277.951916,8758474277.951916,0.0,1.0,8264091501.364183,494382776.58773214,1457591845.3717878,0.0,11,9464500000.0,9464500000.0,27
lake_okeechobee,baseline,,1928250N14343,"{""1928250N14343"": 0.24422268218449042}",156882125783.8144,38314173545.72775,118567952238.08665,6491123872.829011,14361861355.419533,0.0,15311457145.839304,2149731171.6399016,6491123872.829011,14361861355.419533,18394342058.284492,100173610179.80215,9.759848082973258,1.3702843207276902,4.137580263142191,9.1545555516059,11.724944423325914,63.85278735822505,15311457145.839304,2149731171.6399016,18394342058.284492,13,8,5,Universal P&C Insurance Co.;First Protective Insurance Co.;Cypress P&C Insurance Co.;Tower Hill Insurance Exchange;Kin Interinsurance Network;TypTap Insurance Co.;Homeowners Choice P&C Ins Co.;GeoVera Specialty Insurance Co;FL Farm Bureau General Ins Co.;State Farm FL Ins Co;AIG Property Casualty Co.;ASI Preferred Insurance Corp.;Castle Key Indemnity Co.,Universal P&C Insurance Co.;First Protective Insurance Co.;Cypress P&C Insurance Co.;Tower Hill Insurance Exchange;Kin Interinsurance Network;TypTap Insurance Co.;Homeowners Choice P&C Ins Co.;GeoVera Specialty Insurance Co,289752907.51806635,5,24.017115967979795,199989373.1452639,0.0,0,1.0,207167902.25576842,434615760.0,1023426054.8738388,539937478.65,359958319.1,539937478.65,359958319.1,14953342058.284492,18394342058.284492,3441000000.0,1395853723.0,1395853723.0,0.0,False,7111760178.784774,7111760178.784774,0.0,1.0,7111760178.784774,0.0,1452532344.4863293,0.0,11,9464500000.0,9464500000.0,28
lake_okeechobee,baseline,,1928250N14343,"{""1928250N14343"": 0.5581242826063163}",156882125783.8144,87559723906.84528,69322401876.96912,19497345372.762703,36625987682.75424,0.0,27338839432.320667,4097551419.007674,19497345372.762703,36625987682.75424,10780844077.282598,58541557799.68653,17.426357079068357,2.6118663286435533,12.428022169734172,23.346182683185546,6.8719390583339885,37.315632681034394,27338839432.320667,4097551419.007674,10780844077.282598,24,16,8,Universal P&C Insurance Co.;Florida Family Insurance Co.;First Protective Insurance Co.;Cypress P&C Insurance Co.;Florida Peninsula Insurance Co;Tower Hill Insurance Exchange;Kin Interinsurance Network;Florida Family Home Ins Co.;US Coastal P&C Insurance Co.;TypTap Insurance Co.;Homeowners Choice P&C Ins Co.;Edison Insurance Co.;Safe Harbor Insurance Co.;GeoVera Specialty Insurance Co;Universal North America Ins Co;Auto Club Insurance Co. of FL;American Platinum P&C Ins Co.;FL Farm Bureau General Ins Co.;Homesite Insurance Co.;State Farm FL Ins Co;AIG Property Casualty Co.;ASI Preferred Insurance Corp.;Castle Key Indemnity Co.;First Liberty Insurance Corp.,Universal P&C Insurance Co.;Florida Family Insurance Co.;First Protective Insurance Co.;Cypress P&C Insurance Co.;Florida Peninsula Insurance Co;Tower Hill Insurance Exchange;Kin Interinsurance Network;Florida Family Home Ins Co.;US Coastal P&C Insurance Co.;TypTap Insurance Co.;Homeowners Choice P&C Ins Co.;Edison Insurance Co.;Safe Harbor Insurance Co.;GeoVera Specialty Insurance Co;Universal North America Ins Co;American Platinum P&C Ins Co.,1898954480.1270268,8,32.43209381455101,750183746.2568145,1879860.1056058817,1,0.9811320754716981,2416956560.9467554,341686620.0,1449838226.8390923,539937478.65,359958319.1,539937478.65,359958319.1,7339844077.2825985,10780844077.282598,3441000000.0,1395853723.0,1395853723.0,0.0,False,11453797900.578342,11453797900.578342,0.0,1.0,9841547397.029573,1612250503.5487692,2076032383.7608707,0.0,13,9464500000.0,9464500000.0,29
lake_okeechobee,baseline,,1928250N14343,"{""1928250N14343"": 0.12019956826541077}",156882125783.8144,18857163787.774357,138024961996.04004,2640864143.7639036,8203638643.143715,0.0,6851296865.919287,1161364134.9474497,2640864143.7639036,8203638643.143715,21402449459.303104,116622512536.73697,4.367162180961561,0.740278173275026,1.6833429114818654,5.229173560822624,13.642375989216232,74.33766718424272,6851296865.919287,1161364134.9474497,21402449459.303104,8,4,4,Universal P&C Insurance Co.;First Protective Insurance Co.;Kin Interinsurance Network;Homeowners Choice P&C Ins Co.;FL Farm Bureau General Ins Co.;AIG Property Casualty Co.;ASI Preferred Insurance Corp.;Castle Key Indemnity Co.,Universal P&C Insurance Co.;First Protective Insurance Co.;Kin Interinsurance Network;Homeowners Choice P&C Ins Co.,73743926.39382891,4,16.162888892523068,142905971.8916021,0.0,0,1.0,5.960464477539063e-08,272369185.8554965,82806722.53214455,539937478.65,359958319.1,539937478.65,359958319.1,17961449459.303104,21402449459.303104,3441000000.0,1395853723.0,1395853723.0,0.0,False,927272740.6958827,927272740.6958827,0.0,1.0,927272740.6958827,0.0,1402855968.7340395,0.0,10,9464500000.0,9464500000.0,30
lake_okeechobee,baseline,,1928250N14343,"{""1928250N14343"": 0.11050212672005046}",156882125783.8144,17335808543.473953,139546317240.34045,2950877990.86866,7768623884.506969,0.0,5719155353.956789,897151314.1415324,2950877990.86866,7768623884.506969,21637655178.315907,117908662062.02455,3.6455111284238075,0.5718633079831023,1.8809523239983428,4.951885911599792,13.792301111557398,75.15748621643758,5719155353.956789,897151314.1415324,21637655178.315907,6,3,3,Universal P&C Insurance Co.;First Protective Insurance Co.;Kin Interinsurance Network;FL Farm Bureau General Ins Co.;ASI Preferred Insurance Corp.;Castle Key Indemnity Co.,Universal P&C Insurance Co.;First Protective Insurance Co.;Kin Interinsurance Network,62657360.159504704,3,13.812836302273293,67954024.82403594,0.0,0,1.0,2.9802322387695312e-08,142827646.05001596,0.0,539937478.65,200438949.41938126,539937478.65,359958319.1,18196655178.315907,21637655178.315907,3441000000.0,1395853723.0,1395853723.0,0.0,False,378732800.787573,378732800.787573,0.0,1.0,378732800.787573,0.0,1322015125.3371506,0.0,10,9464500000.0,9464500000.0,31
lake_okeechobee,baseline,,1928250N14343,"{""1928250N14343"": 0.6110116436994147}",156882125783.8144,95856805542.22676,61025320241.58765,14168046832.615784,41314689442.06009,0.0,34368732871.04362,6005336396.507274,14168046832.615784,41314689442.06009,9498092360.305923,51527227881.28172,21.907360509892744,3.8279290049796404,9.031014057101403,26.334860797967686,6.0542858613443435,32.844549768714195,34368732871.04362,6005336396.507274,9498092360.305923,27,17,10,Universal P&C Insurance Co.;Florida Family Insurance Co.;First Protective Insurance Co.;Cypress P&C Insurance Co.;Florida Peninsula Insurance Co;Tower Hill Insurance Exchange;Kin Interinsurance Network;Florida Family Home Ins Co.;US Coastal P&C Insurance Co.;TypTap Insurance Co.;Homeowners Choice P&C Ins Co.;Edison Insurance Co.;Safe Harbor Insurance Co.;GeoVera Specialty Insurance Co;Florida Farm Bureau Cas Ins Co;Universal North America Ins Co;Auto Club Insurance Co. of FL;American Platinum P&C Ins Co.;FL Farm Bureau General Ins Co.;Castle Key Insurance Co.;Homesite Insurance Co.;State Farm FL Ins Co;AIG Property Casualty Co.;ASI Preferred Insurance Corp.;ACE Ins Co. of the Midwest;Castle Key Indemnity Co.;First Liberty Insurance Corp.,Universal P&C Insurance Co.;Florida Family Insurance Co.;First Protective Insurance Co.;Cypress P&C Insurance Co.;Florida Peninsula Insurance Co;Tower Hill Insurance Exchange;Kin Interinsurance Network;Florida Family Home Ins Co.;US Coastal P&C Insurance Co.;TypTap Insurance Co.;Homeowners Choice P&C Ins Co.;Edison Insurance Co.;Safe Harbor Insurance Co.;GeoVera Specialty Insurance Co;Florida Farm Bureau Cas Ins Co;Universal North America Ins Co;American Platinum P&C Ins Co.,3088382345.6067796,10,33.145293557041065,1705717890.2375815,13760602.966154791,1,0.9811320754716981,5089113534.2799425,333810540.0,1502361674.6864982,539937478.65,359958319.1,539937478.65,359958319.1,6057092360.305923,9498092360.305923,3441000000.0,1395853723.0,1395853723.0,0.0,False,13643376976.761646,13643376976.761646,0.0,1.0,10142419345.488274,3500957631.273373,2086508028.7326727,0.0,13,9464500000.0,9464500000.0,32
lake_okeechobee,baseline,,1928250N14343,"{""1928250N14343"": 0.2170855754115144}",156882125783.81442,34056846547.56093,122825279236.2535,6437096093.2031355,14678138226.245132,0.0,11323376609.844116,1618235618.2685437,6437096093.2031355,14678138226.245132,19052536560.474487,103772742675.779,7.217760820915872,1.0314977631667823,4.10314180856622,9.356157148502561,12.144491582635187,66.14695087621337,11323376609.844116,1618235618.2685437,19052536560.474487,12,8,4,Universal P&C Insurance Co.;First Protective Insurance Co.;Cypress P&C Insurance Co.;Tower Hill Insurance Exchange;Kin Interinsurance Network;TypTap Insurance Co.;Homeowners Choice P&C Ins Co.;GeoVera Specialty Insurance Co;FL Farm Bureau General Ins Co.;AIG Property Casualty Co.;ASI Preferred Insurance Corp.;Castle Key Indemnity Co.,Universal P&C Insurance Co.;First Protective Insurance Co.;Cypress P&C Insurance Co.;Tower Hill Insurance Exchange;Kin Interinsurance Network;TypTap Insurance Co.;Homeowners Choice P&C Ins Co.;GeoVera Specialty Insurance Co,129257924.32148656,4,24.017115967979795,188833451.14963555,0.0,0,1.0,111938287.74743617,434615760.0,515980939.79166627,539937478.65,359958319.1,539937478.65,359958319.1,15611536560.474487,19052536560.474487,3441000000.0,1395853723.0,1395853723.0,0.0,False,4225034939.4024754,4225034939.4024754,0.0,1.0,4225034939.4024754,0.0,1437567473.737486,0.0,10,9464500000.0,9464500000.0,33
lake_okeechobee,baseline,,1928250N14343,"{""1928250N14343"": 0.4160294160575269}",156882125783.81442,65267579179.7038,91614546604.11063,9060489157.925163,26102232816.18064,0.0,26264139889.958736,3840717315.6392493,9060489157.925163,26102232816.18064,14227271168.212208,77387275435.89842,16.741320758332314,2.4481548146101786,5.7753482830865215,16.63811774972367,9.068764906855971,49.32829348739134,26264139889.958736,3840717315.6392493,14227271168.212208,24,16,8,Universal P&C Insurance Co.;Florida Family Insurance Co.;First Protective Insurance Co.;Cypress P&C Insurance Co.;Florida Peninsula Insurance Co;Tower Hill Insurance Exchange;Kin Interinsurance Network;Florida Family Home Ins Co.;US Coastal P&C Insurance Co.;TypTap Insurance Co.;Homeowners Choice P&C Ins Co.;Edison Insurance Co.;Safe Harbor Insurance Co.;GeoVera Specialty Insurance Co;Universal North America Ins Co;Auto Club Insurance Co. of FL;American Platinum P&C Ins Co.;FL Farm Bureau General Ins Co.;Homesite Insurance Co.;State Farm FL Ins Co;AIG Property Casualty Co.;ASI Preferred Insurance Corp.;Castle Key Indemnity Co.;First Liberty Insurance Corp.,Universal P&C Insurance Co.;Florida Family Insurance Co.;First Protective Insurance Co.;Cypress P&C Insurance Co.;Florida Peninsula Insurance Co;Tower Hill Insurance Exchange;Kin Interinsurance Network;Florida Family Home Ins Co.;US Coastal P&C Insurance Co.;TypTap Insurance Co.;Homeowners Choice P&C Ins Co.;Edison Insurance Co.;Safe Harbor Insurance Co.;GeoVera Specialty Insurance Co;Universal North America Ins Co;American Platinum P&C Ins Co.,1707140109.0940661,8,32.43209381455101,679809660.6992444,3973659.8212713934,1,0.9811320754716981,2199907985.8762913,341686620.0,1440323369.614007,539937478.65,359958319.1,539937478.65,359958319.1,10786271168.212208,14227271168.212208,3441000000.0,1395853723.0,1395853723.0,0.0,False,11115917414.402647,11115917414.402647,0.0,1.0,9757932673.188618,1357984741.2140288,2084769971.1588418,0.0,13,9464500000.0,9464500000.0,34
lake_okeechobee,baseline,,1928250N14343,"{""1928250N14343"": 0.19556300193662754}",156882125783.8144,30680339468.482334,126201786315.33206,6075727375.25988,14598000510.532839,0.0,8446543076.425527,1560068506.264092,6075727375.25988,14598000510.532839,19574553872.513725,106627232442.81836,5.384006007201211,0.9944208101908859,3.872797710321896,9.30507566594876,12.47723650780186,67.9664632985354,8446543076.425527,1560068506.264092,19574553872.513725,9,5,4,Universal P&C Insurance Co.;First Protective Insurance Co.;Tower Hill Insurance Exchange;Kin Interinsurance Network;Homeowners Choice P&C Ins Co.;FL Farm Bureau General Ins Co.;AIG Property Casualty Co.;ASI Preferred Insurance Corp.;Castle Key Indemnity Co.,Universal P&C Insurance Co.;First Protective Insurance Co.;Tower Hill Insurance Exchange;Kin Interinsurance Network;Homeowners Choice P&C Ins Co.,93027203.58148678,4,20.97679156065444,173167432.4518386,0.0,0,1.0,5.960464477539063e-08,407911714.02946657,446898023.9208789,539937478.65,359958319.1,539937478.65,359958319.1,16133553872.513725,19574553872.513725,3441000000.0,1395853723.0,1395853723.0,0.0,False,2033444607.56906,2033444607.56906,0.0,1.0,2033444607.56906,0.0,1431073765.9913032,0.0,10,9464500000.0,9464500000.0,35
lake_okeechobee,baseline,,1928250N14343,"{""1928250N14343"": 0.5614389587818396}",156882125783.8144,88079737351.54634,68802388432.26807,19798178680.607033,39574627589.05646,0.0,24793767063.692825,3913164018.1900263,19798178680.607033,39574627589.05646,10700448563.73278,58101939868.53529,15.804073880193947,2.4943338819760874,12.619779711481716,25.22570840453221,6.8206932499615265,37.03541087185453,24793767063.692825,3913164018.1900263,10700448563.73278,22,14,8,Universal P&C Insurance Co.;Florida Family Insurance Co.;First Protective Insurance Co.;Cypress P&C Insurance Co.;Tower Hill Insurance Exchange;Kin Interinsurance Network;Florida Family Home Ins Co.;US Coastal P&C Insurance Co.;TypTap Insurance Co.;Homeowners Choice P&C Ins Co.;Edison Insurance Co.;Safe Harbor Insurance Co.;GeoVera Specialty Insurance Co;Universal North America Ins Co;Auto Club Insurance Co. of FL;FL Farm Bureau General Ins Co.;Homesite Insurance Co.;State Farm FL Ins Co;AIG Property Casualty Co.;ASI Preferred Insurance Corp.;Castle Key Indemnity Co.;First Liberty Insurance Corp.,Universal P&C Insurance Co.;Florida Family Insurance Co.;First Protective Insurance Co.;Cypress P&C Insurance Co.;Tower Hill Insurance Exchange;Kin Interinsurance Network;Florida Family Home Ins Co.;US Coastal P&C Insurance Co.;TypTap Insurance Co.;Homeowners Choice P&C Ins Co.;Edison Insurance Co.;Safe Harbor Insurance Co.;GeoVera Specialty Insurance Co;Universal North America Ins Co,1580503696.2292304,8,29.203227969374158,537475070.9684466,0.0,0,1.0,1589191916.935161,377343960.0,1429753231.2201204,539937478.65,359958319.1,539937478.65,359958319.1,7259448563.73278,10700448563.73278,3441000000.0,1395853723.0,1395853723.0,0.0,False,11107274656.164528,11107274656.164528,0.0,1.0,9677567679.42523,1429706976.739298,2012047214.2451382,0.0,13,9464500000.0,9464500000.0,36
lake_okeechobee,baseline,,1928250N14343,"{""1928250N14343"": 0.2484928768627004}",156882125783.8144,38984090764.356064,117898035019.45834,5888479196.603085,16451708993.876144,0.0,14311995381.973722,2331907191.903117,5888479196.603085,16451708993.876144,18290771007.619736,99607264011.8386,9.122769920708391,1.4864071864480697,3.753441743081354,10.486668836032228,11.658926035222557,63.4917862785074,14311995381.973722,2331907191.903117,18290771007.619736,12,8,4,Universal P&C Insurance Co.;First Protective Insurance Co.;Cypress P&C Insurance Co.;Tower Hill Insurance Exchange;Kin Interinsurance Network;TypTap Insurance Co.;Homeowners Choice P&C Ins Co.;GeoVera Specialty Insurance Co;FL Farm Bureau General Ins Co.;AIG Property Casualty Co.;ASI Preferred Insurance Corp.;Castle Key Indemnity Co.,Universal P&C Insurance Co.;First Protective Insurance Co.;Cypress P&C Insurance Co.;Tower Hill Insurance Exchange;Kin Interinsurance Network;TypTap Insurance Co.;Homeowners Choice P&C Ins Co.;GeoVera Specialty Insurance Co,227892044.8996026,4,24.017115967979795,197338670.162194,0.0,0,1.0,199806133.8726871,434615760.0,1181146772.9942412,539937478.65,359958319.1,539937478.65,359958319.1,14849771007.619736,18290771007.619736,3441000000.0,1395853723.0,1395853723.0,0.0,False,6511828838.518776,6511828838.518776,0.0,1.0,6511828838.518776,0.0,1448192691.2119215,0.0,11,9464500000.0,9464500000.0,37
lake_okeechobee,baseline,,1928250N14343,"{""1928250N14343"": 0.4305249832098788}",156882125783.8144,67541674569.00678,89340451214.80762,12715848815.08987,21253990773.457676,0.0,28521486150.0022,5050348830.457035,12715848815.08987,21253990773.457676,13875689745.563828,75464761469.2438,18.180201222735327,3.219199641274929,8.105352188185208,13.547745268792413,8.844659438567723,48.10284224044442,28521486150.0022,5050348830.457035,13875689745.563828,24,16,8,Universal P&C Insurance Co.;Florida Family Insurance Co.;First Protective Insurance Co.;Cypress P&C Insurance Co.;Florida Peninsula Insurance Co;Tower Hill Insurance Exchange;Kin Interinsurance Network;Florida Family Home Ins Co.;US Coastal P&C Insurance Co.;TypTap Insurance Co.;Homeowners Choice P&C Ins Co.;Edison Insurance Co.;Safe Harbor Insurance Co.;GeoVera Specialty Insurance Co;Universal North America Ins Co;Auto Club Insurance Co. of FL;American Platinum P&C Ins Co.;FL Farm Bureau General Ins Co.;Homesite Insurance Co.;State Farm FL Ins Co;AIG Property Casualty Co.;ASI Preferred Insurance Corp.;Castle Key Indemnity Co.;First Liberty Insurance Corp.,Universal P&C Insurance Co.;Florida Family Insurance Co.;First Protective Insurance Co.;Cypress P&C Insurance Co.;Florida Peninsula Insurance Co;Tower Hill Insurance Exchange;Kin Interinsurance Network;Florida Family Home Ins Co.;US Coastal P&C Insurance Co.;TypTap Insurance Co.;Homeowners Choice P&C Ins Co.;Edison Insurance Co.;Safe Harbor Insurance Co.;GeoVera Specialty Insurance Co;Universal North America Ins Co;American Platinum P&C Ins Co.,2229008033.630161,8,32.43209381455101,875809221.2831442,1811781.716294758,1,0.9811320754716981,2738745663.930794,341686620.0,1465738706.5903225,539937478.65,359958319.1,539937478.65,359958319.1,10434689745.563828,13875689745.563828,3441000000.0,1395853723.0,1395853723.0,0.0,False,12523215222.494581,12523215222.494581,0.0,1.0,9967695281.610945,2555519940.883637,2086305570.3311875,0.0,13,9464500000.0,9464500000.0,38
lake_okeechobee,baseline,,1928250N14343,"{""1928250N14343"": 0.22717093041286343}",156882125783.8144,35639058479.456985,121243067304.35742,6839288979.409685,16553521788.679022,0.0,10512344235.551153,1733903475.8171284,6839288979.409685,16553521788.679022,18807922229.6228,102435145074.73462,6.700791554824607,1.1052269129795385,4.359508098987844,10.551566474494352,11.988569211218083,65.29433774749558,10512344235.551153,1733903475.8171284,18807922229.6228,11,7,4,Universal P&C Insurance Co.;First Protective Insurance Co.;Tower Hill Insurance Exchange;Kin Interinsurance Network;TypTap Insurance Co.;Homeowners Choice P&C Ins Co.;GeoVera Specialty Insurance Co;FL Farm Bureau General Ins Co.;AIG Property Casualty Co.;ASI Preferred Insurance Corp.;Castle Key Indemnity Co.,Universal P&C Insurance Co.;First Protective Insurance Co.;Tower Hill Insurance Exchange;Kin Interinsurance Network;TypTap Insurance Co.;Homeowners Choice P&C Ins Co.;GeoVera Specialty Insurance Co,117641894.39461523,4,23.145936299594748,187704132.9381032,0.0,0,1.0,81399378.97276127,444236460.0,614173594.1476028,539937478.65,359958319.1,539937478.65,359958319.1,15366922229.622799,18807922229.6228,3441000000.0,1395853723.0,1395853723.0,0.0,False,3649060437.476198,3649060437.476198,0.0,1.0,3649060437.476198,0.0,1436971176.7503242,0.0,10,9464500000.0,9464500000.0,39
lake_okeechobee,baseline,,1928250N14343,"{""1928250N14343"": 0.29179858295942585}",156882125783.81442,45777981995.37945,111104143788.43497,7857090719.593135,17204346246.46007,0.0,18320840648.692818,2395704380.633422,7857090719.593135,17204346246.46007,17240416675.274143,93863727113.16083,11.67809306328445,1.5270728699423242,5.0082765517980725,10.966415810917733,10.989407868574943,59.83073383548248,18320840648.692818,2395704380.633422,17240416675.274143,17,12,5,Universal P&C Insurance Co.;Florida Family Insurance Co.;First Protective Insurance Co.;Cypress P&C Insurance Co.;Tower Hill Insurance Exchange;Kin Interinsurance Network;Florida Family Home Ins Co.;TypTap Insurance Co.;Homeowners Choice P&C Ins Co.;Edison Insurance Co.;Safe Harbor Insurance Co.;GeoVera Specialty Insurance Co;FL Farm Bureau General Ins Co.;State Farm FL Ins Co;AIG Property Casualty Co.;ASI Preferred Insurance Corp.;Castle Key Indemnity Co.,Universal P&C Insurance Co.;Florida Family Insurance Co.;First Protective Insurance Co.;Cypress P&C Insurance Co.;Tower Hill Insurance Exchange;Kin Interinsurance Network;Florida Family Home Ins Co.;TypTap Insurance Co.;Homeowners Choice P&C Ins Co.;Edison Insurance Co.;Safe Harbor Insurance Co.;GeoVera Specialty Insurance Co,683795368.0842029,5,28.525995730733356,212443346.62181556,0.0,0,1.0,510046614.8888252,384822840.0,1282633497.0367084,539937478.65,359958319.1,539937478.65,359958319.1,13799416675.274143,17240416675.274143,3441000000.0,1395853723.0,1395853723.0,0.0,False,8466906360.161429,8466906360.161429,0.0,1.0,8466906360.161429,0.0,1542179446.488809,0.0,12,9464500000.0,9464500000.0,40
lake_okeechobee,baseline,,1928250N14343,"{""1928250N14343"": 0.30215603466428403}",156882125783.8144,47402881036.54079,109479244747.27362,8059812204.285849,19152986719.80003,0.0,17403772273.186794,2786309839.268118,8059812204.285849,19152986719.80003,16989202799.533165,92490041947.74046,11.093534197241448,1.7760530878499752,5.137495533042671,12.208520648294309,10.829278807035358,58.95511772653626,17403772273.186794,2786309839.268118,16989202799.533165,16,11,5,Universal P&C Insurance Co.;Florida Family Insurance Co.;First Protective Insurance Co.;Cypress P&C Insurance Co.;Tower Hill Insurance Exchange;Kin Interinsurance Network;TypTap Insurance Co.;Homeowners Choice P&C Ins Co.;Edison Insurance Co.;Safe Harbor Insurance Co.;GeoVera Specialty Insurance Co;FL Farm Bureau General Ins Co.;State Farm FL Ins Co;AIG Property Casualty Co.;ASI Preferred Insurance Corp.;Castle Key Indemnity Co.,Universal P&C Insurance Co.;Florida Family Insurance Co.;First Protective Insurance Co.;Cypress P&C Insurance Co.;Tower Hill Insurance Exchange;Kin Interinsurance Network;TypTap Insurance Co.;Homeowners Choice P&C Ins Co.;Edison Insurance Co.;Safe Harbor Insurance Co.;GeoVera Specialty Insurance Co,493380345.10076267,5,28.176154707643686,210580495.53227508,0.0,0,1.0,502442947.62934196,388686240.0,1345474302.703022,539937478.65,359958319.1,539937478.65,359958319.1,13548202799.533165,16989202799.533165,3441000000.0,1395853723.0,1395853723.0,0.0,False,8309716701.031031,8309716701.031031,0.0,1.0,7995595361.424422,314121339.6066086,1490880544.9525313,0.0,13,9464500000.0,9464500000.0,41
lake_okeechobee,baseline,,1928250N14343,"{""1928250N14343"": 0.325211407617691}",156882125783.81442,51019856956.20994,105862268827.60448,7935234911.346514,23424901030.787445,0.0,16971046137.361628,2688674876.7143555,7935234911.346514,23424901030.787445,16430008341.154722,89432260486.44975,10.81770536482145,1.7138184884232026,5.058087319827225,14.931529588697224,10.472836378948283,57.00602285928261,16971046137.361628,2688674876.7143555,16430008341.154722,16,11,5,Universal P&C Insurance Co.;Florida Family Insurance Co.;First Protective Insurance Co.;Cypress P&C Insurance Co.;Tower Hill Insurance Exchange;Kin Interinsurance Network;TypTap Insurance Co.;Homeowners Choice P&C Ins Co.;Edison Insurance Co.;Safe Harbor Insurance Co.;GeoVera Specialty Insurance Co;FL Farm Bureau General Ins Co.;State Farm FL Ins Co;AIG Property Casualty Co.;ASI Preferred Insurance Corp.;Castle Key Indemnity Co.,Universal P&C Insurance Co.;Florida Family Insurance Co.;First Protective Insurance Co.;Cypress P&C Insurance Co.;Tower Hill Insurance Exchange;Kin Interinsurance Network;TypTap Insurance Co.;Homeowners Choice P&C Ins Co.;Edison Insurance Co.;Safe Harbor Insurance Co.;GeoVera Specialty Insurance Co,522801498.68806934,5,28.176154707643686,207177474.31712532,0.0,0,1.0,413802229.6678684,388686240.0,1338120878.8204012,539937478.65,359958319.1,539937478.65,359958319.1,12989008341.154722,16430008341.154722,3441000000.0,1395853723.0,1395853723.0,0.0,False,8108805365.891657,8108805365.891657,0.0,1.0,7891342639.213273,217462726.6783838,1502274489.9219313,0.0,11,9464500000.0,9464500000.0,42
lake_okeechobee,baseline,,1928250N14343,"{""1928250N14343"": 0.06005478573750891}",156882125783.8144,9421522449.991894,147460603333.8225,1810758540.8147638,3966170404.3114433,0.0,3191733096.0229535,452860408.84273446,1810758540.8147638,3966170404.3114433,22861225648.174488,124599377685.64804,2.0344784850896294,0.2886628458023204,1.154215964226551,2.52812127863239,14.572230924303991,79.42229050194514,3191733096.0229535,452860408.84273446,22861225648.174488,1,0,1,Castle Key Indemnity Co.,,30146666.128528215,1,0.0,0.0,0.0,0,1.0,0.0,0.0,0.0,316522747.02256143,0.0,539937478.65,359958319.1,19420225648.174488,22861225648.174488,3441000000.0,1395853723.0,1395853723.0,0.0,False,24039660.47268308,24039660.47268308,0.0,1.0,24039660.47268308,0.0,1090000000.0,0.0,7,9464500000.0,9464500000.0,43
lake_okeechobee,baseline,,1928250N14343,"{""1928250N14343"": 0.3504036209476697}",156882125783.8144,54972064936.61633,101910060847.19807,6138368651.974363,21853537065.880104,0.0,23022671168.597538,3957488050.164329,6138368651.974363,21853537065.880104,15818986081.099289,86091074766.09879,14.675139728998241,2.522586961638829,3.912726590939439,13.929908813190462,10.083357808969302,54.87628009626374,23022671168.597538,3957488050.164329,15818986081.099289,21,14,7,Universal P&C Insurance Co.;Florida Family Insurance Co.;First Protective Insurance Co.;Cypress P&C Insurance Co.;Tower Hill Insurance Exchange;Kin Interinsurance Network;Florida Family Home Ins Co.;US Coastal P&C Insurance Co.;TypTap Insurance Co.;Homeowners Choice P&C Ins Co.;Edison Insurance Co.;Safe Harbor Insurance Co.;GeoVera Specialty Insurance Co;Universal North America Ins Co;FL Farm Bureau General Ins Co.;Homesite Insurance Co.;State Farm FL Ins Co;AIG Property Casualty Co.;ASI Preferred Insurance Corp.;Castle Key Indemnity Co.;First Liberty Insurance Corp.,Universal P&C Insurance Co.;Florida Family Insurance Co.;First Protective Insurance Co.;Cypress P&C Insurance Co.;Tower Hill Insurance Exchange;Kin Interinsurance Network;Florida Family Home Ins Co.;US Coastal P&C Insurance Co.;TypTap Insurance Co.;Homeowners Choice P&C Ins Co.;Edison Insurance Co.;Safe Harbor Insurance Co.;GeoVera Specialty Insurance Co;Universal North America Ins Co,1202248151.8311942,7,29.203227969374158,555664977.2821676,0.0,0,1.0,1358452824.9505243,377343960.0,1414389017.6888838,539937478.65,359958319.1,539937478.65,359958319.1,12377986081.099289,15818986081.099289,3441000000.0,1395853723.0,1395853723.0,0.0,False,11017868953.103407,11017868953.103407,0.0,1.0,9544281184.709549,1473587768.3938577,1869930129.5515537,0.0,13,9464500000.0,9464500000.0,44
lake_okeechobee,baseline,,1928250N14343,"{""1928250N14343"": 0.3737613979109667}",156882125783.81442,58636482640.202576,98245643143.61185,11061835219.227137,26446780022.9718,0.0,18306131402.49857,2821735995.505065,11061835219.227137,26446780022.9718,15252456992.009659,82993186151.60219,11.668717077256241,1.7986344724786898,7.051048781982012,16.857739459379715,9.722240131439666,52.901620077463676,18306131402.49857,2821735995.505065,15252456992.009659,17,12,5,Universal P&C Insurance Co.;Florida Family Insurance Co.;First Protective Insurance Co.;Cypress P&C Insurance Co.;Tower Hill Insurance Exchange;Kin Interinsurance Network;Florida Family Home Ins Co.;TypTap Insurance Co.;Homeowners Choice P&C Ins Co.;Edison Insurance Co.;Safe Harbor Insurance Co.;GeoVera Specialty Insurance Co;FL Farm Bureau General Ins Co.;State Farm FL Ins Co;AIG Property Casualty Co.;ASI Preferred Insurance Corp.;Castle Key Indemnity Co.,Universal P&C Insurance Co.;Florida Family Insurance Co.;First Protective Insurance Co.;Cypress P&C Insurance Co.;Tower Hill Insurance Exchange;Kin Interinsurance Network;Florida Family Home Ins Co.;TypTap Insurance Co.;Homeowners Choice P&C Ins Co.;Edison Insurance Co.;Safe Harbor Insurance Co.;GeoVera Specialty Insurance Co,492626557.8753733,5,28.525995730733356,212209353.578856,0.0,0,1.0,590793625.4003448,384822840.0,1355766301.956738,539937478.65,359958319.1,539937478.65,359958319.1,11811456992.009659,15252456992.009659,3441000000.0,1395853723.0,1395853723.0,0.0,False,8701348634.729633,8701348634.729633,0.0,1.0,8352155400.448446,349193234.2811861,1600970869.2496774,0.0,13,9464500000.0,9464500000.0,45
lake_okeechobee,baseline,,1928250N14343,"{""1928250N14343"": 0.41183148717915663}",156882125783.8144,64608999173.37579,92273126610.43861,14703032586.893505,23440908823.9196,0.0,22510499235.693317,3954558526.869373,14703032586.893505,23440908823.9196,14329089454.569817,77944037155.8688,14.348670457661363,2.5207196212516942,9.372025342870783,14.941733296131824,9.133666045751756,49.68318523633259,22510499235.693317,3954558526.869373,14329089454.569817,20,13,7,Universal P&C Insurance Co.;Florida Family Insurance Co.;First Protective Insurance Co.;Cypress P&C Insurance Co.;Tower Hill Insurance Exchange;Kin Interinsurance Network;Florida Family Home Ins Co.;US Coastal P&C Insurance Co.;TypTap Insurance Co.;Homeowners Choice P&C Ins Co.;Edison Insurance Co.;Safe Harbor Insurance Co.;GeoVera Specialty Insurance Co;FL Farm Bureau General Ins Co.;Homesite Insurance Co.;State Farm FL Ins Co;AIG Property Casualty Co.;ASI Preferred Insurance Corp.;Castle Key Indemnity Co.;First Liberty Insurance Corp.,Universal P&C Insurance Co.;Florida Family Insurance Co.;First Protective Insurance Co.;Cypress P&C Insurance Co.;Tower Hill Insurance Exchange;Kin Interinsurance Network;Florida Family Home Ins Co.;US Coastal P&C Insurance Co.;TypTap Insurance Co.;Homeowners Choice P&C Ins Co.;Edison Insurance Co.;Safe Harbor Insurance Co.;GeoVera Specialty Insurance Co,1024665348.8628863,7,28.889501145391137,449740095.80534196,0.0,0,1.0,1207020488.7374597,380808540.0,1409423764.7754083,539937478.65,359958319.1,539937478.65,359958319.1,10888089454.569817,14329089454.569817,3441000000.0,1395853723.0,1395853723.0,0.0,False,10954331392.676369,10954331392.676369,0.0,1.0,9483643852.344519,1470687540.331851,1854653092.0130358,0.0,13,9464500000.0,9464500000.0,46
lake_okeechobee,baseline,,1928250N14343,"{""1928250N14343"": 0.40491326802286215}",156882125783.81442,63523654245.49802,93358471538.3164,12439327068.650791,26085506846.977585,0.0,21096171421.165455,3902648908.7041826,12439327068.650791,26085506846.977585,14496886775.474825,78861584762.84158,13.44714786070419,2.487631327791977,7.92909135218651,16.627456261603534,9.240623623019822,50.268049574693976,21096171421.165455,3902648908.7041826,14496886775.474825,18,12,6,Universal P&C Insurance Co.;Florida Family Insurance Co.;First Protective Insurance Co.;Cypress P&C Insurance Co.;Tower Hill Insurance Exchange;Kin Interinsurance Network;Florida Family Home Ins Co.;TypTap Insurance Co.;Homeowners Choice P&C Ins Co.;Edison Insurance Co.;Safe Harbor Insurance Co.;GeoVera Specialty Insurance Co;FL Farm Bureau General Ins Co.;Homesite Insurance Co.;State Farm FL Ins Co;AIG Property Casualty Co.;ASI Preferred Insurance Corp.;Castle Key Indemnity Co.,Universal P&C Insurance Co.;Florida Family Insurance Co.;First Protective Insurance Co.;Cypress P&C Insurance Co.;Tower Hill Insurance Exchange;Kin Interinsurance Network;Florida Family Home Ins Co.;TypTap Insurance Co.;Homeowners Choice P&C Ins Co.;Edison Insurance Co.;Safe Harbor Insurance Co.;GeoVera Specialty Insurance Co,974999354.5318605,6,28.525995730733356,275710754.1927749,0.0,0,1.0,913267391.5061929,384822840.0,1394613658.134492,539937478.65,359958319.1,539937478.65,359958319.1,11055886775.474825,14496886775.474825,3441000000.0,1395853723.0,1395853723.0,0.0,False,10664893910.920792,10664893910.920792,0.0,1.0,9245596892.57248,1419297018.3483129,1714442049.8364909,0.0,13,9464500000.0,9464500000.0,47
lake_okeechobee,baseline,,1928250N14343,"{""1928250N14343"": 0.408287898775134}",156882125783.8144,64053073491.64985,92829052292.16455,14076934839.876589,24359320689.811375,0.0,22151410631.632538,3465407330.329342,14076934839.876589,24359320689.811375,14415037099.065014,78414015193.09955,14.119779752447686,2.208924256358381,8.972937337217617,15.52714853148971,9.188450900346112,49.9827592221405,22151410631.632538,3465407330.329342,14415037099.065014,20,13,7,Universal P&C Insurance Co.;Florida Family Insurance Co.;First Protective Insurance Co.;Cypress P&C Insurance Co.;Tower Hill Insurance Exchange;Kin Interinsurance Network;Florida Family Home Ins Co.;US Coastal P&C Insurance Co.;TypTap Insurance Co.;Homeowners Choice P&C Ins Co.;Edison Insurance Co.;Safe Harbor Insurance Co.;GeoVera Specialty Insurance Co;FL Farm Bureau General Ins Co.;Homesite Insurance Co.;State Farm FL Ins Co;AIG Property Casualty Co.;ASI Preferred Insurance Corp.;Castle Key Indemnity Co.;First Liberty Insurance Corp.,Universal P&C Insurance Co.;Florida Family Insurance Co.;First Protective Insurance Co.;Cypress P&C Insurance Co.;Tower Hill Insurance Exchange;Kin Interinsurance Network;Florida Family Home Ins Co.;US Coastal P&C Insurance Co.;TypTap Insurance Co.;Homeowners Choice P&C Ins Co.;Edison Insurance Co.;Safe Harbor Insurance Co.;GeoVera Specialty Insurance Co,1141741860.8029249,7,28.889501145391137,499517763.3000864,0.0,0,1.0,1254293508.680171,380808540.0,1402613062.6167188,539937478.65,359958319.1,539937478.65,359958319.1,10974037099.065014,14415037099.065014,3441000000.0,1395853723.0,1395853723.0,0.0,False,10304990327.370419,10304990327.370419,0.0,1.0,9318562471.613197,986427855.7572205,1863822360.8419743,0.0,13,9464500000.0,9464500000.0,48
lake_okeechobee,baseline,,1928250N14343,"{""1928250N14343"": 0.3852649018311667}",156882125783.81442,60441176789.166,96440948994.64842,7579272986.576187,25974495449.246452,0.0,23663313179.33948,3224095174.003871,7579272986.576187,25974495449.246452,14973446296.450296,81467502698.19812,15.08349855734861,2.0551067611403453,4.831189626420873,16.55669523820683,9.54439278639295,51.92911703049038,23663313179.33948,3224095174.003871,14973446296.450296,20,13,7,Universal P&C Insurance Co.;Florida Family Insurance Co.;First Protective Insurance Co.;Cypress P&C Insurance Co.;Tower Hill Insurance Exchange;Kin Interinsurance Network;Florida Family Home Ins Co.;US Coastal P&C Insurance Co.;TypTap Insurance Co.;Homeowners Choice P&C Ins Co.;Edison Insurance Co.;Safe Harbor Insurance Co.;GeoVera Specialty Insurance Co;FL Farm Bureau General Ins Co.;Homesite Insurance Co.;State Farm FL Ins Co;AIG Property Casualty Co.;ASI Preferred Insurance Corp.;Castle Key Indemnity Co.;First Liberty Insurance Corp.,Universal P&C Insurance Co.;Florida Family Insurance Co.;First Protective Insurance Co.;Cypress P&C Insurance Co.;Tower Hill Insurance Exchange;Kin Interinsurance Network;Florida Family Home Ins Co.;US Coastal P&C Insurance Co.;TypTap Insurance Co.;Homeowners Choice P&C Ins Co.;Edison Insurance Co.;Safe Harbor Insurance Co.;GeoVera Specialty Insurance Co,1518301828.788971,7,28.889501145391137,507265647.1294317,0.0,0,1.0,1319270080.114872,380808540.0,1414675508.705721,539937478.65,359958319.1,539937478.65,359958319.1,11532446296.450296,14973446296.450296,3441000000.0,1395853723.0,1395853723.0,0.0,False,10223582006.689888,10223582006.689888,0.0,1.0,9476053185.694883,747528820.9950042,1855080621.4403875,0.0,13,9464500000.0,9464500000.0,49
lake_okeechobee,baseline,,1928250N14343,"{""1928250N14343"": 0.5484852337195859}",156882125783.81442,86047529426.96092,70834596356.8535,11600786705.135443,35500226022.22186,0.0,32983848838.157932,5962667861.445681,11600786705.135443,35500226022.22186,11014633516.837166,59819962840.01634,21.024606004899564,3.8007311742207737,7.39458790934633,22.628598283491918,7.020961414059032,38.130515213982385,32983848838.157932,5962667861.445681,11014633516.837166,27,18,9,Universal P&C Insurance Co.;Florida Family Insurance Co.;First Protective Insurance Co.;Cypress P&C Insurance Co.;Florida Peninsula Insurance Co;Tower Hill Insurance Exchange;Kin Interinsurance Network;Heritage P&C Insurance Co.;Florida Family Home Ins Co.;US Coastal P&C Insurance Co.;TypTap Insurance Co.;Homeowners Choice P&C Ins Co.;Edison Insurance Co.;Safe Harbor Insurance Co.;GeoVera Specialty Insurance Co;Florida Farm Bureau Cas Ins Co;Universal North America Ins Co;Auto Club Insurance Co. of FL;American Platinum P&C Ins Co.;FL Farm Bureau General Ins Co.;Homesite Insurance Co.;State Farm FL Ins Co;AIG Property Casualty Co.;ASI Preferred Insurance Corp.;ACE Ins Co. of the Midwest;Castle Key Indemnity Co.;First Liberty Insurance Corp.,Universal P&C Insurance Co.;Florida Family Insurance Co.;First Protective Insurance Co.;Cypress P&C Insurance Co.;Florida Peninsula Insurance Co;Tower Hill Insurance Exchange;Kin Interinsurance Network;Heritage P&C Insurance Co.;Florida Family Home Ins Co.;US Coastal P&C Insurance Co.;TypTap Insurance Co.;Homeowners Choice P&C Ins Co.;Edison Insurance Co.;Safe Harbor Insurance Co.;GeoVera Specialty Insurance Co;Florida Farm Bureau Cas Ins Co;Universal North America Ins Co;American Platinum P&C Ins Co.,2707073700.4385843,9,35.166819401784345,1486480438.1044462,10693780.498094507,1,0.9811320754716981,4737662078.386367,311486220.0,1496498284.3704963,539937478.65,359958319.1,539937478.65,359958319.1,7573633516.837166,11014633516.837166,3441000000.0,1395853723.0,1395853723.0,0.0,False,13571297526.296932,13571297526.296932,0.0,1.0,10112581744.734535,3458715781.562396,2086383751.433502,0.0,13,9464500000.0,9464500000.0,50
lake_okeechobee,baseline,,1928250N14343,"{""1928250N14343"": 0.4360557359087781}",156882125783.8144,68409350809.59468,88472774974.21973,10601203164.304066,30698945951.49421,0.0,22609465852.21458,4499735841.581821,10601203164.304066,30698945951.49421,13741544604.37976,74731230369.83997,14.411753881618559,2.86822722416607,6.7574321238562645,19.568160361236917,8.759152475608207,47.635273933513986,22609465852.21458,4499735841.581821,13741544604.37976,19,12,7,Universal P&C Insurance Co.;Florida Family Insurance Co.;First Protective Insurance Co.;Cypress P&C Insurance Co.;Tower Hill Insurance Exchange;Kin Interinsurance Network;Florida Family Home Ins Co.;TypTap Insurance Co.;Homeowners Choice P&C Ins Co.;Edison Insurance Co.;Safe Harbor Insurance Co.;GeoVera Specialty Insurance Co;FL Farm Bureau General Ins Co.;Homesite Insurance Co.;State Farm FL Ins Co;AIG Property Casualty Co.;ASI Preferred Insurance Corp.;Castle Key Indemnity Co.;First Liberty Insurance Corp.,Universal P&C Insurance Co.;Florida Family Insurance Co.;First Protective Insurance Co.;Cypress P&C Insurance Co.;Tower Hill Insurance Exchange;Kin Interinsurance Network;Florida Family Home Ins Co.;TypTap Insurance Co.;Homeowners Choice P&C Ins Co.;Edison Insurance Co.;Safe Harbor Insurance Co.;GeoVera Specialty Insurance Co,1235512365.7276423,7,28.525995730733356,606361753.9810791,0.0,0,1.0,1353939441.9596796,384822840.0,1416541261.0981445,539937478.65,359958319.1,539937478.65,359958319.1,10300544604.37976,13741544604.37976,3441000000.0,1395853723.0,1395853723.0,0.0,False,11414660184.997484,11414660184.997484,0.0,1.0,9404247103.10031,2010413081.8971753,1912846585.6237445,0.0,13,9464500000.0,9464500000.0,51
lake_okeechobee,baseline,,1928250N14343,"{""1928250N14343"": 0.6986366100802182}",156882125783.8144,109603596539.78247,47278529244.03194,19893113471.469406,47427654803.34329,0.0,37105573549.85659,5177254715.113182,19893113471.469406,47427654803.34329,7372800537.234291,39905728706.79765,23.651880903875917,3.3000921483225607,12.680293164106136,30.231394791717204,4.699579700618097,25.436759291360104,37105573549.85659,5177254715.113182,7372800537.234291,28,18,10,Universal P&C Insurance Co.;Florida Family Insurance Co.;First Protective Insurance Co.;Cypress P&C Insurance Co.;Florida Peninsula Insurance Co;Tower Hill Insurance Exchange;Kin Interinsurance Network;Heritage P&C Insurance Co.;Florida Family Home Ins Co.;US Coastal P&C Insurance Co.;TypTap Insurance Co.;Homeowners Choice P&C Ins Co.;Edison Insurance Co.;Safe Harbor Insurance Co.;GeoVera Specialty Insurance Co;Florida Farm Bureau Cas Ins Co;Universal North America Ins Co;Auto Club Insurance Co. of FL;American Platinum P&C Ins Co.;FL Farm Bureau General Ins Co.;Castle Key Insurance Co.;Homesite Insurance Co.;State Farm FL Ins Co;AIG Property Casualty Co.;ASI Preferred Insurance Corp.;ACE Ins Co. of the Midwest;Castle Key Indemnity Co.;First Liberty Insurance Corp.,Universal P&C Insurance Co.;Florida Family Insurance Co.;First Protective Insurance Co.;Cypress P&C Insurance Co.;Florida Peninsula Insurance Co;Tower Hill Insurance Exchange;Kin Interinsurance Network;Heritage P&C Insurance Co.;Florida Family Home Ins Co.;US Coastal P&C Insurance Co.;TypTap Insurance Co.;Homeowners Choice P&C Ins Co.;Edison Insurance Co.;Safe Harbor Insurance Co.;GeoVera Specialty Insurance Co;Florida Farm Bureau Cas Ins Co;Universal North America Ins Co;American Platinum P&C Ins Co.,3651716995.99316,10,35.166819401784345,1801533359.7617455,23044476.798614226,1,0.9811320754716981,6140597138.436899,311486220.0,1503740090.666594,539937478.65,359958319.1,539937478.65,359958319.1,3931800537.234291,7372800537.234291,3441000000.0,1395853723.0,1395853723.0,0.0,False,12857280492.416162,12857280492.416162,0.0,1.0,10176123725.72294,2681156766.693222,2086625717.5643706,0.0,13,9464500000.0,9464500000.0,52
lake_okeechobee,baseline,,1928250N14343,"{""1928250N14343"": 0.09001794036493696}",156882125783.8144,14122205843.131943,142759919940.68246,2594422488.053894,6399515873.165796,0.0,4488609786.598511,639657695.3137418,2594422488.053894,6399515873.165796,22134487023.860962,120625432916.8215,2.8611352403420853,0.4077314047842508,1.6537400134601963,4.0791873779071635,14.108992285305067,76.88921367820126,4488609786.598511,639657695.3137418,22134487023.860962,4,1,3,First Protective Insurance Co.;FL Farm Bureau General Ins Co.;ASI Preferred Insurance Corp.;Castle Key Indemnity Co.,First Protective Insurance Co.,44197296.569612294,3,4.237368573953127,7090703.428317338,0.0,0,1.0,0.0,7090703.428317338,0.0,499904588.5378524,0.0,539937478.65,359958319.1,18693487023.860962,22134487023.860962,3441000000.0,1395853723.0,1395853723.0,0.0,False,139277226.332004,139277226.332004,0.0,1.0,139277226.332004,0.0,1173178590.381493,0.0,9,9464500000.0,9464500000.0,53
lake_okeechobee,baseline,,1928250N14343,"{""1928250N14343"": 0.2046942847709398}",156882125783.81442,32112874530.6625,124769251253.15192,5127042828.089342,12944888581.827236,0.0,12186892312.80169,1854050807.9442272,5127042828.089342,12944888581.827236,19353079998.75975,105416171254.39215,7.768184075727902,1.181811375056922,3.2680860247613372,8.251347001547812,12.33606435536738,67.19450716753863,12186892312.80169,1854050807.9442272,19353079998.75975,11,7,4,Universal P&C Insurance Co.;First Protective Insurance Co.;Tower Hill Insurance Exchange;Kin Interinsurance Network;TypTap Insurance Co.;Homeowners Choice P&C Ins Co.;GeoVera Specialty Insurance Co;FL Farm Bureau General Ins Co.;AIG Property Casualty Co.;ASI Preferred Insurance Corp.;Castle Key Indemnity Co.,Universal P&C Insurance Co.;First Protective Insurance Co.;Tower Hill Insurance Exchange;Kin Interinsurance Network;TypTap Insurance Co.;Homeowners Choice P&C Ins Co.;GeoVera Specialty Insurance Co,158075798.82469034,4,23.145936299594748,191587434.407784,0.0,0,1.0,114553286.13206351,444236460.0,731413299.8678855,539937478.65,359958319.1,539937478.65,359958319.1,15912079998.75975,19353079998.75975,3441000000.0,1395853723.0,1395853723.0,0.0,False,4968033616.287424,4968033616.287424,0.0,1.0,4968033616.287424,0.0,1440301905.7931328,0.0,11,9464500000.0,9464500000.0,54
lake_okeechobee,baseline,,1928250N14343,"{""1928250N14343"": 0.14405487616246826}",156882125783.8144,22599635201.89215,134282490581.92226,4929551990.938518,10468050279.688625,0.0,6237389666.145843,964643265.1191659,4929551990.938518,10468050279.688625,20823853051.172787,113458637530.74947,3.9758446891145818,0.6148841114305507,3.142201169387202,6.672557646314492,13.2735663461549,72.32094603759828,6237389666.145843,964643265.1191659,20823853051.172787,6,3,3,Universal P&C Insurance Co.;First Protective Insurance Co.;Kin Interinsurance Network;FL Farm Bureau General Ins Co.;ASI Preferred Insurance Corp.;Castle Key Indemnity Co.,Universal P&C Insurance Co.;First Protective Insurance Co.;Kin Interinsurance Network,64441352.127874054,3,13.812836302273293,91781843.44191599,0.0,0,1.0,0.0,182673608.0758938,0.0,539937478.65,264655272.35415328,539937478.65,359958319.1,17382853051.172787,20823853051.172787,3441000000.0,1395853723.0,1395853723.0,0.0,False,632474783.9896477,632474783.9896477,0.0,1.0,632474783.9896477,0.0,1334543278.8547516,0.0,10,9464500000.0,9464500000.0,55
lake_okeechobee,baseline,,1928250N14343,"{""1928250N14343"": 0.1734041791504899}",156882125783.8144,27204016244.92624,129678109538.88817,4329179676.32166,12135262689.212286,0.0,9339775281.555536,1399798597.8367567,4329179676.32166,12135262689.212286,20112003035.936043,109566106502.95213,5.953371191837284,0.8922613655590679,2.759511100893244,7.735274256759393,12.819818022896149,69.83976406205488,9339775281.555536,1399798597.8367567,20112003035.936043,11,7,4,Universal P&C Insurance Co.;First Protective Insurance Co.;Tower Hill Insurance Exchange;Kin Interinsurance Network;TypTap Insurance Co.;Homeowners Choice P&C Ins Co.;GeoVera Specialty Insurance Co;FL Farm Bureau General Ins Co.;AIG Property Casualty Co.;ASI Preferred Insurance Corp.;Castle Key Indemnity Co.,Universal P&C Insurance Co.;First Protective Insurance Co.;Tower Hill Insurance Exchange;Kin Interinsurance Network;TypTap Insurance Co.;Homeowners Choice P&C Ins Co.;GeoVera Specialty Insurance Co,96964977.03750537,4,23.145936299594748,183480142.5775966,0.0,0,1.0,16939974.277013123,444236460.0,309919100.08781815,539937478.65,359958319.1,539937478.65,359958319.1,16671003035.936043,20112003035.936043,3441000000.0,1395853723.0,1395853723.0,0.0,False,2708461359.473001,2708461359.473001,0.0,1.0,2708461359.473001,0.0,1435991423.7122972,0.0,10,9464500000.0,9464500000.0,56
lake_okeechobee,baseline,,1928250N14343,"{""1928250N14343"": 0.6656544408816072}",156882125783.8144,104429283722.94293,52452842060.871475,20276323399.681267,37199417587.2317,0.0,39847495757.04342,7106046978.986547,20276323399.681267,37199417587.2317,8172763577.452126,44280078483.41936,25.399640372003745,4.52954531530174,12.924559313801181,23.711699087054043,5.209493137997314,28.225062773841987,39847495757.04342,7106046978.986547,8172763577.452126,29,18,11,Universal P&C Insurance Co.;Florida Family Insurance Co.;First Protective Insurance Co.;Cypress P&C Insurance Co.;Florida Peninsula Insurance Co;Tower Hill Insurance Exchange;Kin Interinsurance Network;Heritage P&C Insurance Co.;Florida Family Home Ins Co.;US Coastal P&C Insurance Co.;TypTap Insurance Co.;Homeowners Choice P&C Ins Co.;Edison Insurance Co.;Safe Harbor Insurance Co.;GeoVera Specialty Insurance Co;Florida Farm Bureau Cas Ins Co;Universal North America Ins Co;Auto Club Insurance Co. of FL;American Platinum P&C Ins Co.;FL Farm Bureau General Ins Co.;Castle Key Insurance Co.;Homesite Insurance Co.;State Farm FL Ins Co;AIG Property Casualty Co.;ASI Preferred Insurance Corp.;Nationwide P&C Insurance Co.;ACE Ins Co. of the Midwest;Castle Key Indemnity Co.;First Liberty Insurance Corp.,Universal P&C Insurance Co.;Florida Family Insurance Co.;First Protective Insurance Co.;Cypress P&C Insurance Co.;Florida Peninsula Insurance Co;Tower Hill Insurance Exchange;Kin Interinsurance Network;Heritage P&C Insurance Co.;Florida Family Home Ins Co.;US Coastal P&C Insurance Co.;TypTap Insurance Co.;Homeowners Choice P&C Ins Co.;Edison Insurance Co.;Safe Harbor Insurance Co.;GeoVera Specialty Insurance Co;Florida Farm Bureau Cas Ins Co;Universal North America Ins Co;American Platinum P&C Ins Co.,4036554520.7445135,11,35.166819401784345,2019336446.4215083,32974507.091028564,1,0.9811320754716981,7126908699.900104,311486220.0,1596257350.9983625,539937478.65,359958319.1,539937478.65,359958319.1,4731763577.452126,8172763577.452126,3441000000.0,1395853723.0,1395853723.0,0.0,False,14710365649.147264,14710365649.147264,0.0,1.0,10187808238.066193,4522557411.081072,2086704256.703201,0.0,13,9464500000.0,9464500000.0,57
lake_okeechobee,baseline,,1928250N14343,"{""1928250N14343"": 0.5460113490613404}",156882125783.81442,85659421142.83139,71222704640.98303,20596423796.16778,36990379725.735,0.0,24215196586.33779,3857421034.5908113,20596423796.16778,36990379725.735,11074636128.56477,60148068512.41825,15.43528076595969,2.458802119947295,13.128598107186484,23.578453913040555,7.059208353554414,38.339656740311554,24215196586.33779,3857421034.5908113,11074636128.56477,20,13,7,Universal P&C Insurance Co.;Florida Family Insurance Co.;First Protective Insurance Co.;Cypress P&C Insurance Co.;Tower Hill Insurance Exchange;Kin Interinsurance Network;Florida Family Home Ins Co.;US Coastal P&C Insurance Co.;TypTap Insurance Co.;Homeowners Choice P&C Ins Co.;Edison Insurance Co.;Safe Harbor Insurance Co.;GeoVera Specialty Insurance Co;FL Farm Bureau General Ins Co.;Homesite Insurance Co.;State Farm FL Ins Co;AIG Property Casualty Co.;ASI Preferred Insurance Corp.;Castle Key Indemnity Co.;First Liberty Insurance Corp.,Universal P&C Insurance Co.;Florida Family Insurance Co.;First Protective Insurance Co.;Cypress P&C Insurance Co.;Tower Hill Insurance Exchange;Kin Interinsurance Network;Florida Family Home Ins Co.;US Coastal P&C Insurance Co.;TypTap Insurance Co.;Homeowners Choice P&C Ins Co.;Edison Insurance Co.;Safe Harbor Insurance Co.;GeoVera Specialty Insurance Co,1439863433.6612601,7,28.889501145391137,591466971.4501722,0.0,0,1.0,1513312340.9893713,380808540.0,1424238275.1013255,539937478.65,359958319.1,539937478.65,359958319.1,7633636128.56477,11074636128.56477,3441000000.0,1395853723.0,1395853723.0,0.0,False,11026345503.318565,11026345503.318565,0.0,1.0,9651824080.342491,1374521422.9760747,1992583219.276087,0.0,13,9464500000.0,9464500000.0,58
lake_okeechobee,baseline,,1928250N14343,"{""1928250N14343"": 0.3569933722981633}",156882125783.8144,56005879136.86853,100876246646.94586,8311032769.855784,25669877593.295425,0.0,19205488978.30907,2819479795.408248,8311032769.855784,25669877593.295425,15659155552.886414,85217091094.05946,12.241986703300084,1.797196322603078,5.297628858821365,16.3625253450918,9.981478434620993,54.31918433556269,19205488978.30907,2819479795.408248,15659155552.886414,18,12,6,Universal P&C Insurance Co.;Florida Family Insurance Co.;First Protective Insurance Co.;Cypress P&C Insurance Co.;Tower Hill Insurance Exchange;Kin Interinsurance Network;Florida Family Home Ins Co.;TypTap Insurance Co.;Homeowners Choice P&C Ins Co.;Edison Insurance Co.;Safe Harbor Insurance Co.;GeoVera Specialty Insurance Co;FL Farm Bureau General Ins Co.;Homesite Insurance Co.;State Farm FL Ins Co;AIG Property Casualty Co.;ASI Preferred Insurance Corp.;Castle Key Indemnity Co.,Universal P&C Insurance Co.;Florida Family Insurance Co.;First Protective Insurance Co.;Cypress P&C Insurance Co.;Tower Hill Insurance Exchange;Kin Interinsurance Network;Florida Family Home Ins Co.;TypTap Insurance Co.;Homeowners Choice P&C Ins Co.;Edison Insurance Co.;Safe Harbor Insurance Co.;GeoVera Specialty Insurance Co,753325113.755259,6,28.525995730733356,216501423.82791758,0.0,0,1.0,672062802.9946151,384822840.0,1364598693.9293423,539937478.65,359958319.1,539937478.65,359958319.1,12218155552.886414,15659155552.886414,3441000000.0,1395853723.0,1395853723.0,0.0,False,9069613164.177914,9069613164.177914,0.0,1.0,8722653567.992577,346959596.18533725,1515852184.3557925,0.0,12,9464500000.0,9464500000.0,59
lake_okeechobee,baseline,,1928250N14343,"{""1928250N14343"": 0.2943326861401689}",156882125783.8144,46175537489.32994,110706588294.48447,7356561649.379793,19110858699.286602,0.0,16942718079.619726,2765399061.043821,7356561649.379793,19110858699.286602,17178953498.838243,93527634795.64624,10.799648458975506,1.76272411355171,4.689228688497778,12.181667352991896,10.950229934104199,59.61650145187893,16942718079.619726,2765399061.043821,17178953498.838243,16,11,5,Universal P&C Insurance Co.;Florida Family Insurance Co.;First Protective Insurance Co.;Cypress P&C Insurance Co.;Tower Hill Insurance Exchange;Kin Interinsurance Network;TypTap Insurance Co.;Homeowners Choice P&C Ins Co.;Edison Insurance Co.;Safe Harbor Insurance Co.;GeoVera Specialty Insurance Co;FL Farm Bureau General Ins Co.;State Farm FL Ins Co;AIG Property Casualty Co.;ASI Preferred Insurance Corp.;Castle Key Indemnity Co.,Universal P&C Insurance Co.;Florida Family Insurance Co.;First Protective Insurance Co.;Cypress P&C Insurance Co.;Tower Hill Insurance Exchange;Kin Interinsurance Network;TypTap Insurance Co.;Homeowners Choice P&C Ins Co.;Edison Insurance Co.;Safe Harbor Insurance Co.;GeoVera Specialty Insurance Co,405397228.3491964,5,28.176154707643686,207627797.34795773,0.0,0,1.0,429585216.53216195,388686240.0,1339092952.0743504,539937478.65,359958319.1,539937478.65,359958319.1,13737953498.838243,17178953498.838243,3441000000.0,1395853723.0,1395853723.0,0.0,False,8143457232.505898,8143457232.505898,0.0,1.0,7850037563.341344,293419669.1645545,1492260956.4636784,0.0,11,9464500000.0,9464500000.0,60
lake_okeechobee,baseline,,1928250N14343,"{""1928250N14343"": 0.38884279674016964}",156882125783.81442,61002484548.321465,95879641235.49295,12951122259.26588,24275657064.039787,0.0,20526046259.39107,3249658965.624725,12951122259.26588,24275657064.039787,14886666567.932426,80992974667.56052,13.083737970045247,2.071401665032763,8.255320479984247,15.473819558954698,9.489077543764573,51.626642782218454,20526046259.39107,3249658965.624725,14886666567.932426,18,12,6,Universal P&C Insurance Co.;Florida Family Insurance Co.;First Protective Insurance Co.;Cypress P&C Insurance Co.;Tower Hill Insurance Exchange;Kin Interinsurance Network;Florida Family Home Ins Co.;TypTap Insurance Co.;Homeowners Choice P&C Ins Co.;Edison Insurance Co.;Safe Harbor Insurance Co.;GeoVera Specialty Insurance Co;FL Farm Bureau General Ins Co.;Homesite Insurance Co.;State Farm FL Ins Co;AIG Property Casualty Co.;ASI Preferred Insurance Corp.;Castle Key Indemnity Co.,Universal P&C Insurance Co.;Florida Family Insurance Co.;First Protective Insurance Co.;Cypress P&C Insurance Co.;Tower Hill Insurance Exchange;Kin Interinsurance Network;Florida Family Home Ins Co.;TypTap Insurance Co.;Homeowners Choice P&C Ins Co.;Edison Insurance Co.;Safe Harbor Insurance Co.;GeoVera Specialty Insurance Co,878037086.2549489,6,28.525995730733356,241902739.91034007,0.0,0,1.0,824901743.2357538,384822840.0,1384044803.2174006,539937478.65,359958319.1,539937478.65,359958319.1,11445666567.932426,14886666567.932426,3441000000.0,1395853723.0,1395853723.0,0.0,False,9778834035.417116,9778834035.417116,0.0,1.0,9005997060.717466,772836974.6996491,1718905189.0711625,0.0,13,9464500000.0,9464500000.0,61
lake_okeechobee,baseline,,1928250N14343,"{""1928250N14343"": 0.1912299714374841}",156882125783.8144,30000564432.690613,126881561351.12378,7049848388.388179,12274731643.045189,0.0,9383409213.0104,1292575188.2468462,7049848388.388179,12274731643.045189,19679648968.915005,107201912382.2088,5.981184386767464,0.8239148862809468,4.493723139692129,7.8241747310078695,12.544226355036658,68.33277650121495,9383409213.0104,1292575188.2468462,19679648968.915005,11,7,4,Universal P&C Insurance Co.;First Protective Insurance Co.;Tower Hill Insurance Exchange;Kin Interinsurance Network;TypTap Insurance Co.;Homeowners Choice P&C Ins Co.;GeoVera Specialty Insurance Co;FL Farm Bureau General Ins Co.;AIG Property Casualty Co.;ASI Preferred Insurance Corp.;Castle Key Indemnity Co.,Universal P&C Insurance Co.;First Protective Insurance Co.;Tower Hill Insurance Exchange;Kin Interinsurance Network;TypTap Insurance Co.;Homeowners Choice P&C Ins Co.;GeoVera Specialty Insurance Co,93432532.2610886,4,23.145936299594748,182395523.5261339,0.0,0,1.0,14545264.343787372,444236460.0,214467494.69531155,539937478.65,359958319.1,539937478.65,359958319.1,16238648968.915005,19679648968.915005,3441000000.0,1395853723.0,1395853723.0,0.0,False,2770188052.1847324,2770188052.1847324,0.0,1.0,2770188052.1847324,0.0,1435528104.0036068,0.0,10,9464500000.0,9464500000.0,62
lake_okeechobee,baseline,,1928250N14343,"{""1928250N14343"": 0.5866178463724127}",156882125783.8144,92029854761.62714,64852271022.187256,16813132676.865036,35013588368.91611,0.0,33984561789.805065,6218571926.040945,16813132676.865036,35013588368.91611,10089749511.618702,54762521510.56856,21.662481700838395,3.963849861781079,10.717047970164396,22.318405104457398,6.431420699591047,34.9067946631677,33984561789.805065,6218571926.040945,10089749511.618702,27,18,9,Universal P&C Insurance Co.;Florida Family Insurance Co.;First Protective Insurance Co.;Cypress P&C Insurance Co.;Florida Peninsula Insurance Co;Tower Hill Insurance Exchange;Kin Interinsurance Network;Heritage P&C Insurance Co.;Florida Family Home Ins Co.;US Coastal P&C Insurance Co.;TypTap Insurance Co.;Homeowners Choice P&C Ins Co.;Edison Insurance Co.;Safe Harbor Insurance Co.;GeoVera Specialty Insurance Co;Florida Farm Bureau Cas Ins Co;Universal North America Ins Co;Auto Club Insurance Co. of FL;American Platinum P&C Ins Co.;FL Farm Bureau General Ins Co.;Homesite Insurance Co.;State Farm FL Ins Co;AIG Property Casualty Co.;ASI Preferred Insurance Corp.;ACE Ins Co. of the Midwest;Castle Key Indemnity Co.;First Liberty Insurance Corp.,Universal P&C Insurance Co.;Florida Family Insurance Co.;First Protective Insurance Co.;Cypress P&C Insurance Co.;Florida Peninsula Insurance Co;Tower Hill Insurance Exchange;Kin Interinsurance Network;Heritage P&C Insurance Co.;Florida Family Home Ins Co.;US Coastal P&C Insurance Co.;TypTap Insurance Co.;Homeowners Choice P&C Ins Co.;Edison Insurance Co.;Safe Harbor Insurance Co.;GeoVera Specialty Insurance Co;Florida Farm Bureau Cas Ins Co;Universal North America Ins Co;American Platinum P&C Ins Co.,3074267465.8593287,9,35.166819401784345,1604398516.7598414,11724774.441626102,1,0.9811320754716981,5074050320.104127,311486220.0,1502877933.2314854,539937478.65,359958319.1,539937478.65,359958319.1,6648749511.618702,10089749511.618702,3441000000.0,1395853723.0,1395853723.0,0.0,False,13866466355.238884,13866466355.238884,0.0,1.0,10154405549.727177,3712060805.5117073,2086477782.2185538,0.0,13,9464500000.0,9464500000.0,63
lake_okeechobee,baseline,,1928250N14343,"{""1928250N14343"": 0.12534344603960543}",156882125783.81442,19664146267.762127,137217979516.05229,4056318990.557966,7795411246.628879,0.0,6664287795.600266,1148128234.9750187,4056318990.557966,7795411246.628879,21277687740.994804,115940291775.05748,4.24795862645547,0.7318413294304503,2.585583902749779,4.96896074532484,13.562850219352415,73.90280517668704,6664287795.600266,1148128234.9750187,21277687740.994804,7,4,3,Universal P&C Insurance Co.;First Protective Insurance Co.;Kin Interinsurance Network;Homeowners Choice P&C Ins Co.;FL Farm Bureau General Ins Co.;ASI Preferred Insurance Corp.;Castle Key Indemnity Co.,Universal P&C Insurance Co.;First Protective Insurance Co.;Kin Interinsurance Network;Homeowners Choice P&C Ins Co.,66425476.58473399,3,16.162888892523068,160016758.66670585,0.0,0,1.0,0.0,303695065.03732276,69362591.5037421,539937478.65,359958319.1,539937478.65,359958319.1,17836687740.994804,21277687740.994804,3441000000.0,1395853723.0,1395853723.0,0.0,False,815933358.6281452,815933358.6281452,0.0,1.0,815933358.6281452,0.0,1380606862.7753992,0.0,10,9464500000.0,9464500000.0,64
lake_okeechobee,baseline,,1928250N14343,"{""1928250N14343"": 0.06402264697288405}",156882125783.81442,10044008955.412739,146838116828.40167,1346789058.6213322,5177967666.634758,0.0,3063234920.096053,456017310.0605956,1346789058.6213322,5177967666.634758,22764987516.65866,124073129311.74301,1.9525710177571345,0.290675121708252,0.8584719590536558,3.3005465987693614,14.51088669465705,79.08684860805454,3063234920.096053,456017310.0605956,22764987516.65866,1,0,1,Castle Key Indemnity Co.,,26166138.745475106,1,0.0,0.0,0.0,0,1.0,0.0,0.0,0.0,313945950.74701345,0.0,539937478.65,359958319.1,19323987516.65866,22764987516.65866,3441000000.0,1395853723.0,1395853723.0,0.0,False,20595848.12729794,20595848.12729794,0.0,1.0,20595848.12729794,0.0,1090000000.0,0.0,7,9464500000.0,9464500000.0,65
lake_okeechobee,baseline,,1928250N14343,"{""1928250N14343"": 0.3481197483945981}",156882125783.8144,54613766155.471146,102268359628.34326,9731138920.699726,21489137184.85545,0.0,20163631838.403786,3229858211.5121927,9731138920.699726,21489137184.85545,15874380061.404932,86393979566.93834,12.852727318464266,2.058780243686256,6.202834690109542,13.697632587199744,10.11866710888405,55.06935805165616,20163631838.403786,3229858211.5121927,15874380061.404932,18,12,6,Universal P&C Insurance Co.;Florida Family Insurance Co.;First Protective Insurance Co.;Cypress P&C Insurance Co.;Tower Hill Insurance Exchange;Kin Interinsurance Network;Florida Family Home Ins Co.;TypTap Insurance Co.;Homeowners Choice P&C Ins Co.;Edison Insurance Co.;Safe Harbor Insurance Co.;GeoVera Specialty Insurance Co;FL Farm Bureau General Ins Co.;State Farm FL Ins Co;AIG Property Casualty Co.;ASI Preferred Insurance Corp.;Castle Key Indemnity Co.;First Liberty Insurance Corp.,Universal P&C Insurance Co.;Florida Family Insurance Co.;First Protective Insurance Co.;Cypress P&C Insurance Co.;Tower Hill Insurance Exchange;Kin Interinsurance Network;Florida Family Home Ins Co.;TypTap Insurance Co.;Homeowners Choice P&C Ins Co.;Edison Insurance Co.;Safe Harbor Insurance Co.;GeoVera Specialty Insurance Co,931864272.360059,6,28.525995730733356,351727027.3357353,0.0,0,1.0,814810246.7972512,384822840.0,1380088156.1518083,539937478.65,359958319.1,539937478.65,359958319.1,12433380061.404932,15874380061.404932,3441000000.0,1395853723.0,1395853723.0,0.0,False,9665257049.759378,9665257049.759378,0.0,1.0,8912022821.631136,753234228.1282429,1617005260.5915904,0.0,13,9464500000.0,9464500000.0,66
lake_okeechobee,baseline,,1928250N14343,"{""1928250N14343"": 0.15483577404699334}",156882125783.81442,24290965379.874672,132591160403.93974,3276466926.4069557,12137834777.123585,0.0,7687349237.891827,1189314438.4523065,3276466926.4069557,12137834777.123585,20562368738.359734,112028791665.58002,4.9000797251339465,0.7580942905447349,2.088489628781528,7.736913760239121,13.106890689825901,71.40953190547476,7687349237.891827,1189314438.4523065,20562368738.359734,8,4,4,Universal P&C Insurance Co.;First Protective Insurance Co.;Kin Interinsurance Network;Homeowners Choice P&C Ins Co.;FL Farm Bureau General Ins Co.;AIG Property Casualty Co.;ASI Preferred Insurance Corp.;Castle Key Indemnity Co.,Universal P&C Insurance Co.;First Protective Insurance Co.;Kin Interinsurance Network;Homeowners Choice P&C Ins Co.,80985147.11266425,4,16.162888892523068,165941673.01504242,0.0,0,1.0,0.0,355628850.3347664,113985829.12282681,539937478.65,359958319.1,539937478.65,359958319.1,17121368738.359734,20562368738.359734,3441000000.0,1395853723.0,1395853723.0,0.0,False,1487209410.3974092,1487209410.3974092,0.0,1.0,1487209410.3974092,0.0,1411416997.5583916,0.0,10,9464500000.0,9464500000.0,67
lake_okeechobee,baseline,,1928250N14343,"{""1928250N14343"": 0.3433226995946073}",156882125783.81442,53861194942.2399,103020930841.57452,11882326672.44738,23735838741.79348,0.0,15959182051.257612,2283847476.7414308,11882326672.44738,23735838741.79348,15990729647.722485,87030201193.85202,10.17272169886936,1.4557729029555615,7.574047465943558,15.129727891692243,10.192830807097755,55.47489923344151,15959182051.257612,2283847476.7414308,15990729647.722485,13,9,4,Universal P&C Insurance Co.;First Protective Insurance Co.;Cypress P&C Insurance Co.;Tower Hill Insurance Exchange;Kin Interinsurance Network;TypTap Insurance Co.;Homeowners Choice P&C Ins Co.;Edison Insurance Co.;GeoVera Specialty Insurance Co;FL Farm Bureau General Ins Co.;AIG Property Casualty Co.;ASI Preferred Insurance Corp.;Castle Key Indemnity Co.,Universal P&C Insurance Co.;First Protective Insurance Co.;Cypress P&C Insurance Co.;Tower Hill Insurance Exchange;Kin Interinsurance Network;TypTap Insurance Co.;Homeowners Choice P&C Ins Co.;Edison Insurance Co.;GeoVera Specialty Insurance Co,279169997.6373539,4,27.119633731281347,202908296.4836738,0.0,0,1.0,350035517.16963005,400353720.0,1153657219.4484677,539937478.65,359958319.1,539937478.65,359958319.1,12549729647.722485,15990729647.722485,3441000000.0,1395853723.0,1395853723.0,0.0,False,7433417544.330156,7433417544.330156,0.0,1.0,7433417544.330156,0.0,1453025246.6550345,0.0,11,9464500000.0,9464500000.0,68
lake_okeechobee,baseline,,1928250N14343,"{""1928250N14343"": 0.510141772067761}",156882125783.8144,80032125653.11244,76850000130.70197,16146197969.946405,34242817325.991714,0.0,26299100527.979584,3344009829.194743,16146197969.946405,34242817325.991714,11944631540.03455,64905368590.66742,16.76360541175996,2.1315429099952614,10.29192961867184,21.82709926634903,7.6137619122362015,41.37206088098772,26299100527.979584,3344009829.194743,11944631540.03455,23,15,8,Universal P&C Insurance Co.;Florida Family Insurance Co.;First Protective Insurance Co.;Cypress P&C Insurance Co.;Florida Peninsula Insurance Co;Tower Hill Insurance Exchange;Kin Interinsurance Network;Florida Family Home Ins Co.;US Coastal P&C Insurance Co.;TypTap Insurance Co.;Homeowners Choice P&C Ins Co.;Edison Insurance Co.;Safe Harbor Insurance Co.;GeoVera Specialty Insurance Co;Auto Club Insurance Co. of FL;American Platinum P&C Ins Co.;FL Farm Bureau General Ins Co.;Homesite Insurance Co.;State Farm FL Ins Co;AIG Property Casualty Co.;ASI Preferred Insurance Corp.;Castle Key Indemnity Co.;First Liberty Insurance Corp.,Universal P&C Insurance Co.;Florida Family Insurance Co.;First Protective Insurance Co.;Cypress P&C Insurance Co.;Florida Peninsula Insurance Co;Tower Hill Insurance Exchange;Kin Interinsurance Network;Florida Family Home Ins Co.;US Coastal P&C Insurance Co.;TypTap Insurance Co.;Homeowners Choice P&C Ins Co.;Edison Insurance Co.;Safe Harbor Insurance Co.;GeoVera Specialty Insurance Co;American Platinum P&C Ins Co.,1736657517.1381543,8,32.118366990567985,792517477.0302763,172217.41587470472,1,0.9811320754716981,2297471509.4234014,345151200.0,1435726062.534153,539937478.65,359958319.1,539937478.65,359958319.1,8503631540.03455,11944631540.03455,3441000000.0,1395853723.0,1395853723.0,0.0,False,10642862380.79212,10642862380.79212,0.0,1.0,9776618051.158152,866244329.6339676,2052217331.5785642,0.0,13,9464500000.0,9464500000.0,69
lake_okeechobee,baseline,,1928250N14343,"{""1928250N14343"": 0.30385059697275285}",156882125783.81442,47668727573.7665,109213398210.04791,9109859119.170277,19624013311.247356,0.0,16860124168.619884,2074730974.728985,9109859119.170277,19624013311.247356,16948102191.263336,92265296018.78458,10.747001345362538,1.3224776018065887,5.806817745269323,12.508763004836828,10.803080406124812,58.811859896599906,16860124168.619884,2074730974.728985,16948102191.263336,16,11,5,Universal P&C Insurance Co.;Florida Family Insurance Co.;First Protective Insurance Co.;Cypress P&C Insurance Co.;Tower Hill Insurance Exchange;Kin Interinsurance Network;TypTap Insurance Co.;Homeowners Choice P&C Ins Co.;Edison Insurance Co.;Safe Harbor Insurance Co.;GeoVera Specialty Insurance Co;FL Farm Bureau General Ins Co.;State Farm FL Ins Co;AIG Property Casualty Co.;ASI Preferred Insurance Corp.;Castle Key Indemnity Co.,Universal P&C Insurance Co.;Florida Family Insurance Co.;First Protective Insurance Co.;Cypress P&C Insurance Co.;Tower Hill Insurance Exchange;Kin Interinsurance Network;TypTap Insurance Co.;Homeowners Choice P&C Ins Co.;Edison Insurance Co.;Safe Harbor Insurance Co.;GeoVera Specialty Insurance Co,431462641.54219085,5,28.176154707643686,205256205.5563668,0.0,0,1.0,411144135.4128914,388686240.0,971214623.4793757,539937478.65,359958319.1,539937478.65,359958319.1,13507102191.263336,16948102191.263336,3441000000.0,1395853723.0,1395853723.0,0.0,False,7828624836.10765,7828624836.10765,0.0,1.0,7828624836.10765,0.0,1501804170.903877,0.0,11,9464500000.0,9464500000.0,70
lake_okeechobee,baseline,,1928250N14343,"{""1928250N14343"": 0.26329425755980673}",156882125783.81442,41306162832.65362,115575962951.1608,8453996130.233988,17597139901.42991,0.0,13218840621.837914,2036186179.151813,8453996130.233988,17597139901.42991,17931772258.00513,97644190693.15565,8.425969852074573,1.2979083302056371,5.388756742041922,11.216790831658537,11.430092605141864,62.240481638877455,13218840621.837914,2036186179.151813,17931772258.00513,12,8,4,Universal P&C Insurance Co.;First Protective Insurance Co.;Cypress P&C Insurance Co.;Tower Hill Insurance Exchange;Kin Interinsurance Network;TypTap Insurance Co.;Homeowners Choice P&C Ins Co.;GeoVera Specialty Insurance Co;FL Farm Bureau General Ins Co.;AIG Property Casualty Co.;ASI Preferred Insurance Corp.;Castle Key Indemnity Co.,Universal P&C Insurance Co.;First Protective Insurance Co.;Cypress P&C Insurance Co.;Tower Hill Insurance Exchange;Kin Interinsurance Network;TypTap Insurance Co.;Homeowners Choice P&C Ins Co.;GeoVera Specialty Insurance Co,157855176.426442,4,24.017115967979795,193858509.50548136,0.0,0,1.0,154563427.2591257,434615760.0,902537935.2083238,539937478.65,359958319.1,539937478.65,359958319.1,14490772258.00513,17931772258.00513,3441000000.0,1395853723.0,1395853723.0,0.0,False,5760183125.906523,5760183125.906523,0.0,1.0,5760183125.906523,0.0,1449061963.6877546,0.0,11,9464500000.0,9464500000.0,71
lake_okeechobee,baseline,,1928250N14343,"{""1928250N14343"": 0.37459370587863755}",156882125783.81442,58767056883.47759,98115068900.33682,13234004652.297447,23482115122.802464,0.0,19132072411.867496,2918864696.5101824,13234004652.297447,23482115122.802464,15232269853.67421,82882799046.66263,12.19518942408502,1.8605463700386207,8.435635727255555,14.967999066484552,9.709372420580578,52.83125699155568,19132072411.867496,2918864696.5101824,15232269853.67421,18,12,6,Universal P&C Insurance Co.;Florida Family Insurance Co.;First Protective Insurance Co.;Cypress P&C Insurance Co.;Tower Hill Insurance Exchange;Kin Interinsurance Network;Florida Family Home Ins Co.;TypTap Insurance Co.;Homeowners Choice P&C Ins Co.;Edison Insurance Co.;Safe Harbor Insurance Co.;GeoVera Specialty Insurance Co;FL Farm Bureau General Ins Co.;Homesite Insurance Co.;State Farm FL Ins Co;AIG Property Casualty Co.;ASI Preferred Insurance Corp.;Castle Key Indemnity Co.,Universal P&C Insurance Co.;Florida Family Insurance Co.;First Protective Insurance Co.;Cypress P&C Insurance Co.;Tower Hill Insurance Exchange;Kin Interinsurance Network;Florida Family Home Ins Co.;TypTap Insurance Co.;Homeowners Choice P&C Ins Co.;Edison Insurance Co.;Safe Harbor Insurance Co.;GeoVera Specialty Insurance Co,710181365.869004,6,28.525995730733356,216320574.03073657,0.0,0,1.0,667120982.0566304,384822840.0,1365338527.7155838,539937478.65,359958319.1,539937478.65,359958319.1,11791269853.67421,15232269853.67421,3441000000.0,1395853723.0,1395853723.0,0.0,False,9106180524.59019,9106180524.59019,0.0,1.0,8660829876.313938,445350648.27625203,1694632662.4618998,0.0,13,9464500000.0,9464500000.0,72
lake_okeechobee,baseline,,1928250N14343,"{""1928250N14343"": 0.28874169910939923}",156882125783.8144,45298411558.71306,111583714225.10135,5018785500.76636,20621273090.56083,0.0,16931125878.58386,2727227088.8020086,5018785500.76636,20621273090.56083,17314559588.177612,94269154636.92374,10.792259343754159,1.7383924874655021,3.1990805043541495,13.144437575366114,11.036668136456349,60.089161952603746,16931125878.58386,2727227088.8020086,17314559588.177612,16,11,5,Universal P&C Insurance Co.;Florida Family Insurance Co.;First Protective Insurance Co.;Cypress P&C Insurance Co.;Tower Hill Insurance Exchange;Kin Interinsurance Network;TypTap Insurance Co.;Homeowners Choice P&C Ins Co.;Edison Insurance Co.;Safe Harbor Insurance Co.;GeoVera Specialty Insurance Co;FL Farm Bureau General Ins Co.;State Farm FL Ins Co;AIG Property Casualty Co.;ASI Preferred Insurance Corp.;Castle Key Indemnity Co.,Universal P&C Insurance Co.;Florida Family Insurance Co.;First Protective Insurance Co.;Cypress P&C Insurance Co.;Tower Hill Insurance Exchange;Kin Interinsurance Network;TypTap Insurance Co.;Homeowners Choice P&C Ins Co.;Edison Insurance Co.;Safe Harbor Insurance Co.;GeoVera Specialty Insurance Co,435831116.4356247,5,28.176154707643686,208108048.3775723,0.0,0,1.0,411520876.29748726,388686240.0,1339476281.1399727,539937478.65,359958319.1,539937478.65,359958319.1,13873559588.177612,17314559588.177612,3441000000.0,1395853723.0,1395853723.0,0.0,False,8057385887.263256,8057385887.263256,0.0,1.0,7801756470.618095,255629416.64516044,1501984382.7440932,0.0,11,9464500000.0,9464500000.0,73
lake_okeechobee,baseline,,1928250N14343,"{""1928250N14343"": 0.23193240085422545}",156882125783.8144,36386048084.15465,120496077699.65976,6686652768.135405,15203024558.122602,0.0,12502590288.604795,1993780469.2918522,6686652768.135405,15203024558.122602,18692435575.387222,101803642124.27254,7.969416672638364,1.2708780298141213,4.262214535102424,9.690730847867632,11.914955564246778,64.8918043503307,12502590288.604795,1993780469.2918522,18692435575.387222,12,8,4,Universal P&C Insurance Co.;First Protective Insurance Co.;Cypress P&C Insurance Co.;Tower Hill Insurance Exchange;Kin Interinsurance Network;TypTap Insurance Co.;Homeowners Choice P&C Ins Co.;GeoVera Specialty Insurance Co;FL Farm Bureau General Ins Co.;AIG Property Casualty Co.;ASI Preferred Insurance Corp.;Castle Key Indemnity Co.,Universal P&C Insurance Co.;First Protective Insurance Co.;Cypress P&C Insurance Co.;Tower Hill Insurance Exchange;Kin Interinsurance Network;TypTap Insurance Co.;Homeowners Choice P&C Ins Co.;GeoVera Specialty Insurance Co,174918925.27105287,4,24.017115967979795,192070960.27214515,0.0,0,1.0,136621301.49271822,434615760.0,860251408.5044707,539937478.65,359958319.1,539937478.65,359958319.1,15251435575.387222,18692435575.387222,3441000000.0,1395853723.0,1395853723.0,0.0,False,5194524422.854874,5194524422.854874,0.0,1.0,5194524422.854874,0.0,1441655376.870666,0.0,11,9464500000.0,9464500000.0,74
lake_okeechobee,baseline,,1928250N14343,"{""1928250N14343"": 0.39256160635018345}",156882125783.81442,61585899305.325714,95296226478.48871,14517282156.487911,21874453514.990932,0.0,21753603846.6959,3440559787.150959,14517282156.487911,21874453514.990932,14796469036.541945,80499757441.94676,13.866209256160031,2.1930859044401876,9.253624072185834,13.943241402232278,9.431583720972565,51.3122556440091,21753603846.6959,3440559787.150959,14796469036.541945,19,12,7,Universal P&C Insurance Co.;Florida Family Insurance Co.;First Protective Insurance Co.;Cypress P&C Insurance Co.;Tower Hill Insurance Exchange;Kin Interinsurance Network;Florida Family Home Ins Co.;TypTap Insurance Co.;Homeowners Choice P&C Ins Co.;Edison Insurance Co.;Safe Harbor Insurance Co.;GeoVera Specialty Insurance Co;FL Farm Bureau General Ins Co.;Homesite Insurance Co.;State Farm FL Ins Co;AIG Property Casualty Co.;ASI Preferred Insurance Corp.;Castle Key Indemnity Co.;First Liberty Insurance Corp.,Universal P&C Insurance Co.;Florida Family Insurance Co.;First Protective Insurance Co.;Cypress P&C Insurance Co.;Tower Hill Insurance Exchange;Kin Interinsurance Network;Florida Family Home Ins Co.;TypTap Insurance Co.;Homeowners Choice P&C Ins Co.;Edison Insurance Co.;Safe Harbor Insurance Co.;GeoVera Specialty Insurance Co,1046293589.405809,7,28.525995730733356,479451204.97033775,0.0,0,1.0,1131469960.3222497,384822840.0,1399107448.4298892,539937478.65,359958319.1,539937478.65,359958319.1,11355469036.541945,14796469036.541945,3441000000.0,1395853723.0,1395853723.0,0.0,False,10161333452.87009,10161333452.87009,0.0,1.0,9199504664.859468,961828788.0106214,1820160764.7197504,0.0,13,9464500000.0,9464500000.0,75
lake_okeechobee,baseline,,1928250N14343,"{""1928250N14343"": 0.5712385422344484}",156882125783.81442,89617116835.3875,67265008948.42692,15292827401.542835,41198240847.48697,0.0,29246821447.43675,3879227138.920945,15292827401.542835,41198240847.48697,10462765453.06742,56802243495.359505,18.642545351367335,2.472701794126993,9.747973088162095,26.260633989788406,6.669188985547814,36.20695679100736,29246821447.43675,3879227138.920945,10462765453.06742,26,17,9,Universal P&C Insurance Co.;Florida Family Insurance Co.;First Protective Insurance Co.;Cypress P&C Insurance Co.;Florida Peninsula Insurance Co;Tower Hill Insurance Exchange;Kin Interinsurance Network;Florida Family Home Ins Co.;US Coastal P&C Insurance Co.;TypTap Insurance Co.;Homeowners Choice P&C Ins Co.;Edison Insurance Co.;Safe Harbor Insurance Co.;GeoVera Specialty Insurance Co;Florida Farm Bureau Cas Ins Co;Universal North America Ins Co;Auto Club Insurance Co. of FL;American Platinum P&C Ins Co.;FL Farm Bureau General Ins Co.;Homesite Insurance Co.;State Farm FL Ins Co;AIG Property Casualty Co.;ASI Preferred Insurance Corp.;ACE Ins Co. of the Midwest;Castle Key Indemnity Co.;First Liberty Insurance Corp.,Universal P&C Insurance Co.;Florida Family Insurance Co.;First Protective Insurance Co.;Cypress P&C Insurance Co.;Florida Peninsula Insurance Co;Tower Hill Insurance Exchange;Kin Interinsurance Network;Florida Family Home Ins Co.;US Coastal P&C Insurance Co.;TypTap Insurance Co.;Homeowners Choice P&C Ins Co.;Edison Insurance Co.;Safe Harbor Insurance Co.;GeoVera Specialty Insurance Co;Florida Farm Bureau Cas Ins Co;Universal North America Ins Co;American Platinum P&C Ins Co.,2026794601.194388,9,33.145293557041065,1044961713.1620874,6072575.395835094,1,0.9811320754716981,3122851695.1115255,333810540.0,1458742826.850502,539937478.65,359958319.1,539937478.65,359958319.1,7021765453.067419,10462765453.06742,3441000000.0,1395853723.0,1395853723.0,0.0,False,11382644331.320007,11382644331.320007,0.0,1.0,9986534865.0571,1396109466.262907,2086285503.4862983,0.0,13,9464500000.0,9464500000.0,76
lake_okeechobee,baseline,,1928250N14343,"{""1928250N14343"": 0.35319063104699866}",156882125783.8144,55409297005.58003,101472828778.23438,10041047562.84165,22641403669.2911,0.0,19512222741.216457,3214623032.230821,10041047562.84165,22641403669.2911,15751388796.677166,85721439981.55722,12.437505320462417,2.0490690167346495,6.4003770427475875,14.432111724755215,10.040269863746481,54.64066703155367,19512222741.216457,3214623032.230821,15751388796.677166,18,12,6,Universal P&C Insurance Co.;Florida Family Insurance Co.;First Protective Insurance Co.;Cypress P&C Insurance Co.;Tower Hill Insurance Exchange;Kin Interinsurance Network;Florida Family Home Ins Co.;TypTap Insurance Co.;Homeowners Choice P&C Ins Co.;Edison Insurance Co.;Safe Harbor Insurance Co.;GeoVera Specialty Insurance Co;FL Farm Bureau General Ins Co.;Homesite Insurance Co.;State Farm FL Ins Co;AIG Property Casualty Co.;ASI Preferred Insurance Corp.;Castle Key Indemnity Co.,Universal P&C Insurance Co.;Florida Family Insurance Co.;First Protective Insurance Co.;Cypress P&C Insurance Co.;Tower Hill Insurance Exchange;Kin Interinsurance Network;Florida Family Home Ins Co.;TypTap Insurance Co.;Homeowners Choice P&C Ins Co.;Edison Insurance Co.;Safe Harbor Insurance Co.;GeoVera Specialty Insurance Co,829163523.8266224,6,28.525995730733356,218087762.1302787,0.0,0,1.0,714663175.5712774,384822840.0,1371842183.7268581,539937478.65,359958319.1,539937478.65,359958319.1,12310388796.677166,15751388796.677166,3441000000.0,1395853723.0,1395853723.0,0.0,False,9542134432.992914,9542134432.992914,0.0,1.0,8803983032.35323,738151400.6396848,1632153603.166551,0.0,13,9464500000.0,9464500000.0,77
lake_okeechobee,baseline,,1928250N14343,"{""1928250N14343"": 0.7292071570182985}",156882125783.81442,114399568929.8024,42482556854.01202,20118295631.690086,44443012808.74854,0.0,42337488221.32727,7500772268.036497,20118295631.690086,44443012808.74854,6631329971.049132,35851226882.96288,26.98681446965403,4.781151600643567,12.823829057118562,28.328920574413672,4.2269506088840165,22.85233368928614,42337488221.32727,7500772268.036497,6631329971.049132,30,19,11,Universal P&C Insurance Co.;Florida Family Insurance Co.;First Protective Insurance Co.;Cypress P&C Insurance Co.;Florida Peninsula Insurance Co;Tower Hill Insurance Exchange;Kin Interinsurance Network;Heritage P&C Insurance Co.;Florida Family Home Ins Co.;US Coastal P&C Insurance Co.;TypTap Insurance Co.;Homeowners Choice P&C Ins Co.;Vault E&S Insurance Co.;Edison Insurance Co.;Safe Harbor Insurance Co.;GeoVera Specialty Insurance Co;Florida Farm Bureau Cas Ins Co;Universal North America Ins Co;Auto Club Insurance Co. of FL;American Platinum P&C Ins Co.;FL Farm Bureau General Ins Co.;Castle Key Insurance Co.;Homesite Insurance Co.;State Farm FL Ins Co;AIG Property Casualty Co.;ASI Preferred Insurance Corp.;Nationwide P&C Insurance Co.;ACE Ins Co. of the Midwest;Castle Key Indemnity Co.;First Liberty Insurance Corp.,Universal P&C Insurance Co.;Florida Family Insurance Co.;First Protective Insurance Co.;Cypress P&C Insurance Co.;Florida Peninsula Insurance Co;Tower Hill Insurance Exchange;Kin Interinsurance Network;Heritage P&C Insurance Co.;Florida Family Home Ins Co.;US Coastal P&C Insurance Co.;TypTap Insurance Co.;Homeowners Choice P&C Ins Co.;Vault E&S Insurance Co.;Edison Insurance Co.;Safe Harbor Insurance Co.;GeoVera Specialty Insurance Co;Florida Farm Bureau Cas Ins Co;Universal North America Ins Co;American Platinum P&C Ins Co.,4414390033.472729,11,35.41856476294073,2188352838.3759484,30294608.13631008,1,0.9811320754716981,8317065602.225264,308706120.0,1985893080.9282217,539937478.65,359958319.1,539937478.65,359958319.1,3190329971.0491323,6631329971.049132,3441000000.0,1395853723.0,1395853723.0,0.0,False,14715514107.980328,14715514107.980328,0.0,1.0,10192956696.899256,4522557411.081073,2129525591.1768773,0.0,14,9464500000.0,9464500000.0,78
lake_okeechobee,baseline,,1928250N14343,"{""1928250N14343"": 0.17970067438373186}",156882125783.81442,28191823802.104893,128690301981.70953,4320458532.241507,10577885198.039402,0.0,11632566115.286255,1660913956.537728,4320458532.241507,10577885198.039402,19959285261.699608,108731016720.0099,7.414844780543119,1.0587018426984403,2.7539520583722545,6.742568756759367,12.722472469045808,69.307460092581,11632566115.286255,1660913956.537728,19959285261.699608,12,8,4,Universal P&C Insurance Co.;First Protective Insurance Co.;Cypress P&C Insurance Co.;Tower Hill Insurance Exchange;Kin Interinsurance Network;TypTap Insurance Co.;Homeowners Choice P&C Ins Co.;GeoVera Specialty Insurance Co;FL Farm Bureau General Ins Co.;AIG Property Casualty Co.;ASI Preferred Insurance Corp.;Castle Key Indemnity Co.,Universal P&C Insurance Co.;First Protective Insurance Co.;Cypress P&C Insurance Co.;Tower Hill Insurance Exchange;Kin Interinsurance Network;TypTap Insurance Co.;Homeowners Choice P&C Ins Co.;GeoVera Specialty Insurance Co,161679350.98609006,4,24.017115967979795,189277381.7949288,0.0,0,1.0,120426139.50573063,434615760.0,556058688.314481,539937478.65,359958319.1,539937478.65,359958319.1,16518285261.699608,19959285261.699608,3441000000.0,1395853723.0,1395853723.0,0.0,False,4460532716.691007,4460532716.691007,0.0,1.0,4460532716.691007,0.0,1440416022.5547972,0.0,11,9464500000.0,9464500000.0,79
lake_okeechobee,baseline,,1928250N14343,"{""1928250N14343"": 0.2436180529326356}",156882125783.8144,38219318023.38569,118662807760.42871,9718449282.661423,14056444080.69627,0.0,12567064589.646288,1877360070.3817058,9718449282.661423,14056444080.69627,18409006983.796387,100253800776.63234,8.010513961905302,1.196669194149455,6.1947460452273395,8.959876091981462,11.73429215840958,63.903902548326876,12567064589.646288,1877360070.3817058,18409006983.796387,12,8,4,Universal P&C Insurance Co.;First Protective Insurance Co.;Cypress P&C Insurance Co.;Tower Hill Insurance Exchange;Kin Interinsurance Network;TypTap Insurance Co.;Homeowners Choice P&C Ins Co.;GeoVera Specialty Insurance Co;FL Farm Bureau General Ins Co.;AIG Property Casualty Co.;ASI Preferred Insurance Corp.;Castle Key Indemnity Co.,Universal P&C Insurance Co.;First Protective Insurance Co.;Cypress P&C Insurance Co.;Tower Hill Insurance Exchange;Kin Interinsurance Network;TypTap Insurance Co.;Homeowners Choice P&C Ins Co.;GeoVera Specialty Insurance Co,189245912.79636776,4,24.017115967979795,191485205.53882122,0.0,0,1.0,138894260.82794976,434615760.0,756553093.7275623,539937478.65,359958319.1,539937478.65,359958319.1,14968006983.796387,18409006983.796387,3441000000.0,1395853723.0,1395853723.0,0.0,False,5181324047.070837,5181324047.070837,0.0,1.0,5181324047.070837,0.0,1445604110.294973,0.0,11,9464500000.0,9464500000.0,80
lake_okeechobee,baseline,,1928250N14343,"{""1928250N14343"": 0.3245537225580031}",156882125783.8144,50916677925.94984,105965447857.86456,9164281174.683702,18933856891.914673,0.0,19905618859.911335,2912920999.4401255,9164281174.683702,18933856891.914673,16445960103.95982,89519487753.90475,12.688264364381151,1.8567577312498738,5.841507519672573,12.068842640496708,10.483004371462028,57.06162337273768,19905618859.911335,2912920999.4401255,16445960103.95982,17,12,5,Universal P&C Insurance Co.;Florida Family Insurance Co.;First Protective Insurance Co.;Cypress P&C Insurance Co.;Tower Hill Insurance Exchange;Kin Interinsurance Network;Florida Family Home Ins Co.;TypTap Insurance Co.;Homeowners Choice P&C Ins Co.;Edison Insurance Co.;Safe Harbor Insurance Co.;GeoVera Specialty Insurance Co;FL Farm Bureau General Ins Co.;State Farm FL Ins Co;AIG Property Casualty Co.;ASI Preferred Insurance Corp.;Castle Key Indemnity Co.,Universal P&C Insurance Co.;Florida Family Insurance Co.;First Protective Insurance Co.;Cypress P&C Insurance Co.;Tower Hill Insurance Exchange;Kin Interinsurance Network;Florida Family Home Ins Co.;TypTap Insurance Co.;Homeowners Choice P&C Ins Co.;Edison Insurance Co.;Safe Harbor Insurance Co.;GeoVera Specialty Insurance Co,869384179.7094873,5,28.525995730733356,219251641.9224429,0.0,0,1.0,730067418.8622651,384822840.0,1373876355.406425,539937478.65,359958319.1,539937478.65,359958319.1,13004960103.95982,16445960103.95982,3441000000.0,1395853723.0,1395853723.0,0.0,False,9316775348.645794,9316775348.645794,0.0,1.0,8877308960.468897,439466388.17689645,1631813601.1792128,0.0,13,9464500000.0,9464500000.0,81
lake_okeechobee,baseline,,1928250N14343,"{""1928250N14343"": 0.4074004278829622}",156882125783.81442,63913845171.51468,92968280612.29974,14483616034.904766,26045994901.432106,0.0,19884369308.417572,3499864926.7602334,14483616034.904766,26045994901.432106,14436562181.564331,78531718430.73541,12.674719448803549,2.2308882603892632,9.232164571038115,16.602270508065285,9.202171445240422,50.05778576646337,19884369308.417572,3499864926.7602334,14436562181.564331,17,12,5,Universal P&C Insurance Co.;Florida Family Insurance Co.;First Protective Insurance Co.;Cypress P&C Insurance Co.;Tower Hill Insurance Exchange;Kin Interinsurance Network;Florida Family Home Ins Co.;TypTap Insurance Co.;Homeowners Choice P&C Ins Co.;Edison Insurance Co.;Safe Harbor Insurance Co.;GeoVera Specialty Insurance Co;FL Farm Bureau General Ins Co.;State Farm FL Ins Co;AIG Property Casualty Co.;ASI Preferred Insurance Corp.;Castle Key Indemnity Co.,Universal P&C Insurance Co.;Florida Family Insurance Co.;First Protective Insurance Co.;Cypress P&C Insurance Co.;Tower Hill Insurance Exchange;Kin Interinsurance Network;Florida Family Home Ins Co.;TypTap Insurance Co.;Homeowners Choice P&C Ins Co.;Edison Insurance Co.;Safe Harbor Insurance Co.;GeoVera Specialty Insurance Co,674241073.8462955,5,28.525995730733356,218659097.14979053,0.0,0,1.0,719528741.3368866,384822840.0,1376575803.0032444,539937478.65,359958319.1,539937478.65,359958319.1,10995562181.564331,14436562181.564331,3441000000.0,1395853723.0,1395853723.0,0.0,False,10061924260.744802,10061924260.744802,0.0,1.0,9041383384.521,1020540876.2238028,1716418131.6907682,0.0,12,9464500000.0,9464500000.0,82
lake_okeechobee,baseline,,1928250N14343,"{""1928250N14343"": 0.1899591810441467}",156882125783.8144,29801200134.358185,127080925649.45622,4904173559.553488,11535878791.267328,0.0,11682172527.21309,1678975256.3242817,4904173559.553488,11535878791.267328,19710471239.591385,107370454409.86484,7.4464649614139455,1.070214498902145,3.126024418047154,7.353214226051423,12.563873125197622,68.44020877038773,11682172527.21309,1678975256.3242817,19710471239.591385,11,7,4,Universal P&C Insurance Co.;First Protective Insurance Co.;Tower Hill Insurance Exchange;Kin Interinsurance Network;TypTap Insurance Co.;Homeowners Choice P&C Ins Co.;GeoVera Specialty Insurance Co;FL Farm Bureau General Ins Co.;AIG Property Casualty Co.;ASI Preferred Insurance Corp.;Castle Key Indemnity Co.,Universal P&C Insurance Co.;First Protective Insurance Co.;Tower Hill Insurance Exchange;Kin Interinsurance Network;TypTap Insurance Co.;Homeowners Choice P&C Ins Co.;GeoVera Specialty Insurance Co,174602793.0625057,4,23.145936299594748,189653482.51051337,0.0,0,1.0,106068231.78713846,444236460.0,573270605.1010323,539937478.65,359958319.1,539937478.65,359958319.1,16269471239.591385,19710471239.591385,3441000000.0,1395853723.0,1395853723.0,0.0,False,4468998595.060716,4468998595.060716,0.0,1.0,4468998595.060716,0.0,1437938604.76897,0.0,10,9464500000.0,9464500000.0,83
lake_okeechobee,baseline,,1928250N14343,"{""1928250N14343"": 0.5822318505340611}",156882125783.81442,91341770410.8276,65540355372.98682,14429741125.74333,46965632007.857025,0.0,26042985595.09975,3903411682.1275024,14429741125.74333,46965632007.857025,10196129251.0501,55344226121.936714,16.60035231227509,2.488117535777437,9.197823559343973,29.936891646009606,6.499229405586012,35.27758554100788,26042985595.09975,3903411682.1275024,10196129251.0501,23,16,7,Universal P&C Insurance Co.;Florida Family Insurance Co.;First Protective Insurance Co.;Cypress P&C Insurance Co.;Florida Peninsula Insurance Co;Tower Hill Insurance Exchange;Kin Interinsurance Network;Florida Family Home Ins Co.;US Coastal P&C Insurance Co.;TypTap Insurance Co.;Homeowners Choice P&C Ins Co.;Edison Insurance Co.;Safe Harbor Insurance Co.;GeoVera Specialty Insurance Co;Universal North America Ins Co;American Platinum P&C Ins Co.;FL Farm Bureau General Ins Co.;Homesite Insurance Co.;State Farm FL Ins Co;AIG Property Casualty Co.;ASI Preferred Insurance Corp.;Castle Key Indemnity Co.;First Liberty Insurance Corp.,Universal P&C Insurance Co.;Florida Family Insurance Co.;First Protective Insurance Co.;Cypress P&C Insurance Co.;Florida Peninsula Insurance Co;Tower Hill Insurance Exchange;Kin Interinsurance Network;Florida Family Home Ins Co.;US Coastal P&C Insurance Co.;TypTap Insurance Co.;Homeowners Choice P&C Ins Co.;Edison Insurance Co.;Safe Harbor Insurance Co.;GeoVera Specialty Insurance Co;Universal North America Ins Co;American Platinum P&C Ins Co.,1721531135.8755565,7,32.43209381455101,617005016.5888897,56162.71549828723,1,0.9811320754716981,1885777511.3964992,341686620.0,1439764419.9297924,539937478.65,359958319.1,539937478.65,359958319.1,6755129251.0501,10196129251.0501,3441000000.0,1395853723.0,1395853723.0,0.0,False,11109410131.227283,11109410131.227283,0.0,1.0,9689357967.189884,1420052164.0373998,2081641653.0400615,0.0,13,9464500000.0,9464500000.0,84
lake_okeechobee,baseline,,1928250N14343,"{""1928250N14343"": 0.2832223389358752}",156882125783.8144,44432522601.724075,112449603182.09033,7975936645.399474,19320567218.19375,0.0,14625512350.235765,2510506387.895095,7975936645.399474,19320567218.19375,17448428410.385204,95001174771.70512,9.322612297075775,1.6002501083868568,5.084031469837691,12.315340018287195,11.121998967829748,60.55576713858275,14625512350.235765,2510506387.895095,17448428410.385204,12,8,4,Universal P&C Insurance Co.;First Protective Insurance Co.;Cypress P&C Insurance Co.;Tower Hill Insurance Exchange;Kin Interinsurance Network;TypTap Insurance Co.;Homeowners Choice P&C Ins Co.;GeoVera Specialty Insurance Co;FL Farm Bureau General Ins Co.;AIG Property Casualty Co.;ASI Preferred Insurance Corp.;Castle Key Indemnity Co.,Universal P&C Insurance Co.;First Protective Insurance Co.;Cypress P&C Insurance Co.;Tower Hill Insurance Exchange;Kin Interinsurance Network;TypTap Insurance Co.;Homeowners Choice P&C Ins Co.;GeoVera Specialty Insurance Co,214769326.7504555,4,24.017115967979795,200151347.05703354,0.0,0,1.0,209663225.84977937,434615760.0,1313536479.3947554,539937478.65,359958319.1,539937478.65,359958319.1,14007428410.385204,17448428410.385204,3441000000.0,1395853723.0,1395853723.0,0.0,False,6621572413.302613,6621572413.302613,0.0,1.0,6580496490.555298,41075922.74731576,1451618377.7903156,0.0,11,9464500000.0,9464500000.0,85
lake_okeechobee,baseline,,1928250N14343,"{""1928250N14343"": 0.381760721267015}",156882125783.81442,59891433493.13156,96990692290.68286,13663556231.169981,26080796473.66234,0.0,17019815606.621828,3127265181.6774025,13663556231.169981,26080796473.66234,15058438127.05703,81932254163.62582,10.848792060655368,1.993385266838374,8.709441029629172,16.624453769578576,9.598568384908138,52.22535948839035,17019815606.621828,3127265181.6774025,15058438127.05703,16,11,5,Universal P&C Insurance Co.;Florida Family Insurance Co.;First Protective Insurance Co.;Cypress P&C Insurance Co.;Tower Hill Insurance Exchange;Kin Interinsurance Network;TypTap Insurance Co.;Homeowners Choice P&C Ins Co.;Edison Insurance Co.;Safe Harbor Insurance Co.;GeoVera Specialty Insurance Co;FL Farm Bureau General Ins Co.;State Farm FL Ins Co;AIG Property Casualty Co.;ASI Preferred Insurance Corp.;Castle Key Indemnity Co.,Universal P&C Insurance Co.;Florida Family Insurance Co.;First Protective Insurance Co.;Cypress P&C Insurance Co.;Tower Hill Insurance Exchange;Kin Interinsurance Network;TypTap Insurance Co.;Homeowners Choice P&C Ins Co.;Edison Insurance Co.;Safe Harbor Insurance Co.;GeoVera Specialty Insurance Co,455737935.08165014,5,28.176154707643686,207741553.5440204,0.0,0,1.0,465370106.60538137,388686240.0,1343468107.0461779,539937478.65,359958319.1,539937478.65,359958319.1,11617438127.05703,15058438127.05703,3441000000.0,1395853723.0,1395853723.0,0.0,False,8527765120.301995,8527765120.301995,0.0,1.0,7876097991.710195,651667128.5918005,1482323975.7738886,0.0,11,9464500000.0,9464500000.0,86
lake_okeechobee,baseline,,1928250N14343,"{""1928250N14343"": 0.49166453903940327}",156882125783.8144,77133378057.02078,79748747726.79362,14140211518.271053,36705796047.41475,0.0,22760106102.034515,3527264389.3004565,14140211518.271053,36705796047.41475,12392785917.606565,67355961809.18707,14.507775177267956,2.2483532599252722,9.013271236365352,23.39705423038174,7.8994250337249925,42.934121062334704,22760106102.034515,3527264389.3004565,12392785917.606565,19,12,7,Universal P&C Insurance Co.;Florida Family Insurance Co.;First Protective Insurance Co.;Cypress P&C Insurance Co.;Tower Hill Insurance Exchange;Kin Interinsurance Network;Florida Family Home Ins Co.;TypTap Insurance Co.;Homeowners Choice P&C Ins Co.;Edison Insurance Co.;Safe Harbor Insurance Co.;GeoVera Specialty Insurance Co;FL Farm Bureau General Ins Co.;Homesite Insurance Co.;State Farm FL Ins Co;AIG Property Casualty Co.;ASI Preferred Insurance Corp.;Castle Key Indemnity Co.;First Liberty Insurance Corp.,Universal P&C Insurance Co.;Florida Family Insurance Co.;First Protective Insurance Co.;Cypress P&C Insurance Co.;Tower Hill Insurance Exchange;Kin Interinsurance Network;Florida Family Home Ins Co.;TypTap Insurance Co.;Homeowners Choice P&C Ins Co.;Edison Insurance Co.;Safe Harbor Insurance Co.;GeoVera Specialty Insurance Co,1204970821.2287245,7,28.525995730733356,631970352.9968941,0.0,0,1.0,1386028099.943096,384822840.0,1408867233.823451,539937478.65,359958319.1,539937478.65,359958319.1,8951785917.606565,12392785917.606565,3441000000.0,1395853723.0,1395853723.0,0.0,False,10466481011.742855,10466481011.742855,0.0,1.0,9418814667.60423,1047666344.1386244,1818849792.9929514,0.0,13,9464500000.0,9464500000.0,87
lake_okeechobee,baseline,,1928250N14343,"{""1928250N14343"": 0.16851661141727103}",156882125783.81442,26437244229.026485,130444881554.78793,3188977148.653668,13828355208.076572,0.0,8102248115.570165,1317663756.7260802,3188977148.653668,13828355208.076572,20230548105.53386,110214333449.25407,5.164545084463711,0.839906872846584,2.032721785685209,8.814487398731595,12.895381168796638,70.25295768947626,8102248115.570165,1317663756.7260802,20230548105.53386,9,5,4,Universal P&C Insurance Co.;First Protective Insurance Co.;Tower Hill Insurance Exchange;Kin Interinsurance Network;Homeowners Choice P&C Ins Co.;FL Farm Bureau General Ins Co.;AIG Property Casualty Co.;ASI Preferred Insurance Corp.;Castle Key Indemnity Co.,Universal P&C Insurance Co.;First Protective Insurance Co.;Tower Hill Insurance Exchange;Kin Interinsurance Network;Homeowners Choice P&C Ins Co.,77073504.10107857,4,20.97679156065444,168951047.57813883,0.0,0,1.0,0.0,384595508.94012356,228826232.90323067,539937478.65,359958319.1,539937478.65,359958319.1,16789548105.53386,20230548105.53386,3441000000.0,1395853723.0,1395853723.0,0.0,False,1818343258.0788822,1818343258.0788822,0.0,1.0,1818343258.0788822,0.0,1423206424.4570665,0.0,10,9464500000.0,9464500000.0,88
lake_okeechobee,baseline,,1928250N14343,"{""1928250N14343"": 0.3509342142104239}",156882125783.8144,55055305535.60379,101826820248.2106,10272420817.118027,23649411506.05085,0.0,17832996809.196426,3300476403.238489,10272420817.118027,23649411506.05085,15806116854.78988,86020703393.42073,11.367131035546093,2.1037937794051746,6.54785927064346,15.074637335447663,10.075154690707668,54.831423888249944,17832996809.196426,3300476403.238489,15806116854.78988,16,11,5,Universal P&C Insurance Co.;Florida Family Insurance Co.;First Protective Insurance Co.;Cypress P&C Insurance Co.;Tower Hill Insurance Exchange;Kin Interinsurance Network;TypTap Insurance Co.;Homeowners Choice P&C Ins Co.;Edison Insurance Co.;Safe Harbor Insurance Co.;GeoVera Specialty Insurance Co;FL Farm Bureau General Ins Co.;State Farm FL Ins Co;AIG Property Casualty Co.;ASI Preferred Insurance Corp.;Castle Key Indemnity Co.,Universal P&C Insurance Co.;Florida Family Insurance Co.;First Protective Insurance Co.;Cypress P&C Insurance Co.;Tower Hill Insurance Exchange;Kin Interinsurance Network;TypTap Insurance Co.;Homeowners Choice P&C Ins Co.;Edison Insurance Co.;Safe Harbor Insurance Co.;GeoVera Specialty Insurance Co,584250128.4770863,5,28.176154707643686,210791083.1791495,0.0,0,1.0,543812033.4069054,388686240.0,1354085512.4066763,539937478.65,359958319.1,539937478.65,359958319.1,12365116854.78988,15806116854.78988,3441000000.0,1395853723.0,1395853723.0,0.0,False,9043463266.19691,9043463266.19691,0.0,1.0,8220317028.259636,823146237.9372756,1502288182.562549,0.0,11,9464500000.0,9464500000.0,89
lake_okeechobee,baseline,,1928250N14343,"{""1928250N14343"": 0.14806259741791672}",156882125783.8144,23228375031.99588,133653750751.81853,3910367324.99261,8431855137.899621,0.0,9460443832.327644,1425708736.776003,3910367324.99261,8431855137.899621,20726648138.40467,112927102613.41385,6.0302878897525005,0.9087770385905198,2.4925512103151553,5.374643603133493,13.211605869598083,71.98213438861025,9460443832.327644,1425708736.776003,20726648138.40467,11,7,4,Universal P&C Insurance Co.;First Protective Insurance Co.;Tower Hill Insurance Exchange;Kin Interinsurance Network;TypTap Insurance Co.;Homeowners Choice P&C Ins Co.;GeoVera Specialty Insurance Co;FL Farm Bureau General Ins Co.;AIG Property Casualty Co.;ASI Preferred Insurance Corp.;Castle Key Indemnity Co.,Universal P&C Insurance Co.;First Protective Insurance Co.;Tower Hill Insurance Exchange;Kin Interinsurance Network;TypTap Insurance Co.;Homeowners Choice P&C Ins Co.;GeoVera Specialty Insurance Co,98251724.31583476,4,23.145936299594748,183483656.71440655,0.0,0,1.0,17605214.621497452,444236460.0,332994290.4217181,539937478.65,359958319.1,539937478.65,359958319.1,17285648138.40467,20726648138.40467,3441000000.0,1395853723.0,1395853723.0,0.0,False,2826649329.481262,2826649329.481262,0.0,1.0,2826649329.481262,0.0,1436010904.8861382,0.0,10,9464500000.0,9464500000.0,90
lake_okeechobee,baseline,,1928250N14343,"{""1928250N14343"": 0.3755692571468418}",156882125783.81442,58920103440.24457,97962022343.56985,11204152518.769608,27206284183.158943,0.0,17643303833.594185,2866362904.7218337,11204152518.769608,27206284183.158943,15208608433.659607,82753413909.91023,11.246216702791804,1.8270806125305306,7.141764852300046,17.34186354706179,9.694290128766655,52.74878415654916,17643303833.594185,2866362904.7218337,15208608433.659607,15,10,5,Universal P&C Insurance Co.;First Protective Insurance Co.;Cypress P&C Insurance Co.;Tower Hill Insurance Exchange;Kin Interinsurance Network;TypTap Insurance Co.;Homeowners Choice P&C Ins Co.;Edison Insurance Co.;Safe Harbor Insurance Co.;GeoVera Specialty Insurance Co;FL Farm Bureau General Ins Co.;State Farm FL Ins Co;AIG Property Casualty Co.;ASI Preferred Insurance Corp.;Castle Key Indemnity Co.,Universal P&C Insurance Co.;First Protective Insurance Co.;Cypress P&C Insurance Co.;Tower Hill Insurance Exchange;Kin Interinsurance Network;TypTap Insurance Co.;Homeowners Choice P&C Ins Co.;Edison Insurance Co.;Safe Harbor Insurance Co.;GeoVera Specialty Insurance Co,471740597.87713665,5,27.73228202456624,209855988.33406782,0.0,0,1.0,517100867.39250326,393588060.0,1346999836.6252313,539937478.65,359958319.1,539937478.65,359958319.1,11767608433.659607,15208608433.659607,3441000000.0,1395853723.0,1395853723.0,0.0,False,8587345735.405729,8587345735.405729,0.0,1.0,8193971860.999942,393373874.4057872,1514687196.5802581,0.0,11,9464500000.0,9464500000.0,91
lake_okeechobee,baseline,,1928250N14343,"{""1928250N14343"": 0.248890848404885}",156882125783.81442,39046525385.89544,117835600397.91898,6545143143.700731,20235721508.265114,0.0,10640729615.618376,1624931118.3112273,6545143143.700731,20235721508.265114,18281118442.838776,99554481955.0802,6.782627123679748,1.0357656171426457,4.17201329405749,12.898678805608613,11.652773285358455,63.45814187415305,10640729615.618376,1624931118.3112273,18281118442.838776,11,7,4,Universal P&C Insurance Co.;First Protective Insurance Co.;Tower Hill Insurance Exchange;Kin Interinsurance Network;TypTap Insurance Co.;Homeowners Choice P&C Ins Co.;GeoVera Specialty Insurance Co;FL Farm Bureau General Ins Co.;AIG Property Casualty Co.;ASI Preferred Insurance Corp.;Castle Key Indemnity Co.,Universal P&C Insurance Co.;First Protective Insurance Co.;Tower Hill Insurance Exchange;Kin Interinsurance Network;TypTap Insurance Co.;Homeowners Choice P&C Ins Co.;GeoVera Specialty Insurance Co,125542064.42567585,4,23.145936299594748,187188179.16289145,0.0,0,1.0,67865857.59077567,444236460.0,516358368.0207143,539937478.65,359958319.1,539937478.65,359958319.1,14840118442.838776,18281118442.838776,3441000000.0,1395853723.0,1395853723.0,0.0,False,3778020400.8871856,3778020400.8871856,0.0,1.0,3778020400.8871856,0.0,1437110781.5831785,0.0,10,9464500000.0,9464500000.0,92
lake_okeechobee,baseline,,1928250N14343,"{""1928250N14343"": 0.5543356850302998}",156882125783.81442,86965360665.38043,69916765118.43399,20427872094.7145,36156618328.9211,0.0,26729979929.36514,3650890312.379678,20427872094.7145,36156618328.9211,10872734274.583498,59044030843.8505,17.038257096413517,2.3271550497796363,13.021159671729823,23.046996685106997,6.930511822338681,37.63591967463134,26729979929.36514,3650890312.379678,10872734274.583498,24,16,8,Universal P&C Insurance Co.;Florida Family Insurance Co.;First Protective Insurance Co.;Cypress P&C Insurance Co.;Florida Peninsula Insurance Co;Tower Hill Insurance Exchange;Kin Interinsurance Network;Florida Family Home Ins Co.;US Coastal P&C Insurance Co.;TypTap Insurance Co.;Homeowners Choice P&C Ins Co.;Edison Insurance Co.;Safe Harbor Insurance Co.;GeoVera Specialty Insurance Co;Universal North America Ins Co;Auto Club Insurance Co. of FL;American Platinum P&C Ins Co.;FL Farm Bureau General Ins Co.;Homesite Insurance Co.;State Farm FL Ins Co;AIG Property Casualty Co.;ASI Preferred Insurance Corp.;Castle Key Indemnity Co.;First Liberty Insurance Corp.,Universal P&C Insurance Co.;Florida Family Insurance Co.;First Protective Insurance Co.;Cypress P&C Insurance Co.;Florida Peninsula Insurance Co;Tower Hill Insurance Exchange;Kin Interinsurance Network;Florida Family Home Ins Co.;US Coastal P&C Insurance Co.;TypTap Insurance Co.;Homeowners Choice P&C Ins Co.;Edison Insurance Co.;Safe Harbor Insurance Co.;GeoVera Specialty Insurance Co;Universal North America Ins Co;American Platinum P&C Ins Co.,1865011440.7462463,8,32.43209381455101,872776623.3489802,54806.90942424908,1,0.9811320754716981,2468488445.7928543,341686620.0,1442153330.817048,539937478.65,359958319.1,539937478.65,359958319.1,7431734274.583498,10872734274.583498,3441000000.0,1395853723.0,1395853723.0,0.0,False,10896733152.157953,10896733152.157953,0.0,1.0,9726677144.1709,1170056007.987053,2033869710.182001,0.0,13,9464500000.0,9464500000.0,93
lake_okeechobee,baseline,,1928250N14343,"{""1928250N14343"": 0.21048504113229635}",156882125783.81442,33021340698.528263,123860785085.28616,6194573527.661043,13610280753.880714,0.0,11319576726.124496,1896909690.8620043,6194573527.661043,13610280753.880714,19212628622.256996,104648156463.02916,7.215338694302892,1.2091305375833383,3.9485527727978678,8.67548210854553,12.246537664037167,66.7049582227332,11319576726.124496,1896909690.8620043,19212628622.256996,12,8,4,Universal P&C Insurance Co.;First Protective Insurance Co.;Cypress P&C Insurance Co.;Tower Hill Insurance Exchange;Kin Interinsurance Network;TypTap Insurance Co.;Homeowners Choice P&C Ins Co.;GeoVera Specialty Insurance Co;FL Farm Bureau General Ins Co.;AIG Property Casualty Co.;ASI Preferred Insurance Corp.;Castle Key Indemnity Co.,Universal P&C Insurance Co.;First Protective Insurance Co.;Cypress P&C Insurance Co.;Tower Hill Insurance Exchange;Kin Interinsurance Network;TypTap Insurance Co.;Homeowners Choice P&C Ins Co.;GeoVera Specialty Insurance Co,127473357.18756488,4,24.017115967979795,189823345.3186735,0.0,0,1.0,120319647.4636159,434615760.0,765720377.3587469,539937478.65,359958319.1,539937478.65,359958319.1,15771628622.256996,19212628622.256996,3441000000.0,1395853723.0,1395853723.0,0.0,False,4277059142.919189,4277059142.919189,0.0,1.0,4277059142.919189,0.0,1437522522.7824047,0.0,10,9464500000.0,9464500000.0,94
lake_okeechobee,baseline,,1928250N14343,"{""1928250N14343"": 0.4428452948275028}",156882125783.8144,69474511245.89865,87407614537.91576,12907839194.977463,24687230908.406994,0.0,27571914753.911427,4307526388.602773,12907839194.977463,24687230908.406994,13576867861.572018,73830746676.34373,17.574924240831542,2.7457088352682066,8.22773093524028,15.73616547141025,8.654184021117306,47.06128649613243,27571914753.911427,4307526388.602773,13576867861.572018,24,16,8,Universal P&C Insurance Co.;Florida Family Insurance Co.;First Protective Insurance Co.;Cypress P&C Insurance Co.;Florida Peninsula Insurance Co;Tower Hill Insurance Exchange;Kin Interinsurance Network;Florida Family Home Ins Co.;US Coastal P&C Insurance Co.;TypTap Insurance Co.;Homeowners Choice P&C Ins Co.;Edison Insurance Co.;Safe Harbor Insurance Co.;GeoVera Specialty Insurance Co;Universal North America Ins Co;Auto Club Insurance Co. of FL;American Platinum P&C Ins Co.;FL Farm Bureau General Ins Co.;Homesite Insurance Co.;State Farm FL Ins Co;AIG Property Casualty Co.;ASI Preferred Insurance Corp.;Castle Key Indemnity Co.;First Liberty Insurance Corp.,Universal P&C Insurance Co.;Florida Family Insurance Co.;First Protective Insurance Co.;Cypress P&C Insurance Co.;Florida Peninsula Insurance Co;Tower Hill Insurance Exchange;Kin Interinsurance Network;Florida Family Home Ins Co.;US Coastal P&C Insurance Co.;TypTap Insurance Co.;Homeowners Choice P&C Ins Co.;Edison Insurance Co.;Safe Harbor Insurance Co.;GeoVera Specialty Insurance Co;Universal North America Ins Co;American Platinum P&C Ins Co.,1956869027.1903534,8,32.43209381455101,725648010.1199274,6971310.866395146,1,0.9811320754716981,2319889927.752654,341686620.0,1453544971.3126101,539937478.65,359958319.1,539937478.65,359958319.1,10135867861.572018,13576867861.572018,3441000000.0,1395853723.0,1395853723.0,0.0,False,11640050070.19064,11640050070.19064,0.0,1.0,9819924346.742722,1820125723.447917,2086202751.9199662,0.0,13,9464500000.0,9464500000.0,95
lake_okeechobee,baseline,,1928250N14343,"{""1928250N14343"": 0.5677067147711231}",156882125783.8144,89063036235.03937,67819089548.77504,12722297879.54364,39077605419.7493,0.0,31998272939.456432,5264859996.290005,12722297879.54364,39077605419.7493,10548427842.890022,57270661705.88502,20.396378988101212,3.355933615754959,8.109462958881073,24.90889591437507,6.723792012753507,36.50553651013419,31998272939.456432,5264859996.290005,10548427842.890022,26,17,9,Universal P&C Insurance Co.;Florida Family Insurance Co.;First Protective Insurance Co.;Cypress P&C Insurance Co.;Florida Peninsula Insurance Co;Tower Hill Insurance Exchange;Kin Interinsurance Network;Florida Family Home Ins Co.;US Coastal P&C Insurance Co.;TypTap Insurance Co.;Homeowners Choice P&C Ins Co.;Edison Insurance Co.;Safe Harbor Insurance Co.;GeoVera Specialty Insurance Co;Florida Farm Bureau Cas Ins Co;Universal North America Ins Co;Auto Club Insurance Co. of FL;American Platinum P&C Ins Co.;FL Farm Bureau General Ins Co.;Homesite Insurance Co.;State Farm FL Ins Co;AIG Property Casualty Co.;ASI Preferred Insurance Corp.;ACE Ins Co. of the Midwest;Castle Key Indemnity Co.;First Liberty Insurance Corp.,Universal P&C Insurance Co.;Florida Family Insurance Co.;First Protective Insurance Co.;Cypress P&C Insurance Co.;Florida Peninsula Insurance Co;Tower Hill Insurance Exchange;Kin Interinsurance Network;Florida Family Home Ins Co.;US Coastal P&C Insurance Co.;TypTap Insurance Co.;Homeowners Choice P&C Ins Co.;Edison Insurance Co.;Safe Harbor Insurance Co.;GeoVera Specialty Insurance Co;Florida Farm Bureau Cas Ins Co;Universal North America Ins Co;American Platinum P&C Ins Co.,2814226507.6303897,9,33.145293557041065,1084557447.8702338,7423573.490170397,1,0.9811320754716981,3957278265.293891,333810540.0,1485353105.6758633,539937478.65,359958319.1,539937478.65,359958319.1,7107427842.890022,10548427842.890022,3441000000.0,1395853723.0,1395853723.0,0.0,False,12902432298.2598,12902432298.2598,0.0,1.0,10134546303.201523,2767885995.058276,2086387241.0340147,0.0,13,9464500000.0,9464500000.0,96
lake_okeechobee,baseline,,1928250N14343,"{""1928250N14343"": 0.11539318991178658}",156882125783.8144,18103128934.336483,138778996849.4779,2195439192.755512,8015060886.262318,0.0,6784256012.673583,1108372842.6450717,2195439192.755512,8015060886.262318,21519025328.435574,117259971521.04236,4.3244289167922005,0.7065003977396532,1.3994195844725204,5.1089700921742836,13.716683924903638,74.74399708391772,6784256012.673583,1108372842.6450717,21519025328.435574,7,4,3,Universal P&C Insurance Co.;First Protective Insurance Co.;Kin Interinsurance Network;Homeowners Choice P&C Ins Co.;FL Farm Bureau General Ins Co.;ASI Preferred Insurance Corp.;Castle Key Indemnity Co.,Universal P&C Insurance Co.;First Protective Insurance Co.;Kin Interinsurance Network;Homeowners Choice P&C Ins Co.,66601214.92536244,3,16.162888892523068,150590349.95226425,0.0,0,1.0,0.0,281595859.45609367,36111423.46438837,539937478.65,359958319.1,539937478.65,359958319.1,18078025328.435574,21519025328.435574,3441000000.0,1395853723.0,1395853723.0,0.0,False,883537434.0982451,883537434.0982451,0.0,1.0,883537434.0982451,0.0,1397762473.8145244,0.0,10,9464500000.0,9464500000.0,97
lake_okeechobee,baseline,,1928250N14343,"{""1928250N14343"": 0.16756015798227017}",156882125783.81442,26287193780.93032,130594932002.8841,3781399321.132471,12715858979.977219,0.0,8335047139.086285,1454888340.7343433,3781399321.132471,12715858979.977219,20253746318.88007,110341185684.00403,5.312936127964052,0.9273767380862737,2.4103442646763265,8.10535866750036,12.910168202839111,70.33381599893387,8335047139.086285,1454888340.7343433,20253746318.88007,10,6,4,Universal P&C Insurance Co.;First Protective Insurance Co.;Tower Hill Insurance Exchange;Kin Interinsurance Network;TypTap Insurance Co.;Homeowners Choice P&C Ins Co.;FL Farm Bureau General Ins Co.;AIG Property Casualty Co.;ASI Preferred Insurance Corp.;Castle Key Indemnity Co.,Universal P&C Insurance Co.;First Protective Insurance Co.;Tower Hill Insurance Exchange;Kin Interinsurance Network;TypTap Insurance Co.;Homeowners Choice P&C Ins Co.,91572631.91345157,4,22.7924550608587,181859013.65019727,0.0,0,1.0,0.0,439036070.83717215,352782864.14256334,539937478.65,359958319.1,539937478.65,359958319.1,16812746318.88007,20253746318.88007,3441000000.0,1395853723.0,1395853723.0,0.0,False,1947440993.4846258,1947440993.4846258,0.0,1.0,1947440993.4846258,0.0,1431485910.9595518,0.0,10,9464500000.0,9464500000.0,98
lake_okeechobee,baseline,,1928250N14343,"{""1928250N14343"": 0.19662583779113652}",156882125783.8144,30847079416.69696,126035046367.11745,4682513381.647264,13130693590.631481,0.0,11271830793.381569,1762041651.0366511,4682513381.647264,13130693590.631481,19548775416.39382,106486270950.72363,7.18490442239054,1.1231627836715876,2.9847335113879243,8.3697830616636,12.460804772197113,67.87661144868925,11271830793.381569,1762041651.0366511,19548775416.39382,12,8,4,Universal P&C Insurance Co.;First Protective Insurance Co.;Cypress P&C Insurance Co.;Tower Hill Insurance Exchange;Kin Interinsurance Network;TypTap Insurance Co.;Homeowners Choice P&C Ins Co.;GeoVera Specialty Insurance Co;FL Farm Bureau General Ins Co.;AIG Property Casualty Co.;ASI Preferred Insurance Corp.;Castle Key Indemnity Co.,Universal P&C Insurance Co.;First Protective Insurance Co.;Cypress P&C Insurance Co.;Tower Hill Insurance Exchange;Kin Interinsurance Network;TypTap Insurance Co.;Homeowners Choice P&C Ins Co.;GeoVera Specialty Insurance Co,123020578.32025576,4,24.017115967979795,189032956.60500818,0.0,0,1.0,116935952.83271122,434615760.0,644271762.5167427,539937478.65,359958319.1,539937478.65,359958319.1,16107775416.393822,19548775416.39382,3441000000.0,1395853723.0,1395853723.0,0.0,False,4218572778.2533436,4218572778.2533436,0.0,1.0,4218572778.2533436,0.0,1437512816.5840907,0.0,10,9464500000.0,9464500000.0,99
lake_okeechobee,baseline,,1928250N14343,"{""1928250N14343"": 0.12221981104887976}",156882125783.81442,19174103770.24438,137708022013.57004,3702039922.255081,7800304005.94382,0.0,6566909816.868611,1104850025.1768694,3702039922.255081,7800304005.94382,21353449663.403988,116354572350.16603,4.185887833976636,0.7042548790417125,2.3597588978087534,4.972079494060871,13.611142478289281,74.16687641682273,6566909816.868611,1104850025.1768694,21353449663.403988,8,4,4,Universal P&C Insurance Co.;First Protective Insurance Co.;Kin Interinsurance Network;Homeowners Choice P&C Ins Co.;FL Farm Bureau General Ins Co.;AIG Property Casualty Co.;ASI Preferred Insurance Corp.;Castle Key Indemnity Co.,Universal P&C Insurance Co.;First Protective Insurance Co.;Kin Interinsurance Network;Homeowners Choice P&C Ins Co.,72918383.20221636,4,16.162888892523068,109968652.4504022,0.0,0,1.0,2.9802322387695312e-08,216413593.75183216,31453925.995301485,539937478.65,359958319.1,539937478.65,359958319.1,17912449663.403988,21353449663.403988,3441000000.0,1395853723.0,1395853723.0,0.0,False,730639178.2420051,730639178.2420051,0.0,1.0,730639178.2420051,0.0,1399877925.834145,0.0,10,9464500000.0,9464500000.0,100
