scenario,policy_scenario,policy_severity,events,wind_shares,total_damage_usd,wind_total_usd,water_total_usd,underinsured_wind_usd,uninsured_wind_usd,nfip_policyholder_shortfall_usd,wind_insured_private_usd,wind_insured_citizens_usd,wind_underinsured_usd,wind_uninsured_usd,flood_insured_capped_usd,flood_un_derinsured_usd,wind_insured_private_pct,wind_insured_citizens_pct,wind_underinsured_pct,wind_uninsured_pct,flood_insured_capped_pct,flood_un_derinsured_pct,insured_private_wind_pre_usd,insured_citizens_wind_pre_usd,insured_flood_pre_usd,defaults_pre,defaults_post,rescued_defaults,default_companies_pre,default_companies_post,group_contrib_total_usd,group_supported_companies,defaulted_premium_base_pct,largest_entity_deficit_usd,diag_group_shortfall_total_usd,diag_groups_with_shortfall,diag_groups_fully_funded_share,figa_residual_deficit_usd,figa_collected_usd,citizens_residual_deficit_usd,citizens_tier1_usd,citizens_tier2_usd,citizens_tier1_capacity_usd,citizens_tier2_capacity_usd,nfip_borrowed_usd,nfip_claims_paid_usd,nfip_pool_used_usd,nfip_fl_premium_base_usd,nfip_fl_premium_depletion_usd,underinsured_flood_usd,fhcf_cap_binding,fhcf_total_precap_usd,fhcf_total_postcap_usd,fhcf_shortfall_usd,fhcf_scaling_factor,fhcf_recovery_private_usd,fhcf_recovery_citizens_usd,catbond_payout_usd,catbond_unfilled_usd,catbond_triggers,catbond_limit_in_force_usd,catbond_issue_volume_year_usd,iter
gm_then_andrew,baseline,,COMPOSITE,"{""gm_then_andrew"": 0.7235392262233075}",266548625724.76187,192858386407.78024,73690239316.98163,29077833284.050076,56564409117.42902,0.0,76510634915.53178,30705509090.76933,29077833284.050076,56564409117.42902,22969021295.114132,50721218021.8675,28.704194106232862,11.519665129497175,10.909016396158744,21.221046990441973,8.617197418542291,19.028879959126947,76510634915.53178,30705509090.76933,22969021295.114132,37,23,14,Universal P&C Insurance Co.;Florida Family Insurance Co.;First Protective Insurance Co.;Spinnaker Insurance Co.;Cypress P&C Insurance Co.;Florida Peninsula Insurance Co;Tower Hill Insurance Exchange;Kin Interinsurance Network;Unique Insurance Co.;Heritage P&C Insurance Co.;Florida Family Home Ins Co.;US Coastal P&C Insurance Co.;TypTap Insurance Co.;Homeowners Choice P&C Ins Co.;Vault E&S Insurance Co.;Edison Insurance Co.;Safe Harbor Insurance Co.;Spinnaker Specialty Ins Co.;GeoVera Specialty Insurance Co;Florida Farm Bureau Cas Ins Co;Universal North America Ins Co;QBE Specialty Insurance Co.;Auto Club Insurance Co. of FL;American Platinum P&C Ins Co.;Privilege Underwriters Recpl;FL Farm Bureau General Ins Co.;Castle Key Insurance Co.;Homesite Insurance Co.;PURE Specialty Exchange;State Farm FL Ins Co;AIG Property Casualty Co.;Foremost P&C Insurance Co.;ASI Preferred Insurance Corp.;Nationwide P&C Insurance Co.;ACE Ins Co. of the Midwest;Castle Key Indemnity Co.;First Liberty Insurance Corp.,Universal P&C Insurance Co.;Florida Family Insurance Co.;First Protective Insurance Co.;Spinnaker Insurance Co.;Cypress P&C Insurance Co.;Florida Peninsula Insurance Co;Tower Hill Insurance Exchange;Kin Interinsurance Network;Unique Insurance Co.;Heritage P&C Insurance Co.;Florida Family Home Ins Co.;US Coastal P&C Insurance Co.;TypTap Insurance Co.;Homeowners Choice P&C Ins Co.;Vault E&S Insurance Co.;Edison Insurance Co.;Safe Harbor Insurance Co.;Spinnaker Specialty Ins Co.;GeoVera Specialty Insurance Co;Florida Farm Bureau Cas Ins Co;Universal North America Ins Co;QBE Specialty Insurance Co.;American Platinum P&C Ins Co.,10598867090.31121,14,36.189312511589605,4554956106.707454,93125070.17788927,1,0.9811320754716981,21121553366.36044,300194520.0,25043677105.876434,539937478.65,359958319.1,539937478.65,359958319.1,19528021295.114132,22969021295.114132,3441000000.0,1395853723.0,1395853723.0,0.0,True,24122444665.04138,17000000000.0,7122444665.041382,0.7047378587061974,12555350000.655752,4444649999.344248,2575000000.0,0.0,14,9464500000.0,9464500000.0,1
gm_then_andrew,baseline,,COMPOSITE,"{""gm_then_andrew"": 0.7330954952412955}",266548625724.76184,195405596781.58102,71143028943.18083,74726177873.99196,61772105889.33985,0.0,43780427204.7385,15126885813.51073,74726177873.99196,61772105889.33985,22180347187.32209,48962681755.858734,16.424930755391017,5.675094280595074,28.034726373398833,23.17479811474464,8.321313654126854,18.369136821743588,43780427204.7385,15126885813.51073,22180347187.32209,31,19,12,Universal P&C Insurance Co.;Florida Family Insurance Co.;First Protective Insurance Co.;Cypress P&C Insurance Co.;Florida Peninsula Insurance Co;Tower Hill Insurance Exchange;Kin Interinsurance Network;Heritage P&C Insurance Co.;Florida Family Home Ins Co.;US Coastal P&C Insurance Co.;TypTap Insurance Co.;Homeowners Choice P&C Ins Co.;Vault E&S Insurance Co.;Edison Insurance Co.;Safe Harbor Insurance Co.;GeoVera Specialty Insurance Co;Florida Farm Bureau Cas Ins Co;Universal North America Ins Co;Auto Club Insurance Co. of FL;American Platinum P&C Ins Co.;FL Farm Bureau General Ins Co.;Castle Key Insurance Co.;Homesite Insurance Co.;PURE Specialty Exchange;State Farm FL Ins Co;AIG Property Casualty Co.;ASI Preferred Insurance Corp.;Nationwide P&C Insurance Co.;ACE Ins Co. of the Midwest;Castle Key Indemnity Co.;First Liberty Insurance Corp.,Universal P&C Insurance Co.;Florida Family Insurance Co.;First Protective Insurance Co.;Cypress P&C Insurance Co.;Florida Peninsula Insurance Co;Tower Hill Insurance Exchange;Kin Interinsurance Network;Heritage P&C Insurance Co.;Florida Family Home Ins Co.;US Coastal P&C Insurance Co.;TypTap Insurance Co.;Homeowners Choice P&C Ins Co.;Vault E&S Insurance Co.;Edison Insurance Co.;Safe Harbor Insurance Co.;GeoVera Specialty Insurance Co;Florida Farm Bureau Cas Ins Co;Universal North America Ins Co;American Platinum P&C Ins Co.,4610378714.301972,12,35.41856476294073,2512672464.3795323,26156493.32325492,1,0.9811320754716981,8721901691.254055,308706120.0,9442198296.277899,539937478.65,359958319.1,539937478.65,359958319.1,18739347187.32209,22180347187.32209,3441000000.0,1395853723.0,1395853723.0,0.0,False,14829488003.302612,14829488003.302612,0.0,1.0,10306930592.221539,4522557411.081073,2324469599.203594,0.0,14,9464500000.0,9464500000.0,2
gm_then_andrew,baseline,,COMPOSITE,"{""gm_then_andrew"": 0.663238592549596}",266548625724.76184,176785335371.72012,89763290353.04172,38536636266.22457,83198609262.08858,0.0,40134509982.05089,14915579861.356098,38536636266.22457,83198609262.08858,27945602466.32133,61817687886.72038,15.057106324567506,5.5958194572565265,14.457638324505004,31.213295148630582,10.484241811540219,23.191898933500163,40134509982.05089,14915579861.356098,27945602466.32133,29,18,11,Universal P&C Insurance Co.;Florida Family Insurance Co.;First Protective Insurance Co.;Cypress P&C Insurance Co.;Florida Peninsula Insurance Co;Tower Hill Insurance Exchange;Kin Interinsurance Network;Heritage P&C Insurance Co.;Florida Family Home Ins Co.;US Coastal P&C Insurance Co.;TypTap Insurance Co.;Homeowners Choice P&C Ins Co.;Edison Insurance Co.;Safe Harbor Insurance Co.;GeoVera Specialty Insurance Co;Florida Farm Bureau Cas Ins Co;Universal North America Ins Co;Auto Club Insurance Co. of FL;American Platinum P&C Ins Co.;FL Farm Bureau General Ins Co.;Castle Key Insurance Co.;Homesite Insurance Co.;State Farm FL Ins Co;AIG Property Casualty Co.;Foremost P&C Insurance Co.;ASI Preferred Insurance Corp.;ACE Ins Co. of the Midwest;Castle Key Indemnity Co.;First Liberty Insurance Corp.,Universal P&C Insurance Co.;Florida Family Insurance Co.;First Protective Insurance Co.;Cypress P&C Insurance Co.;Florida Peninsula Insurance Co;Tower Hill Insurance Exchange;Kin Interinsurance Network;Heritage P&C Insurance Co.;Florida Family Home Ins Co.;US Coastal P&C Insurance Co.;TypTap Insurance Co.;Homeowners Choice P&C Ins Co.;Edison Insurance Co.;Safe Harbor Insurance Co.;GeoVera Specialty Insurance Co;Florida Farm Bureau Cas Ins Co;Universal North America Ins Co;American Platinum P&C Ins Co.,3540506803.559191,11,35.166819401784345,2206087372.622888,20067979.494974203,1,0.9811320754716981,7805739562.24749,311486220.0,8172970104.783321,539937478.65,359958319.1,539937478.65,359958319.1,24504602466.32133,27945602466.32133,3441000000.0,1395853723.0,1395853723.0,0.0,True,22136110295.313236,17000000000.000002,5136110295.313234,0.7679759349409875,11424856381.932917,5575143618.067084,2125000000.0000002,0.0,13,9464500000.0,9464500000.0,3
gm_then_andrew,baseline,,COMPOSITE,"{""gm_then_andrew"": 0.7590357717692731}",266548625724.76184,202319941841.03375,64228683883.728096,35144368002.56788,99647851821.99974,0.0,56258167151.84906,11269554864.617092,35144368002.56788,99647851821.99974,20039509125.095875,44189174758.632225,21.106155396179478,4.227954593265859,13.184974376441902,37.38449281104009,7.518143854843459,16.578278968229224,56258167151.84906,11269554864.617092,20039509125.095875,35,22,13,Universal P&C Insurance Co.;Florida Family Insurance Co.;First Protective Insurance Co.;Cypress P&C Insurance Co.;Florida Peninsula Insurance Co;Tower Hill Insurance Exchange;Kin Interinsurance Network;Unique Insurance Co.;Heritage P&C Insurance Co.;Florida Family Home Ins Co.;US Coastal P&C Insurance Co.;TypTap Insurance Co.;Homeowners Choice P&C Ins Co.;Vault E&S Insurance Co.;Edison Insurance Co.;Safe Harbor Insurance Co.;Spinnaker Specialty Ins Co.;GeoVera Specialty Insurance Co;Florida Farm Bureau Cas Ins Co;Universal North America Ins Co;QBE Specialty Insurance Co.;Auto Club Insurance Co. of FL;American Platinum P&C Ins Co.;FL Farm Bureau General Ins Co.;Castle Key Insurance Co.;Homesite Insurance Co.;PURE Specialty Exchange;State Farm FL Ins Co;AIG Property Casualty Co.;Foremost P&C Insurance Co.;ASI Preferred Insurance Corp.;Nationwide P&C Insurance Co.;ACE Ins Co. of the Midwest;Castle Key Indemnity Co.;First Liberty Insurance Corp.,Universal P&C Insurance Co.;Florida Family Insurance Co.;First Protective Insurance Co.;Cypress P&C Insurance Co.;Florida Peninsula Insurance Co;Tower Hill Insurance Exchange;Kin Interinsurance Network;Unique Insurance Co.;Heritage P&C Insurance Co.;Florida Family Home Ins Co.;US Coastal P&C Insurance Co.;TypTap Insurance Co.;Homeowners Choice P&C Ins Co.;Vault E&S Insurance Co.;Edison Insurance Co.;Safe Harbor Insurance Co.;Spinnaker Specialty Ins Co.;GeoVera Specialty Insurance Co;Florida Farm Bureau Cas Ins Co;Universal North America Ins Co;QBE Specialty Insurance Co.;American Platinum P&C Ins Co.,6015534129.269965,13,35.89838321723671,3655494820.6566205,39483800.74348366,1,0.9811320754716981,13984599561.281702,303407340.0,5890723279.569573,539937478.65,359958319.1,539937478.65,359958319.1,16598509125.095875,20039509125.095875,3441000000.0,1395853723.0,1395853723.0,0.0,True,21133138377.92153,17000000000.0,4133138377.9215317,0.8044238246109459,12670783384.467978,4329216615.532021,2308407375.373723,0.0,14,9464500000.0,9464500000.0,4
gm_then_andrew,baseline,,COMPOSITE,"{""gm_then_andrew"": 0.8126842494478732}",266548625724.7619,216619869838.49023,49928755886.27166,18607816890.068165,155604228746.07816,0.0,33684765220.838234,8723058981.50559,18607816890.068165,155604228746.07816,15611927064.78254,34316828821.489124,12.637380939124077,3.2725957441300113,6.981021507603868,58.37742675392935,5.857065299936461,12.874509755276204,33684765220.838234,8723058981.50559,15611927064.78254,26,17,9,Universal P&C Insurance Co.;Florida Family Insurance Co.;First Protective Insurance Co.;Cypress P&C Insurance Co.;Florida Peninsula Insurance Co;Tower Hill Insurance Exchange;Kin Interinsurance Network;Heritage P&C Insurance Co.;Florida Family Home Ins Co.;US Coastal P&C Insurance Co.;TypTap Insurance Co.;Homeowners Choice P&C Ins Co.;Edison Insurance Co.;Safe Harbor Insurance Co.;GeoVera Specialty Insurance Co;Universal North America Ins Co;Auto Club Insurance Co. of FL;American Platinum P&C Ins Co.;FL Farm Bureau General Ins Co.;Homesite Insurance Co.;State Farm FL Ins Co;AIG Property Casualty Co.;ASI Preferred Insurance Corp.;ACE Ins Co. of the Midwest;Castle Key Indemnity Co.;First Liberty Insurance Corp.,Universal P&C Insurance Co.;Florida Family Insurance Co.;First Protective Insurance Co.;Cypress P&C Insurance Co.;Florida Peninsula Insurance Co;Tower Hill Insurance Exchange;Kin Interinsurance Network;Heritage P&C Insurance Co.;Florida Family Home Ins Co.;US Coastal P&C Insurance Co.;TypTap Insurance Co.;Homeowners Choice P&C Ins Co.;Edison Insurance Co.;Safe Harbor Insurance Co.;GeoVera Specialty Insurance Co;Universal North America Ins Co;American Platinum P&C Ins Co.,2732848963.07415,9,34.45361965929429,1524305074.8900201,19920925.070128284,1,0.9811320754716981,6065100261.003379,319362300.0,4772046080.444125,539937478.65,359958319.1,539937478.65,359958319.1,12170927064.78254,15611927064.78254,3441000000.0,1395853723.0,1395853723.0,0.0,False,11398281764.256666,11398281764.256666,0.0,1.0,8553799393.41228,2844482370.8443856,2125000000.0,0.0,13,9464500000.0,9464500000.0,5
gm_then_andrew,baseline,,COMPOSITE,"{""gm_then_andrew"": 0.7871538283400341}",266548625724.76184,209814771178.02124,56733854546.74061,54311516829.54508,71224250408.25545,0.0,60390317712.02813,23888686228.192593,54311516829.54508,71224250408.25545,17718939963.94636,39014914582.79424,22.656398076644816,8.962224495901193,20.375838247850194,26.720922013607236,6.647545045774478,14.637072120222092,60390317712.02813,23888686228.192593,17718939963.94636,34,21,13,Universal P&C Insurance Co.;Florida Family Insurance Co.;First Protective Insurance Co.;Cypress P&C Insurance Co.;Florida Peninsula Insurance Co;Tower Hill Insurance Exchange;Kin Interinsurance Network;Heritage P&C Insurance Co.;Florida Family Home Ins Co.;US Coastal P&C Insurance Co.;TypTap Insurance Co.;Homeowners Choice P&C Ins Co.;Vault E&S Insurance Co.;Edison Insurance Co.;Safe Harbor Insurance Co.;Spinnaker Specialty Ins Co.;GeoVera Specialty Insurance Co;Florida Farm Bureau Cas Ins Co;Universal North America Ins Co;QBE Specialty Insurance Co.;Auto Club Insurance Co. of FL;American Platinum P&C Ins Co.;FL Farm Bureau General Ins Co.;Castle Key Insurance Co.;Homesite Insurance Co.;PURE Specialty Exchange;State Farm FL Ins Co;AIG Property Casualty Co.;Foremost P&C Insurance Co.;ASI Preferred Insurance Corp.;Nationwide P&C Insurance Co.;ACE Ins Co. of the Midwest;Castle Key Indemnity Co.;First Liberty Insurance Corp.,Universal P&C Insurance Co.;Florida Family Insurance Co.;First Protective Insurance Co.;Cypress P&C Insurance Co.;Florida Peninsula Insurance Co;Tower Hill Insurance Exchange;Kin Interinsurance Network;Heritage P&C Insurance Co.;Florida Family Home Ins Co.;US Coastal P&C Insurance Co.;TypTap Insurance Co.;Homeowners Choice P&C Ins Co.;Vault E&S Insurance Co.;Edison Insurance Co.;Safe Harbor Insurance Co.;Spinnaker Specialty Ins Co.;GeoVera Specialty Insurance Co;Florida Farm Bureau Cas Ins Co;Universal North America Ins Co;QBE Specialty Insurance Co.;American Platinum P&C Ins Co.,7104852299.878294,13,35.802781374679086,3564673359.9504213,69294363.19618884,1,0.9811320754716981,14980330587.270456,304463100.0,18104409286.269985,539937478.65,359958319.1,539937478.65,359958319.1,14277939963.946362,17718939963.94636,3441000000.0,1395853723.0,1395853723.0,0.0,True,23348503783.57624,17000000000.0,6348503783.576241,0.7280980467775459,12428581603.541351,4571418396.458645,2332432573.3767347,0.0,14,9464500000.0,9464500000.0,6
gm_then_andrew,baseline,,COMPOSITE,"{""gm_then_andrew"": 0.7502263180729638}",266548625724.76187,199971794064.8966,66576831659.86526,17615349085.12282,106909614857.87422,0.0,60157347726.04563,15289482395.853964,17615349085.12282,106909614857.87422,20766548937.494843,45810282722.37041,22.568995642905364,5.736095001158207,6.608681263024943,40.10885990020789,7.790904522966245,17.18646366973736,60157347726.04563,15289482395.853964,20766548937.494843,34,21,13,Universal P&C Insurance Co.;Florida Family Insurance Co.;First Protective Insurance Co.;Cypress P&C Insurance Co.;Florida Peninsula Insurance Co;Tower Hill Insurance Exchange;Kin Interinsurance Network;Unique Insurance Co.;Heritage P&C Insurance Co.;Florida Family Home Ins Co.;US Coastal P&C Insurance Co.;TypTap Insurance Co.;Homeowners Choice P&C Ins Co.;Vault E&S Insurance Co.;Edison Insurance Co.;Safe Harbor Insurance Co.;GeoVera Specialty Insurance Co;Florida Farm Bureau Cas Ins Co;Universal North America Ins Co;QBE Specialty Insurance Co.;Auto Club Insurance Co. of FL;American Platinum P&C Ins Co.;FL Farm Bureau General Ins Co.;Castle Key Insurance Co.;Homesite Insurance Co.;PURE Specialty Exchange;State Farm FL Ins Co;AIG Property Casualty Co.;Foremost P&C Insurance Co.;ASI Preferred Insurance Corp.;Nationwide P&C Insurance Co.;ACE Ins Co. of the Midwest;Castle Key Indemnity Co.;First Liberty Insurance Corp.,Universal P&C Insurance Co.;Florida Family Insurance Co.;First Protective Insurance Co.;Cypress P&C Insurance Co.;Florida Peninsula Insurance Co;Tower Hill Insurance Exchange;Kin Interinsurance Network;Unique Insurance Co.;Heritage P&C Insurance Co.;Florida Family Home Ins Co.;US Coastal P&C Insurance Co.;TypTap Insurance Co.;Homeowners Choice P&C Ins Co.;Vault E&S Insurance Co.;Edison Insurance Co.;Safe Harbor Insurance Co.;GeoVera Specialty Insurance Co;Florida Farm Bureau Cas Ins Co;Universal North America Ins Co;QBE Specialty Insurance Co.;American Platinum P&C Ins Co.,6865148773.77353,13,35.80938809441937,3782886633.8100405,50804721.40212229,1,0.9811320754716981,14494550205.910297,304390140.0,10205013768.492273,539937478.65,359958319.1,539937478.65,359958319.1,17325548937.494843,20766548937.494843,3441000000.0,1395853723.0,1395853723.0,0.0,True,19348876766.98677,17000000000.0,2348876766.9867706,0.8786039729709558,13026463090.634928,3973536909.365071,2400591591.571805,0.0,14,9464500000.0,9464500000.0,7
gm_then_andrew,baseline,,COMPOSITE,"{""gm_then_andrew"": 0.6948652629149361}",266548625724.76184,185215380893.85156,81333244830.91026,36747145433.90282,93904931053.28372,0.0,43275269413.77927,11288034992.885805,36747145433.90282,93904931053.28372,25335469161.590496,55997775669.31976,16.235412692941555,4.234887710335386,13.786282084173237,35.22994380404346,9.505008361120536,21.008465347385837,43275269413.77927,11288034992.885805,25335469161.590496,31,20,11,Universal P&C Insurance Co.;Florida Family Insurance Co.;First Protective Insurance Co.;Cypress P&C Insurance Co.;Florida Peninsula Insurance Co;Tower Hill Insurance Exchange;Kin Interinsurance Network;Heritage P&C Insurance Co.;Florida Family Home Ins Co.;US Coastal P&C Insurance Co.;TypTap Insurance Co.;Homeowners Choice P&C Ins Co.;Vault E&S Insurance Co.;Edison Insurance Co.;Safe Harbor Insurance Co.;GeoVera Specialty Insurance Co;Florida Farm Bureau Cas Ins Co;Universal North America Ins Co;QBE Specialty Insurance Co.;Auto Club Insurance Co. of FL;American Platinum P&C Ins Co.;FL Farm Bureau General Ins Co.;Castle Key Insurance Co.;Homesite Insurance Co.;State Farm FL Ins Co;AIG Property Casualty Co.;Foremost P&C Insurance Co.;ASI Preferred Insurance Corp.;ACE Ins Co. of the Midwest;Castle Key Indemnity Co.;First Liberty Insurance Corp.,Universal P&C Insurance Co.;Florida Family Insurance Co.;First Protective Insurance Co.;Cypress P&C Insurance Co.;Florida Peninsula Insurance Co;Tower Hill Insurance Exchange;Kin Interinsurance Network;Heritage P&C Insurance Co.;Florida Family Home Ins Co.;US Coastal P&C Insurance Co.;TypTap Insurance Co.;Homeowners Choice P&C Ins Co.;Vault E&S Insurance Co.;Edison Insurance Co.;Safe Harbor Insurance Co.;GeoVera Specialty Insurance Co;Florida Farm Bureau Cas Ins Co;Universal North America Ins Co;QBE Specialty Insurance Co.;American Platinum P&C Ins Co.,4103364706.913817,11,35.71378625186174,2028039451.8978052,26514583.611242734,1,0.9811320754716981,8297657534.93199,305445900.0,5669695185.964431,539937478.65,359958319.1,539937478.65,359958319.1,21894469161.590496,25335469161.590496,3441000000.0,1395853723.0,1395853723.0,0.0,False,16917183456.789558,16917183456.789558,0.0,1.0,12394626045.708485,4522557411.081073,2125000000.0000002,0.0,13,9464500000.0,9464500000.0,8
gm_then_andrew,baseline,,COMPOSITE,"{""gm_then_andrew"": 0.8225438568141671}",266548625724.76187,219247934632.1616,47300691092.60029,55049019092.460754,66061000709.939575,0.0,73494661593.98593,24643253235.775295,55049019092.460754,66061000709.939575,14798218594.651075,32502472497.94922,27.572703252230053,9.245312433620242,20.6525240724011,24.78384592316532,5.5517894922226,12.193824826360679,73494661593.98593,24643253235.775295,14798218594.651075,36,23,13,Universal P&C Insurance Co.;Florida Family Insurance Co.;First Protective Insurance Co.;Spinnaker Insurance Co.;Cypress P&C Insurance Co.;Florida Peninsula Insurance Co;Tower Hill Insurance Exchange;Kin Interinsurance Network;Unique Insurance Co.;Heritage P&C Insurance Co.;Florida Family Home Ins Co.;US Coastal P&C Insurance Co.;TypTap Insurance Co.;Homeowners Choice P&C Ins Co.;Vault E&S Insurance Co.;Edison Insurance Co.;Safe Harbor Insurance Co.;Spinnaker Specialty Ins Co.;GeoVera Specialty Insurance Co;Florida Farm Bureau Cas Ins Co;Universal North America Ins Co;QBE Specialty Insurance Co.;Auto Club Insurance Co. of FL;American Platinum P&C Ins Co.;FL Farm Bureau General Ins Co.;Castle Key Insurance Co.;Homesite Insurance Co.;PURE Specialty Exchange;State Farm FL Ins Co;AIG Property Casualty Co.;Foremost P&C Insurance Co.;ASI Preferred Insurance Corp.;Nationwide P&C Insurance Co.;ACE Ins Co. of the Midwest;Castle Key Indemnity Co.;First Liberty Insurance Corp.,Universal P&C Insurance Co.;Florida Family Insurance Co.;First Protective Insurance Co.;Spinnaker Insurance Co.;Cypress P&C Insurance Co.;Florida Peninsula Insurance Co;Tower Hill Insurance Exchange;Kin Interinsurance Network;Unique Insurance Co.;Heritage P&C Insurance Co.;Florida Family Home Ins Co.;US Coastal P&C Insurance Co.;TypTap Insurance Co.;Homeowners Choice P&C Ins Co.;Vault E&S Insurance Co.;Edison Insurance Co.;Safe Harbor Insurance Co.;Spinnaker Specialty Ins Co.;GeoVera Specialty Insurance Co;Florida Farm Bureau Cas Ins Co;Universal North America Ins Co;QBE Specialty Insurance Co.;American Platinum P&C Ins Co.,8895077657.117262,13,36.189312511589605,5109771390.781594,63410014.88681139,1,0.9811320754716981,20372466848.32846,300194520.0,19830607658.259632,539937478.65,359958319.1,539937478.65,359958319.1,11357218594.651075,14798218594.651075,3441000000.0,1395853723.0,1395853723.0,0.0,True,21177303820.75282,17000000000.0,4177303820.752819,0.8027461920502247,13369534259.926147,3630465740.073854,2506574278.401841,0.0,14,9464500000.0,9464500000.0,9
gm_then_andrew,baseline,,COMPOSITE,"{""gm_then_andrew"": 0.7719431315279103}",266548625724.76184,205760380846.43362,60788244878.32823,37319510091.74967,79249028356.54541,0.0,69627164395.75478,19564678002.383755,37319510091.74967,79249028356.54541,18974271172.66561,41813973705.66262,26.121749533104627,7.3400033292935625,14.00101388265487,29.73154640773799,7.118502720122237,15.687184127086717,69627164395.75478,19564678002.383755,18974271172.66561,37,23,14,Universal P&C Insurance Co.;Florida Family Insurance Co.;First Protective Insurance Co.;Spinnaker Insurance Co.;Cypress P&C Insurance Co.;Florida Peninsula Insurance Co;Tower Hill Insurance Exchange;Kin Interinsurance Network;Unique Insurance Co.;Heritage P&C Insurance Co.;Florida Family Home Ins Co.;US Coastal P&C Insurance Co.;TypTap Insurance Co.;Homeowners Choice P&C Ins Co.;Vault E&S Insurance Co.;Edison Insurance Co.;Safe Harbor Insurance Co.;Spinnaker Specialty Ins Co.;GeoVera Specialty Insurance Co;Florida Farm Bureau Cas Ins Co;Universal North America Ins Co;QBE Specialty Insurance Co.;Auto Club Insurance Co. of FL;American Platinum P&C Ins Co.;Privilege Underwriters Recpl;FL Farm Bureau General Ins Co.;Castle Key Insurance Co.;Homesite Insurance Co.;PURE Specialty Exchange;State Farm FL Ins Co;AIG Property Casualty Co.;Foremost P&C Insurance Co.;ASI Preferred Insurance Corp.;Nationwide P&C Insurance Co.;ACE Ins Co. of the Midwest;Castle Key Indemnity Co.;First Liberty Insurance Corp.,Universal P&C Insurance Co.;Florida Family Insurance Co.;First Protective Insurance Co.;Spinnaker Insurance Co.;Cypress P&C Insurance Co.;Florida Peninsula Insurance Co;Tower Hill Insurance Exchange;Kin Interinsurance Network;Unique Insurance Co.;Heritage P&C Insurance Co.;Florida Family Home Ins Co.;US Coastal P&C Insurance Co.;TypTap Insurance Co.;Homeowners Choice P&C Ins Co.;Vault E&S Insurance Co.;Edison Insurance Co.;Safe Harbor Insurance Co.;Spinnaker Specialty Ins Co.;GeoVera Specialty Insurance Co;Florida Farm Bureau Cas Ins Co;Universal North America Ins Co;QBE Specialty Insurance Co.;American Platinum P&C Ins Co.,9321736665.444849,14,36.189312511589605,4850534934.918408,74354767.7857463,1,0.9811320754716981,20113491610.878464,300194520.0,13190448253.539185,539937478.65,359958319.1,539937478.65,359958319.1,15533271172.665611,18974271172.66561,3441000000.0,1395853723.0,1395853723.0,0.0,True,29242560402.187225,17000000000.000002,12242560402.187223,0.5813444433794679,11741672758.40677,5258327241.593227,2486826266.830677,0.0,14,9464500000.0,9464500000.0,10
gm_then_andrew,baseline,,COMPOSITE,"{""gm_then_andrew"": 0.7594824565936418}",266548625724.7618,202439005067.10132,64109620657.6605,10011683366.828793,91932770908.72932,0.0,77234312677.85338,23260238113.689835,10011683366.828793,91932770908.72932,20002644449.702145,44106976207.95836,28.97569344724574,8.726452087473287,3.7560438886549954,34.490056235990174,7.504313479506318,16.547440861129495,77234312677.85338,23260238113.689835,20002644449.702145,36,23,13,Universal P&C Insurance Co.;Florida Family Insurance Co.;First Protective Insurance Co.;Spinnaker Insurance Co.;Cypress P&C Insurance Co.;Florida Peninsula Insurance Co;Tower Hill Insurance Exchange;Kin Interinsurance Network;Unique Insurance Co.;Heritage P&C Insurance Co.;Florida Family Home Ins Co.;US Coastal P&C Insurance Co.;TypTap Insurance Co.;Homeowners Choice P&C Ins Co.;Vault E&S Insurance Co.;Edison Insurance Co.;Safe Harbor Insurance Co.;Spinnaker Specialty Ins Co.;GeoVera Specialty Insurance Co;Florida Farm Bureau Cas Ins Co;Universal North America Ins Co;QBE Specialty Insurance Co.;Auto Club Insurance Co. of FL;American Platinum P&C Ins Co.;FL Farm Bureau General Ins Co.;Castle Key Insurance Co.;Homesite Insurance Co.;PURE Specialty Exchange;State Farm FL Ins Co;AIG Property Casualty Co.;Foremost P&C Insurance Co.;ASI Preferred Insurance Corp.;Nationwide P&C Insurance Co.;ACE Ins Co. of the Midwest;Castle Key Indemnity Co.;First Liberty Insurance Corp.,Universal P&C Insurance Co.;Florida Family Insurance Co.;First Protective Insurance Co.;Spinnaker Insurance Co.;Cypress P&C Insurance Co.;Florida Peninsula Insurance Co;Tower Hill Insurance Exchange;Kin Interinsurance Network;Unique Insurance Co.;Heritage P&C Insurance Co.;Florida Family Home Ins Co.;US Coastal P&C Insurance Co.;TypTap Insurance Co.;Homeowners Choice P&C Ins Co.;Vault E&S Insurance Co.;Edison Insurance Co.;Safe Harbor Insurance Co.;Spinnaker Specialty Ins Co.;GeoVera Specialty Insurance Co;Florida Farm Bureau Cas Ins Co;Universal North America Ins Co;QBE Specialty Insurance Co.;American Platinum P&C Ins Co.,9726796276.407036,13,36.189312511589605,6334311196.494285,103355084.295666,1,0.9811320754716981,22430130119.32619,300194520.0,18894277268.553276,539937478.65,359958319.1,539937478.65,359958319.1,16561644449.702145,20002644449.702145,3441000000.0,1395853723.0,1395853723.0,0.0,True,23994300461.33101,17000000000.000002,6994300461.331007,0.7085015888417769,13795760888.620907,3204239111.3790936,2382648584.175388,0.0,14,9464500000.0,9464500000.0,11
gm_then_andrew,baseline,,COMPOSITE,"{""gm_then_andrew"": 0.8746758742076192}",266548625724.76184,233143652224.6456,33404973500.11624,17878021577.367233,70484540478.18332,0.0,106910156287.70174,37870933881.39334,17878021577.367233,70484540478.18332,10495789244.055302,22909184256.060936,40.109063026307695,14.207889377939948,6.707227069265809,26.44340794724849,3.93766398739315,8.594748591844912,106910156287.70174,37870933881.39334,10495789244.055302,41,23,18,Universal P&C Insurance Co.;Florida Family Insurance Co.;First Protective Insurance Co.;Spinnaker Insurance Co.;Cypress P&C Insurance Co.;Florida Peninsula Insurance Co;Tower Hill Insurance Exchange;Kin Interinsurance Network;Unique Insurance Co.;Heritage P&C Insurance Co.;Florida Family Home Ins Co.;US Coastal P&C Insurance Co.;TypTap Insurance Co.;Homeowners Choice P&C Ins Co.;Vault E&S Insurance Co.;Edison Insurance Co.;Safe Harbor Insurance Co.;Spinnaker Specialty Ins Co.;GeoVera Specialty Insurance Co;Florida Farm Bureau Cas Ins Co;Universal North America Ins Co;QBE Specialty Insurance Co.;Auto Club Insurance Co. of FL;American Platinum P&C Ins Co.;Privilege Underwriters Recpl;FL Farm Bureau General Ins Co.;Castle Key Insurance Co.;Chubb Custom Insurance Co.;Homesite Insurance Co.;Scottsdale Insurance Co.;PURE Specialty Exchange;First Floridian Auto & Home;State Farm FL Ins Co;AIG Specialty Insurance Co.;AIG Property Casualty Co.;Foremost P&C Insurance Co.;ASI Preferred Insurance Corp.;Nationwide P&C Insurance Co.;ACE Ins Co. of the Midwest;Castle Key Indemnity Co.;First Liberty Insurance Corp.,Universal P&C Insurance Co.;Florida Family Insurance Co.;First Protective Insurance Co.;Spinnaker Insurance Co.;Cypress P&C Insurance Co.;Florida Peninsula Insurance Co;Tower Hill Insurance Exchange;Kin Interinsurance Network;Unique Insurance Co.;Heritage P&C Insurance Co.;Florida Family Home Ins Co.;US Coastal P&C Insurance Co.;TypTap Insurance Co.;Homeowners Choice P&C Ins Co.;Vault E&S Insurance Co.;Edison Insurance Co.;Safe Harbor Insurance Co.;Spinnaker Specialty Ins Co.;GeoVera Specialty Insurance Co;Florida Farm Bureau Cas Ins Co;Universal North America Ins Co;QBE Specialty Insurance Co.;American Platinum P&C Ins Co.,15984316785.705296,18,36.189312511589605,7964251426.317275,136617453.8278225,1,0.9811320754716981,34978359716.91409,300194520.0,31574763667.872833,539937478.65,359958319.1,539937478.65,359958319.1,7054789244.055302,10495789244.055302,3441000000.0,1395853723.0,1395853723.0,0.0,True,27990405286.891113,16999999999.999998,10990405286.891115,0.6073509770850547,11883124701.959759,5116875298.040243,2618519817.570436,0.0,15,9464500000.0,9464500000.0,12
gm_then_andrew,baseline,,COMPOSITE,"{""gm_then_andrew"": 0.7683667711094471}",266548625724.76187,204807106891.7958,61741518832.96607,34304409982.964195,66208754708.22411,0.0,80722029363.95197,23571912836.655495,34304409982.964195,66208754708.22411,19269426411.270252,42472092421.695816,30.28416640470904,8.843381867965755,12.869850628450411,24.8392782098195,7.229234950611925,15.934087938443358,80722029363.95197,23571912836.655495,19269426411.270252,37,23,14,Universal P&C Insurance Co.;Florida Family Insurance Co.;First Protective Insurance Co.;Spinnaker Insurance Co.;Cypress P&C Insurance Co.;Florida Peninsula Insurance Co;Tower Hill Insurance Exchange;Kin Interinsurance Network;Unique Insurance Co.;Heritage P&C Insurance Co.;Florida Family Home Ins Co.;US Coastal P&C Insurance Co.;TypTap Insurance Co.;Homeowners Choice P&C Ins Co.;Vault E&S Insurance Co.;Edison Insurance Co.;Safe Harbor Insurance Co.;Spinnaker Specialty Ins Co.;GeoVera Specialty Insurance Co;Florida Farm Bureau Cas Ins Co;Universal North America Ins Co;QBE Specialty Insurance Co.;Auto Club Insurance Co. of FL;American Platinum P&C Ins Co.;Privilege Underwriters Recpl;FL Farm Bureau General Ins Co.;Castle Key Insurance Co.;Homesite Insurance Co.;PURE Specialty Exchange;State Farm FL Ins Co;AIG Property Casualty Co.;Foremost P&C Insurance Co.;ASI Preferred Insurance Corp.;Nationwide P&C Insurance Co.;ACE Ins Co. of the Midwest;Castle Key Indemnity Co.;First Liberty Insurance Corp.,Universal P&C Insurance Co.;Florida Family Insurance Co.;First Protective Insurance Co.;Spinnaker Insurance Co.;Cypress P&C Insurance Co.;Florida Peninsula Insurance Co;Tower Hill Insurance Exchange;Kin Interinsurance Network;Unique Insurance Co.;Heritage P&C Insurance Co.;Florida Family Home Ins Co.;US Coastal P&C Insurance Co.;TypTap Insurance Co.;Homeowners Choice P&C Ins Co.;Vault E&S Insurance Co.;Edison Insurance Co.;Safe Harbor Insurance Co.;Spinnaker Specialty Ins Co.;GeoVera Specialty Insurance Co;Florida Farm Bureau Cas Ins Co;Universal North America Ins Co;QBE Specialty Insurance Co.;American Platinum P&C Ins Co.,9831526316.721804,14,36.189312511589605,6514651329.781663,106798405.05269262,1,0.9811320754716981,24798072215.52291,300194520.0,18661299808.796577,539937478.65,359958319.1,539937478.65,359958319.1,15828426411.270252,19269426411.270252,3441000000.0,1395853723.0,1395853723.0,0.0,True,23814421720.212044,17000000000.0,6814421720.212044,0.713853151662783,13236623003.607052,3763376996.3929486,2575000000.0,0.0,14,9464500000.0,9464500000.0,13
gm_then_andrew,baseline,,COMPOSITE,"{""gm_then_andrew"": 0.8252543576875448}",266548625724.76184,219970414914.98618,46578210809.77567,35831786557.76196,91767460562.33948,0.0,71732035464.34134,20639132330.54341,35831786557.76196,91767460562.33948,14574522311.723396,32003688498.052277,26.9114257367854,7.743102135463786,13.442870493266723,34.428037403238605,5.4678662371994555,12.006697994046043,71732035464.34134,20639132330.54341,14574522311.723396,38,23,15,Universal P&C Insurance Co.;Florida Family Insurance Co.;First Protective Insurance Co.;Spinnaker Insurance Co.;Cypress P&C Insurance Co.;Florida Peninsula Insurance Co;Tower Hill Insurance Exchange;Kin Interinsurance Network;Unique Insurance Co.;Heritage P&C Insurance Co.;Florida Family Home Ins Co.;US Coastal P&C Insurance Co.;TypTap Insurance Co.;Homeowners Choice P&C Ins Co.;Vault E&S Insurance Co.;Edison Insurance Co.;Safe Harbor Insurance Co.;Spinnaker Specialty Ins Co.;GeoVera Specialty Insurance Co;Florida Farm Bureau Cas Ins Co;Universal North America Ins Co;QBE Specialty Insurance Co.;Auto Club Insurance Co. of FL;American Platinum P&C Ins Co.;Privilege Underwriters Recpl;FL Farm Bureau General Ins Co.;Castle Key Insurance Co.;Chubb Custom Insurance Co.;Homesite Insurance Co.;PURE Specialty Exchange;State Farm FL Ins Co;AIG Property Casualty Co.;Foremost P&C Insurance Co.;ASI Preferred Insurance Corp.;Nationwide P&C Insurance Co.;ACE Ins Co. of the Midwest;Castle Key Indemnity Co.;First Liberty Insurance Corp.,Universal P&C Insurance Co.;Florida Family Insurance Co.;First Protective Insurance Co.;Spinnaker Insurance Co.;Cypress P&C Insurance Co.;Florida Peninsula Insurance Co;Tower Hill Insurance Exchange;Kin Interinsurance Network;Unique Insurance Co.;Heritage P&C Insurance Co.;Florida Family Home Ins Co.;US Coastal P&C Insurance Co.;TypTap Insurance Co.;Homeowners Choice P&C Ins Co.;Vault E&S Insurance Co.;Edison Insurance Co.;Safe Harbor Insurance Co.;Spinnaker Specialty Ins Co.;GeoVera Specialty Insurance Co;Florida Farm Bureau Cas Ins Co;Universal North America Ins Co;QBE Specialty Insurance Co.;American Platinum P&C Ins Co.,9137396602.689478,15,36.189312511589605,4399759221.658766,98254119.6831817,1,0.9811320754716981,19914315900.357895,300194520.0,14704891013.08144,539937478.65,359958319.1,539937478.65,359958319.1,11133522311.723396,14574522311.723396,3441000000.0,1395853723.0,1395853723.0,0.0,True,26441887232.750824,17000000000.0,9441887232.750824,0.6429193139793692,12194638732.000042,4805361267.999956,2468944591.076704,0.0,14,9464500000.0,9464500000.0,14
gm_then_andrew,baseline,,COMPOSITE,"{""gm_then_andrew"": 0.7327885274183238}",266548625724.76184,195323774930.22623,71224850794.53563,42016811463.69122,61369256948.235085,0.0,67952583396.546005,23985123121.7539,42016811463.69122,61369256948.235085,22205681088.39241,49019169706.143234,25.493503563103665,8.998404346125175,15.763281971326984,23.023662861276573,8.330818074193337,18.390329183974274,67952583396.546005,23985123121.7539,22205681088.39241,36,22,14,Universal P&C Insurance Co.;Florida Family Insurance Co.;First Protective Insurance Co.;Cypress P&C Insurance Co.;Florida Peninsula Insurance Co;Tower Hill Insurance Exchange;Kin Interinsurance Network;Unique Insurance Co.;Heritage P&C Insurance Co.;Florida Family Home Ins Co.;US Coastal P&C Insurance Co.;TypTap Insurance Co.;Homeowners Choice P&C Ins Co.;Vault E&S Insurance Co.;Edison Insurance Co.;Safe Harbor Insurance Co.;Spinnaker Specialty Ins Co.;GeoVera Specialty Insurance Co;Florida Farm Bureau Cas Ins Co;Universal North America Ins Co;QBE Specialty Insurance Co.;Auto Club Insurance Co. of FL;American Platinum P&C Ins Co.;Privilege Underwriters Recpl;FL Farm Bureau General Ins Co.;Castle Key Insurance Co.;Homesite Insurance Co.;PURE Specialty Exchange;State Farm FL Ins Co;AIG Property Casualty Co.;Foremost P&C Insurance Co.;ASI Preferred Insurance Corp.;Nationwide P&C Insurance Co.;ACE Ins Co. of the Midwest;Castle Key Indemnity Co.;First Liberty Insurance Corp.,Universal P&C Insurance Co.;Florida Family Insurance Co.;First Protective Insurance Co.;Cypress P&C Insurance Co.;Florida Peninsula Insurance Co;Tower Hill Insurance Exchange;Kin Interinsurance Network;Unique Insurance Co.;Heritage P&C Insurance Co.;Florida Family Home Ins Co.;US Coastal P&C Insurance Co.;TypTap Insurance Co.;Homeowners Choice P&C Ins Co.;Vault E&S Insurance Co.;Edison Insurance Co.;Safe Harbor Insurance Co.;Spinnaker Specialty Ins Co.;GeoVera Specialty Insurance Co;Florida Farm Bureau Cas Ins Co;Universal North America Ins Co;QBE Specialty Insurance Co.;American Platinum P&C Ins Co.,8520678638.754901,14,35.89838321723671,4144566647.0077515,75380861.06312536,1,0.9811320754716981,19346055942.282944,303407340.0,17398601736.52367,539937478.65,359958319.1,539937478.65,359958319.1,18764681088.39241,22205681088.39241,3441000000.0,1395853723.0,1395853723.0,0.0,True,28338221189.889984,16999999999.999998,11338221189.889986,0.5998965103026637,11583462181.696678,5416537818.30332,2499959759.617763,0.0,14,9464500000.0,9464500000.0,15
gm_then_andrew,baseline,,COMPOSITE,"{""gm_then_andrew"": 0.878123226441488}",266548625724.76184,234062539224.9725,32486086499.78934,45379256977.095146,73127011755.37459,0.0,90588797630.12009,24967472862.382694,45379256977.095146,73127011755.37459,10211280986.473433,22274805513.315914,33.98584306477051,9.366948636292769,17.02475743542335,27.434773507662186,3.830926142916078,8.356751212935116,90588797630.12009,24967472862.382694,10211280986.473433,38,23,15,Universal P&C Insurance Co.;Florida Family Insurance Co.;First Protective Insurance Co.;Spinnaker Insurance Co.;Cypress P&C Insurance Co.;Florida Peninsula Insurance Co;Tower Hill Insurance Exchange;Kin Interinsurance Network;Unique Insurance Co.;Heritage P&C Insurance Co.;Florida Family Home Ins Co.;US Coastal P&C Insurance Co.;TypTap Insurance Co.;Homeowners Choice P&C Ins Co.;Vault E&S Insurance Co.;Edison Insurance Co.;Safe Harbor Insurance Co.;Spinnaker Specialty Ins Co.;GeoVera Specialty Insurance Co;Florida Farm Bureau Cas Ins Co;Universal North America Ins Co;QBE Specialty Insurance Co.;Auto Club Insurance Co. of FL;American Platinum P&C Ins Co.;FL Farm Bureau General Ins Co.;Castle Key Insurance Co.;Chubb Custom Insurance Co.;Homesite Insurance Co.;Farmers Casualty Ins Co.;PURE Specialty Exchange;State Farm FL Ins Co;AIG Property Casualty Co.;Foremost P&C Insurance Co.;ASI Preferred Insurance Corp.;Nationwide P&C Insurance Co.;ACE Ins Co. of the Midwest;Castle Key Indemnity Co.;First Liberty Insurance Corp.,Universal P&C Insurance Co.;Florida Family Insurance Co.;First Protective Insurance Co.;Spinnaker Insurance Co.;Cypress P&C Insurance Co.;Florida Peninsula Insurance Co;Tower Hill Insurance Exchange;Kin Interinsurance Network;Unique Insurance Co.;Heritage P&C Insurance Co.;Florida Family Home Ins Co.;US Coastal P&C Insurance Co.;TypTap Insurance Co.;Homeowners Choice P&C Ins Co.;Vault E&S Insurance Co.;Edison Insurance Co.;Safe Harbor Insurance Co.;Spinnaker Specialty Ins Co.;GeoVera Specialty Insurance Co;Florida Farm Bureau Cas Ins Co;Universal North America Ins Co;QBE Specialty Insurance Co.;American Platinum P&C Ins Co.,12398734577.121323,15,36.189312511589605,5557177551.717723,89733006.11530997,1,0.9811320754716981,27353254519.282864,300194520.0,19443799167.35806,539937478.65,359958319.1,539937478.65,359958319.1,6770280986.473433,10211280986.473433,3441000000.0,1395853723.0,1395853723.0,0.0,True,23983930038.557373,17000000000.0,6983930038.557373,0.7088079381765302,12603732885.685644,4396267114.314354,2575000000.0,0.0,14,9464500000.0,9464500000.0,16
gm_then_andrew,baseline,,COMPOSITE,"{""gm_then_andrew"": 0.7134418139275196}",266548625724.76187,190166935036.96164,76381690687.80023,51640743626.15925,79641106760.14546,0.0,46406251312.23196,12478833338.424965,51640743626.15925,79641106760.14546,23802355687.270638,52579335000.52958,17.4100508625961,4.68163484410931,19.373854765052695,29.87864092099386,8.92983620626465,19.725982400983376,46406251312.23196,12478833338.424965,23802355687.270638,31,19,12,Universal P&C Insurance Co.;Florida Family Insurance Co.;First Protective Insurance Co.;Cypress P&C Insurance Co.;Florida Peninsula Insurance Co;Tower Hill Insurance Exchange;Kin Interinsurance Network;Heritage P&C Insurance Co.;Florida Family Home Ins Co.;US Coastal P&C Insurance Co.;TypTap Insurance Co.;Homeowners Choice P&C Ins Co.;Vault E&S Insurance Co.;Edison Insurance Co.;Safe Harbor Insurance Co.;GeoVera Specialty Insurance Co;Florida Farm Bureau Cas Ins Co;Universal North America Ins Co;Auto Club Insurance Co. of FL;American Platinum P&C Ins Co.;FL Farm Bureau General Ins Co.;Castle Key Insurance Co.;Homesite Insurance Co.;State Farm FL Ins Co;AIG Property Casualty Co.;Foremost P&C Insurance Co.;ASI Preferred Insurance Corp.;Nationwide P&C Insurance Co.;ACE Ins Co. of the Midwest;Castle Key Indemnity Co.;First Liberty Insurance Corp.,Universal P&C Insurance Co.;Florida Family Insurance Co.;First Protective Insurance Co.;Cypress P&C Insurance Co.;Florida Peninsula Insurance Co;Tower Hill Insurance Exchange;Kin Interinsurance Network;Heritage P&C Insurance Co.;Florida Family Home Ins Co.;US Coastal P&C Insurance Co.;TypTap Insurance Co.;Homeowners Choice P&C Ins Co.;Vault E&S Insurance Co.;Edison Insurance Co.;Safe Harbor Insurance Co.;GeoVera Specialty Insurance Co;Florida Farm Bureau Cas Ins Co;Universal North America Ins Co;American Platinum P&C Ins Co.,5560186370.553861,12,35.41856476294073,2170804747.8200927,36243710.41906022,1,0.9811320754716981,8869284030.567532,308706120.0,6677740250.140516,539937478.65,359958319.1,539937478.65,359958319.1,20361355687.270638,23802355687.270638,3441000000.0,1395853723.0,1395853723.0,0.0,True,23617393002.082653,17000000000.0,6617393002.082653,0.7198084902300982,12301268848.77941,4698731151.220589,2125000000.0,0.0,13,9464500000.0,9464500000.0,17
gm_then_andrew,baseline,,COMPOSITE,"{""gm_then_andrew"": 0.7959969925800304}",266548625724.7619,212171904453.25067,54376721271.51124,43953760655.178024,95356985127.45276,0.0,53128711334.25098,19732447336.36887,43953760655.178024,95356985127.45276,16989118037.218512,37387603234.292725,19.932089760279492,7.402944690753947,16.48995958454675,35.77470522242286,6.373740622756567,14.026560119240367,53128711334.25098,19732447336.36887,16989118037.218512,33,21,12,Universal P&C Insurance Co.;Florida Family Insurance Co.;First Protective Insurance Co.;Cypress P&C Insurance Co.;Florida Peninsula Insurance Co;Tower Hill Insurance Exchange;Kin Interinsurance Network;Heritage P&C Insurance Co.;Florida Family Home Ins Co.;US Coastal P&C Insurance Co.;TypTap Insurance Co.;Homeowners Choice P&C Ins Co.;Vault E&S Insurance Co.;Edison Insurance Co.;Safe Harbor Insurance Co.;Spinnaker Specialty Ins Co.;GeoVera Specialty Insurance Co;Florida Farm Bureau Cas Ins Co;Universal North America Ins Co;QBE Specialty Insurance Co.;Auto Club Insurance Co. of FL;American Platinum P&C Ins Co.;FL Farm Bureau General Ins Co.;Castle Key Insurance Co.;Homesite Insurance Co.;State Farm FL Ins Co;AIG Property Casualty Co.;Foremost P&C Insurance Co.;ASI Preferred Insurance Corp.;Nationwide P&C Insurance Co.;ACE Ins Co. of the Midwest;Castle Key Indemnity Co.;First Liberty Insurance Corp.,Universal P&C Insurance Co.;Florida Family Insurance Co.;First Protective Insurance Co.;Cypress P&C Insurance Co.;Florida Peninsula Insurance Co;Tower Hill Insurance Exchange;Kin Interinsurance Network;Heritage P&C Insurance Co.;Florida Family Home Ins Co.;US Coastal P&C Insurance Co.;TypTap Insurance Co.;Homeowners Choice P&C Ins Co.;Vault E&S Insurance Co.;Edison Insurance Co.;Safe Harbor Insurance Co.;Spinnaker Specialty Ins Co.;GeoVera Specialty Insurance Co;Florida Farm Bureau Cas Ins Co;Universal North America Ins Co;QBE Specialty Insurance Co.;American Platinum P&C Ins Co.,6538649361.450334,12,35.802781374679086,3312251857.111409,40336086.49203548,1,0.9811320754716981,12837833294.844698,304463100.0,14021744397.19353,539937478.65,359958319.1,539937478.65,359958319.1,13548118037.218512,16989118037.218512,3441000000.0,1395853723.0,1395853723.0,0.0,False,15345822927.675278,15345822927.675278,0.0,1.0,10823265516.594206,4522557411.081073,2208155956.020367,0.0,14,9464500000.0,9464500000.0,18
gm_then_andrew,baseline,,COMPOSITE,"{""gm_then_andrew"": 0.7684694281096092}",266548625724.76187,204834469974.11008,61714155750.651794,47572757434.30896,97444743897.5632,0.0,46805420033.54079,13011548608.697111,47572757434.30896,97444743897.5632,19260954180.333767,42453201570.31802,17.559805422471797,4.88149153773272,17.84768437839653,36.55796147235989,7.226056457039336,15.92700073199972,46805420033.54079,13011548608.697111,19260954180.333767,31,19,12,Universal P&C Insurance Co.;Florida Family Insurance Co.;First Protective Insurance Co.;Cypress P&C Insurance Co.;Florida Peninsula Insurance Co;Tower Hill Insurance Exchange;Kin Interinsurance Network;Heritage P&C Insurance Co.;Florida Family Home Ins Co.;US Coastal P&C Insurance Co.;TypTap Insurance Co.;Homeowners Choice P&C Ins Co.;Vault E&S Insurance Co.;Edison Insurance Co.;Safe Harbor Insurance Co.;GeoVera Specialty Insurance Co;Florida Farm Bureau Cas Ins Co;Universal North America Ins Co;Auto Club Insurance Co. of FL;American Platinum P&C Ins Co.;FL Farm Bureau General Ins Co.;Castle Key Insurance Co.;Homesite Insurance Co.;State Farm FL Ins Co;AIG Property Casualty Co.;Foremost P&C Insurance Co.;ASI Preferred Insurance Corp.;Nationwide P&C Insurance Co.;ACE Ins Co. of the Midwest;Castle Key Indemnity Co.;First Liberty Insurance Corp.,Universal P&C Insurance Co.;Florida Family Insurance Co.;First Protective Insurance Co.;Cypress P&C Insurance Co.;Florida Peninsula Insurance Co;Tower Hill Insurance Exchange;Kin Interinsurance Network;Heritage P&C Insurance Co.;Florida Family Home Ins Co.;US Coastal P&C Insurance Co.;TypTap Insurance Co.;Homeowners Choice P&C Ins Co.;Vault E&S Insurance Co.;Edison Insurance Co.;Safe Harbor Insurance Co.;GeoVera Specialty Insurance Co;Florida Farm Bureau Cas Ins Co;Universal North America Ins Co;American Platinum P&C Ins Co.,4449321228.580425,12,35.41856476294073,2167055945.1303034,30369598.335446768,1,0.9811320754716981,9104069703.162306,308706120.0,7291769918.903071,539937478.65,359958319.1,539937478.65,359958319.1,15819954180.333767,19260954180.333767,3441000000.0,1395853723.0,1395853723.0,0.0,True,20915589758.120148,17000000000.0,3915589758.1201477,0.8127908510636196,12394101394.897755,4605898605.102243,2125000000.0,0.0,13,9464500000.0,9464500000.0,19
gm_then_andrew,baseline,,COMPOSITE,"{""gm_then_andrew"": 0.7080701857669751}",266548625724.76184,188735134932.86404,77813490791.89778,26597187870.51281,95073650060.57425,0.0,51075225062.02533,15989071939.751684,26597187870.51281,95073650060.57425,24245673475.72277,53567817316.17502,19.161691388634512,5.998557259965768,9.978362408807566,35.66840751928967,9.09615399809221,20.09682742521027,51075225062.02533,15989071939.751684,24245673475.72277,32,20,12,Universal P&C Insurance Co.;Florida Family Insurance Co.;First Protective Insurance Co.;Cypress P&C Insurance Co.;Florida Peninsula Insurance Co;Tower Hill Insurance Exchange;Kin Interinsurance Network;Heritage P&C Insurance Co.;Florida Family Home Ins Co.;US Coastal P&C Insurance Co.;TypTap Insurance Co.;Homeowners Choice P&C Ins Co.;Vault E&S Insurance Co.;Edison Insurance Co.;Safe Harbor Insurance Co.;GeoVera Specialty Insurance Co;Florida Farm Bureau Cas Ins Co;Universal North America Ins Co;QBE Specialty Insurance Co.;Auto Club Insurance Co. of FL;American Platinum P&C Ins Co.;FL Farm Bureau General Ins Co.;Castle Key Insurance Co.;Homesite Insurance Co.;State Farm FL Ins Co;AIG Property Casualty Co.;Foremost P&C Insurance Co.;ASI Preferred Insurance Corp.;Nationwide P&C Insurance Co.;ACE Ins Co. of the Midwest;Castle Key Indemnity Co.;First Liberty Insurance Corp.,Universal P&C Insurance Co.;Florida Family Insurance Co.;First Protective Insurance Co.;Cypress P&C Insurance Co.;Florida Peninsula Insurance Co;Tower Hill Insurance Exchange;Kin Interinsurance Network;Heritage P&C Insurance Co.;Florida Family Home Ins Co.;US Coastal P&C Insurance Co.;TypTap Insurance Co.;Homeowners Choice P&C Ins Co.;Vault E&S Insurance Co.;Edison Insurance Co.;Safe Harbor Insurance Co.;GeoVera Specialty Insurance Co;Florida Farm Bureau Cas Ins Co;Universal North America Ins Co;QBE Specialty Insurance Co.;American Platinum P&C Ins Co.,5344445900.223181,12,35.71378625186174,3341867451.7663045,40048136.516827315,1,0.9811320754716981,11327199324.964352,305445900.0,10615553506.941631,539937478.65,359958319.1,539937478.65,359958319.1,20804673475.72277,24245673475.72277,3441000000.0,1395853723.0,1395853723.0,0.0,True,18230375329.416428,17000000000.0,1230375329.4164276,0.9325095996553016,12782671799.174671,4217328200.8253284,2211805783.903535,0.0,14,9464500000.0,9464500000.0,20
gm_then_andrew,baseline,,COMPOSITE,"{""gm_then_andrew"": 0.8213662094971143}",266548625724.76184,218934034358.21268,47614591366.549164,82157072257.26317,76970343068.99986,0.0,46540831587.4367,13265787444.512981,82157072257.26317,76970343068.99986,14895409239.380938,32719182127.16823,17.460540815353806,4.9768733222474895,30.822545805244022,28.87666100686614,5.588252124309183,12.275126925979375,46540831587.4367,13265787444.512981,14895409239.380938,31,19,12,Universal P&C Insurance Co.;Florida Family Insurance Co.;First Protective Insurance Co.;Cypress P&C Insurance Co.;Florida Peninsula Insurance Co;Tower Hill Insurance Exchange;Kin Interinsurance Network;Heritage P&C Insurance Co.;Florida Family Home Ins Co.;US Coastal P&C Insurance Co.;TypTap Insurance Co.;Homeowners Choice P&C Ins Co.;Vault E&S Insurance Co.;Edison Insurance Co.;Safe Harbor Insurance Co.;GeoVera Specialty Insurance Co;Florida Farm Bureau Cas Ins Co;Universal North America Ins Co;Auto Club Insurance Co. of FL;American Platinum P&C Ins Co.;FL Farm Bureau General Ins Co.;Castle Key Insurance Co.;Homesite Insurance Co.;State Farm FL Ins Co;AIG Property Casualty Co.;Foremost P&C Insurance Co.;ASI Preferred Insurance Corp.;Nationwide P&C Insurance Co.;ACE Ins Co. of the Midwest;Castle Key Indemnity Co.;First Liberty Insurance Corp.,Universal P&C Insurance Co.;Florida Family Insurance Co.;First Protective Insurance Co.;Cypress P&C Insurance Co.;Florida Peninsula Insurance Co;Tower Hill Insurance Exchange;Kin Interinsurance Network;Heritage P&C Insurance Co.;Florida Family Home Ins Co.;US Coastal P&C Insurance Co.;TypTap Insurance Co.;Homeowners Choice P&C Ins Co.;Vault E&S Insurance Co.;Edison Insurance Co.;Safe Harbor Insurance Co.;GeoVera Specialty Insurance Co;Florida Farm Bureau Cas Ins Co;Universal North America Ins Co;American Platinum P&C Ins Co.,4603039398.493407,12,35.41856476294073,2053065575.6029978,21051355.960862227,1,0.9811320754716981,9343000412.078253,308706120.0,7781635747.526154,539937478.65,359958319.1,539937478.65,359958319.1,11454409239.380938,14895409239.380938,3441000000.0,1395853723.0,1395853723.0,0.0,True,21038106021.72712,17000000000.0,4038106021.7271194,0.8080575305801405,12642581021.0108,4357418978.9892025,2252130548.3576126,0.0,14,9464500000.0,9464500000.0,21
gm_then_andrew,baseline,,COMPOSITE,"{""gm_then_andrew"": 0.7838425933193013}",266548625724.7619,208932166033.7932,57616459690.96867,31374681810.735126,79162610526.38411,0.0,76870642849.44772,21524230847.226257,31374681810.735126,79162610526.38411,17992214535.931583,39624245155.03708,28.83925686745965,8.075161066278458,11.77071602805134,29.69912537014069,6.7500683925905305,14.865672275479325,76870642849.44772,21524230847.226257,17992214535.931583,38,23,15,Universal P&C Insurance Co.;Florida Family Insurance Co.;First Protective Insurance Co.;Spinnaker Insurance Co.;Cypress P&C Insurance Co.;Florida Peninsula Insurance Co;Tower Hill Insurance Exchange;Kin Interinsurance Network;Unique Insurance Co.;Heritage P&C Insurance Co.;Florida Family Home Ins Co.;US Coastal P&C Insurance Co.;TypTap Insurance Co.;Homeowners Choice P&C Ins Co.;Vault E&S Insurance Co.;Edison Insurance Co.;Safe Harbor Insurance Co.;Spinnaker Specialty Ins Co.;GeoVera Specialty Insurance Co;Florida Farm Bureau Cas Ins Co;Universal North America Ins Co;QBE Specialty Insurance Co.;Auto Club Insurance Co. of FL;American Platinum P&C Ins Co.;Privilege Underwriters Recpl;FL Farm Bureau General Ins Co.;Castle Key Insurance Co.;Chubb Custom Insurance Co.;Homesite Insurance Co.;PURE Specialty Exchange;State Farm FL Ins Co;AIG Property Casualty Co.;Foremost P&C Insurance Co.;ASI Preferred Insurance Corp.;Nationwide P&C Insurance Co.;ACE Ins Co. of the Midwest;Castle Key Indemnity Co.;First Liberty Insurance Corp.,Universal P&C Insurance Co.;Florida Family Insurance Co.;First Protective Insurance Co.;Spinnaker Insurance Co.;Cypress P&C Insurance Co.;Florida Peninsula Insurance Co;Tower Hill Insurance Exchange;Kin Interinsurance Network;Unique Insurance Co.;Heritage P&C Insurance Co.;Florida Family Home Ins Co.;US Coastal P&C Insurance Co.;TypTap Insurance Co.;Homeowners Choice P&C Ins Co.;Vault E&S Insurance Co.;Edison Insurance Co.;Safe Harbor Insurance Co.;Spinnaker Specialty Ins Co.;GeoVera Specialty Insurance Co;Florida Farm Bureau Cas Ins Co;Universal North America Ins Co;QBE Specialty Insurance Co.;American Platinum P&C Ins Co.,10421661271.75996,15,36.189312511589605,4691025101.381219,102244375.22609717,1,0.9811320754716981,22035197923.342487,300194520.0,15137332962.1265,539937478.65,359958319.1,539937478.65,359958319.1,14551214535.931583,17992214535.931583,3441000000.0,1395853723.0,1395853723.0,0.0,True,29181530754.598457,17000000000.0,12181530754.598457,0.5825602550791864,11730675601.980692,5269324398.019309,2575000000.0,0.0,14,9464500000.0,9464500000.0,22
gm_then_andrew,baseline,,COMPOSITE,"{""gm_then_andrew"": 0.6161972661832867}",266548625724.7619,164246534476.5104,102302091248.25148,31879275631.459595,73368275749.43922,0.0,45063426427.99904,13935556667.612532,31879275631.459595,73368275749.43922,31827899629.729874,70474191618.5216,16.90626852997979,5.228148008537245,11.960022508005025,27.52528757180662,11.94074797541645,26.43952540625486,45063426427.99904,13935556667.612532,31827899629.729874,31,20,11,Universal P&C Insurance Co.;Florida Family Insurance Co.;First Protective Insurance Co.;Cypress P&C Insurance Co.;Florida Peninsula Insurance Co;Tower Hill Insurance Exchange;Kin Interinsurance Network;Heritage P&C Insurance Co.;Florida Family Home Ins Co.;US Coastal P&C Insurance Co.;TypTap Insurance Co.;Homeowners Choice P&C Ins Co.;Vault E&S Insurance Co.;Edison Insurance Co.;Safe Harbor Insurance Co.;GeoVera Specialty Insurance Co;Florida Farm Bureau Cas Ins Co;Universal North America Ins Co;QBE Specialty Insurance Co.;Auto Club Insurance Co. of FL;American Platinum P&C Ins Co.;FL Farm Bureau General Ins Co.;Castle Key Insurance Co.;Homesite Insurance Co.;State Farm FL Ins Co;AIG Property Casualty Co.;Foremost P&C Insurance Co.;ASI Preferred Insurance Corp.;ACE Ins Co. of the Midwest;Castle Key Indemnity Co.;First Liberty Insurance Corp.,Universal P&C Insurance Co.;Florida Family Insurance Co.;First Protective Insurance Co.;Cypress P&C Insurance Co.;Florida Peninsula Insurance Co;Tower Hill Insurance Exchange;Kin Interinsurance Network;Heritage P&C Insurance Co.;Florida Family Home Ins Co.;US Coastal P&C Insurance Co.;TypTap Insurance Co.;Homeowners Choice P&C Ins Co.;Vault E&S Insurance Co.;Edison Insurance Co.;Safe Harbor Insurance Co.;GeoVera Specialty Insurance Co;Florida Farm Bureau Cas Ins Co;Universal North America Ins Co;QBE Specialty Insurance Co.;American Platinum P&C Ins Co.,4537148311.832176,11,35.71378625186174,2220592534.198343,17999507.7672448,1,0.9811320754716981,9314075404.43644,305445900.0,7901801198.45536,539937478.65,359958319.1,539937478.65,359958319.1,28386899629.729874,31827899629.729874,3441000000.0,1395853723.0,1395853723.0,0.0,True,23157891842.93345,17000000000.0,6157891842.933449,0.7340910008260312,12100657273.280537,4899342726.719463,2127454653.9533079,0.0,14,9464500000.0,9464500000.0,23
gm_then_andrew,baseline,,COMPOSITE,"{""gm_then_andrew"": 0.8015677626481961}",266548625724.7619,213656785559.14883,52891840165.61306,43785214104.63426,94020867132.78543,0.0,54636136387.11224,21214567934.61685,43785214104.63426,94020867132.78543,16529365166.620676,36362474998.99238,20.49762449104859,7.958986048768082,16.42672663780562,35.27343908719731,6.201256945773526,13.641966789406847,54636136387.11224,21214567934.61685,16529365166.620676,34,22,12,Universal P&C Insurance Co.;Florida Family Insurance Co.;First Protective Insurance Co.;Cypress P&C Insurance Co.;Florida Peninsula Insurance Co;Tower Hill Insurance Exchange;Kin Interinsurance Network;Unique Insurance Co.;Heritage P&C Insurance Co.;Florida Family Home Ins Co.;US Coastal P&C Insurance Co.;TypTap Insurance Co.;Homeowners Choice P&C Ins Co.;Vault E&S Insurance Co.;Edison Insurance Co.;Safe Harbor Insurance Co.;Spinnaker Specialty Ins Co.;GeoVera Specialty Insurance Co;Florida Farm Bureau Cas Ins Co;Universal North America Ins Co;QBE Specialty Insurance Co.;Auto Club Insurance Co. of FL;American Platinum P&C Ins Co.;FL Farm Bureau General Ins Co.;Castle Key Insurance Co.;Homesite Insurance Co.;State Farm FL Ins Co;AIG Property Casualty Co.;Foremost P&C Insurance Co.;ASI Preferred Insurance Corp.;Nationwide P&C Insurance Co.;ACE Ins Co. of the Midwest;Castle Key Indemnity Co.;First Liberty Insurance Corp.,Universal P&C Insurance Co.;Florida Family Insurance Co.;First Protective Insurance Co.;Cypress P&C Insurance Co.;Florida Peninsula Insurance Co;Tower Hill Insurance Exchange;Kin Interinsurance Network;Unique Insurance Co.;Heritage P&C Insurance Co.;Florida Family Home Ins Co.;US Coastal P&C Insurance Co.;TypTap Insurance Co.;Homeowners Choice P&C Ins Co.;Vault E&S Insurance Co.;Edison Insurance Co.;Safe Harbor Insurance Co.;Spinnaker Specialty Ins Co.;GeoVera Specialty Insurance Co;Florida Farm Bureau Cas Ins Co;Universal North America Ins Co;QBE Specialty Insurance Co.;American Platinum P&C Ins Co.,6080199465.2229805,12,35.89838321723671,3291962554.351375,46896814.83653639,1,0.9811320754716981,12695665413.418398,303407340.0,15861506813.477291,539937478.65,359958319.1,539937478.65,359958319.1,13088365166.620676,16529365166.620676,3441000000.0,1395853723.0,1395853723.0,0.0,True,21940051367.455597,16999999999.999998,4940051367.455599,0.774838659913835,12863138452.001986,4136861547.9980154,2289827495.6473856,0.0,14,9464500000.0,9464500000.0,24
gm_then_andrew,baseline,,COMPOSITE,"{""gm_then_andrew"": 0.7691340651035142}",266548625724.76184,205011628051.44125,61536997673.32059,48823530463.29423,61495297884.55236,0.0,69545905422.54317,25146894281.051544,48823530463.29423,61495297884.55236,19206102021.27599,42330895652.0446,26.091263923587544,9.434261464554776,18.31693197837359,23.07094914383555,7.2054777881722085,15.881115701476356,69545905422.54317,25146894281.051544,19206102021.27599,36,23,13,Universal P&C Insurance Co.;Florida Family Insurance Co.;First Protective Insurance Co.;Spinnaker Insurance Co.;Cypress P&C Insurance Co.;Florida Peninsula Insurance Co;Tower Hill Insurance Exchange;Kin Interinsurance Network;Unique Insurance Co.;Heritage P&C Insurance Co.;Florida Family Home Ins Co.;US Coastal P&C Insurance Co.;TypTap Insurance Co.;Homeowners Choice P&C Ins Co.;Vault E&S Insurance Co.;Edison Insurance Co.;Safe Harbor Insurance Co.;Spinnaker Specialty Ins Co.;GeoVera Specialty Insurance Co;Florida Farm Bureau Cas Ins Co;Universal North America Ins Co;QBE Specialty Insurance Co.;Auto Club Insurance Co. of FL;American Platinum P&C Ins Co.;FL Farm Bureau General Ins Co.;Castle Key Insurance Co.;Homesite Insurance Co.;PURE Specialty Exchange;State Farm FL Ins Co;AIG Property Casualty Co.;Foremost P&C Insurance Co.;ASI Preferred Insurance Corp.;Nationwide P&C Insurance Co.;ACE Ins Co. of the Midwest;Castle Key Indemnity Co.;First Liberty Insurance Corp.,Universal P&C Insurance Co.;Florida Family Insurance Co.;First Protective Insurance Co.;Spinnaker Insurance Co.;Cypress P&C Insurance Co.;Florida Peninsula Insurance Co;Tower Hill Insurance Exchange;Kin Interinsurance Network;Unique Insurance Co.;Heritage P&C Insurance Co.;Florida Family Home Ins Co.;US Coastal P&C Insurance Co.;TypTap Insurance Co.;Homeowners Choice P&C Ins Co.;Vault E&S Insurance Co.;Edison Insurance Co.;Safe Harbor Insurance Co.;Spinnaker Specialty Ins Co.;GeoVera Specialty Insurance Co;Florida Farm Bureau Cas Ins Co;Universal North America Ins Co;QBE Specialty Insurance Co.;American Platinum P&C Ins Co.,9349296721.512796,13,36.189312511589605,4276494260.915141,71952185.06896809,1,0.9811320754716981,17933149559.054947,300194520.0,19293448079.9638,539937478.65,359958319.1,539937478.65,359958319.1,15765102021.27599,19206102021.27599,3441000000.0,1395853723.0,1395853723.0,0.0,True,26123009054.968388,17000000000.0,9123009054.968388,0.6507672972982695,12333785632.83686,4666214367.16314,2431644056.4105086,0.0,14,9464500000.0,9464500000.0,25
gm_then_andrew,baseline,,COMPOSITE,"{""gm_then_andrew"": 0.7442855543355917}",266548625724.76184,198388291654.94458,68160334069.81726,26380979849.80173,80670067379.32123,0.0,73672386147.99348,17664858277.828163,26380979849.80173,80670067379.32123,21256837200.76537,46903496869.051895,27.639379474448166,6.627255432211044,9.89724849568076,30.26467203121923,7.974844043171013,17.5966005232698,73672386147.99348,17664858277.828163,21256837200.76537,36,22,14,Universal P&C Insurance Co.;Florida Family Insurance Co.;First Protective Insurance Co.;Cypress P&C Insurance Co.;Florida Peninsula Insurance Co;Tower Hill Insurance Exchange;Kin Interinsurance Network;Unique Insurance Co.;Heritage P&C Insurance Co.;Florida Family Home Ins Co.;US Coastal P&C Insurance Co.;TypTap Insurance Co.;Homeowners Choice P&C Ins Co.;Vault E&S Insurance Co.;Edison Insurance Co.;Safe Harbor Insurance Co.;Spinnaker Specialty Ins Co.;GeoVera Specialty Insurance Co;Florida Farm Bureau Cas Ins Co;Universal North America Ins Co;QBE Specialty Insurance Co.;Auto Club Insurance Co. of FL;American Platinum P&C Ins Co.;Privilege Underwriters Recpl;FL Farm Bureau General Ins Co.;Castle Key Insurance Co.;Homesite Insurance Co.;PURE Specialty Exchange;State Farm FL Ins Co;AIG Property Casualty Co.;Foremost P&C Insurance Co.;ASI Preferred Insurance Corp.;Nationwide P&C Insurance Co.;ACE Ins Co. of the Midwest;Castle Key Indemnity Co.;First Liberty Insurance Corp.,Universal P&C Insurance Co.;Florida Family Insurance Co.;First Protective Insurance Co.;Cypress P&C Insurance Co.;Florida Peninsula Insurance Co;Tower Hill Insurance Exchange;Kin Interinsurance Network;Unique Insurance Co.;Heritage P&C Insurance Co.;Florida Family Home Ins Co.;US Coastal P&C Insurance Co.;TypTap Insurance Co.;Homeowners Choice P&C Ins Co.;Vault E&S Insurance Co.;Edison Insurance Co.;Safe Harbor Insurance Co.;Spinnaker Specialty Ins Co.;GeoVera Specialty Insurance Co;Florida Farm Bureau Cas Ins Co;Universal North America Ins Co;QBE Specialty Insurance Co.;American Platinum P&C Ins Co.,9234817882.464705,14,35.89838321723671,4394255140.479976,69074344.63075577,1,0.9811320754716981,20102611298.245514,303407340.0,11981771988.200485,539937478.65,359958319.1,539937478.65,359958319.1,17815837200.76537,21256837200.76537,3441000000.0,1395853723.0,1395853723.0,0.0,True,25321245330.307377,17000000000.0,8321245330.307377,0.6713729825780901,12408502970.405478,4591497029.594523,2485313443.4829583,0.0,14,9464500000.0,9464500000.0,26
gm_then_andrew,baseline,,COMPOSITE,"{""gm_then_andrew"": 0.7857449310929158}",266548625724.76187,209439231553.01447,57109394171.747406,27276317798.956455,95617391796.36842,0.0,64131698243.06966,22413823714.619938,27276317798.956455,95617391796.36842,17835215549.87328,39274178621.87413,24.060037101557615,8.408906124980158,10.233148914120452,35.87240096863337,6.691167700219143,14.734339190489262,64131698243.06966,22413823714.619938,17835215549.87328,36,23,13,Universal P&C Insurance Co.;Florida Family Insurance Co.;First Protective Insurance Co.;Spinnaker Insurance Co.;Cypress P&C Insurance Co.;Florida Peninsula Insurance Co;Tower Hill Insurance Exchange;Kin Interinsurance Network;Unique Insurance Co.;Heritage P&C Insurance Co.;Florida Family Home Ins Co.;US Coastal P&C Insurance Co.;TypTap Insurance Co.;Homeowners Choice P&C Ins Co.;Vault E&S Insurance Co.;Edison Insurance Co.;Safe Harbor Insurance Co.;Spinnaker Specialty Ins Co.;GeoVera Specialty Insurance Co;Florida Farm Bureau Cas Ins Co;Universal North America Ins Co;QBE Specialty Insurance Co.;Auto Club Insurance Co. of FL;American Platinum P&C Ins Co.;FL Farm Bureau General Ins Co.;Castle Key Insurance Co.;Homesite Insurance Co.;PURE Specialty Exchange;State Farm FL Ins Co;AIG Property Casualty Co.;Foremost P&C Insurance Co.;ASI Preferred Insurance Corp.;Nationwide P&C Insurance Co.;ACE Ins Co. of the Midwest;Castle Key Indemnity Co.;First Liberty Insurance Corp.,Universal P&C Insurance Co.;Florida Family Insurance Co.;First Protective Insurance Co.;Spinnaker Insurance Co.;Cypress P&C Insurance Co.;Florida Peninsula Insurance Co;Tower Hill Insurance Exchange;Kin Interinsurance Network;Unique Insurance Co.;Heritage P&C Insurance Co.;Florida Family Home Ins Co.;US Coastal P&C Insurance Co.;TypTap Insurance Co.;Homeowners Choice P&C Ins Co.;Vault E&S Insurance Co.;Edison Insurance Co.;Safe Harbor Insurance Co.;Spinnaker Specialty Ins Co.;GeoVera Specialty Insurance Co;Florida Farm Bureau Cas Ins Co;Universal North America Ins Co;QBE Specialty Insurance Co.;American Platinum P&C Ins Co.,7808042779.261826,13,36.189312511589605,4029853303.1767225,65205060.37555042,1,0.9811320754716981,17381380029.6423,300194520.0,16735026186.068432,539937478.65,359958319.1,539937478.65,359958319.1,14394215549.87328,17835215549.87328,3441000000.0,1395853723.0,1395853723.0,0.0,True,26671048900.679962,16999999999.999998,9671048900.679964,0.6373952544313544,12501894681.418432,4498105318.581568,2415818849.759886,0.0,14,9464500000.0,9464500000.0,27
gm_then_andrew,baseline,,COMPOSITE,"{""gm_then_andrew"": 0.7131750400568164}",266548625724.76184,190095826828.34644,76452798896.41542,29748557792.573956,85023272959.55354,0.0,57090850743.55623,18233145332.662716,29748557792.573956,85023272959.55354,23824372401.540924,52628426494.8745,21.418550025655826,6.840457452401298,11.160649473125524,31.897847054499014,8.938096130400602,19.744399863917746,57090850743.55623,18233145332.662716,23824372401.540924,35,22,13,Universal P&C Insurance Co.;Florida Family Insurance Co.;First Protective Insurance Co.;Cypress P&C Insurance Co.;Florida Peninsula Insurance Co;Tower Hill Insurance Exchange;Kin Interinsurance Network;Unique Insurance Co.;Heritage P&C Insurance Co.;Florida Family Home Ins Co.;US Coastal P&C Insurance Co.;TypTap Insurance Co.;Homeowners Choice P&C Ins Co.;Vault E&S Insurance Co.;Edison Insurance Co.;Safe Harbor Insurance Co.;Spinnaker Specialty Ins Co.;GeoVera Specialty Insurance Co;Florida Farm Bureau Cas Ins Co;Universal North America Ins Co;QBE Specialty Insurance Co.;Auto Club Insurance Co. of FL;American Platinum P&C Ins Co.;FL Farm Bureau General Ins Co.;Castle Key Insurance Co.;Homesite Insurance Co.;PURE Specialty Exchange;State Farm FL Ins Co;AIG Property Casualty Co.;Foremost P&C Insurance Co.;ASI Preferred Insurance Corp.;Nationwide P&C Insurance Co.;ACE Ins Co. of the Midwest;Castle Key Indemnity Co.;First Liberty Insurance Corp.,Universal P&C Insurance Co.;Florida Family Insurance Co.;First Protective Insurance Co.;Cypress P&C Insurance Co.;Florida Peninsula Insurance Co;Tower Hill Insurance Exchange;Kin Interinsurance Network;Unique Insurance Co.;Heritage P&C Insurance Co.;Florida Family Home Ins Co.;US Coastal P&C Insurance Co.;TypTap Insurance Co.;Homeowners Choice P&C Ins Co.;Vault E&S Insurance Co.;Edison Insurance Co.;Safe Harbor Insurance Co.;Spinnaker Specialty Ins Co.;GeoVera Specialty Insurance Co;Florida Farm Bureau Cas Ins Co;Universal North America Ins Co;QBE Specialty Insurance Co.;American Platinum P&C Ins Co.,6510135312.14012,13,35.89838321723671,3307985174.5589967,40755128.97961521,1,0.9811320754716981,13530228366.466377,303407340.0,12697395413.216555,539937478.65,359958319.1,539937478.65,359958319.1,20383372401.540924,23824372401.540924,3441000000.0,1395853723.0,1395853723.0,0.0,True,25943956841.41666,17000000000.0,8943956841.41666,0.6552585676854572,12623101192.20882,4376898807.79118,2363520547.8485146,0.0,14,9464500000.0,9464500000.0,28
gm_then_andrew,baseline,,COMPOSITE,"{""gm_then_andrew"": 0.8574895935750002}",266548625724.76184,228562672740.70093,37985952984.06093,46821779187.454056,117637950734.75104,0.0,49614963557.42309,14487979261.07275,46821779187.454056,117637950734.75104,11914164398.488579,26071788585.57236,18.613850820846288,5.4353982211234655,17.565942821930822,44.133767493599464,4.469790217861092,9.781250424638879,49614963557.42309,14487979261.07275,11914164398.488579,31,19,12,Universal P&C Insurance Co.;Florida Family Insurance Co.;First Protective Insurance Co.;Cypress P&C Insurance Co.;Florida Peninsula Insurance Co;Tower Hill Insurance Exchange;Kin Interinsurance Network;Heritage P&C Insurance Co.;Florida Family Home Ins Co.;US Coastal P&C Insurance Co.;TypTap Insurance Co.;Homeowners Choice P&C Ins Co.;Vault E&S Insurance Co.;Edison Insurance Co.;Safe Harbor Insurance Co.;GeoVera Specialty Insurance Co;Florida Farm Bureau Cas Ins Co;Universal North America Ins Co;Auto Club Insurance Co. of FL;American Platinum P&C Ins Co.;FL Farm Bureau General Ins Co.;Castle Key Insurance Co.;Homesite Insurance Co.;State Farm FL Ins Co;AIG Property Casualty Co.;Foremost P&C Insurance Co.;ASI Preferred Insurance Corp.;Nationwide P&C Insurance Co.;ACE Ins Co. of the Midwest;Castle Key Indemnity Co.;First Liberty Insurance Corp.,Universal P&C Insurance Co.;Florida Family Insurance Co.;First Protective Insurance Co.;Cypress P&C Insurance Co.;Florida Peninsula Insurance Co;Tower Hill Insurance Exchange;Kin Interinsurance Network;Heritage P&C Insurance Co.;Florida Family Home Ins Co.;US Coastal P&C Insurance Co.;TypTap Insurance Co.;Homeowners Choice P&C Ins Co.;Vault E&S Insurance Co.;Edison Insurance Co.;Safe Harbor Insurance Co.;GeoVera Specialty Insurance Co;Florida Farm Bureau Cas Ins Co;Universal North America Ins Co;American Platinum P&C Ins Co.,4553963347.703363,12,35.41856476294073,2540464905.1413035,31517238.144745372,1,0.9811320754716981,10600120221.856155,308706120.0,9086924850.200718,539937478.65,359958319.1,539937478.65,359958319.1,8473164398.488579,11914164398.488579,3441000000.0,1395853723.0,1395853723.0,0.0,True,18028377676.02151,17000000000.0,1028377676.0215111,0.9429578360015557,12735419050.454193,4264580949.5458064,2256191531.235696,0.0,14,9464500000.0,9464500000.0,29
gm_then_andrew,baseline,,COMPOSITE,"{""gm_then_andrew"": 0.7211369626257795}",266548625724.76184,192218066347.2305,74330559377.53134,33117209479.240524,78862835539.24995,0.0,62911364109.91314,17326657218.826923,33117209479.240524,78862835539.24995,23167278909.659668,51163280467.871666,23.602209142460715,6.50037387051413,12.424453282845795,29.586659966757335,8.69157694835846,19.194726789063576,62911364109.91314,17326657218.826923,23167278909.659668,35,22,13,Universal P&C Insurance Co.;Florida Family Insurance Co.;First Protective Insurance Co.;Cypress P&C Insurance Co.;Florida Peninsula Insurance Co;Tower Hill Insurance Exchange;Kin Interinsurance Network;Unique Insurance Co.;Heritage P&C Insurance Co.;Florida Family Home Ins Co.;US Coastal P&C Insurance Co.;TypTap Insurance Co.;Homeowners Choice P&C Ins Co.;Vault E&S Insurance Co.;Edison Insurance Co.;Safe Harbor Insurance Co.;Spinnaker Specialty Ins Co.;GeoVera Specialty Insurance Co;Florida Farm Bureau Cas Ins Co;Universal North America Ins Co;QBE Specialty Insurance Co.;Auto Club Insurance Co. of FL;American Platinum P&C Ins Co.;FL Farm Bureau General Ins Co.;Castle Key Insurance Co.;Homesite Insurance Co.;PURE Specialty Exchange;State Farm FL Ins Co;AIG Property Casualty Co.;Foremost P&C Insurance Co.;ASI Preferred Insurance Corp.;Nationwide P&C Insurance Co.;ACE Ins Co. of the Midwest;Castle Key Indemnity Co.;First Liberty Insurance Corp.,Universal P&C Insurance Co.;Florida Family Insurance Co.;First Protective Insurance Co.;Cypress P&C Insurance Co.;Florida Peninsula Insurance Co;Tower Hill Insurance Exchange;Kin Interinsurance Network;Unique Insurance Co.;Heritage P&C Insurance Co.;Florida Family Home Ins Co.;US Coastal P&C Insurance Co.;TypTap Insurance Co.;Homeowners Choice P&C Ins Co.;Vault E&S Insurance Co.;Edison Insurance Co.;Safe Harbor Insurance Co.;Spinnaker Specialty Ins Co.;GeoVera Specialty Insurance Co;Florida Farm Bureau Cas Ins Co;Universal North America Ins Co;QBE Specialty Insurance Co.;American Platinum P&C Ins Co.,8252681999.741126,13,35.89838321723671,3749413224.7199345,61538855.24164356,1,0.9811320754716981,16215215096.065033,303407340.0,11918905242.24586,539937478.65,359958319.1,539937478.65,359958319.1,19726278909.659668,23167278909.659668,3441000000.0,1395853723.0,1395853723.0,0.0,True,23934065605.12275,17000000000.0,6934065605.122749,0.7102846745920756,12716969854.803793,4283030145.1962037,2453010816.298769,0.0,14,9464500000.0,9464500000.0,30
gm_then_andrew,baseline,,COMPOSITE,"{""gm_then_andrew"": 0.6489547463015822}",266548625724.76187,172977995784.24826,93570629940.51361,33133754014.27028,66365326233.89604,0.0,58898595770.57393,14580319765.508007,33133754014.27028,66365326233.89604,29124441161.034317,64446188779.47928,22.09675462044686,5.470041245143633,12.43066023100948,24.898018533558254,10.926502090132033,24.17802327970973,58898595770.57393,14580319765.508007,29124441161.034317,35,22,13,Universal P&C Insurance Co.;Florida Family Insurance Co.;First Protective Insurance Co.;Cypress P&C Insurance Co.;Florida Peninsula Insurance Co;Tower Hill Insurance Exchange;Kin Interinsurance Network;Unique Insurance Co.;Heritage P&C Insurance Co.;Florida Family Home Ins Co.;US Coastal P&C Insurance Co.;TypTap Insurance Co.;Homeowners Choice P&C Ins Co.;Vault E&S Insurance Co.;Edison Insurance Co.;Safe Harbor Insurance Co.;Spinnaker Specialty Ins Co.;GeoVera Specialty Insurance Co;Florida Farm Bureau Cas Ins Co;Universal North America Ins Co;QBE Specialty Insurance Co.;Auto Club Insurance Co. of FL;American Platinum P&C Ins Co.;FL Farm Bureau General Ins Co.;Castle Key Insurance Co.;Homesite Insurance Co.;PURE Specialty Exchange;State Farm FL Ins Co;AIG Property Casualty Co.;Foremost P&C Insurance Co.;ASI Preferred Insurance Corp.;Nationwide P&C Insurance Co.;ACE Ins Co. of the Midwest;Castle Key Indemnity Co.;First Liberty Insurance Corp.,Universal P&C Insurance Co.;Florida Family Insurance Co.;First Protective Insurance Co.;Cypress P&C Insurance Co.;Florida Peninsula Insurance Co;Tower Hill Insurance Exchange;Kin Interinsurance Network;Unique Insurance Co.;Heritage P&C Insurance Co.;Florida Family Home Ins Co.;US Coastal P&C Insurance Co.;TypTap Insurance Co.;Homeowners Choice P&C Ins Co.;Vault E&S Insurance Co.;Edison Insurance Co.;Safe Harbor Insurance Co.;Spinnaker Specialty Ins Co.;GeoVera Specialty Insurance Co;Florida Farm Bureau Cas Ins Co;Universal North America Ins Co;QBE Specialty Insurance Co.;American Platinum P&C Ins Co.,6594728426.289485,13,35.89838321723671,4303861992.476919,35924762.596369565,1,0.9811320754716981,14621251871.953556,303407340.0,9134156216.507994,539937478.65,359958319.1,539937478.65,359958319.1,25683441161.034317,29124441161.034317,3441000000.0,1395853723.0,1395853723.0,0.0,True,19066590458.362545,17000000000.0,2066590458.362545,0.8916119553270131,12651192635.718859,4348807364.281137,2267764732.201515,0.0,14,9464500000.0,9464500000.0,31
gm_then_andrew,baseline,,COMPOSITE,"{""gm_then_andrew"": 0.9129624216112557}",266548625724.76187,243348878818.8309,23199746905.93098,56883266141.15698,101040042680.65746,0.0,63846563976.91874,21579006020.097694,56883266141.15698,101040042680.65746,7336019614.593932,15863727291.337048,23.953064399906797,8.095710852540721,21.340671326474837,37.90679558220323,2.7522256378725833,5.951532201001829,63846563976.91874,21579006020.097694,7336019614.593932,35,23,12,Universal P&C Insurance Co.;Florida Family Insurance Co.;First Protective Insurance Co.;Cypress P&C Insurance Co.;Florida Peninsula Insurance Co;Tower Hill Insurance Exchange;Kin Interinsurance Network;Unique Insurance Co.;Heritage P&C Insurance Co.;Florida Family Home Ins Co.;US Coastal P&C Insurance Co.;TypTap Insurance Co.;Homeowners Choice P&C Ins Co.;Vault E&S Insurance Co.;Edison Insurance Co.;Safe Harbor Insurance Co.;Spinnaker Specialty Ins Co.;GeoVera Specialty Insurance Co;Florida Farm Bureau Cas Ins Co;Universal North America Ins Co;QBE Specialty Insurance Co.;Auto Club Insurance Co. of FL;American Platinum P&C Ins Co.;FL Farm Bureau General Ins Co.;Castle Key Insurance Co.;Homesite Insurance Co.;PURE Specialty Exchange;State Farm FL Ins Co;AIG Property Casualty Co.;Foremost P&C Insurance Co.;ASI Preferred Insurance Corp.;Nationwide P&C Insurance Co.;ACE Ins Co. of the Midwest;Castle Key Indemnity Co.;First Liberty Insurance Corp.,Universal P&C Insurance Co.;Florida Family Insurance Co.;First Protective Insurance Co.;Cypress P&C Insurance Co.;Florida Peninsula Insurance Co;Tower Hill Insurance Exchange;Kin Interinsurance Network;Unique Insurance Co.;Heritage P&C Insurance Co.;Florida Family Home Ins Co.;US Coastal P&C Insurance Co.;TypTap Insurance Co.;Homeowners Choice P&C Ins Co.;Vault E&S Insurance Co.;Edison Insurance Co.;Safe Harbor Insurance Co.;Spinnaker Specialty Ins Co.;GeoVera Specialty Insurance Co;Florida Farm Bureau Cas Ins Co;Universal North America Ins Co;QBE Specialty Insurance Co.;American Platinum P&C Ins Co.;Castle Key Indemnity Co.,7823118911.35527,13,37.63650469101551,4928478858.513719,52333831.34806344,1,0.9811320754716981,17319552519.94192,284212740.0,14799411400.709635,539937478.65,359958319.1,539937478.65,359958319.1,3895019614.593932,7336019614.593932,3441000000.0,1395853723.0,1395853723.0,0.0,True,27333601445.508736,16999999999.999998,10333601445.508738,0.6219451188637024,11374434986.794525,5625565013.205472,2390036285.444189,0.0,14,9464500000.0,9464500000.0,32
gm_then_andrew,baseline,,COMPOSITE,"{""gm_then_andrew"": 0.7801677392240415}",266548625724.7619,207952638724.9627,58595986999.79918,31820721853.14767,88163482874.84232,0.0,71769950936.21376,16198483060.75896,31820721853.14767,88163482874.84232,18295498408.475304,40300488591.32386,26.92565033530633,6.077121206952128,11.938055117194919,33.075947262950784,6.8638502107181125,15.119375866877716,71769950936.21376,16198483060.75896,18295498408.475304,38,23,15,Universal P&C Insurance Co.;Florida Family Insurance Co.;First Protective Insurance Co.;Spinnaker Insurance Co.;Cypress P&C Insurance Co.;Florida Peninsula Insurance Co;Tower Hill Insurance Exchange;Kin Interinsurance Network;Unique Insurance Co.;Heritage P&C Insurance Co.;Florida Family Home Ins Co.;US Coastal P&C Insurance Co.;TypTap Insurance Co.;Homeowners Choice P&C Ins Co.;Vault E&S Insurance Co.;Edison Insurance Co.;Safe Harbor Insurance Co.;Spinnaker Specialty Ins Co.;GeoVera Specialty Insurance Co;Florida Farm Bureau Cas Ins Co;Universal North America Ins Co;QBE Specialty Insurance Co.;Auto Club Insurance Co. of FL;American Platinum P&C Ins Co.;Privilege Underwriters Recpl;FL Farm Bureau General Ins Co.;Castle Key Insurance Co.;Chubb Custom Insurance Co.;Homesite Insurance Co.;PURE Specialty Exchange;State Farm FL Ins Co;AIG Property Casualty Co.;Foremost P&C Insurance Co.;ASI Preferred Insurance Corp.;Nationwide P&C Insurance Co.;ACE Ins Co. of the Midwest;Castle Key Indemnity Co.;First Liberty Insurance Corp.,Universal P&C Insurance Co.;Florida Family Insurance Co.;First Protective Insurance Co.;Spinnaker Insurance Co.;Cypress P&C Insurance Co.;Florida Peninsula Insurance Co;Tower Hill Insurance Exchange;Kin Interinsurance Network;Unique Insurance Co.;Heritage P&C Insurance Co.;Florida Family Home Ins Co.;US Coastal P&C Insurance Co.;TypTap Insurance Co.;Homeowners Choice P&C Ins Co.;Vault E&S Insurance Co.;Edison Insurance Co.;Safe Harbor Insurance Co.;Spinnaker Specialty Ins Co.;GeoVera Specialty Insurance Co;Florida Farm Bureau Cas Ins Co;Universal North America Ins Co;QBE Specialty Insurance Co.;American Platinum P&C Ins Co.,9326417429.218634,15,36.189312511589605,4591269100.825465,69075840.5436874,1,0.9811320754716981,18619383845.95152,300194520.0,10901757327.043762,539937478.65,359958319.1,539937478.65,359958319.1,14854498408.475304,18295498408.475304,3441000000.0,1395853723.0,1395853723.0,0.0,True,26187492711.514267,17000000000.0,9187492711.514267,0.6491648584793818,12787258360.956032,4212741639.0439663,2472820029.6405783,0.0,14,9464500000.0,9464500000.0,33
gm_then_andrew,baseline,,COMPOSITE,"{""gm_then_andrew"": 0.8453129732011904}",266548625724.76187,225317011314.08978,41231614410.67208,37502579694.07125,103421100572.43556,0.0,64510316572.56717,19883014475.015835,37502579694.07125,103421100572.43556,12919094794.562635,28312519616.10944,24.20208185172957,7.459432372218282,14.069695385635347,38.80008771053586,4.846806003758164,10.621896676122782,64510316572.56717,19883014475.015835,12919094794.562635,35,22,13,Universal P&C Insurance Co.;Florida Family Insurance Co.;First Protective Insurance Co.;Cypress P&C Insurance Co.;Florida Peninsula Insurance Co;Tower Hill Insurance Exchange;Kin Interinsurance Network;Unique Insurance Co.;Heritage P&C Insurance Co.;Florida Family Home Ins Co.;US Coastal P&C Insurance Co.;TypTap Insurance Co.;Homeowners Choice P&C Ins Co.;Vault E&S Insurance Co.;Edison Insurance Co.;Safe Harbor Insurance Co.;Spinnaker Specialty Ins Co.;GeoVera Specialty Insurance Co;Florida Farm Bureau Cas Ins Co;Universal North America Ins Co;QBE Specialty Insurance Co.;Auto Club Insurance Co. of FL;American Platinum P&C Ins Co.;FL Farm Bureau General Ins Co.;Castle Key Insurance Co.;Homesite Insurance Co.;PURE Specialty Exchange;State Farm FL Ins Co;AIG Property Casualty Co.;Foremost P&C Insurance Co.;ASI Preferred Insurance Corp.;Nationwide P&C Insurance Co.;ACE Ins Co. of the Midwest;Castle Key Indemnity Co.;First Liberty Insurance Corp.,Universal P&C Insurance Co.;Florida Family Insurance Co.;First Protective Insurance Co.;Cypress P&C Insurance Co.;Florida Peninsula Insurance Co;Tower Hill Insurance Exchange;Kin Interinsurance Network;Unique Insurance Co.;Heritage P&C Insurance Co.;Florida Family Home Ins Co.;US Coastal P&C Insurance Co.;TypTap Insurance Co.;Homeowners Choice P&C Ins Co.;Vault E&S Insurance Co.;Edison Insurance Co.;Safe Harbor Insurance Co.;Spinnaker Specialty Ins Co.;GeoVera Specialty Insurance Co;Florida Farm Bureau Cas Ins Co;Universal North America Ins Co;QBE Specialty Insurance Co.;American Platinum P&C Ins Co.,7942019110.749792,13,35.89838321723671,3347699246.93202,54531956.42326449,1,0.9811320754716981,17179501794.191936,303407340.0,14465348817.257689,539937478.65,359958319.1,539937478.65,359958319.1,9478094794.562635,12919094794.562635,3441000000.0,1395853723.0,1395853723.0,0.0,True,24295481547.61918,17000000000.0,7295481547.619179,0.6997185862185927,12734828559.494175,4265171440.505826,2429949956.466683,0.0,14,9464500000.0,9464500000.0,34
gm_then_andrew,baseline,,COMPOSITE,"{""gm_then_andrew"": 0.7234740924008164}",266548625724.7619,192841025076.90704,73707600647.85484,50260668583.74247,73864783291.16537,0.0,47299287551.15384,21416285650.84533,50260668583.74247,73864783291.16537,22974396756.9438,50733203890.91102,17.745087757456712,8.034663691329545,18.85609743703636,27.711560354259017,8.619214109423758,19.033376650494578,47299287551.15384,21416285650.84533,22974396756.9438,30,18,12,Universal P&C Insurance Co.;Florida Family Insurance Co.;First Protective Insurance Co.;Cypress P&C Insurance Co.;Florida Peninsula Insurance Co;Tower Hill Insurance Exchange;Kin Interinsurance Network;Heritage P&C Insurance Co.;Florida Family Home Ins Co.;US Coastal P&C Insurance Co.;TypTap Insurance Co.;Homeowners Choice P&C Ins Co.;Edison Insurance Co.;Safe Harbor Insurance Co.;GeoVera Specialty Insurance Co;Florida Farm Bureau Cas Ins Co;Universal North America Ins Co;Auto Club Insurance Co. of FL;American Platinum P&C Ins Co.;FL Farm Bureau General Ins Co.;Castle Key Insurance Co.;Homesite Insurance Co.;State Farm FL Ins Co;AIG Property Casualty Co.;Foremost P&C Insurance Co.;ASI Preferred Insurance Corp.;Nationwide P&C Insurance Co.;ACE Ins Co. of the Midwest;Castle Key Indemnity Co.;First Liberty Insurance Corp.,Universal P&C Insurance Co.;Florida Family Insurance Co.;First Protective Insurance Co.;Cypress P&C Insurance Co.;Florida Peninsula Insurance Co;Tower Hill Insurance Exchange;Kin Interinsurance Network;Heritage P&C Insurance Co.;Florida Family Home Ins Co.;US Coastal P&C Insurance Co.;TypTap Insurance Co.;Homeowners Choice P&C Ins Co.;Edison Insurance Co.;Safe Harbor Insurance Co.;GeoVera Specialty Insurance Co;Florida Farm Bureau Cas Ins Co;Universal North America Ins Co;American Platinum P&C Ins Co.,4819488431.563495,12,35.166819401784345,2581999268.212797,33384608.286930203,1,0.9811320754716981,10270320830.794271,311486220.0,15589498483.06957,539937478.65,359958319.1,539937478.65,359958319.1,19533396756.9438,22974396756.9438,3441000000.0,1395853723.0,1395853723.0,0.0,True,22604087906.45165,16999999999.999998,5604087906.451651,0.7520763531957362,12428135519.139088,4571864480.8609085,2155141938.5413995,0.0,14,9464500000.0,9464500000.0,35
gm_then_andrew,baseline,,COMPOSITE,"{""gm_then_andrew"": 0.876065191976376}",266548625724.76187,233513972966.60275,33034652758.159107,60569977360.02089,98192607374.83315,0.0,56103925368.084305,18647462863.664402,60569977360.02089,98192607374.83315,10381129542.695759,22653523215.46335,21.048289112552855,6.99589533165321,22.723800280465696,36.83853447296586,3.8946475580089146,8.498833244353463,56103925368.084305,18647462863.664402,10381129542.695759,34,21,13,Universal P&C Insurance Co.;Florida Family Insurance Co.;First Protective Insurance Co.;Cypress P&C Insurance Co.;Florida Peninsula Insurance Co;Tower Hill Insurance Exchange;Kin Interinsurance Network;Heritage P&C Insurance Co.;Florida Family Home Ins Co.;US Coastal P&C Insurance Co.;TypTap Insurance Co.;Homeowners Choice P&C Ins Co.;Vault E&S Insurance Co.;Edison Insurance Co.;Safe Harbor Insurance Co.;Spinnaker Specialty Ins Co.;GeoVera Specialty Insurance Co;Florida Farm Bureau Cas Ins Co;Universal North America Ins Co;QBE Specialty Insurance Co.;Auto Club Insurance Co. of FL;American Platinum P&C Ins Co.;FL Farm Bureau General Ins Co.;Castle Key Insurance Co.;Homesite Insurance Co.;PURE Specialty Exchange;State Farm FL Ins Co;AIG Property Casualty Co.;Foremost P&C Insurance Co.;ASI Preferred Insurance Corp.;Nationwide P&C Insurance Co.;ACE Ins Co. of the Midwest;Castle Key Indemnity Co.;First Liberty Insurance Corp.,Universal P&C Insurance Co.;Florida Family Insurance Co.;First Protective Insurance Co.;Cypress P&C Insurance Co.;Florida Peninsula Insurance Co;Tower Hill Insurance Exchange;Kin Interinsurance Network;Heritage P&C Insurance Co.;Florida Family Home Ins Co.;US Coastal P&C Insurance Co.;TypTap Insurance Co.;Homeowners Choice P&C Ins Co.;Vault E&S Insurance Co.;Edison Insurance Co.;Safe Harbor Insurance Co.;Spinnaker Specialty Ins Co.;GeoVera Specialty Insurance Co;Florida Farm Bureau Cas Ins Co;Universal North America Ins Co;QBE Specialty Insurance Co.;American Platinum P&C Ins Co.,6579729725.19194,13,35.802781374679086,3037316676.421191,43646834.76760256,1,0.9811320754716981,12416132977.724142,304463100.0,12968574488.487406,539937478.65,359958319.1,539937478.65,359958319.1,6940129542.695759,10381129542.695759,3441000000.0,1395853723.0,1395853723.0,0.0,True,25040104992.908775,16999999999.999998,8040104992.908777,0.6789108913406836,12487796378.575474,4512203621.424528,2315605835.102603,0.0,14,9464500000.0,9464500000.0,36
gm_then_andrew,baseline,,COMPOSITE,"{""gm_then_andrew"": 0.799947019302361}",266548625724.76184,213224778647.66388,53323847077.09795,49815865368.468704,95988386677.96341,0.0,52673819210.62188,14746707390.609886,49815865368.468704,95988386677.96341,16663124305.237465,36660722771.8605,19.761429670627106,5.532464236314367,18.689222363467962,36.01158565982667,6.251438835945758,13.753859233818137,52673819210.62188,14746707390.609886,16663124305.237465,34,21,13,Universal P&C Insurance Co.;Florida Family Insurance Co.;First Protective Insurance Co.;Cypress P&C Insurance Co.;Florida Peninsula Insurance Co;Tower Hill Insurance Exchange;Kin Interinsurance Network;Unique Insurance Co.;Heritage P&C Insurance Co.;Florida Family Home Ins Co.;US Coastal P&C Insurance Co.;TypTap Insurance Co.;Homeowners Choice P&C Ins Co.;Vault E&S Insurance Co.;Edison Insurance Co.;Safe Harbor Insurance Co.;GeoVera Specialty Insurance Co;Florida Farm Bureau Cas Ins Co;Universal North America Ins Co;QBE Specialty Insurance Co.;Auto Club Insurance Co. of FL;American Platinum P&C Ins Co.;FL Farm Bureau General Ins Co.;Castle Key Insurance Co.;Homesite Insurance Co.;PURE Specialty Exchange;State Farm FL Ins Co;AIG Property Casualty Co.;Foremost P&C Insurance Co.;ASI Preferred Insurance Corp.;Nationwide P&C Insurance Co.;ACE Ins Co. of the Midwest;Castle Key Indemnity Co.;First Liberty Insurance Corp.,Universal P&C Insurance Co.;Florida Family Insurance Co.;First Protective Insurance Co.;Cypress P&C Insurance Co.;Florida Peninsula Insurance Co;Tower Hill Insurance Exchange;Kin Interinsurance Network;Unique Insurance Co.;Heritage P&C Insurance Co.;Florida Family Home Ins Co.;US Coastal P&C Insurance Co.;TypTap Insurance Co.;Homeowners Choice P&C Ins Co.;Vault E&S Insurance Co.;Edison Insurance Co.;Safe Harbor Insurance Co.;GeoVera Specialty Insurance Co;Florida Farm Bureau Cas Ins Co;Universal North America Ins Co;QBE Specialty Insurance Co.;American Platinum P&C Ins Co.,5233515244.369954,13,35.80938809441937,2965502906.369493,48171052.17195061,1,0.9811320754716981,12970530784.63126,304390140.0,8402369586.15605,539937478.65,359958319.1,539937478.65,359958319.1,13222124305.237465,16663124305.237465,3441000000.0,1395853723.0,1395853723.0,0.0,True,25875098157.57424,17000000000.000002,8875098157.57424,0.6570023385601614,11761099469.680984,5238900530.319017,2201018631.6214876,0.0,14,9464500000.0,9464500000.0,37
gm_then_andrew,baseline,,COMPOSITE,"{""gm_then_andrew"": 0.8125846646268489}",266548625724.76184,216593325641.3031,49955300083.45873,26190845506.229626,56296790694.09305,0.0,101309794298.27045,32795895142.710026,26190845506.229626,56296790694.09305,15620145750.309616,34335154333.14912,38.00799723607765,12.303907046429522,9.825916541499748,21.120645638677995,5.860148671874596,12.8813848654405,101309794298.27045,32795895142.710026,15620145750.309616,40,23,17,Universal P&C Insurance Co.;Florida Family Insurance Co.;First Protective Insurance Co.;Spinnaker Insurance Co.;Cypress P&C Insurance Co.;Florida Peninsula Insurance Co;Tower Hill Insurance Exchange;Kin Interinsurance Network;Unique Insurance Co.;Heritage P&C Insurance Co.;Florida Family Home Ins Co.;US Coastal P&C Insurance Co.;TypTap Insurance Co.;Homeowners Choice P&C Ins Co.;Vault E&S Insurance Co.;Edison Insurance Co.;Safe Harbor Insurance Co.;Spinnaker Specialty Ins Co.;GeoVera Specialty Insurance Co;Florida Farm Bureau Cas Ins Co;Universal North America Ins Co;QBE Specialty Insurance Co.;Auto Club Insurance Co. of FL;American Platinum P&C Ins Co.;Privilege Underwriters Recpl;FL Farm Bureau General Ins Co.;Castle Key Insurance Co.;Chubb Custom Insurance Co.;Homesite Insurance Co.;Farmers Casualty Ins Co.;PURE Specialty Exchange;State Farm FL Ins Co;AIG Specialty Insurance Co.;AIG Property Casualty Co.;Foremost P&C Insurance Co.;ASI Preferred Insurance Corp.;Nationwide P&C Insurance Co.;ACE Ins Co. of the Midwest;Castle Key Indemnity Co.;First Liberty Insurance Corp.,Universal P&C Insurance Co.;Florida Family Insurance Co.;First Protective Insurance Co.;Spinnaker Insurance Co.;Cypress P&C Insurance Co.;Florida Peninsula Insurance Co;Tower Hill Insurance Exchange;Kin Interinsurance Network;Unique Insurance Co.;Heritage P&C Insurance Co.;Florida Family Home Ins Co.;US Coastal P&C Insurance Co.;TypTap Insurance Co.;Homeowners Choice P&C Ins Co.;Vault E&S Insurance Co.;Edison Insurance Co.;Safe Harbor Insurance Co.;Spinnaker Specialty Ins Co.;GeoVera Specialty Insurance Co;Florida Farm Bureau Cas Ins Co;Universal North America Ins Co;QBE Specialty Insurance Co.;American Platinum P&C Ins Co.,15853861875.159409,17,36.189312511589605,7647725754.788614,136549807.2782809,1,0.9811320754716981,32355466747.20169,300194520.0,26378519941.483288,539937478.65,359958319.1,539937478.65,359958319.1,12179145750.309616,15620145750.309616,3441000000.0,1395853723.0,1395853723.0,0.0,True,28224684970.613327,17000000000.0,11224684970.613327,0.6023096455354551,11738808976.991749,5261191023.008247,2575000000.0,0.0,14,9464500000.0,9464500000.0,38
gm_then_andrew,baseline,,COMPOSITE,"{""gm_then_andrew"": 0.7745377699292024}",266548625724.76184,206451978146.5507,60096647578.21114,27742173386.189068,98331758874.1378,0.0,58938005467.47956,21440040418.74429,27742173386.189068,98331758874.1378,18760136961.674877,41336510616.536255,22.11153980149909,8.04357567421236,10.407922123311055,36.89073939389775,7.038166830035205,15.508056177044537,58938005467.47956,21440040418.74429,18760136961.674877,34,22,12,Universal P&C Insurance Co.;Florida Family Insurance Co.;First Protective Insurance Co.;Cypress P&C Insurance Co.;Florida Peninsula Insurance Co;Tower Hill Insurance Exchange;Kin Interinsurance Network;Unique Insurance Co.;Heritage P&C Insurance Co.;Florida Family Home Ins Co.;US Coastal P&C Insurance Co.;TypTap Insurance Co.;Homeowners Choice P&C Ins Co.;Vault E&S Insurance Co.;Edison Insurance Co.;Safe Harbor Insurance Co.;Spinnaker Specialty Ins Co.;GeoVera Specialty Insurance Co;Florida Farm Bureau Cas Ins Co;Universal North America Ins Co;QBE Specialty Insurance Co.;Auto Club Insurance Co. of FL;American Platinum P&C Ins Co.;FL Farm Bureau General Ins Co.;Castle Key Insurance Co.;Homesite Insurance Co.;State Farm FL Ins Co;AIG Property Casualty Co.;Foremost P&C Insurance Co.;ASI Preferred Insurance Corp.;Nationwide P&C Insurance Co.;ACE Ins Co. of the Midwest;Castle Key Indemnity Co.;First Liberty Insurance Corp.,Universal P&C Insurance Co.;Florida Family Insurance Co.;First Protective Insurance Co.;Cypress P&C Insurance Co.;Florida Peninsula Insurance Co;Tower Hill Insurance Exchange;Kin Interinsurance Network;Unique Insurance Co.;Heritage P&C Insurance Co.;Florida Family Home Ins Co.;US Coastal P&C Insurance Co.;TypTap Insurance Co.;Homeowners Choice P&C Ins Co.;Vault E&S Insurance Co.;Edison Insurance Co.;Safe Harbor Insurance Co.;Spinnaker Specialty Ins Co.;GeoVera Specialty Insurance Co;Florida Farm Bureau Cas Ins Co;Universal North America Ins Co;QBE Specialty Insurance Co.;American Platinum P&C Ins Co.,6876187275.551734,12,35.89838321723671,4329821660.67957,63109557.23452683,1,0.9811320754716981,14733726227.208027,303407340.0,16070763427.740528,539937478.65,359958319.1,539937478.65,359958319.1,15319136961.674877,18760136961.674877,3441000000.0,1395853723.0,1395853723.0,0.0,True,18426653627.90929,17000000000.0,1426653627.9092903,0.9225766296627805,12827594226.228394,4172405773.7716064,2406996060.182124,0.0,14,9464500000.0,9464500000.0,39
gm_then_andrew,baseline,,COMPOSITE,"{""gm_then_andrew"": 0.762304013727758}",266548625724.76187,203191087243.60394,63357538481.15792,40172473044.39088,85440346170.51219,0.0,63745445310.01095,13832822718.68992,40172473044.39088,85440346170.51219,19769782749.05886,43587755732.09907,23.9151281071824,5.189605716809695,15.071348777417063,32.05431877136665,7.416951670751865,16.35264695647232,63745445310.01095,13832822718.68992,19769782749.05886,36,22,14,Universal P&C Insurance Co.;Florida Family Insurance Co.;First Protective Insurance Co.;Cypress P&C Insurance Co.;Florida Peninsula Insurance Co;Tower Hill Insurance Exchange;Kin Interinsurance Network;Unique Insurance Co.;Heritage P&C Insurance Co.;Florida Family Home Ins Co.;US Coastal P&C Insurance Co.;TypTap Insurance Co.;Homeowners Choice P&C Ins Co.;Vault E&S Insurance Co.;Edison Insurance Co.;Safe Harbor Insurance Co.;Spinnaker Specialty Ins Co.;GeoVera Specialty Insurance Co;Florida Farm Bureau Cas Ins Co;Universal North America Ins Co;QBE Specialty Insurance Co.;Auto Club Insurance Co. of FL;American Platinum P&C Ins Co.;Privilege Underwriters Recpl;FL Farm Bureau General Ins Co.;Castle Key Insurance Co.;Homesite Insurance Co.;PURE Specialty Exchange;State Farm FL Ins Co;AIG Property Casualty Co.;Foremost P&C Insurance Co.;ASI Preferred Insurance Corp.;Nationwide P&C Insurance Co.;ACE Ins Co. of the Midwest;Castle Key Indemnity Co.;First Liberty Insurance Corp.,Universal P&C Insurance Co.;Florida Family Insurance Co.;First Protective Insurance Co.;Cypress P&C Insurance Co.;Florida Peninsula Insurance Co;Tower Hill Insurance Exchange;Kin Interinsurance Network;Unique Insurance Co.;Heritage P&C Insurance Co.;Florida Family Home Ins Co.;US Coastal P&C Insurance Co.;TypTap Insurance Co.;Homeowners Choice P&C Ins Co.;Vault E&S Insurance Co.;Edison Insurance Co.;Safe Harbor Insurance Co.;Spinnaker Specialty Ins Co.;GeoVera Specialty Insurance Co;Florida Farm Bureau Cas Ins Co;Universal North America Ins Co;QBE Specialty Insurance Co.;American Platinum P&C Ins Co.,7819049763.00304,14,35.89838321723671,4288214218.474702,52562509.660797045,1,0.9811320754716981,15908302256.660776,303407340.0,9122415100.697775,539937478.65,359958319.1,539937478.65,359958319.1,16328782749.05886,19769782749.05886,3441000000.0,1395853723.0,1395853723.0,0.0,True,24020859331.746494,17000000000.0,7020859331.746494,0.7077182279458432,13373126386.77436,3626873613.225636,2449141657.9732323,0.0,14,9464500000.0,9464500000.0,40
gm_then_andrew,baseline,,COMPOSITE,"{""gm_then_andrew"": 0.7625667447901937}",266548625724.76184,203261117847.23135,63287507877.53049,38014333866.3076,89190460370.77826,0.0,58899802676.61226,17156520933.533253,38014333866.3076,89190460370.77826,19748099685.735123,43539408191.795364,22.097207410640415,6.43654450923678,14.261688186515437,33.461234372626755,7.408816921129811,16.334508599850807,58899802676.61226,17156520933.533253,19748099685.735123,35,22,13,Universal P&C Insurance Co.;Florida Family Insurance Co.;First Protective Insurance Co.;Cypress P&C Insurance Co.;Florida Peninsula Insurance Co;Tower Hill Insurance Exchange;Kin Interinsurance Network;Unique Insurance Co.;Heritage P&C Insurance Co.;Florida Family Home Ins Co.;US Coastal P&C Insurance Co.;TypTap Insurance Co.;Homeowners Choice P&C Ins Co.;Vault E&S Insurance Co.;Edison Insurance Co.;Safe Harbor Insurance Co.;Spinnaker Specialty Ins Co.;GeoVera Specialty Insurance Co;Florida Farm Bureau Cas Ins Co;Universal North America Ins Co;QBE Specialty Insurance Co.;Auto Club Insurance Co. of FL;American Platinum P&C Ins Co.;FL Farm Bureau General Ins Co.;Castle Key Insurance Co.;Homesite Insurance Co.;PURE Specialty Exchange;State Farm FL Ins Co;AIG Property Casualty Co.;Foremost P&C Insurance Co.;ASI Preferred Insurance Corp.;Nationwide P&C Insurance Co.;ACE Ins Co. of the Midwest;Castle Key Indemnity Co.;First Liberty Insurance Corp.,Universal P&C Insurance Co.;Florida Family Insurance Co.;First Protective Insurance Co.;Cypress P&C Insurance Co.;Florida Peninsula Insurance Co;Tower Hill Insurance Exchange;Kin Interinsurance Network;Unique Insurance Co.;Heritage P&C Insurance Co.;Florida Family Home Ins Co.;US Coastal P&C Insurance Co.;TypTap Insurance Co.;Homeowners Choice P&C Ins Co.;Vault E&S Insurance Co.;Edison Insurance Co.;Safe Harbor Insurance Co.;Spinnaker Specialty Ins Co.;GeoVera Specialty Insurance Co;Florida Farm Bureau Cas Ins Co;Universal North America Ins Co;QBE Specialty Insurance Co.;American Platinum P&C Ins Co.,6337035498.307013,13,35.89838321723671,3894709580.5000305,64497047.8577234,1,0.9811320754716981,15246971941.970177,303407340.0,10648804804.058264,539937478.65,359958319.1,539937478.65,359958319.1,16307099685.735123,19748099685.735123,3441000000.0,1395853723.0,1395853723.0,0.0,True,28524707549.884666,16999999999.999998,11524707549.884668,0.5959745589072213,11609341683.596745,5390658316.4032545,2558607592.9423304,0.0,14,9464500000.0,9464500000.0,41
gm_then_andrew,baseline,,COMPOSITE,"{""gm_then_andrew"": 0.770964833848942}",266548625724.76184,205499616944.55487,61049008780.206985,23341540512.158707,107025174360.73871,0.0,58398021146.62579,16734880925.03166,23341540512.158707,107025174360.73871,19055009591.35842,41993999188.848564,21.908956006746628,6.278359484888922,8.756953988673416,40.152213904585246,7.14879303524702,15.754723579858773,58398021146.62579,16734880925.03166,19055009591.35842,35,22,13,Universal P&C Insurance Co.;Florida Family Insurance Co.;First Protective Insurance Co.;Cypress P&C Insurance Co.;Florida Peninsula Insurance Co;Tower Hill Insurance Exchange;Kin Interinsurance Network;Unique Insurance Co.;Heritage P&C Insurance Co.;Florida Family Home Ins Co.;US Coastal P&C Insurance Co.;TypTap Insurance Co.;Homeowners Choice P&C Ins Co.;Vault E&S Insurance Co.;Edison Insurance Co.;Safe Harbor Insurance Co.;Spinnaker Specialty Ins Co.;GeoVera Specialty Insurance Co;Florida Farm Bureau Cas Ins Co;Universal North America Ins Co;QBE Specialty Insurance Co.;Auto Club Insurance Co. of FL;American Platinum P&C Ins Co.;FL Farm Bureau General Ins Co.;Castle Key Insurance Co.;Homesite Insurance Co.;PURE Specialty Exchange;State Farm FL Ins Co;AIG Property Casualty Co.;Foremost P&C Insurance Co.;ASI Preferred Insurance Corp.;Nationwide P&C Insurance Co.;ACE Ins Co. of the Midwest;Castle Key Indemnity Co.;First Liberty Insurance Corp.,Universal P&C Insurance Co.;Florida Family Insurance Co.;First Protective Insurance Co.;Cypress P&C Insurance Co.;Florida Peninsula Insurance Co;Tower Hill Insurance Exchange;Kin Interinsurance Network;Unique Insurance Co.;Heritage P&C Insurance Co.;Florida Family Home Ins Co.;US Coastal P&C Insurance Co.;TypTap Insurance Co.;Homeowners Choice P&C Ins Co.;Vault E&S Insurance Co.;Edison Insurance Co.;Safe Harbor Insurance Co.;Spinnaker Specialty Ins Co.;GeoVera Specialty Insurance Co;Florida Farm Bureau Cas Ins Co;Universal North America Ins Co;QBE Specialty Insurance Co.;American Platinum P&C Ins Co.,6827026988.755281,13,35.89838321723671,3515066759.647729,43296745.7697905,1,0.9811320754716981,15385613313.839035,303407340.0,10462180801.522049,539937478.65,359958319.1,539937478.65,359958319.1,15614009591.358421,19055009591.35842,3441000000.0,1395853723.0,1395853723.0,0.0,True,27223263176.240005,17000000000.000002,10223263176.240004,0.6244659168867496,11844307059.591173,5155692940.408831,2297826984.5869,0.0,14,9464500000.0,9464500000.0,42
gm_then_andrew,baseline,,COMPOSITE,"{""gm_then_andrew"": 0.5520245100090554}",266548625724.76184,147141374509.29877,119407251215.46306,45450421568.99304,47477009974.45849,0.0,42279573076.6529,11934369889.19434,45450421568.99304,47477009974.45849,37124045136.41264,82283206079.05045,15.861861212636974,4.4773706323730105,17.051455975588166,17.811763180307395,13.927682063814856,30.869866935279607,42279573076.6529,11934369889.19434,37124045136.41264,28,18,10,Universal P&C Insurance Co.;Florida Family Insurance Co.;First Protective Insurance Co.;Cypress P&C Insurance Co.;Florida Peninsula Insurance Co;Tower Hill Insurance Exchange;Kin Interinsurance Network;Heritage P&C Insurance Co.;Florida Family Home Ins Co.;US Coastal P&C Insurance Co.;TypTap Insurance Co.;Homeowners Choice P&C Ins Co.;Edison Insurance Co.;Safe Harbor Insurance Co.;GeoVera Specialty Insurance Co;Florida Farm Bureau Cas Ins Co;Universal North America Ins Co;Auto Club Insurance Co. of FL;American Platinum P&C Ins Co.;FL Farm Bureau General Ins Co.;Homesite Insurance Co.;State Farm FL Ins Co;AIG Property Casualty Co.;Foremost P&C Insurance Co.;ASI Preferred Insurance Corp.;ACE Ins Co. of the Midwest;Castle Key Indemnity Co.;First Liberty Insurance Corp.,Universal P&C Insurance Co.;Florida Family Insurance Co.;First Protective Insurance Co.;Cypress P&C Insurance Co.;Florida Peninsula Insurance Co;Tower Hill Insurance Exchange;Kin Interinsurance Network;Heritage P&C Insurance Co.;Florida Family Home Ins Co.;US Coastal P&C Insurance Co.;TypTap Insurance Co.;Homeowners Choice P&C Ins Co.;Edison Insurance Co.;Safe Harbor Insurance Co.;GeoVera Specialty Insurance Co;Florida Farm Bureau Cas Ins Co;Universal North America Ins Co;American Platinum P&C Ins Co.,3515177436.05706,10,35.166819401784345,2152394370.586396,23254063.340463847,1,0.9811320754716981,7848056089.396625,311486220.0,6831806610.236448,539937478.65,359958319.1,539937478.65,359958319.1,33683045136.412643,37124045136.41264,3441000000.0,1395853723.0,1395853723.0,0.0,True,19369179199.993874,17000000000.0,2369179199.9938736,0.8776830357377962,13030628082.143896,3969371917.856104,2125000000.0000002,0.0,13,9464500000.0,9464500000.0,43
gm_then_andrew,baseline,,COMPOSITE,"{""gm_then_andrew"": 0.7258590386747673}",266548625724.76184,193476729228.65604,73071896496.10582,22513196552.625957,51715246841.061134,0.0,91255109115.66544,27993176719.30352,22513196552.625957,51715246841.061134,22777568332.461437,50294328163.64438,34.23582052525586,10.502090056997435,8.44618744193905,19.401805843284407,8.545370763224852,18.8687253692984,91255109115.66544,27993176719.30352,22777568332.461437,39,23,16,Universal P&C Insurance Co.;Florida Family Insurance Co.;First Protective Insurance Co.;Spinnaker Insurance Co.;Cypress P&C Insurance Co.;Florida Peninsula Insurance Co;Tower Hill Insurance Exchange;Kin Interinsurance Network;Unique Insurance Co.;Heritage P&C Insurance Co.;Florida Family Home Ins Co.;US Coastal P&C Insurance Co.;TypTap Insurance Co.;Homeowners Choice P&C Ins Co.;Vault E&S Insurance Co.;Edison Insurance Co.;Safe Harbor Insurance Co.;Spinnaker Specialty Ins Co.;GeoVera Specialty Insurance Co;Florida Farm Bureau Cas Ins Co;Universal North America Ins Co;QBE Specialty Insurance Co.;Auto Club Insurance Co. of FL;American Platinum P&C Ins Co.;Privilege Underwriters Recpl;FL Farm Bureau General Ins Co.;Castle Key Insurance Co.;Chubb Custom Insurance Co.;Homesite Insurance Co.;PURE Specialty Exchange;First Floridian Auto & Home;State Farm FL Ins Co;AIG Property Casualty Co.;Foremost P&C Insurance Co.;ASI Preferred Insurance Corp.;Nationwide P&C Insurance Co.;ACE Ins Co. of the Midwest;Castle Key Indemnity Co.;First Liberty Insurance Corp.,Universal P&C Insurance Co.;Florida Family Insurance Co.;First Protective Insurance Co.;Spinnaker Insurance Co.;Cypress P&C Insurance Co.;Florida Peninsula Insurance Co;Tower Hill Insurance Exchange;Kin Interinsurance Network;Unique Insurance Co.;Heritage P&C Insurance Co.;Florida Family Home Ins Co.;US Coastal P&C Insurance Co.;TypTap Insurance Co.;Homeowners Choice P&C Ins Co.;Vault E&S Insurance Co.;Edison Insurance Co.;Safe Harbor Insurance Co.;Spinnaker Specialty Ins Co.;GeoVera Specialty Insurance Co;Florida Farm Bureau Cas Ins Co;Universal North America Ins Co;QBE Specialty Insurance Co.;American Platinum P&C Ins Co.,12982398365.475746,16,36.189312511589605,6532195372.10219,130261793.28861451,1,0.9811320754716981,27618426440.14248,300194520.0,21561511179.55676,539937478.65,359958319.1,539937478.65,359958319.1,19336568332.461437,22777568332.461437,3441000000.0,1395853723.0,1395853723.0,0.0,True,29068884806.75377,17000000000.0,12068884806.753769,0.5848177566154955,11710256241.373566,5289743758.626432,2575000000.0,0.0,14,9464500000.0,9464500000.0,44
gm_then_andrew,baseline,,COMPOSITE,"{""gm_then_andrew"": 0.7924265529668002}",266548625724.76187,211220208681.11087,55328417043.65101,33223096924.25934,115215721582.58638,0.0,49296470232.106804,13484919942.158339,33223096924.25934,115215721582.58638,17283784634.72527,38044632408.925735,18.494362932116687,5.059084399888397,12.464178659306056,43.2250293053689,6.484289531686614,14.273055171633345,49296470232.106804,13484919942.158339,17283784634.72527,33,21,12,Universal P&C Insurance Co.;Florida Family Insurance Co.;First Protective Insurance Co.;Cypress P&C Insurance Co.;Florida Peninsula Insurance Co;Tower Hill Insurance Exchange;Kin Interinsurance Network;Unique Insurance Co.;Heritage P&C Insurance Co.;Florida Family Home Ins Co.;US Coastal P&C Insurance Co.;TypTap Insurance Co.;Homeowners Choice P&C Ins Co.;Vault E&S Insurance Co.;Edison Insurance Co.;Safe Harbor Insurance Co.;Spinnaker Specialty Ins Co.;GeoVera Specialty Insurance Co;Florida Farm Bureau Cas Ins Co;Universal North America Ins Co;Auto Club Insurance Co. of FL;American Platinum P&C Ins Co.;FL Farm Bureau General Ins Co.;Castle Key Insurance Co.;Homesite Insurance Co.;State Farm FL Ins Co;AIG Property Casualty Co.;Foremost P&C Insurance Co.;ASI Preferred Insurance Corp.;Nationwide P&C Insurance Co.;ACE Ins Co. of the Midwest;Castle Key Indemnity Co.;First Liberty Insurance Corp.,Universal P&C Insurance Co.;Florida Family Insurance Co.;First Protective Insurance Co.;Cypress P&C Insurance Co.;Florida Peninsula Insurance Co;Tower Hill Insurance Exchange;Kin Interinsurance Network;Unique Insurance Co.;Heritage P&C Insurance Co.;Florida Family Home Ins Co.;US Coastal P&C Insurance Co.;TypTap Insurance Co.;Homeowners Choice P&C Ins Co.;Vault E&S Insurance Co.;Edison Insurance Co.;Safe Harbor Insurance Co.;Spinnaker Specialty Ins Co.;GeoVera Specialty Insurance Co;Florida Farm Bureau Cas Ins Co;Universal North America Ins Co;American Platinum P&C Ins Co.,4291091727.816358,12,35.60316172831571,2531191740.02805,29454132.082483716,1,0.9811320754716981,10604827318.023767,306667560.0,8200397673.821907,539937478.65,359958319.1,539937478.65,359958319.1,13842784634.72527,17283784634.72527,3441000000.0,1395853723.0,1395853723.0,0.0,True,21538121056.312607,17000000000.0,4538121056.312607,0.7892981915902767,12837325002.512417,4162674997.487583,2160348183.6251144,0.0,14,9464500000.0,9464500000.0,45
gm_then_andrew,baseline,,COMPOSITE,"{""gm_then_andrew"": 0.7759822847805413}",266548625724.76184,206837011595.0141,59711614129.74773,49803475243.851944,47262074892.50508,0.0,82979832690.18675,26791628768.470337,49803475243.851944,47262074892.50508,18640921872.66601,41070692257.08172,31.13121760225158,10.051310036066505,18.68457400912621,17.731126830609853,6.993441373775693,15.40833014817016,82979832690.18675,26791628768.470337,18640921872.66601,38,23,15,Universal P&C Insurance Co.;Florida Family Insurance Co.;First Protective Insurance Co.;Spinnaker Insurance Co.;Cypress P&C Insurance Co.;Florida Peninsula Insurance Co;Tower Hill Insurance Exchange;Kin Interinsurance Network;Unique Insurance Co.;Heritage P&C Insurance Co.;Florida Family Home Ins Co.;US Coastal P&C Insurance Co.;TypTap Insurance Co.;Homeowners Choice P&C Ins Co.;Vault E&S Insurance Co.;Edison Insurance Co.;Safe Harbor Insurance Co.;Spinnaker Specialty Ins Co.;GeoVera Specialty Insurance Co;Florida Farm Bureau Cas Ins Co;Universal North America Ins Co;QBE Specialty Insurance Co.;Auto Club Insurance Co. of FL;American Platinum P&C Ins Co.;Privilege Underwriters Recpl;FL Farm Bureau General Ins Co.;Castle Key Insurance Co.;Chubb Custom Insurance Co.;Homesite Insurance Co.;PURE Specialty Exchange;State Farm FL Ins Co;AIG Property Casualty Co.;Foremost P&C Insurance Co.;ASI Preferred Insurance Corp.;Nationwide P&C Insurance Co.;ACE Ins Co. of the Midwest;Castle Key Indemnity Co.;First Liberty Insurance Corp.,Universal P&C Insurance Co.;Florida Family Insurance Co.;First Protective Insurance Co.;Spinnaker Insurance Co.;Cypress P&C Insurance Co.;Florida Peninsula Insurance Co;Tower Hill Insurance Exchange;Kin Interinsurance Network;Unique Insurance Co.;Heritage P&C Insurance Co.;Florida Family Home Ins Co.;US Coastal P&C Insurance Co.;TypTap Insurance Co.;Homeowners Choice P&C Ins Co.;Vault E&S Insurance Co.;Edison Insurance Co.;Safe Harbor Insurance Co.;Spinnaker Specialty Ins Co.;GeoVera Specialty Insurance Co;Florida Farm Bureau Cas Ins Co;Universal North America Ins Co;QBE Specialty Insurance Co.;American Platinum P&C Ins Co.,11292689102.372877,15,36.189312511589605,6830906560.654438,89609602.38745904,1,0.9811320754716981,25560719363.27927,300194520.0,20447571251.071655,539937478.65,359958319.1,539937478.65,359958319.1,15199921872.666012,18640921872.66601,3441000000.0,1395853723.0,1395853723.0,0.0,True,28360843813.593357,17000000000.0,11360843813.593357,0.5994179902310205,11809638107.633827,5190361892.366171,2575000000.0,0.0,14,9464500000.0,9464500000.0,46
gm_then_andrew,baseline,,COMPOSITE,"{""gm_then_andrew"": 0.8509720005681537}",266548625724.7618,226825417281.69263,39723208443.06919,17263639988.915024,86059989922.0805,0.0,87890386483.38611,35611400887.31105,17263639988.915024,86059989922.0805,12452058093.187914,27271150349.88128,32.973490763423314,13.360189267711098,6.476731944114941,32.28678808156605,4.671589680618317,10.231210262566306,87890386483.38611,35611400887.31105,12452058093.187914,38,23,15,Universal P&C Insurance Co.;Florida Family Insurance Co.;First Protective Insurance Co.;Spinnaker Insurance Co.;Cypress P&C Insurance Co.;Florida Peninsula Insurance Co;Tower Hill Insurance Exchange;Kin Interinsurance Network;Unique Insurance Co.;Heritage P&C Insurance Co.;Florida Family Home Ins Co.;US Coastal P&C Insurance Co.;TypTap Insurance Co.;Homeowners Choice P&C Ins Co.;Vault E&S Insurance Co.;Edison Insurance Co.;Safe Harbor Insurance Co.;Spinnaker Specialty Ins Co.;GeoVera Specialty Insurance Co;Florida Farm Bureau Cas Ins Co;Universal North America Ins Co;QBE Specialty Insurance Co.;Auto Club Insurance Co. of FL;American Platinum P&C Ins Co.;Privilege Underwriters Recpl;FL Farm Bureau General Ins Co.;Castle Key Insurance Co.;Chubb Custom Insurance Co.;Homesite Insurance Co.;PURE Specialty Exchange;State Farm FL Ins Co;AIG Property Casualty Co.;Foremost P&C Insurance Co.;ASI Preferred Insurance Corp.;Nationwide P&C Insurance Co.;ACE Ins Co. of the Midwest;Castle Key Indemnity Co.;First Liberty Insurance Corp.,Universal P&C Insurance Co.;Florida Family Insurance Co.;First Protective Insurance Co.;Spinnaker Insurance Co.;Cypress P&C Insurance Co.;Florida Peninsula Insurance Co;Tower Hill Insurance Exchange;Kin Interinsurance Network;Unique Insurance Co.;Heritage P&C Insurance Co.;Florida Family Home Ins Co.;US Coastal P&C Insurance Co.;TypTap Insurance Co.;Homeowners Choice P&C Ins Co.;Vault E&S Insurance Co.;Edison Insurance Co.;Safe Harbor Insurance Co.;Spinnaker Specialty Ins Co.;GeoVera Specialty Insurance Co;Florida Farm Bureau Cas Ins Co;Universal North America Ins Co;QBE Specialty Insurance Co.;American Platinum P&C Ins Co.,11745009746.682127,15,36.189312511589605,6872187203.493837,111552934.26640198,1,0.9811320754716981,27358371952.289486,300194520.0,29678389452.249756,539937478.65,359958319.1,539937478.65,359958319.1,9011058093.187914,12452058093.187914,3441000000.0,1395853723.0,1395853723.0,0.0,True,27622270613.34211,17000000000.0,10622270613.34211,0.6154454222090149,12283076050.10682,4716923949.893177,2575000000.0,0.0,14,9464500000.0,9464500000.0,47
gm_then_andrew,baseline,,COMPOSITE,"{""gm_then_andrew"": 0.7996540342140008}",266548625724.76184,213146683875.00366,53401941849.75819,46102633428.3737,90083725145.90218,0.0,59308038391.07185,17652286909.655968,46102633428.3737,90083725145.90218,16687304218.205988,36714637631.552185,22.250363598690374,6.622539081437141,17.296143734756782,33.79635700651582,6.260510318832894,13.774086259767,59308038391.07185,17652286909.655968,16687304218.205988,35,22,13,Universal P&C Insurance Co.;Florida Family Insurance Co.;First Protective Insurance Co.;Cypress P&C Insurance Co.;Florida Peninsula Insurance Co;Tower Hill Insurance Exchange;Kin Interinsurance Network;Unique Insurance Co.;Heritage P&C Insurance Co.;Florida Family Home Ins Co.;US Coastal P&C Insurance Co.;TypTap Insurance Co.;Homeowners Choice P&C Ins Co.;Vault E&S Insurance Co.;Edison Insurance Co.;Safe Harbor Insurance Co.;Spinnaker Specialty Ins Co.;GeoVera Specialty Insurance Co;Florida Farm Bureau Cas Ins Co;Universal North America Ins Co;QBE Specialty Insurance Co.;Auto Club Insurance Co. of FL;American Platinum P&C Ins Co.;FL Farm Bureau General Ins Co.;Castle Key Insurance Co.;Homesite Insurance Co.;PURE Specialty Exchange;State Farm FL Ins Co;AIG Property Casualty Co.;Foremost P&C Insurance Co.;ASI Preferred Insurance Corp.;Nationwide P&C Insurance Co.;ACE Ins Co. of the Midwest;Castle Key Indemnity Co.;First Liberty Insurance Corp.,Universal P&C Insurance Co.;Florida Family Insurance Co.;First Protective Insurance Co.;Cypress P&C Insurance Co.;Florida Peninsula Insurance Co;Tower Hill Insurance Exchange;Kin Interinsurance Network;Unique Insurance Co.;Heritage P&C Insurance Co.;Florida Family Home Ins Co.;US Coastal P&C Insurance Co.;TypTap Insurance Co.;Homeowners Choice P&C Ins Co.;Vault E&S Insurance Co.;Edison Insurance Co.;Safe Harbor Insurance Co.;Spinnaker Specialty Ins Co.;GeoVera Specialty Insurance Co;Florida Farm Bureau Cas Ins Co;Universal North America Ins Co;QBE Specialty Insurance Co.;American Platinum P&C Ins Co.,6985761257.76645,13,35.89838321723671,4604694832.40386,66973950.91649793,1,0.9811320754716981,15255627434.69475,303407340.0,12289097967.851141,539937478.65,359958319.1,539937478.65,359958319.1,13246304218.205988,16687304218.205988,3441000000.0,1395853723.0,1395853723.0,0.0,True,19457678976.43791,17000000000.0,2457678976.437908,0.8736910512598131,12780904643.728205,4219095356.2717943,2351219174.17232,0.0,14,9464500000.0,9464500000.0,48
gm_then_andrew,baseline,,COMPOSITE,"{""gm_then_andrew"": 0.8090790137995633}",266548625724.76184,215658899231.01926,50889726493.74259,23499304890.41413,125667783525.97795,0.0,53541798548.67599,12950012265.951195,23499304890.41413,125667783525.97795,15909465361.68051,34980261132.062096,20.08706606649822,4.858405189949611,8.816141830226323,47.14628829328219,5.968691573037269,13.123407047006394,53541798548.67599,12950012265.951195,15909465361.68051,35,22,13,Universal P&C Insurance Co.;Florida Family Insurance Co.;First Protective Insurance Co.;Cypress P&C Insurance Co.;Florida Peninsula Insurance Co;Tower Hill Insurance Exchange;Kin Interinsurance Network;Unique Insurance Co.;Heritage P&C Insurance Co.;Florida Family Home Ins Co.;US Coastal P&C Insurance Co.;TypTap Insurance Co.;Homeowners Choice P&C Ins Co.;Vault E&S Insurance Co.;Edison Insurance Co.;Safe Harbor Insurance Co.;Spinnaker Specialty Ins Co.;GeoVera Specialty Insurance Co;Florida Farm Bureau Cas Ins Co;Universal North America Ins Co;QBE Specialty Insurance Co.;Auto Club Insurance Co. of FL;American Platinum P&C Ins Co.;FL Farm Bureau General Ins Co.;Castle Key Insurance Co.;Homesite Insurance Co.;PURE Specialty Exchange;State Farm FL Ins Co;AIG Property Casualty Co.;Foremost P&C Insurance Co.;ASI Preferred Insurance Corp.;Nationwide P&C Insurance Co.;ACE Ins Co. of the Midwest;Castle Key Indemnity Co.;First Liberty Insurance Corp.,Universal P&C Insurance Co.;Florida Family Insurance Co.;First Protective Insurance Co.;Cypress P&C Insurance Co.;Florida Peninsula Insurance Co;Tower Hill Insurance Exchange;Kin Interinsurance Network;Unique Insurance Co.;Heritage P&C Insurance Co.;Florida Family Home Ins Co.;US Coastal P&C Insurance Co.;TypTap Insurance Co.;Homeowners Choice P&C Ins Co.;Vault E&S Insurance Co.;Edison Insurance Co.;Safe Harbor Insurance Co.;Spinnaker Specialty Ins Co.;GeoVera Specialty Insurance Co;Florida Farm Bureau Cas Ins Co;Universal North America Ins Co;QBE Specialty Insurance Co.;American Platinum P&C Ins Co.,6938359098.330142,13,35.89838321723671,2439563780.5914803,55904063.32931158,1,0.9811320754716981,11149806418.009438,303407340.0,7261441190.348677,539937478.65,359958319.1,539937478.65,359958319.1,12468465361.68051,15909465361.68051,3441000000.0,1395853723.0,1395853723.0,0.0,True,25742539167.13286,17000000000.000002,8742539167.132856,0.660385515571245,12395116550.74451,4604883449.255493,2252271483.060686,0.0,14,9464500000.0,9464500000.0,49
gm_then_andrew,baseline,,COMPOSITE,"{""gm_then_andrew"": 0.8574578555070592}",266548625724.7619,228554213002.30814,37994412722.45376,19817463688.970947,85158198790.9768,0.0,89952238356.13591,33626312166.22441,19817463688.970947,85158198790.9768,11916783725.379568,26077628997.074184,33.747027624528286,12.6154513364278,7.434839941525138,31.948466648224688,4.470772900433123,9.783441548860935,89952238356.13591,33626312166.22441,11916783725.379568,38,23,15,Universal P&C Insurance Co.;Florida Family Insurance Co.;First Protective Insurance Co.;Spinnaker Insurance Co.;Cypress P&C Insurance Co.;Florida Peninsula Insurance Co;Tower Hill Insurance Exchange;Kin Interinsurance Network;Unique Insurance Co.;Heritage P&C Insurance Co.;Florida Family Home Ins Co.;US Coastal P&C Insurance Co.;TypTap Insurance Co.;Homeowners Choice P&C Ins Co.;Vault E&S Insurance Co.;Edison Insurance Co.;Safe Harbor Insurance Co.;Spinnaker Specialty Ins Co.;GeoVera Specialty Insurance Co;Florida Farm Bureau Cas Ins Co;Universal North America Ins Co;QBE Specialty Insurance Co.;Auto Club Insurance Co. of FL;American Platinum P&C Ins Co.;Privilege Underwriters Recpl;FL Farm Bureau General Ins Co.;Castle Key Insurance Co.;Chubb Custom Insurance Co.;Homesite Insurance Co.;PURE Specialty Exchange;State Farm FL Ins Co;AIG Property Casualty Co.;Foremost P&C Insurance Co.;ASI Preferred Insurance Corp.;Nationwide P&C Insurance Co.;ACE Ins Co. of the Midwest;Castle Key Indemnity Co.;First Liberty Insurance Corp.,Universal P&C Insurance Co.;Florida Family Insurance Co.;First Protective Insurance Co.;Spinnaker Insurance Co.;Cypress P&C Insurance Co.;Florida Peninsula Insurance Co;Tower Hill Insurance Exchange;Kin Interinsurance Network;Unique Insurance Co.;Heritage P&C Insurance Co.;Florida Family Home Ins Co.;US Coastal P&C Insurance Co.;TypTap Insurance Co.;Homeowners Choice P&C Ins Co.;Vault E&S Insurance Co.;Edison Insurance Co.;Safe Harbor Insurance Co.;Spinnaker Specialty Ins Co.;GeoVera Specialty Insurance Co;Florida Farm Bureau Cas Ins Co;Universal North America Ins Co;QBE Specialty Insurance Co.;American Platinum P&C Ins Co.,11929485439.98005,15,36.189312511589605,6456627081.928569,101914112.08721176,1,0.9811320754716981,28398773112.736084,300194520.0,27454207028.343834,539937478.65,359958319.1,539937478.65,359958319.1,8475783725.379568,11916783725.379568,3441000000.0,1395853723.0,1395853723.0,0.0,True,27439322429.283424,16999999999.999998,10439322429.283426,0.6195488260984713,12020770058.367182,4979229941.632814,2575000000.0,0.0,14,9464500000.0,9464500000.0,50
gm_then_andrew,baseline,,COMPOSITE,"{""gm_then_andrew"": 0.8509182745319598}",266548625724.76187,226811096680.57956,39737529044.18232,30184611723.270832,86928881200.0683,0.0,81035000946.80548,28662602810.43493,30184611723.270832,86928881200.0683,12456492076.11375,27281036968.06857,30.401582723027143,10.753236011815694,11.32424211199628,32.61276660635687,4.673253160560777,10.234919386243233,81035000946.80548,28662602810.43493,12456492076.11375,37,23,14,Universal P&C Insurance Co.;Florida Family Insurance Co.;First Protective Insurance Co.;Spinnaker Insurance Co.;Cypress P&C Insurance Co.;Florida Peninsula Insurance Co;Tower Hill Insurance Exchange;Kin Interinsurance Network;Unique Insurance Co.;Heritage P&C Insurance Co.;Florida Family Home Ins Co.;US Coastal P&C Insurance Co.;TypTap Insurance Co.;Homeowners Choice P&C Ins Co.;Vault E&S Insurance Co.;Edison Insurance Co.;Safe Harbor Insurance Co.;Spinnaker Specialty Ins Co.;GeoVera Specialty Insurance Co;Florida Farm Bureau Cas Ins Co;Universal North America Ins Co;QBE Specialty Insurance Co.;Auto Club Insurance Co. of FL;American Platinum P&C Ins Co.;Privilege Underwriters Recpl;FL Farm Bureau General Ins Co.;Castle Key Insurance Co.;Homesite Insurance Co.;PURE Specialty Exchange;State Farm FL Ins Co;AIG Property Casualty Co.;Foremost P&C Insurance Co.;ASI Preferred Insurance Corp.;Nationwide P&C Insurance Co.;ACE Ins Co. of the Midwest;Castle Key Indemnity Co.;First Liberty Insurance Corp.,Universal P&C Insurance Co.;Florida Family Insurance Co.;First Protective Insurance Co.;Spinnaker Insurance Co.;Cypress P&C Insurance Co.;Florida Peninsula Insurance Co;Tower Hill Insurance Exchange;Kin Interinsurance Network;Unique Insurance Co.;Heritage P&C Insurance Co.;Florida Family Home Ins Co.;US Coastal P&C Insurance Co.;TypTap Insurance Co.;Homeowners Choice P&C Ins Co.;Vault E&S Insurance Co.;Edison Insurance Co.;Safe Harbor Insurance Co.;Spinnaker Specialty Ins Co.;GeoVera Specialty Insurance Co;Florida Farm Bureau Cas Ins Co;Universal North America Ins Co;QBE Specialty Insurance Co.;American Platinum P&C Ins Co.,10612340493.119005,14,36.189312511589605,5813582747.556975,99129967.56052354,1,0.9811320754716981,24337421482.106045,300194520.0,22642140782.231396,539937478.65,359958319.1,539937478.65,359958319.1,9015492076.11375,12456492076.11375,3441000000.0,1395853723.0,1395853723.0,0.0,True,26711898313.758533,16999999999.999998,9711898313.758535,0.6364205119500543,12159550471.869354,4840449528.130647,2566549781.8377438,0.0,14,9464500000.0,9464500000.0,51
gm_then_andrew,baseline,,COMPOSITE,"{""gm_then_andrew"": 0.8915195626193774}",266548625724.76187,237633314222.93585,28915311501.826023,45510501470.69435,110779249672.15533,0.0,58257361162.9361,23086201917.150078,45510501470.69435,110779249672.15533,9105688054.452383,19809623447.37364,21.856185153658476,8.661159611825909,17.073995916110444,41.560615580342926,3.416145189153936,7.4318985489083165,58257361162.9361,23086201917.150078,9105688054.452383,35,23,12,Universal P&C Insurance Co.;Florida Family Insurance Co.;First Protective Insurance Co.;Cypress P&C Insurance Co.;Florida Peninsula Insurance Co;Tower Hill Insurance Exchange;Kin Interinsurance Network;Unique Insurance Co.;Heritage P&C Insurance Co.;Florida Family Home Ins Co.;US Coastal P&C Insurance Co.;TypTap Insurance Co.;Homeowners Choice P&C Ins Co.;Vault E&S Insurance Co.;Edison Insurance Co.;Safe Harbor Insurance Co.;Spinnaker Specialty Ins Co.;GeoVera Specialty Insurance Co;Florida Farm Bureau Cas Ins Co;Universal North America Ins Co;QBE Specialty Insurance Co.;Auto Club Insurance Co. of FL;American Platinum P&C Ins Co.;FL Farm Bureau General Ins Co.;Castle Key Insurance Co.;Homesite Insurance Co.;PURE Specialty Exchange;State Farm FL Ins Co;AIG Property Casualty Co.;Foremost P&C Insurance Co.;ASI Preferred Insurance Corp.;Nationwide P&C Insurance Co.;ACE Ins Co. of the Midwest;Castle Key Indemnity Co.;First Liberty Insurance Corp.,Universal P&C Insurance Co.;Florida Family Insurance Co.;First Protective Insurance Co.;Cypress P&C Insurance Co.;Florida Peninsula Insurance Co;Tower Hill Insurance Exchange;Kin Interinsurance Network;Unique Insurance Co.;Heritage P&C Insurance Co.;Florida Family Home Ins Co.;US Coastal P&C Insurance Co.;TypTap Insurance Co.;Homeowners Choice P&C Ins Co.;Vault E&S Insurance Co.;Edison Insurance Co.;Safe Harbor Insurance Co.;Spinnaker Specialty Ins Co.;GeoVera Specialty Insurance Co;Florida Farm Bureau Cas Ins Co;Universal North America Ins Co;QBE Specialty Insurance Co.;American Platinum P&C Ins Co.;Castle Key Indemnity Co.,7121208908.092608,13,37.63650469101551,3720626859.232643,48708279.870407775,1,0.9811320754716981,14210241068.124538,284212740.0,17604088731.784004,539937478.65,359958319.1,539937478.65,359958319.1,5664688054.452383,9105688054.452383,3441000000.0,1395853723.0,1395853723.0,0.0,True,21470423866.8221,17000000000.000002,4470423866.8221,0.7917868834564475,12736647545.125433,4263352454.874569,2274096599.200244,0.0,14,9464500000.0,9464500000.0,52
gm_then_andrew,baseline,,COMPOSITE,"{""gm_then_andrew"": 0.6688497866063893}",266548625724.76184,178280991436.23334,88267634288.52852,33723774178.380707,78137940952.5815,0.0,52770163182.33772,13649113122.93343,33723774178.380707,78137940952.5815,27482513424.13766,60785120864.390854,19.79757465972764,5.1206841100083205,12.652015776364903,29.31470411453809,10.310506516179194,22.80451482318186,52770163182.33772,13649113122.93343,27482513424.13766,34,21,13,Universal P&C Insurance Co.;Florida Family Insurance Co.;First Protective Insurance Co.;Cypress P&C Insurance Co.;Florida Peninsula Insurance Co;Tower Hill Insurance Exchange;Kin Interinsurance Network;Unique Insurance Co.;Heritage P&C Insurance Co.;Florida Family Home Ins Co.;US Coastal P&C Insurance Co.;TypTap Insurance Co.;Homeowners Choice P&C Ins Co.;Vault E&S Insurance Co.;Edison Insurance Co.;Safe Harbor Insurance Co.;GeoVera Specialty Insurance Co;Florida Farm Bureau Cas Ins Co;Universal North America Ins Co;QBE Specialty Insurance Co.;Auto Club Insurance Co. of FL;American Platinum P&C Ins Co.;FL Farm Bureau General Ins Co.;Castle Key Insurance Co.;Homesite Insurance Co.;PURE Specialty Exchange;State Farm FL Ins Co;AIG Property Casualty Co.;Foremost P&C Insurance Co.;ASI Preferred Insurance Corp.;Nationwide P&C Insurance Co.;ACE Ins Co. of the Midwest;Castle Key Indemnity Co.;First Liberty Insurance Corp.,Universal P&C Insurance Co.;Florida Family Insurance Co.;First Protective Insurance Co.;Cypress P&C Insurance Co.;Florida Peninsula Insurance Co;Tower Hill Insurance Exchange;Kin Interinsurance Network;Unique Insurance Co.;Heritage P&C Insurance Co.;Florida Family Home Ins Co.;US Coastal P&C Insurance Co.;TypTap Insurance Co.;Homeowners Choice P&C Ins Co.;Vault E&S Insurance Co.;Edison Insurance Co.;Safe Harbor Insurance Co.;GeoVera Specialty Insurance Co;Florida Farm Bureau Cas Ins Co;Universal North America Ins Co;QBE Specialty Insurance Co.;American Platinum P&C Ins Co.,6296032938.125519,13,35.80938809441937,3219805054.8426795,36627486.76121869,1,0.9811320754716981,12391825655.275587,304390140.0,8032896984.549885,539937478.65,359958319.1,539937478.65,359958319.1,24041513424.13766,27482513424.13766,3441000000.0,1395853723.0,1395853723.0,0.0,False,15078466435.727169,15078466435.727169,0.0,1.0,10555909024.646095,4522557411.081073,2284576293.9162064,0.0,14,9464500000.0,9464500000.0,53
gm_then_andrew,baseline,,COMPOSITE,"{""gm_then_andrew"": 0.7513643778752476}",266548625724.76184,200275142341.18793,66273483383.57393,46488102509.6849,78993505066.13953,0.0,58790272805.11933,16003261960.244179,46488102509.6849,78993505066.13953,20672625430.581146,45600857952.992775,22.05611551935975,6.003880874167083,17.44075865455353,29.63568273944441,7.755667610129681,17.10789460234555,58790272805.11933,16003261960.244179,20672625430.581146,35,22,13,Universal P&C Insurance Co.;Florida Family Insurance Co.;First Protective Insurance Co.;Cypress P&C Insurance Co.;Florida Peninsula Insurance Co;Tower Hill Insurance Exchange;Kin Interinsurance Network;Unique Insurance Co.;Heritage P&C Insurance Co.;Florida Family Home Ins Co.;US Coastal P&C Insurance Co.;TypTap Insurance Co.;Homeowners Choice P&C Ins Co.;Vault E&S Insurance Co.;Edison Insurance Co.;Safe Harbor Insurance Co.;Spinnaker Specialty Ins Co.;GeoVera Specialty Insurance Co;Florida Farm Bureau Cas Ins Co;Universal North America Ins Co;QBE Specialty Insurance Co.;Auto Club Insurance Co. of FL;American Platinum P&C Ins Co.;FL Farm Bureau General Ins Co.;Castle Key Insurance Co.;Homesite Insurance Co.;PURE Specialty Exchange;State Farm FL Ins Co;AIG Property Casualty Co.;Foremost P&C Insurance Co.;ASI Preferred Insurance Corp.;Nationwide P&C Insurance Co.;ACE Ins Co. of the Midwest;Castle Key Indemnity Co.;First Liberty Insurance Corp.,Universal P&C Insurance Co.;Florida Family Insurance Co.;First Protective Insurance Co.;Cypress P&C Insurance Co.;Florida Peninsula Insurance Co;Tower Hill Insurance Exchange;Kin Interinsurance Network;Unique Insurance Co.;Heritage P&C Insurance Co.;Florida Family Home Ins Co.;US Coastal P&C Insurance Co.;TypTap Insurance Co.;Homeowners Choice P&C Ins Co.;Vault E&S Insurance Co.;Edison Insurance Co.;Safe Harbor Insurance Co.;Spinnaker Specialty Ins Co.;GeoVera Specialty Insurance Co;Florida Farm Bureau Cas Ins Co;Universal North America Ins Co;QBE Specialty Insurance Co.;American Platinum P&C Ins Co.,5635542566.118659,13,35.89838321723671,2954829097.365581,41857745.35967538,1,0.9811320754716981,13605831115.02096,303407340.0,10845309324.16201,539937478.65,359958319.1,539937478.65,359958319.1,17231625430.581146,20672625430.581146,3441000000.0,1395853723.0,1395853723.0,0.0,True,19747649818.49515,17000000000.0,2747649818.4951515,0.8608619332553805,12967718744.01661,4032281255.9833922,2168356567.689435,0.0,14,9464500000.0,9464500000.0,54
gm_then_andrew,baseline,,COMPOSITE,"{""gm_then_andrew"": 0.6521647317076256}",266548625724.76184,173833612982.82562,92715012741.93622,38778065750.51575,84094452675.32405,0.0,37202746221.84761,13758348335.138235,38778065750.51575,84094452675.32405,28859522669.165646,63855490072.77057,13.957208040630894,5.161665455122289,14.548214474967125,31.549385200042263,10.827113661042093,23.956413168195347,37202746221.84761,13758348335.138235,28859522669.165646,29,19,10,Universal P&C Insurance Co.;Florida Family Insurance Co.;First Protective Insurance Co.;Cypress P&C Insurance Co.;Florida Peninsula Insurance Co;Tower Hill Insurance Exchange;Kin Interinsurance Network;Heritage P&C Insurance Co.;Florida Family Home Ins Co.;US Coastal P&C Insurance Co.;TypTap Insurance Co.;Homeowners Choice P&C Ins Co.;Vault E&S Insurance Co.;Edison Insurance Co.;Safe Harbor Insurance Co.;GeoVera Specialty Insurance Co;Florida Farm Bureau Cas Ins Co;Universal North America Ins Co;Auto Club Insurance Co. of FL;American Platinum P&C Ins Co.;FL Farm Bureau General Ins Co.;Castle Key Insurance Co.;Homesite Insurance Co.;State Farm FL Ins Co;AIG Property Casualty Co.;ASI Preferred Insurance Corp.;ACE Ins Co. of the Midwest;Castle Key Indemnity Co.;First Liberty Insurance Corp.,Universal P&C Insurance Co.;Florida Family Insurance Co.;First Protective Insurance Co.;Cypress P&C Insurance Co.;Florida Peninsula Insurance Co;Tower Hill Insurance Exchange;Kin Interinsurance Network;Heritage P&C Insurance Co.;Florida Family Home Ins Co.;US Coastal P&C Insurance Co.;TypTap Insurance Co.;Homeowners Choice P&C Ins Co.;Vault E&S Insurance Co.;Edison Insurance Co.;Safe Harbor Insurance Co.;GeoVera Specialty Insurance Co;Florida Farm Bureau Cas Ins Co;Universal North America Ins Co;American Platinum P&C Ins Co.,2804412878.58041,10,35.41856476294073,1458177420.039031,16199822.621189035,1,0.9811320754716981,6169776107.995058,308706120.0,8047044018.760193,539937478.65,359958319.1,539937478.65,359958319.1,25418522669.165646,28859522669.165646,3441000000.0,1395853723.0,1395853723.0,0.0,False,16109186967.93394,16109186967.93394,0.0,1.0,11586629556.852869,4522557411.081073,2125000000.0,0.0,13,9464500000.0,9464500000.0,55
gm_then_andrew,baseline,,COMPOSITE,"{""gm_then_andrew"": 0.8066115874645133}",266548625724.7619,215001210132.33466,51547415592.42724,27310141544.2853,95485562188.69046,0.0,69863374620.94423,22342131778.414658,27310141544.2853,95485562188.69046,16113100824.398762,35434314768.02847,26.21036759464862,8.382009743124746,10.245838435680307,35.82294297299767,6.045088689009843,13.293752564538805,69863374620.94423,22342131778.414658,16113100824.398762,36,23,13,Universal P&C Insurance Co.;Florida Family Insurance Co.;First Protective Insurance Co.;Spinnaker Insurance Co.;Cypress P&C Insurance Co.;Florida Peninsula Insurance Co;Tower Hill Insurance Exchange;Kin Interinsurance Network;Unique Insurance Co.;Heritage P&C Insurance Co.;Florida Family Home Ins Co.;US Coastal P&C Insurance Co.;TypTap Insurance Co.;Homeowners Choice P&C Ins Co.;Vault E&S Insurance Co.;Edison Insurance Co.;Safe Harbor Insurance Co.;Spinnaker Specialty Ins Co.;GeoVera Specialty Insurance Co;Florida Farm Bureau Cas Ins Co;Universal North America Ins Co;QBE Specialty Insurance Co.;Auto Club Insurance Co. of FL;American Platinum P&C Ins Co.;FL Farm Bureau General Ins Co.;Castle Key Insurance Co.;Homesite Insurance Co.;PURE Specialty Exchange;State Farm FL Ins Co;AIG Property Casualty Co.;Foremost P&C Insurance Co.;ASI Preferred Insurance Corp.;Nationwide P&C Insurance Co.;ACE Ins Co. of the Midwest;Castle Key Indemnity Co.;First Liberty Insurance Corp.,Universal P&C Insurance Co.;Florida Family Insurance Co.;First Protective Insurance Co.;Spinnaker Insurance Co.;Cypress P&C Insurance Co.;Florida Peninsula Insurance Co;Tower Hill Insurance Exchange;Kin Interinsurance Network;Unique Insurance Co.;Heritage P&C Insurance Co.;Florida Family Home Ins Co.;US Coastal P&C Insurance Co.;TypTap Insurance Co.;Homeowners Choice P&C Ins Co.;Vault E&S Insurance Co.;Edison Insurance Co.;Safe Harbor Insurance Co.;Spinnaker Specialty Ins Co.;GeoVera Specialty Insurance Co;Florida Farm Bureau Cas Ins Co;Universal North America Ins Co;QBE Specialty Insurance Co.;American Platinum P&C Ins Co.,8364890040.74191,13,36.189312511589605,3943175523.756876,70049639.3129812,1,0.9811320754716981,19046535970.756382,300194520.0,16343066261.152706,539937478.65,359958319.1,539937478.65,359958319.1,12672100824.398762,16113100824.398762,3441000000.0,1395853723.0,1395853723.0,0.0,True,25302754580.187653,17000000000.0,8302754580.187653,0.6718636086092854,12154418625.994736,4845581374.005259,2575000000.0,0.0,14,9464500000.0,9464500000.0,56
gm_then_andrew,baseline,,COMPOSITE,"{""gm_then_andrew"": 0.8935299057931912}",266548625724.76187,238169168433.15112,28379457291.610752,57092610591.418015,76515724163.26456,0.0,80779323038.05992,23781510640.408604,57092610591.418015,76515724163.26456,8939775436.674553,19439681854.936203,30.305661047178933,8.922015851983943,21.41921026085944,28.706103419296824,3.3539004046135155,7.293109016067342,80779323038.05992,23781510640.408604,8939775436.674553,37,24,13,Universal P&C Insurance Co.;Florida Family Insurance Co.;First Protective Insurance Co.;Spinnaker Insurance Co.;Cypress P&C Insurance Co.;Florida Peninsula Insurance Co;Tower Hill Insurance Exchange;Kin Interinsurance Network;Unique Insurance Co.;Heritage P&C Insurance Co.;Florida Family Home Ins Co.;US Coastal P&C Insurance Co.;TypTap Insurance Co.;Homeowners Choice P&C Ins Co.;Vault E&S Insurance Co.;Edison Insurance Co.;Safe Harbor Insurance Co.;Spinnaker Specialty Ins Co.;GeoVera Specialty Insurance Co;Florida Farm Bureau Cas Ins Co;Universal North America Ins Co;QBE Specialty Insurance Co.;Auto Club Insurance Co. of FL;American Platinum P&C Ins Co.;Privilege Underwriters Recpl;FL Farm Bureau General Ins Co.;Castle Key Insurance Co.;Homesite Insurance Co.;PURE Specialty Exchange;State Farm FL Ins Co;AIG Property Casualty Co.;Foremost P&C Insurance Co.;ASI Preferred Insurance Corp.;Nationwide P&C Insurance Co.;ACE Ins Co. of the Midwest;Castle Key Indemnity Co.;First Liberty Insurance Corp.,Universal P&C Insurance Co.;Florida Family Insurance Co.;First Protective Insurance Co.;Spinnaker Insurance Co.;Cypress P&C Insurance Co.;Florida Peninsula Insurance Co;Tower Hill Insurance Exchange;Kin Interinsurance Network;Unique Insurance Co.;Heritage P&C Insurance Co.;Florida Family Home Ins Co.;US Coastal P&C Insurance Co.;TypTap Insurance Co.;Homeowners Choice P&C Ins Co.;Vault E&S Insurance Co.;Edison Insurance Co.;Safe Harbor Insurance Co.;Spinnaker Specialty Ins Co.;GeoVera Specialty Insurance Co;Florida Farm Bureau Cas Ins Co;Universal North America Ins Co;QBE Specialty Insurance Co.;American Platinum P&C Ins Co.;Privilege Underwriters Recpl,10744440890.866373,14,37.427996398685764,5549601753.678065,116430854.95900467,1,0.9811320754716981,23373140442.569633,286515360.0,17365582419.51134,539937478.65,359958319.1,539937478.65,359958319.1,5498775436.674553,8939775436.674553,3441000000.0,1395853723.0,1395853723.0,0.0,True,29090635710.27825,17000000000.0,12090635710.278252,0.5843804916918193,11714211352.815928,5285788647.184077,2544569347.7376986,0.0,14,9464500000.0,9464500000.0,57
gm_then_andrew,baseline,,COMPOSITE,"{""gm_then_andrew"": 0.8419192665356806}",266548625724.76187,224412423466.2852,42136202258.47668,37756149112.886086,93934729009.3303,0.0,70153661698.86389,22567883645.2049,37756149112.886086,93934729009.3303,13199175710.18889,28937026548.28778,26.319273456432885,8.466704183464257,14.164826027605592,35.241122986065335,4.951882859759465,10.85619048667246,70153661698.86389,22567883645.2049,13199175710.18889,37,23,14,Universal P&C Insurance Co.;Florida Family Insurance Co.;First Protective Insurance Co.;Spinnaker Insurance Co.;Cypress P&C Insurance Co.;Florida Peninsula Insurance Co;Tower Hill Insurance Exchange;Kin Interinsurance Network;Unique Insurance Co.;Heritage P&C Insurance Co.;Florida Family Home Ins Co.;US Coastal P&C Insurance Co.;TypTap Insurance Co.;Homeowners Choice P&C Ins Co.;Vault E&S Insurance Co.;Edison Insurance Co.;Safe Harbor Insurance Co.;Spinnaker Specialty Ins Co.;GeoVera Specialty Insurance Co;Florida Farm Bureau Cas Ins Co;Universal North America Ins Co;QBE Specialty Insurance Co.;Auto Club Insurance Co. of FL;American Platinum P&C Ins Co.;FL Farm Bureau General Ins Co.;Castle Key Insurance Co.;Chubb Custom Insurance Co.;Homesite Insurance Co.;PURE Specialty Exchange;State Farm FL Ins Co;AIG Property Casualty Co.;Foremost P&C Insurance Co.;ASI Preferred Insurance Corp.;Nationwide P&C Insurance Co.;ACE Ins Co. of the Midwest;Castle Key Indemnity Co.;First Liberty Insurance Corp.,Universal P&C Insurance Co.;Florida Family Insurance Co.;First Protective Insurance Co.;Spinnaker Insurance Co.;Cypress P&C Insurance Co.;Florida Peninsula Insurance Co;Tower Hill Insurance Exchange;Kin Interinsurance Network;Unique Insurance Co.;Heritage P&C Insurance Co.;Florida Family Home Ins Co.;US Coastal P&C Insurance Co.;TypTap Insurance Co.;Homeowners Choice P&C Ins Co.;Vault E&S Insurance Co.;Edison Insurance Co.;Safe Harbor Insurance Co.;Spinnaker Specialty Ins Co.;GeoVera Specialty Insurance Co;Florida Farm Bureau Cas Ins Co;Universal North America Ins Co;QBE Specialty Insurance Co.;American Platinum P&C Ins Co.,8706785551.295506,14,36.189312511589605,3814492340.8483367,60863465.443046406,1,0.9811320754716981,18701167166.111324,300194520.0,17644454054.91217,539937478.65,359958319.1,539937478.65,359958319.1,9758175710.18889,13199175710.18889,3441000000.0,1395853723.0,1395853723.0,0.0,True,22259662631.32824,17000000000.0,5259662631.328239,0.7637132818030318,13247307997.563766,3752692002.436233,2470869580.0437403,0.0,14,9464500000.0,9464500000.0,58
gm_then_andrew,baseline,,COMPOSITE,"{""gm_then_andrew"": 0.7937806162234705}",266548625724.76187,211581132381.3207,54967493343.44117,17558633891.962975,152866325833.34183,0.0,32234007189.987667,8922165466.028246,17558633891.962975,152866325833.34183,17172034470.635265,37795458872.8059,12.093105752221174,3.3472937411582357,6.587403646978101,57.35025848198955,6.442364661961195,14.179573715691745,32234007189.987667,8922165466.028246,17172034470.635265,28,18,10,Universal P&C Insurance Co.;Florida Family Insurance Co.;First Protective Insurance Co.;Cypress P&C Insurance Co.;Florida Peninsula Insurance Co;Tower Hill Insurance Exchange;Kin Interinsurance Network;Heritage P&C Insurance Co.;Florida Family Home Ins Co.;US Coastal P&C Insurance Co.;TypTap Insurance Co.;Homeowners Choice P&C Ins Co.;Edison Insurance Co.;Safe Harbor Insurance Co.;GeoVera Specialty Insurance Co;Florida Farm Bureau Cas Ins Co;Universal North America Ins Co;Auto Club Insurance Co. of FL;American Platinum P&C Ins Co.;FL Farm Bureau General Ins Co.;Homesite Insurance Co.;State Farm FL Ins Co;AIG Property Casualty Co.;Foremost P&C Insurance Co.;ASI Preferred Insurance Corp.;ACE Ins Co. of the Midwest;Castle Key Indemnity Co.;First Liberty Insurance Corp.,Universal P&C Insurance Co.;Florida Family Insurance Co.;First Protective Insurance Co.;Cypress P&C Insurance Co.;Florida Peninsula Insurance Co;Tower Hill Insurance Exchange;Kin Interinsurance Network;Heritage P&C Insurance Co.;Florida Family Home Ins Co.;US Coastal P&C Insurance Co.;TypTap Insurance Co.;Homeowners Choice P&C Ins Co.;Edison Insurance Co.;Safe Harbor Insurance Co.;GeoVera Specialty Insurance Co;Florida Farm Bureau Cas Ins Co;Universal North America Ins Co;American Platinum P&C Ins Co.,2519217500.4452705,10,35.166819401784345,1431874968.609253,7734973.308883414,1,0.9811320754716981,5193109164.181321,311486220.0,4710694892.972905,539937478.65,359958319.1,539937478.65,359958319.1,13731034470.635265,17172034470.635265,3441000000.0,1395853723.0,1395853723.0,0.0,False,13052657339.727394,13052657339.727394,0.0,1.0,9967470866.029007,3085186473.698388,2125000000.0,0.0,13,9464500000.0,9464500000.0,59
gm_then_andrew,baseline,,COMPOSITE,"{""gm_then_andrew"": 0.7978149013827993}",266548625724.7619,212656465546.32162,53892160178.44026,49796650594.685425,56508910555.79761,0.0,84919354645.25812,21431549750.580452,49796650594.685425,56508910555.79761,16839086931.943825,37053073246.49644,31.858860429070766,8.040390263617667,18.682013632328925,21.20022581326257,6.3174540428251404,13.901055818894914,84919354645.25812,21431549750.580452,16839086931.943825,38,24,14,Universal P&C Insurance Co.;Florida Family Insurance Co.;First Protective Insurance Co.;Spinnaker Insurance Co.;Cypress P&C Insurance Co.;Florida Peninsula Insurance Co;Tower Hill Insurance Exchange;Kin Interinsurance Network;Unique Insurance Co.;Heritage P&C Insurance Co.;Florida Family Home Ins Co.;US Coastal P&C Insurance Co.;TypTap Insurance Co.;Homeowners Choice P&C Ins Co.;Vault E&S Insurance Co.;Edison Insurance Co.;Safe Harbor Insurance Co.;Spinnaker Specialty Ins Co.;GeoVera Specialty Insurance Co;Florida Farm Bureau Cas Ins Co;Universal North America Ins Co;QBE Specialty Insurance Co.;Auto Club Insurance Co. of FL;American Platinum P&C Ins Co.;Privilege Underwriters Recpl;FL Farm Bureau General Ins Co.;Castle Key Insurance Co.;Homesite Insurance Co.;Scottsdale Insurance Co.;PURE Specialty Exchange;State Farm FL Ins Co;AIG Property Casualty Co.;Foremost P&C Insurance Co.;ASI Preferred Insurance Corp.;Nationwide P&C Insurance Co.;ACE Ins Co. of the Midwest;Castle Key Indemnity Co.;First Liberty Insurance Corp.,Universal P&C Insurance Co.;Florida Family Insurance Co.;First Protective Insurance Co.;Spinnaker Insurance Co.;Cypress P&C Insurance Co.;Florida Peninsula Insurance Co;Tower Hill Insurance Exchange;Kin Interinsurance Network;Unique Insurance Co.;Heritage P&C Insurance Co.;Florida Family Home Ins Co.;US Coastal P&C Insurance Co.;TypTap Insurance Co.;Homeowners Choice P&C Ins Co.;Vault E&S Insurance Co.;Edison Insurance Co.;Safe Harbor Insurance Co.;Spinnaker Specialty Ins Co.;GeoVera Specialty Insurance Co;Florida Farm Bureau Cas Ins Co;Universal North America Ins Co;QBE Specialty Insurance Co.;American Platinum P&C Ins Co.;Privilege Underwriters Recpl,10631190482.366415,15,37.427996398685764,5484870090.360041,108523315.20241484,1,0.9811320754716981,25442239046.908195,286515360.0,15433013355.064192,539937478.65,359958319.1,539937478.65,359958319.1,13398086931.943825,16839086931.943825,3441000000.0,1395853723.0,1395853723.0,0.0,True,26945652219.5092,17000000000.0,9945652219.509201,0.6308995552051122,12103066727.786669,4896933272.213331,2575000000.0,0.0,14,9464500000.0,9464500000.0,60
gm_then_andrew,baseline,,COMPOSITE,"{""gm_then_andrew"": 0.781356128658624}",266548625724.76184,208269402295.57648,58279223429.18538,61730311640.05247,59122532878.91058,0.0,67352876124.92544,20063681651.688004,61730311640.05247,59122532878.91058,18197421222.152412,40081802207.03296,25.2685137437077,7.527212566612805,23.15911833055001,22.18076822499191,6.827054978307437,15.037332155830146,67352876124.92544,20063681651.688004,18197421222.152412,37,23,14,Universal P&C Insurance Co.;Florida Family Insurance Co.;First Protective Insurance Co.;Spinnaker Insurance Co.;Cypress P&C Insurance Co.;Florida Peninsula Insurance Co;Tower Hill Insurance Exchange;Kin Interinsurance Network;Unique Insurance Co.;Heritage P&C Insurance Co.;Florida Family Home Ins Co.;US Coastal P&C Insurance Co.;TypTap Insurance Co.;Homeowners Choice P&C Ins Co.;Vault E&S Insurance Co.;Edison Insurance Co.;Safe Harbor Insurance Co.;Spinnaker Specialty Ins Co.;GeoVera Specialty Insurance Co;Florida Farm Bureau Cas Ins Co;Universal North America Ins Co;QBE Specialty Insurance Co.;Auto Club Insurance Co. of FL;American Platinum P&C Ins Co.;Privilege Underwriters Recpl;FL Farm Bureau General Ins Co.;Castle Key Insurance Co.;Homesite Insurance Co.;PURE Specialty Exchange;State Farm FL Ins Co;AIG Property Casualty Co.;Foremost P&C Insurance Co.;ASI Preferred Insurance Corp.;Nationwide P&C Insurance Co.;ACE Ins Co. of the Midwest;Castle Key Indemnity Co.;First Liberty Insurance Corp.,Universal P&C Insurance Co.;Florida Family Insurance Co.;First Protective Insurance Co.;Spinnaker Insurance Co.;Cypress P&C Insurance Co.;Florida Peninsula Insurance Co;Tower Hill Insurance Exchange;Kin Interinsurance Network;Unique Insurance Co.;Heritage P&C Insurance Co.;Florida Family Home Ins Co.;US Coastal P&C Insurance Co.;TypTap Insurance Co.;Homeowners Choice P&C Ins Co.;Vault E&S Insurance Co.;Edison Insurance Co.;Safe Harbor Insurance Co.;Spinnaker Specialty Ins Co.;GeoVera Specialty Insurance Co;Florida Farm Bureau Cas Ins Co;Universal North America Ins Co;QBE Specialty Insurance Co.;American Platinum P&C Ins Co.,7953797321.944186,14,36.189312511589605,3817960844.0123816,62667585.72578733,1,0.9811320754716981,17618840626.146797,300194520.0,14225169718.220472,539937478.65,359958319.1,539937478.65,359958319.1,14756421222.152412,18197421222.152412,3441000000.0,1395853723.0,1395853723.0,0.0,True,26805650410.30476,17000000000.0,9805650410.30476,0.6341946470160924,12299190585.705595,4700809414.294405,2491600940.9488487,0.0,14,9464500000.0,9464500000.0,61
gm_then_andrew,baseline,,COMPOSITE,"{""gm_then_andrew"": 0.7429677162249941}",266548625724.76187,198037023717.6371,68511602007.12478,53251319328.12493,93407139028.2775,0.0,39589134480.09972,11789430881.13492,53251319328.12493,93407139028.2775,21365597721.6479,47146004285.47688,14.852499941597696,4.42299443453469,19.97808811931833,35.0431891270487,8.015647300207812,17.687581077292762,39589134480.09972,11789430881.13492,21365597721.6479,29,18,11,Universal P&C Insurance Co.;Florida Family Insurance Co.;First Protective Insurance Co.;Cypress P&C Insurance Co.;Florida Peninsula Insurance Co;Tower Hill Insurance Exchange;Kin Interinsurance Network;Heritage P&C Insurance Co.;Florida Family Home Ins Co.;US Coastal P&C Insurance Co.;TypTap Insurance Co.;Homeowners Choice P&C Ins Co.;Edison Insurance Co.;Safe Harbor Insurance Co.;GeoVera Specialty Insurance Co;Florida Farm Bureau Cas Ins Co;Universal North America Ins Co;Auto Club Insurance Co. of FL;American Platinum P&C Ins Co.;FL Farm Bureau General Ins Co.;Castle Key Insurance Co.;Homesite Insurance Co.;State Farm FL Ins Co;AIG Property Casualty Co.;Foremost P&C Insurance Co.;ASI Preferred Insurance Corp.;ACE Ins Co. of the Midwest;Castle Key Indemnity Co.;First Liberty Insurance Corp.,Universal P&C Insurance Co.;Florida Family Insurance Co.;First Protective Insurance Co.;Cypress P&C Insurance Co.;Florida Peninsula Insurance Co;Tower Hill Insurance Exchange;Kin Interinsurance Network;Heritage P&C Insurance Co.;Florida Family Home Ins Co.;US Coastal P&C Insurance Co.;TypTap Insurance Co.;Homeowners Choice P&C Ins Co.;Edison Insurance Co.;Safe Harbor Insurance Co.;GeoVera Specialty Insurance Co;Florida Farm Bureau Cas Ins Co;Universal North America Ins Co;American Platinum P&C Ins Co.,3210320007.071462,11,35.166819401784345,1837760494.170977,17569086.493571565,1,0.9811320754716981,7307842537.155581,311486220.0,5711450771.708663,539937478.65,359958319.1,539937478.65,359958319.1,17924597721.6479,21365597721.6479,3441000000.0,1395853723.0,1395853723.0,0.0,True,20800670982.74131,16999999999.999998,3800670982.741312,0.8172813278045311,12038397464.648712,4961602535.351286,2124999999.9999998,0.0,13,9464500000.0,9464500000.0,62
gm_then_andrew,baseline,,COMPOSITE,"{""gm_then_andrew"": 0.8670170054516009}",266548625724.76187,231102191283.12262,35446434441.63925,52921119744.7559,48919244222.949684,0.0,98538514410.44623,30723312904.97075,52921119744.7559,48919244222.949684,11127871856.15834,24318562585.48091,36.96830705561285,11.526344516476946,19.85420843977723,18.35284053329305,4.174799935997037,9.123499518842863,98538514410.44623,30723312904.97075,11127871856.15834,38,23,15,Universal P&C Insurance Co.;Florida Family Insurance Co.;First Protective Insurance Co.;Spinnaker Insurance Co.;Cypress P&C Insurance Co.;Florida Peninsula Insurance Co;Tower Hill Insurance Exchange;Kin Interinsurance Network;Unique Insurance Co.;Heritage P&C Insurance Co.;Florida Family Home Ins Co.;US Coastal P&C Insurance Co.;TypTap Insurance Co.;Homeowners Choice P&C Ins Co.;Vault E&S Insurance Co.;Edison Insurance Co.;Safe Harbor Insurance Co.;Spinnaker Specialty Ins Co.;GeoVera Specialty Insurance Co;Florida Farm Bureau Cas Ins Co;Universal North America Ins Co;QBE Specialty Insurance Co.;Auto Club Insurance Co. of FL;American Platinum P&C Ins Co.;Privilege Underwriters Recpl;FL Farm Bureau General Ins Co.;Castle Key Insurance Co.;Chubb Custom Insurance Co.;Homesite Insurance Co.;PURE Specialty Exchange;State Farm FL Ins Co;AIG Property Casualty Co.;Foremost P&C Insurance Co.;ASI Preferred Insurance Corp.;Nationwide P&C Insurance Co.;ACE Ins Co. of the Midwest;Castle Key Indemnity Co.;First Liberty Insurance Corp.,Universal P&C Insurance Co.;Florida Family Insurance Co.;First Protective Insurance Co.;Spinnaker Insurance Co.;Cypress P&C Insurance Co.;Florida Peninsula Insurance Co;Tower Hill Insurance Exchange;Kin Interinsurance Network;Unique Insurance Co.;Heritage P&C Insurance Co.;Florida Family Home Ins Co.;US Coastal P&C Insurance Co.;TypTap Insurance Co.;Homeowners Choice P&C Ins Co.;Vault E&S Insurance Co.;Edison Insurance Co.;Safe Harbor Insurance Co.;Spinnaker Specialty Ins Co.;GeoVera Specialty Insurance Co;Florida Farm Bureau Cas Ins Co;Universal North America Ins Co;QBE Specialty Insurance Co.;American Platinum P&C Ins Co.,13718990571.793642,15,36.189312511589605,8161224306.827788,115022639.63641301,1,0.9811320754716981,32937668211.297993,300194520.0,24356724730.15135,539937478.65,359958319.1,539937478.65,359958319.1,7686871856.15834,11127871856.15834,3441000000.0,1395853723.0,1395853723.0,0.0,True,28937793999.21176,17000000000.000002,11937793999.21176,0.5874670336122741,11780939752.76242,5219060247.237583,2575000000.0,0.0,14,9464500000.0,9464500000.0,63
gm_then_andrew,baseline,,COMPOSITE,"{""gm_then_andrew"": 0.6930773381492258}",266548625724.76184,184738812004.65222,81809813720.10963,42166720922.09651,53122179664.92591,0.0,71042454878.9765,18407456538.653297,42166720922.09651,53122179664.92591,25483025699.266617,56326788020.84302,26.652718499601253,6.9058531022631655,15.819522913480663,19.929639299577513,9.56036656725456,21.131899617822857,71042454878.9765,18407456538.653297,25483025699.266617,36,23,13,Universal P&C Insurance Co.;Florida Family Insurance Co.;First Protective Insurance Co.;Spinnaker Insurance Co.;Cypress P&C Insurance Co.;Florida Peninsula Insurance Co;Tower Hill Insurance Exchange;Kin Interinsurance Network;Unique Insurance Co.;Heritage P&C Insurance Co.;Florida Family Home Ins Co.;US Coastal P&C Insurance Co.;TypTap Insurance Co.;Homeowners Choice P&C Ins Co.;Vault E&S Insurance Co.;Edison Insurance Co.;Safe Harbor Insurance Co.;Spinnaker Specialty Ins Co.;GeoVera Specialty Insurance Co;Florida Farm Bureau Cas Ins Co;Universal North America Ins Co;QBE Specialty Insurance Co.;Auto Club Insurance Co. of FL;American Platinum P&C Ins Co.;FL Farm Bureau General Ins Co.;Castle Key Insurance Co.;Homesite Insurance Co.;PURE Specialty Exchange;State Farm FL Ins Co;AIG Property Casualty Co.;Foremost P&C Insurance Co.;ASI Preferred Insurance Corp.;Nationwide P&C Insurance Co.;ACE Ins Co. of the Midwest;Castle Key Indemnity Co.;First Liberty Insurance Corp.,Universal P&C Insurance Co.;Florida Family Insurance Co.;First Protective Insurance Co.;Spinnaker Insurance Co.;Cypress P&C Insurance Co.;Florida Peninsula Insurance Co;Tower Hill Insurance Exchange;Kin Interinsurance Network;Unique Insurance Co.;Heritage P&C Insurance Co.;Florida Family Home Ins Co.;US Coastal P&C Insurance Co.;TypTap Insurance Co.;Homeowners Choice P&C Ins Co.;Vault E&S Insurance Co.;Edison Insurance Co.;Safe Harbor Insurance Co.;Spinnaker Specialty Ins Co.;GeoVera Specialty Insurance Co;Florida Farm Bureau Cas Ins Co;Universal North America Ins Co;QBE Specialty Insurance Co.;American Platinum P&C Ins Co.,8700399829.695837,13,36.189312511589605,5080342594.421836,71071843.20629822,1,0.9811320754716981,20557486894.637962,300194520.0,11958638758.994692,539937478.65,359958319.1,539937478.65,359958319.1,22042025699.266617,25483025699.266617,3441000000.0,1395853723.0,1395853723.0,0.0,True,28727997898.738,17000000000.0,11727997898.737999,0.5917572139876409,11647488052.639015,5352511947.360988,2569028666.169689,0.0,14,9464500000.0,9464500000.0,64
gm_then_andrew,baseline,,COMPOSITE,"{""gm_then_andrew"": 0.6395447221124206}",266548625724.76187,170469766768.59048,96078858956.17139,12890667422.667402,108306508622.06029,0.0,37727628036.70277,11544962687.160027,12890667422.667402,108306508622.06029,29901045756.166485,66177813200.004906,14.154125887582072,4.331278263306957,4.836141018404014,40.63292704194904,11.217857782933125,24.8276700058248,37727628036.70277,11544962687.160027,29901045756.166485,28,18,10,Universal P&C Insurance Co.;Florida Family Insurance Co.;First Protective Insurance Co.;Cypress P&C Insurance Co.;Florida Peninsula Insurance Co;Tower Hill Insurance Exchange;Kin Interinsurance Network;Heritage P&C Insurance Co.;Florida Family Home Ins Co.;US Coastal P&C Insurance Co.;TypTap Insurance Co.;Homeowners Choice P&C Ins Co.;Edison Insurance Co.;Safe Harbor Insurance Co.;GeoVera Specialty Insurance Co;Florida Farm Bureau Cas Ins Co;Universal North America Ins Co;Auto Club Insurance Co. of FL;American Platinum P&C Ins Co.;FL Farm Bureau General Ins Co.;Castle Key Insurance Co.;Homesite Insurance Co.;State Farm FL Ins Co;AIG Property Casualty Co.;ASI Preferred Insurance Corp.;ACE Ins Co. of the Midwest;Castle Key Indemnity Co.;First Liberty Insurance Corp.,Universal P&C Insurance Co.;Florida Family Insurance Co.;First Protective Insurance Co.;Cypress P&C Insurance Co.;Florida Peninsula Insurance Co;Tower Hill Insurance Exchange;Kin Interinsurance Network;Heritage P&C Insurance Co.;Florida Family Home Ins Co.;US Coastal P&C Insurance Co.;TypTap Insurance Co.;Homeowners Choice P&C Ins Co.;Edison Insurance Co.;Safe Harbor Insurance Co.;GeoVera Specialty Insurance Co;Florida Farm Bureau Cas Ins Co;Universal North America Ins Co;American Platinum P&C Ins Co.,3423611943.9471393,10,35.166819401784345,1986695295.2096114,15848680.397912107,1,0.9811320754716981,6751218637.600093,311486220.0,5900395668.672065,539937478.65,359958319.1,539937478.65,359958319.1,26460045756.166485,29901045756.166485,3441000000.0,1395853723.0,1395853723.0,0.0,False,14810880473.832912,14810880473.832912,0.0,1.0,10288323062.75184,4522557411.081073,2125000000.0,0.0,13,9464500000.0,9464500000.0,65
gm_then_andrew,baseline,,COMPOSITE,"{""gm_then_andrew"": 0.7986506515759634}",266548625724.76184,212879233611.7587,53669392113.00316,33638589000.904858,69465150800.49904,0.0,86140952503.32393,23634541307.03087,33638589000.904858,69465150800.49904,16770112886.038458,36899279226.96471,32.31716249487367,8.866877944978002,12.620057188229538,26.060967529515146,6.291577321188398,13.84335752121525,86140952503.32393,23634541307.03087,16770112886.038458,37,23,14,Universal P&C Insurance Co.;Florida Family Insurance Co.;First Protective Insurance Co.;Spinnaker Insurance Co.;Cypress P&C Insurance Co.;Florida Peninsula Insurance Co;Tower Hill Insurance Exchange;Kin Interinsurance Network;Unique Insurance Co.;Heritage P&C Insurance Co.;Florida Family Home Ins Co.;US Coastal P&C Insurance Co.;TypTap Insurance Co.;Homeowners Choice P&C Ins Co.;Vault E&S Insurance Co.;Edison Insurance Co.;Safe Harbor Insurance Co.;Spinnaker Specialty Ins Co.;GeoVera Specialty Insurance Co;Florida Farm Bureau Cas Ins Co;Universal North America Ins Co;QBE Specialty Insurance Co.;Auto Club Insurance Co. of FL;American Platinum P&C Ins Co.;Privilege Underwriters Recpl;FL Farm Bureau General Ins Co.;Castle Key Insurance Co.;Homesite Insurance Co.;PURE Specialty Exchange;State Farm FL Ins Co;AIG Property Casualty Co.;Foremost P&C Insurance Co.;ASI Preferred Insurance Corp.;Nationwide P&C Insurance Co.;ACE Ins Co. of the Midwest;Castle Key Indemnity Co.;First Liberty Insurance Corp.,Universal P&C Insurance Co.;Florida Family Insurance Co.;First Protective Insurance Co.;Spinnaker Insurance Co.;Cypress P&C Insurance Co.;Florida Peninsula Insurance Co;Tower Hill Insurance Exchange;Kin Interinsurance Network;Unique Insurance Co.;Heritage P&C Insurance Co.;Florida Family Home Ins Co.;US Coastal P&C Insurance Co.;TypTap Insurance Co.;Homeowners Choice P&C Ins Co.;Vault E&S Insurance Co.;Edison Insurance Co.;Safe Harbor Insurance Co.;Spinnaker Specialty Ins Co.;GeoVera Specialty Insurance Co;Florida Farm Bureau Cas Ins Co;Universal North America Ins Co;QBE Specialty Insurance Co.;American Platinum P&C Ins Co.,12499601068.257254,14,36.189312511589605,5629996921.926294,120058614.46243483,1,0.9811320754716981,25047819425.36396,300194520.0,17613062828.286823,539937478.65,359958319.1,539937478.65,359958319.1,13329112886.038458,16770112886.038458,3441000000.0,1395853723.0,1395853723.0,0.0,True,28671007047.87631,17000000000.0,11671007047.876308,0.5929334805579913,12098508023.2576,4901491976.742402,2583796211.6449537,0.0,15,9464500000.0,9464500000.0,66
gm_then_andrew,baseline,,COMPOSITE,"{""gm_then_andrew"": 0.6390378699056607}",266548625724.76184,170334666009.433,96213959715.32881,10584850819.68588,89073533910.07669,0.0,53471443884.67349,17204837394.99699,10584850819.68588,89073533910.07669,29942876015.569653,66271083699.75918,20.06067138379776,6.454671206132089,3.971076868584496,33.41736753205174,11.23355107690132,24.862661932532607,53471443884.67349,17204837394.99699,29942876015.569653,34,21,13,Universal P&C Insurance Co.;Florida Family Insurance Co.;First Protective Insurance Co.;Cypress P&C Insurance Co.;Florida Peninsula Insurance Co;Tower Hill Insurance Exchange;Kin Interinsurance Network;Unique Insurance Co.;Heritage P&C Insurance Co.;Florida Family Home Ins Co.;US Coastal P&C Insurance Co.;TypTap Insurance Co.;Homeowners Choice P&C Ins Co.;Vault E&S Insurance Co.;Edison Insurance Co.;Safe Harbor Insurance Co.;Spinnaker Specialty Ins Co.;GeoVera Specialty Insurance Co;Florida Farm Bureau Cas Ins Co;Universal North America Ins Co;Auto Club Insurance Co. of FL;American Platinum P&C Ins Co.;FL Farm Bureau General Ins Co.;Castle Key Insurance Co.;Homesite Insurance Co.;PURE Specialty Exchange;State Farm FL Ins Co;AIG Property Casualty Co.;Foremost P&C Insurance Co.;ASI Preferred Insurance Corp.;Nationwide P&C Insurance Co.;ACE Ins Co. of the Midwest;Castle Key Indemnity Co.;First Liberty Insurance Corp.,Universal P&C Insurance Co.;Florida Family Insurance Co.;First Protective Insurance Co.;Cypress P&C Insurance Co.;Florida Peninsula Insurance Co;Tower Hill Insurance Exchange;Kin Interinsurance Network;Unique Insurance Co.;Heritage P&C Insurance Co.;Florida Family Home Ins Co.;US Coastal P&C Insurance Co.;TypTap Insurance Co.;Homeowners Choice P&C Ins Co.;Vault E&S Insurance Co.;Edison Insurance Co.;Safe Harbor Insurance Co.;Spinnaker Specialty Ins Co.;GeoVera Specialty Insurance Co;Florida Farm Bureau Cas Ins Co;Universal North America Ins Co;American Platinum P&C Ins Co.,6198076557.214146,13,35.60316172831571,3116224884.0304317,39190342.622656405,1,0.9811320754716981,11929795679.22372,306667560.0,11527956615.870354,539937478.65,359958319.1,539937478.65,359958319.1,26501876015.569653,29942876015.569653,3441000000.0,1395853723.0,1395853723.0,0.0,False,16343784347.794304,16343784347.794304,0.0,1.0,11821226936.713232,4522557411.081073,2289446248.3157463,0.0,14,9464500000.0,9464500000.0,67
gm_then_andrew,baseline,,COMPOSITE,"{""gm_then_andrew"": 0.8010975107462335}",266548625724.76187,213531440560.93622,53017185163.825645,29585712229.439255,109672711745.8652,0.0,56783090687.14563,17489925898.486115,29585712229.439255,109672711745.8652,16568174821.154236,36449010342.67142,21.30308889522464,6.561626739184997,11.099555343417702,41.145480096796014,6.21581701128804,13.674431914088602,56783090687.14563,17489925898.486115,16568174821.154236,34,22,12,Universal P&C Insurance Co.;Florida Family Insurance Co.;First Protective Insurance Co.;Cypress P&C Insurance Co.;Florida Peninsula Insurance Co;Tower Hill Insurance Exchange;Kin Interinsurance Network;Unique Insurance Co.;Heritage P&C Insurance Co.;Florida Family Home Ins Co.;US Coastal P&C Insurance Co.;TypTap Insurance Co.;Homeowners Choice P&C Ins Co.;Vault E&S Insurance Co.;Edison Insurance Co.;Safe Harbor Insurance Co.;Spinnaker Specialty Ins Co.;GeoVera Specialty Insurance Co;Florida Farm Bureau Cas Ins Co;Universal North America Ins Co;QBE Specialty Insurance Co.;Auto Club Insurance Co. of FL;American Platinum P&C Ins Co.;FL Farm Bureau General Ins Co.;Castle Key Insurance Co.;Homesite Insurance Co.;State Farm FL Ins Co;AIG Property Casualty Co.;Foremost P&C Insurance Co.;ASI Preferred Insurance Corp.;Nationwide P&C Insurance Co.;ACE Ins Co. of the Midwest;Castle Key Indemnity Co.;First Liberty Insurance Corp.,Universal P&C Insurance Co.;Florida Family Insurance Co.;First Protective Insurance Co.;Cypress P&C Insurance Co.;Florida Peninsula Insurance Co;Tower Hill Insurance Exchange;Kin Interinsurance Network;Unique Insurance Co.;Heritage P&C Insurance Co.;Florida Family Home Ins Co.;US Coastal P&C Insurance Co.;TypTap Insurance Co.;Homeowners Choice P&C Ins Co.;Vault E&S Insurance Co.;Edison Insurance Co.;Safe Harbor Insurance Co.;Spinnaker Specialty Ins Co.;GeoVera Specialty Insurance Co;Florida Farm Bureau Cas Ins Co;Universal North America Ins Co;QBE Specialty Insurance Co.;American Platinum P&C Ins Co.,5824361564.654108,12,35.89838321723671,3421264252.244808,46828281.07287808,1,0.9811320754716981,13374987943.299362,303407340.0,12394487419.352383,539937478.65,359958319.1,539937478.65,359958319.1,13127174821.154236,16568174821.154236,3441000000.0,1395853723.0,1395853723.0,0.0,True,21261499868.53341,17000000000.0,4261499868.533409,0.7995672979383575,13062380060.884035,3937619939.115967,2298112498.0574126,0.0,14,9464500000.0,9464500000.0,68
gm_then_andrew,baseline,,COMPOSITE,"{""gm_then_andrew"": 0.8800071143696176}",266548625724.76184,234564686963.23492,31983938761.52692,46909796626.79132,128969982929.86517,0.0,45924105050.791985,12760802355.786469,46909796626.79132,128969982929.86517,10055804656.945541,21928134104.581375,17.22916594520852,4.787420051815714,17.598963978613938,48.38516146132361,3.7725966996090112,8.226691863429215,45924105050.791985,12760802355.786469,10055804656.945541,30,18,12,Universal P&C Insurance Co.;Florida Family Insurance Co.;First Protective Insurance Co.;Cypress P&C Insurance Co.;Florida Peninsula Insurance Co;Tower Hill Insurance Exchange;Kin Interinsurance Network;Heritage P&C Insurance Co.;Florida Family Home Ins Co.;US Coastal P&C Insurance Co.;TypTap Insurance Co.;Homeowners Choice P&C Ins Co.;Edison Insurance Co.;Safe Harbor Insurance Co.;GeoVera Specialty Insurance Co;Florida Farm Bureau Cas Ins Co;Universal North America Ins Co;Auto Club Insurance Co. of FL;American Platinum P&C Ins Co.;FL Farm Bureau General Ins Co.;Castle Key Insurance Co.;Homesite Insurance Co.;State Farm FL Ins Co;AIG Property Casualty Co.;Foremost P&C Insurance Co.;ASI Preferred Insurance Corp.;Nationwide P&C Insurance Co.;ACE Ins Co. of the Midwest;Castle Key Indemnity Co.;First Liberty Insurance Corp.,Universal P&C Insurance Co.;Florida Family Insurance Co.;First Protective Insurance Co.;Cypress P&C Insurance Co.;Florida Peninsula Insurance Co;Tower Hill Insurance Exchange;Kin Interinsurance Network;Heritage P&C Insurance Co.;Florida Family Home Ins Co.;US Coastal P&C Insurance Co.;TypTap Insurance Co.;Homeowners Choice P&C Ins Co.;Edison Insurance Co.;Safe Harbor Insurance Co.;GeoVera Specialty Insurance Co;Florida Farm Bureau Cas Ins Co;Universal North America Ins Co;American Platinum P&C Ins Co.,4859176708.159041,12,35.166819401784345,2675408878.436492,27195878.127599888,1,0.9811320754716981,9635397782.04591,311486220.0,7123263243.78371,539937478.65,359958319.1,539937478.65,359958319.1,6614804656.945541,10055804656.945541,3441000000.0,1395853723.0,1395853723.0,0.0,False,16935602327.477188,16935602327.477188,0.0,1.0,12413044916.396114,4522557411.081073,2125000000.0000002,0.0,13,9464500000.0,9464500000.0,69
gm_then_andrew,baseline,,COMPOSITE,"{""gm_then_andrew"": 0.7894821917856454}",266548625724.7619,210435393254.63672,56113232470.125175,60492696896.054016,106649138243.97054,0.0,34548942907.711845,8744615206.900318,60492696896.054016,106649138243.97054,17526781292.018387,38586451178.10679,12.961591084467672,3.2806829084648923,22.694807272620785,40.011137913011204,6.575453632282667,14.47632718915278,34548942907.711845,8744615206.900318,17526781292.018387,27,17,10,Universal P&C Insurance Co.;Florida Family Insurance Co.;First Protective Insurance Co.;Cypress P&C Insurance Co.;Florida Peninsula Insurance Co;Tower Hill Insurance Exchange;Kin Interinsurance Network;Heritage P&C Insurance Co.;Florida Family Home Ins Co.;US Coastal P&C Insurance Co.;TypTap Insurance Co.;Homeowners Choice P&C Ins Co.;Edison Insurance Co.;Safe Harbor Insurance Co.;GeoVera Specialty Insurance Co;Universal North America Ins Co;Auto Club Insurance Co. of FL;American Platinum P&C Ins Co.;FL Farm Bureau General Ins Co.;Homesite Insurance Co.;State Farm FL Ins Co;AIG Property Casualty Co.;Foremost P&C Insurance Co.;ASI Preferred Insurance Corp.;ACE Ins Co. of the Midwest;Castle Key Indemnity Co.;First Liberty Insurance Corp.,Universal P&C Insurance Co.;Florida Family Insurance Co.;First Protective Insurance Co.;Cypress P&C Insurance Co.;Florida Peninsula Insurance Co;Tower Hill Insurance Exchange;Kin Interinsurance Network;Heritage P&C Insurance Co.;Florida Family Home Ins Co.;US Coastal P&C Insurance Co.;TypTap Insurance Co.;Homeowners Choice P&C Ins Co.;Edison Insurance Co.;Safe Harbor Insurance Co.;GeoVera Specialty Insurance Co;Universal North America Ins Co;American Platinum P&C Ins Co.,2482012047.179777,10,34.45361965929429,1731697188.440594,8392415.303941943,1,0.9811320754716981,6225522242.090649,319362300.0,4487255266.305201,539937478.65,359958319.1,539937478.65,359958319.1,14085781292.018387,17526781292.018387,3441000000.0,1395853723.0,1395853723.0,0.0,False,13516942457.955536,13516942457.955536,0.0,1.0,10364172892.194756,3152769565.7607813,2124999999.9999998,0.0,13,9464500000.0,9464500000.0,70
gm_then_andrew,baseline,,COMPOSITE,"{""gm_then_andrew"": 0.7039592684911667}",266548625724.76184,187639375582.52917,78909250142.23267,47759081149.78511,93011363773.57288,0.0,39357582934.88197,7511347724.289234,47759081149.78511,93011363773.57288,24584945424.702263,54324304717.53041,14.765629658703483,2.81800279549948,17.917586714215943,34.89470768069779,9.223437321372154,20.38063582951116,39357582934.88197,7511347724.289234,24584945424.702263,29,18,11,Universal P&C Insurance Co.;Florida Family Insurance Co.;First Protective Insurance Co.;Cypress P&C Insurance Co.;Florida Peninsula Insurance Co;Tower Hill Insurance Exchange;Kin Interinsurance Network;Heritage P&C Insurance Co.;Florida Family Home Ins Co.;US Coastal P&C Insurance Co.;TypTap Insurance Co.;Homeowners Choice P&C Ins Co.;Edison Insurance Co.;Safe Harbor Insurance Co.;GeoVera Specialty Insurance Co;Florida Farm Bureau Cas Ins Co;Universal North America Ins Co;Auto Club Insurance Co. of FL;American Platinum P&C Ins Co.;FL Farm Bureau General Ins Co.;Castle Key Insurance Co.;Homesite Insurance Co.;State Farm FL Ins Co;AIG Property Casualty Co.;Foremost P&C Insurance Co.;ASI Preferred Insurance Corp.;ACE Ins Co. of the Midwest;Castle Key Indemnity Co.;First Liberty Insurance Corp.,Universal P&C Insurance Co.;Florida Family Insurance Co.;First Protective Insurance Co.;Cypress P&C Insurance Co.;Florida Peninsula Insurance Co;Tower Hill Insurance Exchange;Kin Interinsurance Network;Heritage P&C Insurance Co.;Florida Family Home Ins Co.;US Coastal P&C Insurance Co.;TypTap Insurance Co.;Homeowners Choice P&C Ins Co.;Edison Insurance Co.;Safe Harbor Insurance Co.;GeoVera Specialty Insurance Co;Florida Farm Bureau Cas Ins Co;Universal North America Ins Co;American Platinum P&C Ins Co.,3227145765.0666823,11,35.166819401784345,2009059119.1663222,11331608.624458916,1,0.9811320754716981,6529073787.055028,311486220.0,4598392680.893686,539937478.65,359958319.1,539937478.65,359958319.1,21143945424.702263,24584945424.702263,3441000000.0,1395853723.0,1395853723.0,0.0,False,14589158929.99897,14589158929.99897,0.0,1.0,12768250319.303923,1820908610.6950476,2125000000.0,0.0,13,9464500000.0,9464500000.0,71
gm_then_andrew,baseline,,COMPOSITE,"{""gm_then_andrew"": 0.8052299534993672}",266548625724.76187,214632937497.6703,51915688227.09159,46473581374.978294,85022892042.50172,0.0,64862973642.706314,18273490437.48396,46473581374.978294,85022892042.50172,16227126385.285095,35688561841.806496,24.33438681829252,6.8555935667637495,17.43531081753425,31.89770414734622,6.087867210405815,13.389137439657448,64862973642.706314,18273490437.48396,16227126385.285095,36,22,14,Universal P&C Insurance Co.;Florida Family Insurance Co.;First Protective Insurance Co.;Cypress P&C Insurance Co.;Florida Peninsula Insurance Co;Tower Hill Insurance Exchange;Kin Interinsurance Network;Unique Insurance Co.;Heritage P&C Insurance Co.;Florida Family Home Ins Co.;US Coastal P&C Insurance Co.;TypTap Insurance Co.;Homeowners Choice P&C Ins Co.;Vault E&S Insurance Co.;Edison Insurance Co.;Safe Harbor Insurance Co.;Spinnaker Specialty Ins Co.;GeoVera Specialty Insurance Co;Florida Farm Bureau Cas Ins Co;Universal North America Ins Co;QBE Specialty Insurance Co.;Auto Club Insurance Co. of FL;American Platinum P&C Ins Co.;Privilege Underwriters Recpl;FL Farm Bureau General Ins Co.;Castle Key Insurance Co.;Homesite Insurance Co.;PURE Specialty Exchange;State Farm FL Ins Co;AIG Property Casualty Co.;Foremost P&C Insurance Co.;ASI Preferred Insurance Corp.;Nationwide P&C Insurance Co.;ACE Ins Co. of the Midwest;Castle Key Indemnity Co.;First Liberty Insurance Corp.,Universal P&C Insurance Co.;Florida Family Insurance Co.;First Protective Insurance Co.;Cypress P&C Insurance Co.;Florida Peninsula Insurance Co;Tower Hill Insurance Exchange;Kin Interinsurance Network;Unique Insurance Co.;Heritage P&C Insurance Co.;Florida Family Home Ins Co.;US Coastal P&C Insurance Co.;TypTap Insurance Co.;Homeowners Choice P&C Ins Co.;Vault E&S Insurance Co.;Edison Insurance Co.;Safe Harbor Insurance Co.;Spinnaker Specialty Ins Co.;GeoVera Specialty Insurance Co;Florida Farm Bureau Cas Ins Co;Universal North America Ins Co;QBE Specialty Insurance Co.;American Platinum P&C Ins Co.,8148423855.644379,14,35.89838321723671,3630814890.7211537,63724579.914431855,1,0.9811320754716981,17409131910.906918,303407340.0,12636383014.841139,539937478.65,359958319.1,539937478.65,359958319.1,12786126385.285095,16227126385.285095,3441000000.0,1395853723.0,1395853723.0,0.0,True,23696797054.885197,17000000000.0,6696797054.885197,0.7173965308740059,12489619212.330462,4510380787.669533,2408044479.004404,0.0,14,9464500000.0,9464500000.0,72
gm_then_andrew,baseline,,COMPOSITE,"{""gm_then_andrew"": 0.8273791402584624}",266548625724.76187,220536772789.2282,46011852935.53367,21811829711.11067,108053252468.09412,0.0,71554198623.06555,19117491986.957867,21811829711.11067,108053252468.09412,14399165067.675938,31612687867.85774,26.844707388194312,7.172234309959862,8.1830584013716,40.53791392632049,5.402078149352199,11.860007824801544,71554198623.06555,19117491986.957867,14399165067.675938,38,23,15,Universal P&C Insurance Co.;Florida Family Insurance Co.;First Protective Insurance Co.;Spinnaker Insurance Co.;Cypress P&C Insurance Co.;Florida Peninsula Insurance Co;Tower Hill Insurance Exchange;Kin Interinsurance Network;Unique Insurance Co.;Heritage P&C Insurance Co.;Florida Family Home Ins Co.;US Coastal P&C Insurance Co.;TypTap Insurance Co.;Homeowners Choice P&C Ins Co.;Vault E&S Insurance Co.;Edison Insurance Co.;Safe Harbor Insurance Co.;Spinnaker Specialty Ins Co.;GeoVera Specialty Insurance Co;Florida Farm Bureau Cas Ins Co;Universal North America Ins Co;QBE Specialty Insurance Co.;Auto Club Insurance Co. of FL;American Platinum P&C Ins Co.;Privilege Underwriters Recpl;FL Farm Bureau General Ins Co.;Castle Key Insurance Co.;Chubb Custom Insurance Co.;Homesite Insurance Co.;PURE Specialty Exchange;State Farm FL Ins Co;AIG Property Casualty Co.;Foremost P&C Insurance Co.;ASI Preferred Insurance Corp.;Nationwide P&C Insurance Co.;ACE Ins Co. of the Midwest;Castle Key Indemnity Co.;First Liberty Insurance Corp.,Universal P&C Insurance Co.;Florida Family Insurance Co.;First Protective Insurance Co.;Spinnaker Insurance Co.;Cypress P&C Insurance Co.;Florida Peninsula Insurance Co;Tower Hill Insurance Exchange;Kin Interinsurance Network;Unique Insurance Co.;Heritage P&C Insurance Co.;Florida Family Home Ins Co.;US Coastal P&C Insurance Co.;TypTap Insurance Co.;Homeowners Choice P&C Ins Co.;Vault E&S Insurance Co.;Edison Insurance Co.;Safe Harbor Insurance Co.;Spinnaker Specialty Ins Co.;GeoVera Specialty Insurance Co;Florida Farm Bureau Cas Ins Co;Universal North America Ins Co;QBE Specialty Insurance Co.;American Platinum P&C Ins Co.,9712563187.20865,15,36.189312511589605,4738084145.970377,52029491.992537916,1,0.9811320754716981,18895589547.023212,300194520.0,13342592581.780916,539937478.65,359958319.1,539937478.65,359958319.1,10958165067.675938,14399165067.675938,3441000000.0,1395853723.0,1395853723.0,0.0,True,26454816189.6382,17000000000.0,9454816189.638199,0.6426051074457492,12338883837.233158,4661116162.766838,2569320866.44748,0.0,14,9464500000.0,9464500000.0,73
gm_then_andrew,baseline,,COMPOSITE,"{""gm_then_andrew"": 0.7126858997854592}",266548625724.76184,189965447161.22952,76583178563.53232,27653538897.007133,64561340419.67899,0.0,74187543730.68849,23563024113.854916,27653538897.007133,64561340419.67899,23864740903.764095,52718437659.76824,27.83264911944981,8.840047120777918,10.374669470463594,24.22122426785462,8.95324102267435,19.778168998779723,74187543730.68849,23563024113.854916,23864740903.764095,37,23,14,Universal P&C Insurance Co.;Florida Family Insurance Co.;First Protective Insurance Co.;Spinnaker Insurance Co.;Cypress P&C Insurance Co.;Florida Peninsula Insurance Co;Tower Hill Insurance Exchange;Kin Interinsurance Network;Unique Insurance Co.;Heritage P&C Insurance Co.;Florida Family Home Ins Co.;US Coastal P&C Insurance Co.;TypTap Insurance Co.;Homeowners Choice P&C Ins Co.;Vault E&S Insurance Co.;Edison Insurance Co.;Safe Harbor Insurance Co.;Spinnaker Specialty Ins Co.;GeoVera Specialty Insurance Co;Florida Farm Bureau Cas Ins Co;Universal North America Ins Co;QBE Specialty Insurance Co.;Auto Club Insurance Co. of FL;American Platinum P&C Ins Co.;FL Farm Bureau General Ins Co.;Castle Key Insurance Co.;Chubb Custom Insurance Co.;Homesite Insurance Co.;PURE Specialty Exchange;State Farm FL Ins Co;AIG Property Casualty Co.;Foremost P&C Insurance Co.;ASI Preferred Insurance Corp.;Nationwide P&C Insurance Co.;ACE Ins Co. of the Midwest;Castle Key Indemnity Co.;First Liberty Insurance Corp.,Universal P&C Insurance Co.;Florida Family Insurance Co.;First Protective Insurance Co.;Spinnaker Insurance Co.;Cypress P&C Insurance Co.;Florida Peninsula Insurance Co;Tower Hill Insurance Exchange;Kin Interinsurance Network;Unique Insurance Co.;Heritage P&C Insurance Co.;Florida Family Home Ins Co.;US Coastal P&C Insurance Co.;TypTap Insurance Co.;Homeowners Choice P&C Ins Co.;Vault E&S Insurance Co.;Edison Insurance Co.;Safe Harbor Insurance Co.;Spinnaker Specialty Ins Co.;GeoVera Specialty Insurance Co;Florida Farm Bureau Cas Ins Co;Universal North America Ins Co;QBE Specialty Insurance Co.;American Platinum P&C Ins Co.,9683699458.47958,14,36.189312511589605,4731986459.224019,73264374.20536502,1,0.9811320754716981,20296266775.01718,300194520.0,18400196821.32594,539937478.65,359958319.1,539937478.65,359958319.1,20423740903.764095,23864740903.764095,3441000000.0,1395853723.0,1395853723.0,0.0,True,22163663530.96463,16999999999.999998,5163663530.964632,0.7670212091177738,13001152750.71431,3998847249.2856884,2177198535.1611695,0.0,14,9464500000.0,9464500000.0,74
gm_then_andrew,baseline,,COMPOSITE,"{""gm_then_andrew"": 0.7997835796947829}",266548625724.76187,213181214044.87497,53367411679.886894,69684980119.28818,78214066794.10657,0.0,48931993294.593,16350173836.88721,69684980119.28818,78214066794.10657,16676612894.397305,36690798785.489586,18.357623552379586,6.134030439072832,26.14344003080507,29.343263947220805,6.256499296911618,13.76514273361008,48931993294.593,16350173836.88721,16676612894.397305,33,20,13,Universal P&C Insurance Co.;Florida Family Insurance Co.;First Protective Insurance Co.;Cypress P&C Insurance Co.;Florida Peninsula Insurance Co;Tower Hill Insurance Exchange;Kin Interinsurance Network;Heritage P&C Insurance Co.;Florida Family Home Ins Co.;US Coastal P&C Insurance Co.;TypTap Insurance Co.;Homeowners Choice P&C Ins Co.;Vault E&S Insurance Co.;Edison Insurance Co.;Safe Harbor Insurance Co.;GeoVera Specialty Insurance Co;Florida Farm Bureau Cas Ins Co;Universal North America Ins Co;QBE Specialty Insurance Co.;Auto Club Insurance Co. of FL;American Platinum P&C Ins Co.;FL Farm Bureau General Ins Co.;Castle Key Insurance Co.;Homesite Insurance Co.;PURE Specialty Exchange;State Farm FL Ins Co;AIG Property Casualty Co.;Foremost P&C Insurance Co.;ASI Preferred Insurance Corp.;Nationwide P&C Insurance Co.;ACE Ins Co. of the Midwest;Castle Key Indemnity Co.;First Liberty Insurance Corp.,Universal P&C Insurance Co.;Florida Family Insurance Co.;First Protective Insurance Co.;Cypress P&C Insurance Co.;Florida Peninsula Insurance Co;Tower Hill Insurance Exchange;Kin Interinsurance Network;Heritage P&C Insurance Co.;Florida Family Home Ins Co.;US Coastal P&C Insurance Co.;TypTap Insurance Co.;Homeowners Choice P&C Ins Co.;Vault E&S Insurance Co.;Edison Insurance Co.;Safe Harbor Insurance Co.;GeoVera Specialty Insurance Co;Florida Farm Bureau Cas Ins Co;Universal North America Ins Co;QBE Specialty Insurance Co.;American Platinum P&C Ins Co.,5421916169.263559,13,35.71378625186174,2155727233.785605,33800936.815795004,1,0.9811320754716981,9767344971.24303,305445900.0,11032102802.832298,539937478.65,359958319.1,539937478.65,359958319.1,13235612894.397305,16676612894.397305,3441000000.0,1395853723.0,1395853723.0,0.0,True,19673013606.99104,17000000000.0,2673013606.9910393,0.864127903310088,12857418771.454884,4142581228.5451174,2290634829.0377884,0.0,14,9464500000.0,9464500000.0,75
gm_then_andrew,baseline,,COMPOSITE,"{""gm_then_andrew"": 0.8619969746909185}",266548625724.76187,229764108982.76672,36784516741.99515,54901086287.32309,103900520610.21567,0.0,54265220042.43822,16697282042.789757,54901086287.32309,103900520610.21567,11542172486.856087,25242344255.139065,20.358469264243173,6.264253660055022,20.59702470348279,38.97994984131089,4.330231474828362,9.470071056079767,54265220042.43822,16697282042.789757,11542172486.856087,34,21,13,Universal P&C Insurance Co.;Florida Family Insurance Co.;First Protective Insurance Co.;Cypress P&C Insurance Co.;Florida Peninsula Insurance Co;Tower Hill Insurance Exchange;Kin Interinsurance Network;Unique Insurance Co.;Heritage P&C Insurance Co.;Florida Family Home Ins Co.;US Coastal P&C Insurance Co.;TypTap Insurance Co.;Homeowners Choice P&C Ins Co.;Vault E&S Insurance Co.;Edison Insurance Co.;Safe Harbor Insurance Co.;GeoVera Specialty Insurance Co;Florida Farm Bureau Cas Ins Co;Universal North America Ins Co;QBE Specialty Insurance Co.;Auto Club Insurance Co. of FL;American Platinum P&C Ins Co.;FL Farm Bureau General Ins Co.;Castle Key Insurance Co.;Homesite Insurance Co.;PURE Specialty Exchange;State Farm FL Ins Co;AIG Property Casualty Co.;Foremost P&C Insurance Co.;ASI Preferred Insurance Corp.;Nationwide P&C Insurance Co.;ACE Ins Co. of the Midwest;Castle Key Indemnity Co.;First Liberty Insurance Corp.,Universal P&C Insurance Co.;Florida Family Insurance Co.;First Protective Insurance Co.;Cypress P&C Insurance Co.;Florida Peninsula Insurance Co;Tower Hill Insurance Exchange;Kin Interinsurance Network;Unique Insurance Co.;Heritage P&C Insurance Co.;Florida Family Home Ins Co.;US Coastal P&C Insurance Co.;TypTap Insurance Co.;Homeowners Choice P&C Ins Co.;Vault E&S Insurance Co.;Edison Insurance Co.;Safe Harbor Insurance Co.;GeoVera Specialty Insurance Co;Florida Farm Bureau Cas Ins Co;Universal North America Ins Co;QBE Specialty Insurance Co.;American Platinum P&C Ins Co.,5417146511.700019,13,35.80938809441937,3665814539.467958,23777711.755865112,1,0.9811320754716981,12839067322.494,304390140.0,11532555886.180178,539937478.65,359958319.1,539937478.65,359958319.1,8101172486.856087,11542172486.856087,3441000000.0,1395853723.0,1395853723.0,0.0,True,19602570119.71594,17000000000.0,2602570119.7159386,0.8672332197348798,12991472479.119217,4008527520.8807817,2347776955.925105,0.0,14,9464500000.0,9464500000.0,76
gm_then_andrew,baseline,,COMPOSITE,"{""gm_then_andrew"": 0.8169461583423562}",266548625724.76187,217755875797.27878,48792749927.48309,20953511976.309185,73867877844.95796,0.0,92472246144.46718,30462239831.544445,20953511976.309185,73867877844.95796,15260193852.94847,33532556074.534626,34.69244903928112,11.428398757906093,7.861046711209002,27.71272132583941,5.725106933661758,12.580277232102613,92472246144.46718,30462239831.544445,15260193852.94847,37,22,15,Universal P&C Insurance Co.;Florida Family Insurance Co.;First Protective Insurance Co.;Cypress P&C Insurance Co.;Florida Peninsula Insurance Co;Tower Hill Insurance Exchange;Kin Interinsurance Network;Unique Insurance Co.;Heritage P&C Insurance Co.;Florida Family Home Ins Co.;US Coastal P&C Insurance Co.;TypTap Insurance Co.;Homeowners Choice P&C Ins Co.;Vault E&S Insurance Co.;Edison Insurance Co.;Safe Harbor Insurance Co.;Spinnaker Specialty Ins Co.;GeoVera Specialty Insurance Co;Florida Farm Bureau Cas Ins Co;Universal North America Ins Co;QBE Specialty Insurance Co.;Auto Club Insurance Co. of FL;American Platinum P&C Ins Co.;Privilege Underwriters Recpl;FL Farm Bureau General Ins Co.;Castle Key Insurance Co.;Chubb Custom Insurance Co.;Homesite Insurance Co.;PURE Specialty Exchange;State Farm FL Ins Co;AIG Property Casualty Co.;Foremost P&C Insurance Co.;ASI Preferred Insurance Corp.;Nationwide P&C Insurance Co.;ACE Ins Co. of the Midwest;Castle Key Indemnity Co.;First Liberty Insurance Corp.,Universal P&C Insurance Co.;Florida Family Insurance Co.;First Protective Insurance Co.;Cypress P&C Insurance Co.;Florida Peninsula Insurance Co;Tower Hill Insurance Exchange;Kin Interinsurance Network;Unique Insurance Co.;Heritage P&C Insurance Co.;Florida Family Home Ins Co.;US Coastal P&C Insurance Co.;TypTap Insurance Co.;Homeowners Choice P&C Ins Co.;Vault E&S Insurance Co.;Edison Insurance Co.;Safe Harbor Insurance Co.;Spinnaker Specialty Ins Co.;GeoVera Specialty Insurance Co;Florida Farm Bureau Cas Ins Co;Universal North America Ins Co;QBE Specialty Insurance Co.;American Platinum P&C Ins Co.,12501900653.094511,15,35.89838321723671,7136851617.125534,121336439.70204389,1,0.9811320754716981,29795893099.14264,303407340.0,24524763772.26167,539937478.65,359958319.1,539937478.65,359958319.1,11819193852.94847,15260193852.94847,3441000000.0,1395853723.0,1395853723.0,0.0,True,23297779812.755737,17000000000.0,6297779812.755737,0.7296832632392015,12226743404.832027,4773256595.167971,2575000000.0,0.0,14,9464500000.0,9464500000.0,77
gm_then_andrew,baseline,,COMPOSITE,"{""gm_then_andrew"": 0.9314388261638364}",266548625724.76184,248273739060.65598,18274886664.105858,42319566811.500534,109447400973.85005,0.0,65935585812.56196,30571185462.743454,42319566811.500534,109447400973.85005,5811171177.585449,12463715486.520409,24.736794509174118,11.469271462052582,15.876865504907808,41.06095114024916,2.18015424457152,4.675963139044822,65935585812.56196,30571185462.743454,5811171177.585449,35,22,13,Universal P&C Insurance Co.;Florida Family Insurance Co.;First Protective Insurance Co.;Cypress P&C Insurance Co.;Florida Peninsula Insurance Co;Tower Hill Insurance Exchange;Kin Interinsurance Network;Unique Insurance Co.;Heritage P&C Insurance Co.;Florida Family Home Ins Co.;US Coastal P&C Insurance Co.;TypTap Insurance Co.;Homeowners Choice P&C Ins Co.;Vault E&S Insurance Co.;Edison Insurance Co.;Safe Harbor Insurance Co.;Spinnaker Specialty Ins Co.;GeoVera Specialty Insurance Co;Florida Farm Bureau Cas Ins Co;Universal North America Ins Co;QBE Specialty Insurance Co.;Auto Club Insurance Co. of FL;American Platinum P&C Ins Co.;FL Farm Bureau General Ins Co.;Castle Key Insurance Co.;Homesite Insurance Co.;PURE Specialty Exchange;State Farm FL Ins Co;AIG Property Casualty Co.;Foremost P&C Insurance Co.;ASI Preferred Insurance Corp.;Nationwide P&C Insurance Co.;ACE Ins Co. of the Midwest;Castle Key Indemnity Co.;First Liberty Insurance Corp.,Universal P&C Insurance Co.;Florida Family Insurance Co.;First Protective Insurance Co.;Cypress P&C Insurance Co.;Florida Peninsula Insurance Co;Tower Hill Insurance Exchange;Kin Interinsurance Network;Unique Insurance Co.;Heritage P&C Insurance Co.;Florida Family Home Ins Co.;US Coastal P&C Insurance Co.;TypTap Insurance Co.;Homeowners Choice P&C Ins Co.;Vault E&S Insurance Co.;Edison Insurance Co.;Safe Harbor Insurance Co.;Spinnaker Specialty Ins Co.;GeoVera Specialty Insurance Co;Florida Farm Bureau Cas Ins Co;Universal North America Ins Co;QBE Specialty Insurance Co.;American Platinum P&C Ins Co.,8584922450.386827,13,35.89838321723671,3952820884.3964815,71619725.6104135,1,0.9811320754716981,17506357810.053356,303407340.0,24081570528.688286,539937478.65,359958319.1,539937478.65,359958319.1,2370171177.585449,5811171177.585449,3441000000.0,1395853723.0,1395853723.0,0.0,True,27264242715.430344,17000000000.0,10264242715.430344,0.6235273129511409,11757525437.183067,5242474562.816936,2575000000.0,0.0,14,9464500000.0,9464500000.0,78
gm_then_andrew,baseline,,COMPOSITE,"{""gm_then_andrew"": 0.6449065505918625}",266548625724.7619,171898954781.15762,94649670943.60428,27140447627.528023,105094717473.93578,0.0,33264768441.398552,6399021238.295223,27140447627.528023,105094717473.93578,29458536730.49988,65191134213.104385,12.479812398563162,2.4006956407656936,10.18217503606762,39.427971983789774,11.05184341146023,24.457501529353504,33264768441.398552,6399021238.295223,29458536730.49988,27,17,10,Universal P&C Insurance Co.;Florida Family Insurance Co.;First Protective Insurance Co.;Cypress P&C Insurance Co.;Florida Peninsula Insurance Co;Tower Hill Insurance Exchange;Kin Interinsurance Network;Heritage P&C Insurance Co.;Florida Family Home Ins Co.;US Coastal P&C Insurance Co.;TypTap Insurance Co.;Homeowners Choice P&C Ins Co.;Edison Insurance Co.;Safe Harbor Insurance Co.;GeoVera Specialty Insurance Co;Universal North America Ins Co;Auto Club Insurance Co. of FL;American Platinum P&C Ins Co.;FL Farm Bureau General Ins Co.;Homesite Insurance Co.;State Farm FL Ins Co;AIG Property Casualty Co.;Foremost P&C Insurance Co.;ASI Preferred Insurance Corp.;ACE Ins Co. of the Midwest;Castle Key Indemnity Co.;First Liberty Insurance Corp.,Universal P&C Insurance Co.;Florida Family Insurance Co.;First Protective Insurance Co.;Cypress P&C Insurance Co.;Florida Peninsula Insurance Co;Tower Hill Insurance Exchange;Kin Interinsurance Network;Heritage P&C Insurance Co.;Florida Family Home Ins Co.;US Coastal P&C Insurance Co.;TypTap Insurance Co.;Homeowners Choice P&C Ins Co.;Edison Insurance Co.;Safe Harbor Insurance Co.;GeoVera Specialty Insurance Co;Universal North America Ins Co;American Platinum P&C Ins Co.,2470073315.58831,10,34.45361965929429,1825295514.8107715,11862734.796171091,1,0.9811320754716981,6540244540.883988,319362300.0,4747810873.855659,539937478.65,359958319.1,539937478.65,359958319.1,26017536730.49988,29458536730.49988,3441000000.0,1395853723.0,1395853723.0,0.0,False,9281114203.518429,9281114203.518429,0.0,1.0,8739954570.510391,541159633.0080374,2125000000.0,0.0,13,9464500000.0,9464500000.0,79
gm_then_andrew,baseline,,COMPOSITE,"{""gm_then_andrew"": 0.6818478180759743}",266548625724.76187,181745598861.57843,84803026863.18344,41042527959.23511,76913817726.04665,0.0,46171631710.519806,17617621465.776867,41042527959.23511,76913817726.04665,26409792380.702003,58393234482.48143,17.32202954900868,6.609533783141251,15.397763859272576,28.855454616174935,9.90805797962461,21.907160212777946,46171631710.519806,17617621465.776867,26409792380.702003,29,19,10,Universal P&C Insurance Co.;Florida Family Insurance Co.;First Protective Insurance Co.;Cypress P&C Insurance Co.;Florida Peninsula Insurance Co;Tower Hill Insurance Exchange;Kin Interinsurance Network;Unique Insurance Co.;Heritage P&C Insurance Co.;Florida Family Home Ins Co.;US Coastal P&C Insurance Co.;TypTap Insurance Co.;Homeowners Choice P&C Ins Co.;Edison Insurance Co.;Safe Harbor Insurance Co.;GeoVera Specialty Insurance Co;Florida Farm Bureau Cas Ins Co;Universal North America Ins Co;Auto Club Insurance Co. of FL;American Platinum P&C Ins Co.;FL Farm Bureau General Ins Co.;Homesite Insurance Co.;State Farm FL Ins Co;AIG Property Casualty Co.;ASI Preferred Insurance Corp.;Nationwide P&C Insurance Co.;ACE Ins Co. of the Midwest;Castle Key Indemnity Co.;First Liberty Insurance Corp.,Universal P&C Insurance Co.;Florida Family Insurance Co.;First Protective Insurance Co.;Cypress P&C Insurance Co.;Florida Peninsula Insurance Co;Tower Hill Insurance Exchange;Kin Interinsurance Network;Unique Insurance Co.;Heritage P&C Insurance Co.;Florida Family Home Ins Co.;US Coastal P&C Insurance Co.;TypTap Insurance Co.;Homeowners Choice P&C Ins Co.;Edison Insurance Co.;Safe Harbor Insurance Co.;GeoVera Specialty Insurance Co;Florida Farm Bureau Cas Ins Co;Universal North America Ins Co;American Platinum P&C Ins Co.,4571697888.775694,10,35.26242124434198,2633650520.65336,32304949.307805263,1,0.9811320754716981,9125629603.416485,310430460.0,11744300963.835146,539937478.65,359958319.1,539937478.65,359958319.1,22968792380.702003,26409792380.702003,3441000000.0,1395853723.0,1395853723.0,0.0,True,17612241856.32711,17000000000.0,612241856.3271103,0.9652377101494796,12328159534.32875,4671840465.6712475,2177342581.8410373,0.0,14,9464500000.0,9464500000.0,80
gm_then_andrew,baseline,,COMPOSITE,"{""gm_then_andrew"": 0.7423492814622965}",266548625724.76187,197872180781.5396,68676444943.22226,45644443785.72586,75523069292.90079,0.0,59711224593.75738,16993443109.155611,45644443785.72586,75523069292.90079,21416636833.64653,47259808109.57572,22.401625381259773,6.375363242991559,17.12424652785804,28.333692994120298,8.034795443200428,17.730276410569907,59711224593.75738,16993443109.155611,21416636833.64653,33,21,12,Universal P&C Insurance Co.;Florida Family Insurance Co.;First Protective Insurance Co.;Cypress P&C Insurance Co.;Florida Peninsula Insurance Co;Tower Hill Insurance Exchange;Kin Interinsurance Network;Unique Insurance Co.;Heritage P&C Insurance Co.;Florida Family Home Ins Co.;US Coastal P&C Insurance Co.;TypTap Insurance Co.;Homeowners Choice P&C Ins Co.;Vault E&S Insurance Co.;Edison Insurance Co.;Safe Harbor Insurance Co.;GeoVera Specialty Insurance Co;Florida Farm Bureau Cas Ins Co;Universal North America Ins Co;QBE Specialty Insurance Co.;Auto Club Insurance Co. of FL;American Platinum P&C Ins Co.;FL Farm Bureau General Ins Co.;Castle Key Insurance Co.;Homesite Insurance Co.;State Farm FL Ins Co;AIG Property Casualty Co.;Foremost P&C Insurance Co.;ASI Preferred Insurance Corp.;Nationwide P&C Insurance Co.;ACE Ins Co. of the Midwest;Castle Key Indemnity Co.;First Liberty Insurance Corp.,Universal P&C Insurance Co.;Florida Family Insurance Co.;First Protective Insurance Co.;Cypress P&C Insurance Co.;Florida Peninsula Insurance Co;Tower Hill Insurance Exchange;Kin Interinsurance Network;Unique Insurance Co.;Heritage P&C Insurance Co.;Florida Family Home Ins Co.;US Coastal P&C Insurance Co.;TypTap Insurance Co.;Homeowners Choice P&C Ins Co.;Vault E&S Insurance Co.;Edison Insurance Co.;Safe Harbor Insurance Co.;GeoVera Specialty Insurance Co;Florida Farm Bureau Cas Ins Co;Universal North America Ins Co;QBE Specialty Insurance Co.;American Platinum P&C Ins Co.,7019147448.074204,12,35.80938809441937,3855159565.879156,35708219.38470632,1,0.9811320754716981,14335363167.630192,304390140.0,11157835553.53141,539937478.65,359958319.1,539937478.65,359958319.1,17975636833.64653,21416636833.64653,3441000000.0,1395853723.0,1395853723.0,0.0,True,26030265022.631935,16999999999.999998,9030265022.631937,0.6530859361293249,12288514151.577532,4711485848.422468,2449215086.7219687,0.0,14,9464500000.0,9464500000.0,81
gm_then_andrew,baseline,,COMPOSITE,"{""gm_then_andrew"": 0.8365051534083576}",266548625724.76187,222969299052.6789,43579326672.082985,41938306130.65111,72488058672.93393,0.0,76884156864.12816,31658777384.965714,41938306130.65111,72488058672.93393,13645999761.723978,29933326910.35901,28.844326867218122,11.877299047737942,15.733829434167335,27.195059991712395,5.119516082523283,11.229968576640934,76884156864.12816,31658777384.965714,13645999761.723978,38,23,15,Universal P&C Insurance Co.;Florida Family Insurance Co.;First Protective Insurance Co.;Spinnaker Insurance Co.;Cypress P&C Insurance Co.;Florida Peninsula Insurance Co;Tower Hill Insurance Exchange;Kin Interinsurance Network;Unique Insurance Co.;Heritage P&C Insurance Co.;Florida Family Home Ins Co.;US Coastal P&C Insurance Co.;TypTap Insurance Co.;Homeowners Choice P&C Ins Co.;Vault E&S Insurance Co.;Edison Insurance Co.;Safe Harbor Insurance Co.;Spinnaker Specialty Ins Co.;GeoVera Specialty Insurance Co;Florida Farm Bureau Cas Ins Co;Universal North America Ins Co;QBE Specialty Insurance Co.;Auto Club Insurance Co. of FL;American Platinum P&C Ins Co.;Privilege Underwriters Recpl;FL Farm Bureau General Ins Co.;Castle Key Insurance Co.;Chubb Custom Insurance Co.;Homesite Insurance Co.;PURE Specialty Exchange;State Farm FL Ins Co;AIG Property Casualty Co.;Foremost P&C Insurance Co.;ASI Preferred Insurance Corp.;Nationwide P&C Insurance Co.;ACE Ins Co. of the Midwest;Castle Key Indemnity Co.;First Liberty Insurance Corp.,Universal P&C Insurance Co.;Florida Family Insurance Co.;First Protective Insurance Co.;Spinnaker Insurance Co.;Cypress P&C Insurance Co.;Florida Peninsula Insurance Co;Tower Hill Insurance Exchange;Kin Interinsurance Network;Unique Insurance Co.;Heritage P&C Insurance Co.;Florida Family Home Ins Co.;US Coastal P&C Insurance Co.;TypTap Insurance Co.;Homeowners Choice P&C Ins Co.;Vault E&S Insurance Co.;Edison Insurance Co.;Safe Harbor Insurance Co.;Spinnaker Specialty Ins Co.;GeoVera Specialty Insurance Co;Florida Farm Bureau Cas Ins Co;Universal North America Ins Co;QBE Specialty Insurance Co.;American Platinum P&C Ins Co.,9310912024.817379,15,36.189312511589605,5402716484.257541,90351988.49914448,1,0.9811320754716981,23078201947.852802,300194520.0,25915098644.6977,539937478.65,359958319.1,539937478.65,359958319.1,10204999761.723978,13645999761.723978,3441000000.0,1395853723.0,1395853723.0,0.0,False,16462832025.523434,16462832025.523434,0.0,1.0,11940274614.44236,4522557411.081073,2575000000.0,0.0,14,9464500000.0,9464500000.0,82
gm_then_andrew,baseline,,COMPOSITE,"{""gm_then_andrew"": 0.6821203291308716}",266548625724.76187,181818236308.7561,84730389416.00577,32693978612.125774,67360492675.3785,0.0,61975225815.156624,19788539206.095192,32693978612.125774,67360492675.3785,26387302179.486446,58343087236.51931,23.25100181876467,7.423988456998776,12.265671422326363,25.27137121499735,9.899620419252875,21.88834666765995,61975225815.156624,19788539206.095192,26387302179.486446,35,22,13,Universal P&C Insurance Co.;Florida Family Insurance Co.;First Protective Insurance Co.;Cypress P&C Insurance Co.;Florida Peninsula Insurance Co;Tower Hill Insurance Exchange;Kin Interinsurance Network;Unique Insurance Co.;Heritage P&C Insurance Co.;Florida Family Home Ins Co.;US Coastal P&C Insurance Co.;TypTap Insurance Co.;Homeowners Choice P&C Ins Co.;Vault E&S Insurance Co.;Edison Insurance Co.;Safe Harbor Insurance Co.;Spinnaker Specialty Ins Co.;GeoVera Specialty Insurance Co;Florida Farm Bureau Cas Ins Co;Universal North America Ins Co;QBE Specialty Insurance Co.;Auto Club Insurance Co. of FL;American Platinum P&C Ins Co.;FL Farm Bureau General Ins Co.;Castle Key Insurance Co.;Homesite Insurance Co.;PURE Specialty Exchange;State Farm FL Ins Co;AIG Property Casualty Co.;Foremost P&C Insurance Co.;ASI Preferred Insurance Corp.;Nationwide P&C Insurance Co.;ACE Ins Co. of the Midwest;Castle Key Indemnity Co.;First Liberty Insurance Corp.,Universal P&C Insurance Co.;Florida Family Insurance Co.;First Protective Insurance Co.;Cypress P&C Insurance Co.;Florida Peninsula Insurance Co;Tower Hill Insurance Exchange;Kin Interinsurance Network;Unique Insurance Co.;Heritage P&C Insurance Co.;Florida Family Home Ins Co.;US Coastal P&C Insurance Co.;TypTap Insurance Co.;Homeowners Choice P&C Ins Co.;Vault E&S Insurance Co.;Edison Insurance Co.;Safe Harbor Insurance Co.;Spinnaker Specialty Ins Co.;GeoVera Specialty Insurance Co;Florida Farm Bureau Cas Ins Co;Universal North America Ins Co;QBE Specialty Insurance Co.;American Platinum P&C Ins Co.,7836430454.558516,13,35.89838321723671,4358837791.878094,55312970.447384,1,0.9811320754716981,15842069440.515982,303407340.0,14809519863.636936,539937478.65,359958319.1,539937478.65,359958319.1,22946302179.486446,26387302179.486446,3441000000.0,1395853723.0,1395853723.0,0.0,True,22158386867.373337,17000000000.000002,5158386867.373335,0.7672038628872981,13189798248.51689,3810201751.4831104,2449747031.985529,0.0,14,9464500000.0,9464500000.0,83
gm_then_andrew,baseline,,COMPOSITE,"{""gm_then_andrew"": 0.868044671010031}",266548625724.76187,231376114125.42685,35172511599.33503,29140650279.44889,106524701047.88707,0.0,71383700343.64264,24327062454.44823,29140650279.44889,106524701047.88707,11043059131.03749,24129452468.29754,26.78074221900264,9.126688381266824,10.932583201362863,39.96445329937078,4.142981079347434,9.052551819649453,71383700343.64264,24327062454.44823,11043059131.03749,36,23,13,Universal P&C Insurance Co.;Florida Family Insurance Co.;First Protective Insurance Co.;Spinnaker Insurance Co.;Cypress P&C Insurance Co.;Florida Peninsula Insurance Co;Tower Hill Insurance Exchange;Kin Interinsurance Network;Unique Insurance Co.;Heritage P&C Insurance Co.;Florida Family Home Ins Co.;US Coastal P&C Insurance Co.;TypTap Insurance Co.;Homeowners Choice P&C Ins Co.;Vault E&S Insurance Co.;Edison Insurance Co.;Safe Harbor Insurance Co.;Spinnaker Specialty Ins Co.;GeoVera Specialty Insurance Co;Florida Farm Bureau Cas Ins Co;Universal North America Ins Co;QBE Specialty Insurance Co.;Auto Club Insurance Co. of FL;American Platinum P&C Ins Co.;FL Farm Bureau General Ins Co.;Castle Key Insurance Co.;Homesite Insurance Co.;PURE Specialty Exchange;State Farm FL Ins Co;AIG Property Casualty Co.;Foremost P&C Insurance Co.;ASI Preferred Insurance Corp.;Nationwide P&C Insurance Co.;ACE Ins Co. of the Midwest;Castle Key Indemnity Co.;First Liberty Insurance Corp.,Universal P&C Insurance Co.;Florida Family Insurance Co.;First Protective Insurance Co.;Spinnaker Insurance Co.;Cypress P&C Insurance Co.;Florida Peninsula Insurance Co;Tower Hill Insurance Exchange;Kin Interinsurance Network;Unique Insurance Co.;Heritage P&C Insurance Co.;Florida Family Home Ins Co.;US Coastal P&C Insurance Co.;TypTap Insurance Co.;Homeowners Choice P&C Ins Co.;Vault E&S Insurance Co.;Edison Insurance Co.;Safe Harbor Insurance Co.;Spinnaker Specialty Ins Co.;GeoVera Specialty Insurance Co;Florida Farm Bureau Cas Ins Co;Universal North America Ins Co;QBE Specialty Insurance Co.;American Platinum P&C Ins Co.,8652370555.109663,13,36.189312511589605,3631729753.4725533,79276260.57605942,1,0.9811320754716981,18432912387.485123,300194520.0,19442357764.0645,539937478.65,359958319.1,539937478.65,359958319.1,7602059131.037491,11043059131.03749,3441000000.0,1395853723.0,1395853723.0,0.0,True,23040859982.430138,17000000000.0,6040859982.430138,0.7378196826404653,13300849938.625826,3699150061.3741736,2459769446.1226697,0.0,14,9464500000.0,9464500000.0,84
gm_then_andrew,baseline,,COMPOSITE,"{""gm_then_andrew"": 0.7046379779772549}",266548625724.76184,187820284663.31232,78728341061.44952,45256249749.23346,64769297595.42396,0.0,54135461441.140335,23659275877.514587,45256249749.23346,64769297595.42396,24528931869.895145,54199409191.554375,20.30978823992911,8.876157516544527,16.978609297338892,24.29924274391298,9.202422936227675,20.333779266046825,54135461441.140335,23659275877.514587,24528931869.895145,34,22,12,Universal P&C Insurance Co.;Florida Family Insurance Co.;First Protective Insurance Co.;Cypress P&C Insurance Co.;Florida Peninsula Insurance Co;Tower Hill Insurance Exchange;Kin Interinsurance Network;Unique Insurance Co.;Heritage P&C Insurance Co.;Florida Family Home Ins Co.;US Coastal P&C Insurance Co.;TypTap Insurance Co.;Homeowners Choice P&C Ins Co.;Vault E&S Insurance Co.;Edison Insurance Co.;Safe Harbor Insurance Co.;Spinnaker Specialty Ins Co.;GeoVera Specialty Insurance Co;Florida Farm Bureau Cas Ins Co;Universal North America Ins Co;QBE Specialty Insurance Co.;Auto Club Insurance Co. of FL;American Platinum P&C Ins Co.;FL Farm Bureau General Ins Co.;Castle Key Insurance Co.;Homesite Insurance Co.;PURE Specialty Exchange;State Farm FL Ins Co;AIG Property Casualty Co.;ASI Preferred Insurance Corp.;Nationwide P&C Insurance Co.;ACE Ins Co. of the Midwest;Castle Key Indemnity Co.;First Liberty Insurance Corp.,Universal P&C Insurance Co.;Florida Family Insurance Co.;First Protective Insurance Co.;Cypress P&C Insurance Co.;Florida Peninsula Insurance Co;Tower Hill Insurance Exchange;Kin Interinsurance Network;Unique Insurance Co.;Heritage P&C Insurance Co.;Florida Family Home Ins Co.;US Coastal P&C Insurance Co.;TypTap Insurance Co.;Homeowners Choice P&C Ins Co.;Vault E&S Insurance Co.;Edison Insurance Co.;Safe Harbor Insurance Co.;Spinnaker Specialty Ins Co.;GeoVera Specialty Insurance Co;Florida Farm Bureau Cas Ins Co;Universal North America Ins Co;QBE Specialty Insurance Co.;American Platinum P&C Ins Co.,6213376781.565017,12,35.89838321723671,2855560063.6502733,59819189.496004224,1,0.9811320754716981,13305226805.496174,303407340.0,17902698696.690063,539937478.65,359958319.1,539937478.65,359958319.1,21087931869.895145,24528931869.895145,3441000000.0,1395853723.0,1395853723.0,0.0,False,15365744259.69143,15365744259.69143,0.0,1.0,10843186848.610355,4522557411.081073,2316665097.2153487,0.0,14,9464500000.0,9464500000.0,85
gm_then_andrew,baseline,,COMPOSITE,"{""gm_then_andrew"": 0.8030034815139903}",266548625724.76184,214039474449.75336,52509151275.00847,29529497314.391,79979296786.29668,0.0,80187066183.21898,24343614165.846725,29529497314.391,79979296786.29668,16410876005.904379,36098275269.1041,30.083466371355506,9.132898021760557,11.078465414743185,30.005518343539805,6.1568038331776105,13.542848015423342,80187066183.21898,24343614165.846725,16410876005.904379,38,23,15,Universal P&C Insurance Co.;Florida Family Insurance Co.;First Protective Insurance Co.;Spinnaker Insurance Co.;Cypress P&C Insurance Co.;Florida Peninsula Insurance Co;Tower Hill Insurance Exchange;Kin Interinsurance Network;Unique Insurance Co.;Heritage P&C Insurance Co.;Florida Family Home Ins Co.;US Coastal P&C Insurance Co.;TypTap Insurance Co.;Homeowners Choice P&C Ins Co.;Vault E&S Insurance Co.;Edison Insurance Co.;Safe Harbor Insurance Co.;Spinnaker Specialty Ins Co.;GeoVera Specialty Insurance Co;Florida Farm Bureau Cas Ins Co;Universal North America Ins Co;QBE Specialty Insurance Co.;Auto Club Insurance Co. of FL;American Platinum P&C Ins Co.;Privilege Underwriters Recpl;FL Farm Bureau General Ins Co.;Castle Key Insurance Co.;Chubb Custom Insurance Co.;Homesite Insurance Co.;PURE Specialty Exchange;State Farm FL Ins Co;AIG Property Casualty Co.;Foremost P&C Insurance Co.;ASI Preferred Insurance Corp.;Nationwide P&C Insurance Co.;ACE Ins Co. of the Midwest;Castle Key Indemnity Co.;First Liberty Insurance Corp.,Universal P&C Insurance Co.;Florida Family Insurance Co.;First Protective Insurance Co.;Spinnaker Insurance Co.;Cypress P&C Insurance Co.;Florida Peninsula Insurance Co;Tower Hill Insurance Exchange;Kin Interinsurance Network;Unique Insurance Co.;Heritage P&C Insurance Co.;Florida Family Home Ins Co.;US Coastal P&C Insurance Co.;TypTap Insurance Co.;Homeowners Choice P&C Ins Co.;Vault E&S Insurance Co.;Edison Insurance Co.;Safe Harbor Insurance Co.;Spinnaker Specialty Ins Co.;GeoVera Specialty Insurance Co;Florida Farm Bureau Cas Ins Co;Universal North America Ins Co;QBE Specialty Insurance Co.;American Platinum P&C Ins Co.,10519299675.16869,15,36.189312511589605,5316117688.522638,98526969.70652378,1,0.9811320754716981,23948673356.039345,300194520.0,18831593156.88589,539937478.65,359958319.1,539937478.65,359958319.1,12969876005.904379,16410876005.904379,3441000000.0,1395853723.0,1395853723.0,0.0,True,21693099521.177406,17000000000.0,4693099521.177406,0.7836593375420662,12636684988.728615,4363315011.271384,2467955669.742623,0.0,14,9464500000.0,9464500000.0,86
gm_then_andrew,baseline,,COMPOSITE,"{""gm_then_andrew"": 0.8171606978300013}",266548625724.76187,217813061002.8743,48735564721.88757,67128076205.78776,93166918327.3158,0.0,44943543251.818634,12574523217.95211,67128076205.78776,93166918327.3158,15242488016.215929,33493076705.671646,16.86129243008266,4.71753444001492,25.184176441826494,34.95306647107607,5.7184643045037955,12.565465912496057,44943543251.818634,12574523217.95211,15242488016.215929,32,20,12,Universal P&C Insurance Co.;Florida Family Insurance Co.;First Protective Insurance Co.;Cypress P&C Insurance Co.;Florida Peninsula Insurance Co;Tower Hill Insurance Exchange;Kin Interinsurance Network;Heritage P&C Insurance Co.;Florida Family Home Ins Co.;US Coastal P&C Insurance Co.;TypTap Insurance Co.;Homeowners Choice P&C Ins Co.;Vault E&S Insurance Co.;Edison Insurance Co.;Safe Harbor Insurance Co.;GeoVera Specialty Insurance Co;Florida Farm Bureau Cas Ins Co;Universal North America Ins Co;QBE Specialty Insurance Co.;Auto Club Insurance Co. of FL;American Platinum P&C Ins Co.;FL Farm Bureau General Ins Co.;Castle Key Insurance Co.;Homesite Insurance Co.;State Farm FL Ins Co;AIG Property Casualty Co.;Foremost P&C Insurance Co.;ASI Preferred Insurance Corp.;Nationwide P&C Insurance Co.;ACE Ins Co. of the Midwest;Castle Key Indemnity Co.;First Liberty Insurance Corp.,Universal P&C Insurance Co.;Florida Family Insurance Co.;First Protective Insurance Co.;Cypress P&C Insurance Co.;Florida Peninsula Insurance Co;Tower Hill Insurance Exchange;Kin Interinsurance Network;Heritage P&C Insurance Co.;Florida Family Home Ins Co.;US Coastal P&C Insurance Co.;TypTap Insurance Co.;Homeowners Choice P&C Ins Co.;Vault E&S Insurance Co.;Edison Insurance Co.;Safe Harbor Insurance Co.;GeoVera Specialty Insurance Co;Florida Farm Bureau Cas Ins Co;Universal North America Ins Co;QBE Specialty Insurance Co.;American Platinum P&C Ins Co.,4778982586.167738,12,35.71378625186174,2489929751.8501444,16859932.051355973,1,0.9811320754716981,8999320705.70147,305445900.0,6648337280.323074,539937478.65,359958319.1,539937478.65,359958319.1,11801488016.215929,15242488016.215929,3441000000.0,1395853723.0,1395853723.0,0.0,True,23809713815.321026,17000000000.0,6809713815.321026,0.7139943021516233,12182382889.050943,4817617110.949056,2125000000.0000002,0.0,13,9464500000.0,9464500000.0,87
gm_then_andrew,baseline,,COMPOSITE,"{""gm_then_andrew"": 0.7757611707027519}",266548625724.76184,206778073941.45093,59770551783.31091,19970188746.84914,104022082126.25754,0.0,62724709234.85403,20061093833.49023,19970188746.84914,104022082126.25754,18659170307.038532,41111381476.272385,23.532182566802494,7.526241705033332,7.4921372010637795,39.0255555973756,7.000287567157069,15.42359536256773,62724709234.85403,20061093833.49023,18659170307.038532,34,21,13,Universal P&C Insurance Co.;Florida Family Insurance Co.;First Protective Insurance Co.;Cypress P&C Insurance Co.;Florida Peninsula Insurance Co;Tower Hill Insurance Exchange;Kin Interinsurance Network;Unique Insurance Co.;Heritage P&C Insurance Co.;Florida Family Home Ins Co.;US Coastal P&C Insurance Co.;TypTap Insurance Co.;Homeowners Choice P&C Ins Co.;Vault E&S Insurance Co.;Edison Insurance Co.;Safe Harbor Insurance Co.;GeoVera Specialty Insurance Co;Florida Farm Bureau Cas Ins Co;Universal North America Ins Co;QBE Specialty Insurance Co.;Auto Club Insurance Co. of FL;American Platinum P&C Ins Co.;FL Farm Bureau General Ins Co.;Castle Key Insurance Co.;Homesite Insurance Co.;PURE Specialty Exchange;State Farm FL Ins Co;AIG Property Casualty Co.;Foremost P&C Insurance Co.;ASI Preferred Insurance Corp.;Nationwide P&C Insurance Co.;ACE Ins Co. of the Midwest;Castle Key Indemnity Co.;First Liberty Insurance Corp.,Universal P&C Insurance Co.;Florida Family Insurance Co.;First Protective Insurance Co.;Cypress P&C Insurance Co.;Florida Peninsula Insurance Co;Tower Hill Insurance Exchange;Kin Interinsurance Network;Unique Insurance Co.;Heritage P&C Insurance Co.;Florida Family Home Ins Co.;US Coastal P&C Insurance Co.;TypTap Insurance Co.;Homeowners Choice P&C Ins Co.;Vault E&S Insurance Co.;Edison Insurance Co.;Safe Harbor Insurance Co.;GeoVera Specialty Insurance Co;Florida Farm Bureau Cas Ins Co;Universal North America Ins Co;QBE Specialty Insurance Co.;American Platinum P&C Ins Co.,7594826280.900102,13,35.80938809441937,4354009197.1663065,67561758.58987355,1,0.9811320754716981,16037447085.20188,304390140.0,14734434700.934795,539937478.65,359958319.1,539937478.65,359958319.1,15218170307.038532,18659170307.038532,3441000000.0,1395853723.0,1395853723.0,0.0,True,18466712024.420403,17000000000.0,1466712024.4204025,0.9205753562149656,12836645100.291409,4163354899.708591,2421542207.35282,0.0,14,9464500000.0,9464500000.0,88
gm_then_andrew,baseline,,COMPOSITE,"{""gm_then_andrew"": 0.7838641376511988}",266548625724.76184,208937908645.8526,57610717078.90923,29857588325.769814,81142997762.7751,0.0,68151468332.87637,29785854224.43134,29857588325.769814,81142997762.7751,17990436492.98353,39620280585.92571,25.568118442767584,11.174641828837721,11.201554029620384,30.442099463894206,6.749401331207934,14.86418490367218,68151468332.87637,29785854224.43134,17990436492.98353,35,22,13,Universal P&C Insurance Co.;Florida Family Insurance Co.;First Protective Insurance Co.;Spinnaker Insurance Co.;Cypress P&C Insurance Co.;Florida Peninsula Insurance Co;Tower Hill Insurance Exchange;Kin Interinsurance Network;Unique Insurance Co.;Heritage P&C Insurance Co.;Florida Family Home Ins Co.;US Coastal P&C Insurance Co.;TypTap Insurance Co.;Homeowners Choice P&C Ins Co.;Vault E&S Insurance Co.;Edison Insurance Co.;Safe Harbor Insurance Co.;GeoVera Specialty Insurance Co;Florida Farm Bureau Cas Ins Co;Universal North America Ins Co;QBE Specialty Insurance Co.;Auto Club Insurance Co. of FL;American Platinum P&C Ins Co.;FL Farm Bureau General Ins Co.;Castle Key Insurance Co.;Homesite Insurance Co.;PURE Specialty Exchange;State Farm FL Ins Co;AIG Property Casualty Co.;Foremost P&C Insurance Co.;ASI Preferred Insurance Corp.;Nationwide P&C Insurance Co.;ACE Ins Co. of the Midwest;Castle Key Indemnity Co.;First Liberty Insurance Corp.,Universal P&C Insurance Co.;Florida Family Insurance Co.;First Protective Insurance Co.;Spinnaker Insurance Co.;Cypress P&C Insurance Co.;Florida Peninsula Insurance Co;Tower Hill Insurance Exchange;Kin Interinsurance Network;Unique Insurance Co.;Heritage P&C Insurance Co.;Florida Family Home Ins Co.;US Coastal P&C Insurance Co.;TypTap Insurance Co.;Homeowners Choice P&C Ins Co.;Vault E&S Insurance Co.;Edison Insurance Co.;Safe Harbor Insurance Co.;GeoVera Specialty Insurance Co;Florida Farm Bureau Cas Ins Co;Universal North America Ins Co;QBE Specialty Insurance Co.;American Platinum P&C Ins Co.,8518864767.854933,13,36.10031738877226,4738847490.703819,50164108.31953786,1,0.9811320754716981,18826126784.87611,301177320.0,23670281798.316235,539937478.65,359958319.1,539937478.65,359958319.1,14549436492.983528,17990436492.98353,3441000000.0,1395853723.0,1395853723.0,0.0,True,25269398634.806557,17000000000.0,8269398634.806557,0.6727504775908625,12119732158.328909,4880267841.671088,2402957951.6192493,0.0,14,9464500000.0,9464500000.0,89
gm_then_andrew,baseline,,COMPOSITE,"{""gm_then_andrew"": 0.8378581712619195}",266548625724.76184,223329944102.12683,43218681622.63502,45785304979.5123,70931368067.5621,0.0,87521267985.4361,19092003069.616383,45785304979.5123,70931368067.5621,13534335874.23023,29684345748.404785,32.83501002770525,7.162671733048359,17.17709286814715,26.611042497291226,5.077623580849292,11.136559292958744,87521267985.4361,19092003069.616383,13534335874.23023,39,23,16,Universal P&C Insurance Co.;Florida Family Insurance Co.;First Protective Insurance Co.;Spinnaker Insurance Co.;Cypress P&C Insurance Co.;Florida Peninsula Insurance Co;Tower Hill Insurance Exchange;Kin Interinsurance Network;Unique Insurance Co.;Heritage P&C Insurance Co.;Florida Family Home Ins Co.;US Coastal P&C Insurance Co.;TypTap Insurance Co.;Homeowners Choice P&C Ins Co.;Vault E&S Insurance Co.;Edison Insurance Co.;Safe Harbor Insurance Co.;Spinnaker Specialty Ins Co.;GeoVera Specialty Insurance Co;Florida Farm Bureau Cas Ins Co;Universal North America Ins Co;QBE Specialty Insurance Co.;Auto Club Insurance Co. of FL;American Platinum P&C Ins Co.;Privilege Underwriters Recpl;FL Farm Bureau General Ins Co.;Castle Key Insurance Co.;Chubb Custom Insurance Co.;Homesite Insurance Co.;Farmers Casualty Ins Co.;PURE Specialty Exchange;State Farm FL Ins Co;AIG Property Casualty Co.;Foremost P&C Insurance Co.;ASI Preferred Insurance Corp.;Nationwide P&C Insurance Co.;ACE Ins Co. of the Midwest;Castle Key Indemnity Co.;First Liberty Insurance Corp.,Universal P&C Insurance Co.;Florida Family Insurance Co.;First Protective Insurance Co.;Spinnaker Insurance Co.;Cypress P&C Insurance Co.;Florida Peninsula Insurance Co;Tower Hill Insurance Exchange;Kin Interinsurance Network;Unique Insurance Co.;Heritage P&C Insurance Co.;Florida Family Home Ins Co.;US Coastal P&C Insurance Co.;TypTap Insurance Co.;Homeowners Choice P&C Ins Co.;Vault E&S Insurance Co.;Edison Insurance Co.;Safe Harbor Insurance Co.;Spinnaker Specialty Ins Co.;GeoVera Specialty Insurance Co;Florida Farm Bureau Cas Ins Co;Universal North America Ins Co;QBE Specialty Insurance Co.;American Platinum P&C Ins Co.,12560033262.967123,16,36.189312511589605,6019863067.350828,74039307.63642621,1,0.9811320754716981,24932256101.164845,300194520.0,13890142277.312862,539937478.65,359958319.1,539937478.65,359958319.1,10093335874.23023,13534335874.23023,3441000000.0,1395853723.0,1395853723.0,0.0,True,21115610001.382904,17000000000.0,4115610001.382904,0.8050915885871465,12880146910.143188,4119853089.856813,2575000000.0,0.0,14,9464500000.0,9464500000.0,90
gm_then_andrew,baseline,,COMPOSITE,"{""gm_then_andrew"": 0.7592028070363048}",266548625724.76184,202364464861.90863,64184160862.8532,43992318300.514145,77794299986.91391,0.0,64017903930.59366,16559942643.886934,43992318300.514145,77794299986.91391,20025723787.957695,44158437074.895515,24.01734533671862,6.212728577706769,16.50442510476142,29.18578168444369,7.512972064105204,16.566747232264305,64017903930.59366,16559942643.886934,20025723787.957695,36,23,13,Universal P&C Insurance Co.;Florida Family Insurance Co.;First Protective Insurance Co.;Spinnaker Insurance Co.;Cypress P&C Insurance Co.;Florida Peninsula Insurance Co;Tower Hill Insurance Exchange;Kin Interinsurance Network;Unique Insurance Co.;Heritage P&C Insurance Co.;Florida Family Home Ins Co.;US Coastal P&C Insurance Co.;TypTap Insurance Co.;Homeowners Choice P&C Ins Co.;Vault E&S Insurance Co.;Edison Insurance Co.;Safe Harbor Insurance Co.;Spinnaker Specialty Ins Co.;GeoVera Specialty Insurance Co;Florida Farm Bureau Cas Ins Co;Universal North America Ins Co;QBE Specialty Insurance Co.;Auto Club Insurance Co. of FL;American Platinum P&C Ins Co.;FL Farm Bureau General Ins Co.;Castle Key Insurance Co.;Homesite Insurance Co.;PURE Specialty Exchange;State Farm FL Ins Co;AIG Property Casualty Co.;Foremost P&C Insurance Co.;ASI Preferred Insurance Corp.;Nationwide P&C Insurance Co.;ACE Ins Co. of the Midwest;Castle Key Indemnity Co.;First Liberty Insurance Corp.,Universal P&C Insurance Co.;Florida Family Insurance Co.;First Protective Insurance Co.;Spinnaker Insurance Co.;Cypress P&C Insurance Co.;Florida Peninsula Insurance Co;Tower Hill Insurance Exchange;Kin Interinsurance Network;Unique Insurance Co.;Heritage P&C Insurance Co.;Florida Family Home Ins Co.;US Coastal P&C Insurance Co.;TypTap Insurance Co.;Homeowners Choice P&C Ins Co.;Vault E&S Insurance Co.;Edison Insurance Co.;Safe Harbor Insurance Co.;Spinnaker Specialty Ins Co.;GeoVera Specialty Insurance Co;Florida Farm Bureau Cas Ins Co;Universal North America Ins Co;QBE Specialty Insurance Co.;American Platinum P&C Ins Co.,6855721383.484618,13,36.189312511589605,4316818285.456041,65927644.06669763,1,0.9811320754716981,16607959606.224268,300194520.0,11261049442.647013,539937478.65,359958319.1,539937478.65,359958319.1,16584723787.957695,20025723787.957695,3441000000.0,1395853723.0,1395853723.0,0.0,True,23812005828.031998,17000000000.0,6812005828.031998,0.7139255769871868,12813130730.8383,4186869269.1616983,2575000000.0,0.0,14,9464500000.0,9464500000.0,91
gm_then_andrew,baseline,,COMPOSITE,"{""gm_then_andrew"": 0.8033681530351215}",266548625724.76187,214136677142.55188,52411948582.20999,45525791733.16544,143683980470.41202,0.0,20097320144.806923,4829584794.167534,45525791733.16544,143683980470.41202,16380779847.453424,36031168734.75658,7.539832587829366,1.8118963401276598,17.07973230376936,53.90535407178581,6.145512775732042,13.517671920755788,20097320144.806923,4829584794.167534,16380779847.453424,25,16,9,Universal P&C Insurance Co.;First Protective Insurance Co.;Cypress P&C Insurance Co.;Florida Peninsula Insurance Co;Tower Hill Insurance Exchange;Kin Interinsurance Network;Heritage P&C Insurance Co.;Florida Family Home Ins Co.;US Coastal P&C Insurance Co.;TypTap Insurance Co.;Homeowners Choice P&C Ins Co.;Edison Insurance Co.;Safe Harbor Insurance Co.;GeoVera Specialty Insurance Co;Universal North America Ins Co;Auto Club Insurance Co. of FL;American Platinum P&C Ins Co.;FL Farm Bureau General Ins Co.;Homesite Insurance Co.;State Farm FL Ins Co;AIG Property Casualty Co.;ASI Preferred Insurance Corp.;ACE Ins Co. of the Midwest;Castle Key Indemnity Co.;First Liberty Insurance Corp.,Universal P&C Insurance Co.;First Protective Insurance Co.;Cypress P&C Insurance Co.;Florida Peninsula Insurance Co;Tower Hill Insurance Exchange;Kin Interinsurance Network;Heritage P&C Insurance Co.;Florida Family Home Ins Co.;US Coastal P&C Insurance Co.;TypTap Insurance Co.;Homeowners Choice P&C Ins Co.;Edison Insurance Co.;Safe Harbor Insurance Co.;GeoVera Specialty Insurance Co;Universal North America Ins Co;American Platinum P&C Ins Co.,1397270744.5732262,9,34.00974697621684,1238434056.5115473,5696820.502219237,1,0.9811320754716981,4273979148.1431694,324264120.0,3663000521.565463,539937478.65,359958319.1,539937478.65,359958319.1,12939779847.453424,16380779847.453424,3441000000.0,1395853723.0,1395853723.0,0.0,False,766569344.1110413,766569344.1110413,0.0,1.0,715463211.6832047,51106132.42783669,2112884234.5465677,0.0,13,9464500000.0,9464500000.0,92
gm_then_andrew,baseline,,COMPOSITE,"{""gm_then_andrew"": 0.6900380575823134}",266548625724.7619,183928695946.3498,82619929778.4121,29956782770.286438,73114497877.8958,0.0,59740830193.47215,21116585104.69538,29956782770.286438,73114497877.8958,25733856006.045067,56886073772.367035,22.41273239771288,7.922226215677572,11.238768419395196,27.4300787254457,9.654469587330698,21.341724654437947,59740830193.47215,21116585104.69538,25733856006.045067,34,21,13,Universal P&C Insurance Co.;Florida Family Insurance Co.;First Protective Insurance Co.;Cypress P&C Insurance Co.;Florida Peninsula Insurance Co;Tower Hill Insurance Exchange;Kin Interinsurance Network;Unique Insurance Co.;Heritage P&C Insurance Co.;Florida Family Home Ins Co.;US Coastal P&C Insurance Co.;TypTap Insurance Co.;Homeowners Choice P&C Ins Co.;Edison Insurance Co.;Safe Harbor Insurance Co.;Spinnaker Specialty Ins Co.;GeoVera Specialty Insurance Co;Florida Farm Bureau Cas Ins Co;Universal North America Ins Co;QBE Specialty Insurance Co.;Auto Club Insurance Co. of FL;American Platinum P&C Ins Co.;FL Farm Bureau General Ins Co.;Castle Key Insurance Co.;Homesite Insurance Co.;PURE Specialty Exchange;State Farm FL Ins Co;AIG Property Casualty Co.;Foremost P&C Insurance Co.;ASI Preferred Insurance Corp.;Nationwide P&C Insurance Co.;ACE Ins Co. of the Midwest;Castle Key Indemnity Co.;First Liberty Insurance Corp.,Universal P&C Insurance Co.;Florida Family Insurance Co.;First Protective Insurance Co.;Cypress P&C Insurance Co.;Florida Peninsula Insurance Co;Tower Hill Insurance Exchange;Kin Interinsurance Network;Unique Insurance Co.;Heritage P&C Insurance Co.;Florida Family Home Ins Co.;US Coastal P&C Insurance Co.;TypTap Insurance Co.;Homeowners Choice P&C Ins Co.;Edison Insurance Co.;Safe Harbor Insurance Co.;Spinnaker Specialty Ins Co.;GeoVera Specialty Insurance Co;Florida Farm Bureau Cas Ins Co;Universal North America Ins Co;QBE Specialty Insurance Co.;American Platinum P&C Ins Co.,6570930538.282651,13,35.646637856080325,4268223275.438162,54145578.80710463,1,0.9811320754716981,14874039075.055706,306187440.0,15652439287.748669,539937478.65,359958319.1,539937478.65,359958319.1,22292856006.045067,25733856006.045067,3441000000.0,1395853723.0,1395853723.0,0.0,True,19584285661.44483,17000000000.0,2584285661.444832,0.8680428938732005,12723192838.813087,4276807161.18691,2374842497.1108294,0.0,14,9464500000.0,9464500000.0,93
gm_then_andrew,baseline,,COMPOSITE,"{""gm_then_andrew"": 0.7553234776110024}",266548625724.76184,201330434934.86066,65218190789.9012,45466877899.31058,75131771780.4414,0.0,63014182788.24567,17717602466.86302,45466877899.31058,75131771780.4414,20345882907.335022,44872307882.566185,23.640783221787878,6.647043262251977,17.05762983233674,28.186891444723667,7.63308490224376,16.834567336655994,63014182788.24567,17717602466.86302,20345882907.335022,36,23,13,Universal P&C Insurance Co.;Florida Family Insurance Co.;First Protective Insurance Co.;Spinnaker Insurance Co.;Cypress P&C Insurance Co.;Florida Peninsula Insurance Co;Tower Hill Insurance Exchange;Kin Interinsurance Network;Unique Insurance Co.;Heritage P&C Insurance Co.;Florida Family Home Ins Co.;US Coastal P&C Insurance Co.;TypTap Insurance Co.;Homeowners Choice P&C Ins Co.;Vault E&S Insurance Co.;Edison Insurance Co.;Safe Harbor Insurance Co.;Spinnaker Specialty Ins Co.;GeoVera Specialty Insurance Co;Florida Farm Bureau Cas Ins Co;Universal North America Ins Co;QBE Specialty Insurance Co.;Auto Club Insurance Co. of FL;American Platinum P&C Ins Co.;FL Farm Bureau General Ins Co.;Castle Key Insurance Co.;Homesite Insurance Co.;PURE Specialty Exchange;State Farm FL Ins Co;AIG Property Casualty Co.;Foremost P&C Insurance Co.;ASI Preferred Insurance Corp.;Nationwide P&C Insurance Co.;ACE Ins Co. of the Midwest;Castle Key Indemnity Co.;First Liberty Insurance Corp.,Universal P&C Insurance Co.;Florida Family Insurance Co.;First Protective Insurance Co.;Spinnaker Insurance Co.;Cypress P&C Insurance Co.;Florida Peninsula Insurance Co;Tower Hill Insurance Exchange;Kin Interinsurance Network;Unique Insurance Co.;Heritage P&C Insurance Co.;Florida Family Home Ins Co.;US Coastal P&C Insurance Co.;TypTap Insurance Co.;Homeowners Choice P&C Ins Co.;Vault E&S Insurance Co.;Edison Insurance Co.;Safe Harbor Insurance Co.;Spinnaker Specialty Ins Co.;GeoVera Specialty Insurance Co;Florida Farm Bureau Cas Ins Co;Universal North America Ins Co;QBE Specialty Insurance Co.;American Platinum P&C Ins Co.,7720534785.323852,13,36.189312511589605,3940573760.577339,62174575.47779907,1,0.9811320754716981,16075577965.785938,300194520.0,11664943801.27433,539937478.65,359958319.1,539937478.65,359958319.1,16904882907.335022,20345882907.335022,3441000000.0,1395853723.0,1395853723.0,0.0,True,27422861743.2396,17000000000.0,10422861743.239601,0.6199207128406615,12065871947.678797,4934128052.321205,2526991846.6744785,0.0,14,9464500000.0,9464500000.0,94
gm_then_andrew,baseline,,COMPOSITE,"{""gm_then_andrew"": 0.6681013051541289}",266548625724.76184,178081484733.7528,88467140991.00905,43046407407.58578,79972641384.60402,0.0,44039454872.32965,11022981069.233393,43046407407.58578,79972641384.60402,27544285224.455265,60922855766.553764,16.522109147096035,4.135448471835576,16.14955143382938,30.003021462651912,10.333681199653793,22.856188284933314,44039454872.32965,11022981069.233393,27544285224.455265,29,18,11,Universal P&C Insurance Co.;Florida Family Insurance Co.;First Protective Insurance Co.;Cypress P&C Insurance Co.;Florida Peninsula Insurance Co;Tower Hill Insurance Exchange;Kin Interinsurance Network;Heritage P&C Insurance Co.;Florida Family Home Ins Co.;US Coastal P&C Insurance Co.;TypTap Insurance Co.;Homeowners Choice P&C Ins Co.;Edison Insurance Co.;Safe Harbor Insurance Co.;GeoVera Specialty Insurance Co;Florida Farm Bureau Cas Ins Co;Universal North America Ins Co;Auto Club Insurance Co. of FL;American Platinum P&C Ins Co.;FL Farm Bureau General Ins Co.;Castle Key Insurance Co.;Homesite Insurance Co.;State Farm FL Ins Co;AIG Property Casualty Co.;Foremost P&C Insurance Co.;ASI Preferred Insurance Corp.;ACE Ins Co. of the Midwest;Castle Key Indemnity Co.;First Liberty Insurance Corp.,Universal P&C Insurance Co.;Florida Family Insurance Co.;First Protective Insurance Co.;Cypress P&C Insurance Co.;Florida Peninsula Insurance Co;Tower Hill Insurance Exchange;Kin Interinsurance Network;Heritage P&C Insurance Co.;Florida Family Home Ins Co.;US Coastal P&C Insurance Co.;TypTap Insurance Co.;Homeowners Choice P&C Ins Co.;Edison Insurance Co.;Safe Harbor Insurance Co.;GeoVera Specialty Insurance Co;Florida Farm Bureau Cas Ins Co;Universal North America Ins Co;American Platinum P&C Ins Co.,4386470028.8877325,11,35.166819401784345,2130621844.3290277,24371268.59525697,1,0.9811320754716981,8512215219.853413,311486220.0,4964509476.612632,539937478.65,359958319.1,539937478.65,359958319.1,24103285224.455265,27544285224.455265,3441000000.0,1395853723.0,1395853723.0,0.0,True,18298492477.744583,17000000000.0,1298492477.7445831,0.9290382811959037,12014315213.96508,4985684786.034922,2170280968.252364,0.0,14,9464500000.0,9464500000.0,95
gm_then_andrew,baseline,,COMPOSITE,"{""gm_then_andrew"": 0.7407802996429586}",266548625724.76184,197453970833.80792,69094654890.95392,40691399994.34213,75797089321.00926,0.0,66465128858.14695,14500352660.309599,40691399994.34213,75797089321.00926,21546124119.341305,47548530771.612625,24.93546109173298,5.4400403006701925,15.266032561113288,28.436496010779415,8.083374679106333,17.838595356597803,66465128858.14695,14500352660.309599,21546124119.341305,35,22,13,Universal P&C Insurance Co.;Florida Family Insurance Co.;First Protective Insurance Co.;Cypress P&C Insurance Co.;Florida Peninsula Insurance Co;Tower Hill Insurance Exchange;Kin Interinsurance Network;Unique Insurance Co.;Heritage P&C Insurance Co.;Florida Family Home Ins Co.;US Coastal P&C Insurance Co.;TypTap Insurance Co.;Homeowners Choice P&C Ins Co.;Vault E&S Insurance Co.;Edison Insurance Co.;Safe Harbor Insurance Co.;Spinnaker Specialty Ins Co.;GeoVera Specialty Insurance Co;Florida Farm Bureau Cas Ins Co;Universal North America Ins Co;QBE Specialty Insurance Co.;Auto Club Insurance Co. of FL;American Platinum P&C Ins Co.;FL Farm Bureau General Ins Co.;Castle Key Insurance Co.;Homesite Insurance Co.;PURE Specialty Exchange;State Farm FL Ins Co;AIG Property Casualty Co.;Foremost P&C Insurance Co.;ASI Preferred Insurance Corp.;Nationwide P&C Insurance Co.;ACE Ins Co. of the Midwest;Castle Key Indemnity Co.;First Liberty Insurance Corp.,Universal P&C Insurance Co.;Florida Family Insurance Co.;First Protective Insurance Co.;Cypress P&C Insurance Co.;Florida Peninsula Insurance Co;Tower Hill Insurance Exchange;Kin Interinsurance Network;Unique Insurance Co.;Heritage P&C Insurance Co.;Florida Family Home Ins Co.;US Coastal P&C Insurance Co.;TypTap Insurance Co.;Homeowners Choice P&C Ins Co.;Vault E&S Insurance Co.;Edison Insurance Co.;Safe Harbor Insurance Co.;Spinnaker Specialty Ins Co.;GeoVera Specialty Insurance Co;Florida Farm Bureau Cas Ins Co;Universal North America Ins Co;QBE Specialty Insurance Co.;American Platinum P&C Ins Co.,8325945425.026165,13,35.89838321723671,5672786224.271136,71775634.8216368,1,0.9811320754716981,17762013963.906357,303407340.0,9296263776.663992,539937478.65,359958319.1,539937478.65,359958319.1,18105124119.341305,21546124119.341305,3441000000.0,1395853723.0,1395853723.0,0.0,True,25515943989.413525,17000000000.0,8515943989.413525,0.6662500908080548,12872566020.638613,4127433979.361385,2512959444.4637084,0.0,14,9464500000.0,9464500000.0,96
gm_then_andrew,baseline,,COMPOSITE,"{""gm_then_andrew"": 0.813678386151461}",266548625724.7619,216884855610.6141,49663770114.14778,15983223479.139767,110562736083.25171,0.0,70212052078.10655,20126843970.116047,15983223479.139767,110562736083.25171,15529881459.300982,34133888654.84679,26.341179545456562,7.550908925300191,5.996363115990717,41.479387028398634,5.826284572683236,12.805876812170641,70212052078.10655,20126843970.116047,15529881459.300982,35,23,12,Universal P&C Insurance Co.;Florida Family Insurance Co.;First Protective Insurance Co.;Cypress P&C Insurance Co.;Florida Peninsula Insurance Co;Tower Hill Insurance Exchange;Kin Interinsurance Network;Unique Insurance Co.;Heritage P&C Insurance Co.;Florida Family Home Ins Co.;US Coastal P&C Insurance Co.;TypTap Insurance Co.;Homeowners Choice P&C Ins Co.;Vault E&S Insurance Co.;Edison Insurance Co.;Safe Harbor Insurance Co.;Spinnaker Specialty Ins Co.;GeoVera Specialty Insurance Co;Florida Farm Bureau Cas Ins Co;Universal North America Ins Co;QBE Specialty Insurance Co.;Auto Club Insurance Co. of FL;American Platinum P&C Ins Co.;FL Farm Bureau General Ins Co.;Castle Key Insurance Co.;Homesite Insurance Co.;PURE Specialty Exchange;State Farm FL Ins Co;AIG Property Casualty Co.;Foremost P&C Insurance Co.;ASI Preferred Insurance Corp.;Nationwide P&C Insurance Co.;ACE Ins Co. of the Midwest;Castle Key Indemnity Co.;First Liberty Insurance Corp.,Universal P&C Insurance Co.;Florida Family Insurance Co.;First Protective Insurance Co.;Cypress P&C Insurance Co.;Florida Peninsula Insurance Co;Tower Hill Insurance Exchange;Kin Interinsurance Network;Unique Insurance Co.;Heritage P&C Insurance Co.;Florida Family Home Ins Co.;US Coastal P&C Insurance Co.;TypTap Insurance Co.;Homeowners Choice P&C Ins Co.;Vault E&S Insurance Co.;Edison Insurance Co.;Safe Harbor Insurance Co.;Spinnaker Specialty Ins Co.;GeoVera Specialty Insurance Co;Florida Farm Bureau Cas Ins Co;Universal North America Ins Co;QBE Specialty Insurance Co.;American Platinum P&C Ins Co.;Castle Key Indemnity Co.,8757054879.644186,13,37.63650469101551,4924127733.180271,79278314.2321725,1,0.9811320754716981,19429143478.32586,284212740.0,14929496511.919922,539937478.65,359958319.1,539937478.65,359958319.1,12088881459.300982,15529881459.300982,3441000000.0,1395853723.0,1395853723.0,0.0,True,21818244641.048294,17000000000.0,4818244641.048294,0.7791644231551346,12941362197.775654,4058637802.2243466,2488514564.4741955,0.0,14,9464500000.0,9464500000.0,97
gm_then_andrew,baseline,,COMPOSITE,"{""gm_then_andrew"": 0.6131236635157565}",266548625724.76184,163427269909.45624,103121355815.3056,19407117954.11375,65060744547.18589,0.0,59348857804.602196,19610549603.55443,19407117954.11375,65060744547.18589,32081562522.32517,71039793292.98044,22.265677657586515,7.35721279756448,7.280892145417979,24.408583751006702,12.035913685577428,26.651719962846908,59348857804.602196,19610549603.55443,32081562522.32517,34,21,13,Universal P&C Insurance Co.;Florida Family Insurance Co.;First Protective Insurance Co.;Cypress P&C Insurance Co.;Florida Peninsula Insurance Co;Tower Hill Insurance Exchange;Kin Interinsurance Network;Unique Insurance Co.;Heritage P&C Insurance Co.;Florida Family Home Ins Co.;US Coastal P&C Insurance Co.;TypTap Insurance Co.;Homeowners Choice P&C Ins Co.;Vault E&S Insurance Co.;Edison Insurance Co.;Safe Harbor Insurance Co.;GeoVera Specialty Insurance Co;Florida Farm Bureau Cas Ins Co;Universal North America Ins Co;QBE Specialty Insurance Co.;Auto Club Insurance Co. of FL;American Platinum P&C Ins Co.;FL Farm Bureau General Ins Co.;Castle Key Insurance Co.;Homesite Insurance Co.;PURE Specialty Exchange;State Farm FL Ins Co;AIG Property Casualty Co.;Foremost P&C Insurance Co.;ASI Preferred Insurance Corp.;Nationwide P&C Insurance Co.;ACE Ins Co. of the Midwest;Castle Key Indemnity Co.;First Liberty Insurance Corp.,Universal P&C Insurance Co.;Florida Family Insurance Co.;First Protective Insurance Co.;Cypress P&C Insurance Co.;Florida Peninsula Insurance Co;Tower Hill Insurance Exchange;Kin Interinsurance Network;Unique Insurance Co.;Heritage P&C Insurance Co.;Florida Family Home Ins Co.;US Coastal P&C Insurance Co.;TypTap Insurance Co.;Homeowners Choice P&C Ins Co.;Vault E&S Insurance Co.;Edison Insurance Co.;Safe Harbor Insurance Co.;GeoVera Specialty Insurance Co;Florida Farm Bureau Cas Ins Co;Universal North America Ins Co;QBE Specialty Insurance Co.;American Platinum P&C Ins Co.,7207486138.209329,13,35.80938809441937,3224107523.62938,43498522.35143219,1,0.9811320754716981,14407570032.40659,304390140.0,14217921764.083359,539937478.65,359958319.1,539937478.65,359958319.1,28640562522.32517,32081562522.32517,3441000000.0,1395853723.0,1395853723.0,0.0,True,23341049384.918644,16999999999.999998,6341049384.918646,0.7283305784436672,12777985578.904068,4222014421.095931,2285938585.7218723,0.0,14,9464500000.0,9464500000.0,98
gm_then_andrew,baseline,,COMPOSITE,"{""gm_then_andrew"": 0.7481264380289931}",266548625724.76187,199412073924.9894,67136551799.77247,28592035409.43639,75537475687.70676,0.0,67420703742.613785,27861859085.232483,28592035409.43639,75537475687.70676,20939850988.434547,46196700811.33791,25.293960364377345,10.452824136487067,10.726761517412784,28.33909778462214,7.855921572095081,17.33143462500558,67420703742.613785,27861859085.232483,20939850988.434547,36,22,14,Universal P&C Insurance Co.;Florida Family Insurance Co.;First Protective Insurance Co.;Cypress P&C Insurance Co.;Florida Peninsula Insurance Co;Tower Hill Insurance Exchange;Kin Interinsurance Network;Unique Insurance Co.;Heritage P&C Insurance Co.;Florida Family Home Ins Co.;US Coastal P&C Insurance Co.;TypTap Insurance Co.;Homeowners Choice P&C Ins Co.;Vault E&S Insurance Co.;Edison Insurance Co.;Safe Harbor Insurance Co.;Spinnaker Specialty Ins Co.;GeoVera Specialty Insurance Co;Florida Farm Bureau Cas Ins Co;Universal North America Ins Co;QBE Specialty Insurance Co.;Auto Club Insurance Co. of FL;American Platinum P&C Ins Co.;Privilege Underwriters Recpl;FL Farm Bureau General Ins Co.;Castle Key Insurance Co.;Homesite Insurance Co.;PURE Specialty Exchange;State Farm FL Ins Co;AIG Property Casualty Co.;Foremost P&C Insurance Co.;ASI Preferred Insurance Corp.;Nationwide P&C Insurance Co.;ACE Ins Co. of the Midwest;Castle Key Indemnity Co.;First Liberty Insurance Corp.,Universal P&C Insurance Co.;Florida Family Insurance Co.;First Protective Insurance Co.;Cypress P&C Insurance Co.;Florida Peninsula Insurance Co;Tower Hill Insurance Exchange;Kin Interinsurance Network;Unique Insurance Co.;Heritage P&C Insurance Co.;Florida Family Home Ins Co.;US Coastal P&C Insurance Co.;TypTap Insurance Co.;Homeowners Choice P&C Ins Co.;Vault E&S Insurance Co.;Edison Insurance Co.;Safe Harbor Insurance Co.;Spinnaker Specialty Ins Co.;GeoVera Specialty Insurance Co;Florida Farm Bureau Cas Ins Co;Universal North America Ins Co;QBE Specialty Insurance Co.;American Platinum P&C Ins Co.,7972225822.14246,14,35.89838321723671,4486951658.246649,61513185.0703035,1,0.9811320754716981,19305931410.36467,303407340.0,22004456590.64438,539937478.65,359958319.1,539937478.65,359958319.1,17498850988.434547,20939850988.434547,3441000000.0,1395853723.0,1395853723.0,0.0,True,22332180939.85953,16999999999.999998,5332180939.859533,0.7612333092670585,12365914928.105577,4634085071.894423,2432719149.270132,0.0,14,9464500000.0,9464500000.0,99
gm_then_andrew,baseline,,COMPOSITE,"{""gm_then_andrew"": 0.8365475896826592}",266548625724.7619,222980610383.27487,43568015341.48704,50010629662.10809,116641466318.78491,0.0,43173286865.87979,13155227536.502062,50010629662.10809,116641466318.78491,13642497517.206814,29925517824.280224,16.197152301381784,4.9353949962158685,18.76229131781346,43.75992035285483,5.118202159216553,11.22703887251751,43173286865.87979,13155227536.502062,13642497517.206814,31,19,12,Universal P&C Insurance Co.;Florida Family Insurance Co.;First Protective Insurance Co.;Cypress P&C Insurance Co.;Florida Peninsula Insurance Co;Tower Hill Insurance Exchange;Kin Interinsurance Network;Heritage P&C Insurance Co.;Florida Family Home Ins Co.;US Coastal P&C Insurance Co.;TypTap Insurance Co.;Homeowners Choice P&C Ins Co.;Vault E&S Insurance Co.;Edison Insurance Co.;Safe Harbor Insurance Co.;GeoVera Specialty Insurance Co;Florida Farm Bureau Cas Ins Co;Universal North America Ins Co;Auto Club Insurance Co. of FL;American Platinum P&C Ins Co.;FL Farm Bureau General Ins Co.;Castle Key Insurance Co.;Homesite Insurance Co.;State Farm FL Ins Co;AIG Property Casualty Co.;Foremost P&C Insurance Co.;ASI Preferred Insurance Corp.;Nationwide P&C Insurance Co.;ACE Ins Co. of the Midwest;Castle Key Indemnity Co.;First Liberty Insurance Corp.,Universal P&C Insurance Co.;Florida Family Insurance Co.;First Protective Insurance Co.;Cypress P&C Insurance Co.;Florida Peninsula Insurance Co;Tower Hill Insurance Exchange;Kin Interinsurance Network;Heritage P&C Insurance Co.;Florida Family Home Ins Co.;US Coastal P&C Insurance Co.;TypTap Insurance Co.;Homeowners Choice P&C Ins Co.;Vault E&S Insurance Co.;Edison Insurance Co.;Safe Harbor Insurance Co.;GeoVera Specialty Insurance Co;Florida Farm Bureau Cas Ins Co;Universal North America Ins Co;American Platinum P&C Ins Co.,3765819144.535865,12,35.41856476294073,2064279919.343967,19680591.43377631,1,0.9811320754716981,8644696079.878328,308706120.0,7483220651.4787655,539937478.65,359958319.1,539937478.65,359958319.1,10201497517.206814,13642497517.206814,3441000000.0,1395853723.0,1395853723.0,0.0,False,16754038978.640404,16754038978.640404,0.0,1.0,12219363814.009884,4534675164.630521,2125000000.0,0.0,13,9464500000.0,9464500000.0,100
