scenario,policy_scenario,policy_severity,events,wind_shares,total_damage_usd,wind_total_usd,water_total_usd,underinsured_wind_usd,uninsured_wind_usd,nfip_policyholder_shortfall_usd,wind_insured_private_usd,wind_insured_citizens_usd,wind_underinsured_usd,wind_uninsured_usd,flood_insured_capped_usd,flood_un_derinsured_usd,wind_insured_private_pct,wind_insured_citizens_pct,wind_underinsured_pct,wind_uninsured_pct,flood_insured_capped_pct,flood_un_derinsured_pct,insured_private_wind_pre_usd,insured_citizens_wind_pre_usd,insured_flood_pre_usd,defaults_pre,defaults_post,rescued_defaults,default_companies_pre,default_companies_post,group_contrib_total_usd,group_supported_companies,defaulted_premium_base_pct,largest_entity_deficit_usd,diag_group_shortfall_total_usd,diag_groups_with_shortfall,diag_groups_fully_funded_share,figa_residual_deficit_usd,figa_collected_usd,citizens_residual_deficit_usd,citizens_tier1_usd,citizens_tier2_usd,citizens_tier1_capacity_usd,citizens_tier2_capacity_usd,nfip_borrowed_usd,nfip_claims_paid_usd,nfip_pool_used_usd,nfip_fl_premium_base_usd,nfip_fl_premium_depletion_usd,underinsured_flood_usd,fhcf_cap_binding,fhcf_total_precap_usd,fhcf_total_postcap_usd,fhcf_shortfall_usd,fhcf_scaling_factor,fhcf_recovery_private_usd,fhcf_recovery_citizens_usd,catbond_payout_usd,catbond_unfilled_usd,catbond_triggers,catbond_limit_in_force_usd,catbond_issue_volume_year_usd,iter
andrew,baseline,,1992230N11325,"{""1992230N11325"": 0.8353592015253047}",114169083378.42006,95372194329.87291,18796889048.54715,12878716706.637499,24986362346.322018,0.0,39175163310.08343,18331951966.829994,12878716706.637499,24986362346.322018,6463976748.809225,12332912299.73792,34.313285305300276,16.056844308776373,11.280388985825738,21.885401552628103,5.661757594552983,10.80232225291655,39175163310.08343,18331951966.829994,6463976748.809225,28,18,10,Universal P&C Insurance Co.;Florida Family Insurance Co.;First Protective Insurance Co.;Cypress P&C Insurance Co.;Florida Peninsula Insurance Co;Tower Hill Insurance Exchange;Kin Interinsurance Network;Heritage P&C Insurance Co.;Florida Family Home Ins Co.;US Coastal P&C Insurance Co.;TypTap Insurance Co.;Homeowners Choice P&C Ins Co.;Edison Insurance Co.;Safe Harbor Insurance Co.;GeoVera Specialty Insurance Co;Florida Farm Bureau Cas Ins Co;Universal North America Ins Co;Auto Club Insurance Co. of FL;American Platinum P&C Ins Co.;FL Farm Bureau General Ins Co.;Castle Key Insurance Co.;Homesite Insurance Co.;State Farm FL Ins Co;AIG Property Casualty Co.;ASI Preferred Insurance Corp.;ACE Ins Co. of the Midwest;Castle Key Indemnity Co.;First Liberty Insurance Corp.,Universal P&C Insurance Co.;Florida Family Insurance Co.;First Protective Insurance Co.;Cypress P&C Insurance Co.;Florida Peninsula Insurance Co;Tower Hill Insurance Exchange;Kin Interinsurance Network;Heritage P&C Insurance Co.;Florida Family Home Ins Co.;US Coastal P&C Insurance Co.;TypTap Insurance Co.;Homeowners Choice P&C Ins Co.;Edison Insurance Co.;Safe Harbor Insurance Co.;GeoVera Specialty Insurance Co;Florida Farm Bureau Cas Ins Co;Universal North America Ins Co;American Platinum P&C Ins Co.,4054676202.2941556,10,35.166819401784345,1530036783.1786048,27173865.50225947,1,0.9811320754716981,6616989528.8766165,311486220.0,12509672967.419798,539937478.65,359958319.1,539937478.65,359958319.1,3022976748.809225,6463976748.809225,3441000000.0,1395853723.0,1395853723.0,0.0,False,15144483162.069347,15144483162.069347,0.0,1.0,10576243352.896547,4568239809.1728,2168609642.240299,0.0,14,9464500000.0,9464500000.0,1
andrew,baseline,,1992230N11325,"{""1992230N11325"": 0.8890392998487388}",114169083378.42007,101500801951.12285,12668281427.297234,42118784329.919556,26543918784.589657,0.0,23390520751.891304,9447578084.722317,42118784329.919556,26543918784.589657,4370387095.15171,8297894332.145525,20.487613686414615,8.275075708024886,36.89158490509589,23.249655685338467,3.8279952556558654,7.268074759470277,23390520751.891304,9447578084.722317,4370387095.15171,21,14,7,Universal P&C Insurance Co.;Florida Family Insurance Co.;First Protective Insurance Co.;Cypress P&C Insurance Co.;Tower Hill Insurance Exchange;Kin Interinsurance Network;Florida Family Home Ins Co.;US Coastal P&C Insurance Co.;TypTap Insurance Co.;Homeowners Choice P&C Ins Co.;Edison Insurance Co.;Safe Harbor Insurance Co.;GeoVera Specialty Insurance Co;Universal North America Ins Co;FL Farm Bureau General Ins Co.;Homesite Insurance Co.;State Farm FL Ins Co;AIG Property Casualty Co.;ASI Preferred Insurance Corp.;Castle Key Indemnity Co.;First Liberty Insurance Corp.,Universal P&C Insurance Co.;Florida Family Insurance Co.;First Protective Insurance Co.;Cypress P&C Insurance Co.;Tower Hill Insurance Exchange;Kin Interinsurance Network;Florida Family Home Ins Co.;US Coastal P&C Insurance Co.;TypTap Insurance Co.;Homeowners Choice P&C Ins Co.;Edison Insurance Co.;Safe Harbor Insurance Co.;GeoVera Specialty Insurance Co;Universal North America Ins Co,1092634316.9110408,7,29.203227969374158,617484917.8352787,0.0,0,1.0,1517334793.9509745,377343960.0,3693195070.0031967,539937478.65,359958319.1,539937478.65,359958319.1,929387095.1517096,4370387095.15171,3441000000.0,1395853723.0,1395853723.0,0.0,False,14258092256.664581,14258092256.664581,0.0,1.0,9689852447.491781,4568239809.1728,1841618095.3511086,0.0,13,9464500000.0,9464500000.0,2
andrew,baseline,,1992230N11325,"{""1992230N11325"": 0.766533628295475}",114169083378.42009,87514441721.22894,26654641657.191143,16117769249.101284,47172669177.1482,0.0,16780791891.530888,7443211403.448558,16117769249.101284,47172669177.1482,9148258494.21199,17506383162.979153,14.698192711165047,6.519463223487219,14.117455244584908,41.3182516503103,8.012903514246105,15.333733656206405,16780791891.530888,7443211403.448558,9148258494.21199,15,11,4,Universal P&C Insurance Co.;Florida Family Insurance Co.;First Protective Insurance Co.;Cypress P&C Insurance Co.;Tower Hill Insurance Exchange;Kin Interinsurance Network;Florida Family Home Ins Co.;TypTap Insurance Co.;Homeowners Choice P&C Ins Co.;Edison Insurance Co.;GeoVera Specialty Insurance Co;FL Farm Bureau General Ins Co.;AIG Property Casualty Co.;ASI Preferred Insurance Corp.;Castle Key Indemnity Co.,Universal P&C Insurance Co.;Florida Family Insurance Co.;First Protective Insurance Co.;Cypress P&C Insurance Co.;Tower Hill Insurance Exchange;Kin Interinsurance Network;Florida Family Home Ins Co.;TypTap Insurance Co.;Homeowners Choice P&C Ins Co.;Edison Insurance Co.;GeoVera Specialty Insurance Co,323056161.7392901,4,27.91334743744846,210197917.59104216,0.0,0,1.0,381211749.24782705,391588500.0,1703960749.0990639,539937478.65,359958319.1,539937478.65,359958319.1,5707258494.21199,9148258494.21199,3441000000.0,1395853723.0,1395853723.0,0.0,False,12665371387.586378,12665371387.586378,0.0,1.0,8097131578.413578,4568239809.1728,1451134615.0236888,0.0,11,9464500000.0,9464500000.0,3
andrew,baseline,,1992230N11325,"{""1992230N11325"": 0.8820342743265873}",114169083378.42009,100701044608.2164,13468038770.203684,17990216490.768032,50453378286.83587,0.0,26868566132.813034,5388883697.7994585,17990216490.768032,50453378286.83587,4643591679.622087,8824447090.581598,23.534012306778013,4.720090184080474,15.757520300954338,44.191804640845895,4.067293475792068,7.729279091549202,26868566132.813034,5388883697.7994585,4643591679.622087,24,15,9,Universal P&C Insurance Co.;Florida Family Insurance Co.;First Protective Insurance Co.;Cypress P&C Insurance Co.;Florida Peninsula Insurance Co;Tower Hill Insurance Exchange;Kin Interinsurance Network;Florida Family Home Ins Co.;US Coastal P&C Insurance Co.;TypTap Insurance Co.;Homeowners Choice P&C Ins Co.;Edison Insurance Co.;Safe Harbor Insurance Co.;GeoVera Specialty Insurance Co;Universal North America Ins Co;Auto Club Insurance Co. of FL;FL Farm Bureau General Ins Co.;Homesite Insurance Co.;State Farm FL Ins Co;AIG Property Casualty Co.;ASI Preferred Insurance Corp.;ACE Ins Co. of the Midwest;Castle Key Indemnity Co.;First Liberty Insurance Corp.,Universal P&C Insurance Co.;Florida Family Insurance Co.;First Protective Insurance Co.;Cypress P&C Insurance Co.;Florida Peninsula Insurance Co;Tower Hill Insurance Exchange;Kin Interinsurance Network;Florida Family Home Ins Co.;US Coastal P&C Insurance Co.;TypTap Insurance Co.;Homeowners Choice P&C Ins Co.;Edison Insurance Co.;Safe Harbor Insurance Co.;GeoVera Specialty Insurance Co;Universal North America Ins Co,1377269827.7720711,9,32.274744134947035,1132876764.0141795,0.0,0,1.0,2892951822.0576205,343424280.0,1456733945.6751037,539937478.65,359958319.1,539937478.65,359958319.1,1202591679.6220865,4643591679.622087,3441000000.0,1395853723.0,1395853723.0,0.0,False,13024739899.218779,13024739899.218779,0.0,1.0,10134070439.666142,2890669459.5526366,2086439784.8305378,0.0,13,9464500000.0,9464500000.0,4
andrew,baseline,,1992230N11325,"{""1992230N11325"": 0.9373369409972914}",114169083378.42007,107014899370.39297,7154184008.027107,7406486275.761998,87622028194.4521,0.0,8879976860.738228,3106408039.440648,7406486275.761998,87622028194.4521,2486719870.933311,4667464137.093796,7.777917276698306,2.7208837519911393,6.487295909359952,76.74759716167974,2.1781026853749306,4.08820321489594,8879976860.738228,3106408039.440648,2486719870.933311,11,7,4,Universal P&C Insurance Co.;First Protective Insurance Co.;Tower Hill Insurance Exchange;Kin Interinsurance Network;TypTap Insurance Co.;Homeowners Choice P&C Ins Co.;GeoVera Specialty Insurance Co;FL Farm Bureau General Ins Co.;AIG Property Casualty Co.;ASI Preferred Insurance Corp.;Castle Key Indemnity Co.,Universal P&C Insurance Co.;First Protective Insurance Co.;Tower Hill Insurance Exchange;Kin Interinsurance Network;TypTap Insurance Co.;Homeowners Choice P&C Ins Co.;GeoVera Specialty Insurance Co,120570811.4420263,4,23.145936299594748,189732493.8954954,0.0,0,1.0,52165005.55921453,444236460.0,1278087782.220923,539937478.65,359958319.1,539937478.65,359958319.1,0.0,2486719870.933311,2486719870.933311,1395853723.0,1395853723.0,0.0,False,2914021104.9089837,2914021104.9089837,0.0,1.0,2283002547.1315703,631018557.7774135,1435036495.4058695,0.0,10,9464500000.0,9464500000.0,5
andrew,baseline,,1992230N11325,"{""1992230N11325"": 0.9279654725052069}",114169083378.42007,105944967402.74194,8224115975.678133,26667949574.99829,34932483211.41167,0.0,30210375793.99365,14134158822.338352,26667949574.99829,34932483211.41167,2852218632.8094673,5371897342.868667,26.4610828956729,12.380023036087502,23.35829349405024,30.597147824710053,2.4982408095154995,4.705211939963816,30210375793.99365,14134158822.338352,2852218632.8094673,25,17,8,Universal P&C Insurance Co.;Florida Family Insurance Co.;First Protective Insurance Co.;Cypress P&C Insurance Co.;Florida Peninsula Insurance Co;Tower Hill Insurance Exchange;Kin Interinsurance Network;Florida Family Home Ins Co.;US Coastal P&C Insurance Co.;TypTap Insurance Co.;Homeowners Choice P&C Ins Co.;Edison Insurance Co.;Safe Harbor Insurance Co.;GeoVera Specialty Insurance Co;Florida Farm Bureau Cas Ins Co;Universal North America Ins Co;American Platinum P&C Ins Co.;FL Farm Bureau General Ins Co.;Homesite Insurance Co.;State Farm FL Ins Co;AIG Property Casualty Co.;ASI Preferred Insurance Corp.;ACE Ins Co. of the Midwest;Castle Key Indemnity Co.;First Liberty Insurance Corp.,Universal P&C Insurance Co.;Florida Family Insurance Co.;First Protective Insurance Co.;Cypress P&C Insurance Co.;Florida Peninsula Insurance Co;Tower Hill Insurance Exchange;Kin Interinsurance Network;Florida Family Home Ins Co.;US Coastal P&C Insurance Co.;TypTap Insurance Co.;Homeowners Choice P&C Ins Co.;Edison Insurance Co.;Safe Harbor Insurance Co.;GeoVera Specialty Insurance Co;Florida Farm Bureau Cas Ins Co;Universal North America Ins Co;American Platinum P&C Ins Co.,2221083763.3721166,8,33.145293557041065,1078062307.9582558,17084047.841235973,1,0.9811320754716981,3676455043.9976544,333810540.0,8313686790.577511,539937478.65,359958319.1,539937478.65,359958319.1,0.0,2852218632.8094673,2852218632.8094673,1395853723.0,1395853723.0,0.0,False,14751080777.026558,14751080777.026558,0.0,1.0,10182840967.853758,4568239809.172801,2086187756.0190437,0.0,13,9464500000.0,9464500000.0,6
andrew,baseline,,1992230N11325,"{""1992230N11325"": 0.8722890314322749}",114169083378.4201,99588439159.67268,14580644218.747414,4863093725.71879,53845146737.43432,0.0,31796058777.502678,9084139919.016897,4863093725.71879,53845146737.43432,5023668101.482987,9556976117.264423,27.8499728968768,7.956742447433851,4.259553971892531,47.16263382702428,4.400200082917146,8.370896773855376,31796058777.502678,9084139919.016897,5023668101.482987,25,17,8,Universal P&C Insurance Co.;Florida Family Insurance Co.;First Protective Insurance Co.;Cypress P&C Insurance Co.;Tower Hill Insurance Exchange;Kin Interinsurance Network;Heritage P&C Insurance Co.;Florida Family Home Ins Co.;US Coastal P&C Insurance Co.;TypTap Insurance Co.;Homeowners Choice P&C Ins Co.;Edison Insurance Co.;Safe Harbor Insurance Co.;GeoVera Specialty Insurance Co;Florida Farm Bureau Cas Ins Co;Universal North America Ins Co;American Platinum P&C Ins Co.;FL Farm Bureau General Ins Co.;Homesite Insurance Co.;State Farm FL Ins Co;AIG Property Casualty Co.;ASI Preferred Insurance Corp.;ACE Ins Co. of the Midwest;Castle Key Indemnity Co.;First Liberty Insurance Corp.,Universal P&C Insurance Co.;Florida Family Insurance Co.;First Protective Insurance Co.;Cypress P&C Insurance Co.;Tower Hill Insurance Exchange;Kin Interinsurance Network;Heritage P&C Insurance Co.;Florida Family Home Ins Co.;US Coastal P&C Insurance Co.;TypTap Insurance Co.;Homeowners Choice P&C Ins Co.;Edison Insurance Co.;Safe Harbor Insurance Co.;GeoVera Specialty Insurance Co;Florida Farm Bureau Cas Ins Co;Universal North America Ins Co;American Platinum P&C Ins Co.,2437023728.6604753,8,32.09530323621147,1318136831.2064521,7123920.712121546,1,0.9811320754716981,3912224117.701256,345405900.0,3426537503.359865,539937478.65,359958319.1,539937478.65,359958319.1,1582668101.4829874,5023668101.482987,3441000000.0,1395853723.0,1395853723.0,0.0,False,14900286158.726654,14900286158.726654,0.0,1.0,10332046349.553854,4568239809.172799,2086584291.841733,0.0,13,9464500000.0,9464500000.0,7
andrew,baseline,,1992230N11325,"{""1992230N11325"": 0.8103614677120623}",114169083378.4201,92518225973.87732,21650857404.542778,18455408328.245815,48553574107.90814,0.0,19186881485.77084,6322362051.95251,18455408328.245815,48553574107.90814,7438919018.120278,14211938386.422504,16.805671831641845,5.5377181500149835,16.16497897865597,42.52777781089341,6.515703549500827,12.448149679292952,19186881485.77084,6322362051.95251,7438919018.120278,17,12,5,Universal P&C Insurance Co.;Florida Family Insurance Co.;First Protective Insurance Co.;Cypress P&C Insurance Co.;Tower Hill Insurance Exchange;Kin Interinsurance Network;Florida Family Home Ins Co.;TypTap Insurance Co.;Homeowners Choice P&C Ins Co.;Edison Insurance Co.;Safe Harbor Insurance Co.;GeoVera Specialty Insurance Co;FL Farm Bureau General Ins Co.;State Farm FL Ins Co;AIG Property Casualty Co.;ASI Preferred Insurance Corp.;Castle Key Indemnity Co.,Universal P&C Insurance Co.;Florida Family Insurance Co.;First Protective Insurance Co.;Cypress P&C Insurance Co.;Tower Hill Insurance Exchange;Kin Interinsurance Network;Florida Family Home Ins Co.;TypTap Insurance Co.;Homeowners Choice P&C Ins Co.;Edison Insurance Co.;Safe Harbor Insurance Co.;GeoVera Specialty Insurance Co,583290636.2144145,5,28.525995730733356,243318263.91761607,0.0,0,1.0,780436112.7301064,384822840.0,1395338728.744349,539937478.65,359958319.1,539937478.65,359958319.1,3997919018.1202784,7438919018.120278,3441000000.0,1395853723.0,1395853723.0,0.0,False,12635754000.589066,12635754000.589066,0.0,1.0,8820940970.424908,3814813030.1641583,1572114709.3765135,0.0,12,9464500000.0,9464500000.0,8
andrew,baseline,,1992230N11325,"{""1992230N11325"": 0.9605590450102961}",114169083378.42009,109666145699.67606,4502937678.74403,28028934503.90995,29737193253.678776,0.0,36801972298.64863,15098045643.438702,28028934503.90995,29737193253.678776,1581029340.9932525,2921908337.7507772,32.23462185175504,13.224285591744087,24.55037184717198,26.046625210358492,1.3848139042623635,2.5592815947080365,36801972298.64863,15098045643.438702,1581029340.9932525,29,18,11,Universal P&C Insurance Co.;Florida Family Insurance Co.;First Protective Insurance Co.;Cypress P&C Insurance Co.;Florida Peninsula Insurance Co;Tower Hill Insurance Exchange;Kin Interinsurance Network;Heritage P&C Insurance Co.;Florida Family Home Ins Co.;US Coastal P&C Insurance Co.;TypTap Insurance Co.;Homeowners Choice P&C Ins Co.;Edison Insurance Co.;Safe Harbor Insurance Co.;GeoVera Specialty Insurance Co;Florida Farm Bureau Cas Ins Co;Universal North America Ins Co;Auto Club Insurance Co. of FL;American Platinum P&C Ins Co.;FL Farm Bureau General Ins Co.;Castle Key Insurance Co.;Homesite Insurance Co.;State Farm FL Ins Co;AIG Property Casualty Co.;ASI Preferred Insurance Corp.;Nationwide P&C Insurance Co.;ACE Ins Co. of the Midwest;Castle Key Indemnity Co.;First Liberty Insurance Corp.,Universal P&C Insurance Co.;Florida Family Insurance Co.;First Protective Insurance Co.;Cypress P&C Insurance Co.;Florida Peninsula Insurance Co;Tower Hill Insurance Exchange;Kin Interinsurance Network;Heritage P&C Insurance Co.;Florida Family Home Ins Co.;US Coastal P&C Insurance Co.;TypTap Insurance Co.;Homeowners Choice P&C Ins Co.;Edison Insurance Co.;Safe Harbor Insurance Co.;GeoVera Specialty Insurance Co;Florida Farm Bureau Cas Ins Co;Universal North America Ins Co;American Platinum P&C Ins Co.,3030439692.9304776,11,35.166819401784345,1993322935.5187454,9097915.376481242,1,0.9811320754716981,6140653614.324498,311486220.0,9318087954.236227,539937478.65,359958319.1,539937478.65,359958319.1,0.0,1581029340.9932525,1581029340.9932525,1395853723.0,1395853723.0,0.0,False,15092206656.112877,15092206656.112877,0.0,1.0,10523966846.940075,4568239809.172801,2086650336.2947416,0.0,13,9464500000.0,9464500000.0,9
andrew,baseline,,1992230N11325,"{""1992230N11325"": 0.897122470471632}",114169083378.42007,102423650131.92995,11745433246.490135,21196617315.43786,42373876013.13254,0.0,29019665633.351925,9833491170.007616,21196617315.43786,42373876013.13254,4055133529.801026,7690299716.689108,25.418147167884808,8.613094612850606,18.56598712033137,37.1150181460964,3.551866591028019,6.735886361808793,29019665633.351925,9833491170.007616,4055133529.801026,24,15,9,Universal P&C Insurance Co.;Florida Family Insurance Co.;First Protective Insurance Co.;Cypress P&C Insurance Co.;Florida Peninsula Insurance Co;Tower Hill Insurance Exchange;Kin Interinsurance Network;Florida Family Home Ins Co.;US Coastal P&C Insurance Co.;TypTap Insurance Co.;Homeowners Choice P&C Ins Co.;Edison Insurance Co.;Safe Harbor Insurance Co.;GeoVera Specialty Insurance Co;Universal North America Ins Co;Auto Club Insurance Co. of FL;FL Farm Bureau General Ins Co.;Homesite Insurance Co.;State Farm FL Ins Co;AIG Property Casualty Co.;ASI Preferred Insurance Corp.;ACE Ins Co. of the Midwest;Castle Key Indemnity Co.;First Liberty Insurance Corp.,Universal P&C Insurance Co.;Florida Family Insurance Co.;First Protective Insurance Co.;Cypress P&C Insurance Co.;Florida Peninsula Insurance Co;Tower Hill Insurance Exchange;Kin Interinsurance Network;Florida Family Home Ins Co.;US Coastal P&C Insurance Co.;TypTap Insurance Co.;Homeowners Choice P&C Ins Co.;Edison Insurance Co.;Safe Harbor Insurance Co.;GeoVera Specialty Insurance Co;Universal North America Ins Co,2294402842.4110384,9,32.274744134947035,1139738211.5890098,0.0,0,1.0,3405113894.0309405,343424280.0,4125336839.606074,539937478.65,359958319.1,539937478.65,359958319.1,614133529.8010259,4055133529.801026,3441000000.0,1395853723.0,1395853723.0,0.0,False,14942005622.613346,14942005622.613346,0.0,1.0,10373765813.440546,4568239809.1728,2086461706.8343103,0.0,13,9464500000.0,9464500000.0,10
andrew,baseline,,1992230N11325,"{""1992230N11325"": 0.8876321977949508}",114169083378.42009,101340154399.422,12828928978.998096,4069631235.1009893,45524295456.67845,0.0,37494190683.34597,14252037024.296574,4069631235.1009893,45524295456.67845,4425265800.546417,8403663178.451679,32.84093168994735,12.483271830305727,3.564565042194443,39.87445121704754,3.8760631771725937,7.3607170433323414,37494190683.34597,14252037024.296574,4425265800.546417,27,17,10,Universal P&C Insurance Co.;Florida Family Insurance Co.;First Protective Insurance Co.;Cypress P&C Insurance Co.;Florida Peninsula Insurance Co;Tower Hill Insurance Exchange;Kin Interinsurance Network;Florida Family Home Ins Co.;US Coastal P&C Insurance Co.;TypTap Insurance Co.;Homeowners Choice P&C Ins Co.;Edison Insurance Co.;Safe Harbor Insurance Co.;GeoVera Specialty Insurance Co;Florida Farm Bureau Cas Ins Co;Universal North America Ins Co;Auto Club Insurance Co. of FL;American Platinum P&C Ins Co.;FL Farm Bureau General Ins Co.;Homesite Insurance Co.;State Farm FL Ins Co;AIG Property Casualty Co.;ASI Preferred Insurance Corp.;Nationwide P&C Insurance Co.;ACE Ins Co. of the Midwest;Castle Key Indemnity Co.;First Liberty Insurance Corp.,Universal P&C Insurance Co.;Florida Family Insurance Co.;First Protective Insurance Co.;Cypress P&C Insurance Co.;Florida Peninsula Insurance Co;Tower Hill Insurance Exchange;Kin Interinsurance Network;Florida Family Home Ins Co.;US Coastal P&C Insurance Co.;TypTap Insurance Co.;Homeowners Choice P&C Ins Co.;Edison Insurance Co.;Safe Harbor Insurance Co.;GeoVera Specialty Insurance Co;Florida Farm Bureau Cas Ins Co;Universal North America Ins Co;American Platinum P&C Ins Co.,3127691980.826484,10,33.145293557041065,2566604472.843983,30705017.01462511,1,0.9811320754716981,7051284203.269557,333810540.0,8495658480.264767,539937478.65,359958319.1,539937478.65,359958319.1,984265800.5464172,4425265800.546417,3441000000.0,1395853723.0,1395853723.0,0.0,False,15126634976.760971,15126634976.760971,0.0,1.0,10558395167.588171,4568239809.1728,2086545032.910166,0.0,13,9464500000.0,9464500000.0,11
andrew,baseline,,1992230N11325,"{""1992230N11325"": 0.9883292219787647}",114169083378.42007,112765033202.65971,1404050175.7603679,6098615635.143748,30308435441.274883,0.0,54690625065.6262,21667357060.6149,6098615635.143748,30308435441.274883,513039046.78851205,891011128.971856,47.90318310987129,18.978305176364763,5.3417400356360325,26.546972739384977,0.4493677549183909,0.7804311838245629,54690625065.6262,21667357060.6149,513039046.78851205,33,20,13,Universal P&C Insurance Co.;Florida Family Insurance Co.;First Protective Insurance Co.;Cypress P&C Insurance Co.;Florida Peninsula Insurance Co;Tower Hill Insurance Exchange;Kin Interinsurance Network;Heritage P&C Insurance Co.;Florida Family Home Ins Co.;US Coastal P&C Insurance Co.;TypTap Insurance Co.;Homeowners Choice P&C Ins Co.;Vault E&S Insurance Co.;Edison Insurance Co.;Safe Harbor Insurance Co.;GeoVera Specialty Insurance Co;Florida Farm Bureau Cas Ins Co;Universal North America Ins Co;QBE Specialty Insurance Co.;Auto Club Insurance Co. of FL;American Platinum P&C Ins Co.;FL Farm Bureau General Ins Co.;Castle Key Insurance Co.;Homesite Insurance Co.;PURE Specialty Exchange;State Farm FL Ins Co;AIG Property Casualty Co.;Foremost P&C Insurance Co.;ASI Preferred Insurance Corp.;Nationwide P&C Insurance Co.;ACE Ins Co. of the Midwest;Castle Key Indemnity Co.;First Liberty Insurance Corp.,Universal P&C Insurance Co.;Florida Family Insurance Co.;First Protective Insurance Co.;Cypress P&C Insurance Co.;Florida Peninsula Insurance Co;Tower Hill Insurance Exchange;Kin Interinsurance Network;Heritage P&C Insurance Co.;Florida Family Home Ins Co.;US Coastal P&C Insurance Co.;TypTap Insurance Co.;Homeowners Choice P&C Ins Co.;Vault E&S Insurance Co.;Edison Insurance Co.;Safe Harbor Insurance Co.;GeoVera Specialty Insurance Co;Florida Farm Bureau Cas Ins Co;Universal North America Ins Co;QBE Specialty Insurance Co.;American Platinum P&C Ins Co.,6454542952.084715,13,35.71378625186174,3198083042.6469436,45381050.43361321,1,0.9811320754716981,13322404575.57586,305445900.0,15894615419.403694,539937478.65,359958319.1,539937478.65,359958319.1,0.0,513039046.78851205,513039046.78851205,1395853723.0,513039046.78851205,0.0,False,15170626309.037304,15170626309.037304,0.0,1.0,10602386499.864504,4568239809.1728,2507896859.8874407,0.0,14,9464500000.0,9464500000.0,12
andrew,baseline,,1992230N11325,"{""1992230N11325"": 0.9131434152741461}",114169083378.42009,104252746714.88927,9916336663.53082,16996103496.488564,30429055865.31585,0.0,42515895787.859314,14311691565.22554,16996103496.488564,30429055865.31585,3430297038.662939,6486039624.867882,37.239412395856675,12.53552287687955,14.886782825569325,26.652623429109056,3.0045761401911406,5.681082332394248,42515895787.859314,14311691565.22554,3430297038.662939,31,19,12,Universal P&C Insurance Co.;Florida Family Insurance Co.;First Protective Insurance Co.;Cypress P&C Insurance Co.;Florida Peninsula Insurance Co;Tower Hill Insurance Exchange;Kin Interinsurance Network;Heritage P&C Insurance Co.;Florida Family Home Ins Co.;US Coastal P&C Insurance Co.;TypTap Insurance Co.;Homeowners Choice P&C Ins Co.;Vault E&S Insurance Co.;Edison Insurance Co.;Safe Harbor Insurance Co.;GeoVera Specialty Insurance Co;Florida Farm Bureau Cas Ins Co;Universal North America Ins Co;Auto Club Insurance Co. of FL;American Platinum P&C Ins Co.;FL Farm Bureau General Ins Co.;Castle Key Insurance Co.;Homesite Insurance Co.;State Farm FL Ins Co;AIG Property Casualty Co.;Foremost P&C Insurance Co.;ASI Preferred Insurance Corp.;Nationwide P&C Insurance Co.;ACE Ins Co. of the Midwest;Castle Key Indemnity Co.;First Liberty Insurance Corp.,Universal P&C Insurance Co.;Florida Family Insurance Co.;First Protective Insurance Co.;Cypress P&C Insurance Co.;Florida Peninsula Insurance Co;Tower Hill Insurance Exchange;Kin Interinsurance Network;Heritage P&C Insurance Co.;Florida Family Home Ins Co.;US Coastal P&C Insurance Co.;TypTap Insurance Co.;Homeowners Choice P&C Ins Co.;Vault E&S Insurance Co.;Edison Insurance Co.;Safe Harbor Insurance Co.;GeoVera Specialty Insurance Co;Florida Farm Bureau Cas Ins Co;Universal North America Ins Co;American Platinum P&C Ins Co.,3709460452.945364,12,35.41856476294073,2967686238.47449,38876189.40108017,1,0.9811320754716981,9427300212.768808,308706120.0,8588777586.371977,539937478.65,359958319.1,539937478.65,359958319.1,0.0,3430297038.662939,3430297038.662939,1395853723.0,1395853723.0,0.0,False,15142877879.458172,15142877879.458172,0.0,1.0,10574638070.285374,4568239809.172799,2107387396.55091,0.0,14,9464500000.0,9464500000.0,13
andrew,baseline,,1992230N11325,"{""1992230N11325"": 0.9481221924850153}",114169083378.42009,108246241646.75218,5922841731.6679125,19880417472.08006,43160140695.310745,0.0,34209880971.80521,10995802507.55615,19880417472.08006,43160140695.310745,2066081838.7384973,3856759892.9294147,29.964224954328976,9.631155985644487,17.413135749005935,37.80370255952212,1.8096684124986346,3.3781123389998315,34209880971.80521,10995802507.55615,2066081838.7384973,27,17,10,Universal P&C Insurance Co.;Florida Family Insurance Co.;First Protective Insurance Co.;Cypress P&C Insurance Co.;Florida Peninsula Insurance Co;Tower Hill Insurance Exchange;Kin Interinsurance Network;Heritage P&C Insurance Co.;Florida Family Home Ins Co.;US Coastal P&C Insurance Co.;TypTap Insurance Co.;Homeowners Choice P&C Ins Co.;Edison Insurance Co.;Safe Harbor Insurance Co.;GeoVera Specialty Insurance Co;Universal North America Ins Co;Auto Club Insurance Co. of FL;American Platinum P&C Ins Co.;FL Farm Bureau General Ins Co.;Castle Key Insurance Co.;Homesite Insurance Co.;State Farm FL Ins Co;AIG Property Casualty Co.;ASI Preferred Insurance Corp.;ACE Ins Co. of the Midwest;Castle Key Indemnity Co.;First Liberty Insurance Corp.,Universal P&C Insurance Co.;Florida Family Insurance Co.;First Protective Insurance Co.;Cypress P&C Insurance Co.;Florida Peninsula Insurance Co;Tower Hill Insurance Exchange;Kin Interinsurance Network;Heritage P&C Insurance Co.;Florida Family Home Ins Co.;US Coastal P&C Insurance Co.;TypTap Insurance Co.;Homeowners Choice P&C Ins Co.;Edison Insurance Co.;Safe Harbor Insurance Co.;GeoVera Specialty Insurance Co;Universal North America Ins Co;American Platinum P&C Ins Co.,2813408988.0798726,10,34.45361965929429,1348846249.966973,27415978.309944138,1,0.9811320754716981,5117331812.857502,319362300.0,5294816906.304049,539937478.65,359958319.1,539937478.65,359958319.1,0.0,2066081838.7384973,2066081838.7384973,1395853723.0,1395853723.0,0.0,False,15117457102.470575,15117457102.470575,0.0,1.0,10549217293.297775,4568239809.1728,2086432110.6737328,0.0,13,9464500000.0,9464500000.0,14
andrew,baseline,,1992230N11325,"{""1992230N11325"": 0.8430497337844108}",114169083378.42007,96250215348.58723,17918868029.832836,21634803137.98233,30676230546.067257,0.0,31243869266.02769,12695312398.509968,21634803137.98233,30676230546.067257,6164036561.073854,11754831468.75898,27.366313490026073,11.119746277046488,18.949791395164763,26.869122216203756,5.399041823470542,10.295984798088382,31243869266.02769,12695312398.509968,6164036561.073854,25,16,9,Universal P&C Insurance Co.;Florida Family Insurance Co.;First Protective Insurance Co.;Cypress P&C Insurance Co.;Florida Peninsula Insurance Co;Tower Hill Insurance Exchange;Kin Interinsurance Network;Florida Family Home Ins Co.;US Coastal P&C Insurance Co.;TypTap Insurance Co.;Homeowners Choice P&C Ins Co.;Edison Insurance Co.;Safe Harbor Insurance Co.;GeoVera Specialty Insurance Co;Universal North America Ins Co;Auto Club Insurance Co. of FL;American Platinum P&C Ins Co.;FL Farm Bureau General Ins Co.;Homesite Insurance Co.;State Farm FL Ins Co;AIG Property Casualty Co.;ASI Preferred Insurance Corp.;ACE Ins Co. of the Midwest;Castle Key Indemnity Co.;First Liberty Insurance Corp.,Universal P&C Insurance Co.;Florida Family Insurance Co.;First Protective Insurance Co.;Cypress P&C Insurance Co.;Florida Peninsula Insurance Co;Tower Hill Insurance Exchange;Kin Interinsurance Network;Florida Family Home Ins Co.;US Coastal P&C Insurance Co.;TypTap Insurance Co.;Homeowners Choice P&C Ins Co.;Edison Insurance Co.;Safe Harbor Insurance Co.;GeoVera Specialty Insurance Co;Universal North America Ins Co;American Platinum P&C Ins Co.,2118551397.773827,9,32.43209381455101,971856588.1740794,9457142.052518092,1,0.9811320754716981,4279769180.456397,341686620.0,6920877515.535162,539937478.65,359958319.1,539937478.65,359958319.1,2723036561.0738544,6164036561.073854,3441000000.0,1395853723.0,1395853723.0,0.0,False,15018091035.275488,15018091035.275488,0.0,1.0,10449851226.102688,4568239809.1728,2086289164.2679424,0.0,13,9464500000.0,9464500000.0,15
andrew,baseline,,1992230N11325,"{""1992230N11325"": 0.9860877762521655}",114169083378.42009,112547752560.2021,1621330818.2179902,19443697663.0085,32117634948.99019,0.0,46873731996.98729,14112687951.216106,19443697663.0085,32117634948.99019,592350545.6551795,1028980272.5628107,41.05641440741148,12.361216831739622,17.03061554638328,28.131639493447114,0.5188362104054028,0.9012775106130926,46873731996.98729,14112687951.216106,592350545.6551795,33,20,13,Universal P&C Insurance Co.;Florida Family Insurance Co.;First Protective Insurance Co.;Cypress P&C Insurance Co.;Florida Peninsula Insurance Co;Tower Hill Insurance Exchange;Kin Interinsurance Network;Heritage P&C Insurance Co.;Florida Family Home Ins Co.;US Coastal P&C Insurance Co.;TypTap Insurance Co.;Homeowners Choice P&C Ins Co.;Vault E&S Insurance Co.;Edison Insurance Co.;Safe Harbor Insurance Co.;Spinnaker Specialty Ins Co.;GeoVera Specialty Insurance Co;Florida Farm Bureau Cas Ins Co;Universal North America Ins Co;Auto Club Insurance Co. of FL;American Platinum P&C Ins Co.;FL Farm Bureau General Ins Co.;Castle Key Insurance Co.;Homesite Insurance Co.;PURE Specialty Exchange;State Farm FL Ins Co;AIG Property Casualty Co.;Foremost P&C Insurance Co.;ASI Preferred Insurance Corp.;Nationwide P&C Insurance Co.;ACE Ins Co. of the Midwest;Castle Key Indemnity Co.;First Liberty Insurance Corp.,Universal P&C Insurance Co.;Florida Family Insurance Co.;First Protective Insurance Co.;Cypress P&C Insurance Co.;Florida Peninsula Insurance Co;Tower Hill Insurance Exchange;Kin Interinsurance Network;Heritage P&C Insurance Co.;Florida Family Home Ins Co.;US Coastal P&C Insurance Co.;TypTap Insurance Co.;Homeowners Choice P&C Ins Co.;Vault E&S Insurance Co.;Edison Insurance Co.;Safe Harbor Insurance Co.;Spinnaker Specialty Ins Co.;GeoVera Specialty Insurance Co;Florida Farm Bureau Cas Ins Co;Universal North America Ins Co;American Platinum P&C Ins Co.,4794649569.767406,13,35.50755988575808,2131704750.786336,21488309.473673567,1,0.9811320754716981,10043968542.93471,307723320.0,8417678883.216591,539937478.65,359958319.1,539937478.65,359958319.1,0.0,592350545.6551795,592350545.6551795,1395853723.0,592350545.6551795,0.0,False,15130688627.961359,15130688627.961359,0.0,1.0,10562448818.788559,4568239809.1728,2143677308.4634824,0.0,14,9464500000.0,9464500000.0,16
andrew,baseline,,1992230N11325,"{""1992230N11325"": 0.8503168872422208}",114169083378.42007,97079899597.63571,17089183780.784359,31324604568.99214,38545318469.90358,0.0,20838134195.61151,6371842363.128489,31324604568.99214,38545318469.90358,5880608665.708572,11208575115.075785,18.25199395403947,5.581057651140673,27.43702904679099,33.761608072250944,5.1507890680149835,9.817522207762945,20838134195.61151,6371842363.128489,5880608665.708572,20,12,8,Universal P&C Insurance Co.;Florida Family Insurance Co.;First Protective Insurance Co.;Cypress P&C Insurance Co.;Tower Hill Insurance Exchange;Kin Interinsurance Network;Florida Family Home Ins Co.;TypTap Insurance Co.;Homeowners Choice P&C Ins Co.;Edison Insurance Co.;Safe Harbor Insurance Co.;GeoVera Specialty Insurance Co;Auto Club Insurance Co. of FL;FL Farm Bureau General Ins Co.;Homesite Insurance Co.;State Farm FL Ins Co;AIG Property Casualty Co.;ASI Preferred Insurance Corp.;Castle Key Indemnity Co.;First Liberty Insurance Corp.,Universal P&C Insurance Co.;Florida Family Insurance Co.;First Protective Insurance Co.;Cypress P&C Insurance Co.;Tower Hill Insurance Exchange;Kin Interinsurance Network;Florida Family Home Ins Co.;TypTap Insurance Co.;Homeowners Choice P&C Ins Co.;Edison Insurance Co.;Safe Harbor Insurance Co.;GeoVera Specialty Insurance Co,981291807.6506213,8,28.525995730733356,262256452.44198573,0.0,0,1.0,855410330.956747,384822840.0,1413701641.9876642,539937478.65,359958319.1,539937478.65,359958319.1,2439608665.7085724,5880608665.708572,3441000000.0,1395853723.0,1395853723.0,0.0,False,13150739783.228714,13150739783.228714,0.0,1.0,9286941245.00034,3863798538.2283754,1590559249.571365,0.0,13,9464500000.0,9464500000.0,17
andrew,baseline,,1992230N11325,"{""1992230N11325"": 0.9317089324663325}",114169083378.42007,106372354795.16747,7796728583.252612,21048480895.844967,44639328204.97031,0.0,28488081039.83005,12196464654.522144,21048480895.844967,44639328204.97031,2706219104.338553,5090509478.914058,24.952535482311482,10.682808597224392,18.43623533884261,39.099313828254765,2.3703607178561925,4.458746035510567,28488081039.83005,12196464654.522144,2706219104.338553,23,15,8,Universal P&C Insurance Co.;Florida Family Insurance Co.;First Protective Insurance Co.;Cypress P&C Insurance Co.;Florida Peninsula Insurance Co;Tower Hill Insurance Exchange;Kin Interinsurance Network;Florida Family Home Ins Co.;US Coastal P&C Insurance Co.;TypTap Insurance Co.;Homeowners Choice P&C Ins Co.;Edison Insurance Co.;Safe Harbor Insurance Co.;GeoVera Specialty Insurance Co;Universal North America Ins Co;Auto Club Insurance Co. of FL;FL Farm Bureau General Ins Co.;Homesite Insurance Co.;State Farm FL Ins Co;AIG Property Casualty Co.;ASI Preferred Insurance Corp.;Castle Key Indemnity Co.;First Liberty Insurance Corp.,Universal P&C Insurance Co.;Florida Family Insurance Co.;First Protective Insurance Co.;Cypress P&C Insurance Co.;Florida Peninsula Insurance Co;Tower Hill Insurance Exchange;Kin Interinsurance Network;Florida Family Home Ins Co.;US Coastal P&C Insurance Co.;TypTap Insurance Co.;Homeowners Choice P&C Ins Co.;Edison Insurance Co.;Safe Harbor Insurance Co.;GeoVera Specialty Insurance Co;Universal North America Ins Co,2202999351.351565,8,32.274744134947035,1041816754.3536701,0.0,0,1.0,2972710624.558267,343424280.0,6407923517.735438,539937478.65,359958319.1,539937478.65,359958319.1,0.0,2706219104.338553,2706219104.338553,1395853723.0,1395853723.0,0.0,False,14733791707.794842,14733791707.794842,0.0,1.0,10165551898.622042,4568239809.1728,2052100647.260668,0.0,13,9464500000.0,9464500000.0,18
andrew,baseline,,1992230N11325,"{""1992230N11325"": 0.9174155829050228}",114169083378.42007,104740496177.3454,9428587201.07468,29301095352.492268,48268819607.82023,0.0,20326246575.045773,6844334641.987136,29301095352.492268,48268819607.82023,3263677262.804793,6164909938.269888,17.803634726288593,5.9949107406785345,25.66464973303857,42.27836309049659,2.8586349002970834,5.399806809200644,20326246575.045773,6844334641.987136,3263677262.804793,19,13,6,Universal P&C Insurance Co.;Florida Family Insurance Co.;First Protective Insurance Co.;Cypress P&C Insurance Co.;Tower Hill Insurance Exchange;Kin Interinsurance Network;Florida Family Home Ins Co.;US Coastal P&C Insurance Co.;TypTap Insurance Co.;Homeowners Choice P&C Ins Co.;Edison Insurance Co.;Safe Harbor Insurance Co.;GeoVera Specialty Insurance Co;FL Farm Bureau General Ins Co.;Homesite Insurance Co.;State Farm FL Ins Co;AIG Property Casualty Co.;ASI Preferred Insurance Corp.;Castle Key Indemnity Co.,Universal P&C Insurance Co.;Florida Family Insurance Co.;First Protective Insurance Co.;Cypress P&C Insurance Co.;Tower Hill Insurance Exchange;Kin Interinsurance Network;Florida Family Home Ins Co.;US Coastal P&C Insurance Co.;TypTap Insurance Co.;Homeowners Choice P&C Ins Co.;Edison Insurance Co.;Safe Harbor Insurance Co.;GeoVera Specialty Insurance Co,453895872.54444385,6,28.889501145391137,218359583.32565236,0.0,0,1.0,671848826.7312735,380808540.0,1413193165.5077586,539937478.65,359958319.1,539937478.65,359958319.1,0.0,3263677262.804793,3263677262.804793,1395853723.0,1395853723.0,0.0,False,13454030276.304348,13454030276.304348,0.0,1.0,9122464382.005913,4331565894.298436,1560934141.0768902,0.0,11,9464500000.0,9464500000.0,19
andrew,baseline,,1992230N11325,"{""1992230N11325"": 0.8301411850137159}",114169083378.42009,94776458167.69139,19392625210.7287,12117258723.022076,48714113439.24153,0.0,24637432816.858444,9307653188.56934,12117258723.022076,48714113439.24153,6667485790.753496,12725139419.975204,21.57977631754845,8.152516349560747,10.6134326075464,42.66839322671599,5.840009916391923,11.145871582236486,24637432816.858444,9307653188.56934,6667485790.753496,21,13,8,Universal P&C Insurance Co.;Florida Family Insurance Co.;First Protective Insurance Co.;Cypress P&C Insurance Co.;Tower Hill Insurance Exchange;Kin Interinsurance Network;Florida Family Home Ins Co.;US Coastal P&C Insurance Co.;TypTap Insurance Co.;Homeowners Choice P&C Ins Co.;Edison Insurance Co.;Safe Harbor Insurance Co.;GeoVera Specialty Insurance Co;Auto Club Insurance Co. of FL;FL Farm Bureau General Ins Co.;Homesite Insurance Co.;State Farm FL Ins Co;AIG Property Casualty Co.;ASI Preferred Insurance Corp.;Castle Key Indemnity Co.;First Liberty Insurance Corp.,Universal P&C Insurance Co.;Florida Family Insurance Co.;First Protective Insurance Co.;Cypress P&C Insurance Co.;Tower Hill Insurance Exchange;Kin Interinsurance Network;Florida Family Home Ins Co.;US Coastal P&C Insurance Co.;TypTap Insurance Co.;Homeowners Choice P&C Ins Co.;Edison Insurance Co.;Safe Harbor Insurance Co.;GeoVera Specialty Insurance Co,1232872311.8733597,8,28.889501145391137,994476071.7396474,0.0,0,1.0,1930679035.0353951,380808540.0,3573130113.075182,539937478.65,359958319.1,539937478.65,359958319.1,3226485790.753496,6667485790.753496,3441000000.0,1395853723.0,1395853723.0,0.0,False,14552429844.657955,14552429844.657955,0.0,1.0,9984190035.485157,4568239809.172799,1856260939.8944385,0.0,13,9464500000.0,9464500000.0,20
andrew,baseline,,1992230N11325,"{""1992230N11325"": 0.9486577643730127}",114169083378.4201,108307387398.28809,5861695980.132013,43305569600.56148,38737350581.24046,0.0,19307366132.746048,6957101083.740091,43305569600.56148,38737350581.24046,2045193878.423204,3816502101.70881,16.911203595066674,6.093682175480356,37.93108284580216,33.929807820952064,1.7913727761519196,3.3428507865468187,19307366132.746048,6957101083.740091,2045193878.423204,16,11,5,Universal P&C Insurance Co.;Florida Family Insurance Co.;First Protective Insurance Co.;Cypress P&C Insurance Co.;Tower Hill Insurance Exchange;Kin Interinsurance Network;TypTap Insurance Co.;Homeowners Choice P&C Ins Co.;Edison Insurance Co.;Safe Harbor Insurance Co.;GeoVera Specialty Insurance Co;FL Farm Bureau General Ins Co.;AIG Property Casualty Co.;ASI Preferred Insurance Corp.;Castle Key Indemnity Co.;First Liberty Insurance Corp.,Universal P&C Insurance Co.;Florida Family Insurance Co.;First Protective Insurance Co.;Cypress P&C Insurance Co.;Tower Hill Insurance Exchange;Kin Interinsurance Network;TypTap Insurance Co.;Homeowners Choice P&C Ins Co.;Edison Insurance Co.;Safe Harbor Insurance Co.;GeoVera Specialty Insurance Co,572944598.5960467,5,28.176154707643686,214178813.86083066,0.0,0,1.0,675979307.0809894,388686240.0,1404282554.393743,539937478.65,359958319.1,539937478.65,359958319.1,0.0,2045193878.423204,2045193878.423204,1395853723.0,1395853723.0,0.0,False,13198605889.684116,13198605889.684116,0.0,1.0,8755401218.050253,4443204671.6338625,1641871690.421959,0.0,13,9464500000.0,9464500000.0,21
andrew,baseline,,1992230N11325,"{""1992230N11325"": 0.9503169106387342}",114169083378.42009,108496810606.63623,5672272771.783854,18478975844.63518,44753374592.448524,0.0,33874329421.808887,11390130747.743643,18478975844.63518,44753374592.448524,1980485139.7228732,3691787632.0609813,29.670317409425493,9.976545673043892,16.18562162173584,39.19920635966819,1.7346947887445496,3.233614147382033,33874329421.808887,11390130747.743643,1980485139.7228732,26,17,9,Universal P&C Insurance Co.;Florida Family Insurance Co.;First Protective Insurance Co.;Cypress P&C Insurance Co.;Florida Peninsula Insurance Co;Tower Hill Insurance Exchange;Kin Interinsurance Network;Florida Family Home Ins Co.;US Coastal P&C Insurance Co.;TypTap Insurance Co.;Homeowners Choice P&C Ins Co.;Edison Insurance Co.;Safe Harbor Insurance Co.;GeoVera Specialty Insurance Co;Florida Farm Bureau Cas Ins Co;Universal North America Ins Co;Auto Club Insurance Co. of FL;American Platinum P&C Ins Co.;FL Farm Bureau General Ins Co.;Homesite Insurance Co.;State Farm FL Ins Co;AIG Property Casualty Co.;ASI Preferred Insurance Corp.;ACE Ins Co. of the Midwest;Castle Key Indemnity Co.;First Liberty Insurance Corp.,Universal P&C Insurance Co.;Florida Family Insurance Co.;First Protective Insurance Co.;Cypress P&C Insurance Co.;Florida Peninsula Insurance Co;Tower Hill Insurance Exchange;Kin Interinsurance Network;Florida Family Home Ins Co.;US Coastal P&C Insurance Co.;TypTap Insurance Co.;Homeowners Choice P&C Ins Co.;Edison Insurance Co.;Safe Harbor Insurance Co.;GeoVera Specialty Insurance Co;Florida Farm Bureau Cas Ins Co;Universal North America Ins Co;American Platinum P&C Ins Co.,2709697174.985946,9,33.145293557041065,1143164293.1135206,23966872.13574381,1,0.9811320754716981,4925246807.016874,333810540.0,5675490074.831657,539937478.65,359958319.1,539937478.65,359958319.1,0.0,1980485139.7228732,1980485139.7228732,1395853723.0,1395853723.0,0.0,False,15099314908.933752,15099314908.933752,0.0,1.0,10531075099.760952,4568239809.1728,2086745042.5796375,0.0,13,9464500000.0,9464500000.0,22
andrew,baseline,,1992230N11325,"{""1992230N11325"": 0.6831190886821156}",114169083378.42007,77991080193.13878,36178003185.28129,18230438666.355537,36268159050.894615,0.0,16814925983.499716,6677556492.38892,18230438666.355537,36268159050.894615,12401527816.613686,23776475368.667606,14.72809055299644,5.848830782196761,15.967929431411557,31.7670581016068,10.862422163369832,20.82566896841862,16814925983.499716,6677556492.38892,12401527816.613686,14,10,4,Universal P&C Insurance Co.;First Protective Insurance Co.;Cypress P&C Insurance Co.;Tower Hill Insurance Exchange;Kin Interinsurance Network;TypTap Insurance Co.;Homeowners Choice P&C Ins Co.;Edison Insurance Co.;Safe Harbor Insurance Co.;GeoVera Specialty Insurance Co;FL Farm Bureau General Ins Co.;AIG Property Casualty Co.;ASI Preferred Insurance Corp.;Castle Key Indemnity Co.,Universal P&C Insurance Co.;First Protective Insurance Co.;Cypress P&C Insurance Co.;Tower Hill Insurance Exchange;Kin Interinsurance Network;TypTap Insurance Co.;Homeowners Choice P&C Ins Co.;Edison Insurance Co.;Safe Harbor Insurance Co.;GeoVera Specialty Insurance Co,300228897.6599297,4,27.73228202456624,207110516.043041,0.0,0,1.0,456410444.8561202,393588060.0,1368869414.4350348,539937478.65,359958319.1,539937478.65,359958319.1,8960527816.613686,12401527816.613686,3441000000.0,1395853723.0,1395853723.0,0.0,False,12197822039.346992,12197822039.346992,0.0,1.0,8031366513.150792,4166455526.1962013,1452267538.9599912,0.0,11,9464500000.0,9464500000.0,23
andrew,baseline,,1992230N11325,"{""1992230N11325"": 0.9561285502653358}",114169083378.4201,109160320175.73105,5008763202.689051,21974076359.405712,49351924126.87495,0.0,25248278830.623653,12586040858.826715,21974076359.405712,49351924126.87495,1753824068.4310663,3254939134.257984,22.11481259504971,11.024036005535358,19.2469587292484,43.22704769670008,1.536163746377742,2.850981227088684,25248278830.623653,12586040858.826715,1753824068.4310663,21,14,7,Universal P&C Insurance Co.;Florida Family Insurance Co.;First Protective Insurance Co.;Cypress P&C Insurance Co.;Tower Hill Insurance Exchange;Kin Interinsurance Network;Florida Family Home Ins Co.;US Coastal P&C Insurance Co.;TypTap Insurance Co.;Homeowners Choice P&C Ins Co.;Edison Insurance Co.;Safe Harbor Insurance Co.;GeoVera Specialty Insurance Co;Universal North America Ins Co;FL Farm Bureau General Ins Co.;Homesite Insurance Co.;State Farm FL Ins Co;AIG Property Casualty Co.;ASI Preferred Insurance Corp.;Castle Key Indemnity Co.;First Liberty Insurance Corp.,Universal P&C Insurance Co.;Florida Family Insurance Co.;First Protective Insurance Co.;Cypress P&C Insurance Co.;Tower Hill Insurance Exchange;Kin Interinsurance Network;Florida Family Home Ins Co.;US Coastal P&C Insurance Co.;TypTap Insurance Co.;Homeowners Choice P&C Ins Co.;Edison Insurance Co.;Safe Harbor Insurance Co.;GeoVera Specialty Insurance Co;Universal North America Ins Co,1504916619.8904555,7,29.203227969374158,724997679.8957922,0.0,0,1.0,2053041959.3414683,377343960.0,6743113852.491043,539937478.65,359958319.1,539937478.65,359958319.1,0.0,1753824068.4310663,1753824068.4310663,1395853723.0,1395853723.0,0.0,False,14516273550.148937,14516273550.148937,0.0,1.0,9948033740.976137,4568239809.1728,2007939308.974061,0.0,13,9464500000.0,9464500000.0,24
andrew,baseline,,1992230N11325,"{""1992230N11325"": 0.8880715020066543}",114169083378.42009,101390309358.59648,12778774019.823608,23990581327.99378,31409033716.05907,0.0,31749675522.545197,14241018791.99844,23990581327.99378,31409033716.05907,4408132397.643735,8370641622.179873,27.809346088300497,12.473621028204064,21.013203065207765,27.510980018953113,3.8610561346391146,7.331793664695454,31749675522.545197,14241018791.99844,4408132397.643735,28,18,10,Universal P&C Insurance Co.;Florida Family Insurance Co.;First Protective Insurance Co.;Cypress P&C Insurance Co.;Florida Peninsula Insurance Co;Tower Hill Insurance Exchange;Kin Interinsurance Network;Heritage P&C Insurance Co.;Florida Family Home Ins Co.;US Coastal P&C Insurance Co.;TypTap Insurance Co.;Homeowners Choice P&C Ins Co.;Edison Insurance Co.;Safe Harbor Insurance Co.;GeoVera Specialty Insurance Co;Florida Farm Bureau Cas Ins Co;Universal North America Ins Co;Auto Club Insurance Co. of FL;American Platinum P&C Ins Co.;FL Farm Bureau General Ins Co.;Castle Key Insurance Co.;Homesite Insurance Co.;State Farm FL Ins Co;AIG Property Casualty Co.;ASI Preferred Insurance Corp.;ACE Ins Co. of the Midwest;Castle Key Indemnity Co.;First Liberty Insurance Corp.,Universal P&C Insurance Co.;Florida Family Insurance Co.;First Protective Insurance Co.;Cypress P&C Insurance Co.;Florida Peninsula Insurance Co;Tower Hill Insurance Exchange;Kin Interinsurance Network;Heritage P&C Insurance Co.;Florida Family Home Ins Co.;US Coastal P&C Insurance Co.;TypTap Insurance Co.;Homeowners Choice P&C Ins Co.;Edison Insurance Co.;Safe Harbor Insurance Co.;GeoVera Specialty Insurance Co;Florida Farm Bureau Cas Ins Co;Universal North America Ins Co;American Platinum P&C Ins Co.,2672999382.691554,10,35.166819401784345,1239944972.787764,7373575.327902615,1,0.9811320754716981,3580448251.16564,311486220.0,8432283908.925695,539937478.65,359958319.1,539937478.65,359958319.1,967132397.6437349,4408132397.643735,3441000000.0,1395853723.0,1395853723.0,0.0,False,15035463844.123035,15035463844.123035,0.0,1.0,10467224034.950235,4568239809.1728,2086449523.7215893,0.0,13,9464500000.0,9464500000.0,25
andrew,baseline,,1992230N11325,"{""1992230N11325"": 0.9074947384790492}",114169083378.42007,103607842462.89209,10561240915.52799,15477012912.532352,41206993413.60057,0.0,37109724429.74625,9814111707.012936,15477012912.532352,41206993413.60057,3650602359.711646,6910638555.816345,32.504180056122465,8.5961202600563,13.55622069876211,36.092952832964066,3.197540219896057,6.052985932199027,37109724429.74625,9814111707.012936,3650602359.711646,27,18,9,Universal P&C Insurance Co.;Florida Family Insurance Co.;First Protective Insurance Co.;Cypress P&C Insurance Co.;Florida Peninsula Insurance Co;Tower Hill Insurance Exchange;Kin Interinsurance Network;Heritage P&C Insurance Co.;Florida Family Home Ins Co.;US Coastal P&C Insurance Co.;TypTap Insurance Co.;Homeowners Choice P&C Ins Co.;Edison Insurance Co.;Safe Harbor Insurance Co.;GeoVera Specialty Insurance Co;Florida Farm Bureau Cas Ins Co;Universal North America Ins Co;Auto Club Insurance Co. of FL;American Platinum P&C Ins Co.;FL Farm Bureau General Ins Co.;Homesite Insurance Co.;State Farm FL Ins Co;AIG Property Casualty Co.;ASI Preferred Insurance Corp.;ACE Ins Co. of the Midwest;Castle Key Indemnity Co.;First Liberty Insurance Corp.,Universal P&C Insurance Co.;Florida Family Insurance Co.;First Protective Insurance Co.;Cypress P&C Insurance Co.;Florida Peninsula Insurance Co;Tower Hill Insurance Exchange;Kin Interinsurance Network;Heritage P&C Insurance Co.;Florida Family Home Ins Co.;US Coastal P&C Insurance Co.;TypTap Insurance Co.;Homeowners Choice P&C Ins Co.;Edison Insurance Co.;Safe Harbor Insurance Co.;GeoVera Specialty Insurance Co;Florida Farm Bureau Cas Ins Co;Universal North America Ins Co;American Platinum P&C Ins Co.,3123817360.806618,9,35.166819401784345,1378863174.332117,12509795.343233176,1,0.9811320754716981,5840548407.5433855,311486220.0,4166202771.1423383,539937478.65,359958319.1,539937478.65,359958319.1,209602359.71164608,3650602359.711646,3441000000.0,1395853723.0,1395853723.0,0.0,False,15117113737.430866,15117113737.430866,0.0,1.0,10548873928.258066,4568239809.1728,2086520435.8034573,0.0,13,9464500000.0,9464500000.0,26
andrew,baseline,,1992230N11325,"{""1992230N11325"": 0.9231389744390662}",114169083378.42009,105393930542.60297,8775152835.817123,13919891449.051239,50276006597.246414,0.0,28472479437.264626,12725553059.04069,13919891449.051239,50276006597.246414,3040457975.326819,5734694860.490305,24.938870134299783,11.146233886157342,12.192347557799817,44.03644586564968,2.6631184952663967,5.022984060826979,28472479437.264626,12725553059.04069,3040457975.326819,23,16,7,Universal P&C Insurance Co.;Florida Family Insurance Co.;First Protective Insurance Co.;Cypress P&C Insurance Co.;Florida Peninsula Insurance Co;Tower Hill Insurance Exchange;Kin Interinsurance Network;Florida Family Home Ins Co.;US Coastal P&C Insurance Co.;TypTap Insurance Co.;Homeowners Choice P&C Ins Co.;Edison Insurance Co.;Safe Harbor Insurance Co.;GeoVera Specialty Insurance Co;Universal North America Ins Co;American Platinum P&C Ins Co.;FL Farm Bureau General Ins Co.;Homesite Insurance Co.;State Farm FL Ins Co;AIG Property Casualty Co.;ASI Preferred Insurance Corp.;Castle Key Indemnity Co.;First Liberty Insurance Corp.,Universal P&C Insurance Co.;Florida Family Insurance Co.;First Protective Insurance Co.;Cypress P&C Insurance Co.;Florida Peninsula Insurance Co;Tower Hill Insurance Exchange;Kin Interinsurance Network;Florida Family Home Ins Co.;US Coastal P&C Insurance Co.;TypTap Insurance Co.;Homeowners Choice P&C Ins Co.;Edison Insurance Co.;Safe Harbor Insurance Co.;GeoVera Specialty Insurance Co;Universal North America Ins Co;American Platinum P&C Ins Co.,1844179677.8302047,7,32.43209381455101,948328346.341095,6096874.083736055,1,0.9811320754716981,3412259388.8590984,341686620.0,6920119699.1762,539937478.65,359958319.1,539937478.65,359958319.1,0.0,3040457975.326819,3040457975.326819,1395853723.0,1395853723.0,0.0,False,14837135144.305817,14837135144.305817,0.0,1.0,10268895335.133018,4568239809.172799,2086212698.7363765,0.0,13,9464500000.0,9464500000.0,27
andrew,baseline,,1992230N11325,"{""1992230N11325"": 0.8214858626525607}",114169083378.42007,93788287947.37354,20380795431.046535,13634126341.337711,46232417972.85275,0.0,24076274873.6124,9845468759.570684,13634126341.337711,46232417972.85275,7005053975.431624,13375741455.614906,21.088261516307515,8.623585710097457,11.942047652381167,40.49469138646993,6.135683819246377,11.715729915497555,24076274873.6124,9845468759.570684,7005053975.431624,21,13,8,Universal P&C Insurance Co.;Florida Family Insurance Co.;First Protective Insurance Co.;Cypress P&C Insurance Co.;Tower Hill Insurance Exchange;Kin Interinsurance Network;Florida Family Home Ins Co.;US Coastal P&C Insurance Co.;TypTap Insurance Co.;Homeowners Choice P&C Ins Co.;Edison Insurance Co.;Safe Harbor Insurance Co.;GeoVera Specialty Insurance Co;Auto Club Insurance Co. of FL;FL Farm Bureau General Ins Co.;Homesite Insurance Co.;State Farm FL Ins Co;AIG Property Casualty Co.;ASI Preferred Insurance Corp.;Castle Key Indemnity Co.;First Liberty Insurance Corp.,Universal P&C Insurance Co.;Florida Family Insurance Co.;First Protective Insurance Co.;Cypress P&C Insurance Co.;Tower Hill Insurance Exchange;Kin Interinsurance Network;Florida Family Home Ins Co.;US Coastal P&C Insurance Co.;TypTap Insurance Co.;Homeowners Choice P&C Ins Co.;Edison Insurance Co.;Safe Harbor Insurance Co.;GeoVera Specialty Insurance Co,1111020072.6924984,8,28.889501145391137,495602991.47832847,0.0,0,1.0,1564357375.2347713,380808540.0,4079963530.8056693,539937478.65,359958319.1,539937478.65,359958319.1,3564053975.4316244,7005053975.431624,3441000000.0,1395853723.0,1395853723.0,0.0,False,14578209077.438171,14578209077.438171,0.0,1.0,10009969268.265371,4568239809.172801,2027393675.5629144,0.0,13,9464500000.0,9464500000.0,28
andrew,baseline,,1992230N11325,"{""1992230N11325"": 0.9689119175494731}",114169083378.42007,110619785501.05066,3549297877.369421,18221682712.400455,59964995671.66085,0.0,24344554321.706516,8088552795.2828455,18221682712.400455,59964995671.66085,1255257070.216566,2294040807.152854,21.32324583969469,7.084713791099527,15.960260145037363,52.52297197911573,1.099471970056853,2.0093362749958517,24344554321.706516,8088552795.2828455,1255257070.216566,20,12,8,Universal P&C Insurance Co.;Florida Family Insurance Co.;First Protective Insurance Co.;Cypress P&C Insurance Co.;Tower Hill Insurance Exchange;Kin Interinsurance Network;US Coastal P&C Insurance Co.;TypTap Insurance Co.;Homeowners Choice P&C Ins Co.;Edison Insurance Co.;Safe Harbor Insurance Co.;GeoVera Specialty Insurance Co;Auto Club Insurance Co. of FL;FL Farm Bureau General Ins Co.;Homesite Insurance Co.;State Farm FL Ins Co;AIG Property Casualty Co.;ASI Preferred Insurance Corp.;Castle Key Indemnity Co.;First Liberty Insurance Corp.,Universal P&C Insurance Co.;Florida Family Insurance Co.;First Protective Insurance Co.;Cypress P&C Insurance Co.;Tower Hill Insurance Exchange;Kin Interinsurance Network;US Coastal P&C Insurance Co.;TypTap Insurance Co.;Homeowners Choice P&C Ins Co.;Edison Insurance Co.;Safe Harbor Insurance Co.;GeoVera Specialty Insurance Co,851527567.0836883,8,28.539660122301466,702680104.5053152,0.0,0,1.0,1660759644.1500802,384671940.0,2407295271.6328015,539937478.65,359958319.1,539937478.65,359958319.1,0.0,1255257070.216566,1255257070.216566,1395853723.0,1255257070.216566,0.0,False,14428665275.51148,14428665275.51148,0.0,1.0,9860425466.33868,4568239809.1728,2044765087.550369,0.0,13,9464500000.0,9464500000.0,29
andrew,baseline,,1992230N11325,"{""1992230N11325"": 0.8745983403558286}",114169083378.42007,99852090842.7124,14316992535.707666,16816010578.697485,41984779491.96151,0.0,31228601750.43271,9822699021.62072,16816010578.697485,41984779491.96151,4933602221.940055,9383390313.76761,27.352940766743032,8.603641836260358,14.729040543278987,36.77421088930049,4.321311931346022,8.218854033071123,31228601750.43271,9822699021.62072,4933602221.940055,24,16,8,Universal P&C Insurance Co.;Florida Family Insurance Co.;First Protective Insurance Co.;Cypress P&C Insurance Co.;Florida Peninsula Insurance Co;Tower Hill Insurance Exchange;Kin Interinsurance Network;Florida Family Home Ins Co.;US Coastal P&C Insurance Co.;TypTap Insurance Co.;Homeowners Choice P&C Ins Co.;Edison Insurance Co.;Safe Harbor Insurance Co.;GeoVera Specialty Insurance Co;Universal North America Ins Co;Auto Club Insurance Co. of FL;American Platinum P&C Ins Co.;FL Farm Bureau General Ins Co.;Homesite Insurance Co.;State Farm FL Ins Co;AIG Property Casualty Co.;ASI Preferred Insurance Corp.;Castle Key Indemnity Co.;First Liberty Insurance Corp.,Universal P&C Insurance Co.;Florida Family Insurance Co.;First Protective Insurance Co.;Cypress P&C Insurance Co.;Florida Peninsula Insurance Co;Tower Hill Insurance Exchange;Kin Interinsurance Network;Florida Family Home Ins Co.;US Coastal P&C Insurance Co.;TypTap Insurance Co.;Homeowners Choice P&C Ins Co.;Edison Insurance Co.;Safe Harbor Insurance Co.;GeoVera Specialty Insurance Co;Universal North America Ins Co;American Platinum P&C Ins Co.,2805914882.6742334,8,32.43209381455101,1173739736.4106398,10951546.154638246,1,0.9811320754716981,3900104541.906105,341686620.0,4134651405.2313943,539937478.65,359958319.1,539937478.65,359958319.1,1492602221.940055,4933602221.940055,3441000000.0,1395853723.0,1395853723.0,0.0,False,15007427336.20981,15007427336.20981,0.0,1.0,10439187527.03701,4568239809.1728,2086407222.395351,0.0,13,9464500000.0,9464500000.0,30
andrew,baseline,,1992230N11325,"{""1992230N11325"": 0.7459054941158713}",114169083378.42007,85159346550.13654,29009736828.283546,15095731305.989334,30965972117.29571,0.0,30911584225.89042,8186058900.961071,15095731305.989334,30965972117.29571,9952781020.092388,19056955808.19116,27.075267061076573,7.17011879111607,13.222258477764646,27.122905081629845,8.71757986100608,16.691870727406798,30911584225.89042,8186058900.961071,9952781020.092388,24,15,9,Universal P&C Insurance Co.;Florida Family Insurance Co.;First Protective Insurance Co.;Cypress P&C Insurance Co.;Florida Peninsula Insurance Co;Tower Hill Insurance Exchange;Kin Interinsurance Network;Florida Family Home Ins Co.;US Coastal P&C Insurance Co.;TypTap Insurance Co.;Homeowners Choice P&C Ins Co.;Edison Insurance Co.;Safe Harbor Insurance Co.;GeoVera Specialty Insurance Co;Universal North America Ins Co;Auto Club Insurance Co. of FL;FL Farm Bureau General Ins Co.;Homesite Insurance Co.;State Farm FL Ins Co;AIG Property Casualty Co.;ASI Preferred Insurance Corp.;ACE Ins Co. of the Midwest;Castle Key Indemnity Co.;First Liberty Insurance Corp.,Universal P&C Insurance Co.;Florida Family Insurance Co.;First Protective Insurance Co.;Cypress P&C Insurance Co.;Florida Peninsula Insurance Co;Tower Hill Insurance Exchange;Kin Interinsurance Network;Florida Family Home Ins Co.;US Coastal P&C Insurance Co.;TypTap Insurance Co.;Homeowners Choice P&C Ins Co.;Edison Insurance Co.;Safe Harbor Insurance Co.;GeoVera Specialty Insurance Co;Universal North America Ins Co,2126983248.3589919,9,32.274744134947035,1614364402.935505,0.0,0,1.0,4024483378.2190866,343424280.0,2555506471.0837116,539937478.65,359958319.1,539937478.65,359958319.1,6511781020.092388,9952781020.092388,3441000000.0,1395853723.0,1395853723.0,0.0,False,14817998085.693928,14817998085.693928,0.0,1.0,10249758276.521128,4568239809.1728,2096580180.5319326,0.0,13,9464500000.0,9464500000.0,31
andrew,baseline,,1992230N11325,"{""1992230N11325"": 0.998381206954349}",114169083378.42007,113737517749.67352,431565628.74655443,32375755728.068535,51718022447.95593,0.0,20820794485.453487,8822945088.19557,32375755728.068535,51718022447.95593,157640277.5253473,273925351.2212072,18.236806208246197,7.727963496870169,28.357725900940455,45.299498706259676,0.13807615237028698,0.23992953531322106,20820794485.453487,8822945088.19557,157640277.5253473,18,12,6,Universal P&C Insurance Co.;Florida Family Insurance Co.;First Protective Insurance Co.;Cypress P&C Insurance Co.;Tower Hill Insurance Exchange;Kin Interinsurance Network;Florida Family Home Ins Co.;TypTap Insurance Co.;Homeowners Choice P&C Ins Co.;Edison Insurance Co.;Safe Harbor Insurance Co.;GeoVera Specialty Insurance Co;FL Farm Bureau General Ins Co.;State Farm FL Ins Co;AIG Property Casualty Co.;ASI Preferred Insurance Corp.;Castle Key Indemnity Co.;First Liberty Insurance Corp.,Universal P&C Insurance Co.;Florida Family Insurance Co.;First Protective Insurance Co.;Cypress P&C Insurance Co.;Tower Hill Insurance Exchange;Kin Interinsurance Network;Florida Family Home Ins Co.;TypTap Insurance Co.;Homeowners Choice P&C Ins Co.;Edison Insurance Co.;Safe Harbor Insurance Co.;GeoVera Specialty Insurance Co,705262530.1787765,6,28.525995730733356,726168624.1721013,0.0,0,1.0,1274505974.2865238,384822840.0,3063140002.0528893,539937478.65,359958319.1,539937478.65,359958319.1,0.0,157640277.5253473,157640277.5253473,1395853723.0,157640277.5253473,0.0,False,13743451458.008896,13743451458.008896,0.0,1.0,9175211648.836096,4568239809.1728,1672521274.7013545,0.0,13,9464500000.0,9464500000.0,32
andrew,baseline,,1992230N11325,"{""1992230N11325"": 0.933517998555417}",114169083378.42009,106578894212.32924,7590189166.090857,16803129761.417393,45823438689.25426,0.0,35086405259.545845,8865920502.111732,16803129761.417393,45823438689.25426,2635663308.7051373,4954525857.385719,30.731967202758305,7.765605398376653,14.717758314413754,40.13646893999297,2.3085613291376594,4.3396388153206535,35086405259.545845,8865920502.111732,2635663308.7051373,28,18,10,Universal P&C Insurance Co.;Florida Family Insurance Co.;First Protective Insurance Co.;Cypress P&C Insurance Co.;Florida Peninsula Insurance Co;Tower Hill Insurance Exchange;Kin Interinsurance Network;Heritage P&C Insurance Co.;Florida Family Home Ins Co.;US Coastal P&C Insurance Co.;TypTap Insurance Co.;Homeowners Choice P&C Ins Co.;Edison Insurance Co.;Safe Harbor Insurance Co.;GeoVera Specialty Insurance Co;Florida Farm Bureau Cas Ins Co;Universal North America Ins Co;Auto Club Insurance Co. of FL;American Platinum P&C Ins Co.;FL Farm Bureau General Ins Co.;Castle Key Insurance Co.;Homesite Insurance Co.;State Farm FL Ins Co;AIG Property Casualty Co.;ASI Preferred Insurance Corp.;ACE Ins Co. of the Midwest;Castle Key Indemnity Co.;First Liberty Insurance Corp.,Universal P&C Insurance Co.;Florida Family Insurance Co.;First Protective Insurance Co.;Cypress P&C Insurance Co.;Florida Peninsula Insurance Co;Tower Hill Insurance Exchange;Kin Interinsurance Network;Heritage P&C Insurance Co.;Florida Family Home Ins Co.;US Coastal P&C Insurance Co.;TypTap Insurance Co.;Homeowners Choice P&C Ins Co.;Edison Insurance Co.;Safe Harbor Insurance Co.;GeoVera Specialty Insurance Co;Florida Farm Bureau Cas Ins Co;Universal North America Ins Co;American Platinum P&C Ins Co.,2852587563.831433,10,35.166819401784345,1492721924.2026417,13608385.646628663,1,0.9811320754716981,4761608057.545031,311486220.0,3235269914.8384604,539937478.65,359958319.1,539937478.65,359958319.1,0.0,2635663308.7051373,2635663308.7051373,1395853723.0,1395853723.0,0.0,False,15127463307.740374,15127463307.740374,0.0,1.0,10559223498.567574,4568239809.1728,2086559284.1416943,0.0,13,9464500000.0,9464500000.0,33
andrew,baseline,,1992230N11325,"{""1992230N11325"": 0.9737222243801296}",114169083378.42007,111168973822.67566,3000109555.744421,20520721234.695034,48902378919.64175,0.0,30634623525.04852,11111250143.29037,20520721234.695034,48902378919.64175,1067649205.7357367,1932460350.0086849,26.832678881644583,9.732275861812331,17.973973888077833,42.83329380647821,0.9351473920456654,1.6926301699413953,30634623525.04852,11111250143.29037,1067649205.7357367,26,17,9,Universal P&C Insurance Co.;Florida Family Insurance Co.;First Protective Insurance Co.;Cypress P&C Insurance Co.;Florida Peninsula Insurance Co;Tower Hill Insurance Exchange;Kin Interinsurance Network;Florida Family Home Ins Co.;US Coastal P&C Insurance Co.;TypTap Insurance Co.;Homeowners Choice P&C Ins Co.;Edison Insurance Co.;Safe Harbor Insurance Co.;GeoVera Specialty Insurance Co;Florida Farm Bureau Cas Ins Co;Universal North America Ins Co;Auto Club Insurance Co. of FL;American Platinum P&C Ins Co.;FL Farm Bureau General Ins Co.;Homesite Insurance Co.;State Farm FL Ins Co;AIG Property Casualty Co.;ASI Preferred Insurance Corp.;ACE Ins Co. of the Midwest;Castle Key Indemnity Co.;First Liberty Insurance Corp.,Universal P&C Insurance Co.;Florida Family Insurance Co.;First Protective Insurance Co.;Cypress P&C Insurance Co.;Florida Peninsula Insurance Co;Tower Hill Insurance Exchange;Kin Interinsurance Network;Florida Family Home Ins Co.;US Coastal P&C Insurance Co.;TypTap Insurance Co.;Homeowners Choice P&C Ins Co.;Edison Insurance Co.;Safe Harbor Insurance Co.;GeoVera Specialty Insurance Co;Florida Farm Bureau Cas Ins Co;Universal North America Ins Co;American Platinum P&C Ins Co.,2315333631.732424,9,33.145293557041065,744591833.3738548,1482770.0958349034,1,0.9811320754716981,3835934845.054368,333810540.0,5375955785.072033,539937478.65,359958319.1,539937478.65,359958319.1,0.0,1067649205.7357367,1067649205.7357367,1395853723.0,1067649205.7357367,0.0,False,15050580216.025173,15050580216.025173,0.0,1.0,10482340406.852373,4568239809.172799,2086237466.4613895,0.0,13,9464500000.0,9464500000.0,34
andrew,baseline,,1992230N11325,"{""1992230N11325"": 0.8538374069103409}",114169083378.42007,97481834101.16069,16687249277.25938,24321199191.866673,38593515209.32735,0.0,21935044171.548195,12632075528.418503,24321199191.866673,38593515209.32735,5743304082.01975,10943945195.239632,19.212770675265222,11.064357490327529,21.3027892246911,33.80382330075025,5.03052482516938,9.585734483796536,21935044171.548195,12632075528.418503,5743304082.01975,19,13,6,Universal P&C Insurance Co.;Florida Family Insurance Co.;First Protective Insurance Co.;Cypress P&C Insurance Co.;Tower Hill Insurance Exchange;Kin Interinsurance Network;Florida Family Home Ins Co.;US Coastal P&C Insurance Co.;TypTap Insurance Co.;Homeowners Choice P&C Ins Co.;Edison Insurance Co.;Safe Harbor Insurance Co.;GeoVera Specialty Insurance Co;FL Farm Bureau General Ins Co.;State Farm FL Ins Co;AIG Property Casualty Co.;ASI Preferred Insurance Corp.;Castle Key Indemnity Co.;First Liberty Insurance Corp.,Universal P&C Insurance Co.;Florida Family Insurance Co.;First Protective Insurance Co.;Cypress P&C Insurance Co.;Tower Hill Insurance Exchange;Kin Interinsurance Network;Florida Family Home Ins Co.;US Coastal P&C Insurance Co.;TypTap Insurance Co.;Homeowners Choice P&C Ins Co.;Edison Insurance Co.;Safe Harbor Insurance Co.;GeoVera Specialty Insurance Co,920916164.1637226,6,28.889501145391137,531333156.6299926,0.0,0,1.0,1518311886.5625546,380808540.0,6729601878.149139,539937478.65,359958319.1,539937478.65,359958319.1,2302304082.0197496,5743304082.01975,3441000000.0,1395853723.0,1395853723.0,0.0,False,14330391491.09428,14330391491.09428,0.0,1.0,9762151681.92148,4568239809.1728,1597970828.6089149,0.0,12,9464500000.0,9464500000.0,35
andrew,baseline,,1992230N11325,"{""1992230N11325"": 0.9842344093377903}",114169083378.42007,112367370233.74876,1801713144.6713133,29288040334.557915,48448293997.138596,0.0,24709211828.81014,9921824073.242107,29288040334.557915,48448293997.138596,658035304.2515488,1143677840.4197645,21.64264711393891,8.690464861100482,25.653214922888534,42.43556360749074,0.5763690876543629,1.001740406926959,24709211828.81014,9921824073.242107,658035304.2515488,19,12,7,Universal P&C Insurance Co.;Florida Family Insurance Co.;First Protective Insurance Co.;Cypress P&C Insurance Co.;Tower Hill Insurance Exchange;Kin Interinsurance Network;Florida Family Home Ins Co.;TypTap Insurance Co.;Homeowners Choice P&C Ins Co.;Edison Insurance Co.;Safe Harbor Insurance Co.;GeoVera Specialty Insurance Co;FL Farm Bureau General Ins Co.;Homesite Insurance Co.;State Farm FL Ins Co;AIG Property Casualty Co.;ASI Preferred Insurance Corp.;Castle Key Indemnity Co.;First Liberty Insurance Corp.,Universal P&C Insurance Co.;Florida Family Insurance Co.;First Protective Insurance Co.;Cypress P&C Insurance Co.;Tower Hill Insurance Exchange;Kin Interinsurance Network;Florida Family Home Ins Co.;TypTap Insurance Co.;Homeowners Choice P&C Ins Co.;Edison Insurance Co.;Safe Harbor Insurance Co.;GeoVera Specialty Insurance Co,1288460493.4370384,7,28.525995730733356,592988555.1627411,0.0,0,1.0,1634731501.321625,384822840.0,4163454626.600102,539937478.65,359958319.1,539937478.65,359958319.1,0.0,658035304.2515488,658035304.2515488,1395853723.0,658035304.2515488,0.0,False,14525155576.445948,14525155576.445948,0.0,1.0,9956915767.273148,4568239809.1728,1876601831.608511,0.0,13,9464500000.0,9464500000.0,36
andrew,baseline,,1992230N11325,"{""1992230N11325"": 0.951047129498916}",114169083378.42007,108580179024.56882,5588904353.851263,27338493912.60627,54367617570.300606,0.0,20489675514.08498,6384392027.576967,27338493912.60627,54367617570.300606,1952005708.8289318,3636898645.022331,17.946781131780444,5.592049825271459,23.94561916731103,47.62026282552867,1.709749829871976,3.185537220236427,20489675514.08498,6384392027.576967,1952005708.8289318,19,13,6,Universal P&C Insurance Co.;Florida Family Insurance Co.;First Protective Insurance Co.;Cypress P&C Insurance Co.;Tower Hill Insurance Exchange;Kin Interinsurance Network;Florida Family Home Ins Co.;US Coastal P&C Insurance Co.;TypTap Insurance Co.;Homeowners Choice P&C Ins Co.;Edison Insurance Co.;Safe Harbor Insurance Co.;GeoVera Specialty Insurance Co;FL Farm Bureau General Ins Co.;Homesite Insurance Co.;State Farm FL Ins Co;AIG Property Casualty Co.;ASI Preferred Insurance Corp.;Castle Key Indemnity Co.,Universal P&C Insurance Co.;Florida Family Insurance Co.;First Protective Insurance Co.;Cypress P&C Insurance Co.;Tower Hill Insurance Exchange;Kin Interinsurance Network;Florida Family Home Ins Co.;US Coastal P&C Insurance Co.;TypTap Insurance Co.;Homeowners Choice P&C Ins Co.;Edison Insurance Co.;Safe Harbor Insurance Co.;GeoVera Specialty Insurance Co,557826557.1194614,6,28.889501145391137,311594190.97666776,0.0,0,1.0,770263095.9778194,380808540.0,1410030795.4383254,539937478.65,359958319.1,539937478.65,359958319.1,0.0,1952005708.8289318,1952005708.8289318,1395853723.0,1395853723.0,0.0,False,13083374772.490744,13083374772.490744,0.0,1.0,9207152066.458374,3876222706.0323696,1932910370.5339086,0.0,13,9464500000.0,9464500000.0,37
andrew,baseline,,1992230N11325,"{""1992230N11325"": 0.9364645682289243}",114169083378.42007,106915301371.06422,7253782007.355858,8577020961.109534,26988216780.98844,0.0,52760909591.83553,18589154037.130722,8577020961.109534,26988216780.98844,2520743478.5463457,4733038528.809512,46.212957160176565,16.28212602488529,7.5125600620620725,23.638813575768516,2.2079037546366163,4.145639422470951,52760909591.83553,18589154037.130722,2520743478.5463457,35,22,13,Universal P&C Insurance Co.;Florida Family Insurance Co.;First Protective Insurance Co.;Cypress P&C Insurance Co.;Florida Peninsula Insurance Co;Tower Hill Insurance Exchange;Kin Interinsurance Network;Unique Insurance Co.;Heritage P&C Insurance Co.;Florida Family Home Ins Co.;US Coastal P&C Insurance Co.;TypTap Insurance Co.;Homeowners Choice P&C Ins Co.;Vault E&S Insurance Co.;Edison Insurance Co.;Safe Harbor Insurance Co.;Spinnaker Specialty Ins Co.;GeoVera Specialty Insurance Co;Florida Farm Bureau Cas Ins Co;Universal North America Ins Co;QBE Specialty Insurance Co.;Auto Club Insurance Co. of FL;American Platinum P&C Ins Co.;FL Farm Bureau General Ins Co.;Castle Key Insurance Co.;Homesite Insurance Co.;PURE Specialty Exchange;State Farm FL Ins Co;AIG Property Casualty Co.;Foremost P&C Insurance Co.;ASI Preferred Insurance Corp.;Nationwide P&C Insurance Co.;ACE Ins Co. of the Midwest;Castle Key Indemnity Co.;First Liberty Insurance Corp.,Universal P&C Insurance Co.;Florida Family Insurance Co.;First Protective Insurance Co.;Cypress P&C Insurance Co.;Florida Peninsula Insurance Co;Tower Hill Insurance Exchange;Kin Interinsurance Network;Unique Insurance Co.;Heritage P&C Insurance Co.;Florida Family Home Ins Co.;US Coastal P&C Insurance Co.;TypTap Insurance Co.;Homeowners Choice P&C Ins Co.;Vault E&S Insurance Co.;Edison Insurance Co.;Safe Harbor Insurance Co.;Spinnaker Specialty Ins Co.;GeoVera Specialty Insurance Co;Florida Farm Bureau Cas Ins Co;Universal North America Ins Co;QBE Specialty Insurance Co.;American Platinum P&C Ins Co.,6378093538.437363,13,35.89838321723671,3398284708.0162587,50950048.78041017,1,0.9811320754716981,12683009300.705246,303407340.0,12848954977.057827,539937478.65,359958319.1,539937478.65,359958319.1,0.0,2520743478.5463457,2520743478.5463457,1395853723.0,1395853723.0,0.0,False,15176416152.534687,15176416152.534687,0.0,1.0,10608176343.361887,4568239809.1728,2305600076.88216,0.0,14,9464500000.0,9464500000.0,38
andrew,baseline,,1992230N11325,"{""1992230N11325"": 0.9241385408900201}",114169083378.42007,105508050128.08417,8661033250.335913,12108205621.665009,47610888818.85658,0.0,32343244737.614513,13445710949.948067,12108205621.665009,47610888818.85658,3001473658.1362815,5659559592.19963,28.32924972377237,11.77701576650263,10.605503051585039,41.70208554714197,2.6289723709068613,4.957173540091139,32343244737.614513,13445710949.948067,3001473658.1362815,26,17,9,Universal P&C Insurance Co.;Florida Family Insurance Co.;First Protective Insurance Co.;Cypress P&C Insurance Co.;Tower Hill Insurance Exchange;Kin Interinsurance Network;Heritage P&C Insurance Co.;Florida Family Home Ins Co.;US Coastal P&C Insurance Co.;TypTap Insurance Co.;Homeowners Choice P&C Ins Co.;Edison Insurance Co.;Safe Harbor Insurance Co.;GeoVera Specialty Insurance Co;Florida Farm Bureau Cas Ins Co;Universal North America Ins Co;Auto Club Insurance Co. of FL;American Platinum P&C Ins Co.;FL Farm Bureau General Ins Co.;Homesite Insurance Co.;State Farm FL Ins Co;AIG Property Casualty Co.;ASI Preferred Insurance Corp.;ACE Ins Co. of the Midwest;Castle Key Indemnity Co.;First Liberty Insurance Corp.,Universal P&C Insurance Co.;Florida Family Insurance Co.;First Protective Insurance Co.;Cypress P&C Insurance Co.;Tower Hill Insurance Exchange;Kin Interinsurance Network;Heritage P&C Insurance Co.;Florida Family Home Ins Co.;US Coastal P&C Insurance Co.;TypTap Insurance Co.;Homeowners Choice P&C Ins Co.;Edison Insurance Co.;Safe Harbor Insurance Co.;GeoVera Specialty Insurance Co;Florida Farm Bureau Cas Ins Co;Universal North America Ins Co;American Platinum P&C Ins Co.,2628067846.534114,9,32.09530323621147,1881561013.364614,17014130.625367567,1,0.9811320754716981,4661462385.1565695,345405900.0,7662328801.480991,539937478.65,359958319.1,539937478.65,359958319.1,0.0,3001473658.1362815,3001473658.1362815,1395853723.0,1395853723.0,0.0,False,15094111277.711948,15094111277.711948,0.0,1.0,10525871468.539148,4568239809.1728,1960480709.0563958,0.0,13,9464500000.0,9464500000.0,39
andrew,baseline,,1992230N11325,"{""1992230N11325"": 0.892209837166695}",114169083378.42007,101862779290.53098,12306304087.889093,23083339880.425995,42034730879.58173,0.0,29145725603.688725,7598982926.834534,23083339880.425995,42034730879.58173,4246732252.2448626,8059571835.64423,25.528562322851904,6.655902545566791,20.21855584485593,36.81796300339486,3.7196867370554436,7.059329546275071,29145725603.688725,7598982926.834534,4246732252.2448626,23,15,8,Universal P&C Insurance Co.;Florida Family Insurance Co.;First Protective Insurance Co.;Cypress P&C Insurance Co.;Florida Peninsula Insurance Co;Tower Hill Insurance Exchange;Kin Interinsurance Network;Florida Family Home Ins Co.;US Coastal P&C Insurance Co.;TypTap Insurance Co.;Homeowners Choice P&C Ins Co.;Edison Insurance Co.;Safe Harbor Insurance Co.;GeoVera Specialty Insurance Co;Universal North America Ins Co;Auto Club Insurance Co. of FL;FL Farm Bureau General Ins Co.;Homesite Insurance Co.;State Farm FL Ins Co;AIG Property Casualty Co.;ASI Preferred Insurance Corp.;Castle Key Indemnity Co.;First Liberty Insurance Corp.,Universal P&C Insurance Co.;Florida Family Insurance Co.;First Protective Insurance Co.;Cypress P&C Insurance Co.;Florida Peninsula Insurance Co;Tower Hill Insurance Exchange;Kin Interinsurance Network;Florida Family Home Ins Co.;US Coastal P&C Insurance Co.;TypTap Insurance Co.;Homeowners Choice P&C Ins Co.;Edison Insurance Co.;Safe Harbor Insurance Co.;GeoVera Specialty Insurance Co;Universal North America Ins Co,2078248266.2997596,8,32.274744134947035,1381670478.9817832,0.0,0,1.0,3258829540.869808,343424280.0,1980556985.6199236,539937478.65,359958319.1,539937478.65,359958319.1,805732252.2448626,4246732252.2448626,3441000000.0,1395853723.0,1395853723.0,0.0,False,14763853848.031986,14763853848.031986,0.0,1.0,10195614038.859186,4568239809.1728,2086261521.2472882,0.0,13,9464500000.0,9464500000.0,40
andrew,baseline,,1992230N11325,"{""1992230N11325"": 0.8902556748899155}",114169083378.42009,101639674374.61841,12529409003.801678,20607822559.5971,48469150864.00976,0.0,24276100981.09933,8286599969.912208,20607822559.5971,48469150864.00976,4322946977.105884,8206462026.695796,21.263287978440516,7.258182096851727,18.050265404418873,42.45383200928042,3.786442747181585,7.187989763826866,24276100981.09933,8286599969.912208,4322946977.105884,24,15,9,Universal P&C Insurance Co.;Florida Family Insurance Co.;First Protective Insurance Co.;Cypress P&C Insurance Co.;Tower Hill Insurance Exchange;Kin Interinsurance Network;Florida Family Home Ins Co.;US Coastal P&C Insurance Co.;TypTap Insurance Co.;Homeowners Choice P&C Ins Co.;Edison Insurance Co.;Safe Harbor Insurance Co.;GeoVera Specialty Insurance Co;Universal North America Ins Co;Auto Club Insurance Co. of FL;American Platinum P&C Ins Co.;FL Farm Bureau General Ins Co.;Homesite Insurance Co.;State Farm FL Ins Co;AIG Property Casualty Co.;ASI Preferred Insurance Corp.;ACE Ins Co. of the Midwest;Castle Key Indemnity Co.;First Liberty Insurance Corp.,Universal P&C Insurance Co.;Florida Family Insurance Co.;First Protective Insurance Co.;Cypress P&C Insurance Co.;Tower Hill Insurance Exchange;Kin Interinsurance Network;Florida Family Home Ins Co.;US Coastal P&C Insurance Co.;TypTap Insurance Co.;Homeowners Choice P&C Ins Co.;Edison Insurance Co.;Safe Harbor Insurance Co.;GeoVera Specialty Insurance Co;Universal North America Ins Co;American Platinum P&C Ins Co.,758352422.3015954,9,29.360577648978133,704094087.7015235,2684225.818027485,1,0.9811320754716981,1824613116.258699,375606300.0,2592871853.0250244,539937478.65,359958319.1,539937478.65,359958319.1,881946977.1058836,4322946977.105884,3441000000.0,1395853723.0,1395853723.0,0.0,False,14596623194.946718,14596623194.946718,0.0,1.0,10028383385.773918,4568239809.1728,1977789837.7634287,0.0,13,9464500000.0,9464500000.0,41
andrew,baseline,,1992230N11325,"{""1992230N11325"": 0.8980701526205086}",114169083378.42009,102531846134.20131,11637237244.218786,12825970026.038864,55223935592.56131,0.0,26110396725.707703,8371543789.893419,12825970026.038864,55223935592.56131,4018172764.0086474,7619064480.210136,22.869936372496984,7.332583867863289,11.234188491753445,48.37030652993714,3.5194928829288914,6.673491855020244,26110396725.707703,8371543789.893419,4018172764.0086474,25,16,9,Universal P&C Insurance Co.;Florida Family Insurance Co.;First Protective Insurance Co.;Cypress P&C Insurance Co.;Florida Peninsula Insurance Co;Tower Hill Insurance Exchange;Kin Interinsurance Network;Florida Family Home Ins Co.;US Coastal P&C Insurance Co.;TypTap Insurance Co.;Homeowners Choice P&C Ins Co.;Edison Insurance Co.;Safe Harbor Insurance Co.;GeoVera Specialty Insurance Co;Florida Farm Bureau Cas Ins Co;Universal North America Ins Co;Auto Club Insurance Co. of FL;FL Farm Bureau General Ins Co.;Homesite Insurance Co.;State Farm FL Ins Co;AIG Property Casualty Co.;ASI Preferred Insurance Corp.;ACE Ins Co. of the Midwest;Castle Key Indemnity Co.;First Liberty Insurance Corp.,Universal P&C Insurance Co.;Florida Family Insurance Co.;First Protective Insurance Co.;Cypress P&C Insurance Co.;Florida Peninsula Insurance Co;Tower Hill Insurance Exchange;Kin Interinsurance Network;Florida Family Home Ins Co.;US Coastal P&C Insurance Co.;TypTap Insurance Co.;Homeowners Choice P&C Ins Co.;Edison Insurance Co.;Safe Harbor Insurance Co.;GeoVera Specialty Insurance Co;Florida Farm Bureau Cas Ins Co;Universal North America Ins Co,1307087168.933281,9,32.98794387743709,843299902.4505019,0.0,0,1.0,2898162536.203187,335548200.0,2694925494.3688636,539937478.65,359958319.1,539937478.65,359958319.1,577172764.0086474,4018172764.0086474,3441000000.0,1395853723.0,1395853723.0,0.0,False,14597309485.614471,14597309485.614471,0.0,1.0,10029069676.441671,4568239809.172801,1702914839.4447165,0.0,13,9464500000.0,9464500000.0,42
andrew,baseline,,1992230N11325,"{""1992230N11325"": 0.5729636283077704}",114169083378.42007,65414732253.07192,48754351125.34815,22684819542.631546,18237910946.281662,0.0,18410948349.92263,6081053414.236082,22684819542.631546,18237910946.281662,16697725836.670826,32056625288.677326,16.126036756289327,5.326357394041675,19.86949432487024,15.974474355575794,14.625435663107886,28.07820150611508,18410948349.92263,6081053414.236082,16697725836.670826,14,10,4,Universal P&C Insurance Co.;Florida Family Insurance Co.;First Protective Insurance Co.;Cypress P&C Insurance Co.;Tower Hill Insurance Exchange;Kin Interinsurance Network;TypTap Insurance Co.;Homeowners Choice P&C Ins Co.;Safe Harbor Insurance Co.;GeoVera Specialty Insurance Co;FL Farm Bureau General Ins Co.;AIG Property Casualty Co.;ASI Preferred Insurance Corp.;Castle Key Indemnity Co.,Universal P&C Insurance Co.;Florida Family Insurance Co.;First Protective Insurance Co.;Cypress P&C Insurance Co.;Tower Hill Insurance Exchange;Kin Interinsurance Network;TypTap Insurance Co.;Homeowners Choice P&C Ins Co.;Safe Harbor Insurance Co.;GeoVera Specialty Insurance Co,397452075.3650931,4,25.073636944342134,212754836.52544475,0.0,0,1.0,407446967.54783297,422948280.0,1379282950.2721224,539937478.65,359958319.1,539937478.65,359958319.1,13256725836.670826,16697725836.670826,3441000000.0,1395853723.0,1395853723.0,0.0,False,12407419719.43494,12407419719.43494,0.0,1.0,8831502240.610044,3575917478.824895,1570783958.2366571,0.0,13,9464500000.0,9464500000.0,43
andrew,baseline,,1992230N11325,"{""1992230N11325"": 0.8157758212624749}",114169083378.42009,93136377755.81462,21032705622.605465,11161526964.666348,22958292611.859505,0.0,44104838262.73623,14911719916.552555,11161526964.666348,22958292611.859505,7227752590.926169,13804953031.679296,38.631157365561194,13.061084030189496,9.776313021337673,20.109027709159147,6.330744170879749,12.09167370287276,44104838262.73623,14911719916.552555,7227752590.926169,30,19,11,Universal P&C Insurance Co.;Florida Family Insurance Co.;First Protective Insurance Co.;Cypress P&C Insurance Co.;Florida Peninsula Insurance Co;Tower Hill Insurance Exchange;Kin Interinsurance Network;Heritage P&C Insurance Co.;Florida Family Home Ins Co.;US Coastal P&C Insurance Co.;TypTap Insurance Co.;Homeowners Choice P&C Ins Co.;Vault E&S Insurance Co.;Edison Insurance Co.;Safe Harbor Insurance Co.;GeoVera Specialty Insurance Co;Florida Farm Bureau Cas Ins Co;Universal North America Ins Co;Auto Club Insurance Co. of FL;American Platinum P&C Ins Co.;FL Farm Bureau General Ins Co.;Castle Key Insurance Co.;Homesite Insurance Co.;State Farm FL Ins Co;AIG Property Casualty Co.;ASI Preferred Insurance Corp.;Nationwide P&C Insurance Co.;ACE Ins Co. of the Midwest;Castle Key Indemnity Co.;First Liberty Insurance Corp.,Universal P&C Insurance Co.;Florida Family Insurance Co.;First Protective Insurance Co.;Cypress P&C Insurance Co.;Florida Peninsula Insurance Co;Tower Hill Insurance Exchange;Kin Interinsurance Network;Heritage P&C Insurance Co.;Florida Family Home Ins Co.;US Coastal P&C Insurance Co.;TypTap Insurance Co.;Homeowners Choice P&C Ins Co.;Vault E&S Insurance Co.;Edison Insurance Co.;Safe Harbor Insurance Co.;GeoVera Specialty Insurance Co;Florida Farm Bureau Cas Ins Co;Universal North America Ins Co;American Platinum P&C Ins Co.,4503261265.625676,11,35.41856476294073,2522876423.121706,38196252.18952238,1,0.9811320754716981,8802437640.153006,308706120.0,9186538484.458126,539937478.65,359958319.1,539937478.65,359958319.1,3786752590.9261694,7227752590.926169,3441000000.0,1395853723.0,1395853723.0,0.0,False,15155144326.268383,15155144326.268383,0.0,1.0,10586904517.095583,4568239809.1728,2300045331.6011972,0.0,14,9464500000.0,9464500000.0,44
andrew,baseline,,1992230N11325,"{""1992230N11325"": 0.919569773313894}",114169083378.42006,104986438121.74878,9182645256.671276,16927223622.813095,60125716036.70609,0.0,20826584858.994186,7106913603.235442,16927223622.813095,60125716036.70609,3179661195.530711,6002984061.140565,18.241877960921578,6.2249020425951604,14.826451366616327,52.66374596125636,2.7850457421923407,5.257976926418271,20826584858.994186,7106913603.235442,3179661195.530711,19,13,6,Universal P&C Insurance Co.;Florida Family Insurance Co.;First Protective Insurance Co.;Cypress P&C Insurance Co.;Tower Hill Insurance Exchange;Kin Interinsurance Network;Florida Family Home Ins Co.;US Coastal P&C Insurance Co.;TypTap Insurance Co.;Homeowners Choice P&C Ins Co.;Edison Insurance Co.;Safe Harbor Insurance Co.;GeoVera Specialty Insurance Co;FL Farm Bureau General Ins Co.;Homesite Insurance Co.;AIG Property Casualty Co.;ASI Preferred Insurance Corp.;Castle Key Indemnity Co.;First Liberty Insurance Corp.,Universal P&C Insurance Co.;Florida Family Insurance Co.;First Protective Insurance Co.;Cypress P&C Insurance Co.;Tower Hill Insurance Exchange;Kin Interinsurance Network;Florida Family Home Ins Co.;US Coastal P&C Insurance Co.;TypTap Insurance Co.;Homeowners Choice P&C Ins Co.;Edison Insurance Co.;Safe Harbor Insurance Co.;GeoVera Specialty Insurance Co,415564858.06633604,6,28.889501145391137,312332665.2074158,0.0,0,1.0,870029204.4498441,380808540.0,1441241979.4852533,539937478.65,359958319.1,539937478.65,359958319.1,0.0,3179661195.530711,3179661195.530711,1395853723.0,1395853723.0,0.0,False,13925144542.922375,13925144542.922375,0.0,1.0,9356904733.749575,4568239809.172801,1755568394.8201666,0.0,13,9464500000.0,9464500000.0,45
andrew,baseline,,1992230N11325,"{""1992230N11325"": 0.8869620426574105}",114169083378.42007,101263643401.64769,12905439976.772392,23385648084.01419,21797524794.639973,0.0,41338588939.4573,14741881583.536236,23385648084.01419,21797524794.639973,4451402672.611106,8454037304.161288,36.208216547064794,12.912323675818094,20.48334574650223,19.09231829635595,3.898956303132147,7.404839431126804,41338588939.4573,14741881583.536236,4451402672.611106,31,19,12,Universal P&C Insurance Co.;Florida Family Insurance Co.;First Protective Insurance Co.;Cypress P&C Insurance Co.;Florida Peninsula Insurance Co;Tower Hill Insurance Exchange;Kin Interinsurance Network;Heritage P&C Insurance Co.;Florida Family Home Ins Co.;US Coastal P&C Insurance Co.;TypTap Insurance Co.;Homeowners Choice P&C Ins Co.;Vault E&S Insurance Co.;Edison Insurance Co.;Safe Harbor Insurance Co.;GeoVera Specialty Insurance Co;Florida Farm Bureau Cas Ins Co;Universal North America Ins Co;Auto Club Insurance Co. of FL;American Platinum P&C Ins Co.;FL Farm Bureau General Ins Co.;Castle Key Insurance Co.;Homesite Insurance Co.;State Farm FL Ins Co;AIG Property Casualty Co.;Foremost P&C Insurance Co.;ASI Preferred Insurance Corp.;Nationwide P&C Insurance Co.;ACE Ins Co. of the Midwest;Castle Key Indemnity Co.;First Liberty Insurance Corp.,Universal P&C Insurance Co.;Florida Family Insurance Co.;First Protective Insurance Co.;Cypress P&C Insurance Co.;Florida Peninsula Insurance Co;Tower Hill Insurance Exchange;Kin Interinsurance Network;Heritage P&C Insurance Co.;Florida Family Home Ins Co.;US Coastal P&C Insurance Co.;TypTap Insurance Co.;Homeowners Choice P&C Ins Co.;Vault E&S Insurance Co.;Edison Insurance Co.;Safe Harbor Insurance Co.;GeoVera Specialty Insurance Co;Florida Farm Bureau Cas Ins Co;Universal North America Ins Co;American Platinum P&C Ins Co.,4038598761.961485,12,35.41856476294073,2783127211.26402,16774736.372657433,1,0.9811320754716981,8290682176.035221,308706120.0,9002986261.194172,539937478.65,359958319.1,539937478.65,359958319.1,1010402672.6111059,4451402672.611106,3441000000.0,1395853723.0,1395853723.0,0.0,False,15124342626.032629,15124342626.032629,0.0,1.0,10556102816.859829,4568239809.1728,2086494418.2093992,0.0,13,9464500000.0,9464500000.0,46
andrew,baseline,,1992230N11325,"{""1992230N11325"": 0.9793076119186483}",114169083378.42007,111806652398.2616,2362430980.158485,6647130213.907553,41896092069.84584,0.0,42390036262.36692,20873393852.1413,6647130213.907553,41896092069.84584,849812243.2947474,1512618736.8637378,37.12917280929959,18.282877670967384,5.822180591461222,36.69653012013664,0.7443453325082722,1.3248934756269128,42390036262.36692,20873393852.1413,849812243.2947474,29,18,11,Universal P&C Insurance Co.;Florida Family Insurance Co.;First Protective Insurance Co.;Cypress P&C Insurance Co.;Florida Peninsula Insurance Co;Tower Hill Insurance Exchange;Kin Interinsurance Network;Heritage P&C Insurance Co.;Florida Family Home Ins Co.;US Coastal P&C Insurance Co.;TypTap Insurance Co.;Homeowners Choice P&C Ins Co.;Edison Insurance Co.;Safe Harbor Insurance Co.;GeoVera Specialty Insurance Co;Florida Farm Bureau Cas Ins Co;Universal North America Ins Co;Auto Club Insurance Co. of FL;American Platinum P&C Ins Co.;FL Farm Bureau General Ins Co.;Castle Key Insurance Co.;Homesite Insurance Co.;State Farm FL Ins Co;AIG Property Casualty Co.;ASI Preferred Insurance Corp.;Nationwide P&C Insurance Co.;ACE Ins Co. of the Midwest;Castle Key Indemnity Co.;First Liberty Insurance Corp.,Universal P&C Insurance Co.;Florida Family Insurance Co.;First Protective Insurance Co.;Cypress P&C Insurance Co.;Florida Peninsula Insurance Co;Tower Hill Insurance Exchange;Kin Interinsurance Network;Heritage P&C Insurance Co.;Florida Family Home Ins Co.;US Coastal P&C Insurance Co.;TypTap Insurance Co.;Homeowners Choice P&C Ins Co.;Edison Insurance Co.;Safe Harbor Insurance Co.;GeoVera Specialty Insurance Co;Florida Farm Bureau Cas Ins Co;Universal North America Ins Co;American Platinum P&C Ins Co.,3963559573.59011,11,35.166819401784345,2717904282.655162,28994302.34669596,1,0.9811320754716981,8954207489.981922,311486220.0,15035786311.614628,539937478.65,359958319.1,539937478.65,359958319.1,0.0,849812243.2947474,849812243.2947474,1395853723.0,849812243.2947474,0.0,False,15160675100.130262,15160675100.130262,0.0,1.0,10592435290.957462,4568239809.1728,2111732566.6546865,0.0,14,9464500000.0,9464500000.0,47
andrew,baseline,,1992230N11325,"{""1992230N11325"": 0.923124263444986}",114169083378.42009,105392251001.89322,8776832376.526865,18473130851.901108,47620027851.69716,0.0,29232003456.659767,10067088841.63518,18473130851.901108,47620027851.69716,3041031722.1336164,5735800654.393248,25.60413256517843,8.817701380913451,16.180502028443932,41.710090369962764,2.6636210365760227,5.02395261892539,29232003456.659767,10067088841.63518,3041031722.1336164,24,16,8,Universal P&C Insurance Co.;Florida Family Insurance Co.;First Protective Insurance Co.;Cypress P&C Insurance Co.;Florida Peninsula Insurance Co;Tower Hill Insurance Exchange;Kin Interinsurance Network;Florida Family Home Ins Co.;US Coastal P&C Insurance Co.;TypTap Insurance Co.;Homeowners Choice P&C Ins Co.;Edison Insurance Co.;Safe Harbor Insurance Co.;GeoVera Specialty Insurance Co;Universal North America Ins Co;American Platinum P&C Ins Co.;FL Farm Bureau General Ins Co.;Homesite Insurance Co.;State Farm FL Ins Co;AIG Property Casualty Co.;ASI Preferred Insurance Corp.;ACE Ins Co. of the Midwest;Castle Key Indemnity Co.;First Liberty Insurance Corp.,Universal P&C Insurance Co.;Florida Family Insurance Co.;First Protective Insurance Co.;Cypress P&C Insurance Co.;Florida Peninsula Insurance Co;Tower Hill Insurance Exchange;Kin Interinsurance Network;Florida Family Home Ins Co.;US Coastal P&C Insurance Co.;TypTap Insurance Co.;Homeowners Choice P&C Ins Co.;Edison Insurance Co.;Safe Harbor Insurance Co.;GeoVera Specialty Insurance Co;Universal North America Ins Co;American Platinum P&C Ins Co.,2091842949.0888858,8,32.43209381455101,1680887193.33916,11996084.327805385,1,0.9811320754716981,3786939739.3741736,341686620.0,4354913962.925875,539937478.65,359958319.1,539937478.65,359958319.1,0.0,3041031722.1336164,3041031722.1336164,1395853723.0,1395853723.0,0.0,False,14738514808.014902,14738514808.014902,0.0,1.0,10170274998.842102,4568239809.1728,2086127897.86635,0.0,13,9464500000.0,9464500000.0,48
andrew,baseline,,1992230N11325,"{""1992230N11325"": 0.939598880625631}",114169083378.42007,107273142944.41782,6895940434.002257,10422809333.184723,69407127239.88501,0.0,21292420965.38531,6150785405.962795,10422809333.184723,69407127239.88501,2398501451.9848814,4497438982.017376,18.649900949813482,5.387435217970227,9.129274778039264,60.79327711674013,2.1008327132091518,3.9392792242277643,21292420965.38531,6150785405.962795,2398501451.9848814,18,12,6,Universal P&C Insurance Co.;Florida Family Insurance Co.;First Protective Insurance Co.;Cypress P&C Insurance Co.;Tower Hill Insurance Exchange;Kin Interinsurance Network;Florida Family Home Ins Co.;TypTap Insurance Co.;Homeowners Choice P&C Ins Co.;Edison Insurance Co.;Safe Harbor Insurance Co.;GeoVera Specialty Insurance Co;FL Farm Bureau General Ins Co.;Homesite Insurance Co.;State Farm FL Ins Co;AIG Property Casualty Co.;ASI Preferred Insurance Corp.;Castle Key Indemnity Co.,Universal P&C Insurance Co.;Florida Family Insurance Co.;First Protective Insurance Co.;Cypress P&C Insurance Co.;Tower Hill Insurance Exchange;Kin Interinsurance Network;Florida Family Home Ins Co.;TypTap Insurance Co.;Homeowners Choice P&C Ins Co.;Edison Insurance Co.;Safe Harbor Insurance Co.;GeoVera Specialty Insurance Co,1128729024.732985,6,28.525995730733356,220854998.70165467,0.0,0,1.0,677452583.3289807,384822840.0,1412771972.1133027,539937478.65,359958319.1,539937478.65,359958319.1,0.0,2398501451.9848814,2398501451.9848814,1395853723.0,1395853723.0,0.0,False,13303215255.798891,13303215255.798891,0.0,1.0,9658263105.164553,3644952150.6343384,1580319252.3128982,0.0,12,9464500000.0,9464500000.0,49
andrew,baseline,,1992230N11325,"{""1992230N11325"": 0.970068042251106}",114169083378.42007,110751779198.50723,3417304179.9128475,8994381141.515745,39298420929.98804,0.0,43428863844.3335,19030113282.66996,8994381141.515745,39298420929.98804,1210166789.288005,2207137390.6248426,38.03907551783175,16.66835952391204,7.878123284657848,34.42124589870896,1.0599776695034302,1.933218105385989,43428863844.3335,19030113282.66996,1210166789.288005,28,18,10,Universal P&C Insurance Co.;Florida Family Insurance Co.;First Protective Insurance Co.;Cypress P&C Insurance Co.;Florida Peninsula Insurance Co;Tower Hill Insurance Exchange;Kin Interinsurance Network;Heritage P&C Insurance Co.;Florida Family Home Ins Co.;US Coastal P&C Insurance Co.;TypTap Insurance Co.;Homeowners Choice P&C Ins Co.;Edison Insurance Co.;Safe Harbor Insurance Co.;GeoVera Specialty Insurance Co;Florida Farm Bureau Cas Ins Co;Universal North America Ins Co;Auto Club Insurance Co. of FL;American Platinum P&C Ins Co.;FL Farm Bureau General Ins Co.;Castle Key Insurance Co.;Homesite Insurance Co.;State Farm FL Ins Co;AIG Property Casualty Co.;ASI Preferred Insurance Corp.;ACE Ins Co. of the Midwest;Castle Key Indemnity Co.;First Liberty Insurance Corp.,Universal P&C Insurance Co.;Florida Family Insurance Co.;First Protective Insurance Co.;Cypress P&C Insurance Co.;Florida Peninsula Insurance Co;Tower Hill Insurance Exchange;Kin Interinsurance Network;Heritage P&C Insurance Co.;Florida Family Home Ins Co.;US Coastal P&C Insurance Co.;TypTap Insurance Co.;Homeowners Choice P&C Ins Co.;Edison Insurance Co.;Safe Harbor Insurance Co.;GeoVera Specialty Insurance Co;Florida Farm Bureau Cas Ins Co;Universal North America Ins Co;American Platinum P&C Ins Co.,3665009352.8896394,10,35.166819401784345,2343698615.3494306,24461700.180643246,1,0.9811320754716981,9520729380.86543,311486220.0,13229062635.178534,539937478.65,359958319.1,539937478.65,359958319.1,0.0,1210166789.288005,1210166789.288005,1395853723.0,1210166789.288005,0.0,False,15109232702.157383,15109232702.157383,0.0,1.0,10540992892.984583,4568239809.1728,2086355946.8175745,0.0,13,9464500000.0,9464500000.0,50
andrew,baseline,,1992230N11325,"{""1992230N11325"": 0.9763826815662777}",114169083378.42006,111472715780.98572,2696367597.4343486,15852819887.080408,39373312969.55334,0.0,40039831137.614494,16206751786.737495,15852819887.080408,39373312969.55334,963888113.3964707,1732479484.0378776,35.07064255294067,14.195394503623431,13.885387723167852,34.486843376895834,0.8442636875708351,1.5174681558014036,40039831137.614494,16206751786.737495,963888113.3964707,30,19,11,Universal P&C Insurance Co.;Florida Family Insurance Co.;First Protective Insurance Co.;Cypress P&C Insurance Co.;Florida Peninsula Insurance Co;Tower Hill Insurance Exchange;Kin Interinsurance Network;Heritage P&C Insurance Co.;Florida Family Home Ins Co.;US Coastal P&C Insurance Co.;TypTap Insurance Co.;Homeowners Choice P&C Ins Co.;Vault E&S Insurance Co.;Edison Insurance Co.;Safe Harbor Insurance Co.;GeoVera Specialty Insurance Co;Florida Farm Bureau Cas Ins Co;Universal North America Ins Co;Auto Club Insurance Co. of FL;American Platinum P&C Ins Co.;FL Farm Bureau General Ins Co.;Castle Key Insurance Co.;Homesite Insurance Co.;State Farm FL Ins Co;AIG Property Casualty Co.;ASI Preferred Insurance Corp.;Nationwide P&C Insurance Co.;ACE Ins Co. of the Midwest;Castle Key Indemnity Co.;First Liberty Insurance Corp.,Universal P&C Insurance Co.;Florida Family Insurance Co.;First Protective Insurance Co.;Cypress P&C Insurance Co.;Florida Peninsula Insurance Co;Tower Hill Insurance Exchange;Kin Interinsurance Network;Heritage P&C Insurance Co.;Florida Family Home Ins Co.;US Coastal P&C Insurance Co.;TypTap Insurance Co.;Homeowners Choice P&C Ins Co.;Vault E&S Insurance Co.;Edison Insurance Co.;Safe Harbor Insurance Co.;GeoVera Specialty Insurance Co;Florida Farm Bureau Cas Ins Co;Universal North America Ins Co;American Platinum P&C Ins Co.,3580243132.5828605,11,35.41856476294073,2160781699.8768272,28231466.117278636,1,0.9811320754716981,7736045449.891742,308706120.0,10430400410.178724,539937478.65,359958319.1,539937478.65,359958319.1,0.0,963888113.3964707,963888113.3964707,1395853723.0,963888113.3964707,0.0,False,15087176737.807074,15087176737.807074,0.0,1.0,10518936928.634274,4568239809.1728,2086232773.1609406,0.0,13,9464500000.0,9464500000.0,51
andrew,baseline,,1992230N11325,"{""1992230N11325"": 0.9826534700704063}",114169083378.42007,112188645956.56203,1980437421.8580542,17309138588.04289,55307267022.746315,0.0,26590402474.436764,12981837871.336061,17309138588.04289,55307267022.746315,719319672.9026331,1261117748.955421,23.290370464218693,11.37071218160437,15.160968342603523,48.44329601861404,0.6300476903352251,1.1046053026241551,26590402474.436764,12981837871.336061,719319672.9026331,22,13,9,Universal P&C Insurance Co.;Florida Family Insurance Co.;First Protective Insurance Co.;Cypress P&C Insurance Co.;Tower Hill Insurance Exchange;Kin Interinsurance Network;Florida Family Home Ins Co.;US Coastal P&C Insurance Co.;TypTap Insurance Co.;Homeowners Choice P&C Ins Co.;Edison Insurance Co.;Safe Harbor Insurance Co.;GeoVera Specialty Insurance Co;Auto Club Insurance Co. of FL;FL Farm Bureau General Ins Co.;Homesite Insurance Co.;State Farm FL Ins Co;AIG Property Casualty Co.;ASI Preferred Insurance Corp.;ACE Ins Co. of the Midwest;Castle Key Indemnity Co.;First Liberty Insurance Corp.,Universal P&C Insurance Co.;Florida Family Insurance Co.;First Protective Insurance Co.;Cypress P&C Insurance Co.;Tower Hill Insurance Exchange;Kin Interinsurance Network;Florida Family Home Ins Co.;US Coastal P&C Insurance Co.;TypTap Insurance Co.;Homeowners Choice P&C Ins Co.;Edison Insurance Co.;Safe Harbor Insurance Co.;GeoVera Specialty Insurance Co,1840367635.5253723,9,28.889501145391137,964805836.6334546,0.0,0,1.0,2258355743.298843,380808540.0,7146028182.683572,539937478.65,359958319.1,539937478.65,359958319.1,0.0,719319672.9026331,719319672.9026331,1395853723.0,719319672.9026331,0.0,False,14629438164.518658,14629438164.518658,0.0,1.0,10061198355.345858,4568239809.172801,2052265489.0885975,0.0,13,9464500000.0,9464500000.0,52
andrew,baseline,,1992230N11325,"{""1992230N11325"": 0.7944856401583379}",114169083378.42009,90705697294.19473,23463386084.22536,13945462917.776651,38184759456.0408,0.0,30124058074.565983,8451416845.811292,13945462917.776651,38184759456.0408,8058095758.622233,15405290325.603127,26.385477734561498,7.402544187727756,12.214745450441782,33.445796643102746,7.058036659463407,13.493399324702812,30124058074.565983,8451416845.811292,8058095758.622233,25,16,9,Universal P&C Insurance Co.;Florida Family Insurance Co.;First Protective Insurance Co.;Cypress P&C Insurance Co.;Florida Peninsula Insurance Co;Tower Hill Insurance Exchange;Kin Interinsurance Network;Florida Family Home Ins Co.;US Coastal P&C Insurance Co.;TypTap Insurance Co.;Homeowners Choice P&C Ins Co.;Edison Insurance Co.;Safe Harbor Insurance Co.;GeoVera Specialty Insurance Co;Florida Farm Bureau Cas Ins Co;Universal North America Ins Co;Auto Club Insurance Co. of FL;FL Farm Bureau General Ins Co.;Homesite Insurance Co.;State Farm FL Ins Co;AIG Property Casualty Co.;ASI Preferred Insurance Corp.;ACE Ins Co. of the Midwest;Castle Key Indemnity Co.;First Liberty Insurance Corp.,Universal P&C Insurance Co.;Florida Family Insurance Co.;First Protective Insurance Co.;Cypress P&C Insurance Co.;Florida Peninsula Insurance Co;Tower Hill Insurance Exchange;Kin Interinsurance Network;Florida Family Home Ins Co.;US Coastal P&C Insurance Co.;TypTap Insurance Co.;Homeowners Choice P&C Ins Co.;Edison Insurance Co.;Safe Harbor Insurance Co.;GeoVera Specialty Insurance Co;Florida Farm Bureau Cas Ins Co;Universal North America Ins Co,2268768415.838439,9,32.98794387743709,1092605012.6654332,0.0,0,1.0,3235825077.4435797,335548200.0,2804023797.3545065,539937478.65,359958319.1,539937478.65,359958319.1,4617095758.622233,8058095758.622233,3441000000.0,1395853723.0,1395853723.0,0.0,False,14963272639.037157,14963272639.037157,0.0,1.0,10395032829.864357,4568239809.1728,2086155563.8745253,0.0,13,9464500000.0,9464500000.0,53
andrew,baseline,,1992230N11325,"{""1992230N11325"": 0.8963882673201312}",114169083378.42009,102339826831.10957,11829256547.310516,26678403888.249947,36250687550.17714,0.0,30136765703.106194,9273969689.5763,26678403888.249947,36250687550.17714,4083768352.941683,7745488194.3688345,26.39660826847153,8.12301317935363,23.36745036291727,31.75175492127069,3.5769476570165626,6.78422561097032,30136765703.106194,9273969689.5763,4083768352.941683,25,15,10,Universal P&C Insurance Co.;Florida Family Insurance Co.;First Protective Insurance Co.;Cypress P&C Insurance Co.;Florida Peninsula Insurance Co;Tower Hill Insurance Exchange;Kin Interinsurance Network;Heritage P&C Insurance Co.;Florida Family Home Ins Co.;US Coastal P&C Insurance Co.;TypTap Insurance Co.;Homeowners Choice P&C Ins Co.;Edison Insurance Co.;Safe Harbor Insurance Co.;GeoVera Specialty Insurance Co;Auto Club Insurance Co. of FL;FL Farm Bureau General Ins Co.;Castle Key Insurance Co.;Homesite Insurance Co.;State Farm FL Ins Co;AIG Property Casualty Co.;ASI Preferred Insurance Corp.;ACE Ins Co. of the Midwest;Castle Key Indemnity Co.;First Liberty Insurance Corp.,Universal P&C Insurance Co.;Florida Family Insurance Co.;First Protective Insurance Co.;Cypress P&C Insurance Co.;Florida Peninsula Insurance Co;Tower Hill Insurance Exchange;Kin Interinsurance Network;Heritage P&C Insurance Co.;Florida Family Home Ins Co.;US Coastal P&C Insurance Co.;TypTap Insurance Co.;Homeowners Choice P&C Ins Co.;Edison Insurance Co.;Safe Harbor Insurance Co.;GeoVera Specialty Insurance Co,1366864177.3010476,10,33.98254315570729,806114003.1878698,0.0,0,1.0,3110039331.7745996,324564540.0,3596590470.233886,539937478.65,359958319.1,539937478.65,359958319.1,642768352.9416828,4083768352.941683,3441000000.0,1395853723.0,1395853723.0,0.0,False,14897463468.501984,14897463468.501984,0.0,1.0,10329223659.329184,4568239809.1728,2022008969.1100988,0.0,13,9464500000.0,9464500000.0,54
andrew,baseline,,1992230N11325,"{""1992230N11325"": 0.7385174737131746}",114169083378.4201,84315863032.7796,29853220345.640507,16530417005.947618,43188428019.48364,0.0,16873036274.915487,7723981732.432835,16530417005.947618,43188428019.48364,10240922874.507442,19612297471.133064,14.778989000891618,6.765388232846931,14.47889088428308,37.82847925329581,8.969961544285422,17.17829108439713,16873036274.915487,7723981732.432835,10240922874.507442,14,10,4,Universal P&C Insurance Co.;Florida Family Insurance Co.;First Protective Insurance Co.;Cypress P&C Insurance Co.;Tower Hill Insurance Exchange;Kin Interinsurance Network;TypTap Insurance Co.;Homeowners Choice P&C Ins Co.;Edison Insurance Co.;GeoVera Specialty Insurance Co;FL Farm Bureau General Ins Co.;AIG Property Casualty Co.;ASI Preferred Insurance Corp.;Castle Key Indemnity Co.,Universal P&C Insurance Co.;Florida Family Insurance Co.;First Protective Insurance Co.;Cypress P&C Insurance Co.;Tower Hill Insurance Exchange;Kin Interinsurance Network;TypTap Insurance Co.;Homeowners Choice P&C Ins Co.;Edison Insurance Co.;GeoVera Specialty Insurance Co,418686781.8128957,4,27.56350641435879,210327407.1881907,0.0,0,1.0,463557513.70697165,395451900.0,1981585606.8623137,539937478.65,359958319.1,539937478.65,359958319.1,6799922874.507442,10240922874.507442,3441000000.0,1395853723.0,1395853723.0,0.0,False,12055079002.369965,12055079002.369965,0.0,1.0,7486839193.1971655,4568239809.1728,1633916524.1784306,0.0,13,9464500000.0,9464500000.0,55
andrew,baseline,,1992230N11325,"{""1992230N11325"": 0.9691497426806651}",114169083378.42009,110646937778.28323,3522145600.1368623,10929207338.911533,49945274146.9445,0.0,36743971962.97378,13028484329.45342,10929207338.911533,49945274146.9445,1245981598.4943728,2276164001.64249,32.183819713419034,11.411569528214349,9.57282568581727,43.74675934061587,1.091347641256341,1.9936780906771507,36743971962.97378,13028484329.45342,1245981598.4943728,28,18,10,Universal P&C Insurance Co.;Florida Family Insurance Co.;First Protective Insurance Co.;Cypress P&C Insurance Co.;Florida Peninsula Insurance Co;Tower Hill Insurance Exchange;Kin Interinsurance Network;Heritage P&C Insurance Co.;Florida Family Home Ins Co.;US Coastal P&C Insurance Co.;TypTap Insurance Co.;Homeowners Choice P&C Ins Co.;Edison Insurance Co.;Safe Harbor Insurance Co.;GeoVera Specialty Insurance Co;Florida Farm Bureau Cas Ins Co;Universal North America Ins Co;Auto Club Insurance Co. of FL;American Platinum P&C Ins Co.;FL Farm Bureau General Ins Co.;Homesite Insurance Co.;State Farm FL Ins Co;AIG Property Casualty Co.;ASI Preferred Insurance Corp.;Nationwide P&C Insurance Co.;ACE Ins Co. of the Midwest;Castle Key Indemnity Co.;First Liberty Insurance Corp.,Universal P&C Insurance Co.;Florida Family Insurance Co.;First Protective Insurance Co.;Cypress P&C Insurance Co.;Florida Peninsula Insurance Co;Tower Hill Insurance Exchange;Kin Interinsurance Network;Heritage P&C Insurance Co.;Florida Family Home Ins Co.;US Coastal P&C Insurance Co.;TypTap Insurance Co.;Homeowners Choice P&C Ins Co.;Edison Insurance Co.;Safe Harbor Insurance Co.;GeoVera Specialty Insurance Co;Florida Farm Bureau Cas Ins Co;Universal North America Ins Co;American Platinum P&C Ins Co.,2904539711.176767,10,35.166819401784345,1347975466.6840727,18046677.34231069,1,0.9811320754716981,5953987399.633681,311486220.0,7294840380.314729,539937478.65,359958319.1,539937478.65,359958319.1,0.0,1245981598.4943728,1245981598.4943728,1395853723.0,1245981598.4943728,0.0,False,15040340344.042015,15040340344.042015,0.0,1.0,10472100534.869215,4568239809.1728,2093234349.496461,0.0,14,9464500000.0,9464500000.0,56
andrew,baseline,,1992230N11325,"{""1992230N11325"": 0.9874310486739052}",114169083378.4201,112678138956.23598,1490944422.1841245,28986800800.1884,41380699315.01385,0.0,31398954729.845505,10911684111.188213,28986800800.1884,41380699315.01385,544794932.6068339,946149489.5772904,27.502151896737082,9.557477198113958,25.389361062057365,36.24510076677685,0.477182540566678,0.8287265357480559,31398954729.845505,10911684111.188213,544794932.6068339,27,18,9,Universal P&C Insurance Co.;Florida Family Insurance Co.;First Protective Insurance Co.;Cypress P&C Insurance Co.;Florida Peninsula Insurance Co;Tower Hill Insurance Exchange;Kin Interinsurance Network;Florida Family Home Ins Co.;US Coastal P&C Insurance Co.;TypTap Insurance Co.;Homeowners Choice P&C Ins Co.;Edison Insurance Co.;Safe Harbor Insurance Co.;GeoVera Specialty Insurance Co;Florida Farm Bureau Cas Ins Co;Universal North America Ins Co;Auto Club Insurance Co. of FL;American Platinum P&C Ins Co.;FL Farm Bureau General Ins Co.;Castle Key Insurance Co.;Homesite Insurance Co.;State Farm FL Ins Co;AIG Property Casualty Co.;ASI Preferred Insurance Corp.;ACE Ins Co. of the Midwest;Castle Key Indemnity Co.;First Liberty Insurance Corp.,Universal P&C Insurance Co.;Florida Family Insurance Co.;First Protective Insurance Co.;Cypress P&C Insurance Co.;Florida Peninsula Insurance Co;Tower Hill Insurance Exchange;Kin Interinsurance Network;Florida Family Home Ins Co.;US Coastal P&C Insurance Co.;TypTap Insurance Co.;Homeowners Choice P&C Ins Co.;Edison Insurance Co.;Safe Harbor Insurance Co.;GeoVera Specialty Insurance Co;Florida Farm Bureau Cas Ins Co;Universal North America Ins Co;American Platinum P&C Ins Co.;Castle Key Indemnity Co.,1917641340.2039557,10,34.88341503081986,1309317381.1531146,17700028.845278367,1,0.9811320754716981,4082478457.9095755,314615940.0,5191195944.885397,539937478.65,359958319.1,539937478.65,359958319.1,0.0,544794932.6068339,544794932.6068339,1395853723.0,544794932.6068339,0.0,False,14911058245.599737,14911058245.599737,0.0,1.0,10342818436.426937,4568239809.1728,2086343414.558907,0.0,13,9464500000.0,9464500000.0,57
andrew,baseline,,1992230N11325,"{""1992230N11325"": 0.9538465747334074}",114169083378.42007,108899789120.95877,5269294257.461298,17471251668.918633,45015980391.546234,0.0,33372380643.157322,13040176417.336582,17471251668.918633,45015980391.546234,1842823912.1861825,3426470345.2751155,29.230663552358237,11.421810556290584,15.302962195999378,39.42922116869253,1.6141181637396838,3.0012243629195834,33372380643.157322,13040176417.336582,1842823912.1861825,28,18,10,Universal P&C Insurance Co.;Florida Family Insurance Co.;First Protective Insurance Co.;Cypress P&C Insurance Co.;Florida Peninsula Insurance Co;Tower Hill Insurance Exchange;Kin Interinsurance Network;Heritage P&C Insurance Co.;Florida Family Home Ins Co.;US Coastal P&C Insurance Co.;TypTap Insurance Co.;Homeowners Choice P&C Ins Co.;Edison Insurance Co.;Safe Harbor Insurance Co.;GeoVera Specialty Insurance Co;Florida Farm Bureau Cas Ins Co;Universal North America Ins Co;Auto Club Insurance Co. of FL;American Platinum P&C Ins Co.;FL Farm Bureau General Ins Co.;Castle Key Insurance Co.;Homesite Insurance Co.;State Farm FL Ins Co;AIG Property Casualty Co.;ASI Preferred Insurance Corp.;ACE Ins Co. of the Midwest;Castle Key Indemnity Co.;First Liberty Insurance Corp.,Universal P&C Insurance Co.;Florida Family Insurance Co.;First Protective Insurance Co.;Cypress P&C Insurance Co.;Florida Peninsula Insurance Co;Tower Hill Insurance Exchange;Kin Interinsurance Network;Heritage P&C Insurance Co.;Florida Family Home Ins Co.;US Coastal P&C Insurance Co.;TypTap Insurance Co.;Homeowners Choice P&C Ins Co.;Edison Insurance Co.;Safe Harbor Insurance Co.;GeoVera Specialty Insurance Co;Florida Farm Bureau Cas Ins Co;Universal North America Ins Co;American Platinum P&C Ins Co.,2579179308.860034,10,35.166819401784345,930305903.0440054,4168421.0463348404,1,0.9811320754716981,4540532212.857375,311486220.0,7276831428.732992,539937478.65,359958319.1,539937478.65,359958319.1,0.0,1842823912.1861825,1842823912.1861825,1395853723.0,1395853723.0,0.0,False,15131671438.492676,15131671438.492676,0.0,1.0,10563431629.319876,4568239809.1728,2086728199.8429751,0.0,13,9464500000.0,9464500000.0,58
andrew,baseline,,1992230N11325,"{""1992230N11325"": 0.9246029878587309}",114169083378.42009,105561075612.77977,8608007765.64032,4894706724.872706,85028832546.3681,0.0,11450163242.63085,4187373098.9081106,4894706724.872706,85028832546.3681,2983359656.881911,5624648108.7584095,10.029127767171971,3.667694418662203,4.287243603987706,74.4762329960512,2.6131064282905654,4.926594785836359,11450163242.63085,4187373098.9081106,2983359656.881911,11,7,4,Universal P&C Insurance Co.;First Protective Insurance Co.;Tower Hill Insurance Exchange;Kin Interinsurance Network;TypTap Insurance Co.;Homeowners Choice P&C Ins Co.;GeoVera Specialty Insurance Co;FL Farm Bureau General Ins Co.;AIG Property Casualty Co.;ASI Preferred Insurance Corp.;Castle Key Indemnity Co.,Universal P&C Insurance Co.;First Protective Insurance Co.;Tower Hill Insurance Exchange;Kin Interinsurance Network;TypTap Insurance Co.;Homeowners Choice P&C Ins Co.;GeoVera Specialty Insurance Co,171831386.59927654,4,23.145936299594748,192573242.85382617,0.0,0,1.0,122225238.8610096,444236460.0,1304812869.9459577,539937478.65,359958319.1,539937478.65,359958319.1,0.0,2983359656.881911,2983359656.881911,1395853723.0,1395853723.0,0.0,False,6010364570.80674,6010364570.80674,0.0,1.0,4309190604.156538,1701173966.6502013,1438859402.0919065,0.0,10,9464500000.0,9464500000.0,59
andrew,baseline,,1992230N11325,"{""1992230N11325"": 0.9409512980958504}",114169083378.42009,107427547207.33777,6741536171.082327,26398897268.736874,25426360131.226406,0.0,43917139196.877655,11685150610.49682,26398897268.736874,25426360131.226406,2345755512.4000177,4395780658.682309,38.46675290482252,10.23495176164786,23.122632228933806,22.27079291418085,2.05463286818628,3.8502373222286788,43917139196.877655,11685150610.49682,2345755512.4000177,29,19,10,Universal P&C Insurance Co.;Florida Family Insurance Co.;First Protective Insurance Co.;Cypress P&C Insurance Co.;Florida Peninsula Insurance Co;Tower Hill Insurance Exchange;Kin Interinsurance Network;Heritage P&C Insurance Co.;Florida Family Home Ins Co.;US Coastal P&C Insurance Co.;TypTap Insurance Co.;Homeowners Choice P&C Ins Co.;Vault E&S Insurance Co.;Edison Insurance Co.;Safe Harbor Insurance Co.;GeoVera Specialty Insurance Co;Florida Farm Bureau Cas Ins Co;Universal North America Ins Co;Auto Club Insurance Co. of FL;American Platinum P&C Ins Co.;FL Farm Bureau General Ins Co.;Castle Key Insurance Co.;Homesite Insurance Co.;State Farm FL Ins Co;AIG Property Casualty Co.;ASI Preferred Insurance Corp.;ACE Ins Co. of the Midwest;Castle Key Indemnity Co.;First Liberty Insurance Corp.,Universal P&C Insurance Co.;Florida Family Insurance Co.;First Protective Insurance Co.;Cypress P&C Insurance Co.;Florida Peninsula Insurance Co;Tower Hill Insurance Exchange;Kin Interinsurance Network;Heritage P&C Insurance Co.;Florida Family Home Ins Co.;US Coastal P&C Insurance Co.;TypTap Insurance Co.;Homeowners Choice P&C Ins Co.;Vault E&S Insurance Co.;Edison Insurance Co.;Safe Harbor Insurance Co.;GeoVera Specialty Insurance Co;Florida Farm Bureau Cas Ins Co;Universal North America Ins Co;American Platinum P&C Ins Co.,3817319396.7838645,10,35.41856476294073,2042975396.421194,34424518.66184771,1,0.9811320754716981,8917055581.19358,308706120.0,6025360623.432923,539937478.65,359958319.1,539937478.65,359958319.1,0.0,2345755512.4000177,2345755512.4000177,1395853723.0,1395853723.0,0.0,False,15126132843.301304,15126132843.301304,0.0,1.0,10557893034.128504,4568239809.1728,2146751457.6847405,0.0,14,9464500000.0,9464500000.0,60
andrew,baseline,,1992230N11325,"{""1992230N11325"": 0.9003263790495609}",114169083378.42009,102789437437.50035,11379645940.919733,33513506194.65616,26793629427.737392,0.0,31642217115.922646,10840084699.184149,33513506194.65616,26793629427.737392,3930177166.8375793,7449468774.082155,27.715223928918363,9.494763712216253,29.3542745574769,23.46837570634455,3.4424180789914707,6.5249440160524514,31642217115.922646,10840084699.184149,3930177166.8375793,26,17,9,Universal P&C Insurance Co.;Florida Family Insurance Co.;First Protective Insurance Co.;Cypress P&C Insurance Co.;Florida Peninsula Insurance Co;Tower Hill Insurance Exchange;Kin Interinsurance Network;Florida Family Home Ins Co.;US Coastal P&C Insurance Co.;TypTap Insurance Co.;Homeowners Choice P&C Ins Co.;Edison Insurance Co.;Safe Harbor Insurance Co.;GeoVera Specialty Insurance Co;Florida Farm Bureau Cas Ins Co;Universal North America Ins Co;Auto Club Insurance Co. of FL;American Platinum P&C Ins Co.;FL Farm Bureau General Ins Co.;Homesite Insurance Co.;State Farm FL Ins Co;AIG Property Casualty Co.;ASI Preferred Insurance Corp.;ACE Ins Co. of the Midwest;Castle Key Indemnity Co.;First Liberty Insurance Corp.,Universal P&C Insurance Co.;Florida Family Insurance Co.;First Protective Insurance Co.;Cypress P&C Insurance Co.;Florida Peninsula Insurance Co;Tower Hill Insurance Exchange;Kin Interinsurance Network;Florida Family Home Ins Co.;US Coastal P&C Insurance Co.;TypTap Insurance Co.;Homeowners Choice P&C Ins Co.;Edison Insurance Co.;Safe Harbor Insurance Co.;GeoVera Specialty Insurance Co;Florida Farm Bureau Cas Ins Co;Universal North America Ins Co;American Platinum P&C Ins Co.,1983160318.63741,9,33.145293557041065,914252091.8661432,7710000.489894614,1,0.9811320754716981,3842973343.148665,333810540.0,5123019040.49441,539937478.65,359958319.1,539937478.65,359958319.1,489177166.83757925,3930177166.8375793,3441000000.0,1395853723.0,1395853723.0,0.0,False,15019523088.36272,15019523088.36272,0.0,1.0,10451283279.18992,4568239809.172801,2086488784.7474976,0.0,13,9464500000.0,9464500000.0,61
andrew,baseline,,1992230N11325,"{""1992230N11325"": 0.8870510262216611}",114169083378.42007,101273802573.6139,12895280804.806171,26490037680.662903,52439287958.783195,0.0,16383465693.189629,5961011240.978167,26490037680.662903,52439287958.783195,4447932204.49948,8447348600.306693,14.350177130603456,5.221213190632396,23.20246155682982,45.93125074410042,3.895916541395493,7.398980836438411,16383465693.189629,5961011240.978167,4447932204.49948,14,10,4,Universal P&C Insurance Co.;Florida Family Insurance Co.;First Protective Insurance Co.;Cypress P&C Insurance Co.;Tower Hill Insurance Exchange;Kin Interinsurance Network;TypTap Insurance Co.;Homeowners Choice P&C Ins Co.;Safe Harbor Insurance Co.;GeoVera Specialty Insurance Co;FL Farm Bureau General Ins Co.;AIG Property Casualty Co.;ASI Preferred Insurance Corp.;Castle Key Indemnity Co.,Universal P&C Insurance Co.;Florida Family Insurance Co.;First Protective Insurance Co.;Cypress P&C Insurance Co.;Tower Hill Insurance Exchange;Kin Interinsurance Network;TypTap Insurance Co.;Homeowners Choice P&C Ins Co.;Safe Harbor Insurance Co.;GeoVera Specialty Insurance Co,197244927.73946443,4,25.073636944342134,203461481.0708214,0.0,0,1.0,327168982.340117,422948280.0,1356328754.3405533,539937478.65,359958319.1,539937478.65,359958319.1,1006932204.4994802,4447932204.49948,3441000000.0,1395853723.0,1395853723.0,0.0,False,11326435211.619823,11326435211.619823,0.0,1.0,7869359484.320267,3457075727.299557,1520888849.5155714,0.0,12,9464500000.0,9464500000.0,62
andrew,baseline,,1992230N11325,"{""1992230N11325"": 0.9744713658586748}",114169083378.42007,111254502618.60193,2914580759.8181424,26114155036.305424,20129489536.693047,0.0,48259635094.21231,16751222951.39113,26114155036.305424,20129489536.693047,1038431769.5239327,1876148990.2942095,42.27031843135058,14.672293457825377,22.873228253702045,17.63129644298946,0.9095560188409241,1.6433073952915995,48259635094.21231,16751222951.39113,1038431769.5239327,31,20,11,Universal P&C Insurance Co.;Florida Family Insurance Co.;First Protective Insurance Co.;Cypress P&C Insurance Co.;Florida Peninsula Insurance Co;Tower Hill Insurance Exchange;Kin Interinsurance Network;Heritage P&C Insurance Co.;Florida Family Home Ins Co.;US Coastal P&C Insurance Co.;TypTap Insurance Co.;Homeowners Choice P&C Ins Co.;Vault E&S Insurance Co.;Edison Insurance Co.;Safe Harbor Insurance Co.;GeoVera Specialty Insurance Co;Florida Farm Bureau Cas Ins Co;Universal North America Ins Co;QBE Specialty Insurance Co.;Auto Club Insurance Co. of FL;American Platinum P&C Ins Co.;FL Farm Bureau General Ins Co.;Castle Key Insurance Co.;Homesite Insurance Co.;PURE Specialty Exchange;State Farm FL Ins Co;AIG Property Casualty Co.;ASI Preferred Insurance Corp.;ACE Ins Co. of the Midwest;Castle Key Indemnity Co.;First Liberty Insurance Corp.,Universal P&C Insurance Co.;Florida Family Insurance Co.;First Protective Insurance Co.;Cypress P&C Insurance Co.;Florida Peninsula Insurance Co;Tower Hill Insurance Exchange;Kin Interinsurance Network;Heritage P&C Insurance Co.;Florida Family Home Ins Co.;US Coastal P&C Insurance Co.;TypTap Insurance Co.;Homeowners Choice P&C Ins Co.;Vault E&S Insurance Co.;Edison Insurance Co.;Safe Harbor Insurance Co.;GeoVera Specialty Insurance Co;Florida Farm Bureau Cas Ins Co;Universal North America Ins Co;QBE Specialty Insurance Co.;American Platinum P&C Ins Co.,4830568676.96403,11,35.71378625186174,3362872191.2120667,32187615.42298992,1,0.9811320754716981,11804982993.88522,305445900.0,11016654702.648157,539937478.65,359958319.1,539937478.65,359958319.1,0.0,1038431769.5239327,1038431769.5239327,1395853723.0,1038431769.5239327,0.0,False,15169173729.832943,15169173729.832943,0.0,1.0,10600933920.660145,4568239809.172799,2121918052.5538375,0.0,13,9464500000.0,9464500000.0,63
andrew,baseline,,1992230N11325,"{""1992230N11325"": 0.8240998076512706}",114169083378.4201,94086719651.87787,20082363726.54223,22813734657.000774,27349738184.735016,0.0,34859109655.159134,9064137154.982952,22813734657.000774,27349738184.735016,6903106915.432676,13179256811.109554,30.53288037674488,7.939222149081586,19.982410282986436,23.955467956314152,6.046389014574046,11.543630220298901,34859109655.159134,9064137154.982952,6903106915.432676,26,17,9,Universal P&C Insurance Co.;Florida Family Insurance Co.;First Protective Insurance Co.;Cypress P&C Insurance Co.;Florida Peninsula Insurance Co;Tower Hill Insurance Exchange;Kin Interinsurance Network;Florida Family Home Ins Co.;US Coastal P&C Insurance Co.;TypTap Insurance Co.;Homeowners Choice P&C Ins Co.;Edison Insurance Co.;Safe Harbor Insurance Co.;GeoVera Specialty Insurance Co;Florida Farm Bureau Cas Ins Co;Universal North America Ins Co;Auto Club Insurance Co. of FL;American Platinum P&C Ins Co.;FL Farm Bureau General Ins Co.;Homesite Insurance Co.;State Farm FL Ins Co;AIG Property Casualty Co.;ASI Preferred Insurance Corp.;ACE Ins Co. of the Midwest;Castle Key Indemnity Co.;First Liberty Insurance Corp.,Universal P&C Insurance Co.;Florida Family Insurance Co.;First Protective Insurance Co.;Cypress P&C Insurance Co.;Florida Peninsula Insurance Co;Tower Hill Insurance Exchange;Kin Interinsurance Network;Florida Family Home Ins Co.;US Coastal P&C Insurance Co.;TypTap Insurance Co.;Homeowners Choice P&C Ins Co.;Edison Insurance Co.;Safe Harbor Insurance Co.;GeoVera Specialty Insurance Co;Florida Farm Bureau Cas Ins Co;Universal North America Ins Co;American Platinum P&C Ins Co.,2785184676.7449927,9,33.145293557041065,1697444796.797056,10216377.222165555,1,0.9811320754716981,5770507133.048608,333810540.0,3426955904.4138412,539937478.65,359958319.1,539937478.65,359958319.1,3462106915.4326763,6903106915.432676,3441000000.0,1395853723.0,1395853723.0,0.0,False,14933868549.757639,14933868549.757639,0.0,1.0,10365628740.584839,4568239809.1728,2086617505.4334378,0.0,13,9464500000.0,9464500000.0,64
andrew,baseline,,1992230N11325,"{""1992230N11325"": 0.751287559787777}",114169083378.42007,85773812054.58046,28395271323.83961,6051993625.131298,55590195501.73884,0.0,17683475833.35273,6448147094.357603,6051993625.131298,55590195501.73884,9742873859.749352,18652397464.090263,15.48884804018249,5.6478924972926725,5.300904102971216,48.691111338331325,8.533723466497518,16.33752055472479,17683475833.35273,6448147094.357603,9742873859.749352,15,10,5,Universal P&C Insurance Co.;First Protective Insurance Co.;Cypress P&C Insurance Co.;Tower Hill Insurance Exchange;Kin Interinsurance Network;TypTap Insurance Co.;Homeowners Choice P&C Ins Co.;Edison Insurance Co.;Safe Harbor Insurance Co.;GeoVera Specialty Insurance Co;FL Farm Bureau General Ins Co.;AIG Property Casualty Co.;ASI Preferred Insurance Corp.;Castle Key Indemnity Co.;First Liberty Insurance Corp.,Universal P&C Insurance Co.;First Protective Insurance Co.;Cypress P&C Insurance Co.;Tower Hill Insurance Exchange;Kin Interinsurance Network;TypTap Insurance Co.;Homeowners Choice P&C Ins Co.;Edison Insurance Co.;Safe Harbor Insurance Co.;GeoVera Specialty Insurance Co,341971394.2369083,5,27.73228202456624,211168374.96923113,0.0,0,1.0,491043001.8182883,393588060.0,1379036237.9967585,539937478.65,359958319.1,539937478.65,359958319.1,6301873859.7493515,9742873859.749352,3441000000.0,1395853723.0,1395853723.0,0.0,False,12235586228.973152,12235586228.973152,0.0,1.0,8296246006.827952,3939340222.1452,1471071368.3679328,0.0,11,9464500000.0,9464500000.0,65
andrew,baseline,,1992230N11325,"{""1992230N11325"": 0.9326796844248345}",114169083378.42007,106483184656.45746,7685898721.96262,18733188615.643566,35434177712.65064,0.0,39390022337.91856,12925795990.244696,18733188615.643566,35434177712.65064,2668358587.6840863,5017540134.278534,34.50147901017829,11.321625441628004,16.408285028926194,31.036578961750966,2.3371989234946,4.394832634021949,39390022337.91856,12925795990.244696,2668358587.6840863,29,19,10,Universal P&C Insurance Co.;Florida Family Insurance Co.;First Protective Insurance Co.;Cypress P&C Insurance Co.;Florida Peninsula Insurance Co;Tower Hill Insurance Exchange;Kin Interinsurance Network;Heritage P&C Insurance Co.;Florida Family Home Ins Co.;US Coastal P&C Insurance Co.;TypTap Insurance Co.;Homeowners Choice P&C Ins Co.;Vault E&S Insurance Co.;Edison Insurance Co.;Safe Harbor Insurance Co.;GeoVera Specialty Insurance Co;Florida Farm Bureau Cas Ins Co;Universal North America Ins Co;Auto Club Insurance Co. of FL;American Platinum P&C Ins Co.;FL Farm Bureau General Ins Co.;Castle Key Insurance Co.;Homesite Insurance Co.;State Farm FL Ins Co;AIG Property Casualty Co.;ASI Preferred Insurance Corp.;ACE Ins Co. of the Midwest;Castle Key Indemnity Co.;First Liberty Insurance Corp.,Universal P&C Insurance Co.;Florida Family Insurance Co.;First Protective Insurance Co.;Cypress P&C Insurance Co.;Florida Peninsula Insurance Co;Tower Hill Insurance Exchange;Kin Interinsurance Network;Heritage P&C Insurance Co.;Florida Family Home Ins Co.;US Coastal P&C Insurance Co.;TypTap Insurance Co.;Homeowners Choice P&C Ins Co.;Vault E&S Insurance Co.;Edison Insurance Co.;Safe Harbor Insurance Co.;GeoVera Specialty Insurance Co;Florida Farm Bureau Cas Ins Co;Universal North America Ins Co;American Platinum P&C Ins Co.,4125721938.7608256,10,35.41856476294073,1456017738.1536174,31942295.465263493,1,0.9811320754716981,6572784693.2623,308706120.0,7212620481.725954,539937478.65,359958319.1,539937478.65,359958319.1,0.0,2668358587.6840863,2668358587.6840863,1395853723.0,1395853723.0,0.0,False,15139276148.555813,15139276148.555813,0.0,1.0,10571036339.383013,4568239809.1728,2086661868.4118848,0.0,13,9464500000.0,9464500000.0,66
andrew,baseline,,1992230N11325,"{""1992230N11325"": 0.7085141247586785}",114169083378.42007,80890408184.36188,33278675194.058197,3348210823.2878327,41768430664.387596,0.0,26143787774.855675,9629978921.830784,3348210823.2878327,41768430664.387596,11411090271.886951,21867584922.17124,22.899183387678228,8.434839482692226,2.9326773275300746,36.58471227796732,9.994903991708707,19.15368353242345,26143787774.855675,9629978921.830784,11411090271.886951,20,13,7,Universal P&C Insurance Co.;Florida Family Insurance Co.;First Protective Insurance Co.;Cypress P&C Insurance Co.;Tower Hill Insurance Exchange;Kin Interinsurance Network;Florida Family Home Ins Co.;US Coastal P&C Insurance Co.;TypTap Insurance Co.;Homeowners Choice P&C Ins Co.;Edison Insurance Co.;Safe Harbor Insurance Co.;GeoVera Specialty Insurance Co;FL Farm Bureau General Ins Co.;Homesite Insurance Co.;State Farm FL Ins Co;AIG Property Casualty Co.;ASI Preferred Insurance Corp.;Castle Key Indemnity Co.;First Liberty Insurance Corp.,Universal P&C Insurance Co.;Florida Family Insurance Co.;First Protective Insurance Co.;Cypress P&C Insurance Co.;Tower Hill Insurance Exchange;Kin Interinsurance Network;Florida Family Home Ins Co.;US Coastal P&C Insurance Co.;TypTap Insurance Co.;Homeowners Choice P&C Ins Co.;Edison Insurance Co.;Safe Harbor Insurance Co.;GeoVera Specialty Insurance Co,1681815142.9335158,7,28.889501145391137,656326036.0534289,0.0,0,1.0,1762996349.3593228,380808540.0,3900366656.2820835,539937478.65,359958319.1,539937478.65,359958319.1,7970090271.886951,11411090271.886951,3441000000.0,1395853723.0,1395853723.0,0.0,False,14673238405.589983,14673238405.589983,0.0,1.0,10104998596.417183,4568239809.1728,2064044475.866925,0.0,13,9464500000.0,9464500000.0,67
andrew,baseline,,1992230N11325,"{""1992230N11325"": 0.9366400018125645}",114169083378.42007,106935330462.50221,7233752915.91787,13225504453.210163,56876337979.81171,0.0,26713904032.79285,10119583996.687496,13225504453.210163,56876337979.81171,2513901353.6791344,4719851562.238735,23.398544721821107,8.863681565302182,11.584138246405516,49.817635647727656,2.201910779424112,4.134089039319439,26713904032.79285,10119583996.687496,2513901353.6791344,22,14,8,Universal P&C Insurance Co.;Florida Family Insurance Co.;First Protective Insurance Co.;Cypress P&C Insurance Co.;Tower Hill Insurance Exchange;Kin Interinsurance Network;Florida Family Home Ins Co.;US Coastal P&C Insurance Co.;TypTap Insurance Co.;Homeowners Choice P&C Ins Co.;Edison Insurance Co.;Safe Harbor Insurance Co.;GeoVera Specialty Insurance Co;Universal North America Ins Co;Auto Club Insurance Co. of FL;FL Farm Bureau General Ins Co.;Homesite Insurance Co.;State Farm FL Ins Co;AIG Property Casualty Co.;ASI Preferred Insurance Corp.;Castle Key Indemnity Co.;First Liberty Insurance Corp.,Universal P&C Insurance Co.;Florida Family Insurance Co.;First Protective Insurance Co.;Cypress P&C Insurance Co.;Tower Hill Insurance Exchange;Kin Interinsurance Network;Florida Family Home Ins Co.;US Coastal P&C Insurance Co.;TypTap Insurance Co.;Homeowners Choice P&C Ins Co.;Edison Insurance Co.;Safe Harbor Insurance Co.;GeoVera Specialty Insurance Co;Universal North America Ins Co,1247827506.77959,8,29.203227969374158,892814653.300708,0.0,0,1.0,2383044684.3178906,377343960.0,4376961362.263509,539937478.65,359958319.1,539937478.65,359958319.1,0.0,2513901353.6791344,2513901353.6791344,1395853723.0,1395853723.0,0.0,False,14788857288.725887,14788857288.725887,0.0,1.0,10220617479.553087,4568239809.1728,2020977006.7133658,0.0,13,9464500000.0,9464500000.0,68
andrew,baseline,,1992230N11325,"{""1992230N11325"": 0.9902341962903713}",114169083378.42009,112949330939.37495,1219752439.045139,22799097886.22813,63563584025.7719,0.0,19601583923.95438,6985065103.420534,22799097886.22813,63563584025.7719,445686625.60330564,774065813.4418336,17.16890715412314,6.118175688831737,19.969590025225298,55.674953450477204,0.39037418223465215,0.6779994991079566,19601583923.95438,6985065103.420534,445686625.60330564,19,12,7,Universal P&C Insurance Co.;Florida Family Insurance Co.;First Protective Insurance Co.;Cypress P&C Insurance Co.;Tower Hill Insurance Exchange;Kin Interinsurance Network;Florida Family Home Ins Co.;TypTap Insurance Co.;Homeowners Choice P&C Ins Co.;Edison Insurance Co.;Safe Harbor Insurance Co.;GeoVera Specialty Insurance Co;FL Farm Bureau General Ins Co.;Homesite Insurance Co.;State Farm FL Ins Co;AIG Property Casualty Co.;ASI Preferred Insurance Corp.;Castle Key Indemnity Co.;First Liberty Insurance Corp.,Universal P&C Insurance Co.;Florida Family Insurance Co.;First Protective Insurance Co.;Cypress P&C Insurance Co.;Tower Hill Insurance Exchange;Kin Interinsurance Network;Florida Family Home Ins Co.;TypTap Insurance Co.;Homeowners Choice P&C Ins Co.;Edison Insurance Co.;Safe Harbor Insurance Co.;GeoVera Specialty Insurance Co,821052848.6795905,7,28.525995730733356,385944515.38250005,0.0,0,1.0,775740446.1701779,384822840.0,1404318874.240149,539937478.65,359958319.1,539937478.65,359958319.1,0.0,445686625.60330564,445686625.60330564,1395853723.0,445686625.60330564,0.0,False,13534477752.226595,13534477752.226595,0.0,1.0,9063588701.109093,4470889051.117502,1778011251.7117538,0.0,12,9464500000.0,9464500000.0,69
andrew,baseline,,1992230N11325,"{""1992230N11325"": 0.9287344525824385}",114169083378.42007,106032761153.29573,8136322225.124349,29112811828.299797,59255720791.47857,0.0,13164752443.368095,4499476090.149275,29112811828.299797,59255720791.47857,2822227466.9241066,5314094758.200244,11.53092593354083,3.9410635147481208,25.499733348829373,51.90172246112551,2.471971731234514,4.654583010521655,13164752443.368095,4499476090.149275,2822227466.9241066,12,8,4,Universal P&C Insurance Co.;First Protective Insurance Co.;Cypress P&C Insurance Co.;Tower Hill Insurance Exchange;Kin Interinsurance Network;TypTap Insurance Co.;Homeowners Choice P&C Ins Co.;GeoVera Specialty Insurance Co;FL Farm Bureau General Ins Co.;AIG Property Casualty Co.;ASI Preferred Insurance Corp.;Castle Key Indemnity Co.,Universal P&C Insurance Co.;First Protective Insurance Co.;Cypress P&C Insurance Co.;Tower Hill Insurance Exchange;Kin Interinsurance Network;TypTap Insurance Co.;Homeowners Choice P&C Ins Co.;GeoVera Specialty Insurance Co,182731758.7514628,4,24.017115967979795,195431065.80901366,0.0,0,1.0,170918596.1868857,434615760.0,1316556073.9752593,539937478.65,359958319.1,539937478.65,359958319.1,0.0,2822227466.9241066,2822227466.9241066,1395853723.0,1395853723.0,0.0,False,7720387230.667435,7720387230.667435,0.0,1.0,5710231302.68848,2010155927.9789543,1438816743.4935331,0.0,10,9464500000.0,9464500000.0,70
andrew,baseline,,1992230N11325,"{""1992230N11325"": 0.7991549087351058}",114169083378.42009,91238783407.65198,22930299970.76811,22205645558.081192,48202263605.860634,0.0,17469698749.78753,3361175493.922622,22205645558.081192,48202263605.860634,7875988558.974985,15054311411.793121,15.301602003655573,2.944033003034464,19.44978877029194,42.22006709652859,6.898530080047645,13.185979046441783,17469698749.78753,3361175493.922622,7875988558.974985,14,10,4,Universal P&C Insurance Co.;Florida Family Insurance Co.;First Protective Insurance Co.;Cypress P&C Insurance Co.;Tower Hill Insurance Exchange;Kin Interinsurance Network;TypTap Insurance Co.;Homeowners Choice P&C Ins Co.;Edison Insurance Co.;GeoVera Specialty Insurance Co;FL Farm Bureau General Ins Co.;AIG Property Casualty Co.;ASI Preferred Insurance Corp.;Castle Key Indemnity Co.,Universal P&C Insurance Co.;Florida Family Insurance Co.;First Protective Insurance Co.;Cypress P&C Insurance Co.;Tower Hill Insurance Exchange;Kin Interinsurance Network;TypTap Insurance Co.;Homeowners Choice P&C Ins Co.;Edison Insurance Co.;GeoVera Specialty Insurance Co,353484788.4713807,4,27.56350641435879,211446398.45326567,0.0,0,1.0,351302622.2026684,395451900.0,1348476312.5143037,539937478.65,359958319.1,539937478.65,359958319.1,4434988558.974985,7875988558.974985,3441000000.0,1395853723.0,1395853723.0,0.0,False,9065357027.60671,9065357027.60671,0.0,1.0,8182118689.892142,883238337.7145679,1500959105.7865105,0.0,11,9464500000.0,9464500000.0,71
andrew,baseline,,1992230N11325,"{""1992230N11325"": 0.9365406536919547}",114169083378.42007,106923987978.63681,7245095399.783268,21387309472.650803,42405619278.89106,0.0,33004700873.275238,10126358353.819733,21387309472.650803,42405619278.89106,2517776052.1971207,4727319347.586147,28.9086150966801,8.869615183171199,18.733013211432485,37.1428218779117,2.205304604094793,4.140630026709746,33004700873.275238,10126358353.819733,2517776052.1971207,28,18,10,Universal P&C Insurance Co.;Florida Family Insurance Co.;First Protective Insurance Co.;Cypress P&C Insurance Co.;Florida Peninsula Insurance Co;Tower Hill Insurance Exchange;Kin Interinsurance Network;Heritage P&C Insurance Co.;Florida Family Home Ins Co.;US Coastal P&C Insurance Co.;TypTap Insurance Co.;Homeowners Choice P&C Ins Co.;Edison Insurance Co.;Safe Harbor Insurance Co.;GeoVera Specialty Insurance Co;Florida Farm Bureau Cas Ins Co;Universal North America Ins Co;Auto Club Insurance Co. of FL;American Platinum P&C Ins Co.;FL Farm Bureau General Ins Co.;Castle Key Insurance Co.;Homesite Insurance Co.;State Farm FL Ins Co;AIG Property Casualty Co.;ASI Preferred Insurance Corp.;ACE Ins Co. of the Midwest;Castle Key Indemnity Co.;First Liberty Insurance Corp.,Universal P&C Insurance Co.;Florida Family Insurance Co.;First Protective Insurance Co.;Cypress P&C Insurance Co.;Florida Peninsula Insurance Co;Tower Hill Insurance Exchange;Kin Interinsurance Network;Heritage P&C Insurance Co.;Florida Family Home Ins Co.;US Coastal P&C Insurance Co.;TypTap Insurance Co.;Homeowners Choice P&C Ins Co.;Edison Insurance Co.;Safe Harbor Insurance Co.;GeoVera Specialty Insurance Co;Florida Farm Bureau Cas Ins Co;Universal North America Ins Co;American Platinum P&C Ins Co.,2746084430.018507,10,35.166819401784345,1082849265.2001886,12067169.965424635,1,0.9811320754716981,4727312172.167134,311486220.0,4442026877.044097,539937478.65,359958319.1,539937478.65,359958319.1,0.0,2517776052.1971207,2517776052.1971207,1395853723.0,1395853723.0,0.0,False,15108557142.346111,15108557142.346111,0.0,1.0,10540317333.173311,4568239809.172801,2086405362.4859118,0.0,13,9464500000.0,9464500000.0,72
andrew,baseline,,1992230N11325,"{""1992230N11325"": 0.9720972817231002}",114169083378.42009,110983455608.98015,3185627769.43994,10790841801.779726,57470374500.45992,0.0,32544736026.92066,10177503279.819832,10790841801.779726,57470374500.45992,1131023961.758826,2054603807.6811132,28.50573470844925,8.91441271021324,9.451632160357153,50.33794859329037,0.9906569522065629,1.7996148754834171,32544736026.92066,10177503279.819832,1131023961.758826,25,16,9,Universal P&C Insurance Co.;Florida Family Insurance Co.;First Protective Insurance Co.;Cypress P&C Insurance Co.;Florida Peninsula Insurance Co;Tower Hill Insurance Exchange;Kin Interinsurance Network;Florida Family Home Ins Co.;US Coastal P&C Insurance Co.;TypTap Insurance Co.;Homeowners Choice P&C Ins Co.;Edison Insurance Co.;Safe Harbor Insurance Co.;GeoVera Specialty Insurance Co;Florida Farm Bureau Cas Ins Co;Universal North America Ins Co;Auto Club Insurance Co. of FL;FL Farm Bureau General Ins Co.;Homesite Insurance Co.;State Farm FL Ins Co;AIG Property Casualty Co.;ASI Preferred Insurance Corp.;ACE Ins Co. of the Midwest;Castle Key Indemnity Co.;First Liberty Insurance Corp.,Universal P&C Insurance Co.;Florida Family Insurance Co.;First Protective Insurance Co.;Cypress P&C Insurance Co.;Florida Peninsula Insurance Co;Tower Hill Insurance Exchange;Kin Interinsurance Network;Florida Family Home Ins Co.;US Coastal P&C Insurance Co.;TypTap Insurance Co.;Homeowners Choice P&C Ins Co.;Edison Insurance Co.;Safe Harbor Insurance Co.;GeoVera Specialty Insurance Co;Florida Farm Bureau Cas Ins Co;Universal North America Ins Co,2702098531.4953856,9,32.98794387743709,1381286018.712476,0.0,0,1.0,3870913920.928685,335548200.0,4487670054.307277,539937478.65,359958319.1,539937478.65,359958319.1,0.0,1131023961.758826,1131023961.758826,1395853723.0,1131023961.758826,0.0,False,15143696867.278177,15143696867.278177,0.0,1.0,10575457058.105377,4568239809.1728,2094243340.189487,0.0,13,9464500000.0,9464500000.0,73
andrew,baseline,,1992230N11325,"{""1992230N11325"": 0.8241441935788758}",114169083378.42009,94091787152.54744,20077296225.872646,9553599392.639118,31634832073.311455,0.0,38855447953.22042,14047907733.376436,9553599392.639118,31634832073.311455,6901375809.832937,13175920416.039707,34.033248584848295,12.304476236192443,8.367939121463518,27.7087554153833,6.044872749795077,11.540707892317354,38855447953.22042,14047907733.376436,6901375809.832937,29,18,11,Universal P&C Insurance Co.;Florida Family Insurance Co.;First Protective Insurance Co.;Cypress P&C Insurance Co.;Florida Peninsula Insurance Co;Tower Hill Insurance Exchange;Kin Interinsurance Network;Heritage P&C Insurance Co.;Florida Family Home Ins Co.;US Coastal P&C Insurance Co.;TypTap Insurance Co.;Homeowners Choice P&C Ins Co.;Edison Insurance Co.;Safe Harbor Insurance Co.;GeoVera Specialty Insurance Co;Florida Farm Bureau Cas Ins Co;Universal North America Ins Co;Auto Club Insurance Co. of FL;American Platinum P&C Ins Co.;FL Farm Bureau General Ins Co.;Castle Key Insurance Co.;Homesite Insurance Co.;State Farm FL Ins Co;AIG Property Casualty Co.;ASI Preferred Insurance Corp.;Nationwide P&C Insurance Co.;ACE Ins Co. of the Midwest;Castle Key Indemnity Co.;First Liberty Insurance Corp.,Universal P&C Insurance Co.;Florida Family Insurance Co.;First Protective Insurance Co.;Cypress P&C Insurance Co.;Florida Peninsula Insurance Co;Tower Hill Insurance Exchange;Kin Interinsurance Network;Heritage P&C Insurance Co.;Florida Family Home Ins Co.;US Coastal P&C Insurance Co.;TypTap Insurance Co.;Homeowners Choice P&C Ins Co.;Edison Insurance Co.;Safe Harbor Insurance Co.;GeoVera Specialty Insurance Co;Florida Farm Bureau Cas Ins Co;Universal North America Ins Co;American Platinum P&C Ins Co.,3823472997.437033,11,35.166819401784345,1801077988.7213693,17321179.013728306,1,0.9811320754716981,6624006990.901194,311486220.0,8306064401.211933,539937478.65,359958319.1,539937478.65,359958319.1,3460375809.8329372,6901375809.832937,3441000000.0,1395853723.0,1395853723.0,0.0,False,15151998729.98409,15151998729.98409,0.0,1.0,10583758920.81129,4568239809.1728,2003078162.6466572,0.0,13,9464500000.0,9464500000.0,74
andrew,baseline,,1992230N11325,"{""1992230N11325"": 0.926208584469438}",114169083378.42009,105744385106.0997,8424698272.320383,34590063699.13768,39314693779.47338,0.0,22547355348.912567,9292272278.576067,34590063699.13768,39314693779.47338,2920739420.3862433,5503958851.934139,19.74909028057801,8.139044304819624,30.297224673764696,34.43549918778145,2.5582577471567167,4.820883805899489,22547355348.912567,9292272278.576067,2920739420.3862433,20,13,7,Universal P&C Insurance Co.;Florida Family Insurance Co.;First Protective Insurance Co.;Cypress P&C Insurance Co.;Tower Hill Insurance Exchange;Kin Interinsurance Network;Florida Family Home Ins Co.;US Coastal P&C Insurance Co.;TypTap Insurance Co.;Homeowners Choice P&C Ins Co.;Edison Insurance Co.;Safe Harbor Insurance Co.;GeoVera Specialty Insurance Co;FL Farm Bureau General Ins Co.;Homesite Insurance Co.;State Farm FL Ins Co;AIG Property Casualty Co.;ASI Preferred Insurance Corp.;Castle Key Indemnity Co.;First Liberty Insurance Corp.,Universal P&C Insurance Co.;Florida Family Insurance Co.;First Protective Insurance Co.;Cypress P&C Insurance Co.;Tower Hill Insurance Exchange;Kin Interinsurance Network;Florida Family Home Ins Co.;US Coastal P&C Insurance Co.;TypTap Insurance Co.;Homeowners Choice P&C Ins Co.;Edison Insurance Co.;Safe Harbor Insurance Co.;GeoVera Specialty Insurance Co,1199350150.3626685,7,28.889501145391137,231378187.04197752,0.0,0,1.0,950676049.5108988,380808540.0,3532960306.225048,539937478.65,359958319.1,539937478.65,359958319.1,0.0,2920739420.3862433,2920739420.3862433,1395853723.0,1395853723.0,0.0,False,14155515855.309275,14155515855.309275,0.0,1.0,9587276046.136475,4568239809.1728,1903617897.268781,0.0,13,9464500000.0,9464500000.0,75
andrew,baseline,,1992230N11325,"{""1992230N11325"": 0.9716413157023326}",114169083378.42009,110931398386.3374,3237684992.0826817,30252204662.819683,46561066041.08695,0.0,24779721323.719265,9338406358.711498,30252204662.819683,46561066041.08695,1148807195.644627,2088877796.438054,21.70440594813697,8.179452862697342,26.497720545366022,40.78255221403292,1.006233177713128,1.8296352520536112,24779721323.719265,9338406358.711498,1148807195.644627,20,14,6,Universal P&C Insurance Co.;Florida Family Insurance Co.;First Protective Insurance Co.;Cypress P&C Insurance Co.;Tower Hill Insurance Exchange;Kin Interinsurance Network;Florida Family Home Ins Co.;US Coastal P&C Insurance Co.;TypTap Insurance Co.;Homeowners Choice P&C Ins Co.;Edison Insurance Co.;Safe Harbor Insurance Co.;GeoVera Specialty Insurance Co;Universal North America Ins Co;FL Farm Bureau General Ins Co.;Homesite Insurance Co.;State Farm FL Ins Co;AIG Property Casualty Co.;ASI Preferred Insurance Corp.;Castle Key Indemnity Co.,Universal P&C Insurance Co.;Florida Family Insurance Co.;First Protective Insurance Co.;Cypress P&C Insurance Co.;Tower Hill Insurance Exchange;Kin Interinsurance Network;Florida Family Home Ins Co.;US Coastal P&C Insurance Co.;TypTap Insurance Co.;Homeowners Choice P&C Ins Co.;Edison Insurance Co.;Safe Harbor Insurance Co.;GeoVera Specialty Insurance Co;Universal North America Ins Co,1094554788.0532725,6,29.203227969374158,1067239563.9837258,0.0,0,1.0,2095597353.0372152,377343960.0,3603478410.9807043,539937478.65,359958319.1,539937478.65,359958319.1,0.0,1148807195.644627,1148807195.644627,1395853723.0,1148807195.644627,0.0,False,14629256587.967196,14629256587.967196,0.0,1.0,10061016778.794395,4568239809.1728,1954512595.6980655,0.0,13,9464500000.0,9464500000.0,76
andrew,baseline,,1992230N11325,"{""1992230N11325"": 0.9537745080979689}",114169083378.42009,108891561339.24861,5277522039.171473,8006442855.724951,30687415327.501194,0.0,51845789310.03021,18351913845.992264,8006442855.724951,30687415327.501194,1845634599.3317013,3431887439.8397717,45.41140891723228,16.074328796320255,7.0127941985722435,26.878918897672115,1.616580027374169,3.0059691628289427,51845789310.03021,18351913845.992264,1845634599.3317013,34,21,13,Universal P&C Insurance Co.;Florida Family Insurance Co.;First Protective Insurance Co.;Cypress P&C Insurance Co.;Florida Peninsula Insurance Co;Tower Hill Insurance Exchange;Kin Interinsurance Network;Unique Insurance Co.;Heritage P&C Insurance Co.;Florida Family Home Ins Co.;US Coastal P&C Insurance Co.;TypTap Insurance Co.;Homeowners Choice P&C Ins Co.;Vault E&S Insurance Co.;Edison Insurance Co.;Safe Harbor Insurance Co.;Spinnaker Specialty Ins Co.;GeoVera Specialty Insurance Co;Florida Farm Bureau Cas Ins Co;Universal North America Ins Co;Auto Club Insurance Co. of FL;American Platinum P&C Ins Co.;FL Farm Bureau General Ins Co.;Castle Key Insurance Co.;Homesite Insurance Co.;PURE Specialty Exchange;State Farm FL Ins Co;AIG Property Casualty Co.;Foremost P&C Insurance Co.;ASI Preferred Insurance Corp.;Nationwide P&C Insurance Co.;ACE Ins Co. of the Midwest;Castle Key Indemnity Co.;First Liberty Insurance Corp.,Universal P&C Insurance Co.;Florida Family Insurance Co.;First Protective Insurance Co.;Cypress P&C Insurance Co.;Florida Peninsula Insurance Co;Tower Hill Insurance Exchange;Kin Interinsurance Network;Unique Insurance Co.;Heritage P&C Insurance Co.;Florida Family Home Ins Co.;US Coastal P&C Insurance Co.;TypTap Insurance Co.;Homeowners Choice P&C Ins Co.;Vault E&S Insurance Co.;Edison Insurance Co.;Safe Harbor Insurance Co.;Spinnaker Specialty Ins Co.;GeoVera Specialty Insurance Co;Florida Farm Bureau Cas Ins Co;Universal North America Ins Co;American Platinum P&C Ins Co.,5567418427.04215,13,35.60316172831571,3394196546.5406785,50610904.24813032,1,0.9811320754716981,12925585463.312454,306667560.0,12610717687.621523,539937478.65,359958319.1,539937478.65,359958319.1,0.0,1845634599.3317013,1845634599.3317013,1395853723.0,1395853723.0,0.0,False,15176190086.97845,15176190086.97845,0.0,1.0,10607950277.80565,4568239809.1728,2210108036.306551,0.0,14,9464500000.0,9464500000.0,77
andrew,baseline,,1992230N11325,"{""1992230N11325"": 0.9253139662938614}",114169083378.4201,105642247369.02046,8526836009.399636,17166733552.788115,47850419938.756676,0.0,25751395155.63086,14873698721.844799,17166733552.788115,47850419938.756676,2955630626.156324,5571205383.243313,22.55548909881001,13.027781498906368,15.036236645509337,41.911889386160404,2.5888187403236946,4.879784630290169,25751395155.63086,14873698721.844799,2955630626.156324,25,17,8,Universal P&C Insurance Co.;Florida Family Insurance Co.;First Protective Insurance Co.;Cypress P&C Insurance Co.;Florida Peninsula Insurance Co;Tower Hill Insurance Exchange;Kin Interinsurance Network;Florida Family Home Ins Co.;US Coastal P&C Insurance Co.;TypTap Insurance Co.;Homeowners Choice P&C Ins Co.;Edison Insurance Co.;Safe Harbor Insurance Co.;GeoVera Specialty Insurance Co;Florida Farm Bureau Cas Ins Co;Universal North America Ins Co;Auto Club Insurance Co. of FL;American Platinum P&C Ins Co.;FL Farm Bureau General Ins Co.;Homesite Insurance Co.;State Farm FL Ins Co;AIG Property Casualty Co.;ASI Preferred Insurance Corp.;Castle Key Indemnity Co.;First Liberty Insurance Corp.,Universal P&C Insurance Co.;Florida Family Insurance Co.;First Protective Insurance Co.;Cypress P&C Insurance Co.;Florida Peninsula Insurance Co;Tower Hill Insurance Exchange;Kin Interinsurance Network;Florida Family Home Ins Co.;US Coastal P&C Insurance Co.;TypTap Insurance Co.;Homeowners Choice P&C Ins Co.;Edison Insurance Co.;Safe Harbor Insurance Co.;GeoVera Specialty Insurance Co;Florida Farm Bureau Cas Ins Co;Universal North America Ins Co;American Platinum P&C Ins Co.,1751255721.1104462,8,33.145293557041065,632871637.3621422,2018984.0329093859,1,0.9811320754716981,1919653939.5640788,333810540.0,8973620724.30516,539937478.65,359958319.1,539937478.65,359958319.1,0.0,2955630626.156324,2955630626.156324,1395853723.0,1395853723.0,0.0,False,14619426318.958841,14619426318.958841,0.0,1.0,10051186509.786041,4568239809.1728,2086190668.709075,0.0,13,9464500000.0,9464500000.0,78
andrew,baseline,,1992230N11325,"{""1992230N11325"": 0.9683073032913136}",114169083378.42009,110550757245.39908,3618326133.0210056,28883599029.277596,42935910001.242195,0.0,27889377478.958122,10841870735.921162,28883599029.277596,42935910001.242195,1278837767.623445,2339488365.3975606,24.428134704836992,9.496328090841502,25.298967263791738,37.60730026966111,1.1201261583091304,2.0491435125595165,27889377478.958122,10841870735.921162,1278837767.623445,22,14,8,Universal P&C Insurance Co.;Florida Family Insurance Co.;First Protective Insurance Co.;Cypress P&C Insurance Co.;Tower Hill Insurance Exchange;Kin Interinsurance Network;Florida Family Home Ins Co.;US Coastal P&C Insurance Co.;TypTap Insurance Co.;Homeowners Choice P&C Ins Co.;Edison Insurance Co.;Safe Harbor Insurance Co.;GeoVera Specialty Insurance Co;Universal North America Ins Co;Auto Club Insurance Co. of FL;FL Farm Bureau General Ins Co.;Homesite Insurance Co.;State Farm FL Ins Co;AIG Property Casualty Co.;ASI Preferred Insurance Corp.;Castle Key Indemnity Co.;First Liberty Insurance Corp.,Universal P&C Insurance Co.;Florida Family Insurance Co.;First Protective Insurance Co.;Cypress P&C Insurance Co.;Tower Hill Insurance Exchange;Kin Interinsurance Network;Florida Family Home Ins Co.;US Coastal P&C Insurance Co.;TypTap Insurance Co.;Homeowners Choice P&C Ins Co.;Edison Insurance Co.;Safe Harbor Insurance Co.;GeoVera Specialty Insurance Co;Universal North America Ins Co,1761154918.1695,8,29.203227969374158,1209504556.183569,0.0,0,1.0,2780466749.94442,377343960.0,5087531858.668577,539937478.65,359958319.1,539937478.65,359958319.1,0.0,1278837767.623445,1278837767.623445,1395853723.0,1278837767.623445,0.0,False,14838237830.070866,14838237830.070866,0.0,1.0,10269998020.898066,4568239809.1728,2085896221.6618326,0.0,13,9464500000.0,9464500000.0,79
andrew,baseline,,1992230N11325,"{""1992230N11325"": 0.8712693357076607}",114169083378.42009,99472021433.46858,14697061944.951504,20357398557.989285,44708938368.945786,0.0,23896406532.635025,10509277973.898487,20357398557.989285,44708938368.945786,5063437485.027488,9633624459.924017,20.9307159394711,9.205012130179648,17.830920557112208,39.160284944003095,4.435033842081773,8.438032587152168,23896406532.635025,10509277973.898487,5063437485.027488,22,15,7,Universal P&C Insurance Co.;Florida Family Insurance Co.;First Protective Insurance Co.;Cypress P&C Insurance Co.;Florida Peninsula Insurance Co;Tower Hill Insurance Exchange;Kin Interinsurance Network;Florida Family Home Ins Co.;US Coastal P&C Insurance Co.;TypTap Insurance Co.;Homeowners Choice P&C Ins Co.;Edison Insurance Co.;Safe Harbor Insurance Co.;GeoVera Specialty Insurance Co;Universal North America Ins Co;FL Farm Bureau General Ins Co.;Homesite Insurance Co.;State Farm FL Ins Co;AIG Property Casualty Co.;ASI Preferred Insurance Corp.;Castle Key Indemnity Co.;First Liberty Insurance Corp.,Universal P&C Insurance Co.;Florida Family Insurance Co.;First Protective Insurance Co.;Cypress P&C Insurance Co.;Florida Peninsula Insurance Co;Tower Hill Insurance Exchange;Kin Interinsurance Network;Florida Family Home Ins Co.;US Coastal P&C Insurance Co.;TypTap Insurance Co.;Homeowners Choice P&C Ins Co.;Edison Insurance Co.;Safe Harbor Insurance Co.;GeoVera Specialty Insurance Co;Universal North America Ins Co,1335468667.5056732,7,32.274744134947035,656109868.67134,0.0,0,1.0,1640272719.4204128,343424280.0,4718666290.25829,539937478.65,359958319.1,539937478.65,359958319.1,1622437485.0274878,5063437485.027488,3441000000.0,1395853723.0,1395853723.0,0.0,False,14324406957.29683,14324406957.29683,0.0,1.0,9756167148.12403,4568239809.1728,1805715813.1871676,0.0,13,9464500000.0,9464500000.0,80
andrew,baseline,,1992230N11325,"{""1992230N11325"": 0.9047796626705554}",114169083378.42009,103297864746.53345,10871218631.88664,24034740891.132687,49996749086.0888,0.0,20699141450.30057,8567233319.011396,24034740891.132687,49996749086.0888,3756493645.2921867,7114724986.594455,18.13025106078154,7.503987126370107,21.05188215575677,43.79184592414713,3.2902897475677104,6.2317439853767445,20699141450.30057,8567233319.011396,3756493645.2921867,20,13,7,Universal P&C Insurance Co.;Florida Family Insurance Co.;First Protective Insurance Co.;Cypress P&C Insurance Co.;Tower Hill Insurance Exchange;Kin Interinsurance Network;Florida Family Home Ins Co.;US Coastal P&C Insurance Co.;TypTap Insurance Co.;Homeowners Choice P&C Ins Co.;Edison Insurance Co.;Safe Harbor Insurance Co.;GeoVera Specialty Insurance Co;FL Farm Bureau General Ins Co.;Homesite Insurance Co.;State Farm FL Ins Co;AIG Property Casualty Co.;ASI Preferred Insurance Corp.;Castle Key Indemnity Co.;First Liberty Insurance Corp.,Universal P&C Insurance Co.;Florida Family Insurance Co.;First Protective Insurance Co.;Cypress P&C Insurance Co.;Tower Hill Insurance Exchange;Kin Interinsurance Network;Florida Family Home Ins Co.;US Coastal P&C Insurance Co.;TypTap Insurance Co.;Homeowners Choice P&C Ins Co.;Edison Insurance Co.;Safe Harbor Insurance Co.;GeoVera Specialty Insurance Co,806032635.711975,7,28.889501145391137,471145420.2994362,0.0,0,1.0,919480289.2354114,380808540.0,2811397348.6349077,539937478.65,359958319.1,539937478.65,359958319.1,315493645.29218674,3756493645.2921867,3441000000.0,1395853723.0,1395853723.0,0.0,False,14115532158.625729,14115532158.625729,0.0,1.0,9547292349.452929,4568239809.1728,1581742207.5983005,0.0,12,9464500000.0,9464500000.0,81
andrew,baseline,,1992230N11325,"{""1992230N11325"": 0.8877053293502358}",114169083378.42007,101348503762.0549,12820579616.36517,30085356482.87364,56704017052.59459,0.0,10020430976.463251,4538699250.123424,30085356482.87364,56704017052.59459,4422413580.221148,8398166036.14402,8.776834042934329,3.975418840037141,26.351579247732044,49.666700804320044,3.8735649348806636,7.355902130095772,10020430976.463251,4538699250.123424,4422413580.221148,11,7,4,Universal P&C Insurance Co.;First Protective Insurance Co.;Tower Hill Insurance Exchange;Kin Interinsurance Network;TypTap Insurance Co.;Homeowners Choice P&C Ins Co.;GeoVera Specialty Insurance Co;FL Farm Bureau General Ins Co.;AIG Property Casualty Co.;ASI Preferred Insurance Corp.;Castle Key Indemnity Co.,Universal P&C Insurance Co.;First Protective Insurance Co.;Tower Hill Insurance Exchange;Kin Interinsurance Network;TypTap Insurance Co.;Homeowners Choice P&C Ins Co.;GeoVera Specialty Insurance Co,117101186.06469528,4,23.145936299594748,191410359.2217911,0.0,0,1.0,58511143.622431636,444236460.0,1296623225.5695672,539937478.65,359958319.1,539937478.65,359958319.1,981413580.2211475,4422413580.221148,3441000000.0,1395853723.0,1395853723.0,0.0,False,5303168862.113788,5303168862.113788,0.0,1.0,3254182005.760426,2048986856.3533614,1437863909.1104565,0.0,10,9464500000.0,9464500000.0,82
andrew,baseline,,1992230N11325,"{""1992230N11325"": 0.935652808956476}",114169083378.42006,106822623559.00482,7346459819.415243,19920692169.17168,50808649077.12736,0.0,26628333221.01175,9464949091.694048,19920692169.17168,50808649077.12736,2552403085.4982386,4794056733.917006,23.323593772536995,8.29029086650536,17.448412109207702,44.50298414739754,2.2356342102162197,4.199084894136205,26628333221.01175,9464949091.694048,2552403085.4982386,23,16,7,Universal P&C Insurance Co.;Florida Family Insurance Co.;First Protective Insurance Co.;Cypress P&C Insurance Co.;Florida Peninsula Insurance Co;Tower Hill Insurance Exchange;Kin Interinsurance Network;Florida Family Home Ins Co.;US Coastal P&C Insurance Co.;TypTap Insurance Co.;Homeowners Choice P&C Ins Co.;Edison Insurance Co.;Safe Harbor Insurance Co.;GeoVera Specialty Insurance Co;Universal North America Ins Co;American Platinum P&C Ins Co.;FL Farm Bureau General Ins Co.;Homesite Insurance Co.;State Farm FL Ins Co;AIG Property Casualty Co.;ASI Preferred Insurance Corp.;Castle Key Indemnity Co.;First Liberty Insurance Corp.,Universal P&C Insurance Co.;Florida Family Insurance Co.;First Protective Insurance Co.;Cypress P&C Insurance Co.;Florida Peninsula Insurance Co;Tower Hill Insurance Exchange;Kin Interinsurance Network;Florida Family Home Ins Co.;US Coastal P&C Insurance Co.;TypTap Insurance Co.;Homeowners Choice P&C Ins Co.;Edison Insurance Co.;Safe Harbor Insurance Co.;GeoVera Specialty Insurance Co;Universal North America Ins Co;American Platinum P&C Ins Co.,1225812246.7497625,7,32.43209381455101,621056019.8258412,9093917.633039027,1,0.9811320754716981,2652220218.622394,341686620.0,3746480570.8382616,539937478.65,359958319.1,539937478.65,359958319.1,0.0,2552403085.4982386,2552403085.4982386,1395853723.0,1395853723.0,0.0,False,14772022418.86307,14772022418.86307,0.0,1.0,10203782609.69027,4568239809.1728,1989715379.980614,0.0,13,9464500000.0,9464500000.0,83
andrew,baseline,,1992230N11325,"{""1992230N11325"": 0.7588427711029544}",114169083378.42009,86636383605.16454,27532699773.255554,9218208438.311735,31439780707.80414,0.0,35688076150.906075,10290318308.142588,9218208438.311735,31439780707.80414,9448211354.748941,18084488418.506615,31.25896704681062,9.013226701693599,8.074172241321625,27.537911120469584,8.275630385357736,15.84009250434684,35688076150.906075,10290318308.142588,9448211354.748941,26,17,9,Universal P&C Insurance Co.;Florida Family Insurance Co.;First Protective Insurance Co.;Cypress P&C Insurance Co.;Florida Peninsula Insurance Co;Tower Hill Insurance Exchange;Kin Interinsurance Network;Heritage P&C Insurance Co.;Florida Family Home Ins Co.;US Coastal P&C Insurance Co.;TypTap Insurance Co.;Homeowners Choice P&C Ins Co.;Edison Insurance Co.;Safe Harbor Insurance Co.;GeoVera Specialty Insurance Co;Universal North America Ins Co;Auto Club Insurance Co. of FL;American Platinum P&C Ins Co.;FL Farm Bureau General Ins Co.;Homesite Insurance Co.;State Farm FL Ins Co;AIG Property Casualty Co.;ASI Preferred Insurance Corp.;ACE Ins Co. of the Midwest;Castle Key Indemnity Co.;First Liberty Insurance Corp.,Universal P&C Insurance Co.;Florida Family Insurance Co.;First Protective Insurance Co.;Cypress P&C Insurance Co.;Florida Peninsula Insurance Co;Tower Hill Insurance Exchange;Kin Interinsurance Network;Heritage P&C Insurance Co.;Florida Family Home Ins Co.;US Coastal P&C Insurance Co.;TypTap Insurance Co.;Homeowners Choice P&C Ins Co.;Edison Insurance Co.;Safe Harbor Insurance Co.;GeoVera Specialty Insurance Co;Universal North America Ins Co;American Platinum P&C Ins Co.,3666685225.87718,9,34.45361965929429,1951317464.5877166,16638577.050662138,1,0.9811320754716981,5620453332.361423,319362300.0,4620016886.956936,539937478.65,359958319.1,539937478.65,359958319.1,6007211354.748941,9448211354.748941,3441000000.0,1395853723.0,1395853723.0,0.0,False,15127156891.416077,15127156891.416077,0.0,1.0,10558917082.243277,4568239809.172801,2086591156.9026117,0.0,13,9464500000.0,9464500000.0,84
andrew,baseline,,1992230N11325,"{""1992230N11325"": 0.8667402501170948}",114169083378.42009,98954939883.05127,15214143495.368818,10918431233.499737,47318907533.27102,0.0,28528550629.14825,12189050487.132257,10918431233.499737,47318907533.27102,5240077376.329597,9974066119.03922,24.987982547419342,10.676314573474272,9.56338696117053,41.44634092964532,4.589751639645783,8.736223348644744,28528550629.14825,12189050487.132257,5240077376.329597,24,15,9,Universal P&C Insurance Co.;Florida Family Insurance Co.;First Protective Insurance Co.;Cypress P&C Insurance Co.;Florida Peninsula Insurance Co;Tower Hill Insurance Exchange;Kin Interinsurance Network;Florida Family Home Ins Co.;US Coastal P&C Insurance Co.;TypTap Insurance Co.;Homeowners Choice P&C Ins Co.;Edison Insurance Co.;Safe Harbor Insurance Co.;GeoVera Specialty Insurance Co;Universal North America Ins Co;Auto Club Insurance Co. of FL;FL Farm Bureau General Ins Co.;Homesite Insurance Co.;State Farm FL Ins Co;AIG Property Casualty Co.;ASI Preferred Insurance Corp.;ACE Ins Co. of the Midwest;Castle Key Indemnity Co.;First Liberty Insurance Corp.,Universal P&C Insurance Co.;Florida Family Insurance Co.;First Protective Insurance Co.;Cypress P&C Insurance Co.;Florida Peninsula Insurance Co;Tower Hill Insurance Exchange;Kin Interinsurance Network;Florida Family Home Ins Co.;US Coastal P&C Insurance Co.;TypTap Insurance Co.;Homeowners Choice P&C Ins Co.;Edison Insurance Co.;Safe Harbor Insurance Co.;GeoVera Specialty Insurance Co;Universal North America Ins Co,1987971933.9927056,9,32.274744134947035,847542366.2292676,0.0,0,1.0,2782763002.6026382,343424280.0,6399784485.059194,539937478.65,359958319.1,539937478.65,359958319.1,1799077376.3295975,5240077376.329597,3441000000.0,1395853723.0,1395853723.0,0.0,False,14850589570.740139,14850589570.740139,0.0,1.0,10282349761.567339,4568239809.172799,2008864963.6062586,0.0,13,9464500000.0,9464500000.0,85
andrew,baseline,,1992230N11325,"{""1992230N11325"": 0.6930532262056789}",114169083378.42007,79125251568.35918,35043831810.060905,14594051574.201326,27353208475.117462,0.0,27812192960.38766,9365798558.652739,14594051574.201326,27353208475.117462,12014084272.601702,23029747537.459206,24.360529258347928,8.203445522645788,12.782840277195264,23.958507562378912,10.523062739130804,20.17161464030132,27812192960.38766,9365798558.652739,12014084272.601702,25,16,9,Universal P&C Insurance Co.;Florida Family Insurance Co.;First Protective Insurance Co.;Cypress P&C Insurance Co.;Florida Peninsula Insurance Co;Tower Hill Insurance Exchange;Kin Interinsurance Network;Florida Family Home Ins Co.;US Coastal P&C Insurance Co.;TypTap Insurance Co.;Homeowners Choice P&C Ins Co.;Edison Insurance Co.;Safe Harbor Insurance Co.;GeoVera Specialty Insurance Co;Universal North America Ins Co;Auto Club Insurance Co. of FL;American Platinum P&C Ins Co.;FL Farm Bureau General Ins Co.;Homesite Insurance Co.;State Farm FL Ins Co;AIG Property Casualty Co.;ASI Preferred Insurance Corp.;ACE Ins Co. of the Midwest;Castle Key Indemnity Co.;First Liberty Insurance Corp.,Universal P&C Insurance Co.;Florida Family Insurance Co.;First Protective Insurance Co.;Cypress P&C Insurance Co.;Florida Peninsula Insurance Co;Tower Hill Insurance Exchange;Kin Interinsurance Network;Florida Family Home Ins Co.;US Coastal P&C Insurance Co.;TypTap Insurance Co.;Homeowners Choice P&C Ins Co.;Edison Insurance Co.;Safe Harbor Insurance Co.;GeoVera Specialty Insurance Co;Universal North America Ins Co;American Platinum P&C Ins Co.,1862824921.3234403,9,32.43209381455101,738481100.4414289,2257532.584384907,1,0.9811320754716981,2722698870.6548986,341686620.0,3661819044.845339,539937478.65,359958319.1,539937478.65,359958319.1,8573084272.601702,12014084272.601702,3441000000.0,1395853723.0,1395853723.0,0.0,False,15005109861.801401,15005109861.801401,0.0,1.0,10436870052.628601,4568239809.1728,2086312866.3702004,0.0,13,9464500000.0,9464500000.0,86
andrew,baseline,,1992230N11325,"{""1992230N11325"": 0.9910081106843014}",114169083378.42009,113024203692.43184,1144879685.9882433,10504095236.348886,68204782100.85869,0.0,25595849500.445602,8719476854.778656,10504095236.348886,68204782100.85869,418324047.5865388,726555638.4017045,22.419247613302336,7.6373363057294945,9.200472602142606,59.740150382735365,0.3664074679482004,0.6363856281419843,25595849500.445602,8719476854.778656,418324047.5865388,23,14,9,Universal P&C Insurance Co.;Florida Family Insurance Co.;First Protective Insurance Co.;Cypress P&C Insurance Co.;Tower Hill Insurance Exchange;Kin Interinsurance Network;Florida Family Home Ins Co.;US Coastal P&C Insurance Co.;TypTap Insurance Co.;Homeowners Choice P&C Ins Co.;Edison Insurance Co.;Safe Harbor Insurance Co.;GeoVera Specialty Insurance Co;Universal North America Ins Co;Auto Club Insurance Co. of FL;FL Farm Bureau General Ins Co.;Homesite Insurance Co.;State Farm FL Ins Co;AIG Property Casualty Co.;ASI Preferred Insurance Corp.;ACE Ins Co. of the Midwest;Castle Key Indemnity Co.;First Liberty Insurance Corp.,Universal P&C Insurance Co.;Florida Family Insurance Co.;First Protective Insurance Co.;Cypress P&C Insurance Co.;Tower Hill Insurance Exchange;Kin Interinsurance Network;Florida Family Home Ins Co.;US Coastal P&C Insurance Co.;TypTap Insurance Co.;Homeowners Choice P&C Ins Co.;Edison Insurance Co.;Safe Harbor Insurance Co.;GeoVera Specialty Insurance Co;Universal North America Ins Co,1798782996.0187433,9,29.203227969374158,741546686.9168849,0.0,0,1.0,1752879346.4012156,377343960.0,3021532000.2104244,539937478.65,359958319.1,539937478.65,359958319.1,0.0,418324047.5865388,418324047.5865388,1395853723.0,418324047.5865388,0.0,False,14625742815.524042,14625742815.524042,0.0,1.0,10057503006.351242,4568239809.1728,2086029294.686557,0.0,13,9464500000.0,9464500000.0,87
andrew,baseline,,1992230N11325,"{""1992230N11325"": 0.8064803191846788}",114169083378.42007,92075118804.05043,22093964574.36965,33905731781.717888,45314271289.910866,0.0,9937794872.053194,2917320860.368493,33905731781.717888,45314271289.910866,7590288569.500008,14503676004.869644,8.704453585839692,2.555263451401167,29.69782254389778,39.69049233732925,6.648287211294808,12.703680870237319,9937794872.053194,2917320860.368493,7590288569.500008,11,7,4,Universal P&C Insurance Co.;First Protective Insurance Co.;Tower Hill Insurance Exchange;Kin Interinsurance Network;TypTap Insurance Co.;Homeowners Choice P&C Ins Co.;GeoVera Specialty Insurance Co;FL Farm Bureau General Ins Co.;AIG Property Casualty Co.;ASI Preferred Insurance Corp.;Castle Key Indemnity Co.,Universal P&C Insurance Co.;First Protective Insurance Co.;Tower Hill Insurance Exchange;Kin Interinsurance Network;TypTap Insurance Co.;Homeowners Choice P&C Ins Co.;GeoVera Specialty Insurance Co,103571944.19099978,4,23.145936299594748,190418587.9904992,0.0,0,1.0,67513589.56433666,444236460.0,1282059874.202674,539937478.65,359958319.1,539937478.65,359958319.1,4149288569.5000076,7590288569.500008,3441000000.0,1395853723.0,1395853723.0,0.0,False,3607375059.9916515,3607375059.9916515,0.0,1.0,3163552809.4956713,443822250.49598014,1435498892.5599303,0.0,10,9464500000.0,9464500000.0,88
andrew,baseline,,1992230N11325,"{""1992230N11325"": 0.8570257662824824}",114169083378.42007,97845846168.15909,16323237210.260992,25295576585.26245,33926182494.53311,0.0,30146000322.29808,8478086766.065453,25295576585.26245,33926182494.53311,5618954157.147436,10704283053.113558,26.404696814791272,7.4259042073276005,22.15624040828881,29.71573519784056,4.92160748853793,9.375815883213837,30146000322.29808,8478086766.065453,5618954157.147436,26,17,9,Universal P&C Insurance Co.;Florida Family Insurance Co.;First Protective Insurance Co.;Cypress P&C Insurance Co.;Florida Peninsula Insurance Co;Tower Hill Insurance Exchange;Kin Interinsurance Network;Heritage P&C Insurance Co.;Florida Family Home Ins Co.;US Coastal P&C Insurance Co.;TypTap Insurance Co.;Homeowners Choice P&C Ins Co.;Edison Insurance Co.;Safe Harbor Insurance Co.;GeoVera Specialty Insurance Co;Universal North America Ins Co;Auto Club Insurance Co. of FL;American Platinum P&C Ins Co.;FL Farm Bureau General Ins Co.;Homesite Insurance Co.;State Farm FL Ins Co;AIG Property Casualty Co.;ASI Preferred Insurance Corp.;ACE Ins Co. of the Midwest;Castle Key Indemnity Co.;First Liberty Insurance Corp.,Universal P&C Insurance Co.;Florida Family Insurance Co.;First Protective Insurance Co.;Cypress P&C Insurance Co.;Florida Peninsula Insurance Co;Tower Hill Insurance Exchange;Kin Interinsurance Network;Heritage P&C Insurance Co.;Florida Family Home Ins Co.;US Coastal P&C Insurance Co.;TypTap Insurance Co.;Homeowners Choice P&C Ins Co.;Edison Insurance Co.;Safe Harbor Insurance Co.;GeoVera Specialty Insurance Co;Universal North America Ins Co;American Platinum P&C Ins Co.,2131263455.3075984,9,34.45361965929429,928509620.6787348,7119222.404854171,1,0.9811320754716981,3206514202.260017,319362300.0,2829552855.2319183,539937478.65,359958319.1,539937478.65,359958319.1,2177954157.147436,5618954157.147436,3441000000.0,1395853723.0,1395853723.0,0.0,False,15000066847.453726,15000066847.453726,0.0,1.0,10431827038.280926,4568239809.1728,2086337167.2256384,0.0,13,9464500000.0,9464500000.0,89
andrew,baseline,,1992230N11325,"{""1992230N11325"": 0.7816626955439292}",114169083378.42009,89241713461.35545,24927369917.06464,11793046462.404062,38493799739.28313,0.0,26605412295.254078,12349454964.414175,11793046462.404062,38493799739.28313,8558206321.244464,16369163595.820175,23.30351747422626,10.816811871460144,10.329457076672256,33.71648313203425,7.4960804343832645,14.337650011223815,26605412295.254078,12349454964.414175,8558206321.244464,23,16,7,Universal P&C Insurance Co.;Florida Family Insurance Co.;First Protective Insurance Co.;Cypress P&C Insurance Co.;Florida Peninsula Insurance Co;Tower Hill Insurance Exchange;Kin Interinsurance Network;Florida Family Home Ins Co.;US Coastal P&C Insurance Co.;TypTap Insurance Co.;Homeowners Choice P&C Ins Co.;Edison Insurance Co.;Safe Harbor Insurance Co.;GeoVera Specialty Insurance Co;Universal North America Ins Co;American Platinum P&C Ins Co.;FL Farm Bureau General Ins Co.;Homesite Insurance Co.;State Farm FL Ins Co;AIG Property Casualty Co.;ASI Preferred Insurance Corp.;Castle Key Indemnity Co.;First Liberty Insurance Corp.,Universal P&C Insurance Co.;Florida Family Insurance Co.;First Protective Insurance Co.;Cypress P&C Insurance Co.;Florida Peninsula Insurance Co;Tower Hill Insurance Exchange;Kin Interinsurance Network;Florida Family Home Ins Co.;US Coastal P&C Insurance Co.;TypTap Insurance Co.;Homeowners Choice P&C Ins Co.;Edison Insurance Co.;Safe Harbor Insurance Co.;GeoVera Specialty Insurance Co;Universal North America Ins Co;American Platinum P&C Ins Co.,1683553346.3606925,7,32.43209381455101,805608410.4887207,2961900.6941943653,1,0.9811320754716981,1939188276.6453524,341686620.0,6530187896.606454,539937478.65,359958319.1,539937478.65,359958319.1,5117206321.244464,8558206321.244464,3441000000.0,1395853723.0,1395853723.0,0.0,False,14800026511.881052,14800026511.881052,0.0,1.0,10231786702.708252,4568239809.1728,1945962290.269805,0.0,13,9464500000.0,9464500000.0,90
andrew,baseline,,1992230N11325,"{""1992230N11325"": 0.9301051841779784}",114169083378.42009,106189256323.11638,7979827055.303715,28191234717.107635,47891265574.16826,0.0,21452194828.264595,8654561203.575876,28191234717.107635,47891265574.16826,2768767253.9961596,5211059801.307556,18.789845896511267,7.580477084930101,24.69252960862105,41.9476658277354,2.425146258570649,4.564335323631525,21452194828.264595,8654561203.575876,2768767253.9961596,18,12,6,Universal P&C Insurance Co.;First Protective Insurance Co.;Cypress P&C Insurance Co.;Tower Hill Insurance Exchange;Kin Interinsurance Network;Florida Family Home Ins Co.;US Coastal P&C Insurance Co.;TypTap Insurance Co.;Homeowners Choice P&C Ins Co.;Edison Insurance Co.;Safe Harbor Insurance Co.;GeoVera Specialty Insurance Co;FL Farm Bureau General Ins Co.;State Farm FL Ins Co;AIG Property Casualty Co.;ASI Preferred Insurance Corp.;Castle Key Indemnity Co.;First Liberty Insurance Corp.,Universal P&C Insurance Co.;First Protective Insurance Co.;Cypress P&C Insurance Co.;Tower Hill Insurance Exchange;Kin Interinsurance Network;Florida Family Home Ins Co.;US Coastal P&C Insurance Co.;TypTap Insurance Co.;Homeowners Choice P&C Ins Co.;Edison Insurance Co.;Safe Harbor Insurance Co.;GeoVera Specialty Insurance Co,1132369386.807174,6,28.44562846231369,227489217.35341966,0.0,0,1.0,806406201.3976767,385710360.0,2912437812.9238095,539937478.65,359958319.1,539937478.65,359958319.1,0.0,2768767253.9961596,2768767253.9961596,1395853723.0,1395853723.0,0.0,False,13850227148.419333,13850227148.419333,0.0,1.0,9281987339.246532,4568239809.1728,1845979220.6349373,0.0,13,9464500000.0,9464500000.0,91
andrew,baseline,,1992230N11325,"{""1992230N11325"": 0.9144875118888408}",114169083378.42007,104406200993.36098,9762882385.059101,19680981412.723774,36428134457.861244,0.0,36107532221.35264,12189552901.423317,19680981412.723774,36428134457.861244,3377875622.646042,6385006762.41306,31.62636604663989,10.676754635070806,17.238450927638628,31.907179579534745,2.9586605433713404,5.59258826774459,36107532221.35264,12189552901.423317,3377875622.646042,28,18,10,Universal P&C Insurance Co.;Florida Family Insurance Co.;First Protective Insurance Co.;Cypress P&C Insurance Co.;Florida Peninsula Insurance Co;Tower Hill Insurance Exchange;Kin Interinsurance Network;Heritage P&C Insurance Co.;Florida Family Home Ins Co.;US Coastal P&C Insurance Co.;TypTap Insurance Co.;Homeowners Choice P&C Ins Co.;Edison Insurance Co.;Safe Harbor Insurance Co.;GeoVera Specialty Insurance Co;Florida Farm Bureau Cas Ins Co;Universal North America Ins Co;Auto Club Insurance Co. of FL;American Platinum P&C Ins Co.;FL Farm Bureau General Ins Co.;Castle Key Insurance Co.;Homesite Insurance Co.;State Farm FL Ins Co;AIG Property Casualty Co.;ASI Preferred Insurance Corp.;ACE Ins Co. of the Midwest;Castle Key Indemnity Co.;First Liberty Insurance Corp.,Universal P&C Insurance Co.;Florida Family Insurance Co.;First Protective Insurance Co.;Cypress P&C Insurance Co.;Florida Peninsula Insurance Co;Tower Hill Insurance Exchange;Kin Interinsurance Network;Heritage P&C Insurance Co.;Florida Family Home Ins Co.;US Coastal P&C Insurance Co.;TypTap Insurance Co.;Homeowners Choice P&C Ins Co.;Edison Insurance Co.;Safe Harbor Insurance Co.;GeoVera Specialty Insurance Co;Florida Farm Bureau Cas Ins Co;Universal North America Ins Co;American Platinum P&C Ins Co.,2954396518.8718686,10,35.166819401784345,1686914023.9377966,30981332.411997028,1,0.9811320754716981,6124248135.059514,311486220.0,6471218860.925302,539937478.65,359958319.1,539937478.65,359958319.1,0.0,3377875622.646042,3377875622.646042,1395853723.0,1395853723.0,0.0,False,15094514060.092949,15094514060.092949,0.0,1.0,10526274250.920147,4568239809.172801,2086279029.2426748,0.0,13,9464500000.0,9464500000.0,92
andrew,baseline,,1992230N11325,"{""1992230N11325"": 0.9864983386979572}",114169083378.42007,112587711299.48299,1581372078.9370897,20958433240.067215,75976254464.41872,0.0,11508112076.259642,4144911518.7374043,20958433240.067215,75976254464.41872,577799894.7681049,1003572184.1689845,10.079884795181664,3.6305025809823253,18.357363149355653,66.54713536815478,0.5060913845239113,0.8790227218016511,11508112076.259642,4144911518.7374043,577799894.7681049,12,8,4,Universal P&C Insurance Co.;First Protective Insurance Co.;Cypress P&C Insurance Co.;Tower Hill Insurance Exchange;Kin Interinsurance Network;TypTap Insurance Co.;Homeowners Choice P&C Ins Co.;GeoVera Specialty Insurance Co;FL Farm Bureau General Ins Co.;AIG Property Casualty Co.;ASI Preferred Insurance Corp.;Castle Key Indemnity Co.,Universal P&C Insurance Co.;First Protective Insurance Co.;Cypress P&C Insurance Co.;Tower Hill Insurance Exchange;Kin Interinsurance Network;TypTap Insurance Co.;Homeowners Choice P&C Ins Co.;GeoVera Specialty Insurance Co,122800510.32840127,4,24.017115967979795,194996647.83185184,0.0,0,1.0,146967796.17791533,434615760.0,1306535191.971622,539937478.65,359958319.1,539937478.65,359958319.1,0.0,577799894.7681049,577799894.7681049,1395853723.0,577799894.7681049,0.0,False,5953517561.654441,5953517561.654441,0.0,1.0,4294380559.3732386,1659137002.281202,1437759483.4282598,0.0,10,9464500000.0,9464500000.0,93
andrew,baseline,,1992230N11325,"{""1992230N11325"": 0.9078100050849334}",114169083378.42007,103643836162.3057,10525247216.114372,25379151402.837395,33539261984.169212,0.0,31906252769.917816,12819170005.381289,25379151402.837395,33539261984.169212,3638306575.5227666,6886940640.591607,27.946491139078944,11.228232395359962,22.229443078488,29.376833895566435,3.186770417927757,6.032229073578914,31906252769.917816,12819170005.381289,3638306575.5227666,27,17,10,Universal P&C Insurance Co.;Florida Family Insurance Co.;First Protective Insurance Co.;Cypress P&C Insurance Co.;Florida Peninsula Insurance Co;Tower Hill Insurance Exchange;Kin Interinsurance Network;Heritage P&C Insurance Co.;Florida Family Home Ins Co.;US Coastal P&C Insurance Co.;TypTap Insurance Co.;Homeowners Choice P&C Ins Co.;Edison Insurance Co.;Safe Harbor Insurance Co.;GeoVera Specialty Insurance Co;Universal North America Ins Co;Auto Club Insurance Co. of FL;American Platinum P&C Ins Co.;FL Farm Bureau General Ins Co.;Castle Key Insurance Co.;Homesite Insurance Co.;State Farm FL Ins Co;AIG Property Casualty Co.;ASI Preferred Insurance Corp.;ACE Ins Co. of the Midwest;Castle Key Indemnity Co.;First Liberty Insurance Corp.,Universal P&C Insurance Co.;Florida Family Insurance Co.;First Protective Insurance Co.;Cypress P&C Insurance Co.;Florida Peninsula Insurance Co;Tower Hill Insurance Exchange;Kin Interinsurance Network;Heritage P&C Insurance Co.;Florida Family Home Ins Co.;US Coastal P&C Insurance Co.;TypTap Insurance Co.;Homeowners Choice P&C Ins Co.;Edison Insurance Co.;Safe Harbor Insurance Co.;GeoVera Specialty Insurance Co;Universal North America Ins Co;American Platinum P&C Ins Co.,1969840322.937192,10,34.45361965929429,1775853050.0074792,23143420.909023553,1,0.9811320754716981,4994555725.957667,319362300.0,7047775101.505141,539937478.65,359958319.1,539937478.65,359958319.1,197306575.5227666,3638306575.5227666,3441000000.0,1395853723.0,1395853723.0,0.0,False,15069237444.068275,15069237444.068275,0.0,1.0,10500997634.895475,4568239809.1728,2086063751.2049541,0.0,13,9464500000.0,9464500000.0,94
andrew,baseline,,1992230N11325,"{""1992230N11325"": 0.9336441865849135}",114169083378.42007,106593300983.99019,7575782394.4298935,28218063567.75946,42320464882.996155,0.0,26507924473.885098,9546848059.349482,28218063567.75946,42320464882.996155,2630741820.8312163,4945040573.598677,23.218128489324066,8.362025670037044,24.716028834381586,37.06823566474867,2.3042506280894535,4.331330713419193,26507924473.885098,9546848059.349482,2630741820.8312163,23,15,8,Universal P&C Insurance Co.;Florida Family Insurance Co.;First Protective Insurance Co.;Cypress P&C Insurance Co.;Florida Peninsula Insurance Co;Tower Hill Insurance Exchange;Kin Interinsurance Network;Florida Family Home Ins Co.;US Coastal P&C Insurance Co.;TypTap Insurance Co.;Homeowners Choice P&C Ins Co.;Edison Insurance Co.;Safe Harbor Insurance Co.;GeoVera Specialty Insurance Co;Auto Club Insurance Co. of FL;American Platinum P&C Ins Co.;FL Farm Bureau General Ins Co.;Homesite Insurance Co.;State Farm FL Ins Co;AIG Property Casualty Co.;ASI Preferred Insurance Corp.;Castle Key Indemnity Co.;First Liberty Insurance Corp.,Universal P&C Insurance Co.;Florida Family Insurance Co.;First Protective Insurance Co.;Cypress P&C Insurance Co.;Florida Peninsula Insurance Co;Tower Hill Insurance Exchange;Kin Interinsurance Network;Florida Family Home Ins Co.;US Coastal P&C Insurance Co.;TypTap Insurance Co.;Homeowners Choice P&C Ins Co.;Edison Insurance Co.;Safe Harbor Insurance Co.;GeoVera Specialty Insurance Co;American Platinum P&C Ins Co.,1630597672.0964422,8,32.118366990567985,436458010.0804086,7295910.216765612,1,0.9811320754716981,1834633949.4697952,345151200.0,3826272519.900361,539937478.65,359958319.1,539937478.65,359958319.1,0.0,2630741820.8312163,2630741820.8312163,1395853723.0,1395853723.0,0.0,False,14557844775.472712,14557844775.472712,0.0,1.0,9989604966.299911,4568239809.1728,1969039794.4717913,0.0,13,9464500000.0,9464500000.0,95
andrew,baseline,,1992230N11325,"{""1992230N11325"": 0.9755146208351387}",114169083378.42006,111373610082.99478,2795473295.425283,11277948404.278822,44174162296.853386,0.0,38971313413.722305,16950185968.140287,11277948404.278822,44174162296.853386,997743546.2704732,1797729749.1548097,34.13473443116787,14.846563944073992,9.878285846350721,38.691877861921306,0.8739174536099185,1.574620462876215,38971313413.722305,16950185968.140287,997743546.2704732,29,19,10,Universal P&C Insurance Co.;Florida Family Insurance Co.;First Protective Insurance Co.;Cypress P&C Insurance Co.;Florida Peninsula Insurance Co;Tower Hill Insurance Exchange;Kin Interinsurance Network;Unique Insurance Co.;Heritage P&C Insurance Co.;Florida Family Home Ins Co.;US Coastal P&C Insurance Co.;TypTap Insurance Co.;Homeowners Choice P&C Ins Co.;Edison Insurance Co.;Safe Harbor Insurance Co.;GeoVera Specialty Insurance Co;Florida Farm Bureau Cas Ins Co;Universal North America Ins Co;Auto Club Insurance Co. of FL;American Platinum P&C Ins Co.;FL Farm Bureau General Ins Co.;Castle Key Insurance Co.;Homesite Insurance Co.;State Farm FL Ins Co;AIG Property Casualty Co.;ASI Preferred Insurance Corp.;ACE Ins Co. of the Midwest;Castle Key Indemnity Co.;First Liberty Insurance Corp.,Universal P&C Insurance Co.;Florida Family Insurance Co.;First Protective Insurance Co.;Cypress P&C Insurance Co.;Florida Peninsula Insurance Co;Tower Hill Insurance Exchange;Kin Interinsurance Network;Unique Insurance Co.;Heritage P&C Insurance Co.;Florida Family Home Ins Co.;US Coastal P&C Insurance Co.;TypTap Insurance Co.;Homeowners Choice P&C Ins Co.;Edison Insurance Co.;Safe Harbor Insurance Co.;GeoVera Specialty Insurance Co;Florida Farm Bureau Cas Ins Co;Universal North America Ins Co;American Platinum P&C Ins Co.,3923631566.9609213,10,35.26242124434198,1250222982.272519,28102065.272596985,1,0.9811320754716981,5910095979.749816,310430460.0,11151169725.554241,539937478.65,359958319.1,539937478.65,359958319.1,0.0,997743546.2704732,997743546.2704732,1395853723.0,997743546.2704732,0.0,False,15132405495.418468,15132405495.418468,0.0,1.0,10564165686.245668,4568239809.1728,2086532360.6027954,0.0,13,9464500000.0,9464500000.0,96
andrew,baseline,,1992230N11325,"{""1992230N11325"": 0.8866751769104851}",114169083378.42009,101230892202.26855,12938191176.15153,11409190641.782082,50101340166.52689,0.0,29367019509.722622,10353341884.236954,11409190641.782082,50101340166.52689,4462590788.477307,8475600387.674223,25.72239229808294,9.068428665508506,9.993240117349155,43.8834566101079,3.9087559052092846,7.4237264037422035,29367019509.722622,10353341884.236954,4462590788.477307,22,14,8,Universal P&C Insurance Co.;Florida Family Insurance Co.;First Protective Insurance Co.;Cypress P&C Insurance Co.;Tower Hill Insurance Exchange;Kin Interinsurance Network;Florida Family Home Ins Co.;US Coastal P&C Insurance Co.;TypTap Insurance Co.;Homeowners Choice P&C Ins Co.;Edison Insurance Co.;Safe Harbor Insurance Co.;GeoVera Specialty Insurance Co;Auto Club Insurance Co. of FL;American Platinum P&C Ins Co.;FL Farm Bureau General Ins Co.;Homesite Insurance Co.;State Farm FL Ins Co;AIG Property Casualty Co.;ASI Preferred Insurance Corp.;Castle Key Indemnity Co.;First Liberty Insurance Corp.,Universal P&C Insurance Co.;Florida Family Insurance Co.;First Protective Insurance Co.;Cypress P&C Insurance Co.;Tower Hill Insurance Exchange;Kin Interinsurance Network;Florida Family Home Ins Co.;US Coastal P&C Insurance Co.;TypTap Insurance Co.;Homeowners Choice P&C Ins Co.;Edison Insurance Co.;Safe Harbor Insurance Co.;GeoVera Specialty Insurance Co;American Platinum P&C Ins Co.,2121920600.1815593,8,29.04685082499511,924509248.194011,1449942.163566921,1,0.9811320754716981,3361314394.7585325,379070880.0,4632386817.56219,539937478.65,359958319.1,539937478.65,359958319.1,1021590788.4773073,4462590788.477307,3441000000.0,1395853723.0,1395853723.0,0.0,False,14778605454.735703,14778605454.735703,0.0,1.0,10210365645.562902,4568239809.172801,2020940190.9225736,0.0,13,9464500000.0,9464500000.0,97
andrew,baseline,,1992230N11325,"{""1992230N11325"": 0.9546936143899205}",114169083378.4201,108996494862.12808,5172588516.29202,11127363013.356821,51474231049.16738,0.0,31578935534.81885,14815965264.785013,11127363013.356821,51474231049.16738,1809788326.99726,3362800189.2947607,27.65979598009789,12.977213117912692,9.746389025892872,45.08596331508858,1.585182497260323,2.9454560637476286,31578935534.81885,14815965264.785013,1809788326.99726,25,16,9,Universal P&C Insurance Co.;Florida Family Insurance Co.;First Protective Insurance Co.;Cypress P&C Insurance Co.;Florida Peninsula Insurance Co;Tower Hill Insurance Exchange;Kin Interinsurance Network;Florida Family Home Ins Co.;US Coastal P&C Insurance Co.;TypTap Insurance Co.;Homeowners Choice P&C Ins Co.;Edison Insurance Co.;Safe Harbor Insurance Co.;GeoVera Specialty Insurance Co;Universal North America Ins Co;Auto Club Insurance Co. of FL;American Platinum P&C Ins Co.;FL Farm Bureau General Ins Co.;Homesite Insurance Co.;State Farm FL Ins Co;AIG Property Casualty Co.;ASI Preferred Insurance Corp.;ACE Ins Co. of the Midwest;Castle Key Indemnity Co.;First Liberty Insurance Corp.,Universal P&C Insurance Co.;Florida Family Insurance Co.;First Protective Insurance Co.;Cypress P&C Insurance Co.;Florida Peninsula Insurance Co;Tower Hill Insurance Exchange;Kin Interinsurance Network;Florida Family Home Ins Co.;US Coastal P&C Insurance Co.;TypTap Insurance Co.;Homeowners Choice P&C Ins Co.;Edison Insurance Co.;Safe Harbor Insurance Co.;GeoVera Specialty Insurance Co;Universal North America Ins Co;American Platinum P&C Ins Co.,1763530096.4061236,9,32.43209381455101,1868213450.6439047,14065616.785918526,1,0.9811320754716981,5104901186.042382,341686620.0,8991620971.227322,539937478.65,359958319.1,539937478.65,359958319.1,0.0,1809788326.99726,1809788326.99726,1395853723.0,1395853723.0,0.0,False,15036820085.344215,15036820085.344215,0.0,1.0,10468580276.171415,4568239809.1728,2011260272.7470002,0.0,13,9464500000.0,9464500000.0,98
andrew,baseline,,1992230N11325,"{""1992230N11325"": 0.79109809721223}",114169083378.42009,90318944621.13257,23850138757.287525,14824998834.22966,45410171225.85275,0.0,21184520144.481075,8899254416.56908,14824998834.22966,45410171225.85275,8190214087.10517,15659924670.182354,18.555391282475085,7.794802369632752,12.985125565991746,39.77449050312342,7.173758293178397,13.716431985598607,21184520144.481075,8899254416.56908,8190214087.10517,18,12,6,Universal P&C Insurance Co.;Florida Family Insurance Co.;First Protective Insurance Co.;Cypress P&C Insurance Co.;Tower Hill Insurance Exchange;Kin Interinsurance Network;Florida Family Home Ins Co.;TypTap Insurance Co.;Homeowners Choice P&C Ins Co.;Edison Insurance Co.;Safe Harbor Insurance Co.;GeoVera Specialty Insurance Co;FL Farm Bureau General Ins Co.;Homesite Insurance Co.;State Farm FL Ins Co;AIG Property Casualty Co.;ASI Preferred Insurance Corp.;Castle Key Indemnity Co.,Universal P&C Insurance Co.;Florida Family Insurance Co.;First Protective Insurance Co.;Cypress P&C Insurance Co.;Tower Hill Insurance Exchange;Kin Interinsurance Network;Florida Family Home Ins Co.;TypTap Insurance Co.;Homeowners Choice P&C Ins Co.;Edison Insurance Co.;Safe Harbor Insurance Co.;GeoVera Specialty Insurance Co,749039711.1058214,6,28.525995730733356,592229122.2242414,0.0,0,1.0,1178286353.530585,384822840.0,3139124490.876306,539937478.65,359958319.1,539937478.65,359958319.1,4749214087.10517,8190214087.10517,3441000000.0,1395853723.0,1395853723.0,0.0,False,13916316433.959478,13916316433.959478,0.0,1.0,9348076624.786678,4568239809.1728,1706127813.9812832,0.0,13,9464500000.0,9464500000.0,99
andrew,baseline,,1992230N11325,"{""1992230N11325"": 0.8033207589069954}",114169083378.4201,91714394703.26846,22454688675.151638,26383037229.073586,31307900529.6992,0.0,24398529414.93597,9624927529.559692,26383037229.073586,31307900529.6992,7713515294.3768835,14741173380.774757,21.37052229285718,8.430414999179161,23.10874051745293,27.422398081210247,6.75622074393817,12.911703365362298,24398529414.93597,9624927529.559692,7713515294.3768835,21,14,7,Universal P&C Insurance Co.;Florida Family Insurance Co.;First Protective Insurance Co.;Cypress P&C Insurance Co.;Florida Peninsula Insurance Co;Tower Hill Insurance Exchange;Kin Interinsurance Network;Florida Family Home Ins Co.;TypTap Insurance Co.;Homeowners Choice P&C Ins Co.;Edison Insurance Co.;Safe Harbor Insurance Co.;GeoVera Specialty Insurance Co;Universal North America Ins Co;FL Farm Bureau General Ins Co.;State Farm FL Ins Co;AIG Property Casualty Co.;ASI Preferred Insurance Corp.;ACE Ins Co. of the Midwest;Castle Key Indemnity Co.;First Liberty Insurance Corp.,Universal P&C Insurance Co.;Florida Family Insurance Co.;First Protective Insurance Co.;Cypress P&C Insurance Co.;Florida Peninsula Insurance Co;Tower Hill Insurance Exchange;Kin Interinsurance Network;Florida Family Home Ins Co.;TypTap Insurance Co.;Homeowners Choice P&C Ins Co.;Edison Insurance Co.;Safe Harbor Insurance Co.;GeoVera Specialty Insurance Co;Universal North America Ins Co,826782334.7600513,7,31.91123872028925,582360359.2997856,0.0,0,1.0,1976755453.671362,347438580.0,3872575562.692871,539937478.65,359958319.1,539937478.65,359958319.1,4272515294.3768835,7713515294.3768835,3441000000.0,1395853723.0,1395853723.0,0.0,False,14630521167.303692,14630521167.303692,0.0,1.0,10062281358.130892,4568239809.1728,2004839973.8133044,0.0,13,9464500000.0,9464500000.0,100
