scenario,policy_scenario,policy_severity,events,wind_shares,total_damage_usd,wind_total_usd,water_total_usd,underinsured_wind_usd,uninsured_wind_usd,nfip_policyholder_shortfall_usd,wind_insured_private_usd,wind_insured_citizens_usd,wind_underinsured_usd,wind_uninsured_usd,flood_insured_capped_usd,flood_un_derinsured_usd,wind_insured_private_pct,wind_insured_citizens_pct,wind_underinsured_pct,wind_uninsured_pct,flood_insured_capped_pct,flood_un_derinsured_pct,insured_private_wind_pre_usd,insured_citizens_wind_pre_usd,insured_flood_pre_usd,defaults_pre,defaults_post,rescued_defaults,default_companies_pre,default_companies_post,group_contrib_total_usd,group_supported_companies,defaulted_premium_base_pct,largest_entity_deficit_usd,diag_group_shortfall_total_usd,diag_groups_with_shortfall,diag_groups_fully_funded_share,figa_residual_deficit_usd,figa_collected_usd,citizens_residual_deficit_usd,citizens_tier1_usd,citizens_tier2_usd,citizens_tier1_capacity_usd,citizens_tier2_capacity_usd,nfip_borrowed_usd,nfip_claims_paid_usd,nfip_pool_used_usd,nfip_fl_premium_base_usd,nfip_fl_premium_depletion_usd,underinsured_flood_usd,fhcf_cap_binding,fhcf_total_precap_usd,fhcf_total_postcap_usd,fhcf_shortfall_usd,fhcf_scaling_factor,fhcf_recovery_private_usd,fhcf_recovery_citizens_usd,catbond_payout_usd,catbond_unfilled_usd,catbond_triggers,catbond_limit_in_force_usd,catbond_issue_volume_year_usd,iter
gm_then_andrew,baseline,,COMPOSITE,"{""gm_then_andrew"": 0.7235392262233075}",266548625724.76187,192858386407.78024,73690239316.98163,29077833284.050076,56564409117.42902,0.0,76510634915.53178,30705509090.76933,29077833284.050076,56564409117.42902,22969021295.114132,50721218021.8675,28.704194106232862,11.519665129497175,10.909016396158744,21.221046990441973,8.617197418542291,19.028879959126947,76510634915.53178,30705509090.76933,22969021295.114132,37,23,14,Universal P&C Insurance Co.;Florida Family Insurance Co.;First Protective Insurance Co.;Spinnaker Insurance Co.;Cypress P&C Insurance Co.;Florida Peninsula Insurance Co;Tower Hill Insurance Exchange;Kin Interinsurance Network;Unique Insurance Co.;Heritage P&C Insurance Co.;Florida Family Home Ins Co.;US Coastal P&C Insurance Co.;TypTap Insurance Co.;Homeowners Choice P&C Ins Co.;Vault E&S Insurance Co.;Edison Insurance Co.;Safe Harbor Insurance Co.;Spinnaker Specialty Ins Co.;GeoVera Specialty Insurance Co;Florida Farm Bureau Cas Ins Co;Universal North America Ins Co;QBE Specialty Insurance Co.;Auto Club Insurance Co. of FL;American Platinum P&C Ins Co.;Privilege Underwriters Recpl;FL Farm Bureau General Ins Co.;Castle Key Insurance Co.;Homesite Insurance Co.;PURE Specialty Exchange;State Farm FL Ins Co;AIG Property Casualty Co.;Foremost P&C Insurance Co.;ASI Preferred Insurance Corp.;Nationwide P&C Insurance Co.;ACE Ins Co. of the Midwest;Castle Key Indemnity Co.;First Liberty Insurance Corp.,Universal P&C Insurance Co.;Florida Family Insurance Co.;First Protective Insurance Co.;Spinnaker Insurance Co.;Cypress P&C Insurance Co.;Florida Peninsula Insurance Co;Tower Hill Insurance Exchange;Kin Interinsurance Network;Unique Insurance Co.;Heritage P&C Insurance Co.;Florida Family Home Ins Co.;US Coastal P&C Insurance Co.;TypTap Insurance Co.;Homeowners Choice P&C Ins Co.;Vault E&S Insurance Co.;Edison Insurance Co.;Safe Harbor Insurance Co.;Spinnaker Specialty Ins Co.;GeoVera Specialty Insurance Co;Florida Farm Bureau Cas Ins Co;Universal North America Ins Co;QBE Specialty Insurance Co.;American Platinum P&C Ins Co.,10307495799.62841,14,36.189312511589605,4588445853.828279,93571467.06014748,1,0.9811320754716981,21240325542.98979,300194520.0,25129343435.1746,539937478.65,359958319.1,539937478.65,359958319.1,19528021295.114132,22969021295.114132,3441000000.0,1395853723.0,1395853723.0,0.0,True,24780635799.004997,17000000000.0,7780635799.004997,0.6860195249987328,12642064016.914637,4357935983.085363,2575000000.0,0.0,14,9464500000.0,9464500000.0,1
gm_then_andrew,baseline,,COMPOSITE,"{""gm_then_andrew"": 0.7330954952412955}",266548625724.76184,195405596781.58102,71143028943.18083,74726177873.99196,61772105889.33985,0.0,43780427204.7385,15126885813.51073,74726177873.99196,61772105889.33985,22180347187.32209,48962681755.858734,16.424930755391017,5.675094280595074,28.034726373398833,23.17479811474464,8.321313654126854,18.369136821743588,43780427204.7385,15126885813.51073,22180347187.32209,31,19,12,Universal P&C Insurance Co.;Florida Family Insurance Co.;First Protective Insurance Co.;Cypress P&C Insurance Co.;Florida Peninsula Insurance Co;Tower Hill Insurance Exchange;Kin Interinsurance Network;Heritage P&C Insurance Co.;Florida Family Home Ins Co.;US Coastal P&C Insurance Co.;TypTap Insurance Co.;Homeowners Choice P&C Ins Co.;Vault E&S Insurance Co.;Edison Insurance Co.;Safe Harbor Insurance Co.;GeoVera Specialty Insurance Co;Florida Farm Bureau Cas Ins Co;Universal North America Ins Co;Auto Club Insurance Co. of FL;American Platinum P&C Ins Co.;FL Farm Bureau General Ins Co.;Castle Key Insurance Co.;Homesite Insurance Co.;PURE Specialty Exchange;State Farm FL Ins Co;AIG Property Casualty Co.;ASI Preferred Insurance Corp.;Nationwide P&C Insurance Co.;ACE Ins Co. of the Midwest;Castle Key Indemnity Co.;First Liberty Insurance Corp.,Universal P&C Insurance Co.;Florida Family Insurance Co.;First Protective Insurance Co.;Cypress P&C Insurance Co.;Florida Peninsula Insurance Co;Tower Hill Insurance Exchange;Kin Interinsurance Network;Heritage P&C Insurance Co.;Florida Family Home Ins Co.;US Coastal P&C Insurance Co.;TypTap Insurance Co.;Homeowners Choice P&C Ins Co.;Vault E&S Insurance Co.;Edison Insurance Co.;Safe Harbor Insurance Co.;GeoVera Specialty Insurance Co;Florida Farm Bureau Cas Ins Co;Universal North America Ins Co;American Platinum P&C Ins Co.,4323434374.823312,12,35.41856476294073,2500303061.781591,25954412.060359873,1,0.9811320754716981,8675774760.716654,308706120.0,9395109640.572592,539937478.65,359958319.1,539937478.65,359958319.1,18739347187.32209,22180347187.32209,3441000000.0,1395853723.0,1395853723.0,0.0,False,15253469003.748198,15253469003.748198,0.0,1.0,10685229194.575397,4568239809.1728,2323001457.908794,0.0,14,9464500000.0,9464500000.0,2
gm_then_andrew,baseline,,COMPOSITE,"{""gm_then_andrew"": 0.663238592549596}",266548625724.76184,176785335371.72012,89763290353.04172,38536636266.22457,83198609262.08858,0.0,40134509982.05089,14915579861.356098,38536636266.22457,83198609262.08858,27945602466.32133,61817687886.72038,15.057106324567506,5.5958194572565265,14.457638324505004,31.213295148630582,10.484241811540219,23.191898933500163,40134509982.05089,14915579861.356098,27945602466.32133,29,18,11,Universal P&C Insurance Co.;Florida Family Insurance Co.;First Protective Insurance Co.;Cypress P&C Insurance Co.;Florida Peninsula Insurance Co;Tower Hill Insurance Exchange;Kin Interinsurance Network;Heritage P&C Insurance Co.;Florida Family Home Ins Co.;US Coastal P&C Insurance Co.;TypTap Insurance Co.;Homeowners Choice P&C Ins Co.;Edison Insurance Co.;Safe Harbor Insurance Co.;GeoVera Specialty Insurance Co;Florida Farm Bureau Cas Ins Co;Universal North America Ins Co;Auto Club Insurance Co. of FL;American Platinum P&C Ins Co.;FL Farm Bureau General Ins Co.;Castle Key Insurance Co.;Homesite Insurance Co.;State Farm FL Ins Co;AIG Property Casualty Co.;Foremost P&C Insurance Co.;ASI Preferred Insurance Corp.;ACE Ins Co. of the Midwest;Castle Key Indemnity Co.;First Liberty Insurance Corp.,Universal P&C Insurance Co.;Florida Family Insurance Co.;First Protective Insurance Co.;Cypress P&C Insurance Co.;Florida Peninsula Insurance Co;Tower Hill Insurance Exchange;Kin Interinsurance Network;Heritage P&C Insurance Co.;Florida Family Home Ins Co.;US Coastal P&C Insurance Co.;TypTap Insurance Co.;Homeowners Choice P&C Ins Co.;Edison Insurance Co.;Safe Harbor Insurance Co.;GeoVera Specialty Insurance Co;Florida Farm Bureau Cas Ins Co;Universal North America Ins Co;American Platinum P&C Ins Co.,3354330758.1509275,11,35.166819401784345,2222860738.183287,20380789.905433893,1,0.9811320754716981,7873824572.010483,311486220.0,8233368125.726807,539937478.65,359958319.1,539937478.65,359958319.1,24504602466.32133,27945602466.32133,3441000000.0,1395853723.0,1395853723.0,0.0,True,22526645591.54676,17000000000.0,5526645591.546761,0.7546618483836465,11487035617.237818,5512964382.762182,2125000000.0000002,0.0,13,9464500000.0,9464500000.0,3
gm_then_andrew,baseline,,COMPOSITE,"{""gm_then_andrew"": 0.7590357717692731}",266548625724.76184,202319941841.03375,64228683883.728096,35144368002.56788,99647851821.99974,0.0,56258167151.84906,11269554864.617092,35144368002.56788,99647851821.99974,20039509125.095875,44189174758.632225,21.106155396179478,4.227954593265859,13.184974376441902,37.38449281104009,7.518143854843459,16.578278968229224,56258167151.84906,11269554864.617092,20039509125.095875,35,22,13,Universal P&C Insurance Co.;Florida Family Insurance Co.;First Protective Insurance Co.;Cypress P&C Insurance Co.;Florida Peninsula Insurance Co;Tower Hill Insurance Exchange;Kin Interinsurance Network;Unique Insurance Co.;Heritage P&C Insurance Co.;Florida Family Home Ins Co.;US Coastal P&C Insurance Co.;TypTap Insurance Co.;Homeowners Choice P&C Ins Co.;Vault E&S Insurance Co.;Edison Insurance Co.;Safe Harbor Insurance Co.;Spinnaker Specialty Ins Co.;GeoVera Specialty Insurance Co;Florida Farm Bureau Cas Ins Co;Universal North America Ins Co;QBE Specialty Insurance Co.;Auto Club Insurance Co. of FL;American Platinum P&C Ins Co.;FL Farm Bureau General Ins Co.;Castle Key Insurance Co.;Homesite Insurance Co.;PURE Specialty Exchange;State Farm FL Ins Co;AIG Property Casualty Co.;Foremost P&C Insurance Co.;ASI Preferred Insurance Corp.;Nationwide P&C Insurance Co.;ACE Ins Co. of the Midwest;Castle Key Indemnity Co.;First Liberty Insurance Corp.,Universal P&C Insurance Co.;Florida Family Insurance Co.;First Protective Insurance Co.;Cypress P&C Insurance Co.;Florida Peninsula Insurance Co;Tower Hill Insurance Exchange;Kin Interinsurance Network;Unique Insurance Co.;Heritage P&C Insurance Co.;Florida Family Home Ins Co.;US Coastal P&C Insurance Co.;TypTap Insurance Co.;Homeowners Choice P&C Ins Co.;Vault E&S Insurance Co.;Edison Insurance Co.;Safe Harbor Insurance Co.;Spinnaker Specialty Ins Co.;GeoVera Specialty Insurance Co;Florida Farm Bureau Cas Ins Co;Universal North America Ins Co;QBE Specialty Insurance Co.;American Platinum P&C Ins Co.,5789758085.768864,13,35.89838321723671,3674229181.052171,39895262.78814511,1,0.9811320754716981,14065531656.792902,303407340.0,5974523386.699829,539937478.65,359958319.1,539937478.65,359958319.1,16598509125.095875,20039509125.095875,3441000000.0,1395853723.0,1395853723.0,0.0,True,21559667394.80963,17000000000.0,4559667394.809631,0.7885093813688728,12756431111.453,4243568888.547001,2311070427.764271,0.0,14,9464500000.0,9464500000.0,4
gm_then_andrew,baseline,,COMPOSITE,"{""gm_then_andrew"": 0.8126842494478732}",266548625724.7619,216619869838.49023,49928755886.27166,18607816890.068165,155604228746.07816,0.0,33684765220.838234,8723058981.50559,18607816890.068165,155604228746.07816,15611927064.78254,34316828821.489124,12.637380939124077,3.2725957441300113,6.981021507603868,58.37742675392935,5.857065299936461,12.874509755276204,33684765220.838234,8723058981.50559,15611927064.78254,26,17,9,Universal P&C Insurance Co.;Florida Family Insurance Co.;First Protective Insurance Co.;Cypress P&C Insurance Co.;Florida Peninsula Insurance Co;Tower Hill Insurance Exchange;Kin Interinsurance Network;Heritage P&C Insurance Co.;Florida Family Home Ins Co.;US Coastal P&C Insurance Co.;TypTap Insurance Co.;Homeowners Choice P&C Ins Co.;Edison Insurance Co.;Safe Harbor Insurance Co.;GeoVera Specialty Insurance Co;Universal North America Ins Co;Auto Club Insurance Co. of FL;American Platinum P&C Ins Co.;FL Farm Bureau General Ins Co.;Homesite Insurance Co.;State Farm FL Ins Co;AIG Property Casualty Co.;ASI Preferred Insurance Corp.;ACE Ins Co. of the Midwest;Castle Key Indemnity Co.;First Liberty Insurance Corp.,Universal P&C Insurance Co.;Florida Family Insurance Co.;First Protective Insurance Co.;Cypress P&C Insurance Co.;Florida Peninsula Insurance Co;Tower Hill Insurance Exchange;Kin Interinsurance Network;Heritage P&C Insurance Co.;Florida Family Home Ins Co.;US Coastal P&C Insurance Co.;TypTap Insurance Co.;Homeowners Choice P&C Ins Co.;Edison Insurance Co.;Safe Harbor Insurance Co.;GeoVera Specialty Insurance Co;Universal North America Ins Co;American Platinum P&C Ins Co.,2541878770.6585903,9,34.45361965929429,1523764710.2786634,19720646.378102258,1,0.9811320754716981,6048857142.147056,319362300.0,4770441273.469909,539937478.65,359958319.1,539937478.65,359958319.1,12170927064.78254,15611927064.78254,3441000000.0,1395853723.0,1395853723.0,0.0,False,11637258137.837862,11637258137.837862,0.0,1.0,8792775766.993477,2844482370.8443856,2125000000.0,0.0,13,9464500000.0,9464500000.0,5
gm_then_andrew,baseline,,COMPOSITE,"{""gm_then_andrew"": 0.7871538283400341}",266548625724.76184,209814771178.02124,56733854546.74061,54311516829.54508,71224250408.25545,0.0,60390317712.02813,23888686228.192593,54311516829.54508,71224250408.25545,17718939963.94636,39014914582.79424,22.656398076644816,8.962224495901193,20.375838247850194,26.720922013607236,6.647545045774478,14.637072120222092,60390317712.02813,23888686228.192593,17718939963.94636,34,21,13,Universal P&C Insurance Co.;Florida Family Insurance Co.;First Protective Insurance Co.;Cypress P&C Insurance Co.;Florida Peninsula Insurance Co;Tower Hill Insurance Exchange;Kin Interinsurance Network;Heritage P&C Insurance Co.;Florida Family Home Ins Co.;US Coastal P&C Insurance Co.;TypTap Insurance Co.;Homeowners Choice P&C Ins Co.;Vault E&S Insurance Co.;Edison Insurance Co.;Safe Harbor Insurance Co.;Spinnaker Specialty Ins Co.;GeoVera Specialty Insurance Co;Florida Farm Bureau Cas Ins Co;Universal North America Ins Co;QBE Specialty Insurance Co.;Auto Club Insurance Co. of FL;American Platinum P&C Ins Co.;FL Farm Bureau General Ins Co.;Castle Key Insurance Co.;Homesite Insurance Co.;PURE Specialty Exchange;State Farm FL Ins Co;AIG Property Casualty Co.;Foremost P&C Insurance Co.;ASI Preferred Insurance Corp.;Nationwide P&C Insurance Co.;ACE Ins Co. of the Midwest;Castle Key Indemnity Co.;First Liberty Insurance Corp.,Universal P&C Insurance Co.;Florida Family Insurance Co.;First Protective Insurance Co.;Cypress P&C Insurance Co.;Florida Peninsula Insurance Co;Tower Hill Insurance Exchange;Kin Interinsurance Network;Heritage P&C Insurance Co.;Florida Family Home Ins Co.;US Coastal P&C Insurance Co.;TypTap Insurance Co.;Homeowners Choice P&C Ins Co.;Vault E&S Insurance Co.;Edison Insurance Co.;Safe Harbor Insurance Co.;Spinnaker Specialty Ins Co.;GeoVera Specialty Insurance Co;Florida Farm Bureau Cas Ins Co;Universal North America Ins Co;QBE Specialty Insurance Co.;American Platinum P&C Ins Co.,6851589112.380268,13,35.802781374679086,3588676072.7689586,69727344.38554142,1,0.9811320754716981,15079976228.394033,304463100.0,18179697429.099037,539937478.65,359958319.1,539937478.65,359958319.1,14277939963.946362,17718939963.94636,3441000000.0,1395853723.0,1395853723.0,0.0,True,23918799060.45478,17000000000.0,6918799060.454781,0.7107380248077041,12505109590.918571,4494890409.081429,2335392064.784971,0.0,14,9464500000.0,9464500000.0,6
gm_then_andrew,baseline,,COMPOSITE,"{""gm_then_andrew"": 0.7502263180729638}",266548625724.76187,199971794064.8966,66576831659.86526,17615349085.12282,106909614857.87422,0.0,60157347726.04563,15289482395.853964,17615349085.12282,106909614857.87422,20766548937.494843,45810282722.37041,22.568995642905364,5.736095001158207,6.608681263024943,40.10885990020789,7.790904522966245,17.18646366973736,60157347726.04563,15289482395.853964,20766548937.494843,34,21,13,Universal P&C Insurance Co.;Florida Family Insurance Co.;First Protective Insurance Co.;Cypress P&C Insurance Co.;Florida Peninsula Insurance Co;Tower Hill Insurance Exchange;Kin Interinsurance Network;Unique Insurance Co.;Heritage P&C Insurance Co.;Florida Family Home Ins Co.;US Coastal P&C Insurance Co.;TypTap Insurance Co.;Homeowners Choice P&C Ins Co.;Vault E&S Insurance Co.;Edison Insurance Co.;Safe Harbor Insurance Co.;GeoVera Specialty Insurance Co;Florida Farm Bureau Cas Ins Co;Universal North America Ins Co;QBE Specialty Insurance Co.;Auto Club Insurance Co. of FL;American Platinum P&C Ins Co.;FL Farm Bureau General Ins Co.;Castle Key Insurance Co.;Homesite Insurance Co.;PURE Specialty Exchange;State Farm FL Ins Co;AIG Property Casualty Co.;Foremost P&C Insurance Co.;ASI Preferred Insurance Corp.;Nationwide P&C Insurance Co.;ACE Ins Co. of the Midwest;Castle Key Indemnity Co.;First Liberty Insurance Corp.,Universal P&C Insurance Co.;Florida Family Insurance Co.;First Protective Insurance Co.;Cypress P&C Insurance Co.;Florida Peninsula Insurance Co;Tower Hill Insurance Exchange;Kin Interinsurance Network;Unique Insurance Co.;Heritage P&C Insurance Co.;Florida Family Home Ins Co.;US Coastal P&C Insurance Co.;TypTap Insurance Co.;Homeowners Choice P&C Ins Co.;Vault E&S Insurance Co.;Edison Insurance Co.;Safe Harbor Insurance Co.;GeoVera Specialty Insurance Co;Florida Farm Bureau Cas Ins Co;Universal North America Ins Co;QBE Specialty Insurance Co.;American Platinum P&C Ins Co.,6643507274.002661,13,35.80938809441937,3800116169.3637276,51333026.81126146,1,0.9811320754716981,14584073323.940298,304390140.0,10253872591.050413,539937478.65,359958319.1,539937478.65,359958319.1,17325548937.494843,20766548937.494843,3441000000.0,1395853723.0,1395853723.0,0.0,True,19792312210.880867,17000000000.0,2792312210.880867,0.8589193530735744,13076250418.420353,3923749581.5796504,2404282913.060412,0.0,14,9464500000.0,9464500000.0,7
gm_then_andrew,baseline,,COMPOSITE,"{""gm_then_andrew"": 0.6948652629149361}",266548625724.76184,185215380893.85156,81333244830.91026,36747145433.90282,93904931053.28372,0.0,43275269413.77927,11288034992.885805,36747145433.90282,93904931053.28372,25335469161.590496,55997775669.31976,16.235412692941555,4.234887710335386,13.786282084173237,35.22994380404346,9.505008361120536,21.008465347385837,43275269413.77927,11288034992.885805,25335469161.590496,31,20,11,Universal P&C Insurance Co.;Florida Family Insurance Co.;First Protective Insurance Co.;Cypress P&C Insurance Co.;Florida Peninsula Insurance Co;Tower Hill Insurance Exchange;Kin Interinsurance Network;Heritage P&C Insurance Co.;Florida Family Home Ins Co.;US Coastal P&C Insurance Co.;TypTap Insurance Co.;Homeowners Choice P&C Ins Co.;Vault E&S Insurance Co.;Edison Insurance Co.;Safe Harbor Insurance Co.;GeoVera Specialty Insurance Co;Florida Farm Bureau Cas Ins Co;Universal North America Ins Co;QBE Specialty Insurance Co.;Auto Club Insurance Co. of FL;American Platinum P&C Ins Co.;FL Farm Bureau General Ins Co.;Castle Key Insurance Co.;Homesite Insurance Co.;State Farm FL Ins Co;AIG Property Casualty Co.;Foremost P&C Insurance Co.;ASI Preferred Insurance Corp.;ACE Ins Co. of the Midwest;Castle Key Indemnity Co.;First Liberty Insurance Corp.,Universal P&C Insurance Co.;Florida Family Insurance Co.;First Protective Insurance Co.;Cypress P&C Insurance Co.;Florida Peninsula Insurance Co;Tower Hill Insurance Exchange;Kin Interinsurance Network;Heritage P&C Insurance Co.;Florida Family Home Ins Co.;US Coastal P&C Insurance Co.;TypTap Insurance Co.;Homeowners Choice P&C Ins Co.;Vault E&S Insurance Co.;Edison Insurance Co.;Safe Harbor Insurance Co.;GeoVera Specialty Insurance Co;Florida Farm Bureau Cas Ins Co;Universal North America Ins Co;QBE Specialty Insurance Co.;American Platinum P&C Ins Co.,3870307958.4474344,11,35.71378625186174,2045857411.5701919,26750064.69007302,1,0.9811320754716981,8359538032.347492,305445900.0,5704385858.630976,539937478.65,359958319.1,539937478.65,359958319.1,21894469161.590496,25335469161.590496,3441000000.0,1395853723.0,1395853723.0,0.0,True,17310166818.84388,17000000000.0,310166818.8438797,0.982081812261553,12513614769.362204,4486385230.6377945,2125000000.0,0.0,13,9464500000.0,9464500000.0,8
gm_then_andrew,baseline,,COMPOSITE,"{""gm_then_andrew"": 0.8225438568141671}",266548625724.76187,219247934632.1616,47300691092.60029,55049019092.460754,66061000709.939575,0.0,73494661593.98593,24643253235.775295,55049019092.460754,66061000709.939575,14798218594.651075,32502472497.94922,27.572703252230053,9.245312433620242,20.6525240724011,24.78384592316532,5.5517894922226,12.193824826360679,73494661593.98593,24643253235.775295,14798218594.651075,36,24,12,Universal P&C Insurance Co.;Florida Family Insurance Co.;First Protective Insurance Co.;Spinnaker Insurance Co.;Cypress P&C Insurance Co.;Florida Peninsula Insurance Co;Tower Hill Insurance Exchange;Kin Interinsurance Network;Unique Insurance Co.;Heritage P&C Insurance Co.;Florida Family Home Ins Co.;US Coastal P&C Insurance Co.;TypTap Insurance Co.;Homeowners Choice P&C Ins Co.;Vault E&S Insurance Co.;Edison Insurance Co.;Safe Harbor Insurance Co.;Spinnaker Specialty Ins Co.;GeoVera Specialty Insurance Co;Florida Farm Bureau Cas Ins Co;Universal North America Ins Co;QBE Specialty Insurance Co.;Auto Club Insurance Co. of FL;American Platinum P&C Ins Co.;FL Farm Bureau General Ins Co.;Castle Key Insurance Co.;Homesite Insurance Co.;PURE Specialty Exchange;State Farm FL Ins Co;AIG Property Casualty Co.;Foremost P&C Insurance Co.;ASI Preferred Insurance Corp.;Nationwide P&C Insurance Co.;ACE Ins Co. of the Midwest;Castle Key Indemnity Co.;First Liberty Insurance Corp.,Universal P&C Insurance Co.;Florida Family Insurance Co.;First Protective Insurance Co.;Spinnaker Insurance Co.;Cypress P&C Insurance Co.;Florida Peninsula Insurance Co;Tower Hill Insurance Exchange;Kin Interinsurance Network;Unique Insurance Co.;Heritage P&C Insurance Co.;Florida Family Home Ins Co.;US Coastal P&C Insurance Co.;TypTap Insurance Co.;Homeowners Choice P&C Ins Co.;Vault E&S Insurance Co.;Edison Insurance Co.;Safe Harbor Insurance Co.;Spinnaker Specialty Ins Co.;GeoVera Specialty Insurance Co;Florida Farm Bureau Cas Ins Co;Universal North America Ins Co;QBE Specialty Insurance Co.;American Platinum P&C Ins Co.;Castle Key Indemnity Co.,8644393535.58007,13,37.927433985368395,5137035532.383012,63885261.43153283,1,0.9811320754716981,20501353290.547737,280999920.0,19880564004.185177,539937478.65,359958319.1,539937478.65,359958319.1,11357218594.651075,14798218594.651075,3441000000.0,1395853723.0,1395853723.0,0.0,True,21693794195.433342,17000000000.000002,4693794195.43334,0.7836342433624908,13420170853.640465,3579829146.359536,2510150025.789035,0.0,14,9464500000.0,9464500000.0,9
gm_then_andrew,baseline,,COMPOSITE,"{""gm_then_andrew"": 0.7719431315279103}",266548625724.76184,205760380846.43362,60788244878.32823,37319510091.74967,79249028356.54541,0.0,69627164395.75478,19564678002.383755,37319510091.74967,79249028356.54541,18974271172.66561,41813973705.66262,26.121749533104627,7.3400033292935625,14.00101388265487,29.73154640773799,7.118502720122237,15.687184127086717,69627164395.75478,19564678002.383755,18974271172.66561,37,23,14,Universal P&C Insurance Co.;Florida Family Insurance Co.;First Protective Insurance Co.;Spinnaker Insurance Co.;Cypress P&C Insurance Co.;Florida Peninsula Insurance Co;Tower Hill Insurance Exchange;Kin Interinsurance Network;Unique Insurance Co.;Heritage P&C Insurance Co.;Florida Family Home Ins Co.;US Coastal P&C Insurance Co.;TypTap Insurance Co.;Homeowners Choice P&C Ins Co.;Vault E&S Insurance Co.;Edison Insurance Co.;Safe Harbor Insurance Co.;Spinnaker Specialty Ins Co.;GeoVera Specialty Insurance Co;Florida Farm Bureau Cas Ins Co;Universal North America Ins Co;QBE Specialty Insurance Co.;Auto Club Insurance Co. of FL;American Platinum P&C Ins Co.;Privilege Underwriters Recpl;FL Farm Bureau General Ins Co.;Castle Key Insurance Co.;Homesite Insurance Co.;PURE Specialty Exchange;State Farm FL Ins Co;AIG Property Casualty Co.;Foremost P&C Insurance Co.;ASI Preferred Insurance Corp.;Nationwide P&C Insurance Co.;ACE Ins Co. of the Midwest;Castle Key Indemnity Co.;First Liberty Insurance Corp.,Universal P&C Insurance Co.;Florida Family Insurance Co.;First Protective Insurance Co.;Spinnaker Insurance Co.;Cypress P&C Insurance Co.;Florida Peninsula Insurance Co;Tower Hill Insurance Exchange;Kin Interinsurance Network;Unique Insurance Co.;Heritage P&C Insurance Co.;Florida Family Home Ins Co.;US Coastal P&C Insurance Co.;TypTap Insurance Co.;Homeowners Choice P&C Ins Co.;Vault E&S Insurance Co.;Edison Insurance Co.;Safe Harbor Insurance Co.;Spinnaker Specialty Ins Co.;GeoVera Specialty Insurance Co;Florida Farm Bureau Cas Ins Co;Universal North America Ins Co;QBE Specialty Insurance Co.;American Platinum P&C Ins Co.,9026471838.42098,14,36.189312511589605,4875681431.335855,74761981.48371811,1,0.9811320754716981,20233745475.978703,300194520.0,13286544709.524345,539937478.65,359958319.1,539937478.65,359958319.1,15533271172.665611,18974271172.66561,3441000000.0,1395853723.0,1395853723.0,0.0,True,30096386053.33975,17000000000.000002,13096386053.339746,0.5648518719114961,11839242384.896255,5160757615.103744,2489961960.308935,0.0,14,9464500000.0,9464500000.0,10
gm_then_andrew,baseline,,COMPOSITE,"{""gm_then_andrew"": 0.7594824565936418}",266548625724.7618,202439005067.10132,64109620657.6605,10011683366.828793,91932770908.72932,0.0,77234312677.85338,23260238113.689835,10011683366.828793,91932770908.72932,20002644449.702145,44106976207.95836,28.97569344724574,8.726452087473287,3.7560438886549954,34.490056235990174,7.504313479506318,16.547440861129495,77234312677.85338,23260238113.689835,20002644449.702145,36,23,13,Universal P&C Insurance Co.;Florida Family Insurance Co.;First Protective Insurance Co.;Spinnaker Insurance Co.;Cypress P&C Insurance Co.;Florida Peninsula Insurance Co;Tower Hill Insurance Exchange;Kin Interinsurance Network;Unique Insurance Co.;Heritage P&C Insurance Co.;Florida Family Home Ins Co.;US Coastal P&C Insurance Co.;TypTap Insurance Co.;Homeowners Choice P&C Ins Co.;Vault E&S Insurance Co.;Edison Insurance Co.;Safe Harbor Insurance Co.;Spinnaker Specialty Ins Co.;GeoVera Specialty Insurance Co;Florida Farm Bureau Cas Ins Co;Universal North America Ins Co;QBE Specialty Insurance Co.;Auto Club Insurance Co. of FL;American Platinum P&C Ins Co.;FL Farm Bureau General Ins Co.;Castle Key Insurance Co.;Homesite Insurance Co.;PURE Specialty Exchange;State Farm FL Ins Co;AIG Property Casualty Co.;Foremost P&C Insurance Co.;ASI Preferred Insurance Corp.;Nationwide P&C Insurance Co.;ACE Ins Co. of the Midwest;Castle Key Indemnity Co.;First Liberty Insurance Corp.,Universal P&C Insurance Co.;Florida Family Insurance Co.;First Protective Insurance Co.;Spinnaker Insurance Co.;Cypress P&C Insurance Co.;Florida Peninsula Insurance Co;Tower Hill Insurance Exchange;Kin Interinsurance Network;Unique Insurance Co.;Heritage P&C Insurance Co.;Florida Family Home Ins Co.;US Coastal P&C Insurance Co.;TypTap Insurance Co.;Homeowners Choice P&C Ins Co.;Vault E&S Insurance Co.;Edison Insurance Co.;Safe Harbor Insurance Co.;Spinnaker Specialty Ins Co.;GeoVera Specialty Insurance Co;Florida Farm Bureau Cas Ins Co;Universal North America Ins Co;QBE Specialty Insurance Co.;American Platinum P&C Ins Co.,9369022767.17054,13,36.189312511589605,6371767380.033464,103961636.8251992,1,0.9811320754716981,22591364754.634644,300194520.0,18965846015.807217,539937478.65,359958319.1,539937478.65,359958319.1,16561644449.702145,20002644449.702145,3441000000.0,1395853723.0,1395853723.0,0.0,True,24797869910.1588,17000000000.000002,7797869910.158796,0.6855427527279555,13868276306.09825,3131723693.9017515,2387309586.3712173,0.0,14,9464500000.0,9464500000.0,11
gm_then_andrew,baseline,,COMPOSITE,"{""gm_then_andrew"": 0.8746758742076192}",266548625724.76184,233143652224.6456,33404973500.11624,17878021577.367233,70484540478.18332,0.0,106910156287.70174,37870933881.39334,17878021577.367233,70484540478.18332,10495789244.055302,22909184256.060936,40.109063026307695,14.207889377939948,6.707227069265809,26.44340794724849,3.93766398739315,8.594748591844912,106910156287.70174,37870933881.39334,10495789244.055302,41,23,18,Universal P&C Insurance Co.;Florida Family Insurance Co.;First Protective Insurance Co.;Spinnaker Insurance Co.;Cypress P&C Insurance Co.;Florida Peninsula Insurance Co;Tower Hill Insurance Exchange;Kin Interinsurance Network;Unique Insurance Co.;Heritage P&C Insurance Co.;Florida Family Home Ins Co.;US Coastal P&C Insurance Co.;TypTap Insurance Co.;Homeowners Choice P&C Ins Co.;Vault E&S Insurance Co.;Edison Insurance Co.;Safe Harbor Insurance Co.;Spinnaker Specialty Ins Co.;GeoVera Specialty Insurance Co;Florida Farm Bureau Cas Ins Co;Universal North America Ins Co;QBE Specialty Insurance Co.;Auto Club Insurance Co. of FL;American Platinum P&C Ins Co.;Privilege Underwriters Recpl;FL Farm Bureau General Ins Co.;Castle Key Insurance Co.;Chubb Custom Insurance Co.;Homesite Insurance Co.;Scottsdale Insurance Co.;PURE Specialty Exchange;First Floridian Auto & Home;State Farm FL Ins Co;AIG Specialty Insurance Co.;AIG Property Casualty Co.;Foremost P&C Insurance Co.;ASI Preferred Insurance Corp.;Nationwide P&C Insurance Co.;ACE Ins Co. of the Midwest;Castle Key Indemnity Co.;First Liberty Insurance Corp.,Universal P&C Insurance Co.;Florida Family Insurance Co.;First Protective Insurance Co.;Spinnaker Insurance Co.;Cypress P&C Insurance Co.;Florida Peninsula Insurance Co;Tower Hill Insurance Exchange;Kin Interinsurance Network;Unique Insurance Co.;Heritage P&C Insurance Co.;Florida Family Home Ins Co.;US Coastal P&C Insurance Co.;TypTap Insurance Co.;Homeowners Choice P&C Ins Co.;Vault E&S Insurance Co.;Edison Insurance Co.;Safe Harbor Insurance Co.;Spinnaker Specialty Ins Co.;GeoVera Specialty Insurance Co;Florida Farm Bureau Cas Ins Co;Universal North America Ins Co;QBE Specialty Insurance Co.;American Platinum P&C Ins Co.,15679426960.205006,18,36.189312511589605,7989331626.484086,137023593.94715598,1,0.9811320754716981,35090223518.99741,300194520.0,31687120260.662086,539937478.65,359958319.1,539937478.65,359958319.1,7054789244.055302,10495789244.055302,3441000000.0,1395853723.0,1395853723.0,0.0,True,28779557641.32867,17000000000.000002,11779557641.328669,0.5906970569828105,11996447966.406637,5003552033.593365,2619100217.405195,0.0,15,9464500000.0,9464500000.0,12
gm_then_andrew,baseline,,COMPOSITE,"{""gm_then_andrew"": 0.7683667711094471}",266548625724.76187,204807106891.7958,61741518832.96607,34304409982.964195,66208754708.22411,0.0,80722029363.95197,23571912836.655495,34304409982.964195,66208754708.22411,19269426411.270252,42472092421.695816,30.28416640470904,8.843381867965755,12.869850628450411,24.8392782098195,7.229234950611925,15.934087938443358,80722029363.95197,23571912836.655495,19269426411.270252,37,23,14,Universal P&C Insurance Co.;Florida Family Insurance Co.;First Protective Insurance Co.;Spinnaker Insurance Co.;Cypress P&C Insurance Co.;Florida Peninsula Insurance Co;Tower Hill Insurance Exchange;Kin Interinsurance Network;Unique Insurance Co.;Heritage P&C Insurance Co.;Florida Family Home Ins Co.;US Coastal P&C Insurance Co.;TypTap Insurance Co.;Homeowners Choice P&C Ins Co.;Vault E&S Insurance Co.;Edison Insurance Co.;Safe Harbor Insurance Co.;Spinnaker Specialty Ins Co.;GeoVera Specialty Insurance Co;Florida Farm Bureau Cas Ins Co;Universal North America Ins Co;QBE Specialty Insurance Co.;Auto Club Insurance Co. of FL;American Platinum P&C Ins Co.;Privilege Underwriters Recpl;FL Farm Bureau General Ins Co.;Castle Key Insurance Co.;Homesite Insurance Co.;PURE Specialty Exchange;State Farm FL Ins Co;AIG Property Casualty Co.;Foremost P&C Insurance Co.;ASI Preferred Insurance Corp.;Nationwide P&C Insurance Co.;ACE Ins Co. of the Midwest;Castle Key Indemnity Co.;First Liberty Insurance Corp.,Universal P&C Insurance Co.;Florida Family Insurance Co.;First Protective Insurance Co.;Spinnaker Insurance Co.;Cypress P&C Insurance Co.;Florida Peninsula Insurance Co;Tower Hill Insurance Exchange;Kin Interinsurance Network;Unique Insurance Co.;Heritage P&C Insurance Co.;Florida Family Home Ins Co.;US Coastal P&C Insurance Co.;TypTap Insurance Co.;Homeowners Choice P&C Ins Co.;Vault E&S Insurance Co.;Edison Insurance Co.;Safe Harbor Insurance Co.;Spinnaker Specialty Ins Co.;GeoVera Specialty Insurance Co;Florida Farm Bureau Cas Ins Co;Universal North America Ins Co;QBE Specialty Insurance Co.;American Platinum P&C Ins Co.,9647497581.32514,14,36.189312511589605,6538740363.43273,107069466.44287977,1,0.9811320754716981,24884455012.53868,300194520.0,18703812075.710316,539937478.65,359958319.1,539937478.65,359958319.1,15828426411.270252,19269426411.270252,3441000000.0,1395853723.0,1395853723.0,0.0,True,24298735872.77329,17000000000.0,7298735872.773289,0.6996248730391149,13279672814.045515,3720327185.9544854,2575000000.0,0.0,14,9464500000.0,9464500000.0,13
gm_then_andrew,baseline,,COMPOSITE,"{""gm_then_andrew"": 0.8252543576875448}",266548625724.76184,219970414914.98618,46578210809.77567,35831786557.76196,91767460562.33948,0.0,71732035464.34134,20639132330.54341,35831786557.76196,91767460562.33948,14574522311.723396,32003688498.052277,26.9114257367854,7.743102135463786,13.442870493266723,34.428037403238605,5.4678662371994555,12.006697994046043,71732035464.34134,20639132330.54341,14574522311.723396,38,23,15,Universal P&C Insurance Co.;Florida Family Insurance Co.;First Protective Insurance Co.;Spinnaker Insurance Co.;Cypress P&C Insurance Co.;Florida Peninsula Insurance Co;Tower Hill Insurance Exchange;Kin Interinsurance Network;Unique Insurance Co.;Heritage P&C Insurance Co.;Florida Family Home Ins Co.;US Coastal P&C Insurance Co.;TypTap Insurance Co.;Homeowners Choice P&C Ins Co.;Vault E&S Insurance Co.;Edison Insurance Co.;Safe Harbor Insurance Co.;Spinnaker Specialty Ins Co.;GeoVera Specialty Insurance Co;Florida Farm Bureau Cas Ins Co;Universal North America Ins Co;QBE Specialty Insurance Co.;Auto Club Insurance Co. of FL;American Platinum P&C Ins Co.;Privilege Underwriters Recpl;FL Farm Bureau General Ins Co.;Castle Key Insurance Co.;Chubb Custom Insurance Co.;Homesite Insurance Co.;PURE Specialty Exchange;State Farm FL Ins Co;AIG Property Casualty Co.;Foremost P&C Insurance Co.;ASI Preferred Insurance Corp.;Nationwide P&C Insurance Co.;ACE Ins Co. of the Midwest;Castle Key Indemnity Co.;First Liberty Insurance Corp.,Universal P&C Insurance Co.;Florida Family Insurance Co.;First Protective Insurance Co.;Spinnaker Insurance Co.;Cypress P&C Insurance Co.;Florida Peninsula Insurance Co;Tower Hill Insurance Exchange;Kin Interinsurance Network;Unique Insurance Co.;Heritage P&C Insurance Co.;Florida Family Home Ins Co.;US Coastal P&C Insurance Co.;TypTap Insurance Co.;Homeowners Choice P&C Ins Co.;Vault E&S Insurance Co.;Edison Insurance Co.;Safe Harbor Insurance Co.;Spinnaker Specialty Ins Co.;GeoVera Specialty Insurance Co;Florida Farm Bureau Cas Ins Co;Universal North America Ins Co;QBE Specialty Insurance Co.;American Platinum P&C Ins Co.,8917636534.132946,15,36.189312511589605,4418486083.884247,98541303.02013117,1,0.9811320754716981,20000034129.4361,300194520.0,14779374134.210499,539937478.65,359958319.1,539937478.65,359958319.1,11133522311.723396,14574522311.723396,3441000000.0,1395853723.0,1395853723.0,0.0,True,27028589369.549706,17000000000.0,10028589369.549706,0.6289636417042218,12270214816.58728,4729785183.412719,2471154578.0413165,0.0,14,9464500000.0,9464500000.0,14
gm_then_andrew,baseline,,COMPOSITE,"{""gm_then_andrew"": 0.7327885274183238}",266548625724.76184,195323774930.22623,71224850794.53563,42016811463.69122,61369256948.235085,0.0,67952583396.546005,23985123121.7539,42016811463.69122,61369256948.235085,22205681088.39241,49019169706.143234,25.493503563103665,8.998404346125175,15.763281971326984,23.023662861276573,8.330818074193337,18.390329183974274,67952583396.546005,23985123121.7539,22205681088.39241,36,22,14,Universal P&C Insurance Co.;Florida Family Insurance Co.;First Protective Insurance Co.;Cypress P&C Insurance Co.;Florida Peninsula Insurance Co;Tower Hill Insurance Exchange;Kin Interinsurance Network;Unique Insurance Co.;Heritage P&C Insurance Co.;Florida Family Home Ins Co.;US Coastal P&C Insurance Co.;TypTap Insurance Co.;Homeowners Choice P&C Ins Co.;Vault E&S Insurance Co.;Edison Insurance Co.;Safe Harbor Insurance Co.;Spinnaker Specialty Ins Co.;GeoVera Specialty Insurance Co;Florida Farm Bureau Cas Ins Co;Universal North America Ins Co;QBE Specialty Insurance Co.;Auto Club Insurance Co. of FL;American Platinum P&C Ins Co.;Privilege Underwriters Recpl;FL Farm Bureau General Ins Co.;Castle Key Insurance Co.;Homesite Insurance Co.;PURE Specialty Exchange;State Farm FL Ins Co;AIG Property Casualty Co.;Foremost P&C Insurance Co.;ASI Preferred Insurance Corp.;Nationwide P&C Insurance Co.;ACE Ins Co. of the Midwest;Castle Key Indemnity Co.;First Liberty Insurance Corp.,Universal P&C Insurance Co.;Florida Family Insurance Co.;First Protective Insurance Co.;Cypress P&C Insurance Co.;Florida Peninsula Insurance Co;Tower Hill Insurance Exchange;Kin Interinsurance Network;Unique Insurance Co.;Heritage P&C Insurance Co.;Florida Family Home Ins Co.;US Coastal P&C Insurance Co.;TypTap Insurance Co.;Homeowners Choice P&C Ins Co.;Vault E&S Insurance Co.;Edison Insurance Co.;Safe Harbor Insurance Co.;Spinnaker Specialty Ins Co.;GeoVera Specialty Insurance Co;Florida Farm Bureau Cas Ins Co;Universal North America Ins Co;QBE Specialty Insurance Co.;American Platinum P&C Ins Co.,8219849274.034812,14,35.89838321723671,4168483864.129548,75768168.23577008,1,0.9811320754716981,19451583529.398487,303407340.0,17516025029.861893,539937478.65,359958319.1,539937478.65,359958319.1,18764681088.39241,22205681088.39241,3441000000.0,1395853723.0,1395853723.0,0.0,True,29122246919.461426,17000000000.0,12122246919.461426,0.5837461665308341,11702618655.329493,5297381344.670502,2502940491.2623277,0.0,14,9464500000.0,9464500000.0,15
gm_then_andrew,baseline,,COMPOSITE,"{""gm_then_andrew"": 0.878123226441488}",266548625724.76184,234062539224.9725,32486086499.78934,45379256977.095146,73127011755.37459,0.0,90588797630.12009,24967472862.382694,45379256977.095146,73127011755.37459,10211280986.473433,22274805513.315914,33.98584306477051,9.366948636292769,17.02475743542335,27.434773507662186,3.830926142916078,8.356751212935116,90588797630.12009,24967472862.382694,10211280986.473433,38,23,15,Universal P&C Insurance Co.;Florida Family Insurance Co.;First Protective Insurance Co.;Spinnaker Insurance Co.;Cypress P&C Insurance Co.;Florida Peninsula Insurance Co;Tower Hill Insurance Exchange;Kin Interinsurance Network;Unique Insurance Co.;Heritage P&C Insurance Co.;Florida Family Home Ins Co.;US Coastal P&C Insurance Co.;TypTap Insurance Co.;Homeowners Choice P&C Ins Co.;Vault E&S Insurance Co.;Edison Insurance Co.;Safe Harbor Insurance Co.;Spinnaker Specialty Ins Co.;GeoVera Specialty Insurance Co;Florida Farm Bureau Cas Ins Co;Universal North America Ins Co;QBE Specialty Insurance Co.;Auto Club Insurance Co. of FL;American Platinum P&C Ins Co.;FL Farm Bureau General Ins Co.;Castle Key Insurance Co.;Chubb Custom Insurance Co.;Homesite Insurance Co.;Farmers Casualty Ins Co.;PURE Specialty Exchange;State Farm FL Ins Co;AIG Property Casualty Co.;Foremost P&C Insurance Co.;ASI Preferred Insurance Corp.;Nationwide P&C Insurance Co.;ACE Ins Co. of the Midwest;Castle Key Indemnity Co.;First Liberty Insurance Corp.,Universal P&C Insurance Co.;Florida Family Insurance Co.;First Protective Insurance Co.;Spinnaker Insurance Co.;Cypress P&C Insurance Co.;Florida Peninsula Insurance Co;Tower Hill Insurance Exchange;Kin Interinsurance Network;Unique Insurance Co.;Heritage P&C Insurance Co.;Florida Family Home Ins Co.;US Coastal P&C Insurance Co.;TypTap Insurance Co.;Homeowners Choice P&C Ins Co.;Vault E&S Insurance Co.;Edison Insurance Co.;Safe Harbor Insurance Co.;Spinnaker Specialty Ins Co.;GeoVera Specialty Insurance Co;Florida Farm Bureau Cas Ins Co;Universal North America Ins Co;QBE Specialty Insurance Co.;American Platinum P&C Ins Co.,12062144575.843367,15,36.189312511589605,5587120804.039756,90252340.71388984,1,0.9811320754716981,27486331051.88677,300194520.0,19539383916.601185,539937478.65,359958319.1,539937478.65,359958319.1,6770280986.473433,10211280986.473433,3441000000.0,1395853723.0,1395853723.0,0.0,True,24703700918.847492,17000000000.0,7703700918.847492,0.6881559996150206,12700386593.206835,4299613406.793166,2575000000.0,0.0,14,9464500000.0,9464500000.0,16
gm_then_andrew,baseline,,COMPOSITE,"{""gm_then_andrew"": 0.7134418139275196}",266548625724.76187,190166935036.96164,76381690687.80023,51640743626.15925,79641106760.14546,0.0,46406251312.23196,12478833338.424965,51640743626.15925,79641106760.14546,23802355687.270638,52579335000.52958,17.4100508625961,4.68163484410931,19.373854765052695,29.87864092099386,8.92983620626465,19.725982400983376,46406251312.23196,12478833338.424965,23802355687.270638,31,19,12,Universal P&C Insurance Co.;Florida Family Insurance Co.;First Protective Insurance Co.;Cypress P&C Insurance Co.;Florida Peninsula Insurance Co;Tower Hill Insurance Exchange;Kin Interinsurance Network;Heritage P&C Insurance Co.;Florida Family Home Ins Co.;US Coastal P&C Insurance Co.;TypTap Insurance Co.;Homeowners Choice P&C Ins Co.;Vault E&S Insurance Co.;Edison Insurance Co.;Safe Harbor Insurance Co.;GeoVera Specialty Insurance Co;Florida Farm Bureau Cas Ins Co;Universal North America Ins Co;Auto Club Insurance Co. of FL;American Platinum P&C Ins Co.;FL Farm Bureau General Ins Co.;Castle Key Insurance Co.;Homesite Insurance Co.;State Farm FL Ins Co;AIG Property Casualty Co.;Foremost P&C Insurance Co.;ASI Preferred Insurance Corp.;Nationwide P&C Insurance Co.;ACE Ins Co. of the Midwest;Castle Key Indemnity Co.;First Liberty Insurance Corp.,Universal P&C Insurance Co.;Florida Family Insurance Co.;First Protective Insurance Co.;Cypress P&C Insurance Co.;Florida Peninsula Insurance Co;Tower Hill Insurance Exchange;Kin Interinsurance Network;Heritage P&C Insurance Co.;Florida Family Home Ins Co.;US Coastal P&C Insurance Co.;TypTap Insurance Co.;Homeowners Choice P&C Ins Co.;Vault E&S Insurance Co.;Edison Insurance Co.;Safe Harbor Insurance Co.;GeoVera Specialty Insurance Co;Florida Farm Bureau Cas Ins Co;Universal North America Ins Co;American Platinum P&C Ins Co.,5205015988.56849,12,35.41856476294073,2208434697.0945144,36761849.41046248,1,0.9811320754716981,9018993862.399143,308706120.0,6779770243.338841,539937478.65,359958319.1,539937478.65,359958319.1,20361355687.270638,23802355687.270638,3441000000.0,1395853723.0,1395853723.0,0.0,True,24324986594.08172,17000000000.000002,7324986594.081717,0.6988698610068755,12406024971.695045,4593975028.304957,2125000000.0,0.0,13,9464500000.0,9464500000.0,17
gm_then_andrew,baseline,,COMPOSITE,"{""gm_then_andrew"": 0.7959969925800304}",266548625724.7619,212171904453.25067,54376721271.51124,43953760655.178024,95356985127.45276,0.0,53128711334.25098,19732447336.36887,43953760655.178024,95356985127.45276,16989118037.218512,37387603234.292725,19.932089760279492,7.402944690753947,16.48995958454675,35.77470522242286,6.373740622756567,14.026560119240367,53128711334.25098,19732447336.36887,16989118037.218512,33,21,12,Universal P&C Insurance Co.;Florida Family Insurance Co.;First Protective Insurance Co.;Cypress P&C Insurance Co.;Florida Peninsula Insurance Co;Tower Hill Insurance Exchange;Kin Interinsurance Network;Heritage P&C Insurance Co.;Florida Family Home Ins Co.;US Coastal P&C Insurance Co.;TypTap Insurance Co.;Homeowners Choice P&C Ins Co.;Vault E&S Insurance Co.;Edison Insurance Co.;Safe Harbor Insurance Co.;Spinnaker Specialty Ins Co.;GeoVera Specialty Insurance Co;Florida Farm Bureau Cas Ins Co;Universal North America Ins Co;QBE Specialty Insurance Co.;Auto Club Insurance Co. of FL;American Platinum P&C Ins Co.;FL Farm Bureau General Ins Co.;Castle Key Insurance Co.;Homesite Insurance Co.;State Farm FL Ins Co;AIG Property Casualty Co.;Foremost P&C Insurance Co.;ASI Preferred Insurance Corp.;Nationwide P&C Insurance Co.;ACE Ins Co. of the Midwest;Castle Key Indemnity Co.;First Liberty Insurance Corp.,Universal P&C Insurance Co.;Florida Family Insurance Co.;First Protective Insurance Co.;Cypress P&C Insurance Co.;Florida Peninsula Insurance Co;Tower Hill Insurance Exchange;Kin Interinsurance Network;Heritage P&C Insurance Co.;Florida Family Home Ins Co.;US Coastal P&C Insurance Co.;TypTap Insurance Co.;Homeowners Choice P&C Ins Co.;Vault E&S Insurance Co.;Edison Insurance Co.;Safe Harbor Insurance Co.;Spinnaker Specialty Ins Co.;GeoVera Specialty Insurance Co;Florida Farm Bureau Cas Ins Co;Universal North America Ins Co;QBE Specialty Insurance Co.;American Platinum P&C Ins Co.,6248596332.301799,12,35.802781374679086,3299988470.6797934,40136270.54312156,1,0.9811320754716981,12788700245.434717,304463100.0,13974765365.547417,539937478.65,359958319.1,539937478.65,359958319.1,13548118037.218512,16989118037.218512,3441000000.0,1395853723.0,1395853723.0,0.0,False,15775357343.032215,15775357343.032215,0.0,1.0,11207117533.859415,4568239809.1728,2206687814.7255673,0.0,14,9464500000.0,9464500000.0,18
gm_then_andrew,baseline,,COMPOSITE,"{""gm_then_andrew"": 0.7684694281096092}",266548625724.76187,204834469974.11008,61714155750.651794,47572757434.30896,97444743897.5632,0.0,46805420033.54079,13011548608.697111,47572757434.30896,97444743897.5632,19260954180.333767,42453201570.31802,17.559805422471797,4.88149153773272,17.84768437839653,36.55796147235989,7.226056457039336,15.92700073199972,46805420033.54079,13011548608.697111,19260954180.333767,31,19,12,Universal P&C Insurance Co.;Florida Family Insurance Co.;First Protective Insurance Co.;Cypress P&C Insurance Co.;Florida Peninsula Insurance Co;Tower Hill Insurance Exchange;Kin Interinsurance Network;Heritage P&C Insurance Co.;Florida Family Home Ins Co.;US Coastal P&C Insurance Co.;TypTap Insurance Co.;Homeowners Choice P&C Ins Co.;Vault E&S Insurance Co.;Edison Insurance Co.;Safe Harbor Insurance Co.;GeoVera Specialty Insurance Co;Florida Farm Bureau Cas Ins Co;Universal North America Ins Co;Auto Club Insurance Co. of FL;American Platinum P&C Ins Co.;FL Farm Bureau General Ins Co.;Castle Key Insurance Co.;Homesite Insurance Co.;State Farm FL Ins Co;AIG Property Casualty Co.;Foremost P&C Insurance Co.;ASI Preferred Insurance Corp.;Nationwide P&C Insurance Co.;ACE Ins Co. of the Midwest;Castle Key Indemnity Co.;First Liberty Insurance Corp.,Universal P&C Insurance Co.;Florida Family Insurance Co.;First Protective Insurance Co.;Cypress P&C Insurance Co.;Florida Peninsula Insurance Co;Tower Hill Insurance Exchange;Kin Interinsurance Network;Heritage P&C Insurance Co.;Florida Family Home Ins Co.;US Coastal P&C Insurance Co.;TypTap Insurance Co.;Homeowners Choice P&C Ins Co.;Vault E&S Insurance Co.;Edison Insurance Co.;Safe Harbor Insurance Co.;GeoVera Specialty Insurance Co;Florida Farm Bureau Cas Ins Co;Universal North America Ins Co;American Platinum P&C Ins Co.,4223368091.7209516,12,35.41856476294073,2197784897.438601,30782494.04202547,1,0.9811320754716981,9199449111.93684,308706120.0,7350370230.61325,539937478.65,359958319.1,539937478.65,359958319.1,15819954180.333767,19260954180.333767,3441000000.0,1395853723.0,1395853723.0,0.0,True,21363100055.824146,17000000000.0,4363100055.824146,0.7957646575439481,12454232475.361153,4545767524.638846,2124999999.9999998,0.0,13,9464500000.0,9464500000.0,19
gm_then_andrew,baseline,,COMPOSITE,"{""gm_then_andrew"": 0.7080701857669751}",266548625724.76184,188735134932.86404,77813490791.89778,26597187870.51281,95073650060.57425,0.0,51075225062.02533,15989071939.751684,26597187870.51281,95073650060.57425,24245673475.72277,53567817316.17502,19.161691388634512,5.998557259965768,9.978362408807566,35.66840751928967,9.09615399809221,20.09682742521027,51075225062.02533,15989071939.751684,24245673475.72277,33,21,12,Universal P&C Insurance Co.;Florida Family Insurance Co.;First Protective Insurance Co.;Cypress P&C Insurance Co.;Florida Peninsula Insurance Co;Tower Hill Insurance Exchange;Kin Interinsurance Network;Unique Insurance Co.;Heritage P&C Insurance Co.;Florida Family Home Ins Co.;US Coastal P&C Insurance Co.;TypTap Insurance Co.;Homeowners Choice P&C Ins Co.;Vault E&S Insurance Co.;Edison Insurance Co.;Safe Harbor Insurance Co.;GeoVera Specialty Insurance Co;Florida Farm Bureau Cas Ins Co;Universal North America Ins Co;QBE Specialty Insurance Co.;Auto Club Insurance Co. of FL;American Platinum P&C Ins Co.;FL Farm Bureau General Ins Co.;Castle Key Insurance Co.;Homesite Insurance Co.;State Farm FL Ins Co;AIG Property Casualty Co.;Foremost P&C Insurance Co.;ASI Preferred Insurance Corp.;Nationwide P&C Insurance Co.;ACE Ins Co. of the Midwest;Castle Key Indemnity Co.;First Liberty Insurance Corp.,Universal P&C Insurance Co.;Florida Family Insurance Co.;First Protective Insurance Co.;Cypress P&C Insurance Co.;Florida Peninsula Insurance Co;Tower Hill Insurance Exchange;Kin Interinsurance Network;Unique Insurance Co.;Heritage P&C Insurance Co.;Florida Family Home Ins Co.;US Coastal P&C Insurance Co.;TypTap Insurance Co.;Homeowners Choice P&C Ins Co.;Vault E&S Insurance Co.;Edison Insurance Co.;Safe Harbor Insurance Co.;GeoVera Specialty Insurance Co;Florida Farm Bureau Cas Ins Co;Universal North America Ins Co;QBE Specialty Insurance Co.;American Platinum P&C Ins Co.,5112169507.99079,12,35.80938809441937,3365304438.0143385,40444935.71853134,1,0.9811320754716981,11426793863.982298,304390140.0,10670317188.29611,539937478.65,359958319.1,539937478.65,359958319.1,20804673475.72277,24245673475.72277,3441000000.0,1395853723.0,1395853723.0,0.0,True,18662250858.00285,17000000000.0,1662250858.0028496,0.9109297763356324,12838654332.382689,4161345667.617311,2214694696.5120487,0.0,14,9464500000.0,9464500000.0,20
gm_then_andrew,baseline,,COMPOSITE,"{""gm_then_andrew"": 0.8213662094971143}",266548625724.76184,218934034358.21268,47614591366.549164,82157072257.26317,76970343068.99986,0.0,46540831587.4367,13265787444.512981,82157072257.26317,76970343068.99986,14895409239.380938,32719182127.16823,17.460540815353806,4.9768733222474895,30.822545805244022,28.87666100686614,5.588252124309183,12.275126925979375,46540831587.4367,13265787444.512981,14895409239.380938,31,19,12,Universal P&C Insurance Co.;Florida Family Insurance Co.;First Protective Insurance Co.;Cypress P&C Insurance Co.;Florida Peninsula Insurance Co;Tower Hill Insurance Exchange;Kin Interinsurance Network;Heritage P&C Insurance Co.;Florida Family Home Ins Co.;US Coastal P&C Insurance Co.;TypTap Insurance Co.;Homeowners Choice P&C Ins Co.;Vault E&S Insurance Co.;Edison Insurance Co.;Safe Harbor Insurance Co.;GeoVera Specialty Insurance Co;Florida Farm Bureau Cas Ins Co;Universal North America Ins Co;Auto Club Insurance Co. of FL;American Platinum P&C Ins Co.;FL Farm Bureau General Ins Co.;Castle Key Insurance Co.;Homesite Insurance Co.;State Farm FL Ins Co;AIG Property Casualty Co.;Foremost P&C Insurance Co.;ASI Preferred Insurance Corp.;Nationwide P&C Insurance Co.;ACE Ins Co. of the Midwest;Castle Key Indemnity Co.;First Liberty Insurance Corp.,Universal P&C Insurance Co.;Florida Family Insurance Co.;First Protective Insurance Co.;Cypress P&C Insurance Co.;Florida Peninsula Insurance Co;Tower Hill Insurance Exchange;Kin Interinsurance Network;Heritage P&C Insurance Co.;Florida Family Home Ins Co.;US Coastal P&C Insurance Co.;TypTap Insurance Co.;Homeowners Choice P&C Ins Co.;Vault E&S Insurance Co.;Edison Insurance Co.;Safe Harbor Insurance Co.;GeoVera Specialty Insurance Co;Florida Farm Bureau Cas Ins Co;Universal North America Ins Co;American Platinum P&C Ins Co.,4382172751.035632,12,35.41856476294073,2077688522.608036,21500362.67824723,1,0.9811320754716981,9436073907.591303,308706120.0,7835448079.675974,539937478.65,359958319.1,539937478.65,359958319.1,11454409239.380938,14895409239.380938,3441000000.0,1395853723.0,1395853723.0,0.0,True,21488640764.052002,17000000000.0,4488640764.052002,0.7911156497361631,12697799398.12314,4302200601.87686,2254732478.0748997,0.0,14,9464500000.0,9464500000.0,21
gm_then_andrew,baseline,,COMPOSITE,"{""gm_then_andrew"": 0.7838425933193013}",266548625724.7619,208932166033.7932,57616459690.96867,31374681810.735126,79162610526.38411,0.0,76870642849.44772,21524230847.226257,31374681810.735126,79162610526.38411,17992214535.931583,39624245155.03708,28.83925686745965,8.075161066278458,11.77071602805134,29.69912537014069,6.7500683925905305,14.865672275479325,76870642849.44772,21524230847.226257,17992214535.931583,38,23,15,Universal P&C Insurance Co.;Florida Family Insurance Co.;First Protective Insurance Co.;Spinnaker Insurance Co.;Cypress P&C Insurance Co.;Florida Peninsula Insurance Co;Tower Hill Insurance Exchange;Kin Interinsurance Network;Unique Insurance Co.;Heritage P&C Insurance Co.;Florida Family Home Ins Co.;US Coastal P&C Insurance Co.;TypTap Insurance Co.;Homeowners Choice P&C Ins Co.;Vault E&S Insurance Co.;Edison Insurance Co.;Safe Harbor Insurance Co.;Spinnaker Specialty Ins Co.;GeoVera Specialty Insurance Co;Florida Farm Bureau Cas Ins Co;Universal North America Ins Co;QBE Specialty Insurance Co.;Auto Club Insurance Co. of FL;American Platinum P&C Ins Co.;Privilege Underwriters Recpl;FL Farm Bureau General Ins Co.;Castle Key Insurance Co.;Chubb Custom Insurance Co.;Homesite Insurance Co.;PURE Specialty Exchange;State Farm FL Ins Co;AIG Property Casualty Co.;Foremost P&C Insurance Co.;ASI Preferred Insurance Corp.;Nationwide P&C Insurance Co.;ACE Ins Co. of the Midwest;Castle Key Indemnity Co.;First Liberty Insurance Corp.,Universal P&C Insurance Co.;Florida Family Insurance Co.;First Protective Insurance Co.;Spinnaker Insurance Co.;Cypress P&C Insurance Co.;Florida Peninsula Insurance Co;Tower Hill Insurance Exchange;Kin Interinsurance Network;Unique Insurance Co.;Heritage P&C Insurance Co.;Florida Family Home Ins Co.;US Coastal P&C Insurance Co.;TypTap Insurance Co.;Homeowners Choice P&C Ins Co.;Vault E&S Insurance Co.;Edison Insurance Co.;Safe Harbor Insurance Co.;Spinnaker Specialty Ins Co.;GeoVera Specialty Insurance Co;Florida Farm Bureau Cas Ins Co;Universal North America Ins Co;QBE Specialty Insurance Co.;American Platinum P&C Ins Co.,10126754430.113522,15,36.189312511589605,4716307372.011661,102653787.60488898,1,0.9811320754716981,22153782566.527023,300194520.0,15233948274.514816,539937478.65,359958319.1,539937478.65,359958319.1,14551214535.931583,17992214535.931583,3441000000.0,1395853723.0,1395853723.0,0.0,True,30034463124.78189,17000000000.000002,13034463124.781889,0.5660164434893142,11828602300.411419,5171397699.588584,2575000000.0,0.0,14,9464500000.0,9464500000.0,22
gm_then_andrew,baseline,,COMPOSITE,"{""gm_then_andrew"": 0.6161972661832867}",266548625724.7619,164246534476.5104,102302091248.25148,31879275631.459595,73368275749.43922,0.0,45063426427.99904,13935556667.612532,31879275631.459595,73368275749.43922,31827899629.729874,70474191618.5216,16.90626852997979,5.228148008537245,11.960022508005025,27.52528757180662,11.94074797541645,26.43952540625486,45063426427.99904,13935556667.612532,31827899629.729874,31,20,11,Universal P&C Insurance Co.;Florida Family Insurance Co.;First Protective Insurance Co.;Cypress P&C Insurance Co.;Florida Peninsula Insurance Co;Tower Hill Insurance Exchange;Kin Interinsurance Network;Heritage P&C Insurance Co.;Florida Family Home Ins Co.;US Coastal P&C Insurance Co.;TypTap Insurance Co.;Homeowners Choice P&C Ins Co.;Vault E&S Insurance Co.;Edison Insurance Co.;Safe Harbor Insurance Co.;GeoVera Specialty Insurance Co;Florida Farm Bureau Cas Ins Co;Universal North America Ins Co;QBE Specialty Insurance Co.;Auto Club Insurance Co. of FL;American Platinum P&C Ins Co.;FL Farm Bureau General Ins Co.;Castle Key Insurance Co.;Homesite Insurance Co.;State Farm FL Ins Co;AIG Property Casualty Co.;Foremost P&C Insurance Co.;ASI Preferred Insurance Corp.;ACE Ins Co. of the Midwest;Castle Key Indemnity Co.;First Liberty Insurance Corp.,Universal P&C Insurance Co.;Florida Family Insurance Co.;First Protective Insurance Co.;Cypress P&C Insurance Co.;Florida Peninsula Insurance Co;Tower Hill Insurance Exchange;Kin Interinsurance Network;Heritage P&C Insurance Co.;Florida Family Home Ins Co.;US Coastal P&C Insurance Co.;TypTap Insurance Co.;Homeowners Choice P&C Ins Co.;Vault E&S Insurance Co.;Edison Insurance Co.;Safe Harbor Insurance Co.;GeoVera Specialty Insurance Co;Florida Farm Bureau Cas Ins Co;Universal North America Ins Co;QBE Specialty Insurance Co.;American Platinum P&C Ins Co.,4258435008.998239,11,35.71378625186174,2256177786.3775754,18482807.87572091,1,0.9811320754716981,9430265574.072685,305445900.0,7981660177.289566,539937478.65,359958319.1,539937478.65,359958319.1,28386899629.729874,31827899629.729874,3441000000.0,1395853723.0,1395853723.0,0.0,True,23713225897.922615,17000000000.0,6713225897.922615,0.7168995088723579,12182644055.847382,4817355944.15262,2131299931.2821007,0.0,14,9464500000.0,9464500000.0,23
gm_then_andrew,baseline,,COMPOSITE,"{""gm_then_andrew"": 0.8015677626481961}",266548625724.7619,213656785559.14883,52891840165.61306,43785214104.63426,94020867132.78543,0.0,54636136387.11224,21214567934.61685,43785214104.63426,94020867132.78543,16529365166.620676,36362474998.99238,20.49762449104859,7.958986048768082,16.42672663780562,35.27343908719731,6.201256945773526,13.641966789406847,54636136387.11224,21214567934.61685,16529365166.620676,34,22,12,Universal P&C Insurance Co.;Florida Family Insurance Co.;First Protective Insurance Co.;Cypress P&C Insurance Co.;Florida Peninsula Insurance Co;Tower Hill Insurance Exchange;Kin Interinsurance Network;Unique Insurance Co.;Heritage P&C Insurance Co.;Florida Family Home Ins Co.;US Coastal P&C Insurance Co.;TypTap Insurance Co.;Homeowners Choice P&C Ins Co.;Vault E&S Insurance Co.;Edison Insurance Co.;Safe Harbor Insurance Co.;Spinnaker Specialty Ins Co.;GeoVera Specialty Insurance Co;Florida Farm Bureau Cas Ins Co;Universal North America Ins Co;QBE Specialty Insurance Co.;Auto Club Insurance Co. of FL;American Platinum P&C Ins Co.;FL Farm Bureau General Ins Co.;Castle Key Insurance Co.;Homesite Insurance Co.;State Farm FL Ins Co;AIG Property Casualty Co.;Foremost P&C Insurance Co.;ASI Preferred Insurance Corp.;Nationwide P&C Insurance Co.;ACE Ins Co. of the Midwest;Castle Key Indemnity Co.;First Liberty Insurance Corp.,Universal P&C Insurance Co.;Florida Family Insurance Co.;First Protective Insurance Co.;Cypress P&C Insurance Co.;Florida Peninsula Insurance Co;Tower Hill Insurance Exchange;Kin Interinsurance Network;Unique Insurance Co.;Heritage P&C Insurance Co.;Florida Family Home Ins Co.;US Coastal P&C Insurance Co.;TypTap Insurance Co.;Homeowners Choice P&C Ins Co.;Vault E&S Insurance Co.;Edison Insurance Co.;Safe Harbor Insurance Co.;Spinnaker Specialty Ins Co.;GeoVera Specialty Insurance Co;Florida Farm Bureau Cas Ins Co;Universal North America Ins Co;QBE Specialty Insurance Co.;American Platinum P&C Ins Co.,5884016493.951735,12,35.89838321723671,3309820149.748366,47330743.959686875,1,0.9811320754716981,12778093122.530155,303407340.0,15908062398.68129,539937478.65,359958319.1,539937478.65,359958319.1,13088365166.620676,16529365166.620676,3441000000.0,1395853723.0,1395853723.0,0.0,True,22384443189.70435,17000000000.000002,5384443189.704348,0.7594560139793468,12910572585.839838,4089427414.160162,2292329789.2728505,0.0,14,9464500000.0,9464500000.0,24
gm_then_andrew,baseline,,COMPOSITE,"{""gm_then_andrew"": 0.7691340651035142}",266548625724.76184,205011628051.44125,61536997673.32059,48823530463.29423,61495297884.55236,0.0,69545905422.54317,25146894281.051544,48823530463.29423,61495297884.55236,19206102021.27599,42330895652.0446,26.091263923587544,9.434261464554776,18.31693197837359,23.07094914383555,7.2054777881722085,15.881115701476356,69545905422.54317,25146894281.051544,19206102021.27599,36,23,13,Universal P&C Insurance Co.;Florida Family Insurance Co.;First Protective Insurance Co.;Spinnaker Insurance Co.;Cypress P&C Insurance Co.;Florida Peninsula Insurance Co;Tower Hill Insurance Exchange;Kin Interinsurance Network;Unique Insurance Co.;Heritage P&C Insurance Co.;Florida Family Home Ins Co.;US Coastal P&C Insurance Co.;TypTap Insurance Co.;Homeowners Choice P&C Ins Co.;Vault E&S Insurance Co.;Edison Insurance Co.;Safe Harbor Insurance Co.;Spinnaker Specialty Ins Co.;GeoVera Specialty Insurance Co;Florida Farm Bureau Cas Ins Co;Universal North America Ins Co;QBE Specialty Insurance Co.;Auto Club Insurance Co. of FL;American Platinum P&C Ins Co.;FL Farm Bureau General Ins Co.;Castle Key Insurance Co.;Homesite Insurance Co.;PURE Specialty Exchange;State Farm FL Ins Co;AIG Property Casualty Co.;Foremost P&C Insurance Co.;ASI Preferred Insurance Corp.;Nationwide P&C Insurance Co.;ACE Ins Co. of the Midwest;Castle Key Indemnity Co.;First Liberty Insurance Corp.,Universal P&C Insurance Co.;Florida Family Insurance Co.;First Protective Insurance Co.;Spinnaker Insurance Co.;Cypress P&C Insurance Co.;Florida Peninsula Insurance Co;Tower Hill Insurance Exchange;Kin Interinsurance Network;Unique Insurance Co.;Heritage P&C Insurance Co.;Florida Family Home Ins Co.;US Coastal P&C Insurance Co.;TypTap Insurance Co.;Homeowners Choice P&C Ins Co.;Vault E&S Insurance Co.;Edison Insurance Co.;Safe Harbor Insurance Co.;Spinnaker Specialty Ins Co.;GeoVera Specialty Insurance Co;Florida Farm Bureau Cas Ins Co;Universal North America Ins Co;QBE Specialty Insurance Co.;American Platinum P&C Ins Co.,9016001414.706966,13,36.189312511589605,4304491468.416309,72427737.3341455,1,0.9811320754716981,18065691147.910263,300194520.0,19399071382.33013,539937478.65,359958319.1,539937478.65,359958319.1,15765102021.27599,19206102021.27599,3441000000.0,1395853723.0,1395853723.0,0.0,True,26907170375.120827,16999999999.999998,9907170375.120829,0.6318018492096332,12440911875.04383,4559088124.956164,2435302011.2282333,0.0,14,9464500000.0,9464500000.0,25
gm_then_andrew,baseline,,COMPOSITE,"{""gm_then_andrew"": 0.7442855543355917}",266548625724.76184,198388291654.94458,68160334069.81726,26380979849.80173,80670067379.32123,0.0,73672386147.99348,17664858277.828163,26380979849.80173,80670067379.32123,21256837200.76537,46903496869.051895,27.639379474448166,6.627255432211044,9.89724849568076,30.26467203121923,7.974844043171013,17.5966005232698,73672386147.99348,17664858277.828163,21256837200.76537,36,22,14,Universal P&C Insurance Co.;Florida Family Insurance Co.;First Protective Insurance Co.;Cypress P&C Insurance Co.;Florida Peninsula Insurance Co;Tower Hill Insurance Exchange;Kin Interinsurance Network;Unique Insurance Co.;Heritage P&C Insurance Co.;Florida Family Home Ins Co.;US Coastal P&C Insurance Co.;TypTap Insurance Co.;Homeowners Choice P&C Ins Co.;Vault E&S Insurance Co.;Edison Insurance Co.;Safe Harbor Insurance Co.;Spinnaker Specialty Ins Co.;GeoVera Specialty Insurance Co;Florida Farm Bureau Cas Ins Co;Universal North America Ins Co;QBE Specialty Insurance Co.;Auto Club Insurance Co. of FL;American Platinum P&C Ins Co.;Privilege Underwriters Recpl;FL Farm Bureau General Ins Co.;Castle Key Insurance Co.;Homesite Insurance Co.;PURE Specialty Exchange;State Farm FL Ins Co;AIG Property Casualty Co.;Foremost P&C Insurance Co.;ASI Preferred Insurance Corp.;Nationwide P&C Insurance Co.;ACE Ins Co. of the Midwest;Castle Key Indemnity Co.;First Liberty Insurance Corp.,Universal P&C Insurance Co.;Florida Family Insurance Co.;First Protective Insurance Co.;Cypress P&C Insurance Co.;Florida Peninsula Insurance Co;Tower Hill Insurance Exchange;Kin Interinsurance Network;Unique Insurance Co.;Heritage P&C Insurance Co.;Florida Family Home Ins Co.;US Coastal P&C Insurance Co.;TypTap Insurance Co.;Homeowners Choice P&C Ins Co.;Vault E&S Insurance Co.;Edison Insurance Co.;Safe Harbor Insurance Co.;Spinnaker Specialty Ins Co.;GeoVera Specialty Insurance Co;Florida Farm Bureau Cas Ins Co;Universal North America Ins Co;QBE Specialty Insurance Co.;American Platinum P&C Ins Co.,8927458793.740896,14,35.89838321723671,4422446186.39949,69530860.71426927,1,0.9811320754716981,20222284952.979992,303407340.0,12078274744.20983,539937478.65,359958319.1,539937478.65,359958319.1,17815837200.76537,21256837200.76537,3441000000.0,1395853723.0,1395853723.0,0.0,True,26045956928.921684,17000000000.000002,9045956928.921682,0.6526924714800183,12506441794.145079,4493558205.854921,2488827228.633296,0.0,14,9464500000.0,9464500000.0,26
gm_then_andrew,baseline,,COMPOSITE,"{""gm_then_andrew"": 0.7857449310929158}",266548625724.76187,209439231553.01447,57109394171.747406,27276317798.956455,95617391796.36842,0.0,64131698243.06966,22413823714.619938,27276317798.956455,95617391796.36842,17835215549.87328,39274178621.87413,24.060037101557615,8.408906124980158,10.233148914120452,35.87240096863337,6.691167700219143,14.734339190489262,64131698243.06966,22413823714.619938,17835215549.87328,36,24,12,Universal P&C Insurance Co.;Florida Family Insurance Co.;First Protective Insurance Co.;Spinnaker Insurance Co.;Cypress P&C Insurance Co.;Florida Peninsula Insurance Co;Tower Hill Insurance Exchange;Kin Interinsurance Network;Unique Insurance Co.;Heritage P&C Insurance Co.;Florida Family Home Ins Co.;US Coastal P&C Insurance Co.;TypTap Insurance Co.;Homeowners Choice P&C Ins Co.;Vault E&S Insurance Co.;Edison Insurance Co.;Safe Harbor Insurance Co.;Spinnaker Specialty Ins Co.;GeoVera Specialty Insurance Co;Florida Farm Bureau Cas Ins Co;Universal North America Ins Co;QBE Specialty Insurance Co.;Auto Club Insurance Co. of FL;American Platinum P&C Ins Co.;FL Farm Bureau General Ins Co.;Castle Key Insurance Co.;Homesite Insurance Co.;PURE Specialty Exchange;State Farm FL Ins Co;AIG Property Casualty Co.;Foremost P&C Insurance Co.;ASI Preferred Insurance Corp.;Nationwide P&C Insurance Co.;ACE Ins Co. of the Midwest;Castle Key Indemnity Co.;First Liberty Insurance Corp.,Universal P&C Insurance Co.;Florida Family Insurance Co.;First Protective Insurance Co.;Spinnaker Insurance Co.;Cypress P&C Insurance Co.;Florida Peninsula Insurance Co;Tower Hill Insurance Exchange;Kin Interinsurance Network;Unique Insurance Co.;Heritage P&C Insurance Co.;Florida Family Home Ins Co.;US Coastal P&C Insurance Co.;TypTap Insurance Co.;Homeowners Choice P&C Ins Co.;Vault E&S Insurance Co.;Edison Insurance Co.;Safe Harbor Insurance Co.;Spinnaker Specialty Ins Co.;GeoVera Specialty Insurance Co;Florida Farm Bureau Cas Ins Co;Universal North America Ins Co;QBE Specialty Insurance Co.;American Platinum P&C Ins Co.;Castle Key Indemnity Co.,7486565519.955148,13,37.927433985368395,4057303956.5409346,65649586.79714878,1,0.9811320754716981,17532905062.83068,280999920.0,16832478003.54917,539937478.65,359958319.1,539937478.65,359958319.1,14394215549.87328,17835215549.87328,3441000000.0,1395853723.0,1395853723.0,0.0,True,27447827569.87805,17000000000.0,10447827569.878052,0.619356849161215,12600898199.59499,4399101800.405017,2419243862.705492,0.0,14,9464500000.0,9464500000.0,27
gm_then_andrew,baseline,,COMPOSITE,"{""gm_then_andrew"": 0.7131750400568164}",266548625724.76184,190095826828.34644,76452798896.41542,29748557792.573956,85023272959.55354,0.0,57090850743.55623,18233145332.662716,29748557792.573956,85023272959.55354,23824372401.540924,52628426494.8745,21.418550025655826,6.840457452401298,11.160649473125524,31.897847054499014,8.938096130400602,19.744399863917746,57090850743.55623,18233145332.662716,23824372401.540924,35,23,12,Universal P&C Insurance Co.;Florida Family Insurance Co.;First Protective Insurance Co.;Cypress P&C Insurance Co.;Florida Peninsula Insurance Co;Tower Hill Insurance Exchange;Kin Interinsurance Network;Unique Insurance Co.;Heritage P&C Insurance Co.;Florida Family Home Ins Co.;US Coastal P&C Insurance Co.;TypTap Insurance Co.;Homeowners Choice P&C Ins Co.;Vault E&S Insurance Co.;Edison Insurance Co.;Safe Harbor Insurance Co.;Spinnaker Specialty Ins Co.;GeoVera Specialty Insurance Co;Florida Farm Bureau Cas Ins Co;Universal North America Ins Co;QBE Specialty Insurance Co.;Auto Club Insurance Co. of FL;American Platinum P&C Ins Co.;FL Farm Bureau General Ins Co.;Castle Key Insurance Co.;Homesite Insurance Co.;PURE Specialty Exchange;State Farm FL Ins Co;AIG Property Casualty Co.;Foremost P&C Insurance Co.;ASI Preferred Insurance Corp.;Nationwide P&C Insurance Co.;ACE Ins Co. of the Midwest;Castle Key Indemnity Co.;First Liberty Insurance Corp.,Universal P&C Insurance Co.;Florida Family Insurance Co.;First Protective Insurance Co.;Cypress P&C Insurance Co.;Florida Peninsula Insurance Co;Tower Hill Insurance Exchange;Kin Interinsurance Network;Unique Insurance Co.;Heritage P&C Insurance Co.;Florida Family Home Ins Co.;US Coastal P&C Insurance Co.;TypTap Insurance Co.;Homeowners Choice P&C Ins Co.;Vault E&S Insurance Co.;Edison Insurance Co.;Safe Harbor Insurance Co.;Spinnaker Specialty Ins Co.;GeoVera Specialty Insurance Co;Florida Farm Bureau Cas Ins Co;Universal North America Ins Co;QBE Specialty Insurance Co.;American Platinum P&C Ins Co.;Castle Key Indemnity Co.,6184187742.024012,13,37.63650469101551,3337004861.5591693,41225063.79125467,1,0.9811320754716981,13684613149.595032,284212740.0,12792897260.272573,539937478.65,359958319.1,539937478.65,359958319.1,20383372401.540924,23824372401.540924,3441000000.0,1395853723.0,1395853723.0,0.0,True,26715407490.782944,17000000000.000002,9715407490.782942,0.6363369155370419,12720421836.141302,4279578163.858698,2367152455.30152,0.0,14,9464500000.0,9464500000.0,28
gm_then_andrew,baseline,,COMPOSITE,"{""gm_then_andrew"": 0.8574895935750002}",266548625724.76184,228562672740.70093,37985952984.06093,46821779187.454056,117637950734.75104,0.0,49614963557.42309,14487979261.07275,46821779187.454056,117637950734.75104,11914164398.488579,26071788585.57236,18.613850820846288,5.4353982211234655,17.565942821930822,44.133767493599464,4.469790217861092,9.781250424638879,49614963557.42309,14487979261.07275,11914164398.488579,31,19,12,Universal P&C Insurance Co.;Florida Family Insurance Co.;First Protective Insurance Co.;Cypress P&C Insurance Co.;Florida Peninsula Insurance Co;Tower Hill Insurance Exchange;Kin Interinsurance Network;Heritage P&C Insurance Co.;Florida Family Home Ins Co.;US Coastal P&C Insurance Co.;TypTap Insurance Co.;Homeowners Choice P&C Ins Co.;Vault E&S Insurance Co.;Edison Insurance Co.;Safe Harbor Insurance Co.;GeoVera Specialty Insurance Co;Florida Farm Bureau Cas Ins Co;Universal North America Ins Co;Auto Club Insurance Co. of FL;American Platinum P&C Ins Co.;FL Farm Bureau General Ins Co.;Castle Key Insurance Co.;Homesite Insurance Co.;State Farm FL Ins Co;AIG Property Casualty Co.;Foremost P&C Insurance Co.;ASI Preferred Insurance Corp.;Nationwide P&C Insurance Co.;ACE Ins Co. of the Midwest;Castle Key Indemnity Co.;First Liberty Insurance Corp.,Universal P&C Insurance Co.;Florida Family Insurance Co.;First Protective Insurance Co.;Cypress P&C Insurance Co.;Florida Peninsula Insurance Co;Tower Hill Insurance Exchange;Kin Interinsurance Network;Heritage P&C Insurance Co.;Florida Family Home Ins Co.;US Coastal P&C Insurance Co.;TypTap Insurance Co.;Homeowners Choice P&C Ins Co.;Vault E&S Insurance Co.;Edison Insurance Co.;Safe Harbor Insurance Co.;GeoVera Specialty Insurance Co;Florida Farm Bureau Cas Ins Co;Universal North America Ins Co;American Platinum P&C Ins Co.,4334449889.419455,12,35.41856476294073,2559389277.375937,31964509.259595998,1,0.9811320754716981,10686772773.313393,308706120.0,9139485079.905518,539937478.65,359958319.1,539937478.65,359958319.1,8473164398.488579,11914164398.488579,3441000000.0,1395853723.0,1395853723.0,0.0,True,18443176208.217537,17000000000.0,1443176208.217537,0.9217501263380807,12789224378.752323,4210775621.2476783,2258758600.886121,0.0,14,9464500000.0,9464500000.0,29
gm_then_andrew,baseline,,COMPOSITE,"{""gm_then_andrew"": 0.7211369626257795}",266548625724.76184,192218066347.2305,74330559377.53134,33117209479.240524,78862835539.24995,0.0,62911364109.91314,17326657218.826923,33117209479.240524,78862835539.24995,23167278909.659668,51163280467.871666,23.602209142460715,6.50037387051413,12.424453282845795,29.586659966757335,8.69157694835846,19.194726789063576,62911364109.91314,17326657218.826923,23167278909.659668,35,22,13,Universal P&C Insurance Co.;Florida Family Insurance Co.;First Protective Insurance Co.;Cypress P&C Insurance Co.;Florida Peninsula Insurance Co;Tower Hill Insurance Exchange;Kin Interinsurance Network;Unique Insurance Co.;Heritage P&C Insurance Co.;Florida Family Home Ins Co.;US Coastal P&C Insurance Co.;TypTap Insurance Co.;Homeowners Choice P&C Ins Co.;Vault E&S Insurance Co.;Edison Insurance Co.;Safe Harbor Insurance Co.;Spinnaker Specialty Ins Co.;GeoVera Specialty Insurance Co;Florida Farm Bureau Cas Ins Co;Universal North America Ins Co;QBE Specialty Insurance Co.;Auto Club Insurance Co. of FL;American Platinum P&C Ins Co.;FL Farm Bureau General Ins Co.;Castle Key Insurance Co.;Homesite Insurance Co.;PURE Specialty Exchange;State Farm FL Ins Co;AIG Property Casualty Co.;Foremost P&C Insurance Co.;ASI Preferred Insurance Corp.;Nationwide P&C Insurance Co.;ACE Ins Co. of the Midwest;Castle Key Indemnity Co.;First Liberty Insurance Corp.,Universal P&C Insurance Co.;Florida Family Insurance Co.;First Protective Insurance Co.;Cypress P&C Insurance Co.;Florida Peninsula Insurance Co;Tower Hill Insurance Exchange;Kin Interinsurance Network;Unique Insurance Co.;Heritage P&C Insurance Co.;Florida Family Home Ins Co.;US Coastal P&C Insurance Co.;TypTap Insurance Co.;Homeowners Choice P&C Ins Co.;Vault E&S Insurance Co.;Edison Insurance Co.;Safe Harbor Insurance Co.;Spinnaker Specialty Ins Co.;GeoVera Specialty Insurance Co;Florida Farm Bureau Cas Ins Co;Universal North America Ins Co;QBE Specialty Insurance Co.;American Platinum P&C Ins Co.,7968267337.174732,13,35.89838321723671,3775338167.049961,61976612.94969809,1,0.9811320754716981,16330290993.09337,303407340.0,11997601174.090897,539937478.65,359958319.1,539937478.65,359958319.1,19726278909.659668,23167278909.659668,3441000000.0,1395853723.0,1395853723.0,0.0,True,24574840852.74999,17000000000.0,7574840852.749989,0.6917643984700579,12797046016.684755,4202953983.315243,2456363296.208271,0.0,14,9464500000.0,9464500000.0,30
gm_then_andrew,baseline,,COMPOSITE,"{""gm_then_andrew"": 0.6489547463015822}",266548625724.76187,172977995784.24826,93570629940.51361,33133754014.27028,66365326233.89604,0.0,58898595770.57393,14580319765.508007,33133754014.27028,66365326233.89604,29124441161.034317,64446188779.47928,22.09675462044686,5.470041245143633,12.43066023100948,24.898018533558254,10.926502090132033,24.17802327970973,58898595770.57393,14580319765.508007,29124441161.034317,35,23,12,Universal P&C Insurance Co.;Florida Family Insurance Co.;First Protective Insurance Co.;Cypress P&C Insurance Co.;Florida Peninsula Insurance Co;Tower Hill Insurance Exchange;Kin Interinsurance Network;Unique Insurance Co.;Heritage P&C Insurance Co.;Florida Family Home Ins Co.;US Coastal P&C Insurance Co.;TypTap Insurance Co.;Homeowners Choice P&C Ins Co.;Vault E&S Insurance Co.;Edison Insurance Co.;Safe Harbor Insurance Co.;Spinnaker Specialty Ins Co.;GeoVera Specialty Insurance Co;Florida Farm Bureau Cas Ins Co;Universal North America Ins Co;QBE Specialty Insurance Co.;Auto Club Insurance Co. of FL;American Platinum P&C Ins Co.;FL Farm Bureau General Ins Co.;Castle Key Insurance Co.;Homesite Insurance Co.;PURE Specialty Exchange;State Farm FL Ins Co;AIG Property Casualty Co.;Foremost P&C Insurance Co.;ASI Preferred Insurance Corp.;Nationwide P&C Insurance Co.;ACE Ins Co. of the Midwest;Castle Key Indemnity Co.;First Liberty Insurance Corp.,Universal P&C Insurance Co.;Florida Family Insurance Co.;First Protective Insurance Co.;Cypress P&C Insurance Co.;Florida Peninsula Insurance Co;Tower Hill Insurance Exchange;Kin Interinsurance Network;Unique Insurance Co.;Heritage P&C Insurance Co.;Florida Family Home Ins Co.;US Coastal P&C Insurance Co.;TypTap Insurance Co.;Homeowners Choice P&C Ins Co.;Vault E&S Insurance Co.;Edison Insurance Co.;Safe Harbor Insurance Co.;Spinnaker Specialty Ins Co.;GeoVera Specialty Insurance Co;Florida Farm Bureau Cas Ins Co;Universal North America Ins Co;QBE Specialty Insurance Co.;American Platinum P&C Ins Co.;Castle Key Indemnity Co.,6369925929.822802,13,37.63650469101551,4323407237.205697,36297468.861577,1,0.9811320754716981,14730656193.132107,284212740.0,9191592255.776936,539937478.65,359958319.1,539937478.65,359958319.1,25683441161.034317,29124441161.034317,3441000000.0,1395853723.0,1395853723.0,0.0,True,19507885219.491653,17000000000.0,2507885219.4916534,0.8714424863959188,12709758960.392336,4290241039.607665,2270436490.351179,0.0,14,9464500000.0,9464500000.0,31
gm_then_andrew,baseline,,COMPOSITE,"{""gm_then_andrew"": 0.9129624216112557}",266548625724.76187,243348878818.8309,23199746905.93098,56883266141.15698,101040042680.65746,0.0,63846563976.91874,21579006020.097694,56883266141.15698,101040042680.65746,7336019614.593932,15863727291.337048,23.953064399906797,8.095710852540721,21.340671326474837,37.90679558220323,2.7522256378725833,5.951532201001829,63846563976.91874,21579006020.097694,7336019614.593932,35,22,13,Universal P&C Insurance Co.;Florida Family Insurance Co.;First Protective Insurance Co.;Cypress P&C Insurance Co.;Florida Peninsula Insurance Co;Tower Hill Insurance Exchange;Kin Interinsurance Network;Unique Insurance Co.;Heritage P&C Insurance Co.;Florida Family Home Ins Co.;US Coastal P&C Insurance Co.;TypTap Insurance Co.;Homeowners Choice P&C Ins Co.;Vault E&S Insurance Co.;Edison Insurance Co.;Safe Harbor Insurance Co.;Spinnaker Specialty Ins Co.;GeoVera Specialty Insurance Co;Florida Farm Bureau Cas Ins Co;Universal North America Ins Co;QBE Specialty Insurance Co.;Auto Club Insurance Co. of FL;American Platinum P&C Ins Co.;FL Farm Bureau General Ins Co.;Castle Key Insurance Co.;Homesite Insurance Co.;PURE Specialty Exchange;State Farm FL Ins Co;AIG Property Casualty Co.;Foremost P&C Insurance Co.;ASI Preferred Insurance Corp.;Nationwide P&C Insurance Co.;ACE Ins Co. of the Midwest;Castle Key Indemnity Co.;First Liberty Insurance Corp.,Universal P&C Insurance Co.;Florida Family Insurance Co.;First Protective Insurance Co.;Cypress P&C Insurance Co.;Florida Peninsula Insurance Co;Tower Hill Insurance Exchange;Kin Interinsurance Network;Unique Insurance Co.;Heritage P&C Insurance Co.;Florida Family Home Ins Co.;US Coastal P&C Insurance Co.;TypTap Insurance Co.;Homeowners Choice P&C Ins Co.;Vault E&S Insurance Co.;Edison Insurance Co.;Safe Harbor Insurance Co.;Spinnaker Specialty Ins Co.;GeoVera Specialty Insurance Co;Florida Farm Bureau Cas Ins Co;Universal North America Ins Co;QBE Specialty Insurance Co.;American Platinum P&C Ins Co.,7554288232.832314,13,35.89838321723671,4951970633.262212,52809832.288904175,1,0.9811320754716981,17401845409.924465,303407340.0,14889184395.74865,539937478.65,359958319.1,539937478.65,359958319.1,3895019614.593932,7336019614.593932,3441000000.0,1395853723.0,1395853723.0,0.0,True,28064807527.934677,17000000000.000002,11064807527.934675,0.6057408369210737,11465661189.471008,5534338810.528996,2392968113.914494,0.0,14,9464500000.0,9464500000.0,32
gm_then_andrew,baseline,,COMPOSITE,"{""gm_then_andrew"": 0.7801677392240415}",266548625724.7619,207952638724.9627,58595986999.79918,31820721853.14767,88163482874.84232,0.0,71769950936.21376,16198483060.75896,31820721853.14767,88163482874.84232,18295498408.475304,40300488591.32386,26.92565033530633,6.077121206952128,11.938055117194919,33.075947262950784,6.8638502107181125,15.119375866877716,71769950936.21376,16198483060.75896,18295498408.475304,38,24,14,Universal P&C Insurance Co.;Florida Family Insurance Co.;First Protective Insurance Co.;Spinnaker Insurance Co.;Cypress P&C Insurance Co.;Florida Peninsula Insurance Co;Tower Hill Insurance Exchange;Kin Interinsurance Network;Unique Insurance Co.;Heritage P&C Insurance Co.;Florida Family Home Ins Co.;US Coastal P&C Insurance Co.;TypTap Insurance Co.;Homeowners Choice P&C Ins Co.;Vault E&S Insurance Co.;Edison Insurance Co.;Safe Harbor Insurance Co.;Spinnaker Specialty Ins Co.;GeoVera Specialty Insurance Co;Florida Farm Bureau Cas Ins Co;Universal North America Ins Co;QBE Specialty Insurance Co.;Auto Club Insurance Co. of FL;American Platinum P&C Ins Co.;Privilege Underwriters Recpl;FL Farm Bureau General Ins Co.;Castle Key Insurance Co.;Chubb Custom Insurance Co.;Homesite Insurance Co.;PURE Specialty Exchange;State Farm FL Ins Co;AIG Property Casualty Co.;Foremost P&C Insurance Co.;ASI Preferred Insurance Corp.;Nationwide P&C Insurance Co.;ACE Ins Co. of the Midwest;Castle Key Indemnity Co.;First Liberty Insurance Corp.,Universal P&C Insurance Co.;Florida Family Insurance Co.;First Protective Insurance Co.;Spinnaker Insurance Co.;Cypress P&C Insurance Co.;Florida Peninsula Insurance Co;Tower Hill Insurance Exchange;Kin Interinsurance Network;Unique Insurance Co.;Heritage P&C Insurance Co.;Florida Family Home Ins Co.;US Coastal P&C Insurance Co.;TypTap Insurance Co.;Homeowners Choice P&C Ins Co.;Vault E&S Insurance Co.;Edison Insurance Co.;Safe Harbor Insurance Co.;Spinnaker Specialty Ins Co.;GeoVera Specialty Insurance Co;Florida Farm Bureau Cas Ins Co;Universal North America Ins Co;QBE Specialty Insurance Co.;American Platinum P&C Ins Co.;Castle Key Indemnity Co.,9002313355.248482,15,37.927433985368395,4620929714.827057,69556154.30633637,1,0.9811320754716981,18774561515.511368,280999920.0,10995404869.20963,539937478.65,359958319.1,539937478.65,359958319.1,14854498408.475304,18295498408.475304,3441000000.0,1395853723.0,1395853723.0,0.0,True,26980970067.83524,17000000000.0,9980970067.83524,0.6300737133342055,12882366665.979937,4117633334.0200605,2476519597.8793755,0.0,14,9464500000.0,9464500000.0,33
gm_then_andrew,baseline,,COMPOSITE,"{""gm_then_andrew"": 0.8453129732011904}",266548625724.76187,225317011314.08978,41231614410.67208,37502579694.07125,103421100572.43556,0.0,64510316572.56717,19883014475.015835,37502579694.07125,103421100572.43556,12919094794.562635,28312519616.10944,24.20208185172957,7.459432372218282,14.069695385635347,38.80008771053586,4.846806003758164,10.621896676122782,64510316572.56717,19883014475.015835,12919094794.562635,35,23,12,Universal P&C Insurance Co.;Florida Family Insurance Co.;First Protective Insurance Co.;Cypress P&C Insurance Co.;Florida Peninsula Insurance Co;Tower Hill Insurance Exchange;Kin Interinsurance Network;Unique Insurance Co.;Heritage P&C Insurance Co.;Florida Family Home Ins Co.;US Coastal P&C Insurance Co.;TypTap Insurance Co.;Homeowners Choice P&C Ins Co.;Vault E&S Insurance Co.;Edison Insurance Co.;Safe Harbor Insurance Co.;Spinnaker Specialty Ins Co.;GeoVera Specialty Insurance Co;Florida Farm Bureau Cas Ins Co;Universal North America Ins Co;QBE Specialty Insurance Co.;Auto Club Insurance Co. of FL;American Platinum P&C Ins Co.;FL Farm Bureau General Ins Co.;Castle Key Insurance Co.;Homesite Insurance Co.;PURE Specialty Exchange;State Farm FL Ins Co;AIG Property Casualty Co.;Foremost P&C Insurance Co.;ASI Preferred Insurance Corp.;Nationwide P&C Insurance Co.;ACE Ins Co. of the Midwest;Castle Key Indemnity Co.;First Liberty Insurance Corp.,Universal P&C Insurance Co.;Florida Family Insurance Co.;First Protective Insurance Co.;Cypress P&C Insurance Co.;Florida Peninsula Insurance Co;Tower Hill Insurance Exchange;Kin Interinsurance Network;Unique Insurance Co.;Heritage P&C Insurance Co.;Florida Family Home Ins Co.;US Coastal P&C Insurance Co.;TypTap Insurance Co.;Homeowners Choice P&C Ins Co.;Vault E&S Insurance Co.;Edison Insurance Co.;Safe Harbor Insurance Co.;Spinnaker Specialty Ins Co.;GeoVera Specialty Insurance Co;Florida Farm Bureau Cas Ins Co;Universal North America Ins Co;QBE Specialty Insurance Co.;American Platinum P&C Ins Co.;Castle Key Indemnity Co.,7604828862.889521,13,37.63650469101551,3382248939.468754,55049930.08728433,1,0.9811320754716981,17335425446.26204,284212740.0,14558339055.639963,539937478.65,359958319.1,539937478.65,359958319.1,9478094794.562635,12919094794.562635,3441000000.0,1395853723.0,1395853723.0,0.0,True,25032292979.32952,17000000000.0,8032292979.329521,0.6791227641046624,12829347519.861233,4170652480.138769,2433942900.353513,0.0,14,9464500000.0,9464500000.0,34
gm_then_andrew,baseline,,COMPOSITE,"{""gm_then_andrew"": 0.7234740924008164}",266548625724.7619,192841025076.90704,73707600647.85484,50260668583.74247,73864783291.16537,0.0,47299287551.15384,21416285650.84533,50260668583.74247,73864783291.16537,22974396756.9438,50733203890.91102,17.745087757456712,8.034663691329545,18.85609743703636,27.711560354259017,8.619214109423758,19.033376650494578,47299287551.15384,21416285650.84533,22974396756.9438,31,19,12,Universal P&C Insurance Co.;Florida Family Insurance Co.;First Protective Insurance Co.;Cypress P&C Insurance Co.;Florida Peninsula Insurance Co;Tower Hill Insurance Exchange;Kin Interinsurance Network;Unique Insurance Co.;Heritage P&C Insurance Co.;Florida Family Home Ins Co.;US Coastal P&C Insurance Co.;TypTap Insurance Co.;Homeowners Choice P&C Ins Co.;Edison Insurance Co.;Safe Harbor Insurance Co.;GeoVera Specialty Insurance Co;Florida Farm Bureau Cas Ins Co;Universal North America Ins Co;Auto Club Insurance Co. of FL;American Platinum P&C Ins Co.;FL Farm Bureau General Ins Co.;Castle Key Insurance Co.;Homesite Insurance Co.;State Farm FL Ins Co;AIG Property Casualty Co.;Foremost P&C Insurance Co.;ASI Preferred Insurance Corp.;Nationwide P&C Insurance Co.;ACE Ins Co. of the Midwest;Castle Key Indemnity Co.;First Liberty Insurance Corp.,Universal P&C Insurance Co.;Florida Family Insurance Co.;First Protective Insurance Co.;Cypress P&C Insurance Co.;Florida Peninsula Insurance Co;Tower Hill Insurance Exchange;Kin Interinsurance Network;Unique Insurance Co.;Heritage P&C Insurance Co.;Florida Family Home Ins Co.;US Coastal P&C Insurance Co.;TypTap Insurance Co.;Homeowners Choice P&C Ins Co.;Edison Insurance Co.;Safe Harbor Insurance Co.;GeoVera Specialty Insurance Co;Florida Farm Bureau Cas Ins Co;Universal North America Ins Co;American Platinum P&C Ins Co.,4562481681.084525,12,35.26242124434198,2608639322.659514,33792682.02428301,1,0.9811320754716981,10376177912.406155,310430460.0,15662823570.317562,539937478.65,359958319.1,539937478.65,359958319.1,19533396756.9438,22974396756.9438,3441000000.0,1395853723.0,1395853723.0,0.0,True,23153288472.98695,17000000000.0,6153288472.98695,0.7342369538492979,12503039341.007652,4496960658.992346,2158171781.610448,0.0,14,9464500000.0,9464500000.0,35
gm_then_andrew,baseline,,COMPOSITE,"{""gm_then_andrew"": 0.876065191976376}",266548625724.76187,233513972966.60275,33034652758.159107,60569977360.02089,98192607374.83315,0.0,56103925368.084305,18647462863.664402,60569977360.02089,98192607374.83315,10381129542.695759,22653523215.46335,21.048289112552855,6.99589533165321,22.723800280465696,36.83853447296586,3.8946475580089146,8.498833244353463,56103925368.084305,18647462863.664402,10381129542.695759,34,22,12,Universal P&C Insurance Co.;Florida Family Insurance Co.;First Protective Insurance Co.;Cypress P&C Insurance Co.;Florida Peninsula Insurance Co;Tower Hill Insurance Exchange;Kin Interinsurance Network;Heritage P&C Insurance Co.;Florida Family Home Ins Co.;US Coastal P&C Insurance Co.;TypTap Insurance Co.;Homeowners Choice P&C Ins Co.;Vault E&S Insurance Co.;Edison Insurance Co.;Safe Harbor Insurance Co.;Spinnaker Specialty Ins Co.;GeoVera Specialty Insurance Co;Florida Farm Bureau Cas Ins Co;Universal North America Ins Co;QBE Specialty Insurance Co.;Auto Club Insurance Co. of FL;American Platinum P&C Ins Co.;FL Farm Bureau General Ins Co.;Castle Key Insurance Co.;Homesite Insurance Co.;PURE Specialty Exchange;State Farm FL Ins Co;AIG Property Casualty Co.;Foremost P&C Insurance Co.;ASI Preferred Insurance Corp.;Nationwide P&C Insurance Co.;ACE Ins Co. of the Midwest;Castle Key Indemnity Co.;First Liberty Insurance Corp.,Universal P&C Insurance Co.;Florida Family Insurance Co.;First Protective Insurance Co.;Cypress P&C Insurance Co.;Florida Peninsula Insurance Co;Tower Hill Insurance Exchange;Kin Interinsurance Network;Heritage P&C Insurance Co.;Florida Family Home Ins Co.;US Coastal P&C Insurance Co.;TypTap Insurance Co.;Homeowners Choice P&C Ins Co.;Vault E&S Insurance Co.;Edison Insurance Co.;Safe Harbor Insurance Co.;Spinnaker Specialty Ins Co.;GeoVera Specialty Insurance Co;Florida Farm Bureau Cas Ins Co;Universal North America Ins Co;QBE Specialty Insurance Co.;American Platinum P&C Ins Co.;Castle Key Indemnity Co.,6249764490.791987,13,37.540902848457876,3072238469.588177,44114840.02327344,1,0.9811320754716981,12574644541.204987,285268500.0,13063612648.329453,539937478.65,359958319.1,539937478.65,359958319.1,6940129542.695759,10381129542.695759,3441000000.0,1395853723.0,1395853723.0,0.0,True,25765337489.052013,17000000000.0,8765337489.052013,0.659801176958132,12584662795.674543,4415337204.325455,2319223513.035841,0.0,14,9464500000.0,9464500000.0,36
gm_then_andrew,baseline,,COMPOSITE,"{""gm_then_andrew"": 0.799947019302361}",266548625724.76184,213224778647.66388,53323847077.09795,49815865368.468704,95988386677.96341,0.0,52673819210.62188,14746707390.609886,49815865368.468704,95988386677.96341,16663124305.237465,36660722771.8605,19.761429670627106,5.532464236314367,18.689222363467962,36.01158565982667,6.251438835945758,13.753859233818137,52673819210.62188,14746707390.609886,16663124305.237465,34,21,13,Universal P&C Insurance Co.;Florida Family Insurance Co.;First Protective Insurance Co.;Cypress P&C Insurance Co.;Florida Peninsula Insurance Co;Tower Hill Insurance Exchange;Kin Interinsurance Network;Unique Insurance Co.;Heritage P&C Insurance Co.;Florida Family Home Ins Co.;US Coastal P&C Insurance Co.;TypTap Insurance Co.;Homeowners Choice P&C Ins Co.;Vault E&S Insurance Co.;Edison Insurance Co.;Safe Harbor Insurance Co.;GeoVera Specialty Insurance Co;Florida Farm Bureau Cas Ins Co;Universal North America Ins Co;QBE Specialty Insurance Co.;Auto Club Insurance Co. of FL;American Platinum P&C Ins Co.;FL Farm Bureau General Ins Co.;Castle Key Insurance Co.;Homesite Insurance Co.;PURE Specialty Exchange;State Farm FL Ins Co;AIG Property Casualty Co.;Foremost P&C Insurance Co.;ASI Preferred Insurance Corp.;Nationwide P&C Insurance Co.;ACE Ins Co. of the Midwest;Castle Key Indemnity Co.;First Liberty Insurance Corp.,Universal P&C Insurance Co.;Florida Family Insurance Co.;First Protective Insurance Co.;Cypress P&C Insurance Co.;Florida Peninsula Insurance Co;Tower Hill Insurance Exchange;Kin Interinsurance Network;Unique Insurance Co.;Heritage P&C Insurance Co.;Florida Family Home Ins Co.;US Coastal P&C Insurance Co.;TypTap Insurance Co.;Homeowners Choice P&C Ins Co.;Vault E&S Insurance Co.;Edison Insurance Co.;Safe Harbor Insurance Co.;GeoVera Specialty Insurance Co;Florida Farm Bureau Cas Ins Co;Universal North America Ins Co;QBE Specialty Insurance Co.;American Platinum P&C Ins Co.,5013876874.9507885,13,35.80938809441937,2983153542.7993035,48456880.49621579,1,0.9811320754716981,13047370966.685951,304390140.0,8483761054.08778,539937478.65,359958319.1,539937478.65,359958319.1,13222124305.237465,16663124305.237465,3441000000.0,1395853723.0,1395853723.0,0.0,True,26443234603.3266,17000000000.000002,9443234603.326597,0.642886555106287,11844289351.417673,5155710648.58233,2203234280.012864,0.0,14,9464500000.0,9464500000.0,37
gm_then_andrew,baseline,,COMPOSITE,"{""gm_then_andrew"": 0.8125846646268489}",266548625724.76184,216593325641.3031,49955300083.45873,26190845506.229626,56296790694.09305,0.0,101309794298.27045,32795895142.710026,26190845506.229626,56296790694.09305,15620145750.309616,34335154333.14912,38.00799723607765,12.303907046429522,9.825916541499748,21.120645638677995,5.860148671874596,12.8813848654405,101309794298.27045,32795895142.710026,15620145750.309616,40,23,17,Universal P&C Insurance Co.;Florida Family Insurance Co.;First Protective Insurance Co.;Spinnaker Insurance Co.;Cypress P&C Insurance Co.;Florida Peninsula Insurance Co;Tower Hill Insurance Exchange;Kin Interinsurance Network;Unique Insurance Co.;Heritage P&C Insurance Co.;Florida Family Home Ins Co.;US Coastal P&C Insurance Co.;TypTap Insurance Co.;Homeowners Choice P&C Ins Co.;Vault E&S Insurance Co.;Edison Insurance Co.;Safe Harbor Insurance Co.;Spinnaker Specialty Ins Co.;GeoVera Specialty Insurance Co;Florida Farm Bureau Cas Ins Co;Universal North America Ins Co;QBE Specialty Insurance Co.;Auto Club Insurance Co. of FL;American Platinum P&C Ins Co.;Privilege Underwriters Recpl;FL Farm Bureau General Ins Co.;Castle Key Insurance Co.;Chubb Custom Insurance Co.;Homesite Insurance Co.;Farmers Casualty Ins Co.;PURE Specialty Exchange;State Farm FL Ins Co;AIG Specialty Insurance Co.;AIG Property Casualty Co.;Foremost P&C Insurance Co.;ASI Preferred Insurance Corp.;Nationwide P&C Insurance Co.;ACE Ins Co. of the Midwest;Castle Key Indemnity Co.;First Liberty Insurance Corp.,Universal P&C Insurance Co.;Florida Family Insurance Co.;First Protective Insurance Co.;Spinnaker Insurance Co.;Cypress P&C Insurance Co.;Florida Peninsula Insurance Co;Tower Hill Insurance Exchange;Kin Interinsurance Network;Unique Insurance Co.;Heritage P&C Insurance Co.;Florida Family Home Ins Co.;US Coastal P&C Insurance Co.;TypTap Insurance Co.;Homeowners Choice P&C Ins Co.;Vault E&S Insurance Co.;Edison Insurance Co.;Safe Harbor Insurance Co.;Spinnaker Specialty Ins Co.;GeoVera Specialty Insurance Co;Florida Farm Bureau Cas Ins Co;Universal North America Ins Co;QBE Specialty Insurance Co.;American Platinum P&C Ins Co.,15566112312.864285,17,36.189312511589605,7670822897.826065,136923834.4537859,1,0.9811320754716981,32460416471.14807,300194520.0,26488483822.124516,539937478.65,359958319.1,539937478.65,359958319.1,12179145750.309616,15620145750.309616,3441000000.0,1395853723.0,1395853723.0,0.0,True,28983774191.550255,17000000000.0,11983774191.550255,0.5865350691614232,11849805999.18889,5150194000.8111105,2574999999.9999995,0.0,14,9464500000.0,9464500000.0,38
gm_then_andrew,baseline,,COMPOSITE,"{""gm_then_andrew"": 0.7745377699292024}",266548625724.76184,206451978146.5507,60096647578.21114,27742173386.189068,98331758874.1378,0.0,58938005467.47956,21440040418.74429,27742173386.189068,98331758874.1378,18760136961.674877,41336510616.536255,22.11153980149909,8.04357567421236,10.407922123311055,36.89073939389775,7.038166830035205,15.508056177044537,58938005467.47956,21440040418.74429,18760136961.674877,34,22,12,Universal P&C Insurance Co.;Florida Family Insurance Co.;First Protective Insurance Co.;Cypress P&C Insurance Co.;Florida Peninsula Insurance Co;Tower Hill Insurance Exchange;Kin Interinsurance Network;Unique Insurance Co.;Heritage P&C Insurance Co.;Florida Family Home Ins Co.;US Coastal P&C Insurance Co.;TypTap Insurance Co.;Homeowners Choice P&C Ins Co.;Vault E&S Insurance Co.;Edison Insurance Co.;Safe Harbor Insurance Co.;Spinnaker Specialty Ins Co.;GeoVera Specialty Insurance Co;Florida Farm Bureau Cas Ins Co;Universal North America Ins Co;QBE Specialty Insurance Co.;Auto Club Insurance Co. of FL;American Platinum P&C Ins Co.;FL Farm Bureau General Ins Co.;Castle Key Insurance Co.;Homesite Insurance Co.;State Farm FL Ins Co;AIG Property Casualty Co.;Foremost P&C Insurance Co.;ASI Preferred Insurance Corp.;Nationwide P&C Insurance Co.;ACE Ins Co. of the Midwest;Castle Key Indemnity Co.;First Liberty Insurance Corp.,Universal P&C Insurance Co.;Florida Family Insurance Co.;First Protective Insurance Co.;Cypress P&C Insurance Co.;Florida Peninsula Insurance Co;Tower Hill Insurance Exchange;Kin Interinsurance Network;Unique Insurance Co.;Heritage P&C Insurance Co.;Florida Family Home Ins Co.;US Coastal P&C Insurance Co.;TypTap Insurance Co.;Homeowners Choice P&C Ins Co.;Vault E&S Insurance Co.;Edison Insurance Co.;Safe Harbor Insurance Co.;Spinnaker Specialty Ins Co.;GeoVera Specialty Insurance Co;Florida Farm Bureau Cas Ins Co;Universal North America Ins Co;QBE Specialty Insurance Co.;American Platinum P&C Ins Co.,6644660372.8259115,12,35.89838321723671,4354936199.356493,63538495.93383421,1,0.9811320754716981,14826799852.059866,303407340.0,16126194145.88805,539937478.65,359958319.1,539937478.65,359958319.1,15319136961.674877,18760136961.674877,3441000000.0,1395853723.0,1395853723.0,0.0,True,18867828326.28755,17000000000.0,1867828326.2875519,0.9010045939582138,12883994945.632515,4116005054.3674865,2410975473.625992,0.0,14,9464500000.0,9464500000.0,39
gm_then_andrew,baseline,,COMPOSITE,"{""gm_then_andrew"": 0.762304013727758}",266548625724.76187,203191087243.60394,63357538481.15792,40172473044.39088,85440346170.51219,0.0,63745445310.01095,13832822718.68992,40172473044.39088,85440346170.51219,19769782749.05886,43587755732.09907,23.9151281071824,5.189605716809695,15.071348777417063,32.05431877136665,7.416951670751865,16.35264695647232,63745445310.01095,13832822718.68992,19769782749.05886,36,22,14,Universal P&C Insurance Co.;Florida Family Insurance Co.;First Protective Insurance Co.;Cypress P&C Insurance Co.;Florida Peninsula Insurance Co;Tower Hill Insurance Exchange;Kin Interinsurance Network;Unique Insurance Co.;Heritage P&C Insurance Co.;Florida Family Home Ins Co.;US Coastal P&C Insurance Co.;TypTap Insurance Co.;Homeowners Choice P&C Ins Co.;Vault E&S Insurance Co.;Edison Insurance Co.;Safe Harbor Insurance Co.;Spinnaker Specialty Ins Co.;GeoVera Specialty Insurance Co;Florida Farm Bureau Cas Ins Co;Universal North America Ins Co;QBE Specialty Insurance Co.;Auto Club Insurance Co. of FL;American Platinum P&C Ins Co.;Privilege Underwriters Recpl;FL Farm Bureau General Ins Co.;Castle Key Insurance Co.;Homesite Insurance Co.;PURE Specialty Exchange;State Farm FL Ins Co;AIG Property Casualty Co.;Foremost P&C Insurance Co.;ASI Preferred Insurance Corp.;Nationwide P&C Insurance Co.;ACE Ins Co. of the Midwest;Castle Key Indemnity Co.;First Liberty Insurance Corp.,Universal P&C Insurance Co.;Florida Family Insurance Co.;First Protective Insurance Co.;Cypress P&C Insurance Co.;Florida Peninsula Insurance Co;Tower Hill Insurance Exchange;Kin Interinsurance Network;Unique Insurance Co.;Heritage P&C Insurance Co.;Florida Family Home Ins Co.;US Coastal P&C Insurance Co.;TypTap Insurance Co.;Homeowners Choice P&C Ins Co.;Vault E&S Insurance Co.;Edison Insurance Co.;Safe Harbor Insurance Co.;Spinnaker Specialty Ins Co.;GeoVera Specialty Insurance Co;Florida Farm Bureau Cas Ins Co;Universal North America Ins Co;QBE Specialty Insurance Co.;American Platinum P&C Ins Co.,7465896332.962282,14,35.89838321723671,4324313776.415148,53129767.17020525,1,0.9811320754716981,16070094782.429466,303407340.0,9202355413.886887,539937478.65,359958319.1,539937478.65,359958319.1,16328782749.05886,19769782749.05886,3441000000.0,1395853723.0,1395853723.0,0.0,True,24791426068.614582,17000000000.0,7791426068.614582,0.6857209404956998,13454531441.571589,3545468558.428413,2453522622.478,0.0,14,9464500000.0,9464500000.0,40
gm_then_andrew,baseline,,COMPOSITE,"{""gm_then_andrew"": 0.7625667447901937}",266548625724.76184,203261117847.23135,63287507877.53049,38014333866.3076,89190460370.77826,0.0,58899802676.61226,17156520933.533253,38014333866.3076,89190460370.77826,19748099685.735123,43539408191.795364,22.097207410640415,6.43654450923678,14.261688186515437,33.461234372626755,7.408816921129811,16.334508599850807,58899802676.61226,17156520933.533253,19748099685.735123,35,22,13,Universal P&C Insurance Co.;Florida Family Insurance Co.;First Protective Insurance Co.;Cypress P&C Insurance Co.;Florida Peninsula Insurance Co;Tower Hill Insurance Exchange;Kin Interinsurance Network;Unique Insurance Co.;Heritage P&C Insurance Co.;Florida Family Home Ins Co.;US Coastal P&C Insurance Co.;TypTap Insurance Co.;Homeowners Choice P&C Ins Co.;Vault E&S Insurance Co.;Edison Insurance Co.;Safe Harbor Insurance Co.;Spinnaker Specialty Ins Co.;GeoVera Specialty Insurance Co;Florida Farm Bureau Cas Ins Co;Universal North America Ins Co;QBE Specialty Insurance Co.;Auto Club Insurance Co. of FL;American Platinum P&C Ins Co.;FL Farm Bureau General Ins Co.;Castle Key Insurance Co.;Homesite Insurance Co.;PURE Specialty Exchange;State Farm FL Ins Co;AIG Property Casualty Co.;Foremost P&C Insurance Co.;ASI Preferred Insurance Corp.;Nationwide P&C Insurance Co.;ACE Ins Co. of the Midwest;Castle Key Indemnity Co.;First Liberty Insurance Corp.,Universal P&C Insurance Co.;Florida Family Insurance Co.;First Protective Insurance Co.;Cypress P&C Insurance Co.;Florida Peninsula Insurance Co;Tower Hill Insurance Exchange;Kin Interinsurance Network;Unique Insurance Co.;Heritage P&C Insurance Co.;Florida Family Home Ins Co.;US Coastal P&C Insurance Co.;TypTap Insurance Co.;Homeowners Choice P&C Ins Co.;Vault E&S Insurance Co.;Edison Insurance Co.;Safe Harbor Insurance Co.;Spinnaker Specialty Ins Co.;GeoVera Specialty Insurance Co;Florida Farm Bureau Cas Ins Co;Universal North America Ins Co;QBE Specialty Insurance Co.;American Platinum P&C Ins Co.,6062140703.615421,13,35.89838321723671,3918060461.3886566,64875183.97655702,1,0.9811320754716981,15355393576.488829,303407340.0,10738039378.14278,539937478.65,359958319.1,539937478.65,359958319.1,16307099685.735123,19748099685.735123,3441000000.0,1395853723.0,1395853723.0,0.0,True,29307095123.246147,17000000000.000002,12307095123.246145,0.5800643130446504,11700254226.537914,5299745773.4620905,2561529341.013419,0.0,14,9464500000.0,9464500000.0,41
gm_then_andrew,baseline,,COMPOSITE,"{""gm_then_andrew"": 0.770964833848942}",266548625724.76184,205499616944.55487,61049008780.206985,23341540512.158707,107025174360.73871,0.0,58398021146.62579,16734880925.03166,23341540512.158707,107025174360.73871,19055009591.35842,41993999188.848564,21.908956006746628,6.278359484888922,8.756953988673416,40.152213904585246,7.14879303524702,15.754723579858773,58398021146.62579,16734880925.03166,19055009591.35842,35,22,13,Universal P&C Insurance Co.;Florida Family Insurance Co.;First Protective Insurance Co.;Cypress P&C Insurance Co.;Florida Peninsula Insurance Co;Tower Hill Insurance Exchange;Kin Interinsurance Network;Unique Insurance Co.;Heritage P&C Insurance Co.;Florida Family Home Ins Co.;US Coastal P&C Insurance Co.;TypTap Insurance Co.;Homeowners Choice P&C Ins Co.;Vault E&S Insurance Co.;Edison Insurance Co.;Safe Harbor Insurance Co.;Spinnaker Specialty Ins Co.;GeoVera Specialty Insurance Co;Florida Farm Bureau Cas Ins Co;Universal North America Ins Co;QBE Specialty Insurance Co.;Auto Club Insurance Co. of FL;American Platinum P&C Ins Co.;FL Farm Bureau General Ins Co.;Castle Key Insurance Co.;Homesite Insurance Co.;PURE Specialty Exchange;State Farm FL Ins Co;AIG Property Casualty Co.;Foremost P&C Insurance Co.;ASI Preferred Insurance Corp.;Nationwide P&C Insurance Co.;ACE Ins Co. of the Midwest;Castle Key Indemnity Co.;First Liberty Insurance Corp.,Universal P&C Insurance Co.;Florida Family Insurance Co.;First Protective Insurance Co.;Cypress P&C Insurance Co.;Florida Peninsula Insurance Co;Tower Hill Insurance Exchange;Kin Interinsurance Network;Unique Insurance Co.;Heritage P&C Insurance Co.;Florida Family Home Ins Co.;US Coastal P&C Insurance Co.;TypTap Insurance Co.;Homeowners Choice P&C Ins Co.;Vault E&S Insurance Co.;Edison Insurance Co.;Safe Harbor Insurance Co.;Spinnaker Specialty Ins Co.;GeoVera Specialty Insurance Co;Florida Farm Bureau Cas Ins Co;Universal North America Ins Co;QBE Specialty Insurance Co.;American Platinum P&C Ins Co.,6519713023.494585,13,35.89838321723671,3540362326.9857187,43706373.47088255,1,0.9811320754716981,15499339510.919115,303407340.0,10572894246.074198,539937478.65,359958319.1,539937478.65,359958319.1,15614009591.358421,19055009591.35842,3441000000.0,1395853723.0,1395853723.0,0.0,True,27986356229.696743,16999999999.999998,10986356229.696745,0.6074388484329033,11957136063.663942,5042863936.336056,2300993004.6526427,0.0,14,9464500000.0,9464500000.0,42
gm_then_andrew,baseline,,COMPOSITE,"{""gm_then_andrew"": 0.5520245100090554}",266548625724.76184,147141374509.29877,119407251215.46306,45450421568.99304,47477009974.45849,0.0,42279573076.6529,11934369889.19434,45450421568.99304,47477009974.45849,37124045136.41264,82283206079.05045,15.861861212636974,4.4773706323730105,17.051455975588166,17.811763180307395,13.927682063814856,30.869866935279607,42279573076.6529,11934369889.19434,37124045136.41264,28,18,10,Universal P&C Insurance Co.;Florida Family Insurance Co.;First Protective Insurance Co.;Cypress P&C Insurance Co.;Florida Peninsula Insurance Co;Tower Hill Insurance Exchange;Kin Interinsurance Network;Heritage P&C Insurance Co.;Florida Family Home Ins Co.;US Coastal P&C Insurance Co.;TypTap Insurance Co.;Homeowners Choice P&C Ins Co.;Edison Insurance Co.;Safe Harbor Insurance Co.;GeoVera Specialty Insurance Co;Florida Farm Bureau Cas Ins Co;Universal North America Ins Co;Auto Club Insurance Co. of FL;American Platinum P&C Ins Co.;FL Farm Bureau General Ins Co.;Homesite Insurance Co.;State Farm FL Ins Co;AIG Property Casualty Co.;Foremost P&C Insurance Co.;ASI Preferred Insurance Corp.;ACE Ins Co. of the Midwest;Castle Key Indemnity Co.;First Liberty Insurance Corp.,Universal P&C Insurance Co.;Florida Family Insurance Co.;First Protective Insurance Co.;Cypress P&C Insurance Co.;Florida Peninsula Insurance Co;Tower Hill Insurance Exchange;Kin Interinsurance Network;Heritage P&C Insurance Co.;Florida Family Home Ins Co.;US Coastal P&C Insurance Co.;TypTap Insurance Co.;Homeowners Choice P&C Ins Co.;Edison Insurance Co.;Safe Harbor Insurance Co.;GeoVera Specialty Insurance Co;Florida Farm Bureau Cas Ins Co;Universal North America Ins Co;American Platinum P&C Ins Co.,3293965467.4942746,10,35.166819401784345,2173082709.541654,23584345.789690487,1,0.9811320754716981,7944526079.065923,311486220.0,6877656503.992756,539937478.65,359958319.1,539937478.65,359958319.1,33683045136.412643,37124045136.41264,3441000000.0,1395853723.0,1395853723.0,0.0,True,19800441947.88172,17000000000.0,2800441947.8817215,0.8585666948620146,13077861445.701431,3922138554.2985716,2125000000.0,0.0,13,9464500000.0,9464500000.0,43
gm_then_andrew,baseline,,COMPOSITE,"{""gm_then_andrew"": 0.7258590386747673}",266548625724.76184,193476729228.65604,73071896496.10582,22513196552.625957,51715246841.061134,0.0,91255109115.66544,27993176719.30352,22513196552.625957,51715246841.061134,22777568332.461437,50294328163.64438,34.23582052525586,10.502090056997435,8.44618744193905,19.401805843284407,8.545370763224852,18.8687253692984,91255109115.66544,27993176719.30352,22777568332.461437,39,23,16,Universal P&C Insurance Co.;Florida Family Insurance Co.;First Protective Insurance Co.;Spinnaker Insurance Co.;Cypress P&C Insurance Co.;Florida Peninsula Insurance Co;Tower Hill Insurance Exchange;Kin Interinsurance Network;Unique Insurance Co.;Heritage P&C Insurance Co.;Florida Family Home Ins Co.;US Coastal P&C Insurance Co.;TypTap Insurance Co.;Homeowners Choice P&C Ins Co.;Vault E&S Insurance Co.;Edison Insurance Co.;Safe Harbor Insurance Co.;Spinnaker Specialty Ins Co.;GeoVera Specialty Insurance Co;Florida Farm Bureau Cas Ins Co;Universal North America Ins Co;QBE Specialty Insurance Co.;Auto Club Insurance Co. of FL;American Platinum P&C Ins Co.;Privilege Underwriters Recpl;FL Farm Bureau General Ins Co.;Castle Key Insurance Co.;Chubb Custom Insurance Co.;Homesite Insurance Co.;PURE Specialty Exchange;First Floridian Auto & Home;State Farm FL Ins Co;AIG Property Casualty Co.;Foremost P&C Insurance Co.;ASI Preferred Insurance Corp.;Nationwide P&C Insurance Co.;ACE Ins Co. of the Midwest;Castle Key Indemnity Co.;First Liberty Insurance Corp.,Universal P&C Insurance Co.;Florida Family Insurance Co.;First Protective Insurance Co.;Spinnaker Insurance Co.;Cypress P&C Insurance Co.;Florida Peninsula Insurance Co;Tower Hill Insurance Exchange;Kin Interinsurance Network;Unique Insurance Co.;Heritage P&C Insurance Co.;Florida Family Home Ins Co.;US Coastal P&C Insurance Co.;TypTap Insurance Co.;Homeowners Choice P&C Ins Co.;Vault E&S Insurance Co.;Edison Insurance Co.;Safe Harbor Insurance Co.;Spinnaker Specialty Ins Co.;GeoVera Specialty Insurance Co;Florida Farm Bureau Cas Ins Co;Universal North America Ins Co;QBE Specialty Insurance Co.;American Platinum P&C Ins Co.,12684833677.000143,16,36.189312511589605,6558097165.309133,130681238.00253427,1,0.9811320754716981,27736302419.79097,300194520.0,21660493975.7892,539937478.65,359958319.1,539937478.65,359958319.1,19336568332.461437,22777568332.461437,3441000000.0,1395853723.0,1395853723.0,0.0,True,29928574098.84192,16999999999.999998,12928574098.84192,0.5680190423992773,11810305596.28682,5189694403.7131815,2575000000.0,0.0,14,9464500000.0,9464500000.0,44
gm_then_andrew,baseline,,COMPOSITE,"{""gm_then_andrew"": 0.7924265529668002}",266548625724.76187,211220208681.11087,55328417043.65101,33223096924.25934,115215721582.58638,0.0,49296470232.106804,13484919942.158339,33223096924.25934,115215721582.58638,17283784634.72527,38044632408.925735,18.494362932116687,5.059084399888397,12.464178659306056,43.2250293053689,6.484289531686614,14.273055171633345,49296470232.106804,13484919942.158339,17283784634.72527,33,21,12,Universal P&C Insurance Co.;Florida Family Insurance Co.;First Protective Insurance Co.;Cypress P&C Insurance Co.;Florida Peninsula Insurance Co;Tower Hill Insurance Exchange;Kin Interinsurance Network;Unique Insurance Co.;Heritage P&C Insurance Co.;Florida Family Home Ins Co.;US Coastal P&C Insurance Co.;TypTap Insurance Co.;Homeowners Choice P&C Ins Co.;Vault E&S Insurance Co.;Edison Insurance Co.;Safe Harbor Insurance Co.;Spinnaker Specialty Ins Co.;GeoVera Specialty Insurance Co;Florida Farm Bureau Cas Ins Co;Universal North America Ins Co;Auto Club Insurance Co. of FL;American Platinum P&C Ins Co.;FL Farm Bureau General Ins Co.;Castle Key Insurance Co.;Homesite Insurance Co.;State Farm FL Ins Co;AIG Property Casualty Co.;Foremost P&C Insurance Co.;ASI Preferred Insurance Corp.;Nationwide P&C Insurance Co.;ACE Ins Co. of the Midwest;Castle Key Indemnity Co.;First Liberty Insurance Corp.,Universal P&C Insurance Co.;Florida Family Insurance Co.;First Protective Insurance Co.;Cypress P&C Insurance Co.;Florida Peninsula Insurance Co;Tower Hill Insurance Exchange;Kin Interinsurance Network;Unique Insurance Co.;Heritage P&C Insurance Co.;Florida Family Home Ins Co.;US Coastal P&C Insurance Co.;TypTap Insurance Co.;Homeowners Choice P&C Ins Co.;Vault E&S Insurance Co.;Edison Insurance Co.;Safe Harbor Insurance Co.;Spinnaker Specialty Ins Co.;GeoVera Specialty Insurance Co;Florida Farm Bureau Cas Ins Co;Universal North America Ins Co;American Platinum P&C Ins Co.,4111129847.5209317,12,35.60316172831571,2545499360.2873826,29720912.94032225,1,0.9811320754716981,10681385822.412052,306667560.0,8242842154.715992,539937478.65,359958319.1,539937478.65,359958319.1,13842784634.72527,17283784634.72527,3441000000.0,1395853723.0,1395853723.0,0.0,True,21953996305.091057,17000000000.0,4953996305.091057,0.7743464908964095,12880804682.445827,4119195317.5541735,2162420822.9303765,0.0,14,9464500000.0,9464500000.0,45
gm_then_andrew,baseline,,COMPOSITE,"{""gm_then_andrew"": 0.7759822847805413}",266548625724.76184,206837011595.0141,59711614129.74773,49803475243.851944,47262074892.50508,0.0,82979832690.18675,26791628768.470337,49803475243.851944,47262074892.50508,18640921872.66601,41070692257.08172,31.13121760225158,10.051310036066505,18.68457400912621,17.731126830609853,6.993441373775693,15.40833014817016,82979832690.18675,26791628768.470337,18640921872.66601,38,23,15,Universal P&C Insurance Co.;Florida Family Insurance Co.;First Protective Insurance Co.;Spinnaker Insurance Co.;Cypress P&C Insurance Co.;Florida Peninsula Insurance Co;Tower Hill Insurance Exchange;Kin Interinsurance Network;Unique Insurance Co.;Heritage P&C Insurance Co.;Florida Family Home Ins Co.;US Coastal P&C Insurance Co.;TypTap Insurance Co.;Homeowners Choice P&C Ins Co.;Vault E&S Insurance Co.;Edison Insurance Co.;Safe Harbor Insurance Co.;Spinnaker Specialty Ins Co.;GeoVera Specialty Insurance Co;Florida Farm Bureau Cas Ins Co;Universal North America Ins Co;QBE Specialty Insurance Co.;Auto Club Insurance Co. of FL;American Platinum P&C Ins Co.;Privilege Underwriters Recpl;FL Farm Bureau General Ins Co.;Castle Key Insurance Co.;Chubb Custom Insurance Co.;Homesite Insurance Co.;PURE Specialty Exchange;State Farm FL Ins Co;AIG Property Casualty Co.;Foremost P&C Insurance Co.;ASI Preferred Insurance Corp.;Nationwide P&C Insurance Co.;ACE Ins Co. of the Midwest;Castle Key Indemnity Co.;First Liberty Insurance Corp.,Universal P&C Insurance Co.;Florida Family Insurance Co.;First Protective Insurance Co.;Spinnaker Insurance Co.;Cypress P&C Insurance Co.;Florida Peninsula Insurance Co;Tower Hill Insurance Exchange;Kin Interinsurance Network;Unique Insurance Co.;Heritage P&C Insurance Co.;Florida Family Home Ins Co.;US Coastal P&C Insurance Co.;TypTap Insurance Co.;Homeowners Choice P&C Ins Co.;Vault E&S Insurance Co.;Edison Insurance Co.;Safe Harbor Insurance Co.;Spinnaker Specialty Ins Co.;GeoVera Specialty Insurance Co;Florida Farm Bureau Cas Ins Co;Universal North America Ins Co;QBE Specialty Insurance Co.;American Platinum P&C Ins Co.,10994492411.649952,15,36.189312511589605,6855421910.636296,90006595.5175342,1,0.9811320754716981,25668737088.437798,300194520.0,20561331500.232613,539937478.65,359958319.1,539937478.65,359958319.1,15199921872.666012,18640921872.66601,3441000000.0,1395853723.0,1395853723.0,0.0,True,29157119068.821365,16999999999.999998,12157119068.821367,0.5830480014117252,11924750851.286177,5075249148.713823,2575000000.0,0.0,14,9464500000.0,9464500000.0,46
gm_then_andrew,baseline,,COMPOSITE,"{""gm_then_andrew"": 0.8509720005681537}",266548625724.7618,226825417281.69263,39723208443.06919,17263639988.915024,86059989922.0805,0.0,87890386483.38611,35611400887.31105,17263639988.915024,86059989922.0805,12452058093.187914,27271150349.88128,32.973490763423314,13.360189267711098,6.476731944114941,32.28678808156605,4.671589680618317,10.231210262566306,87890386483.38611,35611400887.31105,12452058093.187914,38,23,15,Universal P&C Insurance Co.;Florida Family Insurance Co.;First Protective Insurance Co.;Spinnaker Insurance Co.;Cypress P&C Insurance Co.;Florida Peninsula Insurance Co;Tower Hill Insurance Exchange;Kin Interinsurance Network;Unique Insurance Co.;Heritage P&C Insurance Co.;Florida Family Home Ins Co.;US Coastal P&C Insurance Co.;TypTap Insurance Co.;Homeowners Choice P&C Ins Co.;Vault E&S Insurance Co.;Edison Insurance Co.;Safe Harbor Insurance Co.;Spinnaker Specialty Ins Co.;GeoVera Specialty Insurance Co;Florida Farm Bureau Cas Ins Co;Universal North America Ins Co;QBE Specialty Insurance Co.;Auto Club Insurance Co. of FL;American Platinum P&C Ins Co.;Privilege Underwriters Recpl;FL Farm Bureau General Ins Co.;Castle Key Insurance Co.;Chubb Custom Insurance Co.;Homesite Insurance Co.;PURE Specialty Exchange;State Farm FL Ins Co;AIG Property Casualty Co.;Foremost P&C Insurance Co.;ASI Preferred Insurance Corp.;Nationwide P&C Insurance Co.;ACE Ins Co. of the Midwest;Castle Key Indemnity Co.;First Liberty Insurance Corp.,Universal P&C Insurance Co.;Florida Family Insurance Co.;First Protective Insurance Co.;Spinnaker Insurance Co.;Cypress P&C Insurance Co.;Florida Peninsula Insurance Co;Tower Hill Insurance Exchange;Kin Interinsurance Network;Unique Insurance Co.;Heritage P&C Insurance Co.;Florida Family Home Ins Co.;US Coastal P&C Insurance Co.;TypTap Insurance Co.;Homeowners Choice P&C Ins Co.;Vault E&S Insurance Co.;Edison Insurance Co.;Safe Harbor Insurance Co.;Spinnaker Specialty Ins Co.;GeoVera Specialty Insurance Co;Florida Farm Bureau Cas Ins Co;Universal North America Ins Co;QBE Specialty Insurance Co.;American Platinum P&C Ins Co.,11433741221.073858,15,36.189312511589605,6898847693.657458,111984665.05740544,1,0.9811320754716981,27481006299.03323,300194520.0,29783501371.82538,539937478.65,359958319.1,539937478.65,359958319.1,9011058093.187914,12452058093.187914,3441000000.0,1395853723.0,1395853723.0,0.0,True,28426927836.324055,17000000000.0,11426927836.324055,0.5980245244186156,12389274868.929628,4610725131.070374,2575000000.0,0.0,14,9464500000.0,9464500000.0,47
gm_then_andrew,baseline,,COMPOSITE,"{""gm_then_andrew"": 0.7996540342140008}",266548625724.76184,213146683875.00366,53401941849.75819,46102633428.3737,90083725145.90218,0.0,59308038391.07185,17652286909.655968,46102633428.3737,90083725145.90218,16687304218.205988,36714637631.552185,22.250363598690374,6.622539081437141,17.296143734756782,33.79635700651582,6.260510318832894,13.774086259767,59308038391.07185,17652286909.655968,16687304218.205988,35,22,13,Universal P&C Insurance Co.;Florida Family Insurance Co.;First Protective Insurance Co.;Cypress P&C Insurance Co.;Florida Peninsula Insurance Co;Tower Hill Insurance Exchange;Kin Interinsurance Network;Unique Insurance Co.;Heritage P&C Insurance Co.;Florida Family Home Ins Co.;US Coastal P&C Insurance Co.;TypTap Insurance Co.;Homeowners Choice P&C Ins Co.;Vault E&S Insurance Co.;Edison Insurance Co.;Safe Harbor Insurance Co.;Spinnaker Specialty Ins Co.;GeoVera Specialty Insurance Co;Florida Farm Bureau Cas Ins Co;Universal North America Ins Co;QBE Specialty Insurance Co.;Auto Club Insurance Co. of FL;American Platinum P&C Ins Co.;FL Farm Bureau General Ins Co.;Castle Key Insurance Co.;Homesite Insurance Co.;PURE Specialty Exchange;State Farm FL Ins Co;AIG Property Casualty Co.;Foremost P&C Insurance Co.;ASI Preferred Insurance Corp.;Nationwide P&C Insurance Co.;ACE Ins Co. of the Midwest;Castle Key Indemnity Co.;First Liberty Insurance Corp.,Universal P&C Insurance Co.;Florida Family Insurance Co.;First Protective Insurance Co.;Cypress P&C Insurance Co.;Florida Peninsula Insurance Co;Tower Hill Insurance Exchange;Kin Interinsurance Network;Unique Insurance Co.;Heritage P&C Insurance Co.;Florida Family Home Ins Co.;US Coastal P&C Insurance Co.;TypTap Insurance Co.;Homeowners Choice P&C Ins Co.;Vault E&S Insurance Co.;Edison Insurance Co.;Safe Harbor Insurance Co.;Spinnaker Specialty Ins Co.;GeoVera Specialty Insurance Co;Florida Farm Bureau Cas Ins Co;Universal North America Ins Co;QBE Specialty Insurance Co.;American Platinum P&C Ins Co.,6726222235.270976,13,35.89838321723671,4627961516.953123,67443631.36609967,1,0.9811320754716981,15362886426.934725,303407340.0,12352613455.672554,539937478.65,359958319.1,539937478.65,359958319.1,13246304218.205988,16687304218.205988,3441000000.0,1395853723.0,1395853723.0,0.0,True,19947604164.990692,17000000000.0,2947604164.990692,0.8522326721239073,12845596137.990416,4154403862.0095873,2354400551.318139,0.0,14,9464500000.0,9464500000.0,48
gm_then_andrew,baseline,,COMPOSITE,"{""gm_then_andrew"": 0.8090790137995633}",266548625724.76184,215658899231.01926,50889726493.74259,23499304890.41413,125667783525.97795,0.0,53541798548.67599,12950012265.951195,23499304890.41413,125667783525.97795,15909465361.68051,34980261132.062096,20.08706606649822,4.858405189949611,8.816141830226323,47.14628829328219,5.968691573037269,13.123407047006394,53541798548.67599,12950012265.951195,15909465361.68051,35,22,13,Universal P&C Insurance Co.;Florida Family Insurance Co.;First Protective Insurance Co.;Cypress P&C Insurance Co.;Florida Peninsula Insurance Co;Tower Hill Insurance Exchange;Kin Interinsurance Network;Unique Insurance Co.;Heritage P&C Insurance Co.;Florida Family Home Ins Co.;US Coastal P&C Insurance Co.;TypTap Insurance Co.;Homeowners Choice P&C Ins Co.;Vault E&S Insurance Co.;Edison Insurance Co.;Safe Harbor Insurance Co.;Spinnaker Specialty Ins Co.;GeoVera Specialty Insurance Co;Florida Farm Bureau Cas Ins Co;Universal North America Ins Co;QBE Specialty Insurance Co.;Auto Club Insurance Co. of FL;American Platinum P&C Ins Co.;FL Farm Bureau General Ins Co.;Castle Key Insurance Co.;Homesite Insurance Co.;PURE Specialty Exchange;State Farm FL Ins Co;AIG Property Casualty Co.;Foremost P&C Insurance Co.;ASI Preferred Insurance Corp.;Nationwide P&C Insurance Co.;ACE Ins Co. of the Midwest;Castle Key Indemnity Co.;First Liberty Insurance Corp.,Universal P&C Insurance Co.;Florida Family Insurance Co.;First Protective Insurance Co.;Cypress P&C Insurance Co.;Florida Peninsula Insurance Co;Tower Hill Insurance Exchange;Kin Interinsurance Network;Unique Insurance Co.;Heritage P&C Insurance Co.;Florida Family Home Ins Co.;US Coastal P&C Insurance Co.;TypTap Insurance Co.;Homeowners Choice P&C Ins Co.;Vault E&S Insurance Co.;Edison Insurance Co.;Safe Harbor Insurance Co.;Spinnaker Specialty Ins Co.;GeoVera Specialty Insurance Co;Florida Farm Bureau Cas Ins Co;Universal North America Ins Co;QBE Specialty Insurance Co.;American Platinum P&C Ins Co.,6616457610.0224905,13,35.89838321723671,2476962628.553412,56287721.593064815,1,0.9811320754716981,11277717793.900763,303407340.0,7375574852.608636,539937478.65,359958319.1,539937478.65,359958319.1,12468465361.68051,15909465361.68051,3441000000.0,1395853723.0,1395853723.0,0.0,True,26411909792.613625,16999999999.999998,9411909792.613626,0.6436490255147786,12511820482.375992,4488179517.624006,2255246711.005272,0.0,14,9464500000.0,9464500000.0,49
gm_then_andrew,baseline,,COMPOSITE,"{""gm_then_andrew"": 0.8574578555070592}",266548625724.7619,228554213002.30814,37994412722.45376,19817463688.970947,85158198790.9768,0.0,89952238356.13591,33626312166.22441,19817463688.970947,85158198790.9768,11916783725.379568,26077628997.074184,33.747027624528286,12.6154513364278,7.434839941525138,31.948466648224688,4.470772900433123,9.783441548860935,89952238356.13591,33626312166.22441,11916783725.379568,38,23,15,Universal P&C Insurance Co.;Florida Family Insurance Co.;First Protective Insurance Co.;Spinnaker Insurance Co.;Cypress P&C Insurance Co.;Florida Peninsula Insurance Co;Tower Hill Insurance Exchange;Kin Interinsurance Network;Unique Insurance Co.;Heritage P&C Insurance Co.;Florida Family Home Ins Co.;US Coastal P&C Insurance Co.;TypTap Insurance Co.;Homeowners Choice P&C Ins Co.;Vault E&S Insurance Co.;Edison Insurance Co.;Safe Harbor Insurance Co.;Spinnaker Specialty Ins Co.;GeoVera Specialty Insurance Co;Florida Farm Bureau Cas Ins Co;Universal North America Ins Co;QBE Specialty Insurance Co.;Auto Club Insurance Co. of FL;American Platinum P&C Ins Co.;Privilege Underwriters Recpl;FL Farm Bureau General Ins Co.;Castle Key Insurance Co.;Chubb Custom Insurance Co.;Homesite Insurance Co.;PURE Specialty Exchange;State Farm FL Ins Co;AIG Property Casualty Co.;Foremost P&C Insurance Co.;ASI Preferred Insurance Corp.;Nationwide P&C Insurance Co.;ACE Ins Co. of the Midwest;Castle Key Indemnity Co.;First Liberty Insurance Corp.,Universal P&C Insurance Co.;Florida Family Insurance Co.;First Protective Insurance Co.;Spinnaker Insurance Co.;Cypress P&C Insurance Co.;Florida Peninsula Insurance Co;Tower Hill Insurance Exchange;Kin Interinsurance Network;Unique Insurance Co.;Heritage P&C Insurance Co.;Florida Family Home Ins Co.;US Coastal P&C Insurance Co.;TypTap Insurance Co.;Homeowners Choice P&C Ins Co.;Vault E&S Insurance Co.;Edison Insurance Co.;Safe Harbor Insurance Co.;Spinnaker Specialty Ins Co.;GeoVera Specialty Insurance Co;Florida Farm Bureau Cas Ins Co;Universal North America Ins Co;QBE Specialty Insurance Co.;American Platinum P&C Ins Co.,11617917000.742767,15,36.189312511589605,6483016522.159536,102341453.58900456,1,0.9811320754716981,28516794425.012077,300194520.0,27564970460.45917,539937478.65,359958319.1,539937478.65,359958319.1,8475783725.379568,11916783725.379568,3441000000.0,1395853723.0,1395853723.0,0.0,True,28229752716.039154,17000000000.0,11229752716.039154,0.6022015201833913,12132677995.174341,4867322004.825657,2575000000.0000005,0.0,14,9464500000.0,9464500000.0,50
gm_then_andrew,baseline,,COMPOSITE,"{""gm_then_andrew"": 0.8509182745319598}",266548625724.76187,226811096680.57956,39737529044.18232,30184611723.270832,86928881200.0683,0.0,81035000946.80548,28662602810.43493,30184611723.270832,86928881200.0683,12456492076.11375,27281036968.06857,30.401582723027143,10.753236011815694,11.32424211199628,32.61276660635687,4.673253160560777,10.234919386243233,81035000946.80548,28662602810.43493,12456492076.11375,37,23,14,Universal P&C Insurance Co.;Florida Family Insurance Co.;First Protective Insurance Co.;Spinnaker Insurance Co.;Cypress P&C Insurance Co.;Florida Peninsula Insurance Co;Tower Hill Insurance Exchange;Kin Interinsurance Network;Unique Insurance Co.;Heritage P&C Insurance Co.;Florida Family Home Ins Co.;US Coastal P&C Insurance Co.;TypTap Insurance Co.;Homeowners Choice P&C Ins Co.;Vault E&S Insurance Co.;Edison Insurance Co.;Safe Harbor Insurance Co.;Spinnaker Specialty Ins Co.;GeoVera Specialty Insurance Co;Florida Farm Bureau Cas Ins Co;Universal North America Ins Co;QBE Specialty Insurance Co.;Auto Club Insurance Co. of FL;American Platinum P&C Ins Co.;Privilege Underwriters Recpl;FL Farm Bureau General Ins Co.;Castle Key Insurance Co.;Homesite Insurance Co.;PURE Specialty Exchange;State Farm FL Ins Co;AIG Property Casualty Co.;Foremost P&C Insurance Co.;ASI Preferred Insurance Corp.;Nationwide P&C Insurance Co.;ACE Ins Co. of the Midwest;Castle Key Indemnity Co.;First Liberty Insurance Corp.,Universal P&C Insurance Co.;Florida Family Insurance Co.;First Protective Insurance Co.;Spinnaker Insurance Co.;Cypress P&C Insurance Co.;Florida Peninsula Insurance Co;Tower Hill Insurance Exchange;Kin Interinsurance Network;Unique Insurance Co.;Heritage P&C Insurance Co.;Florida Family Home Ins Co.;US Coastal P&C Insurance Co.;TypTap Insurance Co.;Homeowners Choice P&C Ins Co.;Vault E&S Insurance Co.;Edison Insurance Co.;Safe Harbor Insurance Co.;Spinnaker Specialty Ins Co.;GeoVera Specialty Insurance Co;Florida Farm Bureau Cas Ins Co;Universal North America Ins Co;QBE Specialty Insurance Co.;American Platinum P&C Ins Co.,10309991550.36066,14,36.189312511589605,5839079736.2443495,99542857.00954147,1,0.9811320754716981,24456402083.345406,300194520.0,22743130555.0734,539937478.65,359958319.1,539937478.65,359958319.1,9015492076.11375,12456492076.11375,3441000000.0,1395853723.0,1395853723.0,0.0,True,27451901740.80169,17000000000.0,10451901740.80169,0.6192649296399362,12261741879.159624,4738258120.840377,2569718435.1340055,0.0,14,9464500000.0,9464500000.0,51
gm_then_andrew,baseline,,COMPOSITE,"{""gm_then_andrew"": 0.8915195626193774}",266548625724.76187,237633314222.93585,28915311501.826023,45510501470.69435,110779249672.15533,0.0,58257361162.9361,23086201917.150078,45510501470.69435,110779249672.15533,9105688054.452383,19809623447.37364,21.856185153658476,8.661159611825909,17.073995916110444,41.560615580342926,3.416145189153936,7.4318985489083165,58257361162.9361,23086201917.150078,9105688054.452383,35,22,13,Universal P&C Insurance Co.;Florida Family Insurance Co.;First Protective Insurance Co.;Cypress P&C Insurance Co.;Florida Peninsula Insurance Co;Tower Hill Insurance Exchange;Kin Interinsurance Network;Unique Insurance Co.;Heritage P&C Insurance Co.;Florida Family Home Ins Co.;US Coastal P&C Insurance Co.;TypTap Insurance Co.;Homeowners Choice P&C Ins Co.;Vault E&S Insurance Co.;Edison Insurance Co.;Safe Harbor Insurance Co.;Spinnaker Specialty Ins Co.;GeoVera Specialty Insurance Co;Florida Farm Bureau Cas Ins Co;Universal North America Ins Co;QBE Specialty Insurance Co.;Auto Club Insurance Co. of FL;American Platinum P&C Ins Co.;FL Farm Bureau General Ins Co.;Castle Key Insurance Co.;Homesite Insurance Co.;PURE Specialty Exchange;State Farm FL Ins Co;AIG Property Casualty Co.;Foremost P&C Insurance Co.;ASI Preferred Insurance Corp.;Nationwide P&C Insurance Co.;ACE Ins Co. of the Midwest;Castle Key Indemnity Co.;First Liberty Insurance Corp.,Universal P&C Insurance Co.;Florida Family Insurance Co.;First Protective Insurance Co.;Cypress P&C Insurance Co.;Florida Peninsula Insurance Co;Tower Hill Insurance Exchange;Kin Interinsurance Network;Unique Insurance Co.;Heritage P&C Insurance Co.;Florida Family Home Ins Co.;US Coastal P&C Insurance Co.;TypTap Insurance Co.;Homeowners Choice P&C Ins Co.;Vault E&S Insurance Co.;Edison Insurance Co.;Safe Harbor Insurance Co.;Spinnaker Specialty Ins Co.;GeoVera Specialty Insurance Co;Florida Farm Bureau Cas Ins Co;Universal North America Ins Co;QBE Specialty Insurance Co.;American Platinum P&C Ins Co.,6835058116.963434,13,35.89838321723671,3748734276.4267097,49262230.228910804,1,0.9811320754716981,14306317558.844528,303407340.0,17678417625.066887,539937478.65,359958319.1,539937478.65,359958319.1,5664688054.452383,9105688054.452383,3441000000.0,1395853723.0,1395853723.0,0.0,True,22043518784.043694,17000000000.0,5043518784.043694,0.7712017380957132,12812257291.054922,4187742708.94508,2278676314.8398595,0.0,14,9464500000.0,9464500000.0,52
gm_then_andrew,baseline,,COMPOSITE,"{""gm_then_andrew"": 0.6688497866063893}",266548625724.76184,178280991436.23334,88267634288.52852,33723774178.380707,78137940952.5815,0.0,52770163182.33772,13649113122.93343,33723774178.380707,78137940952.5815,27482513424.13766,60785120864.390854,19.79757465972764,5.1206841100083205,12.652015776364903,29.31470411453809,10.310506516179194,22.80451482318186,52770163182.33772,13649113122.93343,27482513424.13766,34,21,13,Universal P&C Insurance Co.;Florida Family Insurance Co.;First Protective Insurance Co.;Cypress P&C Insurance Co.;Florida Peninsula Insurance Co;Tower Hill Insurance Exchange;Kin Interinsurance Network;Unique Insurance Co.;Heritage P&C Insurance Co.;Florida Family Home Ins Co.;US Coastal P&C Insurance Co.;TypTap Insurance Co.;Homeowners Choice P&C Ins Co.;Vault E&S Insurance Co.;Edison Insurance Co.;Safe Harbor Insurance Co.;GeoVera Specialty Insurance Co;Florida Farm Bureau Cas Ins Co;Universal North America Ins Co;QBE Specialty Insurance Co.;Auto Club Insurance Co. of FL;American Platinum P&C Ins Co.;FL Farm Bureau General Ins Co.;Castle Key Insurance Co.;Homesite Insurance Co.;PURE Specialty Exchange;State Farm FL Ins Co;AIG Property Casualty Co.;Foremost P&C Insurance Co.;ASI Preferred Insurance Corp.;Nationwide P&C Insurance Co.;ACE Ins Co. of the Midwest;Castle Key Indemnity Co.;First Liberty Insurance Corp.,Universal P&C Insurance Co.;Florida Family Insurance Co.;First Protective Insurance Co.;Cypress P&C Insurance Co.;Florida Peninsula Insurance Co;Tower Hill Insurance Exchange;Kin Interinsurance Network;Unique Insurance Co.;Heritage P&C Insurance Co.;Florida Family Home Ins Co.;US Coastal P&C Insurance Co.;TypTap Insurance Co.;Homeowners Choice P&C Ins Co.;Vault E&S Insurance Co.;Edison Insurance Co.;Safe Harbor Insurance Co.;GeoVera Specialty Insurance Co;Florida Farm Bureau Cas Ins Co;Universal North America Ins Co;QBE Specialty Insurance Co.;American Platinum P&C Ins Co.,6005914172.43673,13,35.80938809441937,3207437660.3421435,36426057.19102887,1,0.9811320754716981,12336365478.122002,304390140.0,7986534697.501873,539937478.65,359958319.1,539937478.65,359958319.1,24041513424.13766,27482513424.13766,3441000000.0,1395853723.0,1395853723.0,0.0,False,15514069376.512613,15514069376.512613,0.0,1.0,10945829567.339813,4568239809.1728,2283108152.6214066,0.0,14,9464500000.0,9464500000.0,53
gm_then_andrew,baseline,,COMPOSITE,"{""gm_then_andrew"": 0.7513643778752476}",266548625724.76184,200275142341.18793,66273483383.57393,46488102509.6849,78993505066.13953,0.0,58790272805.11933,16003261960.244179,46488102509.6849,78993505066.13953,20672625430.581146,45600857952.992775,22.05611551935975,6.003880874167083,17.44075865455353,29.63568273944441,7.755667610129681,17.10789460234555,58790272805.11933,16003261960.244179,20672625430.581146,35,22,13,Universal P&C Insurance Co.;Florida Family Insurance Co.;First Protective Insurance Co.;Cypress P&C Insurance Co.;Florida Peninsula Insurance Co;Tower Hill Insurance Exchange;Kin Interinsurance Network;Unique Insurance Co.;Heritage P&C Insurance Co.;Florida Family Home Ins Co.;US Coastal P&C Insurance Co.;TypTap Insurance Co.;Homeowners Choice P&C Ins Co.;Vault E&S Insurance Co.;Edison Insurance Co.;Safe Harbor Insurance Co.;Spinnaker Specialty Ins Co.;GeoVera Specialty Insurance Co;Florida Farm Bureau Cas Ins Co;Universal North America Ins Co;QBE Specialty Insurance Co.;Auto Club Insurance Co. of FL;American Platinum P&C Ins Co.;FL Farm Bureau General Ins Co.;Castle Key Insurance Co.;Homesite Insurance Co.;PURE Specialty Exchange;State Farm FL Ins Co;AIG Property Casualty Co.;Foremost P&C Insurance Co.;ASI Preferred Insurance Corp.;Nationwide P&C Insurance Co.;ACE Ins Co. of the Midwest;Castle Key Indemnity Co.;First Liberty Insurance Corp.,Universal P&C Insurance Co.;Florida Family Insurance Co.;First Protective Insurance Co.;Cypress P&C Insurance Co.;Florida Peninsula Insurance Co;Tower Hill Insurance Exchange;Kin Interinsurance Network;Unique Insurance Co.;Heritage P&C Insurance Co.;Florida Family Home Ins Co.;US Coastal P&C Insurance Co.;TypTap Insurance Co.;Homeowners Choice P&C Ins Co.;Vault E&S Insurance Co.;Edison Insurance Co.;Safe Harbor Insurance Co.;Spinnaker Specialty Ins Co.;GeoVera Specialty Insurance Co;Florida Farm Bureau Cas Ins Co;Universal North America Ins Co;QBE Specialty Insurance Co.;American Platinum P&C Ins Co.,5417473745.634811,13,35.89838321723671,2976669514.0631914,42315661.55247909,1,0.9811320754716981,13699165076.653893,303407340.0,10894452150.525791,539937478.65,359958319.1,539937478.65,359958319.1,17231625430.581146,20672625430.581146,3441000000.0,1395853723.0,1395853723.0,0.0,True,20191051383.886726,17000000000.0,3191051383.8867264,0.8419571461031834,13017806232.489344,3982193767.510659,2171579183.213047,0.0,14,9464500000.0,9464500000.0,54
gm_then_andrew,baseline,,COMPOSITE,"{""gm_then_andrew"": 0.6521647317076256}",266548625724.76184,173833612982.82562,92715012741.93622,38778065750.51575,84094452675.32405,0.0,37202746221.84761,13758348335.138235,38778065750.51575,84094452675.32405,28859522669.165646,63855490072.77057,13.957208040630894,5.161665455122289,14.548214474967125,31.549385200042263,10.827113661042093,23.956413168195347,37202746221.84761,13758348335.138235,28859522669.165646,29,19,10,Universal P&C Insurance Co.;Florida Family Insurance Co.;First Protective Insurance Co.;Cypress P&C Insurance Co.;Florida Peninsula Insurance Co;Tower Hill Insurance Exchange;Kin Interinsurance Network;Heritage P&C Insurance Co.;Florida Family Home Ins Co.;US Coastal P&C Insurance Co.;TypTap Insurance Co.;Homeowners Choice P&C Ins Co.;Vault E&S Insurance Co.;Edison Insurance Co.;Safe Harbor Insurance Co.;GeoVera Specialty Insurance Co;Florida Farm Bureau Cas Ins Co;Universal North America Ins Co;Auto Club Insurance Co. of FL;American Platinum P&C Ins Co.;FL Farm Bureau General Ins Co.;Castle Key Insurance Co.;Homesite Insurance Co.;State Farm FL Ins Co;AIG Property Casualty Co.;ASI Preferred Insurance Corp.;ACE Ins Co. of the Midwest;Castle Key Indemnity Co.;First Liberty Insurance Corp.,Universal P&C Insurance Co.;Florida Family Insurance Co.;First Protective Insurance Co.;Cypress P&C Insurance Co.;Florida Peninsula Insurance Co;Tower Hill Insurance Exchange;Kin Interinsurance Network;Heritage P&C Insurance Co.;Florida Family Home Ins Co.;US Coastal P&C Insurance Co.;TypTap Insurance Co.;Homeowners Choice P&C Ins Co.;Vault E&S Insurance Co.;Edison Insurance Co.;Safe Harbor Insurance Co.;GeoVera Specialty Insurance Co;Florida Farm Bureau Cas Ins Co;Universal North America Ins Co;American Platinum P&C Ins Co.,2729263195.88073,10,35.41856476294073,1457873769.7151053,16005049.183351874,1,0.9811320754716981,6149461112.045067,308706120.0,8001324113.930195,539937478.65,359958319.1,539937478.65,359958319.1,25418522669.165646,28859522669.165646,3441000000.0,1395853723.0,1395853723.0,0.0,False,16286075196.71592,16286075196.71592,0.0,1.0,11717835387.54312,4568239809.1728,2125000000.0,0.0,13,9464500000.0,9464500000.0,55
gm_then_andrew,baseline,,COMPOSITE,"{""gm_then_andrew"": 0.8066115874645133}",266548625724.7619,215001210132.33466,51547415592.42724,27310141544.2853,95485562188.69046,0.0,69863374620.94423,22342131778.414658,27310141544.2853,95485562188.69046,16113100824.398762,35434314768.02847,26.21036759464862,8.382009743124746,10.245838435680307,35.82294297299767,6.045088689009843,13.293752564538805,69863374620.94423,22342131778.414658,16113100824.398762,36,23,13,Universal P&C Insurance Co.;Florida Family Insurance Co.;First Protective Insurance Co.;Spinnaker Insurance Co.;Cypress P&C Insurance Co.;Florida Peninsula Insurance Co;Tower Hill Insurance Exchange;Kin Interinsurance Network;Unique Insurance Co.;Heritage P&C Insurance Co.;Florida Family Home Ins Co.;US Coastal P&C Insurance Co.;TypTap Insurance Co.;Homeowners Choice P&C Ins Co.;Vault E&S Insurance Co.;Edison Insurance Co.;Safe Harbor Insurance Co.;Spinnaker Specialty Ins Co.;GeoVera Specialty Insurance Co;Florida Farm Bureau Cas Ins Co;Universal North America Ins Co;QBE Specialty Insurance Co.;Auto Club Insurance Co. of FL;American Platinum P&C Ins Co.;FL Farm Bureau General Ins Co.;Castle Key Insurance Co.;Homesite Insurance Co.;PURE Specialty Exchange;State Farm FL Ins Co;AIG Property Casualty Co.;Foremost P&C Insurance Co.;ASI Preferred Insurance Corp.;Nationwide P&C Insurance Co.;ACE Ins Co. of the Midwest;Castle Key Indemnity Co.;First Liberty Insurance Corp.,Universal P&C Insurance Co.;Florida Family Insurance Co.;First Protective Insurance Co.;Spinnaker Insurance Co.;Cypress P&C Insurance Co.;Florida Peninsula Insurance Co;Tower Hill Insurance Exchange;Kin Interinsurance Network;Unique Insurance Co.;Heritage P&C Insurance Co.;Florida Family Home Ins Co.;US Coastal P&C Insurance Co.;TypTap Insurance Co.;Homeowners Choice P&C Ins Co.;Vault E&S Insurance Co.;Edison Insurance Co.;Safe Harbor Insurance Co.;Spinnaker Specialty Ins Co.;GeoVera Specialty Insurance Co;Florida Farm Bureau Cas Ins Co;Universal North America Ins Co;QBE Specialty Insurance Co.;American Platinum P&C Ins Co.,8049474033.124611,13,36.189312511589605,3970877660.2035484,70465680.02677971,1,0.9811320754716981,19167176311.756374,300194520.0,16446047043.663204,539937478.65,359958319.1,539937478.65,359958319.1,12672100824.398762,16113100824.398762,3441000000.0,1395853723.0,1395853723.0,0.0,True,26024238979.001724,17000000000.000002,9024238979.001722,0.6532371614676938,12258913923.596478,4741086076.403523,2575000000.0,0.0,14,9464500000.0,9464500000.0,56
gm_then_andrew,baseline,,COMPOSITE,"{""gm_then_andrew"": 0.8935299057931912}",266548625724.76187,238169168433.15112,28379457291.610752,57092610591.418015,76515724163.26456,0.0,80779323038.05992,23781510640.408604,57092610591.418015,76515724163.26456,8939775436.674553,19439681854.936203,30.305661047178933,8.922015851983943,21.41921026085944,28.706103419296824,3.3539004046135155,7.293109016067342,80779323038.05992,23781510640.408604,8939775436.674553,37,24,13,Universal P&C Insurance Co.;Florida Family Insurance Co.;First Protective Insurance Co.;Spinnaker Insurance Co.;Cypress P&C Insurance Co.;Florida Peninsula Insurance Co;Tower Hill Insurance Exchange;Kin Interinsurance Network;Unique Insurance Co.;Heritage P&C Insurance Co.;Florida Family Home Ins Co.;US Coastal P&C Insurance Co.;TypTap Insurance Co.;Homeowners Choice P&C Ins Co.;Vault E&S Insurance Co.;Edison Insurance Co.;Safe Harbor Insurance Co.;Spinnaker Specialty Ins Co.;GeoVera Specialty Insurance Co;Florida Farm Bureau Cas Ins Co;Universal North America Ins Co;QBE Specialty Insurance Co.;Auto Club Insurance Co. of FL;American Platinum P&C Ins Co.;Privilege Underwriters Recpl;FL Farm Bureau General Ins Co.;Castle Key Insurance Co.;Homesite Insurance Co.;PURE Specialty Exchange;State Farm FL Ins Co;AIG Property Casualty Co.;Foremost P&C Insurance Co.;ASI Preferred Insurance Corp.;Nationwide P&C Insurance Co.;ACE Ins Co. of the Midwest;Castle Key Indemnity Co.;First Liberty Insurance Corp.,Universal P&C Insurance Co.;Florida Family Insurance Co.;First Protective Insurance Co.;Spinnaker Insurance Co.;Cypress P&C Insurance Co.;Florida Peninsula Insurance Co;Tower Hill Insurance Exchange;Kin Interinsurance Network;Unique Insurance Co.;Heritage P&C Insurance Co.;Florida Family Home Ins Co.;US Coastal P&C Insurance Co.;TypTap Insurance Co.;Homeowners Choice P&C Ins Co.;Vault E&S Insurance Co.;Edison Insurance Co.;Safe Harbor Insurance Co.;Spinnaker Specialty Ins Co.;GeoVera Specialty Insurance Co;Florida Farm Bureau Cas Ins Co;Universal North America Ins Co;QBE Specialty Insurance Co.;American Platinum P&C Ins Co.;Privilege Underwriters Recpl,10447263650.707132,14,37.427996398685764,5575370410.188805,116848143.70314255,1,0.9811320754716981,23490839175.12709,286515360.0,17464056438.51874,539937478.65,359958319.1,539937478.65,359958319.1,5498775436.674553,8939775436.674553,3441000000.0,1395853723.0,1395853723.0,0.0,True,29949471176.702877,17000000000.0,12949471176.702877,0.5676227102541956,11813926676.852448,5186073323.147549,2547773999.661804,0.0,14,9464500000.0,9464500000.0,57
gm_then_andrew,baseline,,COMPOSITE,"{""gm_then_andrew"": 0.8419192665356806}",266548625724.76187,224412423466.2852,42136202258.47668,37756149112.886086,93934729009.3303,0.0,70153661698.86389,22567883645.2049,37756149112.886086,93934729009.3303,13199175710.18889,28937026548.28778,26.319273456432885,8.466704183464257,14.164826027605592,35.241122986065335,4.951882859759465,10.85619048667246,70153661698.86389,22567883645.2049,13199175710.18889,37,23,14,Universal P&C Insurance Co.;Florida Family Insurance Co.;First Protective Insurance Co.;Spinnaker Insurance Co.;Cypress P&C Insurance Co.;Florida Peninsula Insurance Co;Tower Hill Insurance Exchange;Kin Interinsurance Network;Unique Insurance Co.;Heritage P&C Insurance Co.;Florida Family Home Ins Co.;US Coastal P&C Insurance Co.;TypTap Insurance Co.;Homeowners Choice P&C Ins Co.;Vault E&S Insurance Co.;Edison Insurance Co.;Safe Harbor Insurance Co.;Spinnaker Specialty Ins Co.;GeoVera Specialty Insurance Co;Florida Farm Bureau Cas Ins Co;Universal North America Ins Co;QBE Specialty Insurance Co.;Auto Club Insurance Co. of FL;American Platinum P&C Ins Co.;FL Farm Bureau General Ins Co.;Castle Key Insurance Co.;Chubb Custom Insurance Co.;Homesite Insurance Co.;PURE Specialty Exchange;State Farm FL Ins Co;AIG Property Casualty Co.;Foremost P&C Insurance Co.;ASI Preferred Insurance Corp.;Nationwide P&C Insurance Co.;ACE Ins Co. of the Midwest;Castle Key Indemnity Co.;First Liberty Insurance Corp.,Universal P&C Insurance Co.;Florida Family Insurance Co.;First Protective Insurance Co.;Spinnaker Insurance Co.;Cypress P&C Insurance Co.;Florida Peninsula Insurance Co;Tower Hill Insurance Exchange;Kin Interinsurance Network;Unique Insurance Co.;Heritage P&C Insurance Co.;Florida Family Home Ins Co.;US Coastal P&C Insurance Co.;TypTap Insurance Co.;Homeowners Choice P&C Ins Co.;Vault E&S Insurance Co.;Edison Insurance Co.;Safe Harbor Insurance Co.;Spinnaker Specialty Ins Co.;GeoVera Specialty Insurance Co;Florida Farm Bureau Cas Ins Co;Universal North America Ins Co;QBE Specialty Insurance Co.;American Platinum P&C Ins Co.,8374703116.288818,14,36.189312511589605,3846184999.648086,61414095.24953079,1,0.9811320754716981,18845683656.23602,300194520.0,17717932404.23245,539937478.65,359958319.1,539937478.65,359958319.1,9758175710.18889,13199175710.18889,3441000000.0,1395853723.0,1395853723.0,0.0,True,22921978864.318054,16999999999.999998,5921978864.318056,0.7416462645144212,13321859504.35908,3678140495.640921,2475106601.8978314,0.0,14,9464500000.0,9464500000.0,58
gm_then_andrew,baseline,,COMPOSITE,"{""gm_then_andrew"": 0.7937806162234705}",266548625724.76187,211581132381.3207,54967493343.44117,17558633891.962975,152866325833.34183,0.0,32234007189.987667,8922165466.028246,17558633891.962975,152866325833.34183,17172034470.635265,37795458872.8059,12.093105752221174,3.3472937411582357,6.587403646978101,57.35025848198955,6.442364661961195,14.179573715691745,32234007189.987667,8922165466.028246,17172034470.635265,28,18,10,Universal P&C Insurance Co.;Florida Family Insurance Co.;First Protective Insurance Co.;Cypress P&C Insurance Co.;Florida Peninsula Insurance Co;Tower Hill Insurance Exchange;Kin Interinsurance Network;Heritage P&C Insurance Co.;Florida Family Home Ins Co.;US Coastal P&C Insurance Co.;TypTap Insurance Co.;Homeowners Choice P&C Ins Co.;Edison Insurance Co.;Safe Harbor Insurance Co.;GeoVera Specialty Insurance Co;Florida Farm Bureau Cas Ins Co;Universal North America Ins Co;Auto Club Insurance Co. of FL;American Platinum P&C Ins Co.;FL Farm Bureau General Ins Co.;Homesite Insurance Co.;State Farm FL Ins Co;AIG Property Casualty Co.;Foremost P&C Insurance Co.;ASI Preferred Insurance Corp.;ACE Ins Co. of the Midwest;Castle Key Indemnity Co.;First Liberty Insurance Corp.,Universal P&C Insurance Co.;Florida Family Insurance Co.;First Protective Insurance Co.;Cypress P&C Insurance Co.;Florida Peninsula Insurance Co;Tower Hill Insurance Exchange;Kin Interinsurance Network;Heritage P&C Insurance Co.;Florida Family Home Ins Co.;US Coastal P&C Insurance Co.;TypTap Insurance Co.;Homeowners Choice P&C Ins Co.;Edison Insurance Co.;Safe Harbor Insurance Co.;GeoVera Specialty Insurance Co;Florida Farm Bureau Cas Ins Co;Universal North America Ins Co;American Platinum P&C Ins Co.,2373768039.358934,10,35.166819401784345,1431432526.7339215,7540249.1735375,1,0.9811320754716981,5183497218.217299,311486220.0,4709329011.239311,539937478.65,359958319.1,539937478.65,359958319.1,13731034470.635265,17172034470.635265,3441000000.0,1395853723.0,1395853723.0,0.0,False,13221199044.021175,13221199044.021175,0.0,1.0,10136012570.322786,3085186473.698388,2125000000.0,0.0,13,9464500000.0,9464500000.0,59
gm_then_andrew,baseline,,COMPOSITE,"{""gm_then_andrew"": 0.7978149013827993}",266548625724.7619,212656465546.32162,53892160178.44026,49796650594.685425,56508910555.79761,0.0,84919354645.25812,21431549750.580452,49796650594.685425,56508910555.79761,16839086931.943825,37053073246.49644,31.858860429070766,8.040390263617667,18.682013632328925,21.20022581326257,6.3174540428251404,13.901055818894914,84919354645.25812,21431549750.580452,16839086931.943825,38,24,14,Universal P&C Insurance Co.;Florida Family Insurance Co.;First Protective Insurance Co.;Spinnaker Insurance Co.;Cypress P&C Insurance Co.;Florida Peninsula Insurance Co;Tower Hill Insurance Exchange;Kin Interinsurance Network;Unique Insurance Co.;Heritage P&C Insurance Co.;Florida Family Home Ins Co.;US Coastal P&C Insurance Co.;TypTap Insurance Co.;Homeowners Choice P&C Ins Co.;Vault E&S Insurance Co.;Edison Insurance Co.;Safe Harbor Insurance Co.;Spinnaker Specialty Ins Co.;GeoVera Specialty Insurance Co;Florida Farm Bureau Cas Ins Co;Universal North America Ins Co;QBE Specialty Insurance Co.;Auto Club Insurance Co. of FL;American Platinum P&C Ins Co.;Privilege Underwriters Recpl;FL Farm Bureau General Ins Co.;Castle Key Insurance Co.;Homesite Insurance Co.;Scottsdale Insurance Co.;PURE Specialty Exchange;State Farm FL Ins Co;AIG Property Casualty Co.;Foremost P&C Insurance Co.;ASI Preferred Insurance Corp.;Nationwide P&C Insurance Co.;ACE Ins Co. of the Midwest;Castle Key Indemnity Co.;First Liberty Insurance Corp.,Universal P&C Insurance Co.;Florida Family Insurance Co.;First Protective Insurance Co.;Spinnaker Insurance Co.;Cypress P&C Insurance Co.;Florida Peninsula Insurance Co;Tower Hill Insurance Exchange;Kin Interinsurance Network;Unique Insurance Co.;Heritage P&C Insurance Co.;Florida Family Home Ins Co.;US Coastal P&C Insurance Co.;TypTap Insurance Co.;Homeowners Choice P&C Ins Co.;Vault E&S Insurance Co.;Edison Insurance Co.;Safe Harbor Insurance Co.;Spinnaker Specialty Ins Co.;GeoVera Specialty Insurance Co;Florida Farm Bureau Cas Ins Co;Universal North America Ins Co;QBE Specialty Insurance Co.;American Platinum P&C Ins Co.;Privilege Underwriters Recpl,10350981671.130964,15,37.427996398685764,5508704088.413091,108909274.75413603,1,0.9811320754716981,25548173159.42049,286515360.0,15531032985.230648,539937478.65,359958319.1,539937478.65,359958319.1,13398086931.943825,16839086931.943825,3441000000.0,1395853723.0,1395853723.0,0.0,True,27664834239.599236,17000000000.000002,10664834239.599234,0.6144985309785926,12202296875.765202,4797703124.234795,2575000000.0,0.0,14,9464500000.0,9464500000.0,60
gm_then_andrew,baseline,,COMPOSITE,"{""gm_then_andrew"": 0.781356128658624}",266548625724.76184,208269402295.57648,58279223429.18538,61730311640.05247,59122532878.91058,0.0,67352876124.92544,20063681651.688004,61730311640.05247,59122532878.91058,18197421222.152412,40081802207.03296,25.2685137437077,7.527212566612805,23.15911833055001,22.18076822499191,6.827054978307437,15.037332155830146,67352876124.92544,20063681651.688004,18197421222.152412,37,23,14,Universal P&C Insurance Co.;Florida Family Insurance Co.;First Protective Insurance Co.;Spinnaker Insurance Co.;Cypress P&C Insurance Co.;Florida Peninsula Insurance Co;Tower Hill Insurance Exchange;Kin Interinsurance Network;Unique Insurance Co.;Heritage P&C Insurance Co.;Florida Family Home Ins Co.;US Coastal P&C Insurance Co.;TypTap Insurance Co.;Homeowners Choice P&C Ins Co.;Vault E&S Insurance Co.;Edison Insurance Co.;Safe Harbor Insurance Co.;Spinnaker Specialty Ins Co.;GeoVera Specialty Insurance Co;Florida Farm Bureau Cas Ins Co;Universal North America Ins Co;QBE Specialty Insurance Co.;Auto Club Insurance Co. of FL;American Platinum P&C Ins Co.;Privilege Underwriters Recpl;FL Farm Bureau General Ins Co.;Castle Key Insurance Co.;Homesite Insurance Co.;PURE Specialty Exchange;State Farm FL Ins Co;AIG Property Casualty Co.;Foremost P&C Insurance Co.;ASI Preferred Insurance Corp.;Nationwide P&C Insurance Co.;ACE Ins Co. of the Midwest;Castle Key Indemnity Co.;First Liberty Insurance Corp.,Universal P&C Insurance Co.;Florida Family Insurance Co.;First Protective Insurance Co.;Spinnaker Insurance Co.;Cypress P&C Insurance Co.;Florida Peninsula Insurance Co;Tower Hill Insurance Exchange;Kin Interinsurance Network;Unique Insurance Co.;Heritage P&C Insurance Co.;Florida Family Home Ins Co.;US Coastal P&C Insurance Co.;TypTap Insurance Co.;Homeowners Choice P&C Ins Co.;Vault E&S Insurance Co.;Edison Insurance Co.;Safe Harbor Insurance Co.;Spinnaker Specialty Ins Co.;GeoVera Specialty Insurance Co;Florida Farm Bureau Cas Ins Co;Universal North America Ins Co;QBE Specialty Insurance Co.;American Platinum P&C Ins Co.,7645778099.406737,14,36.189312511589605,3844900182.9202957,63103832.09726979,1,0.9811320754716981,17741532827.688168,300194520.0,14327246578.346527,539937478.65,359958319.1,539937478.65,359958319.1,14756421222.152412,18197421222.152412,3441000000.0,1395853723.0,1395853723.0,0.0,True,27579146097.49128,17000000000.0,10579146097.49128,0.6164077720138839,12402872368.693909,4597127631.306089,2494961495.387635,0.0,14,9464500000.0,9464500000.0,61
gm_then_andrew,baseline,,COMPOSITE,"{""gm_then_andrew"": 0.7429677162249941}",266548625724.76187,198037023717.6371,68511602007.12478,53251319328.12493,93407139028.2775,0.0,39589134480.09972,11789430881.13492,53251319328.12493,93407139028.2775,21365597721.6479,47146004285.47688,14.852499941597696,4.42299443453469,19.97808811931833,35.0431891270487,8.015647300207812,17.687581077292762,39589134480.09972,11789430881.13492,21365597721.6479,29,18,11,Universal P&C Insurance Co.;Florida Family Insurance Co.;First Protective Insurance Co.;Cypress P&C Insurance Co.;Florida Peninsula Insurance Co;Tower Hill Insurance Exchange;Kin Interinsurance Network;Heritage P&C Insurance Co.;Florida Family Home Ins Co.;US Coastal P&C Insurance Co.;TypTap Insurance Co.;Homeowners Choice P&C Ins Co.;Edison Insurance Co.;Safe Harbor Insurance Co.;GeoVera Specialty Insurance Co;Florida Farm Bureau Cas Ins Co;Universal North America Ins Co;Auto Club Insurance Co. of FL;American Platinum P&C Ins Co.;FL Farm Bureau General Ins Co.;Castle Key Insurance Co.;Homesite Insurance Co.;State Farm FL Ins Co;AIG Property Casualty Co.;Foremost P&C Insurance Co.;ASI Preferred Insurance Corp.;ACE Ins Co. of the Midwest;Castle Key Indemnity Co.;First Liberty Insurance Corp.,Universal P&C Insurance Co.;Florida Family Insurance Co.;First Protective Insurance Co.;Cypress P&C Insurance Co.;Florida Peninsula Insurance Co;Tower Hill Insurance Exchange;Kin Interinsurance Network;Heritage P&C Insurance Co.;Florida Family Home Ins Co.;US Coastal P&C Insurance Co.;TypTap Insurance Co.;Homeowners Choice P&C Ins Co.;Edison Insurance Co.;Safe Harbor Insurance Co.;GeoVera Specialty Insurance Co;Florida Farm Bureau Cas Ins Co;Universal North America Ins Co;American Platinum P&C Ins Co.,2999976301.132866,11,35.166819401784345,1858337904.9604378,17909017.869980805,1,0.9811320754716981,7380355317.596109,311486220.0,5790288401.472874,539937478.65,359958319.1,539937478.65,359958319.1,17924597721.6479,21365597721.6479,3441000000.0,1395853723.0,1395853723.0,0.0,True,21147701307.264942,17000000000.0,4147701307.264942,0.8038698746969691,12119816551.904722,4880183448.095277,2125000000.0,0.0,13,9464500000.0,9464500000.0,62
gm_then_andrew,baseline,,COMPOSITE,"{""gm_then_andrew"": 0.8670170054516009}",266548625724.76187,231102191283.12262,35446434441.63925,52921119744.7559,48919244222.949684,0.0,98538514410.44623,30723312904.97075,52921119744.7559,48919244222.949684,11127871856.15834,24318562585.48091,36.96830705561285,11.526344516476946,19.85420843977723,18.35284053329305,4.174799935997037,9.123499518842863,98538514410.44623,30723312904.97075,11127871856.15834,38,24,14,Universal P&C Insurance Co.;Florida Family Insurance Co.;First Protective Insurance Co.;Spinnaker Insurance Co.;Cypress P&C Insurance Co.;Florida Peninsula Insurance Co;Tower Hill Insurance Exchange;Kin Interinsurance Network;Unique Insurance Co.;Heritage P&C Insurance Co.;Florida Family Home Ins Co.;US Coastal P&C Insurance Co.;TypTap Insurance Co.;Homeowners Choice P&C Ins Co.;Vault E&S Insurance Co.;Edison Insurance Co.;Safe Harbor Insurance Co.;Spinnaker Specialty Ins Co.;GeoVera Specialty Insurance Co;Florida Farm Bureau Cas Ins Co;Universal North America Ins Co;QBE Specialty Insurance Co.;Auto Club Insurance Co. of FL;American Platinum P&C Ins Co.;Privilege Underwriters Recpl;FL Farm Bureau General Ins Co.;Castle Key Insurance Co.;Chubb Custom Insurance Co.;Homesite Insurance Co.;PURE Specialty Exchange;State Farm FL Ins Co;AIG Property Casualty Co.;Foremost P&C Insurance Co.;ASI Preferred Insurance Corp.;Nationwide P&C Insurance Co.;ACE Ins Co. of the Midwest;Castle Key Indemnity Co.;First Liberty Insurance Corp.,Universal P&C Insurance Co.;Florida Family Insurance Co.;First Protective Insurance Co.;Spinnaker Insurance Co.;Cypress P&C Insurance Co.;Florida Peninsula Insurance Co;Tower Hill Insurance Exchange;Kin Interinsurance Network;Unique Insurance Co.;Heritage P&C Insurance Co.;Florida Family Home Ins Co.;US Coastal P&C Insurance Co.;TypTap Insurance Co.;Homeowners Choice P&C Ins Co.;Vault E&S Insurance Co.;Edison Insurance Co.;Safe Harbor Insurance Co.;Spinnaker Specialty Ins Co.;GeoVera Specialty Insurance Co;Florida Farm Bureau Cas Ins Co;Universal North America Ins Co;QBE Specialty Insurance Co.;American Platinum P&C Ins Co.;Castle Key Indemnity Co.,13417295595.165012,15,37.927433985368395,8185198636.527681,115410871.67046747,1,0.9811320754716981,33068680409.11747,280999920.0,24471641455.820435,539937478.65,359958319.1,539937478.65,359958319.1,7686871856.15834,11127871856.15834,3441000000.0,1395853723.0,1395853723.0,0.0,True,29748028841.93082,16999999999.999998,12748028841.930822,0.5714664353168147,11896983195.820286,5103016804.179713,2575000000.0,0.0,14,9464500000.0,9464500000.0,63
gm_then_andrew,baseline,,COMPOSITE,"{""gm_then_andrew"": 0.6930773381492258}",266548625724.76184,184738812004.65222,81809813720.10963,42166720922.09651,53122179664.92591,0.0,71042454878.9765,18407456538.653297,42166720922.09651,53122179664.92591,25483025699.266617,56326788020.84302,26.652718499601253,6.9058531022631655,15.819522913480663,19.929639299577513,9.56036656725456,21.131899617822857,71042454878.9765,18407456538.653297,25483025699.266617,36,23,13,Universal P&C Insurance Co.;Florida Family Insurance Co.;First Protective Insurance Co.;Spinnaker Insurance Co.;Cypress P&C Insurance Co.;Florida Peninsula Insurance Co;Tower Hill Insurance Exchange;Kin Interinsurance Network;Unique Insurance Co.;Heritage P&C Insurance Co.;Florida Family Home Ins Co.;US Coastal P&C Insurance Co.;TypTap Insurance Co.;Homeowners Choice P&C Ins Co.;Vault E&S Insurance Co.;Edison Insurance Co.;Safe Harbor Insurance Co.;Spinnaker Specialty Ins Co.;GeoVera Specialty Insurance Co;Florida Farm Bureau Cas Ins Co;Universal North America Ins Co;QBE Specialty Insurance Co.;Auto Club Insurance Co. of FL;American Platinum P&C Ins Co.;FL Farm Bureau General Ins Co.;Castle Key Insurance Co.;Homesite Insurance Co.;PURE Specialty Exchange;State Farm FL Ins Co;AIG Property Casualty Co.;Foremost P&C Insurance Co.;ASI Preferred Insurance Corp.;Nationwide P&C Insurance Co.;ACE Ins Co. of the Midwest;Castle Key Indemnity Co.;First Liberty Insurance Corp.,Universal P&C Insurance Co.;Florida Family Insurance Co.;First Protective Insurance Co.;Spinnaker Insurance Co.;Cypress P&C Insurance Co.;Florida Peninsula Insurance Co;Tower Hill Insurance Exchange;Kin Interinsurance Network;Unique Insurance Co.;Heritage P&C Insurance Co.;Florida Family Home Ins Co.;US Coastal P&C Insurance Co.;TypTap Insurance Co.;Homeowners Choice P&C Ins Co.;Vault E&S Insurance Co.;Edison Insurance Co.;Safe Harbor Insurance Co.;Spinnaker Specialty Ins Co.;GeoVera Specialty Insurance Co;Florida Farm Bureau Cas Ins Co;Universal North America Ins Co;QBE Specialty Insurance Co.;American Platinum P&C Ins Co.,8415885980.629816,13,36.189312511589605,5104359230.619696,71460760.33720276,1,0.9811320754716981,20671903587.94352,300194520.0,12050417493.693422,539937478.65,359958319.1,539937478.65,359958319.1,22042025699.266617,25483025699.266617,3441000000.0,1395853723.0,1395853723.0,0.0,True,29532300593.705067,17000000000.0,12532300593.705067,0.575640896856631,11740668678.383211,5259331321.616791,2572023305.905013,0.0,14,9464500000.0,9464500000.0,64
gm_then_andrew,baseline,,COMPOSITE,"{""gm_then_andrew"": 0.6395447221124206}",266548625724.76187,170469766768.59048,96078858956.17139,12890667422.667402,108306508622.06029,0.0,37727628036.70277,11544962687.160027,12890667422.667402,108306508622.06029,29901045756.166485,66177813200.004906,14.154125887582072,4.331278263306957,4.836141018404014,40.63292704194904,11.217857782933125,24.8276700058248,37727628036.70277,11544962687.160027,29901045756.166485,28,18,10,Universal P&C Insurance Co.;Florida Family Insurance Co.;First Protective Insurance Co.;Cypress P&C Insurance Co.;Florida Peninsula Insurance Co;Tower Hill Insurance Exchange;Kin Interinsurance Network;Heritage P&C Insurance Co.;Florida Family Home Ins Co.;US Coastal P&C Insurance Co.;TypTap Insurance Co.;Homeowners Choice P&C Ins Co.;Edison Insurance Co.;Safe Harbor Insurance Co.;GeoVera Specialty Insurance Co;Florida Farm Bureau Cas Ins Co;Universal North America Ins Co;Auto Club Insurance Co. of FL;American Platinum P&C Ins Co.;FL Farm Bureau General Ins Co.;Castle Key Insurance Co.;Homesite Insurance Co.;State Farm FL Ins Co;AIG Property Casualty Co.;ASI Preferred Insurance Corp.;ACE Ins Co. of the Midwest;Castle Key Indemnity Co.;First Liberty Insurance Corp.,Universal P&C Insurance Co.;Florida Family Insurance Co.;First Protective Insurance Co.;Cypress P&C Insurance Co.;Florida Peninsula Insurance Co;Tower Hill Insurance Exchange;Kin Interinsurance Network;Heritage P&C Insurance Co.;Florida Family Home Ins Co.;US Coastal P&C Insurance Co.;TypTap Insurance Co.;Homeowners Choice P&C Ins Co.;Edison Insurance Co.;Safe Harbor Insurance Co.;GeoVera Specialty Insurance Co;Florida Farm Bureau Cas Ins Co;Universal North America Ins Co;American Platinum P&C Ins Co.,3136726538.8248343,10,35.166819401784345,1974189798.1725683,15644037.095212579,1,0.9811320754716981,6716646492.303477,311486220.0,5853498163.787571,539937478.65,359958319.1,539937478.65,359958319.1,26460045756.166485,29901045756.166485,3441000000.0,1395853723.0,1395853723.0,0.0,False,15221344436.99743,15221344436.99743,0.0,1.0,10653104627.82463,4568239809.1728,2125000000.0,0.0,13,9464500000.0,9464500000.0,65
gm_then_andrew,baseline,,COMPOSITE,"{""gm_then_andrew"": 0.7986506515759634}",266548625724.76184,212879233611.7587,53669392113.00316,33638589000.904858,69465150800.49904,0.0,86140952503.32393,23634541307.03087,33638589000.904858,69465150800.49904,16770112886.038458,36899279226.96471,32.31716249487367,8.866877944978002,12.620057188229538,26.060967529515146,6.291577321188398,13.84335752121525,86140952503.32393,23634541307.03087,16770112886.038458,37,23,14,Universal P&C Insurance Co.;Florida Family Insurance Co.;First Protective Insurance Co.;Spinnaker Insurance Co.;Cypress P&C Insurance Co.;Florida Peninsula Insurance Co;Tower Hill Insurance Exchange;Kin Interinsurance Network;Unique Insurance Co.;Heritage P&C Insurance Co.;Florida Family Home Ins Co.;US Coastal P&C Insurance Co.;TypTap Insurance Co.;Homeowners Choice P&C Ins Co.;Vault E&S Insurance Co.;Edison Insurance Co.;Safe Harbor Insurance Co.;Spinnaker Specialty Ins Co.;GeoVera Specialty Insurance Co;Florida Farm Bureau Cas Ins Co;Universal North America Ins Co;QBE Specialty Insurance Co.;Auto Club Insurance Co. of FL;American Platinum P&C Ins Co.;Privilege Underwriters Recpl;FL Farm Bureau General Ins Co.;Castle Key Insurance Co.;Homesite Insurance Co.;PURE Specialty Exchange;State Farm FL Ins Co;AIG Property Casualty Co.;Foremost P&C Insurance Co.;ASI Preferred Insurance Corp.;Nationwide P&C Insurance Co.;ACE Ins Co. of the Midwest;Castle Key Indemnity Co.;First Liberty Insurance Corp.,Universal P&C Insurance Co.;Florida Family Insurance Co.;First Protective Insurance Co.;Spinnaker Insurance Co.;Cypress P&C Insurance Co.;Florida Peninsula Insurance Co;Tower Hill Insurance Exchange;Kin Interinsurance Network;Unique Insurance Co.;Heritage P&C Insurance Co.;Florida Family Home Ins Co.;US Coastal P&C Insurance Co.;TypTap Insurance Co.;Homeowners Choice P&C Ins Co.;Vault E&S Insurance Co.;Edison Insurance Co.;Safe Harbor Insurance Co.;Spinnaker Specialty Ins Co.;GeoVera Specialty Insurance Co;Florida Farm Bureau Cas Ins Co;Universal North America Ins Co;QBE Specialty Insurance Co.;American Platinum P&C Ins Co.,12197162487.692755,14,36.189312511589605,5654954512.750901,120462769.08832952,1,0.9811320754716981,25161983501.639847,300194520.0,17721771132.230125,539937478.65,359958319.1,539937478.65,359958319.1,13329112886.038458,16770112886.038458,3441000000.0,1395853723.0,1395853723.0,0.0,True,29491300933.045887,17000000000.0,12491300933.045887,0.5764411695026648,12208508702.323444,4791491297.676559,2584375655.1143365,0.0,15,9464500000.0,9464500000.0,66
gm_then_andrew,baseline,,COMPOSITE,"{""gm_then_andrew"": 0.6390378699056607}",266548625724.76184,170334666009.433,96213959715.32881,10584850819.68588,89073533910.07669,0.0,53471443884.67349,17204837394.99699,10584850819.68588,89073533910.07669,29942876015.569653,66271083699.75918,20.06067138379776,6.454671206132089,3.971076868584496,33.41736753205174,11.23355107690132,24.862661932532607,53471443884.67349,17204837394.99699,29942876015.569653,34,21,13,Universal P&C Insurance Co.;Florida Family Insurance Co.;First Protective Insurance Co.;Cypress P&C Insurance Co.;Florida Peninsula Insurance Co;Tower Hill Insurance Exchange;Kin Interinsurance Network;Unique Insurance Co.;Heritage P&C Insurance Co.;Florida Family Home Ins Co.;US Coastal P&C Insurance Co.;TypTap Insurance Co.;Homeowners Choice P&C Ins Co.;Vault E&S Insurance Co.;Edison Insurance Co.;Safe Harbor Insurance Co.;Spinnaker Specialty Ins Co.;GeoVera Specialty Insurance Co;Florida Farm Bureau Cas Ins Co;Universal North America Ins Co;Auto Club Insurance Co. of FL;American Platinum P&C Ins Co.;FL Farm Bureau General Ins Co.;Castle Key Insurance Co.;Homesite Insurance Co.;PURE Specialty Exchange;State Farm FL Ins Co;AIG Property Casualty Co.;Foremost P&C Insurance Co.;ASI Preferred Insurance Corp.;Nationwide P&C Insurance Co.;ACE Ins Co. of the Midwest;Castle Key Indemnity Co.;First Liberty Insurance Corp.,Universal P&C Insurance Co.;Florida Family Insurance Co.;First Protective Insurance Co.;Cypress P&C Insurance Co.;Florida Peninsula Insurance Co;Tower Hill Insurance Exchange;Kin Interinsurance Network;Unique Insurance Co.;Heritage P&C Insurance Co.;Florida Family Home Ins Co.;US Coastal P&C Insurance Co.;TypTap Insurance Co.;Homeowners Choice P&C Ins Co.;Vault E&S Insurance Co.;Edison Insurance Co.;Safe Harbor Insurance Co.;Spinnaker Specialty Ins Co.;GeoVera Specialty Insurance Co;Florida Farm Bureau Cas Ins Co;Universal North America Ins Co;American Platinum P&C Ins Co.,5907786330.38036,13,35.60316172831571,3103933760.408154,38989574.15201744,1,0.9811320754716981,11874694789.740377,306667560.0,11481144177.9025,539937478.65,359958319.1,539937478.65,359958319.1,26501876015.569653,29942876015.569653,3441000000.0,1395853723.0,1395853723.0,0.0,False,16778878814.156984,16778878814.156984,0.0,1.0,12210639004.984184,4568239809.1728,2287978107.0209465,0.0,14,9464500000.0,9464500000.0,67
gm_then_andrew,baseline,,COMPOSITE,"{""gm_then_andrew"": 0.8010975107462335}",266548625724.76187,213531440560.93622,53017185163.825645,29585712229.439255,109672711745.8652,0.0,56783090687.14563,17489925898.486115,29585712229.439255,109672711745.8652,16568174821.154236,36449010342.67142,21.30308889522464,6.561626739184997,11.099555343417702,41.145480096796014,6.21581701128804,13.674431914088602,56783090687.14563,17489925898.486115,16568174821.154236,34,22,12,Universal P&C Insurance Co.;Florida Family Insurance Co.;First Protective Insurance Co.;Cypress P&C Insurance Co.;Florida Peninsula Insurance Co;Tower Hill Insurance Exchange;Kin Interinsurance Network;Unique Insurance Co.;Heritage P&C Insurance Co.;Florida Family Home Ins Co.;US Coastal P&C Insurance Co.;TypTap Insurance Co.;Homeowners Choice P&C Ins Co.;Vault E&S Insurance Co.;Edison Insurance Co.;Safe Harbor Insurance Co.;Spinnaker Specialty Ins Co.;GeoVera Specialty Insurance Co;Florida Farm Bureau Cas Ins Co;Universal North America Ins Co;QBE Specialty Insurance Co.;Auto Club Insurance Co. of FL;American Platinum P&C Ins Co.;FL Farm Bureau General Ins Co.;Castle Key Insurance Co.;Homesite Insurance Co.;State Farm FL Ins Co;AIG Property Casualty Co.;Foremost P&C Insurance Co.;ASI Preferred Insurance Corp.;Nationwide P&C Insurance Co.;ACE Ins Co. of the Midwest;Castle Key Indemnity Co.;First Liberty Insurance Corp.,Universal P&C Insurance Co.;Florida Family Insurance Co.;First Protective Insurance Co.;Cypress P&C Insurance Co.;Florida Peninsula Insurance Co;Tower Hill Insurance Exchange;Kin Interinsurance Network;Unique Insurance Co.;Heritage P&C Insurance Co.;Florida Family Home Ins Co.;US Coastal P&C Insurance Co.;TypTap Insurance Co.;Homeowners Choice P&C Ins Co.;Vault E&S Insurance Co.;Edison Insurance Co.;Safe Harbor Insurance Co.;Spinnaker Specialty Ins Co.;GeoVera Specialty Insurance Co;Florida Farm Bureau Cas Ins Co;Universal North America Ins Co;QBE Specialty Insurance Co.;American Platinum P&C Ins Co.,5623348362.411016,12,35.89838321723671,3444145608.760105,47132666.25175996,1,0.9811320754716981,13463042560.874979,303407340.0,12439317574.205221,539937478.65,359958319.1,539937478.65,359958319.1,13127174821.154236,16568174821.154236,3441000000.0,1395853723.0,1395853723.0,0.0,True,21710699531.794846,17000000000.0,4710699531.794846,0.7830240557244077,13108079960.221222,3891920039.7787743,2301049925.751011,0.0,14,9464500000.0,9464500000.0,68
gm_then_andrew,baseline,,COMPOSITE,"{""gm_then_andrew"": 0.8800071143696176}",266548625724.76184,234564686963.23492,31983938761.52692,46909796626.79132,128969982929.86517,0.0,45924105050.791985,12760802355.786469,46909796626.79132,128969982929.86517,10055804656.945541,21928134104.581375,17.22916594520852,4.787420051815714,17.598963978613938,48.38516146132361,3.7725966996090112,8.226691863429215,45924105050.791985,12760802355.786469,10055804656.945541,30,18,12,Universal P&C Insurance Co.;Florida Family Insurance Co.;First Protective Insurance Co.;Cypress P&C Insurance Co.;Florida Peninsula Insurance Co;Tower Hill Insurance Exchange;Kin Interinsurance Network;Heritage P&C Insurance Co.;Florida Family Home Ins Co.;US Coastal P&C Insurance Co.;TypTap Insurance Co.;Homeowners Choice P&C Ins Co.;Edison Insurance Co.;Safe Harbor Insurance Co.;GeoVera Specialty Insurance Co;Florida Farm Bureau Cas Ins Co;Universal North America Ins Co;Auto Club Insurance Co. of FL;American Platinum P&C Ins Co.;FL Farm Bureau General Ins Co.;Castle Key Insurance Co.;Homesite Insurance Co.;State Farm FL Ins Co;AIG Property Casualty Co.;Foremost P&C Insurance Co.;ASI Preferred Insurance Corp.;Nationwide P&C Insurance Co.;ACE Ins Co. of the Midwest;Castle Key Indemnity Co.;First Liberty Insurance Corp.,Universal P&C Insurance Co.;Florida Family Insurance Co.;First Protective Insurance Co.;Cypress P&C Insurance Co.;Florida Peninsula Insurance Co;Tower Hill Insurance Exchange;Kin Interinsurance Network;Heritage P&C Insurance Co.;Florida Family Home Ins Co.;US Coastal P&C Insurance Co.;TypTap Insurance Co.;Homeowners Choice P&C Ins Co.;Edison Insurance Co.;Safe Harbor Insurance Co.;GeoVera Specialty Insurance Co;Florida Farm Bureau Cas Ins Co;Universal North America Ins Co;American Platinum P&C Ins Co.,4618535501.094042,12,35.166819401784345,2693363891.8253965,27558496.110558845,1,0.9811320754716981,9708659930.406216,311486220.0,7166999898.131623,539937478.65,359958319.1,539937478.65,359958319.1,6614804656.945541,10055804656.945541,3441000000.0,1395853723.0,1395853723.0,0.0,True,17345272061.96943,17000000000.0,345272061.969429,0.9800941685586784,12522694802.45213,4477305197.547871,2125000000.0000002,0.0,13,9464500000.0,9464500000.0,69
gm_then_andrew,baseline,,COMPOSITE,"{""gm_then_andrew"": 0.7894821917856454}",266548625724.7619,210435393254.63672,56113232470.125175,60492696896.054016,106649138243.97054,0.0,34548942907.711845,8744615206.900318,60492696896.054016,106649138243.97054,17526781292.018387,38586451178.10679,12.961591084467672,3.2806829084648923,22.694807272620785,40.011137913011204,6.575453632282667,14.47632718915278,34548942907.711845,8744615206.900318,17526781292.018387,27,17,10,Universal P&C Insurance Co.;Florida Family Insurance Co.;First Protective Insurance Co.;Cypress P&C Insurance Co.;Florida Peninsula Insurance Co;Tower Hill Insurance Exchange;Kin Interinsurance Network;Heritage P&C Insurance Co.;Florida Family Home Ins Co.;US Coastal P&C Insurance Co.;TypTap Insurance Co.;Homeowners Choice P&C Ins Co.;Edison Insurance Co.;Safe Harbor Insurance Co.;GeoVera Specialty Insurance Co;Universal North America Ins Co;Auto Club Insurance Co. of FL;American Platinum P&C Ins Co.;FL Farm Bureau General Ins Co.;Homesite Insurance Co.;State Farm FL Ins Co;AIG Property Casualty Co.;Foremost P&C Insurance Co.;ASI Preferred Insurance Corp.;ACE Ins Co. of the Midwest;Castle Key Indemnity Co.;First Liberty Insurance Corp.,Universal P&C Insurance Co.;Florida Family Insurance Co.;First Protective Insurance Co.;Cypress P&C Insurance Co.;Florida Peninsula Insurance Co;Tower Hill Insurance Exchange;Kin Interinsurance Network;Heritage P&C Insurance Co.;Florida Family Home Ins Co.;US Coastal P&C Insurance Co.;TypTap Insurance Co.;Homeowners Choice P&C Ins Co.;Edison Insurance Co.;Safe Harbor Insurance Co.;GeoVera Specialty Insurance Co;Universal North America Ins Co;American Platinum P&C Ins Co.,2421149897.844729,10,34.45361965929429,1731482241.910447,8388722.136769623,1,0.9811320754716981,6222626977.76318,319362300.0,4486708348.417594,539937478.65,359958319.1,539937478.65,359958319.1,14085781292.018387,17526781292.018387,3441000000.0,1395853723.0,1395853723.0,0.0,False,13596289783.588993,13596289783.588993,0.0,1.0,10443520217.82821,3152769565.7607813,2124999999.9999998,0.0,13,9464500000.0,9464500000.0,70
gm_then_andrew,baseline,,COMPOSITE,"{""gm_then_andrew"": 0.7039592684911667}",266548625724.76184,187639375582.52917,78909250142.23267,47759081149.78511,93011363773.57288,0.0,39357582934.88197,7511347724.289234,47759081149.78511,93011363773.57288,24584945424.702263,54324304717.53041,14.765629658703483,2.81800279549948,17.917586714215943,34.89470768069779,9.223437321372154,20.38063582951116,39357582934.88197,7511347724.289234,24584945424.702263,29,18,11,Universal P&C Insurance Co.;Florida Family Insurance Co.;First Protective Insurance Co.;Cypress P&C Insurance Co.;Florida Peninsula Insurance Co;Tower Hill Insurance Exchange;Kin Interinsurance Network;Heritage P&C Insurance Co.;Florida Family Home Ins Co.;US Coastal P&C Insurance Co.;TypTap Insurance Co.;Homeowners Choice P&C Ins Co.;Edison Insurance Co.;Safe Harbor Insurance Co.;GeoVera Specialty Insurance Co;Florida Farm Bureau Cas Ins Co;Universal North America Ins Co;Auto Club Insurance Co. of FL;American Platinum P&C Ins Co.;FL Farm Bureau General Ins Co.;Castle Key Insurance Co.;Homesite Insurance Co.;State Farm FL Ins Co;AIG Property Casualty Co.;Foremost P&C Insurance Co.;ASI Preferred Insurance Corp.;ACE Ins Co. of the Midwest;Castle Key Indemnity Co.;First Liberty Insurance Corp.,Universal P&C Insurance Co.;Florida Family Insurance Co.;First Protective Insurance Co.;Cypress P&C Insurance Co.;Florida Peninsula Insurance Co;Tower Hill Insurance Exchange;Kin Interinsurance Network;Heritage P&C Insurance Co.;Florida Family Home Ins Co.;US Coastal P&C Insurance Co.;TypTap Insurance Co.;Homeowners Choice P&C Ins Co.;Edison Insurance Co.;Safe Harbor Insurance Co.;GeoVera Specialty Insurance Co;Florida Farm Bureau Cas Ins Co;Universal North America Ins Co;American Platinum P&C Ins Co.,2940807415.000934,11,35.166819401784345,1996581785.0755997,11129345.02919592,1,0.9811320754716981,6498385649.012478,311486220.0,4596254231.968496,539937478.65,359958319.1,539937478.65,359958319.1,21143945424.702263,24584945424.702263,3441000000.0,1395853723.0,1395853723.0,0.0,False,14944447254.914734,14944447254.914734,0.0,1.0,13123538644.219687,1820908610.6950476,2125000000.0,0.0,13,9464500000.0,9464500000.0,71
gm_then_andrew,baseline,,COMPOSITE,"{""gm_then_andrew"": 0.8052299534993672}",266548625724.76187,214632937497.6703,51915688227.09159,46473581374.978294,85022892042.50172,0.0,64862973642.706314,18273490437.48396,46473581374.978294,85022892042.50172,16227126385.285095,35688561841.806496,24.33438681829252,6.8555935667637495,17.43531081753425,31.89770414734622,6.087867210405815,13.389137439657448,64862973642.706314,18273490437.48396,16227126385.285095,36,22,14,Universal P&C Insurance Co.;Florida Family Insurance Co.;First Protective Insurance Co.;Cypress P&C Insurance Co.;Florida Peninsula Insurance Co;Tower Hill Insurance Exchange;Kin Interinsurance Network;Unique Insurance Co.;Heritage P&C Insurance Co.;Florida Family Home Ins Co.;US Coastal P&C Insurance Co.;TypTap Insurance Co.;Homeowners Choice P&C Ins Co.;Vault E&S Insurance Co.;Edison Insurance Co.;Safe Harbor Insurance Co.;Spinnaker Specialty Ins Co.;GeoVera Specialty Insurance Co;Florida Farm Bureau Cas Ins Co;Universal North America Ins Co;QBE Specialty Insurance Co.;Auto Club Insurance Co. of FL;American Platinum P&C Ins Co.;Privilege Underwriters Recpl;FL Farm Bureau General Ins Co.;Castle Key Insurance Co.;Homesite Insurance Co.;PURE Specialty Exchange;State Farm FL Ins Co;AIG Property Casualty Co.;Foremost P&C Insurance Co.;ASI Preferred Insurance Corp.;Nationwide P&C Insurance Co.;ACE Ins Co. of the Midwest;Castle Key Indemnity Co.;First Liberty Insurance Corp.,Universal P&C Insurance Co.;Florida Family Insurance Co.;First Protective Insurance Co.;Cypress P&C Insurance Co.;Florida Peninsula Insurance Co;Tower Hill Insurance Exchange;Kin Interinsurance Network;Unique Insurance Co.;Heritage P&C Insurance Co.;Florida Family Home Ins Co.;US Coastal P&C Insurance Co.;TypTap Insurance Co.;Homeowners Choice P&C Ins Co.;Vault E&S Insurance Co.;Edison Insurance Co.;Safe Harbor Insurance Co.;Spinnaker Specialty Ins Co.;GeoVera Specialty Insurance Co;Florida Farm Bureau Cas Ins Co;Universal North America Ins Co;QBE Specialty Insurance Co.;American Platinum P&C Ins Co.,7911425836.642767,14,35.89838321723671,3660222761.741178,64190844.909245685,1,0.9811320754716981,17504353940.254116,303407340.0,12705090080.143608,539937478.65,359958319.1,539937478.65,359958319.1,12786126385.285095,16227126385.285095,3441000000.0,1395853723.0,1395853723.0,0.0,True,24244485153.354774,17000000000.0,7244485153.354774,0.7011903899987608,12559477619.250631,4440522380.749363,2411422122.5207596,0.0,14,9464500000.0,9464500000.0,72
gm_then_andrew,baseline,,COMPOSITE,"{""gm_then_andrew"": 0.8273791402584624}",266548625724.76187,220536772789.2282,46011852935.53367,21811829711.11067,108053252468.09412,0.0,71554198623.06555,19117491986.957867,21811829711.11067,108053252468.09412,14399165067.675938,31612687867.85774,26.844707388194312,7.172234309959862,8.1830584013716,40.53791392632049,5.402078149352199,11.860007824801544,71554198623.06555,19117491986.957867,14399165067.675938,38,23,15,Universal P&C Insurance Co.;Florida Family Insurance Co.;First Protective Insurance Co.;Spinnaker Insurance Co.;Cypress P&C Insurance Co.;Florida Peninsula Insurance Co;Tower Hill Insurance Exchange;Kin Interinsurance Network;Unique Insurance Co.;Heritage P&C Insurance Co.;Florida Family Home Ins Co.;US Coastal P&C Insurance Co.;TypTap Insurance Co.;Homeowners Choice P&C Ins Co.;Vault E&S Insurance Co.;Edison Insurance Co.;Safe Harbor Insurance Co.;Spinnaker Specialty Ins Co.;GeoVera Specialty Insurance Co;Florida Farm Bureau Cas Ins Co;Universal North America Ins Co;QBE Specialty Insurance Co.;Auto Club Insurance Co. of FL;American Platinum P&C Ins Co.;Privilege Underwriters Recpl;FL Farm Bureau General Ins Co.;Castle Key Insurance Co.;Chubb Custom Insurance Co.;Homesite Insurance Co.;PURE Specialty Exchange;State Farm FL Ins Co;AIG Property Casualty Co.;Foremost P&C Insurance Co.;ASI Preferred Insurance Corp.;Nationwide P&C Insurance Co.;ACE Ins Co. of the Midwest;Castle Key Indemnity Co.;First Liberty Insurance Corp.,Universal P&C Insurance Co.;Florida Family Insurance Co.;First Protective Insurance Co.;Spinnaker Insurance Co.;Cypress P&C Insurance Co.;Florida Peninsula Insurance Co;Tower Hill Insurance Exchange;Kin Interinsurance Network;Unique Insurance Co.;Heritage P&C Insurance Co.;Florida Family Home Ins Co.;US Coastal P&C Insurance Co.;TypTap Insurance Co.;Homeowners Choice P&C Ins Co.;Vault E&S Insurance Co.;Edison Insurance Co.;Safe Harbor Insurance Co.;Spinnaker Specialty Ins Co.;GeoVera Specialty Insurance Co;Florida Farm Bureau Cas Ins Co;Universal North America Ins Co;QBE Specialty Insurance Co.;American Platinum P&C Ins Co.,9393177131.977547,15,36.189312511589605,4766599524.428898,52491260.20542915,1,0.9811320754716981,19020334587.756844,300194520.0,13446938675.437881,539937478.65,359958319.1,539937478.65,359958319.1,10958165067.675938,14399165067.675938,3441000000.0,1395853723.0,1395853723.0,0.0,True,27240404183.940044,17000000000.000002,10240404183.940042,0.6240729720898409,12444796954.7653,4555203045.234701,2572875554.8978653,0.0,14,9464500000.0,9464500000.0,73
gm_then_andrew,baseline,,COMPOSITE,"{""gm_then_andrew"": 0.7126858997854592}",266548625724.76184,189965447161.22952,76583178563.53232,27653538897.007133,64561340419.67899,0.0,74187543730.68849,23563024113.854916,27653538897.007133,64561340419.67899,23864740903.764095,52718437659.76824,27.83264911944981,8.840047120777918,10.374669470463594,24.22122426785462,8.95324102267435,19.778168998779723,74187543730.68849,23563024113.854916,23864740903.764095,37,23,14,Universal P&C Insurance Co.;Florida Family Insurance Co.;First Protective Insurance Co.;Spinnaker Insurance Co.;Cypress P&C Insurance Co.;Florida Peninsula Insurance Co;Tower Hill Insurance Exchange;Kin Interinsurance Network;Unique Insurance Co.;Heritage P&C Insurance Co.;Florida Family Home Ins Co.;US Coastal P&C Insurance Co.;TypTap Insurance Co.;Homeowners Choice P&C Ins Co.;Vault E&S Insurance Co.;Edison Insurance Co.;Safe Harbor Insurance Co.;Spinnaker Specialty Ins Co.;GeoVera Specialty Insurance Co;Florida Farm Bureau Cas Ins Co;Universal North America Ins Co;QBE Specialty Insurance Co.;Auto Club Insurance Co. of FL;American Platinum P&C Ins Co.;FL Farm Bureau General Ins Co.;Castle Key Insurance Co.;Chubb Custom Insurance Co.;Homesite Insurance Co.;PURE Specialty Exchange;State Farm FL Ins Co;AIG Property Casualty Co.;Foremost P&C Insurance Co.;ASI Preferred Insurance Corp.;Nationwide P&C Insurance Co.;ACE Ins Co. of the Midwest;Castle Key Indemnity Co.;First Liberty Insurance Corp.,Universal P&C Insurance Co.;Florida Family Insurance Co.;First Protective Insurance Co.;Spinnaker Insurance Co.;Cypress P&C Insurance Co.;Florida Peninsula Insurance Co;Tower Hill Insurance Exchange;Kin Interinsurance Network;Unique Insurance Co.;Heritage P&C Insurance Co.;Florida Family Home Ins Co.;US Coastal P&C Insurance Co.;TypTap Insurance Co.;Homeowners Choice P&C Ins Co.;Vault E&S Insurance Co.;Edison Insurance Co.;Safe Harbor Insurance Co.;Spinnaker Specialty Ins Co.;GeoVera Specialty Insurance Co;Florida Farm Bureau Cas Ins Co;Universal North America Ins Co;QBE Specialty Insurance Co.;American Platinum P&C Ins Co.,9479530024.76547,14,36.189312511589605,4753790142.342685,73589565.45683567,1,0.9811320754716981,20381132756.96251,300194520.0,18449598229.793835,539937478.65,359958319.1,539937478.65,359958319.1,20423740903.764095,23864740903.764095,3441000000.0,1395853723.0,1395853723.0,0.0,True,22641406934.674778,17000000000.0,5641406934.674778,0.7508367324101624,13051230121.414051,3948769878.5859504,2179698563.856818,0.0,14,9464500000.0,9464500000.0,74
gm_then_andrew,baseline,,COMPOSITE,"{""gm_then_andrew"": 0.7997835796947829}",266548625724.76187,213181214044.87497,53367411679.886894,69684980119.28818,78214066794.10657,0.0,48931993294.593,16350173836.88721,69684980119.28818,78214066794.10657,16676612894.397305,36690798785.489586,18.357623552379586,6.134030439072832,26.14344003080507,29.343263947220805,6.256499296911618,13.76514273361008,48931993294.593,16350173836.88721,16676612894.397305,33,20,13,Universal P&C Insurance Co.;Florida Family Insurance Co.;First Protective Insurance Co.;Cypress P&C Insurance Co.;Florida Peninsula Insurance Co;Tower Hill Insurance Exchange;Kin Interinsurance Network;Heritage P&C Insurance Co.;Florida Family Home Ins Co.;US Coastal P&C Insurance Co.;TypTap Insurance Co.;Homeowners Choice P&C Ins Co.;Vault E&S Insurance Co.;Edison Insurance Co.;Safe Harbor Insurance Co.;GeoVera Specialty Insurance Co;Florida Farm Bureau Cas Ins Co;Universal North America Ins Co;QBE Specialty Insurance Co.;Auto Club Insurance Co. of FL;American Platinum P&C Ins Co.;FL Farm Bureau General Ins Co.;Castle Key Insurance Co.;Homesite Insurance Co.;PURE Specialty Exchange;State Farm FL Ins Co;AIG Property Casualty Co.;Foremost P&C Insurance Co.;ASI Preferred Insurance Corp.;Nationwide P&C Insurance Co.;ACE Ins Co. of the Midwest;Castle Key Indemnity Co.;First Liberty Insurance Corp.,Universal P&C Insurance Co.;Florida Family Insurance Co.;First Protective Insurance Co.;Cypress P&C Insurance Co.;Florida Peninsula Insurance Co;Tower Hill Insurance Exchange;Kin Interinsurance Network;Heritage P&C Insurance Co.;Florida Family Home Ins Co.;US Coastal P&C Insurance Co.;TypTap Insurance Co.;Homeowners Choice P&C Ins Co.;Vault E&S Insurance Co.;Edison Insurance Co.;Safe Harbor Insurance Co.;GeoVera Specialty Insurance Co;Florida Farm Bureau Cas Ins Co;Universal North America Ins Co;QBE Specialty Insurance Co.;American Platinum P&C Ins Co.,5208091784.003528,13,35.71378625186174,2179208125.01433,34192984.37326572,1,0.9811320754716981,9862091503.256939,305445900.0,11079657792.145689,539937478.65,359958319.1,539937478.65,359958319.1,13235612894.397305,16676612894.397305,3441000000.0,1395853723.0,1395853723.0,0.0,True,20096508897.13288,17000000000.0,3096508897.132881,0.8459180690047786,12906072140.891548,4093927859.1084495,2294203347.753948,0.0,14,9464500000.0,9464500000.0,75
gm_then_andrew,baseline,,COMPOSITE,"{""gm_then_andrew"": 0.8619969746909185}",266548625724.76187,229764108982.76672,36784516741.99515,54901086287.32309,103900520610.21567,0.0,54265220042.43822,16697282042.789757,54901086287.32309,103900520610.21567,11542172486.856087,25242344255.139065,20.358469264243173,6.264253660055022,20.59702470348279,38.97994984131089,4.330231474828362,9.470071056079767,54265220042.43822,16697282042.789757,11542172486.856087,34,21,13,Universal P&C Insurance Co.;Florida Family Insurance Co.;First Protective Insurance Co.;Cypress P&C Insurance Co.;Florida Peninsula Insurance Co;Tower Hill Insurance Exchange;Kin Interinsurance Network;Unique Insurance Co.;Heritage P&C Insurance Co.;Florida Family Home Ins Co.;US Coastal P&C Insurance Co.;TypTap Insurance Co.;Homeowners Choice P&C Ins Co.;Vault E&S Insurance Co.;Edison Insurance Co.;Safe Harbor Insurance Co.;GeoVera Specialty Insurance Co;Florida Farm Bureau Cas Ins Co;Universal North America Ins Co;QBE Specialty Insurance Co.;Auto Club Insurance Co. of FL;American Platinum P&C Ins Co.;FL Farm Bureau General Ins Co.;Castle Key Insurance Co.;Homesite Insurance Co.;PURE Specialty Exchange;State Farm FL Ins Co;AIG Property Casualty Co.;Foremost P&C Insurance Co.;ASI Preferred Insurance Corp.;Nationwide P&C Insurance Co.;ACE Ins Co. of the Midwest;Castle Key Indemnity Co.;First Liberty Insurance Corp.,Universal P&C Insurance Co.;Florida Family Insurance Co.;First Protective Insurance Co.;Cypress P&C Insurance Co.;Florida Peninsula Insurance Co;Tower Hill Insurance Exchange;Kin Interinsurance Network;Unique Insurance Co.;Heritage P&C Insurance Co.;Florida Family Home Ins Co.;US Coastal P&C Insurance Co.;TypTap Insurance Co.;Homeowners Choice P&C Ins Co.;Vault E&S Insurance Co.;Edison Insurance Co.;Safe Harbor Insurance Co.;GeoVera Specialty Insurance Co;Florida Farm Bureau Cas Ins Co;Universal North America Ins Co;QBE Specialty Insurance Co.;American Platinum P&C Ins Co.,5201264559.449417,13,35.80938809441937,3693498615.6431556,24136526.31836454,1,0.9811320754716981,12931667001.191183,304390140.0,11581107396.424316,539937478.65,359958319.1,539937478.65,359958319.1,8101172486.856087,11542172486.856087,3441000000.0,1395853723.0,1395853723.0,0.0,True,20044087360.043945,17000000000.0,3044087360.0439453,0.8481304084658873,13041024909.389437,3958975090.610561,2351963491.1489344,0.0,14,9464500000.0,9464500000.0,76
gm_then_andrew,baseline,,COMPOSITE,"{""gm_then_andrew"": 0.8169461583423562}",266548625724.76187,217755875797.27878,48792749927.48309,20953511976.309185,73867877844.95796,0.0,92472246144.46718,30462239831.544445,20953511976.309185,73867877844.95796,15260193852.94847,33532556074.534626,34.69244903928112,11.428398757906093,7.861046711209002,27.71272132583941,5.725106933661758,12.580277232102613,92472246144.46718,30462239831.544445,15260193852.94847,37,22,15,Universal P&C Insurance Co.;Florida Family Insurance Co.;First Protective Insurance Co.;Cypress P&C Insurance Co.;Florida Peninsula Insurance Co;Tower Hill Insurance Exchange;Kin Interinsurance Network;Unique Insurance Co.;Heritage P&C Insurance Co.;Florida Family Home Ins Co.;US Coastal P&C Insurance Co.;TypTap Insurance Co.;Homeowners Choice P&C Ins Co.;Vault E&S Insurance Co.;Edison Insurance Co.;Safe Harbor Insurance Co.;Spinnaker Specialty Ins Co.;GeoVera Specialty Insurance Co;Florida Farm Bureau Cas Ins Co;Universal North America Ins Co;QBE Specialty Insurance Co.;Auto Club Insurance Co. of FL;American Platinum P&C Ins Co.;Privilege Underwriters Recpl;FL Farm Bureau General Ins Co.;Castle Key Insurance Co.;Chubb Custom Insurance Co.;Homesite Insurance Co.;PURE Specialty Exchange;State Farm FL Ins Co;AIG Property Casualty Co.;Foremost P&C Insurance Co.;ASI Preferred Insurance Corp.;Nationwide P&C Insurance Co.;ACE Ins Co. of the Midwest;Castle Key Indemnity Co.;First Liberty Insurance Corp.,Universal P&C Insurance Co.;Florida Family Insurance Co.;First Protective Insurance Co.;Cypress P&C Insurance Co.;Florida Peninsula Insurance Co;Tower Hill Insurance Exchange;Kin Interinsurance Network;Unique Insurance Co.;Heritage P&C Insurance Co.;Florida Family Home Ins Co.;US Coastal P&C Insurance Co.;TypTap Insurance Co.;Homeowners Choice P&C Ins Co.;Vault E&S Insurance Co.;Edison Insurance Co.;Safe Harbor Insurance Co.;Spinnaker Specialty Ins Co.;GeoVera Specialty Insurance Co;Florida Farm Bureau Cas Ins Co;Universal North America Ins Co;QBE Specialty Insurance Co.;American Platinum P&C Ins Co.,12232329843.085361,15,35.89838321723671,7157903908.348079,121746769.92858237,1,0.9811320754716981,29895761574.97782,303407340.0,24609158377.770374,539937478.65,359958319.1,539937478.65,359958319.1,11819193852.94847,15260193852.94847,3441000000.0,1395853723.0,1395853723.0,0.0,True,23887212014.33889,17000000000.0,6887212014.33889,0.7116778630254267,12312015406.220434,4687984593.779568,2575000000.0,0.0,14,9464500000.0,9464500000.0,77
gm_then_andrew,baseline,,COMPOSITE,"{""gm_then_andrew"": 0.9314388261638364}",266548625724.76184,248273739060.65598,18274886664.105858,42319566811.500534,109447400973.85005,0.0,65935585812.56196,30571185462.743454,42319566811.500534,109447400973.85005,5811171177.585449,12463715486.520409,24.736794509174118,11.469271462052582,15.876865504907808,41.06095114024916,2.18015424457152,4.675963139044822,65935585812.56196,30571185462.743454,5811171177.585449,35,22,13,Universal P&C Insurance Co.;Florida Family Insurance Co.;First Protective Insurance Co.;Cypress P&C Insurance Co.;Florida Peninsula Insurance Co;Tower Hill Insurance Exchange;Kin Interinsurance Network;Unique Insurance Co.;Heritage P&C Insurance Co.;Florida Family Home Ins Co.;US Coastal P&C Insurance Co.;TypTap Insurance Co.;Homeowners Choice P&C Ins Co.;Vault E&S Insurance Co.;Edison Insurance Co.;Safe Harbor Insurance Co.;Spinnaker Specialty Ins Co.;GeoVera Specialty Insurance Co;Florida Farm Bureau Cas Ins Co;Universal North America Ins Co;QBE Specialty Insurance Co.;Auto Club Insurance Co. of FL;American Platinum P&C Ins Co.;FL Farm Bureau General Ins Co.;Castle Key Insurance Co.;Homesite Insurance Co.;PURE Specialty Exchange;State Farm FL Ins Co;AIG Property Casualty Co.;Foremost P&C Insurance Co.;ASI Preferred Insurance Corp.;Nationwide P&C Insurance Co.;ACE Ins Co. of the Midwest;Castle Key Indemnity Co.;First Liberty Insurance Corp.,Universal P&C Insurance Co.;Florida Family Insurance Co.;First Protective Insurance Co.;Cypress P&C Insurance Co.;Florida Peninsula Insurance Co;Tower Hill Insurance Exchange;Kin Interinsurance Network;Unique Insurance Co.;Heritage P&C Insurance Co.;Florida Family Home Ins Co.;US Coastal P&C Insurance Co.;TypTap Insurance Co.;Homeowners Choice P&C Ins Co.;Vault E&S Insurance Co.;Edison Insurance Co.;Safe Harbor Insurance Co.;Spinnaker Specialty Ins Co.;GeoVera Specialty Insurance Co;Florida Farm Bureau Cas Ins Co;Universal North America Ins Co;QBE Specialty Insurance Co.;American Platinum P&C Ins Co.,8275178508.89573,13,35.89838321723671,3980091087.4808664,72032096.21423104,1,0.9811320754716981,17618473851.430588,303407340.0,24195502210.8854,539937478.65,359958319.1,539937478.65,359958319.1,2370171177.585449,5811171177.585449,3441000000.0,1395853723.0,1395853723.0,0.0,True,28030006384.73495,16999999999.999998,11030006384.734953,0.6064929050197485,11873040779.757608,5126959220.242388,2575000000.0,0.0,14,9464500000.0,9464500000.0,78
gm_then_andrew,baseline,,COMPOSITE,"{""gm_then_andrew"": 0.6449065505918625}",266548625724.7619,171898954781.15762,94649670943.60428,27140447627.528023,105094717473.93578,0.0,33264768441.398552,6399021238.295223,27140447627.528023,105094717473.93578,29458536730.49988,65191134213.104385,12.479812398563162,2.4006956407656936,10.18217503606762,39.427971983789774,11.05184341146023,24.457501529353504,33264768441.398552,6399021238.295223,29458536730.49988,27,17,10,Universal P&C Insurance Co.;Florida Family Insurance Co.;First Protective Insurance Co.;Cypress P&C Insurance Co.;Florida Peninsula Insurance Co;Tower Hill Insurance Exchange;Kin Interinsurance Network;Heritage P&C Insurance Co.;Florida Family Home Ins Co.;US Coastal P&C Insurance Co.;TypTap Insurance Co.;Homeowners Choice P&C Ins Co.;Edison Insurance Co.;Safe Harbor Insurance Co.;GeoVera Specialty Insurance Co;Universal North America Ins Co;Auto Club Insurance Co. of FL;American Platinum P&C Ins Co.;FL Farm Bureau General Ins Co.;Homesite Insurance Co.;State Farm FL Ins Co;AIG Property Casualty Co.;Foremost P&C Insurance Co.;ASI Preferred Insurance Corp.;ACE Ins Co. of the Midwest;Castle Key Indemnity Co.;First Liberty Insurance Corp.,Universal P&C Insurance Co.;Florida Family Insurance Co.;First Protective Insurance Co.;Cypress P&C Insurance Co.;Florida Peninsula Insurance Co;Tower Hill Insurance Exchange;Kin Interinsurance Network;Heritage P&C Insurance Co.;Florida Family Home Ins Co.;US Coastal P&C Insurance Co.;TypTap Insurance Co.;Homeowners Choice P&C Ins Co.;Edison Insurance Co.;Safe Harbor Insurance Co.;GeoVera Specialty Insurance Co;Universal North America Ins Co;American Platinum P&C Ins Co.,2430159739.0447993,10,34.45361965929429,1825156735.4039974,11860233.425881147,1,0.9811320754716981,6537336933.851886,319362300.0,4747456352.265574,539937478.65,359958319.1,539937478.65,359958319.1,26017536730.49988,29458536730.49988,3441000000.0,1395853723.0,1395853723.0,0.0,False,9332282044.919724,9332282044.919724,0.0,1.0,8791122411.911686,541159633.0080374,2125000000.0,0.0,13,9464500000.0,9464500000.0,79
gm_then_andrew,baseline,,COMPOSITE,"{""gm_then_andrew"": 0.6818478180759743}",266548625724.76187,181745598861.57843,84803026863.18344,41042527959.23511,76913817726.04665,0.0,46171631710.519806,17617621465.776867,41042527959.23511,76913817726.04665,26409792380.702003,58393234482.48143,17.32202954900868,6.609533783141251,15.397763859272576,28.855454616174935,9.90805797962461,21.907160212777946,46171631710.519806,17617621465.776867,26409792380.702003,29,19,10,Universal P&C Insurance Co.;Florida Family Insurance Co.;First Protective Insurance Co.;Cypress P&C Insurance Co.;Florida Peninsula Insurance Co;Tower Hill Insurance Exchange;Kin Interinsurance Network;Unique Insurance Co.;Heritage P&C Insurance Co.;Florida Family Home Ins Co.;US Coastal P&C Insurance Co.;TypTap Insurance Co.;Homeowners Choice P&C Ins Co.;Edison Insurance Co.;Safe Harbor Insurance Co.;GeoVera Specialty Insurance Co;Florida Farm Bureau Cas Ins Co;Universal North America Ins Co;Auto Club Insurance Co. of FL;American Platinum P&C Ins Co.;FL Farm Bureau General Ins Co.;Homesite Insurance Co.;State Farm FL Ins Co;AIG Property Casualty Co.;ASI Preferred Insurance Corp.;Nationwide P&C Insurance Co.;ACE Ins Co. of the Midwest;Castle Key Indemnity Co.;First Liberty Insurance Corp.,Universal P&C Insurance Co.;Florida Family Insurance Co.;First Protective Insurance Co.;Cypress P&C Insurance Co.;Florida Peninsula Insurance Co;Tower Hill Insurance Exchange;Kin Interinsurance Network;Unique Insurance Co.;Heritage P&C Insurance Co.;Florida Family Home Ins Co.;US Coastal P&C Insurance Co.;TypTap Insurance Co.;Homeowners Choice P&C Ins Co.;Edison Insurance Co.;Safe Harbor Insurance Co.;GeoVera Specialty Insurance Co;Florida Farm Bureau Cas Ins Co;Universal North America Ins Co;American Platinum P&C Ins Co.,4326833727.465376,10,35.26242124434198,2656698269.2956815,32746267.114899255,1,0.9811320754716981,9221580295.064632,310430460.0,11810945530.872244,539937478.65,359958319.1,539937478.65,359958319.1,22968792380.702003,26409792380.702003,3441000000.0,1395853723.0,1395853723.0,0.0,True,18041982567.196297,17000000000.0,1041982567.1962967,0.9422467811774291,12396393680.473202,4603606319.526801,2181258000.7165623,0.0,14,9464500000.0,9464500000.0,80
gm_then_andrew,baseline,,COMPOSITE,"{""gm_then_andrew"": 0.7423492814622965}",266548625724.76187,197872180781.5396,68676444943.22226,45644443785.72586,75523069292.90079,0.0,59711224593.75738,16993443109.155611,45644443785.72586,75523069292.90079,21416636833.64653,47259808109.57572,22.401625381259773,6.375363242991559,17.12424652785804,28.333692994120298,8.034795443200428,17.730276410569907,59711224593.75738,16993443109.155611,21416636833.64653,33,21,12,Universal P&C Insurance Co.;Florida Family Insurance Co.;First Protective Insurance Co.;Cypress P&C Insurance Co.;Florida Peninsula Insurance Co;Tower Hill Insurance Exchange;Kin Interinsurance Network;Unique Insurance Co.;Heritage P&C Insurance Co.;Florida Family Home Ins Co.;US Coastal P&C Insurance Co.;TypTap Insurance Co.;Homeowners Choice P&C Ins Co.;Vault E&S Insurance Co.;Edison Insurance Co.;Safe Harbor Insurance Co.;GeoVera Specialty Insurance Co;Florida Farm Bureau Cas Ins Co;Universal North America Ins Co;QBE Specialty Insurance Co.;Auto Club Insurance Co. of FL;American Platinum P&C Ins Co.;FL Farm Bureau General Ins Co.;Castle Key Insurance Co.;Homesite Insurance Co.;State Farm FL Ins Co;AIG Property Casualty Co.;Foremost P&C Insurance Co.;ASI Preferred Insurance Corp.;Nationwide P&C Insurance Co.;ACE Ins Co. of the Midwest;Castle Key Indemnity Co.;First Liberty Insurance Corp.,Universal P&C Insurance Co.;Florida Family Insurance Co.;First Protective Insurance Co.;Cypress P&C Insurance Co.;Florida Peninsula Insurance Co;Tower Hill Insurance Exchange;Kin Interinsurance Network;Unique Insurance Co.;Heritage P&C Insurance Co.;Florida Family Home Ins Co.;US Coastal P&C Insurance Co.;TypTap Insurance Co.;Homeowners Choice P&C Ins Co.;Vault E&S Insurance Co.;Edison Insurance Co.;Safe Harbor Insurance Co.;GeoVera Specialty Insurance Co;Florida Farm Bureau Cas Ins Co;Universal North America Ins Co;QBE Specialty Insurance Co.;American Platinum P&C Ins Co.,6686308647.312312,12,35.80938809441937,3884850316.2524533,36189021.165374264,1,0.9811320754716981,14463168066.841284,304390140.0,11265250650.77178,539937478.65,359958319.1,539937478.65,359958319.1,17975636833.64653,21416636833.64653,3441000000.0,1395853723.0,1395853723.0,0.0,True,26817875153.08657,17000000000.0,9817875153.08657,0.6339055537755163,12397926742.97048,4602073257.029518,2452929344.1349354,0.0,14,9464500000.0,9464500000.0,81
gm_then_andrew,baseline,,COMPOSITE,"{""gm_then_andrew"": 0.8365051534083576}",266548625724.76187,222969299052.6789,43579326672.082985,41938306130.65111,72488058672.93393,0.0,76884156864.12816,31658777384.965714,41938306130.65111,72488058672.93393,13645999761.723978,29933326910.35901,28.844326867218122,11.877299047737942,15.733829434167335,27.195059991712395,5.119516082523283,11.229968576640934,76884156864.12816,31658777384.965714,13645999761.723978,38,23,15,Universal P&C Insurance Co.;Florida Family Insurance Co.;First Protective Insurance Co.;Spinnaker Insurance Co.;Cypress P&C Insurance Co.;Florida Peninsula Insurance Co;Tower Hill Insurance Exchange;Kin Interinsurance Network;Unique Insurance Co.;Heritage P&C Insurance Co.;Florida Family Home Ins Co.;US Coastal P&C Insurance Co.;TypTap Insurance Co.;Homeowners Choice P&C Ins Co.;Vault E&S Insurance Co.;Edison Insurance Co.;Safe Harbor Insurance Co.;Spinnaker Specialty Ins Co.;GeoVera Specialty Insurance Co;Florida Farm Bureau Cas Ins Co;Universal North America Ins Co;QBE Specialty Insurance Co.;Auto Club Insurance Co. of FL;American Platinum P&C Ins Co.;Privilege Underwriters Recpl;FL Farm Bureau General Ins Co.;Castle Key Insurance Co.;Chubb Custom Insurance Co.;Homesite Insurance Co.;PURE Specialty Exchange;State Farm FL Ins Co;AIG Property Casualty Co.;Foremost P&C Insurance Co.;ASI Preferred Insurance Corp.;Nationwide P&C Insurance Co.;ACE Ins Co. of the Midwest;Castle Key Indemnity Co.;First Liberty Insurance Corp.,Universal P&C Insurance Co.;Florida Family Insurance Co.;First Protective Insurance Co.;Spinnaker Insurance Co.;Cypress P&C Insurance Co.;Florida Peninsula Insurance Co;Tower Hill Insurance Exchange;Kin Interinsurance Network;Unique Insurance Co.;Heritage P&C Insurance Co.;Florida Family Home Ins Co.;US Coastal P&C Insurance Co.;TypTap Insurance Co.;Homeowners Choice P&C Ins Co.;Vault E&S Insurance Co.;Edison Insurance Co.;Safe Harbor Insurance Co.;Spinnaker Specialty Ins Co.;GeoVera Specialty Insurance Co;Florida Farm Bureau Cas Ins Co;Universal North America Ins Co;QBE Specialty Insurance Co.;American Platinum P&C Ins Co.,9016923218.216034,15,36.189312511589605,5390572708.029486,90153925.95737675,1,0.9811320754716981,23022669990.161045,300194520.0,25868422471.364517,539937478.65,359958319.1,539937478.65,359958319.1,10204999761.723978,13645999761.723978,3441000000.0,1395853723.0,1395853723.0,0.0,False,16901355530.516943,16901355530.516943,0.0,1.0,12333115721.344143,4568239809.1728,2575000000.0,0.0,14,9464500000.0,9464500000.0,82
gm_then_andrew,baseline,,COMPOSITE,"{""gm_then_andrew"": 0.6821203291308716}",266548625724.76187,181818236308.7561,84730389416.00577,32693978612.125774,67360492675.3785,0.0,61975225815.156624,19788539206.095192,32693978612.125774,67360492675.3785,26387302179.486446,58343087236.51931,23.25100181876467,7.423988456998776,12.265671422326363,25.27137121499735,9.899620419252875,21.88834666765995,61975225815.156624,19788539206.095192,26387302179.486446,35,22,13,Universal P&C Insurance Co.;Florida Family Insurance Co.;First Protective Insurance Co.;Cypress P&C Insurance Co.;Florida Peninsula Insurance Co;Tower Hill Insurance Exchange;Kin Interinsurance Network;Unique Insurance Co.;Heritage P&C Insurance Co.;Florida Family Home Ins Co.;US Coastal P&C Insurance Co.;TypTap Insurance Co.;Homeowners Choice P&C Ins Co.;Vault E&S Insurance Co.;Edison Insurance Co.;Safe Harbor Insurance Co.;Spinnaker Specialty Ins Co.;GeoVera Specialty Insurance Co;Florida Farm Bureau Cas Ins Co;Universal North America Ins Co;QBE Specialty Insurance Co.;Auto Club Insurance Co. of FL;American Platinum P&C Ins Co.;FL Farm Bureau General Ins Co.;Castle Key Insurance Co.;Homesite Insurance Co.;PURE Specialty Exchange;State Farm FL Ins Co;AIG Property Casualty Co.;Foremost P&C Insurance Co.;ASI Preferred Insurance Corp.;Nationwide P&C Insurance Co.;ACE Ins Co. of the Midwest;Castle Key Indemnity Co.;First Liberty Insurance Corp.,Universal P&C Insurance Co.;Florida Family Insurance Co.;First Protective Insurance Co.;Cypress P&C Insurance Co.;Florida Peninsula Insurance Co;Tower Hill Insurance Exchange;Kin Interinsurance Network;Unique Insurance Co.;Heritage P&C Insurance Co.;Florida Family Home Ins Co.;US Coastal P&C Insurance Co.;TypTap Insurance Co.;Homeowners Choice P&C Ins Co.;Vault E&S Insurance Co.;Edison Insurance Co.;Safe Harbor Insurance Co.;Spinnaker Specialty Ins Co.;GeoVera Specialty Insurance Co;Florida Farm Bureau Cas Ins Co;Universal North America Ins Co;QBE Specialty Insurance Co.;American Platinum P&C Ins Co.,7563506313.375901,13,35.89838321723671,4387940805.743011,55818538.55649838,1,0.9811320754716981,15961546355.077724,303407340.0,14869063524.85475,539937478.65,359958319.1,539937478.65,359958319.1,22946302179.486446,26387302179.486446,3441000000.0,1395853723.0,1395853723.0,0.0,True,22723395494.267273,16999999999.999998,5723395494.267275,0.7481276292660052,13250361208.510353,3749638791.4896455,2454178700.2112827,0.0,14,9464500000.0,9464500000.0,83
gm_then_andrew,baseline,,COMPOSITE,"{""gm_then_andrew"": 0.868044671010031}",266548625724.76187,231376114125.42685,35172511599.33503,29140650279.44889,106524701047.88707,0.0,71383700343.64264,24327062454.44823,29140650279.44889,106524701047.88707,11043059131.03749,24129452468.29754,26.78074221900264,9.126688381266824,10.932583201362863,39.96445329937078,4.142981079347434,9.052551819649453,71383700343.64264,24327062454.44823,11043059131.03749,36,23,13,Universal P&C Insurance Co.;Florida Family Insurance Co.;First Protective Insurance Co.;Spinnaker Insurance Co.;Cypress P&C Insurance Co.;Florida Peninsula Insurance Co;Tower Hill Insurance Exchange;Kin Interinsurance Network;Unique Insurance Co.;Heritage P&C Insurance Co.;Florida Family Home Ins Co.;US Coastal P&C Insurance Co.;TypTap Insurance Co.;Homeowners Choice P&C Ins Co.;Vault E&S Insurance Co.;Edison Insurance Co.;Safe Harbor Insurance Co.;Spinnaker Specialty Ins Co.;GeoVera Specialty Insurance Co;Florida Farm Bureau Cas Ins Co;Universal North America Ins Co;QBE Specialty Insurance Co.;Auto Club Insurance Co. of FL;American Platinum P&C Ins Co.;FL Farm Bureau General Ins Co.;Castle Key Insurance Co.;Homesite Insurance Co.;PURE Specialty Exchange;State Farm FL Ins Co;AIG Property Casualty Co.;Foremost P&C Insurance Co.;ASI Preferred Insurance Corp.;Nationwide P&C Insurance Co.;ACE Ins Co. of the Midwest;Castle Key Indemnity Co.;First Liberty Insurance Corp.,Universal P&C Insurance Co.;Florida Family Insurance Co.;First Protective Insurance Co.;Spinnaker Insurance Co.;Cypress P&C Insurance Co.;Florida Peninsula Insurance Co;Tower Hill Insurance Exchange;Kin Interinsurance Network;Unique Insurance Co.;Heritage P&C Insurance Co.;Florida Family Home Ins Co.;US Coastal P&C Insurance Co.;TypTap Insurance Co.;Homeowners Choice P&C Ins Co.;Vault E&S Insurance Co.;Edison Insurance Co.;Safe Harbor Insurance Co.;Spinnaker Specialty Ins Co.;GeoVera Specialty Insurance Co;Florida Farm Bureau Cas Ins Co;Universal North America Ins Co;QBE Specialty Insurance Co.;American Platinum P&C Ins Co.,8385952166.258501,13,36.189312511589605,3653832194.8933415,79770568.3312145,1,0.9811320754716981,18550077288.44936,300194520.0,19503320548.901436,539937478.65,359958319.1,539937478.65,359958319.1,7602059131.037491,11043059131.03749,3441000000.0,1395853723.0,1395853723.0,0.0,True,23645963123.38421,17000000000.0,6645963123.384209,0.7189387850811704,13362668801.567081,3637331198.432913,2463146964.1122065,0.0,14,9464500000.0,9464500000.0,84
gm_then_andrew,baseline,,COMPOSITE,"{""gm_then_andrew"": 0.7046379779772549}",266548625724.76184,187820284663.31232,78728341061.44952,45256249749.23346,64769297595.42396,0.0,54135461441.140335,23659275877.514587,45256249749.23346,64769297595.42396,24528931869.895145,54199409191.554375,20.30978823992911,8.876157516544527,16.978609297338892,24.29924274391298,9.202422936227675,20.333779266046825,54135461441.140335,23659275877.514587,24528931869.895145,34,22,12,Universal P&C Insurance Co.;Florida Family Insurance Co.;First Protective Insurance Co.;Cypress P&C Insurance Co.;Florida Peninsula Insurance Co;Tower Hill Insurance Exchange;Kin Interinsurance Network;Unique Insurance Co.;Heritage P&C Insurance Co.;Florida Family Home Ins Co.;US Coastal P&C Insurance Co.;TypTap Insurance Co.;Homeowners Choice P&C Ins Co.;Vault E&S Insurance Co.;Edison Insurance Co.;Safe Harbor Insurance Co.;Spinnaker Specialty Ins Co.;GeoVera Specialty Insurance Co;Florida Farm Bureau Cas Ins Co;Universal North America Ins Co;QBE Specialty Insurance Co.;Auto Club Insurance Co. of FL;American Platinum P&C Ins Co.;FL Farm Bureau General Ins Co.;Castle Key Insurance Co.;Homesite Insurance Co.;PURE Specialty Exchange;State Farm FL Ins Co;AIG Property Casualty Co.;ASI Preferred Insurance Corp.;Nationwide P&C Insurance Co.;ACE Ins Co. of the Midwest;Castle Key Indemnity Co.;First Liberty Insurance Corp.,Universal P&C Insurance Co.;Florida Family Insurance Co.;First Protective Insurance Co.;Cypress P&C Insurance Co.;Florida Peninsula Insurance Co;Tower Hill Insurance Exchange;Kin Interinsurance Network;Unique Insurance Co.;Heritage P&C Insurance Co.;Florida Family Home Ins Co.;US Coastal P&C Insurance Co.;TypTap Insurance Co.;Homeowners Choice P&C Ins Co.;Vault E&S Insurance Co.;Edison Insurance Co.;Safe Harbor Insurance Co.;Spinnaker Specialty Ins Co.;GeoVera Specialty Insurance Co;Florida Farm Bureau Cas Ins Co;Universal North America Ins Co;QBE Specialty Insurance Co.;American Platinum P&C Ins Co.,5922779747.424351,12,35.89838321723671,2843409870.523435,59618006.66643743,1,0.9811320754716981,13250411559.075254,303407340.0,17855462894.12654,539937478.65,359958319.1,539937478.65,359958319.1,21087931869.895145,24528931869.895145,3441000000.0,1395853723.0,1395853723.0,0.0,False,15802983410.13121,15802983410.13121,0.0,1.0,11234743600.95841,4568239809.1728,2315196955.9205484,0.0,14,9464500000.0,9464500000.0,85
gm_then_andrew,baseline,,COMPOSITE,"{""gm_then_andrew"": 0.8030034815139903}",266548625724.76184,214039474449.75336,52509151275.00847,29529497314.391,79979296786.29668,0.0,80187066183.21898,24343614165.846725,29529497314.391,79979296786.29668,16410876005.904379,36098275269.1041,30.083466371355506,9.132898021760557,11.078465414743185,30.005518343539805,6.1568038331776105,13.542848015423342,80187066183.21898,24343614165.846725,16410876005.904379,38,23,15,Universal P&C Insurance Co.;Florida Family Insurance Co.;First Protective Insurance Co.;Spinnaker Insurance Co.;Cypress P&C Insurance Co.;Florida Peninsula Insurance Co;Tower Hill Insurance Exchange;Kin Interinsurance Network;Unique Insurance Co.;Heritage P&C Insurance Co.;Florida Family Home Ins Co.;US Coastal P&C Insurance Co.;TypTap Insurance Co.;Homeowners Choice P&C Ins Co.;Vault E&S Insurance Co.;Edison Insurance Co.;Safe Harbor Insurance Co.;Spinnaker Specialty Ins Co.;GeoVera Specialty Insurance Co;Florida Farm Bureau Cas Ins Co;Universal North America Ins Co;QBE Specialty Insurance Co.;Auto Club Insurance Co. of FL;American Platinum P&C Ins Co.;Privilege Underwriters Recpl;FL Farm Bureau General Ins Co.;Castle Key Insurance Co.;Chubb Custom Insurance Co.;Homesite Insurance Co.;PURE Specialty Exchange;State Farm FL Ins Co;AIG Property Casualty Co.;Foremost P&C Insurance Co.;ASI Preferred Insurance Corp.;Nationwide P&C Insurance Co.;ACE Ins Co. of the Midwest;Castle Key Indemnity Co.;First Liberty Insurance Corp.,Universal P&C Insurance Co.;Florida Family Insurance Co.;First Protective Insurance Co.;Spinnaker Insurance Co.;Cypress P&C Insurance Co.;Florida Peninsula Insurance Co;Tower Hill Insurance Exchange;Kin Interinsurance Network;Unique Insurance Co.;Heritage P&C Insurance Co.;Florida Family Home Ins Co.;US Coastal P&C Insurance Co.;TypTap Insurance Co.;Homeowners Choice P&C Ins Co.;Vault E&S Insurance Co.;Edison Insurance Co.;Safe Harbor Insurance Co.;Spinnaker Specialty Ins Co.;GeoVera Specialty Insurance Co;Florida Farm Bureau Cas Ins Co;Universal North America Ins Co;QBE Specialty Insurance Co.;American Platinum P&C Ins Co.,10251746866.912216,15,36.189312511589605,5340021358.38573,99034014.55309647,1,0.9811320754716981,24054851411.57082,300194520.0,18904895719.889233,539937478.65,359958319.1,539937478.65,359958319.1,12969876005.904379,16410876005.904379,3441000000.0,1395853723.0,1395853723.0,0.0,True,22249584279.54671,17000000000.0,5249584279.546711,0.7640592195525884,12710911882.652891,4289088117.347108,2471996699.62496,0.0,14,9464500000.0,9464500000.0,86
gm_then_andrew,baseline,,COMPOSITE,"{""gm_then_andrew"": 0.8171606978300013}",266548625724.76187,217813061002.8743,48735564721.88757,67128076205.78776,93166918327.3158,0.0,44943543251.818634,12574523217.95211,67128076205.78776,93166918327.3158,15242488016.215929,33493076705.671646,16.86129243008266,4.71753444001492,25.184176441826494,34.95306647107607,5.7184643045037955,12.565465912496057,44943543251.818634,12574523217.95211,15242488016.215929,32,20,12,Universal P&C Insurance Co.;Florida Family Insurance Co.;First Protective Insurance Co.;Cypress P&C Insurance Co.;Florida Peninsula Insurance Co;Tower Hill Insurance Exchange;Kin Interinsurance Network;Heritage P&C Insurance Co.;Florida Family Home Ins Co.;US Coastal P&C Insurance Co.;TypTap Insurance Co.;Homeowners Choice P&C Ins Co.;Vault E&S Insurance Co.;Edison Insurance Co.;Safe Harbor Insurance Co.;GeoVera Specialty Insurance Co;Florida Farm Bureau Cas Ins Co;Universal North America Ins Co;QBE Specialty Insurance Co.;Auto Club Insurance Co. of FL;American Platinum P&C Ins Co.;FL Farm Bureau General Ins Co.;Castle Key Insurance Co.;Homesite Insurance Co.;State Farm FL Ins Co;AIG Property Casualty Co.;Foremost P&C Insurance Co.;ASI Preferred Insurance Corp.;Nationwide P&C Insurance Co.;ACE Ins Co. of the Midwest;Castle Key Indemnity Co.;First Liberty Insurance Corp.,Universal P&C Insurance Co.;Florida Family Insurance Co.;First Protective Insurance Co.;Cypress P&C Insurance Co.;Florida Peninsula Insurance Co;Tower Hill Insurance Exchange;Kin Interinsurance Network;Heritage P&C Insurance Co.;Florida Family Home Ins Co.;US Coastal P&C Insurance Co.;TypTap Insurance Co.;Homeowners Choice P&C Ins Co.;Vault E&S Insurance Co.;Edison Insurance Co.;Safe Harbor Insurance Co.;GeoVera Specialty Insurance Co;Florida Farm Bureau Cas Ins Co;Universal North America Ins Co;QBE Specialty Insurance Co.;American Platinum P&C Ins Co.,4465088745.970759,12,35.71378625186174,2514272882.6197248,17329664.286872014,1,0.9811320754716981,9113019545.52357,305445900.0,6763918737.66577,539937478.65,359958319.1,539937478.65,359958319.1,11801488016.215929,15242488016.215929,3441000000.0,1395853723.0,1395853723.0,0.0,True,24411572986.183018,17000000000.0,7411572986.183018,0.696391011329832,12301159628.32815,4698840371.67185,2125000000.0000002,0.0,13,9464500000.0,9464500000.0,87
gm_then_andrew,baseline,,COMPOSITE,"{""gm_then_andrew"": 0.7757611707027519}",266548625724.76184,206778073941.45093,59770551783.31091,19970188746.84914,104022082126.25754,0.0,62724709234.85403,20061093833.49023,19970188746.84914,104022082126.25754,18659170307.038532,41111381476.272385,23.532182566802494,7.526241705033332,7.4921372010637795,39.0255555973756,7.000287567157069,15.42359536256773,62724709234.85403,20061093833.49023,18659170307.038532,34,21,13,Universal P&C Insurance Co.;Florida Family Insurance Co.;First Protective Insurance Co.;Cypress P&C Insurance Co.;Florida Peninsula Insurance Co;Tower Hill Insurance Exchange;Kin Interinsurance Network;Unique Insurance Co.;Heritage P&C Insurance Co.;Florida Family Home Ins Co.;US Coastal P&C Insurance Co.;TypTap Insurance Co.;Homeowners Choice P&C Ins Co.;Vault E&S Insurance Co.;Edison Insurance Co.;Safe Harbor Insurance Co.;GeoVera Specialty Insurance Co;Florida Farm Bureau Cas Ins Co;Universal North America Ins Co;QBE Specialty Insurance Co.;Auto Club Insurance Co. of FL;American Platinum P&C Ins Co.;FL Farm Bureau General Ins Co.;Castle Key Insurance Co.;Homesite Insurance Co.;PURE Specialty Exchange;State Farm FL Ins Co;AIG Property Casualty Co.;Foremost P&C Insurance Co.;ASI Preferred Insurance Corp.;Nationwide P&C Insurance Co.;ACE Ins Co. of the Midwest;Castle Key Indemnity Co.;First Liberty Insurance Corp.,Universal P&C Insurance Co.;Florida Family Insurance Co.;First Protective Insurance Co.;Cypress P&C Insurance Co.;Florida Peninsula Insurance Co;Tower Hill Insurance Exchange;Kin Interinsurance Network;Unique Insurance Co.;Heritage P&C Insurance Co.;Florida Family Home Ins Co.;US Coastal P&C Insurance Co.;TypTap Insurance Co.;Homeowners Choice P&C Ins Co.;Vault E&S Insurance Co.;Edison Insurance Co.;Safe Harbor Insurance Co.;GeoVera Specialty Insurance Co;Florida Farm Bureau Cas Ins Co;Universal North America Ins Co;QBE Specialty Insurance Co.;American Platinum P&C Ins Co.,7366759397.615045,13,35.80938809441937,4372638150.996721,67970165.14228353,1,0.9811320754716981,16129718656.078585,304390140.0,14789715251.733583,539937478.65,359958319.1,539937478.65,359958319.1,15218170307.038532,18659170307.038532,3441000000.0,1395853723.0,1395853723.0,0.0,True,18908539871.939983,17000000000.0,1908539871.9399834,0.8990646615304109,12892857022.17631,4107142977.8236923,2425304061.6002173,0.0,14,9464500000.0,9464500000.0,88
gm_then_andrew,baseline,,COMPOSITE,"{""gm_then_andrew"": 0.7838641376511988}",266548625724.76184,208937908645.8526,57610717078.90923,29857588325.769814,81142997762.7751,0.0,68151468332.87637,29785854224.43134,29857588325.769814,81142997762.7751,17990436492.98353,39620280585.92571,25.568118442767584,11.174641828837721,11.201554029620384,30.442099463894206,6.749401331207934,14.86418490367218,68151468332.87637,29785854224.43134,17990436492.98353,35,23,12,Universal P&C Insurance Co.;Florida Family Insurance Co.;First Protective Insurance Co.;Spinnaker Insurance Co.;Cypress P&C Insurance Co.;Florida Peninsula Insurance Co;Tower Hill Insurance Exchange;Kin Interinsurance Network;Unique Insurance Co.;Heritage P&C Insurance Co.;Florida Family Home Ins Co.;US Coastal P&C Insurance Co.;TypTap Insurance Co.;Homeowners Choice P&C Ins Co.;Vault E&S Insurance Co.;Edison Insurance Co.;Safe Harbor Insurance Co.;GeoVera Specialty Insurance Co;Florida Farm Bureau Cas Ins Co;Universal North America Ins Co;QBE Specialty Insurance Co.;Auto Club Insurance Co. of FL;American Platinum P&C Ins Co.;FL Farm Bureau General Ins Co.;Castle Key Insurance Co.;Homesite Insurance Co.;PURE Specialty Exchange;State Farm FL Ins Co;AIG Property Casualty Co.;Foremost P&C Insurance Co.;ASI Preferred Insurance Corp.;Nationwide P&C Insurance Co.;ACE Ins Co. of the Midwest;Castle Key Indemnity Co.;First Liberty Insurance Corp.,Universal P&C Insurance Co.;Florida Family Insurance Co.;First Protective Insurance Co.;Spinnaker Insurance Co.;Cypress P&C Insurance Co.;Florida Peninsula Insurance Co;Tower Hill Insurance Exchange;Kin Interinsurance Network;Unique Insurance Co.;Heritage P&C Insurance Co.;Florida Family Home Ins Co.;US Coastal P&C Insurance Co.;TypTap Insurance Co.;Homeowners Choice P&C Ins Co.;Vault E&S Insurance Co.;Edison Insurance Co.;Safe Harbor Insurance Co.;GeoVera Specialty Insurance Co;Florida Farm Bureau Cas Ins Co;Universal North America Ins Co;QBE Specialty Insurance Co.;American Platinum P&C Ins Co.;Castle Key Indemnity Co.,8197771166.264822,13,37.83843886255105,4769606676.758285,50626759.37780514,1,0.9811320754716981,18970314136.128815,281982720.0,23775643423.83992,539937478.65,359958319.1,539937478.65,359958319.1,14549436492.983528,17990436492.98353,3441000000.0,1395853723.0,1395853723.0,0.0,True,25997458537.005234,17000000000.0,8997458537.005234,0.653910072625057,12226532080.944382,4773467919.055618,2406514641.412965,0.0,14,9464500000.0,9464500000.0,89
gm_then_andrew,baseline,,COMPOSITE,"{""gm_then_andrew"": 0.8378581712619195}",266548625724.76184,223329944102.12683,43218681622.63502,45785304979.5123,70931368067.5621,0.0,87521267985.4361,19092003069.616383,45785304979.5123,70931368067.5621,13534335874.23023,29684345748.404785,32.83501002770525,7.162671733048359,17.17709286814715,26.611042497291226,5.077623580849292,11.136559292958744,87521267985.4361,19092003069.616383,13534335874.23023,39,24,15,Universal P&C Insurance Co.;Florida Family Insurance Co.;First Protective Insurance Co.;Spinnaker Insurance Co.;Cypress P&C Insurance Co.;Florida Peninsula Insurance Co;Tower Hill Insurance Exchange;Kin Interinsurance Network;Unique Insurance Co.;Heritage P&C Insurance Co.;Florida Family Home Ins Co.;US Coastal P&C Insurance Co.;TypTap Insurance Co.;Homeowners Choice P&C Ins Co.;Vault E&S Insurance Co.;Edison Insurance Co.;Safe Harbor Insurance Co.;Spinnaker Specialty Ins Co.;GeoVera Specialty Insurance Co;Florida Farm Bureau Cas Ins Co;Universal North America Ins Co;QBE Specialty Insurance Co.;Auto Club Insurance Co. of FL;American Platinum P&C Ins Co.;Privilege Underwriters Recpl;FL Farm Bureau General Ins Co.;Castle Key Insurance Co.;Chubb Custom Insurance Co.;Homesite Insurance Co.;Farmers Casualty Ins Co.;PURE Specialty Exchange;State Farm FL Ins Co;AIG Property Casualty Co.;Foremost P&C Insurance Co.;ASI Preferred Insurance Corp.;Nationwide P&C Insurance Co.;ACE Ins Co. of the Midwest;Castle Key Indemnity Co.;First Liberty Insurance Corp.,Universal P&C Insurance Co.;Florida Family Insurance Co.;First Protective Insurance Co.;Spinnaker Insurance Co.;Cypress P&C Insurance Co.;Florida Peninsula Insurance Co;Tower Hill Insurance Exchange;Kin Interinsurance Network;Unique Insurance Co.;Heritage P&C Insurance Co.;Florida Family Home Ins Co.;US Coastal P&C Insurance Co.;TypTap Insurance Co.;Homeowners Choice P&C Ins Co.;Vault E&S Insurance Co.;Edison Insurance Co.;Safe Harbor Insurance Co.;Spinnaker Specialty Ins Co.;GeoVera Specialty Insurance Co;Florida Farm Bureau Cas Ins Co;Universal North America Ins Co;QBE Specialty Insurance Co.;American Platinum P&C Ins Co.;Castle Key Indemnity Co.,12357171529.70485,16,37.927433985368395,6042429594.275158,74369866.18113545,1,0.9811320754716981,25039656776.20564,280999920.0,13940671487.660078,539937478.65,359958319.1,539937478.65,359958319.1,10093335874.23023,13534335874.23023,3441000000.0,1395853723.0,1395853723.0,0.0,True,21571945603.13082,17000000000.0,4571945603.130821,0.7880605816812705,12931298294.056993,4068701705.943008,2575000000.0,0.0,14,9464500000.0,9464500000.0,90
gm_then_andrew,baseline,,COMPOSITE,"{""gm_then_andrew"": 0.7592028070363048}",266548625724.76184,202364464861.90863,64184160862.8532,43992318300.514145,77794299986.91391,0.0,64017903930.59366,16559942643.886934,43992318300.514145,77794299986.91391,20025723787.957695,44158437074.895515,24.01734533671862,6.212728577706769,16.50442510476142,29.18578168444369,7.512972064105204,16.566747232264305,64017903930.59366,16559942643.886934,20025723787.957695,36,23,13,Universal P&C Insurance Co.;Florida Family Insurance Co.;First Protective Insurance Co.;Spinnaker Insurance Co.;Cypress P&C Insurance Co.;Florida Peninsula Insurance Co;Tower Hill Insurance Exchange;Kin Interinsurance Network;Unique Insurance Co.;Heritage P&C Insurance Co.;Florida Family Home Ins Co.;US Coastal P&C Insurance Co.;TypTap Insurance Co.;Homeowners Choice P&C Ins Co.;Vault E&S Insurance Co.;Edison Insurance Co.;Safe Harbor Insurance Co.;Spinnaker Specialty Ins Co.;GeoVera Specialty Insurance Co;Florida Farm Bureau Cas Ins Co;Universal North America Ins Co;QBE Specialty Insurance Co.;Auto Club Insurance Co. of FL;American Platinum P&C Ins Co.;FL Farm Bureau General Ins Co.;Castle Key Insurance Co.;Homesite Insurance Co.;PURE Specialty Exchange;State Farm FL Ins Co;AIG Property Casualty Co.;Foremost P&C Insurance Co.;ASI Preferred Insurance Corp.;Nationwide P&C Insurance Co.;ACE Ins Co. of the Midwest;Castle Key Indemnity Co.;First Liberty Insurance Corp.,Universal P&C Insurance Co.;Florida Family Insurance Co.;First Protective Insurance Co.;Spinnaker Insurance Co.;Cypress P&C Insurance Co.;Florida Peninsula Insurance Co;Tower Hill Insurance Exchange;Kin Interinsurance Network;Unique Insurance Co.;Heritage P&C Insurance Co.;Florida Family Home Ins Co.;US Coastal P&C Insurance Co.;TypTap Insurance Co.;Homeowners Choice P&C Ins Co.;Vault E&S Insurance Co.;Edison Insurance Co.;Safe Harbor Insurance Co.;Spinnaker Specialty Ins Co.;GeoVera Specialty Insurance Co;Florida Farm Bureau Cas Ins Co;Universal North America Ins Co;QBE Specialty Insurance Co.;American Platinum P&C Ins Co.,6657843139.949623,13,36.189312511589605,4336864383.849768,66224482.82678732,1,0.9811320754716981,16689498009.597567,300194520.0,11315780246.314356,539937478.65,359958319.1,539937478.65,359958319.1,16584723787.957695,20025723787.957695,3441000000.0,1395853723.0,1395853723.0,0.0,True,24320960210.71906,17000000000.0,7320960210.719059,0.6989855603031467,12868816225.365828,4131183774.6341686,2575000000.0,0.0,14,9464500000.0,9464500000.0,91
gm_then_andrew,baseline,,COMPOSITE,"{""gm_then_andrew"": 0.8033681530351215}",266548625724.76187,214136677142.55188,52411948582.20999,45525791733.16544,143683980470.41202,0.0,20097320144.806923,4829584794.167534,45525791733.16544,143683980470.41202,16380779847.453424,36031168734.75658,7.539832587829366,1.8118963401276598,17.07973230376936,53.90535407178581,6.145512775732042,13.517671920755788,20097320144.806923,4829584794.167534,16380779847.453424,25,16,9,Universal P&C Insurance Co.;First Protective Insurance Co.;Cypress P&C Insurance Co.;Florida Peninsula Insurance Co;Tower Hill Insurance Exchange;Kin Interinsurance Network;Heritage P&C Insurance Co.;Florida Family Home Ins Co.;US Coastal P&C Insurance Co.;TypTap Insurance Co.;Homeowners Choice P&C Ins Co.;Edison Insurance Co.;Safe Harbor Insurance Co.;GeoVera Specialty Insurance Co;Universal North America Ins Co;Auto Club Insurance Co. of FL;American Platinum P&C Ins Co.;FL Farm Bureau General Ins Co.;Homesite Insurance Co.;State Farm FL Ins Co;AIG Property Casualty Co.;ASI Preferred Insurance Corp.;ACE Ins Co. of the Midwest;Castle Key Indemnity Co.;First Liberty Insurance Corp.,Universal P&C Insurance Co.;First Protective Insurance Co.;Cypress P&C Insurance Co.;Florida Peninsula Insurance Co;Tower Hill Insurance Exchange;Kin Interinsurance Network;Heritage P&C Insurance Co.;Florida Family Home Ins Co.;US Coastal P&C Insurance Co.;TypTap Insurance Co.;Homeowners Choice P&C Ins Co.;Edison Insurance Co.;Safe Harbor Insurance Co.;GeoVera Specialty Insurance Co;Universal North America Ins Co;American Platinum P&C Ins Co.,1397267309.7101443,9,34.00974697621684,1238432074.8797326,5696779.401767604,1,0.9811320754716981,4273970080.521064,324264120.0,3662994953.7202854,539937478.65,359958319.1,539937478.65,359958319.1,12939779847.453424,16380779847.453424,3441000000.0,1395853723.0,1395853723.0,0.0,False,767193316.9853293,767193316.9853293,0.0,1.0,716087184.5574926,51106132.42783669,2112884234.5465682,0.0,13,9464500000.0,9464500000.0,92
gm_then_andrew,baseline,,COMPOSITE,"{""gm_then_andrew"": 0.6900380575823134}",266548625724.7619,183928695946.3498,82619929778.4121,29956782770.286438,73114497877.8958,0.0,59740830193.47215,21116585104.69538,29956782770.286438,73114497877.8958,25733856006.045067,56886073772.367035,22.41273239771288,7.922226215677572,11.238768419395196,27.4300787254457,9.654469587330698,21.341724654437947,59740830193.47215,21116585104.69538,25733856006.045067,34,22,12,Universal P&C Insurance Co.;Florida Family Insurance Co.;First Protective Insurance Co.;Cypress P&C Insurance Co.;Florida Peninsula Insurance Co;Tower Hill Insurance Exchange;Kin Interinsurance Network;Unique Insurance Co.;Heritage P&C Insurance Co.;Florida Family Home Ins Co.;US Coastal P&C Insurance Co.;TypTap Insurance Co.;Homeowners Choice P&C Ins Co.;Edison Insurance Co.;Safe Harbor Insurance Co.;Spinnaker Specialty Ins Co.;GeoVera Specialty Insurance Co;Florida Farm Bureau Cas Ins Co;Universal North America Ins Co;QBE Specialty Insurance Co.;Auto Club Insurance Co. of FL;American Platinum P&C Ins Co.;FL Farm Bureau General Ins Co.;Castle Key Insurance Co.;Homesite Insurance Co.;PURE Specialty Exchange;State Farm FL Ins Co;AIG Property Casualty Co.;Foremost P&C Insurance Co.;ASI Preferred Insurance Corp.;Nationwide P&C Insurance Co.;ACE Ins Co. of the Midwest;Castle Key Indemnity Co.;First Liberty Insurance Corp.,Universal P&C Insurance Co.;Florida Family Insurance Co.;First Protective Insurance Co.;Cypress P&C Insurance Co.;Florida Peninsula Insurance Co;Tower Hill Insurance Exchange;Kin Interinsurance Network;Unique Insurance Co.;Heritage P&C Insurance Co.;Florida Family Home Ins Co.;US Coastal P&C Insurance Co.;TypTap Insurance Co.;Homeowners Choice P&C Ins Co.;Edison Insurance Co.;Safe Harbor Insurance Co.;Spinnaker Specialty Ins Co.;GeoVera Specialty Insurance Co;Florida Farm Bureau Cas Ins Co;Universal North America Ins Co;QBE Specialty Insurance Co.;American Platinum P&C Ins Co.;Castle Key Indemnity Co.,6352008294.798809,13,37.38475932985912,4289320930.286134,54552607.00102863,1,0.9811320754716981,14980425983.361635,286992840.0,15706801391.668509,539937478.65,359958319.1,539937478.65,359958319.1,22292856006.045067,25733856006.045067,3441000000.0,1395853723.0,1395853723.0,0.0,True,20024823754.216084,17000000000.0,3024823754.2160835,0.848946298287433,12778498978.631035,4221501021.368967,2377418134.8551393,0.0,14,9464500000.0,9464500000.0,93
gm_then_andrew,baseline,,COMPOSITE,"{""gm_then_andrew"": 0.7553234776110024}",266548625724.76184,201330434934.86066,65218190789.9012,45466877899.31058,75131771780.4414,0.0,63014182788.24567,17717602466.86302,45466877899.31058,75131771780.4414,20345882907.335022,44872307882.566185,23.640783221787878,6.647043262251977,17.05762983233674,28.186891444723667,7.63308490224376,16.834567336655994,63014182788.24567,17717602466.86302,20345882907.335022,36,23,13,Universal P&C Insurance Co.;Florida Family Insurance Co.;First Protective Insurance Co.;Spinnaker Insurance Co.;Cypress P&C Insurance Co.;Florida Peninsula Insurance Co;Tower Hill Insurance Exchange;Kin Interinsurance Network;Unique Insurance Co.;Heritage P&C Insurance Co.;Florida Family Home Ins Co.;US Coastal P&C Insurance Co.;TypTap Insurance Co.;Homeowners Choice P&C Ins Co.;Vault E&S Insurance Co.;Edison Insurance Co.;Safe Harbor Insurance Co.;Spinnaker Specialty Ins Co.;GeoVera Specialty Insurance Co;Florida Farm Bureau Cas Ins Co;Universal North America Ins Co;QBE Specialty Insurance Co.;Auto Club Insurance Co. of FL;American Platinum P&C Ins Co.;FL Farm Bureau General Ins Co.;Castle Key Insurance Co.;Homesite Insurance Co.;PURE Specialty Exchange;State Farm FL Ins Co;AIG Property Casualty Co.;Foremost P&C Insurance Co.;ASI Preferred Insurance Corp.;Nationwide P&C Insurance Co.;ACE Ins Co. of the Midwest;Castle Key Indemnity Co.;First Liberty Insurance Corp.,Universal P&C Insurance Co.;Florida Family Insurance Co.;First Protective Insurance Co.;Spinnaker Insurance Co.;Cypress P&C Insurance Co.;Florida Peninsula Insurance Co;Tower Hill Insurance Exchange;Kin Interinsurance Network;Unique Insurance Co.;Heritage P&C Insurance Co.;Florida Family Home Ins Co.;US Coastal P&C Insurance Co.;TypTap Insurance Co.;Homeowners Choice P&C Ins Co.;Vault E&S Insurance Co.;Edison Insurance Co.;Safe Harbor Insurance Co.;Spinnaker Specialty Ins Co.;GeoVera Specialty Insurance Co;Florida Farm Bureau Cas Ins Co;Universal North America Ins Co;QBE Specialty Insurance Co.;American Platinum P&C Ins Co.,7427497337.204031,13,36.189312511589605,3965017125.138174,62570402.90077099,1,0.9811320754716981,16185835663.907614,300194520.0,11767725590.81727,539937478.65,359958319.1,539937478.65,359958319.1,16904882907.335022,20345882907.335022,3441000000.0,1395853723.0,1395853723.0,0.0,True,28177426929.657322,17000000000.000002,11177426929.65732,0.6033198149156462,12170442194.401644,4829557805.598358,2530046077.033327,0.0,14,9464500000.0,9464500000.0,94
gm_then_andrew,baseline,,COMPOSITE,"{""gm_then_andrew"": 0.6681013051541289}",266548625724.76184,178081484733.7528,88467140991.00905,43046407407.58578,79972641384.60402,0.0,44039454872.32965,11022981069.233393,43046407407.58578,79972641384.60402,27544285224.455265,60922855766.553764,16.522109147096035,4.135448471835576,16.14955143382938,30.003021462651912,10.333681199653793,22.856188284933314,44039454872.32965,11022981069.233393,27544285224.455265,29,18,11,Universal P&C Insurance Co.;Florida Family Insurance Co.;First Protective Insurance Co.;Cypress P&C Insurance Co.;Florida Peninsula Insurance Co;Tower Hill Insurance Exchange;Kin Interinsurance Network;Heritage P&C Insurance Co.;Florida Family Home Ins Co.;US Coastal P&C Insurance Co.;TypTap Insurance Co.;Homeowners Choice P&C Ins Co.;Edison Insurance Co.;Safe Harbor Insurance Co.;GeoVera Specialty Insurance Co;Florida Farm Bureau Cas Ins Co;Universal North America Ins Co;Auto Club Insurance Co. of FL;American Platinum P&C Ins Co.;FL Farm Bureau General Ins Co.;Castle Key Insurance Co.;Homesite Insurance Co.;State Farm FL Ins Co;AIG Property Casualty Co.;Foremost P&C Insurance Co.;ASI Preferred Insurance Corp.;ACE Ins Co. of the Midwest;Castle Key Indemnity Co.;First Liberty Insurance Corp.,Universal P&C Insurance Co.;Florida Family Insurance Co.;First Protective Insurance Co.;Cypress P&C Insurance Co.;Florida Peninsula Insurance Co;Tower Hill Insurance Exchange;Kin Interinsurance Network;Heritage P&C Insurance Co.;Florida Family Home Ins Co.;US Coastal P&C Insurance Co.;TypTap Insurance Co.;Homeowners Choice P&C Ins Co.;Edison Insurance Co.;Safe Harbor Insurance Co.;GeoVera Specialty Insurance Co;Florida Farm Bureau Cas Ins Co;Universal North America Ins Co;American Platinum P&C Ins Co.,4152354890.207869,11,35.166819401784345,2144670156.3310761,24794885.776013814,1,0.9811320754716981,8584912977.904755,311486220.0,5062285373.736548,539937478.65,359958319.1,539937478.65,359958319.1,24103285224.455265,27544285224.455265,3441000000.0,1395853723.0,1395853723.0,0.0,True,18675542288.803246,17000000000.0,1675542288.8032455,0.9102814653040731,12114973683.609602,4885026316.390398,2172428602.350476,0.0,14,9464500000.0,9464500000.0,95
gm_then_andrew,baseline,,COMPOSITE,"{""gm_then_andrew"": 0.7407802996429586}",266548625724.76184,197453970833.80792,69094654890.95392,40691399994.34213,75797089321.00926,0.0,66465128858.14695,14500352660.309599,40691399994.34213,75797089321.00926,21546124119.341305,47548530771.612625,24.93546109173298,5.4400403006701925,15.266032561113288,28.436496010779415,8.083374679106333,17.838595356597803,66465128858.14695,14500352660.309599,21546124119.341305,36,22,14,Universal P&C Insurance Co.;Florida Family Insurance Co.;First Protective Insurance Co.;Cypress P&C Insurance Co.;Florida Peninsula Insurance Co;Tower Hill Insurance Exchange;Kin Interinsurance Network;Unique Insurance Co.;Heritage P&C Insurance Co.;Florida Family Home Ins Co.;US Coastal P&C Insurance Co.;TypTap Insurance Co.;Homeowners Choice P&C Ins Co.;Vault E&S Insurance Co.;Edison Insurance Co.;Safe Harbor Insurance Co.;Spinnaker Specialty Ins Co.;GeoVera Specialty Insurance Co;Florida Farm Bureau Cas Ins Co;Universal North America Ins Co;QBE Specialty Insurance Co.;Auto Club Insurance Co. of FL;American Platinum P&C Ins Co.;Privilege Underwriters Recpl;FL Farm Bureau General Ins Co.;Castle Key Insurance Co.;Homesite Insurance Co.;PURE Specialty Exchange;State Farm FL Ins Co;AIG Property Casualty Co.;Foremost P&C Insurance Co.;ASI Preferred Insurance Corp.;Nationwide P&C Insurance Co.;ACE Ins Co. of the Midwest;Castle Key Indemnity Co.;First Liberty Insurance Corp.,Universal P&C Insurance Co.;Florida Family Insurance Co.;First Protective Insurance Co.;Cypress P&C Insurance Co.;Florida Peninsula Insurance Co;Tower Hill Insurance Exchange;Kin Interinsurance Network;Unique Insurance Co.;Heritage P&C Insurance Co.;Florida Family Home Ins Co.;US Coastal P&C Insurance Co.;TypTap Insurance Co.;Homeowners Choice P&C Ins Co.;Vault E&S Insurance Co.;Edison Insurance Co.;Safe Harbor Insurance Co.;Spinnaker Specialty Ins Co.;GeoVera Specialty Insurance Co;Florida Farm Bureau Cas Ins Co;Universal North America Ins Co;QBE Specialty Insurance Co.;American Platinum P&C Ins Co.,7990547042.284596,14,35.89838321723671,5704092566.272488,72282598.93642679,1,0.9811320754716981,17906091020.592983,303407340.0,9388934546.042326,539937478.65,359958319.1,539937478.65,359958319.1,18105124119.341305,21546124119.341305,3441000000.0,1395853723.0,1395853723.0,0.0,True,26304947547.45778,17000000000.000002,9304947547.457777,0.6462662573012031,12966843316.697666,4033156683.302333,2516870964.1617126,0.0,14,9464500000.0,9464500000.0,96
gm_then_andrew,baseline,,COMPOSITE,"{""gm_then_andrew"": 0.813678386151461}",266548625724.7619,216884855610.6141,49663770114.14778,15983223479.139767,110562736083.25171,0.0,70212052078.10655,20126843970.116047,15983223479.139767,110562736083.25171,15529881459.300982,34133888654.84679,26.341179545456562,7.550908925300191,5.996363115990717,41.479387028398634,5.826284572683236,12.805876812170641,70212052078.10655,20126843970.116047,15529881459.300982,35,22,13,Universal P&C Insurance Co.;Florida Family Insurance Co.;First Protective Insurance Co.;Cypress P&C Insurance Co.;Florida Peninsula Insurance Co;Tower Hill Insurance Exchange;Kin Interinsurance Network;Unique Insurance Co.;Heritage P&C Insurance Co.;Florida Family Home Ins Co.;US Coastal P&C Insurance Co.;TypTap Insurance Co.;Homeowners Choice P&C Ins Co.;Vault E&S Insurance Co.;Edison Insurance Co.;Safe Harbor Insurance Co.;Spinnaker Specialty Ins Co.;GeoVera Specialty Insurance Co;Florida Farm Bureau Cas Ins Co;Universal North America Ins Co;QBE Specialty Insurance Co.;Auto Club Insurance Co. of FL;American Platinum P&C Ins Co.;FL Farm Bureau General Ins Co.;Castle Key Insurance Co.;Homesite Insurance Co.;PURE Specialty Exchange;State Farm FL Ins Co;AIG Property Casualty Co.;Foremost P&C Insurance Co.;ASI Preferred Insurance Corp.;Nationwide P&C Insurance Co.;ACE Ins Co. of the Midwest;Castle Key Indemnity Co.;First Liberty Insurance Corp.,Universal P&C Insurance Co.;Florida Family Insurance Co.;First Protective Insurance Co.;Cypress P&C Insurance Co.;Florida Peninsula Insurance Co;Tower Hill Insurance Exchange;Kin Interinsurance Network;Unique Insurance Co.;Heritage P&C Insurance Co.;Florida Family Home Ins Co.;US Coastal P&C Insurance Co.;TypTap Insurance Co.;Homeowners Choice P&C Ins Co.;Vault E&S Insurance Co.;Edison Insurance Co.;Safe Harbor Insurance Co.;Spinnaker Specialty Ins Co.;GeoVera Specialty Insurance Co;Florida Farm Bureau Cas Ins Co;Universal North America Ins Co;QBE Specialty Insurance Co.;American Platinum P&C Ins Co.,8513507679.6728735,13,35.89838321723671,4949653910.428637,79667893.73980698,1,0.9811320754716981,19514637212.438934,303407340.0,14987639653.213163,539937478.65,359958319.1,539937478.65,359958319.1,12088881459.300982,15529881459.300982,3441000000.0,1395853723.0,1395853723.0,0.0,True,22334374199.46627,17000000000.0,5334374199.46627,0.7611585553360278,13000382529.274918,3999617470.7250786,2492177815.0007067,0.0,14,9464500000.0,9464500000.0,97
gm_then_andrew,baseline,,COMPOSITE,"{""gm_then_andrew"": 0.6131236635157565}",266548625724.76184,163427269909.45624,103121355815.3056,19407117954.11375,65060744547.18589,0.0,59348857804.602196,19610549603.55443,19407117954.11375,65060744547.18589,32081562522.32517,71039793292.98044,22.265677657586515,7.35721279756448,7.280892145417979,24.408583751006702,12.035913685577428,26.651719962846908,59348857804.602196,19610549603.55443,32081562522.32517,34,21,13,Universal P&C Insurance Co.;Florida Family Insurance Co.;First Protective Insurance Co.;Cypress P&C Insurance Co.;Florida Peninsula Insurance Co;Tower Hill Insurance Exchange;Kin Interinsurance Network;Unique Insurance Co.;Heritage P&C Insurance Co.;Florida Family Home Ins Co.;US Coastal P&C Insurance Co.;TypTap Insurance Co.;Homeowners Choice P&C Ins Co.;Vault E&S Insurance Co.;Edison Insurance Co.;Safe Harbor Insurance Co.;GeoVera Specialty Insurance Co;Florida Farm Bureau Cas Ins Co;Universal North America Ins Co;QBE Specialty Insurance Co.;Auto Club Insurance Co. of FL;American Platinum P&C Ins Co.;FL Farm Bureau General Ins Co.;Castle Key Insurance Co.;Homesite Insurance Co.;PURE Specialty Exchange;State Farm FL Ins Co;AIG Property Casualty Co.;Foremost P&C Insurance Co.;ASI Preferred Insurance Corp.;Nationwide P&C Insurance Co.;ACE Ins Co. of the Midwest;Castle Key Indemnity Co.;First Liberty Insurance Corp.,Universal P&C Insurance Co.;Florida Family Insurance Co.;First Protective Insurance Co.;Cypress P&C Insurance Co.;Florida Peninsula Insurance Co;Tower Hill Insurance Exchange;Kin Interinsurance Network;Unique Insurance Co.;Heritage P&C Insurance Co.;Florida Family Home Ins Co.;US Coastal P&C Insurance Co.;TypTap Insurance Co.;Homeowners Choice P&C Ins Co.;Vault E&S Insurance Co.;Edison Insurance Co.;Safe Harbor Insurance Co.;GeoVera Specialty Insurance Co;Florida Farm Bureau Cas Ins Co;Universal North America Ins Co;QBE Specialty Insurance Co.;American Platinum P&C Ins Co.,6898260874.3800745,13,35.80938809441937,3249629384.3139606,44115232.5365603,1,0.9811320754716981,14533887185.712616,304390140.0,14300569575.97666,539937478.65,359958319.1,539937478.65,359958319.1,28640562522.32517,32081562522.32517,3441000000.0,1395853723.0,1395853723.0,0.0,True,24003279213.48683,17000000000.0,7003279213.486832,0.7082365642127819,12862113380.80877,4137886619.1912317,2289700171.739047,0.0,14,9464500000.0,9464500000.0,98
gm_then_andrew,baseline,,COMPOSITE,"{""gm_then_andrew"": 0.7481264380289931}",266548625724.76187,199412073924.9894,67136551799.77247,28592035409.43639,75537475687.70676,0.0,67420703742.613785,27861859085.232483,28592035409.43639,75537475687.70676,20939850988.434547,46196700811.33791,25.293960364377345,10.452824136487067,10.726761517412784,28.33909778462214,7.855921572095081,17.33143462500558,67420703742.613785,27861859085.232483,20939850988.434547,36,22,14,Universal P&C Insurance Co.;Florida Family Insurance Co.;First Protective Insurance Co.;Cypress P&C Insurance Co.;Florida Peninsula Insurance Co;Tower Hill Insurance Exchange;Kin Interinsurance Network;Unique Insurance Co.;Heritage P&C Insurance Co.;Florida Family Home Ins Co.;US Coastal P&C Insurance Co.;TypTap Insurance Co.;Homeowners Choice P&C Ins Co.;Vault E&S Insurance Co.;Edison Insurance Co.;Safe Harbor Insurance Co.;Spinnaker Specialty Ins Co.;GeoVera Specialty Insurance Co;Florida Farm Bureau Cas Ins Co;Universal North America Ins Co;QBE Specialty Insurance Co.;Auto Club Insurance Co. of FL;American Platinum P&C Ins Co.;Privilege Underwriters Recpl;FL Farm Bureau General Ins Co.;Castle Key Insurance Co.;Homesite Insurance Co.;PURE Specialty Exchange;State Farm FL Ins Co;AIG Property Casualty Co.;Foremost P&C Insurance Co.;ASI Preferred Insurance Corp.;Nationwide P&C Insurance Co.;ACE Ins Co. of the Midwest;Castle Key Indemnity Co.;First Liberty Insurance Corp.,Universal P&C Insurance Co.;Florida Family Insurance Co.;First Protective Insurance Co.;Cypress P&C Insurance Co.;Florida Peninsula Insurance Co;Tower Hill Insurance Exchange;Kin Interinsurance Network;Unique Insurance Co.;Heritage P&C Insurance Co.;Florida Family Home Ins Co.;US Coastal P&C Insurance Co.;TypTap Insurance Co.;Homeowners Choice P&C Ins Co.;Vault E&S Insurance Co.;Edison Insurance Co.;Safe Harbor Insurance Co.;Spinnaker Specialty Ins Co.;GeoVera Specialty Insurance Co;Florida Farm Bureau Cas Ins Co;Universal North America Ins Co;QBE Specialty Insurance Co.;American Platinum P&C Ins Co.,7697554690.4571705,14,35.89838321723671,4511273831.006318,62046955.01019941,1,0.9811320754716981,19411861858.31613,303407340.0,22086360992.373493,539937478.65,359958319.1,539937478.65,359958319.1,17498850988.434547,20939850988.434547,3441000000.0,1395853723.0,1395853723.0,0.0,True,22910409603.77593,17000000000.0,5910409603.7759285,0.7420207798117316,12448975863.50341,4551024136.4965925,2436529259.427467,0.0,14,9464500000.0,9464500000.0,99
gm_then_andrew,baseline,,COMPOSITE,"{""gm_then_andrew"": 0.8365475896826592}",266548625724.7619,222980610383.27487,43568015341.48704,50010629662.10809,116641466318.78491,0.0,43173286865.87979,13155227536.502062,50010629662.10809,116641466318.78491,13642497517.206814,29925517824.280224,16.197152301381784,4.9353949962158685,18.76229131781346,43.75992035285483,5.118202159216553,11.22703887251751,43173286865.87979,13155227536.502062,13642497517.206814,31,19,12,Universal P&C Insurance Co.;Florida Family Insurance Co.;First Protective Insurance Co.;Cypress P&C Insurance Co.;Florida Peninsula Insurance Co;Tower Hill Insurance Exchange;Kin Interinsurance Network;Heritage P&C Insurance Co.;Florida Family Home Ins Co.;US Coastal P&C Insurance Co.;TypTap Insurance Co.;Homeowners Choice P&C Ins Co.;Vault E&S Insurance Co.;Edison Insurance Co.;Safe Harbor Insurance Co.;GeoVera Specialty Insurance Co;Florida Farm Bureau Cas Ins Co;Universal North America Ins Co;Auto Club Insurance Co. of FL;American Platinum P&C Ins Co.;FL Farm Bureau General Ins Co.;Castle Key Insurance Co.;Homesite Insurance Co.;State Farm FL Ins Co;AIG Property Casualty Co.;Foremost P&C Insurance Co.;ASI Preferred Insurance Corp.;Nationwide P&C Insurance Co.;ACE Ins Co. of the Midwest;Castle Key Indemnity Co.;First Liberty Insurance Corp.,Universal P&C Insurance Co.;Florida Family Insurance Co.;First Protective Insurance Co.;Cypress P&C Insurance Co.;Florida Peninsula Insurance Co;Tower Hill Insurance Exchange;Kin Interinsurance Network;Heritage P&C Insurance Co.;Florida Family Home Ins Co.;US Coastal P&C Insurance Co.;TypTap Insurance Co.;Homeowners Choice P&C Ins Co.;Vault E&S Insurance Co.;Edison Insurance Co.;Safe Harbor Insurance Co.;GeoVera Specialty Insurance Co;Florida Farm Bureau Cas Ins Co;Universal North America Ins Co;American Platinum P&C Ins Co.,3494406110.43222,12,35.41856476294073,2065908371.3196125,19736589.526848726,1,0.9811320754716981,8661217434.38792,308706120.0,7482759088.754853,539937478.65,359958319.1,539937478.65,359958319.1,10201497517.206814,13642497517.206814,3441000000.0,1395853723.0,1395853723.0,0.0,True,17175244818.859179,17000000000.0,175244818.85917854,0.9897966625391708,12466377371.181467,4533622628.818532,2125000000.0,0.0,13,9464500000.0,9464500000.0,100
