scenario,policy_scenario,policy_severity,events,wind_shares,total_damage_usd,wind_total_usd,water_total_usd,underinsured_wind_usd,uninsured_wind_usd,nfip_policyholder_shortfall_usd,wind_insured_private_usd,wind_insured_citizens_usd,wind_underinsured_usd,wind_uninsured_usd,flood_insured_capped_usd,flood_un_derinsured_usd,wind_insured_private_pct,wind_insured_citizens_pct,wind_underinsured_pct,wind_uninsured_pct,flood_insured_capped_pct,flood_un_derinsured_pct,insured_private_wind_pre_usd,insured_citizens_wind_pre_usd,insured_flood_pre_usd,defaults_pre,defaults_post,rescued_defaults,default_companies_pre,default_companies_post,group_contrib_total_usd,group_supported_companies,defaulted_premium_base_pct,largest_entity_deficit_usd,diag_group_shortfall_total_usd,diag_groups_with_shortfall,diag_groups_fully_funded_share,figa_residual_deficit_usd,figa_collected_usd,citizens_residual_deficit_usd,citizens_tier1_usd,citizens_tier2_usd,citizens_tier1_capacity_usd,citizens_tier2_capacity_usd,nfip_borrowed_usd,nfip_claims_paid_usd,nfip_pool_used_usd,nfip_fl_premium_base_usd,nfip_fl_premium_depletion_usd,underinsured_flood_usd,fhcf_cap_binding,fhcf_total_precap_usd,fhcf_total_postcap_usd,fhcf_shortfall_usd,fhcf_scaling_factor,fhcf_recovery_private_usd,fhcf_recovery_citizens_usd,catbond_payout_usd,catbond_unfilled_usd,catbond_triggers,catbond_limit_in_force_usd,catbond_issue_volume_year_usd,iter
great_miami,baseline,,1926255N15314,"{""1926255N15314"": 0.6466763379335798}",170354720952.15982,110164367095.03961,60190353857.12022,18385226386.85963,34332037409.618645,0.0,42005550859.40461,15441552439.156727,18385226386.85963,34332037409.618645,17692182490.301872,42498171366.81834,24.657696965850974,9.064352518585693,10.79231986298912,20.153264445932205,10.385495859119931,24.946870347522076,42005550859.40461,15441552439.156727,17692182490.301872,29,18,11,Universal P&C Insurance Co.;Florida Family Insurance Co.;First Protective Insurance Co.;Cypress P&C Insurance Co.;Florida Peninsula Insurance Co;Tower Hill Insurance Exchange;Kin Interinsurance Network;Heritage P&C Insurance Co.;Florida Family Home Ins Co.;US Coastal P&C Insurance Co.;TypTap Insurance Co.;Homeowners Choice P&C Ins Co.;Edison Insurance Co.;Safe Harbor Insurance Co.;GeoVera Specialty Insurance Co;Florida Farm Bureau Cas Ins Co;Universal North America Ins Co;Auto Club Insurance Co. of FL;American Platinum P&C Ins Co.;FL Farm Bureau General Ins Co.;Castle Key Insurance Co.;Homesite Insurance Co.;State Farm FL Ins Co;AIG Property Casualty Co.;Foremost P&C Insurance Co.;ASI Preferred Insurance Corp.;ACE Ins Co. of the Midwest;Castle Key Indemnity Co.;First Liberty Insurance Corp.,Universal P&C Insurance Co.;Florida Family Insurance Co.;First Protective Insurance Co.;Cypress P&C Insurance Co.;Florida Peninsula Insurance Co;Tower Hill Insurance Exchange;Kin Interinsurance Network;Heritage P&C Insurance Co.;Florida Family Home Ins Co.;US Coastal P&C Insurance Co.;TypTap Insurance Co.;Homeowners Choice P&C Ins Co.;Edison Insurance Co.;Safe Harbor Insurance Co.;GeoVera Specialty Insurance Co;Florida Farm Bureau Cas Ins Co;Universal North America Ins Co;American Platinum P&C Ins Co.,3915646957.906398,11,35.166819401784345,1773735114.9757557,24611493.58725092,1,0.9811320754716981,7546700801.909877,311486220.0,9783615220.077938,539937478.65,359958319.1,539937478.65,359958319.1,14251182490.301872,17692182490.301872,3441000000.0,1395853723.0,1395853723.0,0.0,True,19455753207.480896,17000000000.0,2455753207.480896,0.8737775309291732,12537839780.117714,4462160219.882283,2151451673.5916805,0.0,14,9464500000.0,9464500000.0,1
great_miami,baseline,,1926255N15314,"{""1926255N15314"": 0.6374503055728079}",170354720952.1598,108592668926.7247,61762052025.435104,39206392290.314186,37120966685.91729,0.0,24664140470.681503,7601169479.811733,39206392290.314186,37120966685.91729,18151447156.4264,43610604869.0087,14.478107993031704,4.4619658541463885,23.014561657686258,21.790395052416457,10.655089013660982,25.59988042905822,24664140470.681503,7601169479.811733,18151447156.4264,26,17,9,Universal P&C Insurance Co.;Florida Family Insurance Co.;First Protective Insurance Co.;Cypress P&C Insurance Co.;Florida Peninsula Insurance Co;Tower Hill Insurance Exchange;Kin Interinsurance Network;Heritage P&C Insurance Co.;Florida Family Home Ins Co.;US Coastal P&C Insurance Co.;TypTap Insurance Co.;Homeowners Choice P&C Ins Co.;Edison Insurance Co.;Safe Harbor Insurance Co.;GeoVera Specialty Insurance Co;Universal North America Ins Co;Auto Club Insurance Co. of FL;American Platinum P&C Ins Co.;FL Farm Bureau General Ins Co.;Homesite Insurance Co.;State Farm FL Ins Co;AIG Property Casualty Co.;ASI Preferred Insurance Corp.;ACE Ins Co. of the Midwest;Castle Key Indemnity Co.;First Liberty Insurance Corp.,Universal P&C Insurance Co.;Florida Family Insurance Co.;First Protective Insurance Co.;Cypress P&C Insurance Co.;Florida Peninsula Insurance Co;Tower Hill Insurance Exchange;Kin Interinsurance Network;Heritage P&C Insurance Co.;Florida Family Home Ins Co.;US Coastal P&C Insurance Co.;TypTap Insurance Co.;Homeowners Choice P&C Ins Co.;Edison Insurance Co.;Safe Harbor Insurance Co.;GeoVera Specialty Insurance Co;Universal North America Ins Co;American Platinum P&C Ins Co.,1546458997.3402512,9,34.45361965929429,1158125879.2973504,1678870.730128143,1,0.9811320754716981,3851582379.901464,319362300.0,3226404048.7532477,539937478.65,359958319.1,539937478.65,359958319.1,14710447156.4264,18151447156.4264,3441000000.0,1395853723.0,1395853723.0,0.0,False,9194435928.109467,9194435928.109467,0.0,1.0,5924183582.90829,3270252345.201176,2124999999.9999998,0.0,13,9464500000.0,9464500000.0,2
great_miami,baseline,,1926255N15314,"{""1926255N15314"": 0.5310082183274566}",170354720952.15985,90459756856.47746,79894964095.68237,20923049238.884567,39672734627.25478,0.0,22272134103.290615,7591838887.047485,20923049238.884567,39672734627.25478,23450050905.984947,56444913189.69742,13.07397527864533,4.456488698766075,12.282048376434673,23.28830947889959,13.765424741337428,33.13375342591689,22272134103.290615,7591838887.047485,23450050905.984947,24,16,8,Universal P&C Insurance Co.;Florida Family Insurance Co.;First Protective Insurance Co.;Cypress P&C Insurance Co.;Florida Peninsula Insurance Co;Tower Hill Insurance Exchange;Kin Interinsurance Network;Heritage P&C Insurance Co.;Florida Family Home Ins Co.;US Coastal P&C Insurance Co.;TypTap Insurance Co.;Homeowners Choice P&C Ins Co.;Edison Insurance Co.;Safe Harbor Insurance Co.;GeoVera Specialty Insurance Co;Auto Club Insurance Co. of FL;American Platinum P&C Ins Co.;FL Farm Bureau General Ins Co.;State Farm FL Ins Co;AIG Property Casualty Co.;ASI Preferred Insurance Corp.;ACE Ins Co. of the Midwest;Castle Key Indemnity Co.;First Liberty Insurance Corp.,Universal P&C Insurance Co.;Florida Family Insurance Co.;First Protective Insurance Co.;Cypress P&C Insurance Co.;Florida Peninsula Insurance Co;Tower Hill Insurance Exchange;Kin Interinsurance Network;Heritage P&C Insurance Co.;Florida Family Home Ins Co.;US Coastal P&C Insurance Co.;TypTap Insurance Co.;Homeowners Choice P&C Ins Co.;Edison Insurance Co.;Safe Harbor Insurance Co.;GeoVera Specialty Insurance Co;American Platinum P&C Ins Co.,1326001397.2058895,8,34.139892835311265,1344536376.427181,1443083.6917219236,1,0.9811320754716981,4045252017.283018,322826880.0,4408226737.194172,539937478.65,359958319.1,539937478.65,359958319.1,20009050905.984947,23450050905.984947,3441000000.0,1395853723.0,1395853723.0,0.0,False,6218294271.380667,6218294271.380667,0.0,1.0,4191092193.8057566,2027202077.5749102,2114360576.9159951,0.0,13,9464500000.0,9464500000.0,3
great_miami,baseline,,1926255N15314,"{""1926255N15314"": 0.7056572148009131}",170354720952.1598,120212037915.28784,50142683036.87193,20689343904.420574,58906707752.42872,0.0,33819034013.916958,6796952244.521606,20689343904.420574,58906707752.42872,14756160627.059504,35386522409.81244,19.85212609600309,3.9898819395973035,12.144860904812084,34.57885253967884,8.662020368195979,20.772258151712702,33819034013.916958,6796952244.521606,14756160627.059504,27,17,10,Universal P&C Insurance Co.;Florida Family Insurance Co.;First Protective Insurance Co.;Cypress P&C Insurance Co.;Florida Peninsula Insurance Co;Tower Hill Insurance Exchange;Kin Interinsurance Network;Heritage P&C Insurance Co.;Florida Family Home Ins Co.;US Coastal P&C Insurance Co.;TypTap Insurance Co.;Homeowners Choice P&C Ins Co.;Edison Insurance Co.;Safe Harbor Insurance Co.;GeoVera Specialty Insurance Co;Universal North America Ins Co;Auto Club Insurance Co. of FL;American Platinum P&C Ins Co.;FL Farm Bureau General Ins Co.;Homesite Insurance Co.;State Farm FL Ins Co;AIG Property Casualty Co.;Foremost P&C Insurance Co.;ASI Preferred Insurance Corp.;ACE Ins Co. of the Midwest;Castle Key Indemnity Co.;First Liberty Insurance Corp.,Universal P&C Insurance Co.;Florida Family Insurance Co.;First Protective Insurance Co.;Cypress P&C Insurance Co.;Florida Peninsula Insurance Co;Tower Hill Insurance Exchange;Kin Interinsurance Network;Heritage P&C Insurance Co.;Florida Family Home Ins Co.;US Coastal P&C Insurance Co.;TypTap Insurance Co.;Homeowners Choice P&C Ins Co.;Edison Insurance Co.;Safe Harbor Insurance Co.;GeoVera Specialty Insurance Co;Universal North America Ins Co;American Platinum P&C Ins Co.,2374970870.22727,10,34.45361965929429,1457635741.6762097,5542197.466561791,1,0.9811320754716981,5674182114.98359,319362300.0,4598734737.81685,539937478.65,359958319.1,539937478.65,359958319.1,11315160627.059504,14756160627.059504,3441000000.0,1395853723.0,1395853723.0,0.0,False,11737295364.710419,11737295364.710419,0.0,1.0,10654655182.700878,1082640182.00954,2124999999.9999998,0.0,13,9464500000.0,9464500000.0,4
great_miami,baseline,,1926255N15314,"{""1926255N15314"": 0.7947765763247159}",170354720952.15982,135393941879.10995,34960779073.04987,12513427137.878815,88970788650.51201,0.0,27489920934.40242,6419805156.316696,12513427137.878815,88970788650.51201,10319868598.702013,24640910474.34787,16.136870631323642,3.7684926607461318,7.345512391988784,52.226781948413034,6.057870624906315,14.46447174262209,27489920934.40242,6419805156.316696,10319868598.702013,26,17,9,Universal P&C Insurance Co.;Florida Family Insurance Co.;First Protective Insurance Co.;Cypress P&C Insurance Co.;Florida Peninsula Insurance Co;Tower Hill Insurance Exchange;Kin Interinsurance Network;Heritage P&C Insurance Co.;Florida Family Home Ins Co.;US Coastal P&C Insurance Co.;TypTap Insurance Co.;Homeowners Choice P&C Ins Co.;Edison Insurance Co.;Safe Harbor Insurance Co.;GeoVera Specialty Insurance Co;Universal North America Ins Co;Auto Club Insurance Co. of FL;American Platinum P&C Ins Co.;FL Farm Bureau General Ins Co.;Homesite Insurance Co.;State Farm FL Ins Co;AIG Property Casualty Co.;ASI Preferred Insurance Corp.;ACE Ins Co. of the Midwest;Castle Key Indemnity Co.;First Liberty Insurance Corp.,Universal P&C Insurance Co.;Florida Family Insurance Co.;First Protective Insurance Co.;Cypress P&C Insurance Co.;Florida Peninsula Insurance Co;Tower Hill Insurance Exchange;Kin Interinsurance Network;Heritage P&C Insurance Co.;Florida Family Home Ins Co.;US Coastal P&C Insurance Co.;TypTap Insurance Co.;Homeowners Choice P&C Ins Co.;Edison Insurance Co.;Safe Harbor Insurance Co.;GeoVera Specialty Insurance Co;Universal North America Ins Co;American Platinum P&C Ins Co.,1891795261.6559243,9,34.45361965929429,1368776535.4905434,7051779.727152973,1,0.9811320754716981,4767747676.088385,319362300.0,3678635683.113757,539937478.65,359958319.1,539937478.65,359958319.1,6878868598.702013,10319868598.702013,3441000000.0,1395853723.0,1395853723.0,0.0,False,8288322269.080768,8288322269.080768,0.0,1.0,6650485761.367061,1637836507.7137067,2125000000.0,0.0,13,9464500000.0,9464500000.0,5
great_miami,baseline,,1926255N15314,"{""1926255N15314"": 0.7464213169812842}",170354720952.15982,127156395167.09033,43198325785.06948,32636700488.461937,44092583863.48827,0.0,37260359419.39698,13166751395.743147,32636700488.461937,44092583863.48827,12726955542.39751,30471370242.67197,21.87222004247284,7.729020553202471,19.158083970932157,25.882807131520973,7.47085579505107,17.887012506820486,37260359419.39698,13166751395.743147,12726955542.39751,28,18,10,Universal P&C Insurance Co.;Florida Family Insurance Co.;First Protective Insurance Co.;Cypress P&C Insurance Co.;Florida Peninsula Insurance Co;Tower Hill Insurance Exchange;Kin Interinsurance Network;Heritage P&C Insurance Co.;Florida Family Home Ins Co.;US Coastal P&C Insurance Co.;TypTap Insurance Co.;Homeowners Choice P&C Ins Co.;Edison Insurance Co.;Safe Harbor Insurance Co.;GeoVera Specialty Insurance Co;Florida Farm Bureau Cas Ins Co;Universal North America Ins Co;Auto Club Insurance Co. of FL;American Platinum P&C Ins Co.;FL Farm Bureau General Ins Co.;Homesite Insurance Co.;State Farm FL Ins Co;AIG Property Casualty Co.;Foremost P&C Insurance Co.;ASI Preferred Insurance Corp.;ACE Ins Co. of the Midwest;Castle Key Indemnity Co.;First Liberty Insurance Corp.,Universal P&C Insurance Co.;Florida Family Insurance Co.;First Protective Insurance Co.;Cypress P&C Insurance Co.;Florida Peninsula Insurance Co;Tower Hill Insurance Exchange;Kin Interinsurance Network;Heritage P&C Insurance Co.;Florida Family Home Ins Co.;US Coastal P&C Insurance Co.;TypTap Insurance Co.;Homeowners Choice P&C Ins Co.;Edison Insurance Co.;Safe Harbor Insurance Co.;GeoVera Specialty Insurance Co;Florida Farm Bureau Cas Ins Co;Universal North America Ins Co;American Platinum P&C Ins Co.,2792005647.2992754,10,35.166819401784345,1577343499.4434128,17498426.64843723,1,0.9811320754716981,6390421580.419754,311486220.0,7018562765.690344,539937478.65,359958319.1,539937478.65,359958319.1,9285955542.39751,12726955542.39751,3441000000.0,1395853723.0,1395853723.0,0.0,True,17976267099.42177,17000000000.0,976267099.4217682,0.9456913332438651,12018617835.242332,4981382164.7576685,2125000000.0000002,0.0,13,9464500000.0,9464500000.0,6
great_miami,baseline,,1926255N15314,"{""1926255N15314"": 0.690344131267792}",170354720952.15982,117603381843.0859,52751339109.073906,13151360134.093857,63119903082.52749,0.0,33382429830.43761,7949688796.02696,13151360134.093857,63119903082.52749,15518433933.847202,37232905175.2267,19.595834881389813,4.66655033191563,7.71998572190266,37.05204219157111,9.109482758746202,21.856104114474583,33382429830.43761,7949688796.02696,15518433933.847202,26,18,8,Universal P&C Insurance Co.;Florida Family Insurance Co.;First Protective Insurance Co.;Cypress P&C Insurance Co.;Florida Peninsula Insurance Co;Tower Hill Insurance Exchange;Kin Interinsurance Network;Heritage P&C Insurance Co.;Florida Family Home Ins Co.;US Coastal P&C Insurance Co.;TypTap Insurance Co.;Homeowners Choice P&C Ins Co.;Edison Insurance Co.;Safe Harbor Insurance Co.;GeoVera Specialty Insurance Co;Florida Farm Bureau Cas Ins Co;Universal North America Ins Co;American Platinum P&C Ins Co.;FL Farm Bureau General Ins Co.;Homesite Insurance Co.;State Farm FL Ins Co;AIG Property Casualty Co.;ASI Preferred Insurance Corp.;ACE Ins Co. of the Midwest;Castle Key Indemnity Co.;First Liberty Insurance Corp.,Universal P&C Insurance Co.;Florida Family Insurance Co.;First Protective Insurance Co.;Cypress P&C Insurance Co.;Florida Peninsula Insurance Co;Tower Hill Insurance Exchange;Kin Interinsurance Network;Heritage P&C Insurance Co.;Florida Family Home Ins Co.;US Coastal P&C Insurance Co.;TypTap Insurance Co.;Homeowners Choice P&C Ins Co.;Edison Insurance Co.;Safe Harbor Insurance Co.;GeoVera Specialty Insurance Co;Florida Farm Bureau Cas Ins Co;Universal North America Ins Co;American Platinum P&C Ins Co.,2325776362.7690473,8,35.166819401784345,1350211299.6473331,5733275.67105443,1,0.9811320754716981,5001239739.056142,311486220.0,3363224311.0566664,539937478.65,359958319.1,539937478.65,359958319.1,12077433933.847202,15518433933.847202,3441000000.0,1395853723.0,1395853723.0,0.0,False,14578393054.346977,14578393054.346977,0.0,1.0,11072889306.647692,3505503747.6992846,2125000000.0,0.0,13,9464500000.0,9464500000.0,7
great_miami,baseline,,1926255N15314,"{""1926255N15314"": 0.5880049308616303}",170354720952.15985,100169415915.4271,70185305036.73274,19494173314.13713,49565779619.50188,0.0,25351100356.80065,5758362624.987415,19494173314.13713,49565779619.50188,20612799189.4721,49572505847.260635,14.881360619245717,3.380218988239555,11.44328328864547,29.095630190032285,12.099928357876694,29.099578555960253,25351100356.80065,5758362624.987415,20612799189.4721,26,17,9,Universal P&C Insurance Co.;Florida Family Insurance Co.;First Protective Insurance Co.;Cypress P&C Insurance Co.;Florida Peninsula Insurance Co;Tower Hill Insurance Exchange;Kin Interinsurance Network;Heritage P&C Insurance Co.;Florida Family Home Ins Co.;US Coastal P&C Insurance Co.;TypTap Insurance Co.;Homeowners Choice P&C Ins Co.;Edison Insurance Co.;Safe Harbor Insurance Co.;GeoVera Specialty Insurance Co;Universal North America Ins Co;Auto Club Insurance Co. of FL;American Platinum P&C Ins Co.;FL Farm Bureau General Ins Co.;Homesite Insurance Co.;State Farm FL Ins Co;AIG Property Casualty Co.;ASI Preferred Insurance Corp.;ACE Ins Co. of the Midwest;Castle Key Indemnity Co.;First Liberty Insurance Corp.,Universal P&C Insurance Co.;Florida Family Insurance Co.;First Protective Insurance Co.;Cypress P&C Insurance Co.;Florida Peninsula Insurance Co;Tower Hill Insurance Exchange;Kin Interinsurance Network;Heritage P&C Insurance Co.;Florida Family Home Ins Co.;US Coastal P&C Insurance Co.;TypTap Insurance Co.;Homeowners Choice P&C Ins Co.;Edison Insurance Co.;Safe Harbor Insurance Co.;GeoVera Specialty Insurance Co;Universal North America Ins Co;American Platinum P&C Ins Co.,1845826863.6149898,9,34.45361965929429,1737899500.8488767,6436621.551731564,1,0.9811320754716981,5097384775.423533,319362300.0,3402672372.9594736,539937478.65,359958319.1,539937478.65,359958319.1,17171799189.4721,20612799189.4721,3441000000.0,1395853723.0,1395853723.0,0.0,False,5676371244.666029,5676371244.666029,0.0,1.0,4413231008.542374,1263140236.1236548,2124999999.9999998,0.0,13,9464500000.0,9464500000.0,8
great_miami,baseline,,1926255N15314,"{""1926255N15314"": 0.8060693487176859}",170354720952.1598,137317718968.89058,33037001983.269226,34437225309.633865,44515994616.43974,0.0,44974226685.719765,13390272357.097214,34437225309.633865,44515994616.43974,9757723232.21386,23279278751.05537,26.400340674063116,7.8602296914668806,20.215010841586697,26.13135366465191,5.727885424997463,13.665179703233948,44974226685.719765,13390272357.097214,9757723232.21386,31,19,12,Universal P&C Insurance Co.;Florida Family Insurance Co.;First Protective Insurance Co.;Cypress P&C Insurance Co.;Florida Peninsula Insurance Co;Tower Hill Insurance Exchange;Kin Interinsurance Network;Heritage P&C Insurance Co.;Florida Family Home Ins Co.;US Coastal P&C Insurance Co.;TypTap Insurance Co.;Homeowners Choice P&C Ins Co.;Vault E&S Insurance Co.;Edison Insurance Co.;Safe Harbor Insurance Co.;GeoVera Specialty Insurance Co;Florida Farm Bureau Cas Ins Co;Universal North America Ins Co;Auto Club Insurance Co. of FL;American Platinum P&C Ins Co.;FL Farm Bureau General Ins Co.;Castle Key Insurance Co.;Homesite Insurance Co.;State Farm FL Ins Co;AIG Property Casualty Co.;Foremost P&C Insurance Co.;ASI Preferred Insurance Corp.;Nationwide P&C Insurance Co.;ACE Ins Co. of the Midwest;Castle Key Indemnity Co.;First Liberty Insurance Corp.,Universal P&C Insurance Co.;Florida Family Insurance Co.;First Protective Insurance Co.;Cypress P&C Insurance Co.;Florida Peninsula Insurance Co;Tower Hill Insurance Exchange;Kin Interinsurance Network;Heritage P&C Insurance Co.;Florida Family Home Ins Co.;US Coastal P&C Insurance Co.;TypTap Insurance Co.;Homeowners Choice P&C Ins Co.;Vault E&S Insurance Co.;Edison Insurance Co.;Safe Harbor Insurance Co.;GeoVera Specialty Insurance Co;Florida Farm Bureau Cas Ins Co;Universal North America Ins Co;American Platinum P&C Ins Co.,3916168105.855366,12,35.41856476294073,2339362048.1361666,19365476.280600823,1,0.9811320754716981,9091556975.015808,308706120.0,8004465426.112354,539937478.65,359958319.1,539937478.65,359958319.1,6316723232.21386,9757723232.21386,3441000000.0,1395853723.0,1395853723.0,0.0,True,18294822288.137894,17000000000.0,1294822288.1378937,0.9292246588819046,12755078921.63067,4244921078.3693323,2125000000.0,0.0,13,9464500000.0,9464500000.0,9
great_miami,baseline,,1926255N15314,"{""1926255N15314"": 0.7272475603435673}",170354720952.1598,123890055205.4674,46464665746.69239,20377106957.555706,47237853852.09264,0.0,44694229812.80218,11580864583.016897,20377106957.555706,47237853852.09264,13681410133.085438,32783255613.606945,26.235979586003683,6.798088434701564,11.961574556702862,27.72911345694864,8.031130605959284,19.24411335968398,44694229812.80218,11580864583.016897,13681410133.085438,31,19,12,Universal P&C Insurance Co.;Florida Family Insurance Co.;First Protective Insurance Co.;Cypress P&C Insurance Co.;Florida Peninsula Insurance Co;Tower Hill Insurance Exchange;Kin Interinsurance Network;Heritage P&C Insurance Co.;Florida Family Home Ins Co.;US Coastal P&C Insurance Co.;TypTap Insurance Co.;Homeowners Choice P&C Ins Co.;Vault E&S Insurance Co.;Edison Insurance Co.;Safe Harbor Insurance Co.;GeoVera Specialty Insurance Co;Florida Farm Bureau Cas Ins Co;Universal North America Ins Co;Auto Club Insurance Co. of FL;American Platinum P&C Ins Co.;FL Farm Bureau General Ins Co.;Castle Key Insurance Co.;Homesite Insurance Co.;State Farm FL Ins Co;AIG Property Casualty Co.;Foremost P&C Insurance Co.;ASI Preferred Insurance Corp.;Nationwide P&C Insurance Co.;ACE Ins Co. of the Midwest;Castle Key Indemnity Co.;First Liberty Insurance Corp.,Universal P&C Insurance Co.;Florida Family Insurance Co.;First Protective Insurance Co.;Cypress P&C Insurance Co.;Florida Peninsula Insurance Co;Tower Hill Insurance Exchange;Kin Interinsurance Network;Heritage P&C Insurance Co.;Florida Family Home Ins Co.;US Coastal P&C Insurance Co.;TypTap Insurance Co.;Homeowners Choice P&C Ins Co.;Vault E&S Insurance Co.;Edison Insurance Co.;Safe Harbor Insurance Co.;GeoVera Specialty Insurance Co;Florida Farm Bureau Cas Ins Co;Universal North America Ins Co;American Platinum P&C Ins Co.,4114376840.937097,12,35.41856476294073,2350442116.2154183,32080546.49993907,1,0.9811320754716981,9523330706.121096,308706120.0,5955662843.567977,539937478.65,359958319.1,539937478.65,359958319.1,10240410133.085438,13681410133.085438,3441000000.0,1395853723.0,1395853723.0,0.0,True,22344493451.72012,17000000000.0,5344493451.720119,0.7608138460033566,12470387143.188536,4529612856.811464,2125000000.0,0.0,13,9464500000.0,9464500000.0,10
great_miami,baseline,,1926255N15314,"{""1926255N15314"": 0.7038968348903806}",170354720952.15982,119912148886.85931,50442572065.3005,6583792795.698567,54850546723.73707,0.0,46396923928.311325,12080885439.112352,6583792795.698567,54850546723.73707,14843790960.473528,35598781104.826965,27.235478810910575,7.091605898321414,3.864755117380911,32.19784366242517,8.713460288923876,20.89685622203805,46396923928.311325,12080885439.112352,14843790960.473528,31,19,12,Universal P&C Insurance Co.;Florida Family Insurance Co.;First Protective Insurance Co.;Cypress P&C Insurance Co.;Florida Peninsula Insurance Co;Tower Hill Insurance Exchange;Kin Interinsurance Network;Heritage P&C Insurance Co.;Florida Family Home Ins Co.;US Coastal P&C Insurance Co.;TypTap Insurance Co.;Homeowners Choice P&C Ins Co.;Vault E&S Insurance Co.;Edison Insurance Co.;Safe Harbor Insurance Co.;GeoVera Specialty Insurance Co;Florida Farm Bureau Cas Ins Co;Universal North America Ins Co;Auto Club Insurance Co. of FL;American Platinum P&C Ins Co.;FL Farm Bureau General Ins Co.;Castle Key Insurance Co.;Homesite Insurance Co.;State Farm FL Ins Co;AIG Property Casualty Co.;Foremost P&C Insurance Co.;ASI Preferred Insurance Corp.;Nationwide P&C Insurance Co.;ACE Ins Co. of the Midwest;Castle Key Indemnity Co.;First Liberty Insurance Corp.,Universal P&C Insurance Co.;Florida Family Insurance Co.;First Protective Insurance Co.;Cypress P&C Insurance Co.;Florida Peninsula Insurance Co;Tower Hill Insurance Exchange;Kin Interinsurance Network;Heritage P&C Insurance Co.;Florida Family Home Ins Co.;US Coastal P&C Insurance Co.;TypTap Insurance Co.;Homeowners Choice P&C Ins Co.;Vault E&S Insurance Co.;Edison Insurance Co.;Safe Harbor Insurance Co.;GeoVera Specialty Insurance Co;Florida Farm Bureau Cas Ins Co;Universal North America Ins Co;American Platinum P&C Ins Co.,4167138886.066645,12,35.41856476294073,2814246513.4053283,34943526.800320216,1,0.9811320754716981,9666173569.293207,308706120.0,7386459378.314115,539937478.65,359958319.1,539937478.65,359958319.1,11402790960.473528,14843790960.473528,3441000000.0,1395853723.0,1395853723.0,0.0,True,21748068959.97809,17000000000.000002,4748068959.978086,0.7816785955242405,13429104721.947884,3570895278.052119,2125000000.0,0.0,13,9464500000.0,9464500000.0,11
great_miami,baseline,,1926255N15314,"{""1926255N15314"": 0.8894665170830168}",170354720952.1598,151524820313.96683,18829900638.192974,14152148148.157318,47784501766.25507,0.0,67428089786.03355,22160080613.520916,14152148148.157318,47784501766.25507,5606277498.304628,13223623139.888346,39.58099277152946,13.00819871011621,8.307458736134247,28.050001490521797,3.2909434308421797,7.762404860856129,67428089786.03355,22160080613.520916,5606277498.304628,36,23,13,Universal P&C Insurance Co.;Florida Family Insurance Co.;First Protective Insurance Co.;Spinnaker Insurance Co.;Cypress P&C Insurance Co.;Florida Peninsula Insurance Co;Tower Hill Insurance Exchange;Kin Interinsurance Network;Unique Insurance Co.;Heritage P&C Insurance Co.;Florida Family Home Ins Co.;US Coastal P&C Insurance Co.;TypTap Insurance Co.;Homeowners Choice P&C Ins Co.;Vault E&S Insurance Co.;Edison Insurance Co.;Safe Harbor Insurance Co.;Spinnaker Specialty Ins Co.;GeoVera Specialty Insurance Co;Florida Farm Bureau Cas Ins Co;Universal North America Ins Co;QBE Specialty Insurance Co.;Auto Club Insurance Co. of FL;American Platinum P&C Ins Co.;FL Farm Bureau General Ins Co.;Castle Key Insurance Co.;Homesite Insurance Co.;PURE Specialty Exchange;State Farm FL Ins Co;AIG Property Casualty Co.;Foremost P&C Insurance Co.;ASI Preferred Insurance Corp.;Nationwide P&C Insurance Co.;ACE Ins Co. of the Midwest;Castle Key Indemnity Co.;First Liberty Insurance Corp.,Universal P&C Insurance Co.;Florida Family Insurance Co.;First Protective Insurance Co.;Spinnaker Insurance Co.;Cypress P&C Insurance Co.;Florida Peninsula Insurance Co;Tower Hill Insurance Exchange;Kin Interinsurance Network;Unique Insurance Co.;Heritage P&C Insurance Co.;Florida Family Home Ins Co.;US Coastal P&C Insurance Co.;TypTap Insurance Co.;Homeowners Choice P&C Ins Co.;Vault E&S Insurance Co.;Edison Insurance Co.;Safe Harbor Insurance Co.;Spinnaker Specialty Ins Co.;GeoVera Specialty Insurance Co;Florida Farm Bureau Cas Ins Co;Universal North America Ins Co;QBE Specialty Insurance Co.;American Platinum P&C Ins Co.,8226614052.782991,13,36.189312511589605,4359804879.211103,67081503.93440825,1,0.9811320754716981,18270151477.502888,300194520.0,16339156782.488022,539937478.65,359958319.1,539937478.65,359958319.1,2165277498.3046284,5606277498.304628,3441000000.0,1395853723.0,1395853723.0,0.0,True,26340631061.327957,17000000000.000002,9340631061.327955,0.645390763813498,12341783828.999065,4658216171.000935,2575000000.0,0.0,14,9464500000.0,9464500000.0,12
great_miami,baseline,,1926255N15314,"{""1926255N15314"": 0.7113102758533727}",170354720952.1598,121175063553.40514,49179657398.75467,20854205150.147324,41215787046.26279,0.0,46656334672.068405,12448736684.926632,20854205150.147324,41215787046.26279,14474755674.712013,34704901724.042656,27.387755626197624,7.307538420624442,12.241636177493284,24.194097361021942,8.496832722808378,20.372139691854347,46656334672.068405,12448736684.926632,14474755674.712013,31,19,12,Universal P&C Insurance Co.;Florida Family Insurance Co.;First Protective Insurance Co.;Cypress P&C Insurance Co.;Florida Peninsula Insurance Co;Tower Hill Insurance Exchange;Kin Interinsurance Network;Heritage P&C Insurance Co.;Florida Family Home Ins Co.;US Coastal P&C Insurance Co.;TypTap Insurance Co.;Homeowners Choice P&C Ins Co.;Vault E&S Insurance Co.;Edison Insurance Co.;Safe Harbor Insurance Co.;GeoVera Specialty Insurance Co;Florida Farm Bureau Cas Ins Co;Universal North America Ins Co;Auto Club Insurance Co. of FL;American Platinum P&C Ins Co.;FL Farm Bureau General Ins Co.;Castle Key Insurance Co.;Homesite Insurance Co.;State Farm FL Ins Co;AIG Property Casualty Co.;Foremost P&C Insurance Co.;ASI Preferred Insurance Corp.;Nationwide P&C Insurance Co.;ACE Ins Co. of the Midwest;Castle Key Indemnity Co.;First Liberty Insurance Corp.,Universal P&C Insurance Co.;Florida Family Insurance Co.;First Protective Insurance Co.;Cypress P&C Insurance Co.;Florida Peninsula Insurance Co;Tower Hill Insurance Exchange;Kin Interinsurance Network;Heritage P&C Insurance Co.;Florida Family Home Ins Co.;US Coastal P&C Insurance Co.;TypTap Insurance Co.;Homeowners Choice P&C Ins Co.;Vault E&S Insurance Co.;Edison Insurance Co.;Safe Harbor Insurance Co.;GeoVera Specialty Insurance Co;Florida Farm Bureau Cas Ins Co;Universal North America Ins Co;American Platinum P&C Ins Co.,3951231505.2345867,12,35.41856476294073,2901976395.404572,35801273.57925365,1,0.9811320754716981,10042506154.825615,308706120.0,7466870419.0552225,539937478.65,359958319.1,539937478.65,359958319.1,11033755674.712013,14474755674.712013,3441000000.0,1395853723.0,1395853723.0,0.0,True,20121178683.184082,17000000000.0,3121178683.184082,0.8448809221205043,13140381337.558489,3859618662.4415116,2151179775.170005,0.0,14,9464500000.0,9464500000.0,13
great_miami,baseline,,1926255N15314,"{""1926255N15314"": 0.8148852490539027}",170354720952.15982,138819549210.60886,31535171741.55096,21106937583.79624,59438918442.86632,0.0,45874773277.47436,12398919906.471949,21106937583.79624,59438918442.86632,9318874617.10224,22216297124.448723,26.928970926703716,7.278295451497289,12.389992755013603,34.89126577217567,5.470276705580252,13.041198389029473,45874773277.47436,12398919906.471949,9318874617.10224,30,20,10,Universal P&C Insurance Co.;Florida Family Insurance Co.;First Protective Insurance Co.;Cypress P&C Insurance Co.;Florida Peninsula Insurance Co;Tower Hill Insurance Exchange;Kin Interinsurance Network;Heritage P&C Insurance Co.;Florida Family Home Ins Co.;US Coastal P&C Insurance Co.;TypTap Insurance Co.;Homeowners Choice P&C Ins Co.;Vault E&S Insurance Co.;Edison Insurance Co.;Safe Harbor Insurance Co.;GeoVera Specialty Insurance Co;Florida Farm Bureau Cas Ins Co;Universal North America Ins Co;Auto Club Insurance Co. of FL;American Platinum P&C Ins Co.;FL Farm Bureau General Ins Co.;Castle Key Insurance Co.;Homesite Insurance Co.;State Farm FL Ins Co;AIG Property Casualty Co.;Foremost P&C Insurance Co.;ASI Preferred Insurance Corp.;ACE Ins Co. of the Midwest;Castle Key Indemnity Co.;First Liberty Insurance Corp.,Universal P&C Insurance Co.;Florida Family Insurance Co.;First Protective Insurance Co.;Cypress P&C Insurance Co.;Florida Peninsula Insurance Co;Tower Hill Insurance Exchange;Kin Interinsurance Network;Heritage P&C Insurance Co.;Florida Family Home Ins Co.;US Coastal P&C Insurance Co.;TypTap Insurance Co.;Homeowners Choice P&C Ins Co.;Vault E&S Insurance Co.;Edison Insurance Co.;Safe Harbor Insurance Co.;GeoVera Specialty Insurance Co;Florida Farm Bureau Cas Ins Co;Universal North America Ins Co;American Platinum P&C Ins Co.;Castle Key Indemnity Co.,4292152990.20724,11,37.15668623671953,2184507296.2566247,38940415.349101104,1,0.9811320754716981,9380983809.38651,289511520.0,6646253098.352805,539937478.65,359958319.1,539937478.65,359958319.1,5877874617.10224,9318874617.10224,3441000000.0,1395853723.0,1395853723.0,0.0,True,23148521721.089935,17000000000.0,6148521721.089935,0.7343881481862318,12351921531.431324,4648078468.568678,2125000000.0,0.0,13,9464500000.0,9464500000.0,14
great_miami,baseline,,1926255N15314,"{""1926255N15314"": 0.664826105822245}",170354720952.15982,113256265739.05962,57098455213.1002,24233351249.090378,35613125679.16328,0.0,40153385974.91397,13256402835.891998,24233351249.090378,35613125679.16328,16788701257.668505,40309753955.43168,23.570456838815826,7.7816468846876,14.22523022176518,20.905276636955897,9.85514294164071,23.662246476134783,40153385974.91397,13256402835.891998,16788701257.668505,29,18,11,Universal P&C Insurance Co.;Florida Family Insurance Co.;First Protective Insurance Co.;Cypress P&C Insurance Co.;Florida Peninsula Insurance Co;Tower Hill Insurance Exchange;Kin Interinsurance Network;Heritage P&C Insurance Co.;Florida Family Home Ins Co.;US Coastal P&C Insurance Co.;TypTap Insurance Co.;Homeowners Choice P&C Ins Co.;Edison Insurance Co.;Safe Harbor Insurance Co.;GeoVera Specialty Insurance Co;Florida Farm Bureau Cas Ins Co;Universal North America Ins Co;Auto Club Insurance Co. of FL;American Platinum P&C Ins Co.;FL Farm Bureau General Ins Co.;Castle Key Insurance Co.;Homesite Insurance Co.;State Farm FL Ins Co;AIG Property Casualty Co.;Foremost P&C Insurance Co.;ASI Preferred Insurance Corp.;ACE Ins Co. of the Midwest;Castle Key Indemnity Co.;First Liberty Insurance Corp.,Universal P&C Insurance Co.;Florida Family Insurance Co.;First Protective Insurance Co.;Cypress P&C Insurance Co.;Florida Peninsula Insurance Co;Tower Hill Insurance Exchange;Kin Interinsurance Network;Heritage P&C Insurance Co.;Florida Family Home Ins Co.;US Coastal P&C Insurance Co.;TypTap Insurance Co.;Homeowners Choice P&C Ins Co.;Edison Insurance Co.;Safe Harbor Insurance Co.;GeoVera Specialty Insurance Co;Florida Farm Bureau Cas Ins Co;Universal North America Ins Co;American Platinum P&C Ins Co.,3311554357.9386926,11,35.166819401784345,1886489766.507052,17471535.487087034,1,0.9811320754716981,7954464615.552772,311486220.0,6796745646.816813,539937478.65,359958319.1,539937478.65,359958319.1,13347701257.668505,16788701257.668505,3441000000.0,1395853723.0,1395853723.0,0.0,True,22681771827.652073,17000000000.0,5681771827.652073,0.7495005297282268,11677763788.100887,5322236211.899109,2125000000.0,0.0,13,9464500000.0,9464500000.0,15
great_miami,baseline,,1926255N15314,"{""1926255N15314"": 0.8943878662381811}",170354720952.15982,152363195376.003,17991525576.156826,31400847347.200478,49117133069.65817,0.0,57079193534.64489,14766021424.499456,31400847347.200478,49117133069.65817,5361296591.209735,12630228984.947088,33.506082611396636,8.667808759257193,18.432625272544502,28.832269980619778,3.1471370803485574,7.414076295833325,57079193534.64489,14766021424.499456,5361296591.209735,34,21,13,Universal P&C Insurance Co.;Florida Family Insurance Co.;First Protective Insurance Co.;Cypress P&C Insurance Co.;Florida Peninsula Insurance Co;Tower Hill Insurance Exchange;Kin Interinsurance Network;Unique Insurance Co.;Heritage P&C Insurance Co.;Florida Family Home Ins Co.;US Coastal P&C Insurance Co.;TypTap Insurance Co.;Homeowners Choice P&C Ins Co.;Vault E&S Insurance Co.;Edison Insurance Co.;Safe Harbor Insurance Co.;Spinnaker Specialty Ins Co.;GeoVera Specialty Insurance Co;Florida Farm Bureau Cas Ins Co;Universal North America Ins Co;Auto Club Insurance Co. of FL;American Platinum P&C Ins Co.;FL Farm Bureau General Ins Co.;Castle Key Insurance Co.;Homesite Insurance Co.;PURE Specialty Exchange;State Farm FL Ins Co;AIG Property Casualty Co.;Foremost P&C Insurance Co.;ASI Preferred Insurance Corp.;Nationwide P&C Insurance Co.;ACE Ins Co. of the Midwest;Castle Key Indemnity Co.;First Liberty Insurance Corp.,Universal P&C Insurance Co.;Florida Family Insurance Co.;First Protective Insurance Co.;Cypress P&C Insurance Co.;Florida Peninsula Insurance Co;Tower Hill Insurance Exchange;Kin Interinsurance Network;Unique Insurance Co.;Heritage P&C Insurance Co.;Florida Family Home Ins Co.;US Coastal P&C Insurance Co.;TypTap Insurance Co.;Homeowners Choice P&C Ins Co.;Vault E&S Insurance Co.;Edison Insurance Co.;Safe Harbor Insurance Co.;Spinnaker Specialty Ins Co.;GeoVera Specialty Insurance Co;Florida Farm Bureau Cas Ins Co;Universal North America Ins Co;American Platinum P&C Ins Co.,6235935321.00443,13,35.60316172831571,2939287039.529726,36958699.90591014,1,0.9811320754716981,13470148696.075344,306667560.0,9461936360.719666,539937478.65,359958319.1,539937478.65,359958319.1,1920296591.209735,5361296591.209735,3441000000.0,1395853723.0,1395853723.0,0.0,True,22046526569.571644,17000000000.0,5046526569.571644,0.7710965238153751,12805918666.0344,4194081333.9655995,2264722038.7121725,0.0,14,9464500000.0,9464500000.0,16
great_miami,baseline,,1926255N15314,"{""1926255N15314"": 0.6109346528979662}",170354720952.15982,104075602314.43767,66279118637.72215,24306988647.219696,45925964942.52217,0.0,27024471943.017365,6818176781.678439,24306988647.219696,45925964942.52217,19471375582.49214,46807743055.23001,15.863647213279497,4.002340964529633,14.268456143370251,26.959020968617253,11.429900782121692,27.47663392808168,27024471943.017365,6818176781.678439,19471375582.49214,24,16,8,Universal P&C Insurance Co.;Florida Family Insurance Co.;First Protective Insurance Co.;Cypress P&C Insurance Co.;Florida Peninsula Insurance Co;Tower Hill Insurance Exchange;Kin Interinsurance Network;Heritage P&C Insurance Co.;Florida Family Home Ins Co.;US Coastal P&C Insurance Co.;TypTap Insurance Co.;Homeowners Choice P&C Ins Co.;Edison Insurance Co.;Safe Harbor Insurance Co.;GeoVera Specialty Insurance Co;American Platinum P&C Ins Co.;FL Farm Bureau General Ins Co.;Homesite Insurance Co.;State Farm FL Ins Co;AIG Property Casualty Co.;ASI Preferred Insurance Corp.;ACE Ins Co. of the Midwest;Castle Key Indemnity Co.;First Liberty Insurance Corp.,Universal P&C Insurance Co.;Florida Family Insurance Co.;First Protective Insurance Co.;Cypress P&C Insurance Co.;Florida Peninsula Insurance Co;Tower Hill Insurance Exchange;Kin Interinsurance Network;Heritage P&C Insurance Co.;Florida Family Home Ins Co.;US Coastal P&C Insurance Co.;TypTap Insurance Co.;Homeowners Choice P&C Ins Co.;Edison Insurance Co.;Safe Harbor Insurance Co.;GeoVera Specialty Insurance Co;American Platinum P&C Ins Co.,1817876972.5770342,8,34.139892835311265,1268802752.399162,88981.59844599664,1,0.9811320754716981,4243363139.876356,322826880.0,4356804717.655194,539937478.65,359958319.1,539937478.65,359958319.1,16030375582.492142,19471375582.49214,3441000000.0,1395853723.0,1395853723.0,0.0,False,9195009505.184948,9195009505.184948,0.0,1.0,7876758101.488176,1318251403.696771,2110092648.609454,0.0,13,9464500000.0,9464500000.0,17
great_miami,baseline,,1926255N15314,"{""1926255N15314"": 0.7636423724145907}",170354720952.1598,130090083259.93289,40264637692.226906,27136497080.207443,60526354517.37903,0.0,31806585610.278275,10620646052.068161,27136497080.207443,60526354517.37903,11869704888.528381,28394932803.69853,18.670797869587908,6.234430130674644,15.929407138548338,35.5296021026482,6.967640710034514,16.66812204850642,31806585610.278275,10620646052.068161,11869704888.528381,27,18,9,Universal P&C Insurance Co.;Florida Family Insurance Co.;First Protective Insurance Co.;Cypress P&C Insurance Co.;Florida Peninsula Insurance Co;Tower Hill Insurance Exchange;Kin Interinsurance Network;Heritage P&C Insurance Co.;Florida Family Home Ins Co.;US Coastal P&C Insurance Co.;TypTap Insurance Co.;Homeowners Choice P&C Ins Co.;Edison Insurance Co.;Safe Harbor Insurance Co.;GeoVera Specialty Insurance Co;Florida Farm Bureau Cas Ins Co;Universal North America Ins Co;Auto Club Insurance Co. of FL;American Platinum P&C Ins Co.;FL Farm Bureau General Ins Co.;Homesite Insurance Co.;State Farm FL Ins Co;AIG Property Casualty Co.;ASI Preferred Insurance Corp.;ACE Ins Co. of the Midwest;Castle Key Indemnity Co.;First Liberty Insurance Corp.,Universal P&C Insurance Co.;Florida Family Insurance Co.;First Protective Insurance Co.;Cypress P&C Insurance Co.;Florida Peninsula Insurance Co;Tower Hill Insurance Exchange;Kin Interinsurance Network;Heritage P&C Insurance Co.;Florida Family Home Ins Co.;US Coastal P&C Insurance Co.;TypTap Insurance Co.;Homeowners Choice P&C Ins Co.;Edison Insurance Co.;Safe Harbor Insurance Co.;GeoVera Specialty Insurance Co;Florida Farm Bureau Cas Ins Co;Universal North America Ins Co;American Platinum P&C Ins Co.,2605007658.34893,9,35.166819401784345,1304013495.7145183,5756732.693704642,1,0.9811320754716981,5195693237.565263,311486220.0,4922334158.652365,539937478.65,359958319.1,539937478.65,359958319.1,8428704888.528381,11869704888.528381,3441000000.0,1395853723.0,1395853723.0,0.0,False,13766056763.44265,13766056763.44265,0.0,1.0,9197816954.26985,4568239809.1728,2125000000.0000002,0.0,13,9464500000.0,9464500000.0,18
great_miami,baseline,,1926255N15314,"{""1926255N15314"": 0.7092374514124984}",170354720952.1598,120821948124.19716,49532772827.96264,26040840224.222065,58075440427.34571,0.0,29228326957.846214,7477340514.783177,26040840224.222065,58075440427.34571,14577939252.174911,34954833575.78773,17.157333119082928,4.389276958683768,15.286245123512037,34.09088993997112,8.557402560196023,20.518852298554137,29228326957.846214,7477340514.783177,14577939252.174911,27,17,10,Universal P&C Insurance Co.;Florida Family Insurance Co.;First Protective Insurance Co.;Cypress P&C Insurance Co.;Florida Peninsula Insurance Co;Tower Hill Insurance Exchange;Kin Interinsurance Network;Heritage P&C Insurance Co.;Florida Family Home Ins Co.;US Coastal P&C Insurance Co.;TypTap Insurance Co.;Homeowners Choice P&C Ins Co.;Edison Insurance Co.;Safe Harbor Insurance Co.;GeoVera Specialty Insurance Co;Universal North America Ins Co;Auto Club Insurance Co. of FL;American Platinum P&C Ins Co.;FL Farm Bureau General Ins Co.;Homesite Insurance Co.;State Farm FL Ins Co;AIG Property Casualty Co.;Foremost P&C Insurance Co.;ASI Preferred Insurance Corp.;ACE Ins Co. of the Midwest;Castle Key Indemnity Co.;First Liberty Insurance Corp.,Universal P&C Insurance Co.;Florida Family Insurance Co.;First Protective Insurance Co.;Cypress P&C Insurance Co.;Florida Peninsula Insurance Co;Tower Hill Insurance Exchange;Kin Interinsurance Network;Heritage P&C Insurance Co.;Florida Family Home Ins Co.;US Coastal P&C Insurance Co.;TypTap Insurance Co.;Homeowners Choice P&C Ins Co.;Edison Insurance Co.;Safe Harbor Insurance Co.;GeoVera Specialty Insurance Co;Universal North America Ins Co;American Platinum P&C Ins Co.,2023792542.3589916,10,34.45361965929429,1642014869.4924717,7869296.342206538,1,0.9811320754716981,5531383402.082935,319362300.0,4701015092.420892,539937478.65,359958319.1,539937478.65,359958319.1,11136939252.174911,14577939252.174911,3441000000.0,1395853723.0,1395853723.0,0.0,False,8920523100.005632,8920523100.005632,0.0,1.0,7272786483.570032,1647736616.4356,2125000000.0000002,0.0,13,9464500000.0,9464500000.0,19
great_miami,baseline,,1926255N15314,"{""1926255N15314"": 0.6101442692151599}",170354720952.15982,103940956722.70804,66413764229.45178,15491156366.563902,51980866241.357414,0.0,28469520399.424755,7999413715.361952,15491156366.563902,51980866241.357414,19510720263.28231,46903043966.16948,16.711905746022595,4.6957393787803525,9.093470541925418,30.513311254787613,11.452996520572768,27.53257655791125,28469520399.424755,7999413715.361952,19510720263.28231,25,16,9,Universal P&C Insurance Co.;Florida Family Insurance Co.;First Protective Insurance Co.;Cypress P&C Insurance Co.;Florida Peninsula Insurance Co;Tower Hill Insurance Exchange;Kin Interinsurance Network;Heritage P&C Insurance Co.;Florida Family Home Ins Co.;US Coastal P&C Insurance Co.;TypTap Insurance Co.;Homeowners Choice P&C Ins Co.;Edison Insurance Co.;Safe Harbor Insurance Co.;GeoVera Specialty Insurance Co;Auto Club Insurance Co. of FL;American Platinum P&C Ins Co.;FL Farm Bureau General Ins Co.;Homesite Insurance Co.;State Farm FL Ins Co;AIG Property Casualty Co.;ASI Preferred Insurance Corp.;ACE Ins Co. of the Midwest;Castle Key Indemnity Co.;First Liberty Insurance Corp.,Universal P&C Insurance Co.;Florida Family Insurance Co.;First Protective Insurance Co.;Cypress P&C Insurance Co.;Florida Peninsula Insurance Co;Tower Hill Insurance Exchange;Kin Interinsurance Network;Heritage P&C Insurance Co.;Florida Family Home Ins Co.;US Coastal P&C Insurance Co.;TypTap Insurance Co.;Homeowners Choice P&C Ins Co.;Edison Insurance Co.;Safe Harbor Insurance Co.;GeoVera Specialty Insurance Co;American Platinum P&C Ins Co.,1976443943.946052,9,34.139892835311265,1480165088.7237048,4587622.143837471,1,0.9811320754716981,4959132696.639025,322826880.0,3719795794.045789,539937478.65,359958319.1,539937478.65,359958319.1,16069720263.28231,19510720263.28231,3441000000.0,1395853723.0,1395853723.0,0.0,False,10639998548.87815,10639998548.87815,0.0,1.0,7463820503.497653,3176178045.380499,2124999999.9999998,0.0,13,9464500000.0,9464500000.0,20
great_miami,baseline,,1926255N15314,"{""1926255N15314"": 0.8076210080696372}",170354720952.1598,137582051464.80505,32772669487.354744,49663030531.86486,48737796498.66965,0.0,31182068099.058094,7999156335.212466,49663030531.86486,48737796498.66965,9680482844.759449,23092186642.595287,18.30419956944713,4.695588293945106,29.152717491058894,28.609595452512604,5.682544511037055,13.555354681999212,31182068099.058094,7999156335.212466,9680482844.759449,27,17,10,Universal P&C Insurance Co.;Florida Family Insurance Co.;First Protective Insurance Co.;Cypress P&C Insurance Co.;Florida Peninsula Insurance Co;Tower Hill Insurance Exchange;Kin Interinsurance Network;Heritage P&C Insurance Co.;Florida Family Home Ins Co.;US Coastal P&C Insurance Co.;TypTap Insurance Co.;Homeowners Choice P&C Ins Co.;Edison Insurance Co.;Safe Harbor Insurance Co.;GeoVera Specialty Insurance Co;Universal North America Ins Co;Auto Club Insurance Co. of FL;American Platinum P&C Ins Co.;FL Farm Bureau General Ins Co.;Homesite Insurance Co.;State Farm FL Ins Co;AIG Property Casualty Co.;Foremost P&C Insurance Co.;ASI Preferred Insurance Corp.;ACE Ins Co. of the Midwest;Castle Key Indemnity Co.;First Liberty Insurance Corp.,Universal P&C Insurance Co.;Florida Family Insurance Co.;First Protective Insurance Co.;Cypress P&C Insurance Co.;Florida Peninsula Insurance Co;Tower Hill Insurance Exchange;Kin Interinsurance Network;Heritage P&C Insurance Co.;Florida Family Home Ins Co.;US Coastal P&C Insurance Co.;TypTap Insurance Co.;Homeowners Choice P&C Ins Co.;Edison Insurance Co.;Safe Harbor Insurance Co.;GeoVera Specialty Insurance Co;Universal North America Ins Co;American Platinum P&C Ins Co.,2209797943.2353454,10,34.45361965929429,1638470206.7024279,5536964.278796893,1,0.9811320754716981,5733964775.408905,319362300.0,4705994877.762052,539937478.65,359958319.1,539937478.65,359958319.1,6239482844.759449,9680482844.759449,3441000000.0,1395853723.0,1395853723.0,0.0,False,10633843649.693605,10633843649.693605,0.0,1.0,8463120004.624842,2170723645.0687637,2125000000.0,0.0,13,9464500000.0,9464500000.0,21
great_miami,baseline,,1926255N15314,"{""1926255N15314"": 0.7268493376389696}",170354720952.1598,123822216087.74887,46532504864.410934,16871958651.886978,45073923953.27291,0.0,49270753706.21998,12605579776.369013,16871958651.886978,45073923953.27291,13701233347.476912,32831271516.93402,28.92244689834956,7.3996069530171695,9.904015901399692,26.45886401113057,8.042767039796091,19.27229919630694,49270753706.21998,12605579776.369013,13701233347.476912,33,21,12,Universal P&C Insurance Co.;Florida Family Insurance Co.;First Protective Insurance Co.;Cypress P&C Insurance Co.;Florida Peninsula Insurance Co;Tower Hill Insurance Exchange;Kin Interinsurance Network;Unique Insurance Co.;Heritage P&C Insurance Co.;Florida Family Home Ins Co.;US Coastal P&C Insurance Co.;TypTap Insurance Co.;Homeowners Choice P&C Ins Co.;Vault E&S Insurance Co.;Edison Insurance Co.;Safe Harbor Insurance Co.;GeoVera Specialty Insurance Co;Florida Farm Bureau Cas Ins Co;Universal North America Ins Co;QBE Specialty Insurance Co.;Auto Club Insurance Co. of FL;American Platinum P&C Ins Co.;FL Farm Bureau General Ins Co.;Castle Key Insurance Co.;Homesite Insurance Co.;State Farm FL Ins Co;AIG Property Casualty Co.;Foremost P&C Insurance Co.;ASI Preferred Insurance Corp.;Nationwide P&C Insurance Co.;ACE Ins Co. of the Midwest;Castle Key Indemnity Co.;First Liberty Insurance Corp.,Universal P&C Insurance Co.;Florida Family Insurance Co.;First Protective Insurance Co.;Cypress P&C Insurance Co.;Florida Peninsula Insurance Co;Tower Hill Insurance Exchange;Kin Interinsurance Network;Unique Insurance Co.;Heritage P&C Insurance Co.;Florida Family Home Ins Co.;US Coastal P&C Insurance Co.;TypTap Insurance Co.;Homeowners Choice P&C Ins Co.;Vault E&S Insurance Co.;Edison Insurance Co.;Safe Harbor Insurance Co.;GeoVera Specialty Insurance Co;Florida Farm Bureau Cas Ins Co;Universal North America Ins Co;QBE Specialty Insurance Co.;American Platinum P&C Ins Co.,5112134667.558817,12,35.80938809441937,2519561795.8179793,38824446.44549977,1,0.9811320754716981,10657308942.231,304390140.0,6801210340.997682,539937478.65,359958319.1,539937478.65,359958319.1,10260233347.476912,13701233347.476912,3441000000.0,1395853723.0,1395853723.0,0.0,True,24248449132.69287,17000000000.0,7248449132.692871,0.7010757639374067,12287234711.162268,4712765288.837735,2258584060.501089,0.0,14,9464500000.0,9464500000.0,22
great_miami,baseline,,1926255N15314,"{""1926255N15314"": 0.4595016996111897}",170354720952.1598,78278283814.30737,92076437137.8524,13369366708.682186,34475081718.68187,0.0,23850710607.389206,6583124779.554141,13369366708.682186,34475081718.68187,27009589411.78813,65066847726.06429,14.000616169649405,3.864362984928877,7.847957857555745,20.23723294898496,15.854911012048298,38.194919026832736,23850710607.389206,6583124779.554141,27009589411.78813,25,16,9,Universal P&C Insurance Co.;Florida Family Insurance Co.;First Protective Insurance Co.;Cypress P&C Insurance Co.;Florida Peninsula Insurance Co;Tower Hill Insurance Exchange;Kin Interinsurance Network;Heritage P&C Insurance Co.;Florida Family Home Ins Co.;US Coastal P&C Insurance Co.;TypTap Insurance Co.;Homeowners Choice P&C Ins Co.;Edison Insurance Co.;Safe Harbor Insurance Co.;GeoVera Specialty Insurance Co;Auto Club Insurance Co. of FL;American Platinum P&C Ins Co.;FL Farm Bureau General Ins Co.;Homesite Insurance Co.;State Farm FL Ins Co;AIG Property Casualty Co.;ASI Preferred Insurance Corp.;ACE Ins Co. of the Midwest;Castle Key Indemnity Co.;First Liberty Insurance Corp.,Universal P&C Insurance Co.;Florida Family Insurance Co.;First Protective Insurance Co.;Cypress P&C Insurance Co.;Florida Peninsula Insurance Co;Tower Hill Insurance Exchange;Kin Interinsurance Network;Heritage P&C Insurance Co.;Florida Family Home Ins Co.;US Coastal P&C Insurance Co.;TypTap Insurance Co.;Homeowners Choice P&C Ins Co.;Edison Insurance Co.;Safe Harbor Insurance Co.;GeoVera Specialty Insurance Co;American Platinum P&C Ins Co.,1492435711.042875,9,34.139892835311265,1390546764.2165325,2846614.8059930652,1,0.9811320754716981,4437302346.651711,322826880.0,4423872629.950185,539937478.65,359958319.1,539937478.65,359958319.1,23568589411.78813,27009589411.78813,3441000000.0,1395853723.0,1395853723.0,0.0,False,5754913566.93699,5754913566.93699,0.0,1.0,4741558606.34932,1013354960.5876691,2106733587.2618387,0.0,13,9464500000.0,9464500000.0,23
great_miami,baseline,,1926255N15314,"{""1926255N15314"": 0.7645359527638673}",170354720952.15982,130242308890.98227,40112412061.17755,27164443671.39033,57162418526.92453,0.0,34224680639.17243,11690766053.494968,27164443671.39033,57162418526.92453,11825223158.493385,28287188902.684162,20.090244900687924,6.8626017454356605,15.945812079383956,33.55493655087919,6.94152947003695,16.60487525357631,34224680639.17243,11690766053.494968,11825223158.493385,26,17,9,Universal P&C Insurance Co.;Florida Family Insurance Co.;First Protective Insurance Co.;Cypress P&C Insurance Co.;Florida Peninsula Insurance Co;Tower Hill Insurance Exchange;Kin Interinsurance Network;Heritage P&C Insurance Co.;Florida Family Home Ins Co.;US Coastal P&C Insurance Co.;TypTap Insurance Co.;Homeowners Choice P&C Ins Co.;Edison Insurance Co.;Safe Harbor Insurance Co.;GeoVera Specialty Insurance Co;Universal North America Ins Co;Auto Club Insurance Co. of FL;American Platinum P&C Ins Co.;FL Farm Bureau General Ins Co.;Homesite Insurance Co.;State Farm FL Ins Co;AIG Property Casualty Co.;ASI Preferred Insurance Corp.;ACE Ins Co. of the Midwest;Castle Key Indemnity Co.;First Liberty Insurance Corp.,Universal P&C Insurance Co.;Florida Family Insurance Co.;First Protective Insurance Co.;Cypress P&C Insurance Co.;Florida Peninsula Insurance Co;Tower Hill Insurance Exchange;Kin Interinsurance Network;Heritage P&C Insurance Co.;Florida Family Home Ins Co.;US Coastal P&C Insurance Co.;TypTap Insurance Co.;Homeowners Choice P&C Ins Co.;Edison Insurance Co.;Safe Harbor Insurance Co.;GeoVera Specialty Insurance Co;Universal North America Ins Co;American Platinum P&C Ins Co.,2423798491.281061,9,34.45361965929429,1690928894.9078393,8409769.228388093,1,0.9811320754716981,6033339549.616396,319362300.0,5958465824.908892,539937478.65,359958319.1,539937478.65,359958319.1,8384223158.493385,11825223158.493385,3441000000.0,1395853723.0,1395853723.0,0.0,False,15377400482.859276,15377400482.859276,0.0,1.0,10798853782.190994,4578546700.668282,2125000000.0,0.0,13,9464500000.0,9464500000.0,24
great_miami,baseline,,1926255N15314,"{""1926255N15314"": 0.7251954343631863}",170354720952.15982,123540465856.72098,46814255095.43885,29434143953.72051,36086283961.960365,0.0,44023623576.44075,13996414364.599344,29434143953.72051,36086283961.960365,13783563357.393688,33030691738.045162,25.84232672295813,8.216041379052779,17.27814984475036,21.183025489557384,8.091095615286461,19.38936094839489,44023623576.44075,13996414364.599344,13783563357.393688,30,19,11,Universal P&C Insurance Co.;Florida Family Insurance Co.;First Protective Insurance Co.;Cypress P&C Insurance Co.;Florida Peninsula Insurance Co;Tower Hill Insurance Exchange;Kin Interinsurance Network;Heritage P&C Insurance Co.;Florida Family Home Ins Co.;US Coastal P&C Insurance Co.;TypTap Insurance Co.;Homeowners Choice P&C Ins Co.;Vault E&S Insurance Co.;Edison Insurance Co.;Safe Harbor Insurance Co.;GeoVera Specialty Insurance Co;Florida Farm Bureau Cas Ins Co;Universal North America Ins Co;Auto Club Insurance Co. of FL;American Platinum P&C Ins Co.;FL Farm Bureau General Ins Co.;Castle Key Insurance Co.;Homesite Insurance Co.;State Farm FL Ins Co;AIG Property Casualty Co.;Foremost P&C Insurance Co.;ASI Preferred Insurance Corp.;ACE Ins Co. of the Midwest;Castle Key Indemnity Co.;First Liberty Insurance Corp.,Universal P&C Insurance Co.;Florida Family Insurance Co.;First Protective Insurance Co.;Cypress P&C Insurance Co.;Florida Peninsula Insurance Co;Tower Hill Insurance Exchange;Kin Interinsurance Network;Heritage P&C Insurance Co.;Florida Family Home Ins Co.;US Coastal P&C Insurance Co.;TypTap Insurance Co.;Homeowners Choice P&C Ins Co.;Vault E&S Insurance Co.;Edison Insurance Co.;Safe Harbor Insurance Co.;GeoVera Specialty Insurance Co;Florida Farm Bureau Cas Ins Co;Universal North America Ins Co;American Platinum P&C Ins Co.,4207368627.5534143,11,35.41856476294073,2046098275.2048998,21528681.670699418,1,0.9811320754716981,8491510782.053963,308706120.0,8226290169.382559,539937478.65,359958319.1,539937478.65,359958319.1,10342563357.393688,13783563357.393688,3441000000.0,1395853723.0,1395853723.0,0.0,True,21753374594.11525,17000000000.0,4753374594.11525,0.7814879446152166,12378895901.359648,4621104098.640352,2125000000.0000005,0.0,13,9464500000.0,9464500000.0,25
great_miami,baseline,,1926255N15314,"{""1926255N15314"": 0.6546457265710128}",170354720952.15982,111521990072.52881,58832730879.631004,13657461010.397621,45030160383.3589,0.0,43157777109.68458,9676591569.087696,13657461010.397621,45030160383.3589,17295472564.6626,41537258314.96839,25.334065806021567,5.680260291586015,8.017072220870828,26.433174338622866,10.152622990424572,24.382804352474135,43157777109.68458,9676591569.087696,17295472564.6626,29,18,11,Universal P&C Insurance Co.;Florida Family Insurance Co.;First Protective Insurance Co.;Cypress P&C Insurance Co.;Florida Peninsula Insurance Co;Tower Hill Insurance Exchange;Kin Interinsurance Network;Heritage P&C Insurance Co.;Florida Family Home Ins Co.;US Coastal P&C Insurance Co.;TypTap Insurance Co.;Homeowners Choice P&C Ins Co.;Edison Insurance Co.;Safe Harbor Insurance Co.;GeoVera Specialty Insurance Co;Florida Farm Bureau Cas Ins Co;Universal North America Ins Co;Auto Club Insurance Co. of FL;American Platinum P&C Ins Co.;FL Farm Bureau General Ins Co.;Castle Key Insurance Co.;Homesite Insurance Co.;State Farm FL Ins Co;AIG Property Casualty Co.;Foremost P&C Insurance Co.;ASI Preferred Insurance Corp.;ACE Ins Co. of the Midwest;Castle Key Indemnity Co.;First Liberty Insurance Corp.,Universal P&C Insurance Co.;Florida Family Insurance Co.;First Protective Insurance Co.;Cypress P&C Insurance Co.;Florida Peninsula Insurance Co;Tower Hill Insurance Exchange;Kin Interinsurance Network;Heritage P&C Insurance Co.;Florida Family Home Ins Co.;US Coastal P&C Insurance Co.;TypTap Insurance Co.;Homeowners Choice P&C Ins Co.;Edison Insurance Co.;Safe Harbor Insurance Co.;GeoVera Specialty Insurance Co;Florida Farm Bureau Cas Ins Co;Universal North America Ins Co;American Platinum P&C Ins Co.,3486983065.683834,11,35.166819401784345,1914258549.9235268,13931167.802199416,1,0.9811320754716981,7864051172.883879,311486220.0,5085148689.958379,539937478.65,359958319.1,539937478.65,359958319.1,13854472564.662601,17295472564.6626,3441000000.0,1395853723.0,1395853723.0,0.0,True,18107854013.069485,17000000000.0,1107854013.0694847,0.9388191437665732,13496215676.721619,3503784323.2783804,2125000000.0,0.0,13,9464500000.0,9464500000.0,26
great_miami,baseline,,1926255N15314,"{""1926255N15314"": 0.7455501575053544}",170354720952.1598,127007989037.66344,43346731914.49635,16354373195.494184,56854073085.46783,0.0,41187771803.08775,12611770953.613722,16354373195.494184,56854073085.46783,12770321178.914822,30576410735.58153,24.177652120750086,7.403241238706528,9.60018783400017,33.37393455707869,7.496311876499785,17.948672372964772,41187771803.08775,12611770953.613722,12770321178.914822,30,19,11,Universal P&C Insurance Co.;Florida Family Insurance Co.;First Protective Insurance Co.;Cypress P&C Insurance Co.;Florida Peninsula Insurance Co;Tower Hill Insurance Exchange;Kin Interinsurance Network;Heritage P&C Insurance Co.;Florida Family Home Ins Co.;US Coastal P&C Insurance Co.;TypTap Insurance Co.;Homeowners Choice P&C Ins Co.;Vault E&S Insurance Co.;Edison Insurance Co.;Safe Harbor Insurance Co.;GeoVera Specialty Insurance Co;Florida Farm Bureau Cas Ins Co;Universal North America Ins Co;Auto Club Insurance Co. of FL;American Platinum P&C Ins Co.;FL Farm Bureau General Ins Co.;Castle Key Insurance Co.;Homesite Insurance Co.;State Farm FL Ins Co;AIG Property Casualty Co.;Foremost P&C Insurance Co.;ASI Preferred Insurance Corp.;ACE Ins Co. of the Midwest;Castle Key Indemnity Co.;First Liberty Insurance Corp.,Universal P&C Insurance Co.;Florida Family Insurance Co.;First Protective Insurance Co.;Cypress P&C Insurance Co.;Florida Peninsula Insurance Co;Tower Hill Insurance Exchange;Kin Interinsurance Network;Heritage P&C Insurance Co.;Florida Family Home Ins Co.;US Coastal P&C Insurance Co.;TypTap Insurance Co.;Homeowners Choice P&C Ins Co.;Vault E&S Insurance Co.;Edison Insurance Co.;Safe Harbor Insurance Co.;GeoVera Specialty Insurance Co;Florida Farm Bureau Cas Ins Co;Universal North America Ins Co;American Platinum P&C Ins Co.,3496917516.0005727,11,35.41856476294073,1965978962.1808014,15518723.734503724,1,0.9811320754716981,7864818680.013705,308706120.0,6874042560.352064,539937478.65,359958319.1,539937478.65,359958319.1,9329321178.914822,12770321178.914822,3441000000.0,1395853723.0,1395853723.0,0.0,True,21625731521.928883,17000000000.0,4625731521.928883,0.7861005757313547,12399459516.237408,4600540483.762592,2125000000.0,0.0,13,9464500000.0,9464500000.0,27
great_miami,baseline,,1926255N15314,"{""1926255N15314"": 0.6290400270622404}",170354720952.15982,107159938277.92703,63194782674.23278,16533650599.13234,46388670955.875725,0.0,34522623853.76208,9714992869.156885,16533650599.13234,46388670955.875725,18570104234.69476,44624678439.53802,20.26514067870004,5.702802255703331,9.705425541905253,27.230634229915417,10.900845090116254,26.195152203659696,34522623853.76208,9714992869.156885,18570104234.69476,26,17,9,Universal P&C Insurance Co.;Florida Family Insurance Co.;First Protective Insurance Co.;Cypress P&C Insurance Co.;Florida Peninsula Insurance Co;Tower Hill Insurance Exchange;Kin Interinsurance Network;Heritage P&C Insurance Co.;Florida Family Home Ins Co.;US Coastal P&C Insurance Co.;TypTap Insurance Co.;Homeowners Choice P&C Ins Co.;Edison Insurance Co.;Safe Harbor Insurance Co.;GeoVera Specialty Insurance Co;Universal North America Ins Co;Auto Club Insurance Co. of FL;American Platinum P&C Ins Co.;FL Farm Bureau General Ins Co.;Homesite Insurance Co.;State Farm FL Ins Co;AIG Property Casualty Co.;ASI Preferred Insurance Corp.;ACE Ins Co. of the Midwest;Castle Key Indemnity Co.;First Liberty Insurance Corp.,Universal P&C Insurance Co.;Florida Family Insurance Co.;First Protective Insurance Co.;Cypress P&C Insurance Co.;Florida Peninsula Insurance Co;Tower Hill Insurance Exchange;Kin Interinsurance Network;Heritage P&C Insurance Co.;Florida Family Home Ins Co.;US Coastal P&C Insurance Co.;TypTap Insurance Co.;Homeowners Choice P&C Ins Co.;Edison Insurance Co.;Safe Harbor Insurance Co.;GeoVera Specialty Insurance Co;Universal North America Ins Co;American Platinum P&C Ins Co.,2346870753.348359,9,34.45361965929429,1502625159.5688531,4335543.643718701,1,0.9811320754716981,5340837809.100733,319362300.0,4523927032.618745,539937478.65,359958319.1,539937478.65,359958319.1,15129104234.69476,18570104234.69476,3441000000.0,1395853723.0,1395853723.0,0.0,False,16307567687.356722,16307567687.356722,0.0,1.0,12236664268.695421,4070903418.6613,2125000000.0,0.0,13,9464500000.0,9464500000.0,28
great_miami,baseline,,1926255N15314,"{""1926255N15314"": 0.8647391212241019}",170354720952.15982,147312391692.54782,23042329259.612007,32946146721.794636,72823727859.44194,0.0,32857978114.678215,8684538996.633001,32946146721.794636,72823727859.44194,6837187900.435875,16205141359.176134,19.28797624804634,5.0979150727920555,19.339732141058068,42.74828866051373,4.013500689749561,9.512587187840232,32857978114.678215,8684538996.633001,6837187900.435875,26,17,9,Universal P&C Insurance Co.;Florida Family Insurance Co.;First Protective Insurance Co.;Cypress P&C Insurance Co.;Florida Peninsula Insurance Co;Tower Hill Insurance Exchange;Kin Interinsurance Network;Heritage P&C Insurance Co.;Florida Family Home Ins Co.;US Coastal P&C Insurance Co.;TypTap Insurance Co.;Homeowners Choice P&C Ins Co.;Edison Insurance Co.;Safe Harbor Insurance Co.;GeoVera Specialty Insurance Co;Universal North America Ins Co;Auto Club Insurance Co. of FL;American Platinum P&C Ins Co.;FL Farm Bureau General Ins Co.;Homesite Insurance Co.;State Farm FL Ins Co;AIG Property Casualty Co.;ASI Preferred Insurance Corp.;ACE Ins Co. of the Midwest;Castle Key Indemnity Co.;First Liberty Insurance Corp.,Universal P&C Insurance Co.;Florida Family Insurance Co.;First Protective Insurance Co.;Cypress P&C Insurance Co.;Florida Peninsula Insurance Co;Tower Hill Insurance Exchange;Kin Interinsurance Network;Heritage P&C Insurance Co.;Florida Family Home Ins Co.;US Coastal P&C Insurance Co.;TypTap Insurance Co.;Homeowners Choice P&C Ins Co.;Edison Insurance Co.;Safe Harbor Insurance Co.;GeoVera Specialty Insurance Co;Universal North America Ins Co;American Platinum P&C Ins Co.,2173279268.4946384,9,34.45361965929429,1562908379.695058,5113225.931039926,1,0.9811320754716981,5506920463.547477,319362300.0,4203571486.8608823,539937478.65,359958319.1,539937478.65,359958319.1,3396187900.435875,6837187900.435875,3441000000.0,1395853723.0,1395853723.0,0.0,False,13308422425.428413,13308422425.428413,0.0,1.0,9932285871.664454,3376136553.76396,2124999999.9999998,0.0,13,9464500000.0,9464500000.0,29
great_miami,baseline,,1926255N15314,"{""1926255N15314"": 0.6150285617578781}",170354720952.15982,104773019015.87154,65581701936.28828,17489269620.723183,42268364034.36313,0.0,35950515220.56086,9064870140.224365,17489269620.723183,42268364034.36313,19267584005.336388,46314117930.9519,21.103327820692876,5.321173425402178,10.266383885912173,24.811971043780595,11.310272998390953,27.186870825821224,35950515220.56086,9064870140.224365,19267584005.336388,28,18,10,Universal P&C Insurance Co.;Florida Family Insurance Co.;First Protective Insurance Co.;Cypress P&C Insurance Co.;Florida Peninsula Insurance Co;Tower Hill Insurance Exchange;Kin Interinsurance Network;Heritage P&C Insurance Co.;Florida Family Home Ins Co.;US Coastal P&C Insurance Co.;TypTap Insurance Co.;Homeowners Choice P&C Ins Co.;Edison Insurance Co.;Safe Harbor Insurance Co.;GeoVera Specialty Insurance Co;Florida Farm Bureau Cas Ins Co;Universal North America Ins Co;Auto Club Insurance Co. of FL;American Platinum P&C Ins Co.;FL Farm Bureau General Ins Co.;Homesite Insurance Co.;State Farm FL Ins Co;AIG Property Casualty Co.;Foremost P&C Insurance Co.;ASI Preferred Insurance Corp.;ACE Ins Co. of the Midwest;Castle Key Indemnity Co.;First Liberty Insurance Corp.,Universal P&C Insurance Co.;Florida Family Insurance Co.;First Protective Insurance Co.;Cypress P&C Insurance Co.;Florida Peninsula Insurance Co;Tower Hill Insurance Exchange;Kin Interinsurance Network;Heritage P&C Insurance Co.;Florida Family Home Ins Co.;US Coastal P&C Insurance Co.;TypTap Insurance Co.;Homeowners Choice P&C Ins Co.;Edison Insurance Co.;Safe Harbor Insurance Co.;GeoVera Specialty Insurance Co;Florida Farm Bureau Cas Ins Co;Universal North America Ins Co;American Platinum P&C Ins Co.,2908009611.284386,10,35.166819401784345,1559204896.9323738,8517548.36446283,1,0.9811320754716981,5981526325.070081,311486220.0,4843188337.381629,539937478.65,359958319.1,539937478.65,359958319.1,15826584005.336388,19267584005.336388,3441000000.0,1395853723.0,1395853723.0,0.0,False,14967217773.925499,14967217773.925499,0.0,1.0,11861604345.65472,3105613428.270779,2125000000.0000002,0.0,13,9464500000.0,9464500000.0,30
great_miami,baseline,,1926255N15314,"{""1926255N15314"": 0.5052218375600992}",170354720952.1598,86066925156.48811,84287795795.67166,17133648482.032724,33372604852.536743,0.0,28798998651.691383,6761673170.227271,17133648482.032724,33372604852.536743,24733676747.580154,59554119048.091545,16.90531292043202,3.9691727546113214,10.057630564194529,19.590067516772063,14.5189265136515,34.95888973033859,28798998651.691383,6761673170.227271,24733676747.580154,25,16,9,Universal P&C Insurance Co.;Florida Family Insurance Co.;First Protective Insurance Co.;Cypress P&C Insurance Co.;Florida Peninsula Insurance Co;Tower Hill Insurance Exchange;Kin Interinsurance Network;Heritage P&C Insurance Co.;Florida Family Home Ins Co.;US Coastal P&C Insurance Co.;TypTap Insurance Co.;Homeowners Choice P&C Ins Co.;Edison Insurance Co.;Safe Harbor Insurance Co.;GeoVera Specialty Insurance Co;Auto Club Insurance Co. of FL;American Platinum P&C Ins Co.;FL Farm Bureau General Ins Co.;Homesite Insurance Co.;State Farm FL Ins Co;AIG Property Casualty Co.;ASI Preferred Insurance Corp.;ACE Ins Co. of the Midwest;Castle Key Indemnity Co.;First Liberty Insurance Corp.,Universal P&C Insurance Co.;Florida Family Insurance Co.;First Protective Insurance Co.;Cypress P&C Insurance Co.;Florida Peninsula Insurance Co;Tower Hill Insurance Exchange;Kin Interinsurance Network;Heritage P&C Insurance Co.;Florida Family Home Ins Co.;US Coastal P&C Insurance Co.;TypTap Insurance Co.;Homeowners Choice P&C Ins Co.;Edison Insurance Co.;Safe Harbor Insurance Co.;GeoVera Specialty Insurance Co;American Platinum P&C Ins Co.,1742764098.053579,9,34.139892835311265,1342812095.2742589,1216379.0654912964,1,0.9811320754716981,4445773307.5630665,322826880.0,3691378142.4211617,539937478.65,359958319.1,539937478.65,359958319.1,21292676747.580154,24733676747.580154,3441000000.0,1395853723.0,1395853723.0,0.0,False,10854073414.998293,10854073414.998293,0.0,1.0,8895579748.502096,1958493666.4961972,2113731427.066553,0.0,13,9464500000.0,9464500000.0,31
great_miami,baseline,,1926255N15314,"{""1926255N15314"": 0.9419423033418065}",170354720952.15988,160464318238.8282,9890402713.331684,32841303954.69995,63369425357.43208,0.0,49075668645.91104,15177920280.785048,32841303954.69995,63369425357.43208,2994073951.4975467,6896328761.834136,28.807929930919133,8.909597688840927,19.27818834203172,37.19851437238883,1.7575526728950248,4.048216992924316,49075668645.91104,15177920280.785048,2994073951.4975467,31,19,12,Universal P&C Insurance Co.;Florida Family Insurance Co.;First Protective Insurance Co.;Cypress P&C Insurance Co.;Florida Peninsula Insurance Co;Tower Hill Insurance Exchange;Kin Interinsurance Network;Heritage P&C Insurance Co.;Florida Family Home Ins Co.;US Coastal P&C Insurance Co.;TypTap Insurance Co.;Homeowners Choice P&C Ins Co.;Vault E&S Insurance Co.;Edison Insurance Co.;Safe Harbor Insurance Co.;GeoVera Specialty Insurance Co;Florida Farm Bureau Cas Ins Co;Universal North America Ins Co;Auto Club Insurance Co. of FL;American Platinum P&C Ins Co.;FL Farm Bureau General Ins Co.;Castle Key Insurance Co.;Homesite Insurance Co.;State Farm FL Ins Co;AIG Property Casualty Co.;Foremost P&C Insurance Co.;ASI Preferred Insurance Corp.;Nationwide P&C Insurance Co.;ACE Ins Co. of the Midwest;Castle Key Indemnity Co.;First Liberty Insurance Corp.,Universal P&C Insurance Co.;Florida Family Insurance Co.;First Protective Insurance Co.;Cypress P&C Insurance Co.;Florida Peninsula Insurance Co;Tower Hill Insurance Exchange;Kin Interinsurance Network;Heritage P&C Insurance Co.;Florida Family Home Ins Co.;US Coastal P&C Insurance Co.;TypTap Insurance Co.;Homeowners Choice P&C Ins Co.;Vault E&S Insurance Co.;Edison Insurance Co.;Safe Harbor Insurance Co.;GeoVera Specialty Insurance Co;Florida Farm Bureau Cas Ins Co;Universal North America Ins Co;American Platinum P&C Ins Co.,5009834394.010125,12,35.41856476294073,3238392256.5856996,32052262.737855047,1,0.9811320754716981,11433413888.985836,308706120.0,8179428778.56946,539937478.65,359958319.1,539937478.65,359958319.1,0.0,2994073951.4975467,2994073951.4975467,1395853723.0,1395853723.0,0.0,True,20459893120.2823,16999999999.999998,3459893120.282301,0.8308938810216736,11115782423.801325,5884217576.198673,2189309909.060487,0.0,14,9464500000.0,9464500000.0,32
great_miami,baseline,,1926255N15314,"{""1926255N15314"": 0.7279138785251776}",170354720952.1598,124003565653.36101,46351155298.7988,19343864996.914795,52120020651.1953,0.0,43302052817.85996,9237627187.39097,19343864996.914795,52120020651.1953,13648241335.790606,32702913963.008198,25.418757153211125,5.422583615974544,11.355050736954379,30.59499634637775,8.011660175606991,19.196951971875237,43302052817.85996,9237627187.39097,13648241335.790606,30,19,11,Universal P&C Insurance Co.;Florida Family Insurance Co.;First Protective Insurance Co.;Cypress P&C Insurance Co.;Florida Peninsula Insurance Co;Tower Hill Insurance Exchange;Kin Interinsurance Network;Heritage P&C Insurance Co.;Florida Family Home Ins Co.;US Coastal P&C Insurance Co.;TypTap Insurance Co.;Homeowners Choice P&C Ins Co.;Vault E&S Insurance Co.;Edison Insurance Co.;Safe Harbor Insurance Co.;GeoVera Specialty Insurance Co;Florida Farm Bureau Cas Ins Co;Universal North America Ins Co;Auto Club Insurance Co. of FL;American Platinum P&C Ins Co.;FL Farm Bureau General Ins Co.;Castle Key Insurance Co.;Homesite Insurance Co.;State Farm FL Ins Co;AIG Property Casualty Co.;Foremost P&C Insurance Co.;ASI Preferred Insurance Corp.;ACE Ins Co. of the Midwest;Castle Key Indemnity Co.;First Liberty Insurance Corp.,Universal P&C Insurance Co.;Florida Family Insurance Co.;First Protective Insurance Co.;Cypress P&C Insurance Co.;Florida Peninsula Insurance Co;Tower Hill Insurance Exchange;Kin Interinsurance Network;Heritage P&C Insurance Co.;Florida Family Home Ins Co.;US Coastal P&C Insurance Co.;TypTap Insurance Co.;Homeowners Choice P&C Ins Co.;Vault E&S Insurance Co.;Edison Insurance Co.;Safe Harbor Insurance Co.;GeoVera Specialty Insurance Co;Florida Farm Bureau Cas Ins Co;Universal North America Ins Co;American Platinum P&C Ins Co.,3670821724.771745,11,35.41856476294073,1825428352.4118948,17309517.265389673,1,0.9811320754716981,7231122106.896171,308706120.0,5202559740.774601,539937478.65,359958319.1,539937478.65,359958319.1,10207241335.790606,13648241335.790606,3441000000.0,1395853723.0,1395853723.0,0.0,True,20483844651.419296,17000000000.0,3483844651.4192963,0.8299223260718341,14057912192.144001,2942087807.856002,2125000000.0,0.0,13,9464500000.0,9464500000.0,33
great_miami,baseline,,1926255N15314,"{""1926255N15314"": 0.8440929372265957}",170354720952.15976,143795216778.92563,26559504173.234135,22657787607.996407,67650256783.22174,0.0,41756966530.75132,11730205856.956213,22657787607.996407,67650256783.22174,7864938772.054001,18694565401.18013,24.511775369276563,6.885753321887905,13.300357912804383,39.71140711869076,4.616801182905104,10.973905094435318,41756966530.75132,11730205856.956213,7864938772.054001,29,19,10,Universal P&C Insurance Co.;Florida Family Insurance Co.;First Protective Insurance Co.;Cypress P&C Insurance Co.;Florida Peninsula Insurance Co;Tower Hill Insurance Exchange;Kin Interinsurance Network;Heritage P&C Insurance Co.;Florida Family Home Ins Co.;US Coastal P&C Insurance Co.;TypTap Insurance Co.;Homeowners Choice P&C Ins Co.;Vault E&S Insurance Co.;Edison Insurance Co.;Safe Harbor Insurance Co.;GeoVera Specialty Insurance Co;Florida Farm Bureau Cas Ins Co;Universal North America Ins Co;Auto Club Insurance Co. of FL;American Platinum P&C Ins Co.;FL Farm Bureau General Ins Co.;Homesite Insurance Co.;State Farm FL Ins Co;AIG Property Casualty Co.;Foremost P&C Insurance Co.;ASI Preferred Insurance Corp.;ACE Ins Co. of the Midwest;Castle Key Indemnity Co.;First Liberty Insurance Corp.,Universal P&C Insurance Co.;Florida Family Insurance Co.;First Protective Insurance Co.;Cypress P&C Insurance Co.;Florida Peninsula Insurance Co;Tower Hill Insurance Exchange;Kin Interinsurance Network;Heritage P&C Insurance Co.;Florida Family Home Ins Co.;US Coastal P&C Insurance Co.;TypTap Insurance Co.;Homeowners Choice P&C Ins Co.;Vault E&S Insurance Co.;Edison Insurance Co.;Safe Harbor Insurance Co.;GeoVera Specialty Insurance Co;Florida Farm Bureau Cas Ins Co;Universal North America Ins Co;American Platinum P&C Ins Co.,3555367207.7252245,10,35.41856476294073,1881107749.4913855,13392855.154345728,1,0.9811320754716981,8061741959.5245495,308706120.0,6221630692.438126,539937478.65,359958319.1,539937478.65,359958319.1,4423938772.054001,7864938772.054001,3441000000.0,1395853723.0,1395853723.0,0.0,True,20487953522.765305,17000000000.0,3487953522.7653046,0.8297558846524302,12610616790.260563,4389383209.739433,2125000000.0000002,0.0,13,9464500000.0,9464500000.0,34
great_miami,baseline,,1926255N15314,"{""1926255N15314"": 0.6352094065143153}",170354720952.15982,108210921192.93326,62143799759.22657,28900365016.63996,39759690593.07795,0.0,28537026117.611534,11013839465.603802,28900365016.63996,39759690593.07795,18262997356.73713,43880802402.48943,16.751532307475937,6.465238770046638,16.96481603509888,23.33935353881008,10.72057014602247,25.758489202545988,28537026117.611534,11013839465.603802,18262997356.73713,26,16,10,Universal P&C Insurance Co.;Florida Family Insurance Co.;First Protective Insurance Co.;Cypress P&C Insurance Co.;Florida Peninsula Insurance Co;Tower Hill Insurance Exchange;Kin Interinsurance Network;Heritage P&C Insurance Co.;Florida Family Home Ins Co.;US Coastal P&C Insurance Co.;TypTap Insurance Co.;Homeowners Choice P&C Ins Co.;Edison Insurance Co.;Safe Harbor Insurance Co.;GeoVera Specialty Insurance Co;Auto Club Insurance Co. of FL;American Platinum P&C Ins Co.;FL Farm Bureau General Ins Co.;Homesite Insurance Co.;State Farm FL Ins Co;AIG Property Casualty Co.;Foremost P&C Insurance Co.;ASI Preferred Insurance Corp.;ACE Ins Co. of the Midwest;Castle Key Indemnity Co.;First Liberty Insurance Corp.,Universal P&C Insurance Co.;Florida Family Insurance Co.;First Protective Insurance Co.;Cypress P&C Insurance Co.;Florida Peninsula Insurance Co;Tower Hill Insurance Exchange;Kin Interinsurance Network;Heritage P&C Insurance Co.;Florida Family Home Ins Co.;US Coastal P&C Insurance Co.;TypTap Insurance Co.;Homeowners Choice P&C Ins Co.;Edison Insurance Co.;Safe Harbor Insurance Co.;GeoVera Specialty Insurance Co;American Platinum P&C Ins Co.,1837123468.383071,10,34.139892835311265,1369744913.174731,5295474.422459271,1,0.9811320754716981,4762577768.034016,322826880.0,4965362193.534513,539937478.65,359958319.1,539937478.65,359958319.1,14821997356.73713,18262997356.73713,3441000000.0,1395853723.0,1395853723.0,0.0,False,13124865260.456806,13124865260.456806,0.0,1.0,8228617663.981584,4896247596.475224,2125000000.0000002,0.0,13,9464500000.0,9464500000.0,35
great_miami,baseline,,1926255N15314,"{""1926255N15314"": 0.8914219742839772}",170354720952.15982,151857941679.77032,18496779272.389496,39310500179.27978,63776104048.645775,0.0,37446995072.19136,11324342379.653406,39310500179.27978,63776104048.645775,5508936370.13578,12987842902.253714,21.98177711946561,6.647507222786967,23.075674075577407,37.43723901056773,3.2338031721955254,7.6239993994067525,37446995072.19136,11324342379.653406,5508936370.13578,27,17,10,Universal P&C Insurance Co.;Florida Family Insurance Co.;First Protective Insurance Co.;Cypress P&C Insurance Co.;Florida Peninsula Insurance Co;Tower Hill Insurance Exchange;Kin Interinsurance Network;Heritage P&C Insurance Co.;Florida Family Home Ins Co.;US Coastal P&C Insurance Co.;TypTap Insurance Co.;Homeowners Choice P&C Ins Co.;Edison Insurance Co.;Safe Harbor Insurance Co.;GeoVera Specialty Insurance Co;Universal North America Ins Co;Auto Club Insurance Co. of FL;American Platinum P&C Ins Co.;FL Farm Bureau General Ins Co.;Homesite Insurance Co.;State Farm FL Ins Co;AIG Property Casualty Co.;Foremost P&C Insurance Co.;ASI Preferred Insurance Corp.;ACE Ins Co. of the Midwest;Castle Key Indemnity Co.;First Liberty Insurance Corp.,Universal P&C Insurance Co.;Florida Family Insurance Co.;First Protective Insurance Co.;Cypress P&C Insurance Co.;Florida Peninsula Insurance Co;Tower Hill Insurance Exchange;Kin Interinsurance Network;Heritage P&C Insurance Co.;Florida Family Home Ins Co.;US Coastal P&C Insurance Co.;TypTap Insurance Co.;Homeowners Choice P&C Ins Co.;Edison Insurance Co.;Safe Harbor Insurance Co.;GeoVera Specialty Insurance Co;Universal North America Ins Co;American Platinum P&C Ins Co.,2917421060.290109,10,34.45361965929429,1624800953.2995362,8952315.153405897,1,0.9811320754716981,6181503242.097389,319362300.0,5350313006.588132,539937478.65,359958319.1,539937478.65,359958319.1,2067936370.1357803,5508936370.13578,3441000000.0,1395853723.0,1395853723.0,0.0,True,19906213956.78399,17000000000.0,2906213956.783989,0.854004686019485,12147914358.788687,4852085641.211312,2125000000.0,0.0,13,9464500000.0,9464500000.0,36
great_miami,baseline,,1926255N15314,"{""1926255N15314"": 0.7634955606835488}",170354720952.15982,130065073188.45877,40289647763.70104,28952838755.00481,55521628694.70551,0.0,35916801707.460495,9673804031.287945,28952838755.00481,55521628694.70551,11877013061.533146,28412634702.167896,21.08353763647495,5.678623977790793,16.995618667436606,32.59177578665253,6.971930683898411,16.6785132477467,35916801707.460495,9673804031.287945,11877013061.533146,29,19,10,Universal P&C Insurance Co.;Florida Family Insurance Co.;First Protective Insurance Co.;Cypress P&C Insurance Co.;Florida Peninsula Insurance Co;Tower Hill Insurance Exchange;Kin Interinsurance Network;Heritage P&C Insurance Co.;Florida Family Home Ins Co.;US Coastal P&C Insurance Co.;TypTap Insurance Co.;Homeowners Choice P&C Ins Co.;Vault E&S Insurance Co.;Edison Insurance Co.;Safe Harbor Insurance Co.;GeoVera Specialty Insurance Co;Florida Farm Bureau Cas Ins Co;Universal North America Ins Co;Auto Club Insurance Co. of FL;American Platinum P&C Ins Co.;FL Farm Bureau General Ins Co.;Homesite Insurance Co.;State Farm FL Ins Co;AIG Property Casualty Co.;Foremost P&C Insurance Co.;ASI Preferred Insurance Corp.;ACE Ins Co. of the Midwest;Castle Key Indemnity Co.;First Liberty Insurance Corp.,Universal P&C Insurance Co.;Florida Family Insurance Co.;First Protective Insurance Co.;Cypress P&C Insurance Co.;Florida Peninsula Insurance Co;Tower Hill Insurance Exchange;Kin Interinsurance Network;Heritage P&C Insurance Co.;Florida Family Home Ins Co.;US Coastal P&C Insurance Co.;TypTap Insurance Co.;Homeowners Choice P&C Ins Co.;Vault E&S Insurance Co.;Edison Insurance Co.;Safe Harbor Insurance Co.;GeoVera Specialty Insurance Co;Florida Farm Bureau Cas Ins Co;Universal North America Ins Co;American Platinum P&C Ins Co.,2394468881.4355044,10,35.41856476294073,1756615898.2999313,10099924.17060323,1,0.9811320754716981,6385753536.318868,308706120.0,4726499989.744611,539937478.65,359958319.1,539937478.65,359958319.1,8436013061.533146,11877013061.533146,3441000000.0,1395853723.0,1395853723.0,0.0,False,14993778366.892828,14993778366.892828,0.0,1.0,11154212577.019793,3839565789.873035,2125000000.0000002,0.0,13,9464500000.0,9464500000.0,37
great_miami,baseline,,1926255N15314,"{""1926255N15314"": 0.7948603885320137}",170354720952.15982,135408219684.29654,34946501267.86327,19433246108.234974,35135677311.33198,0.0,61944115891.64193,18895180373.087643,19433246108.234974,35135677311.33198,10315696492.655054,24630804775.208218,36.36184283324763,11.091668177716024,11.40751838259437,20.62500945964334,6.0554215550926695,14.458539591705948,61944115891.64193,18895180373.087643,10315696492.655054,35,23,12,Universal P&C Insurance Co.;Florida Family Insurance Co.;First Protective Insurance Co.;Cypress P&C Insurance Co.;Florida Peninsula Insurance Co;Tower Hill Insurance Exchange;Kin Interinsurance Network;Unique Insurance Co.;Heritage P&C Insurance Co.;Florida Family Home Ins Co.;US Coastal P&C Insurance Co.;TypTap Insurance Co.;Homeowners Choice P&C Ins Co.;Vault E&S Insurance Co.;Edison Insurance Co.;Safe Harbor Insurance Co.;Spinnaker Specialty Ins Co.;GeoVera Specialty Insurance Co;Florida Farm Bureau Cas Ins Co;Universal North America Ins Co;QBE Specialty Insurance Co.;Auto Club Insurance Co. of FL;American Platinum P&C Ins Co.;FL Farm Bureau General Ins Co.;Castle Key Insurance Co.;Homesite Insurance Co.;PURE Specialty Exchange;State Farm FL Ins Co;AIG Property Casualty Co.;Foremost P&C Insurance Co.;ASI Preferred Insurance Corp.;Nationwide P&C Insurance Co.;ACE Ins Co. of the Midwest;Castle Key Indemnity Co.;First Liberty Insurance Corp.,Universal P&C Insurance Co.;Florida Family Insurance Co.;First Protective Insurance Co.;Cypress P&C Insurance Co.;Florida Peninsula Insurance Co;Tower Hill Insurance Exchange;Kin Interinsurance Network;Unique Insurance Co.;Heritage P&C Insurance Co.;Florida Family Home Ins Co.;US Coastal P&C Insurance Co.;TypTap Insurance Co.;Homeowners Choice P&C Ins Co.;Vault E&S Insurance Co.;Edison Insurance Co.;Safe Harbor Insurance Co.;Spinnaker Specialty Ins Co.;GeoVera Specialty Insurance Co;Florida Farm Bureau Cas Ins Co;Universal North America Ins Co;QBE Specialty Insurance Co.;American Platinum P&C Ins Co.;Castle Key Indemnity Co.,7666597829.266514,13,37.63650469101551,3952675350.169468,60005042.984894335,1,0.9811320754716981,15935509883.005667,284212740.0,12979886623.351124,539937478.65,359958319.1,539937478.65,359958319.1,6874696492.655054,10315696492.655054,3441000000.0,1395853723.0,1395853723.0,0.0,True,25862067374.67353,17000000000.0,8862067374.67353,0.6573333737676337,12225703761.332678,4774296238.667323,2388159193.2996135,0.0,14,9464500000.0,9464500000.0,38
great_miami,baseline,,1926255N15314,"{""1926255N15314"": 0.7198560263541061}",170354720952.1598,122630872495.28435,47723848456.87544,17977176890.206234,59730692766.681015,0.0,33753005116.044636,11169997722.352474,17977176890.206234,59730692766.681015,14049354906.859674,33674493550.015778,19.81336644349492,6.55690529732329,10.552790547703525,35.062540346888895,8.2471180301514,19.767279334437983,33753005116.044636,11169997722.352474,14049354906.859674,27,18,9,Universal P&C Insurance Co.;Florida Family Insurance Co.;First Protective Insurance Co.;Cypress P&C Insurance Co.;Florida Peninsula Insurance Co;Tower Hill Insurance Exchange;Kin Interinsurance Network;Heritage P&C Insurance Co.;Florida Family Home Ins Co.;US Coastal P&C Insurance Co.;TypTap Insurance Co.;Homeowners Choice P&C Ins Co.;Edison Insurance Co.;Safe Harbor Insurance Co.;GeoVera Specialty Insurance Co;Florida Farm Bureau Cas Ins Co;Universal North America Ins Co;Auto Club Insurance Co. of FL;American Platinum P&C Ins Co.;FL Farm Bureau General Ins Co.;Homesite Insurance Co.;State Farm FL Ins Co;AIG Property Casualty Co.;ASI Preferred Insurance Corp.;ACE Ins Co. of the Midwest;Castle Key Indemnity Co.;First Liberty Insurance Corp.,Universal P&C Insurance Co.;Florida Family Insurance Co.;First Protective Insurance Co.;Cypress P&C Insurance Co.;Florida Peninsula Insurance Co;Tower Hill Insurance Exchange;Kin Interinsurance Network;Heritage P&C Insurance Co.;Florida Family Home Ins Co.;US Coastal P&C Insurance Co.;TypTap Insurance Co.;Homeowners Choice P&C Ins Co.;Edison Insurance Co.;Safe Harbor Insurance Co.;GeoVera Specialty Insurance Co;Florida Farm Bureau Cas Ins Co;Universal North America Ins Co;American Platinum P&C Ins Co.,2523534383.978598,9,35.166819401784345,1738473536.0932748,14626453.034657933,1,0.9811320754716981,5535505988.517943,311486220.0,5460623062.67885,539937478.65,359958319.1,539937478.65,359958319.1,10608354906.859674,14049354906.859674,3441000000.0,1395853723.0,1395853723.0,0.0,False,15094017674.87747,15094017674.87747,0.0,1.0,10525777865.70467,4568239809.1728,2125000000.0,0.0,13,9464500000.0,9464500000.0,39
great_miami,baseline,,1926255N15314,"{""1926255N15314"": 0.7080622332302335}",170354720952.15982,120621744158.69955,49732976793.46026,21836231178.658184,49880510132.45572,0.0,40958806245.425064,7946196602.160573,21836231178.658184,49880510132.45572,14636440692.988865,35096536100.4714,24.04324694760141,4.664500377651453,12.818095710297564,29.28038028747293,8.59174351681112,20.602033160165515,40958806245.425064,7946196602.160573,14636440692.988865,29,19,10,Universal P&C Insurance Co.;Florida Family Insurance Co.;First Protective Insurance Co.;Cypress P&C Insurance Co.;Florida Peninsula Insurance Co;Tower Hill Insurance Exchange;Kin Interinsurance Network;Heritage P&C Insurance Co.;Florida Family Home Ins Co.;US Coastal P&C Insurance Co.;TypTap Insurance Co.;Homeowners Choice P&C Ins Co.;Vault E&S Insurance Co.;Edison Insurance Co.;Safe Harbor Insurance Co.;GeoVera Specialty Insurance Co;Florida Farm Bureau Cas Ins Co;Universal North America Ins Co;Auto Club Insurance Co. of FL;American Platinum P&C Ins Co.;FL Farm Bureau General Ins Co.;Homesite Insurance Co.;State Farm FL Ins Co;AIG Property Casualty Co.;Foremost P&C Insurance Co.;ASI Preferred Insurance Corp.;ACE Ins Co. of the Midwest;Castle Key Indemnity Co.;First Liberty Insurance Corp.,Universal P&C Insurance Co.;Florida Family Insurance Co.;First Protective Insurance Co.;Cypress P&C Insurance Co.;Florida Peninsula Insurance Co;Tower Hill Insurance Exchange;Kin Interinsurance Network;Heritage P&C Insurance Co.;Florida Family Home Ins Co.;US Coastal P&C Insurance Co.;TypTap Insurance Co.;Homeowners Choice P&C Ins Co.;Vault E&S Insurance Co.;Edison Insurance Co.;Safe Harbor Insurance Co.;GeoVera Specialty Insurance Co;Florida Farm Bureau Cas Ins Co;Universal North America Ins Co;American Platinum P&C Ins Co.,3135040399.0010266,10,35.41856476294073,1750769009.7322867,9025996.605733149,1,0.9811320754716981,6745499864.31234,308706120.0,4610238632.651351,539937478.65,359958319.1,539937478.65,359958319.1,11195440692.988865,14636440692.988865,3441000000.0,1395853723.0,1395853723.0,0.0,False,16932222563.87085,16932222563.87085,0.0,1.0,14690639207.618551,2241583356.2522984,2125000000.0,0.0,13,9464500000.0,9464500000.0,40
great_miami,baseline,,1926255N15314,"{""1926255N15314"": 0.709627283671182}",170354720952.15982,120888357889.84338,49466363062.31643,21492920212.591797,51645580265.36447,0.0,37470466038.19228,10279391373.694838,21492920212.591797,51645580265.36447,14558533707.610577,34907829354.70586,21.99555482158607,6.0341100711741165,12.616568588449969,30.316494885908057,8.546011302908948,20.491260329972842,37470466038.19228,10279391373.694838,14558533707.610577,29,18,11,Universal P&C Insurance Co.;Florida Family Insurance Co.;First Protective Insurance Co.;Cypress P&C Insurance Co.;Florida Peninsula Insurance Co;Tower Hill Insurance Exchange;Kin Interinsurance Network;Heritage P&C Insurance Co.;Florida Family Home Ins Co.;US Coastal P&C Insurance Co.;TypTap Insurance Co.;Homeowners Choice P&C Ins Co.;Edison Insurance Co.;Safe Harbor Insurance Co.;GeoVera Specialty Insurance Co;Florida Farm Bureau Cas Ins Co;Universal North America Ins Co;Auto Club Insurance Co. of FL;American Platinum P&C Ins Co.;FL Farm Bureau General Ins Co.;Castle Key Insurance Co.;Homesite Insurance Co.;State Farm FL Ins Co;AIG Property Casualty Co.;Foremost P&C Insurance Co.;ASI Preferred Insurance Corp.;ACE Ins Co. of the Midwest;Castle Key Indemnity Co.;First Liberty Insurance Corp.,Universal P&C Insurance Co.;Florida Family Insurance Co.;First Protective Insurance Co.;Cypress P&C Insurance Co.;Florida Peninsula Insurance Co;Tower Hill Insurance Exchange;Kin Interinsurance Network;Heritage P&C Insurance Co.;Florida Family Home Ins Co.;US Coastal P&C Insurance Co.;TypTap Insurance Co.;Homeowners Choice P&C Ins Co.;Edison Insurance Co.;Safe Harbor Insurance Co.;GeoVera Specialty Insurance Co;Florida Farm Bureau Cas Ins Co;Universal North America Ins Co;American Platinum P&C Ins Co.,2543035357.6162157,11,35.166819401784345,1687880816.513045,9466582.391491532,1,0.9811320754716981,6329477751.829343,311486220.0,4801864640.890718,539937478.65,359958319.1,539937478.65,359958319.1,11117533707.610577,14558533707.610577,3441000000.0,1395853723.0,1395853723.0,0.0,True,18247369622.53188,17000000000.0,1247369622.5318794,0.9316411270043203,12631908807.224874,4368091192.7751255,2124999999.9999998,0.0,13,9464500000.0,9464500000.0,41
great_miami,baseline,,1926255N15314,"{""1926255N15314"": 0.7246716448865398}",170354720952.1598,123451235846.58913,46903485105.57066,13000509220.709358,63622719412.1734,0.0,36829448299.74249,9998558913.963879,13000509220.709358,63622719412.1734,13809637187.367933,33093847918.202736,21.6192707157703,5.869258484930244,7.631434660598724,37.347200627354724,8.106401225737708,19.426434285608313,36829448299.74249,9998558913.963879,13809637187.367933,28,18,10,Universal P&C Insurance Co.;Florida Family Insurance Co.;First Protective Insurance Co.;Cypress P&C Insurance Co.;Florida Peninsula Insurance Co;Tower Hill Insurance Exchange;Kin Interinsurance Network;Heritage P&C Insurance Co.;Florida Family Home Ins Co.;US Coastal P&C Insurance Co.;TypTap Insurance Co.;Homeowners Choice P&C Ins Co.;Edison Insurance Co.;Safe Harbor Insurance Co.;GeoVera Specialty Insurance Co;Florida Farm Bureau Cas Ins Co;Universal North America Ins Co;Auto Club Insurance Co. of FL;American Platinum P&C Ins Co.;FL Farm Bureau General Ins Co.;Homesite Insurance Co.;State Farm FL Ins Co;AIG Property Casualty Co.;Foremost P&C Insurance Co.;ASI Preferred Insurance Corp.;ACE Ins Co. of the Midwest;Castle Key Indemnity Co.;First Liberty Insurance Corp.,Universal P&C Insurance Co.;Florida Family Insurance Co.;First Protective Insurance Co.;Cypress P&C Insurance Co.;Florida Peninsula Insurance Co;Tower Hill Insurance Exchange;Kin Interinsurance Network;Heritage P&C Insurance Co.;Florida Family Home Ins Co.;US Coastal P&C Insurance Co.;TypTap Insurance Co.;Homeowners Choice P&C Ins Co.;Edison Insurance Co.;Safe Harbor Insurance Co.;GeoVera Specialty Insurance Co;Florida Farm Bureau Cas Ins Co;Universal North America Ins Co;American Platinum P&C Ins Co.,2668898986.446616,10,35.166819401784345,1487195277.6950817,10500219.05748029,1,0.9811320754716981,6133877732.678664,311486220.0,4818208079.897776,539937478.65,359958319.1,539937478.65,359958319.1,10368637187.367933,13809637187.367933,3441000000.0,1395853723.0,1395853723.0,0.0,True,18352152310.24185,17000000000.0,1352152310.2418518,0.9263218674636189,12936426154.51551,4063573845.4844923,2125000000.0,0.0,13,9464500000.0,9464500000.0,42
great_miami,baseline,,1926255N15314,"{""1926255N15314"": 0.3609699387465893}",170354720952.1598,61492933187.29344,108861787764.86636,17685944948.42678,21516304089.994843,0.0,17720684040.70987,4570000108.161946,17685944948.42678,21516304089.994843,31914423308.59411,76947364456.27226,10.402226566815436,2.682637782280965,10.381834356908413,12.630295168654118,18.73409972451338,45.168906400827694,17720684040.70987,4570000108.161946,31914423308.59411,20,14,6,Universal P&C Insurance Co.;Florida Family Insurance Co.;First Protective Insurance Co.;Cypress P&C Insurance Co.;Florida Peninsula Insurance Co;Tower Hill Insurance Exchange;Kin Interinsurance Network;Heritage P&C Insurance Co.;US Coastal P&C Insurance Co.;TypTap Insurance Co.;Homeowners Choice P&C Ins Co.;Edison Insurance Co.;Safe Harbor Insurance Co.;GeoVera Specialty Insurance Co;FL Farm Bureau General Ins Co.;State Farm FL Ins Co;AIG Property Casualty Co.;ASI Preferred Insurance Corp.;ACE Ins Co. of the Midwest;Castle Key Indemnity Co.,Universal P&C Insurance Co.;Florida Family Insurance Co.;First Protective Insurance Co.;Cypress P&C Insurance Co.;Florida Peninsula Insurance Co;Tower Hill Insurance Exchange;Kin Interinsurance Network;Heritage P&C Insurance Co.;US Coastal P&C Insurance Co.;TypTap Insurance Co.;Homeowners Choice P&C Ins Co.;Edison Insurance Co.;Safe Harbor Insurance Co.;GeoVera Specialty Insurance Co,687713771.5301261,6,33.63270213261762,1026031216.5155919,0.0,0,1.0,2830770737.520392,328427940.0,2853167044.3550286,539937478.65,359958319.1,539937478.65,359958319.1,28473423308.59411,31914423308.59411,3441000000.0,1395853723.0,1395853723.0,0.0,False,3443666995.932805,3443666995.932805,0.0,1.0,2857108428.204587,586558567.7282183,2037558684.7957687,0.0,13,9464500000.0,9464500000.0,43
great_miami,baseline,,1926255N15314,"{""1926255N15314"": 0.6633269540292113}",170354720952.15982,113000878153.69243,57353842798.467384,13478567239.75034,31969468113.903545,0.0,52270369932.83986,15282472867.198694,13478567239.75034,31969468113.903545,16863327859.958027,40490514938.50933,30.683252944612427,8.970971148777512,7.912059709537185,18.766411599994008,9.89894953641684,23.768355060662014,52270369932.83986,15282472867.198694,16863327859.958027,33,20,13,Universal P&C Insurance Co.;Florida Family Insurance Co.;First Protective Insurance Co.;Cypress P&C Insurance Co.;Florida Peninsula Insurance Co;Tower Hill Insurance Exchange;Kin Interinsurance Network;Unique Insurance Co.;Heritage P&C Insurance Co.;Florida Family Home Ins Co.;US Coastal P&C Insurance Co.;TypTap Insurance Co.;Homeowners Choice P&C Ins Co.;Vault E&S Insurance Co.;Edison Insurance Co.;Safe Harbor Insurance Co.;GeoVera Specialty Insurance Co;Florida Farm Bureau Cas Ins Co;Universal North America Ins Co;Auto Club Insurance Co. of FL;American Platinum P&C Ins Co.;FL Farm Bureau General Ins Co.;Castle Key Insurance Co.;Homesite Insurance Co.;PURE Specialty Exchange;State Farm FL Ins Co;AIG Property Casualty Co.;Foremost P&C Insurance Co.;ASI Preferred Insurance Corp.;Nationwide P&C Insurance Co.;ACE Ins Co. of the Midwest;Castle Key Indemnity Co.;First Liberty Insurance Corp.,Universal P&C Insurance Co.;Florida Family Insurance Co.;First Protective Insurance Co.;Cypress P&C Insurance Co.;Florida Peninsula Insurance Co;Tower Hill Insurance Exchange;Kin Interinsurance Network;Unique Insurance Co.;Heritage P&C Insurance Co.;Florida Family Home Ins Co.;US Coastal P&C Insurance Co.;TypTap Insurance Co.;Homeowners Choice P&C Ins Co.;Vault E&S Insurance Co.;Edison Insurance Co.;Safe Harbor Insurance Co.;GeoVera Specialty Insurance Co;Florida Farm Bureau Cas Ins Co;Universal North America Ins Co;American Platinum P&C Ins Co.,5448623441.42492,13,35.51416660549837,2883262094.515296,50640042.07277772,1,0.9811320754716981,11639466311.717133,307650360.0,9407385926.379213,539937478.65,359958319.1,539937478.65,359958319.1,13422327859.958027,16863327859.958027,3441000000.0,1395853723.0,1395853723.0,0.0,True,26346292019.581757,16999999999.999998,9346292019.581758,0.6452520904028859,12251947784.72567,4748052215.274332,2408107941.5768185,0.0,14,9464500000.0,9464500000.0,44
great_miami,baseline,,1926255N15314,"{""1926255N15314"": 0.7611111353229869}",170354720952.15982,129658875071.529,40695845880.63081,20156233282.247078,68821328296.03156,0.0,32687904965.792984,7993408527.457405,20156233282.247078,68821328296.03156,11995707888.767166,28700137991.863644,19.188141533789736,4.6922142707757235,11.831919402989419,40.398838324743835,7.041605786866266,16.847280680835027,32687904965.792984,7993408527.457405,11995707888.767166,27,17,10,Universal P&C Insurance Co.;Florida Family Insurance Co.;First Protective Insurance Co.;Cypress P&C Insurance Co.;Florida Peninsula Insurance Co;Tower Hill Insurance Exchange;Kin Interinsurance Network;Heritage P&C Insurance Co.;Florida Family Home Ins Co.;US Coastal P&C Insurance Co.;TypTap Insurance Co.;Homeowners Choice P&C Ins Co.;Edison Insurance Co.;Safe Harbor Insurance Co.;GeoVera Specialty Insurance Co;Universal North America Ins Co;Auto Club Insurance Co. of FL;American Platinum P&C Ins Co.;FL Farm Bureau General Ins Co.;Homesite Insurance Co.;State Farm FL Ins Co;AIG Property Casualty Co.;Foremost P&C Insurance Co.;ASI Preferred Insurance Corp.;ACE Ins Co. of the Midwest;Castle Key Indemnity Co.;First Liberty Insurance Corp.,Universal P&C Insurance Co.;Florida Family Insurance Co.;First Protective Insurance Co.;Cypress P&C Insurance Co.;Florida Peninsula Insurance Co;Tower Hill Insurance Exchange;Kin Interinsurance Network;Heritage P&C Insurance Co.;Florida Family Home Ins Co.;US Coastal P&C Insurance Co.;TypTap Insurance Co.;Homeowners Choice P&C Ins Co.;Edison Insurance Co.;Safe Harbor Insurance Co.;GeoVera Specialty Insurance Co;Universal North America Ins Co;American Platinum P&C Ins Co.,2174837167.33467,10,34.45361965929429,1548928354.9710307,7593353.0554140285,1,0.9811320754716981,6034792080.874251,319362300.0,4823210720.532819,539937478.65,359958319.1,539937478.65,359958319.1,8554707888.767166,11995707888.767166,3441000000.0,1395853723.0,1395853723.0,0.0,False,11174355986.139107,11174355986.139107,0.0,1.0,9123577340.905478,2050778645.2336297,2125000000.0,0.0,13,9464500000.0,9464500000.0,45
great_miami,baseline,,1926255N15314,"{""1926255N15314"": 0.740137503054839}",170354720952.15982,126085917799.13545,44268803153.02437,30427536645.674736,30115022017.27533,0.0,50299944246.31366,15243414889.871738,30427536645.674736,30115022017.27533,13039758878.87704,31229044274.147324,29.526592491932895,8.948043708253026,17.861281727683735,17.67783237761426,7.654474619778195,18.33177507473789,50299944246.31366,15243414889.871738,13039758878.87704,33,21,12,Universal P&C Insurance Co.;Florida Family Insurance Co.;First Protective Insurance Co.;Cypress P&C Insurance Co.;Florida Peninsula Insurance Co;Tower Hill Insurance Exchange;Kin Interinsurance Network;Unique Insurance Co.;Heritage P&C Insurance Co.;Florida Family Home Ins Co.;US Coastal P&C Insurance Co.;TypTap Insurance Co.;Homeowners Choice P&C Ins Co.;Vault E&S Insurance Co.;Edison Insurance Co.;Safe Harbor Insurance Co.;GeoVera Specialty Insurance Co;Florida Farm Bureau Cas Ins Co;Universal North America Ins Co;QBE Specialty Insurance Co.;Auto Club Insurance Co. of FL;American Platinum P&C Ins Co.;FL Farm Bureau General Ins Co.;Castle Key Insurance Co.;Homesite Insurance Co.;State Farm FL Ins Co;AIG Property Casualty Co.;Foremost P&C Insurance Co.;ASI Preferred Insurance Corp.;Nationwide P&C Insurance Co.;ACE Ins Co. of the Midwest;Castle Key Indemnity Co.;First Liberty Insurance Corp.,Universal P&C Insurance Co.;Florida Family Insurance Co.;First Protective Insurance Co.;Cypress P&C Insurance Co.;Florida Peninsula Insurance Co;Tower Hill Insurance Exchange;Kin Interinsurance Network;Unique Insurance Co.;Heritage P&C Insurance Co.;Florida Family Home Ins Co.;US Coastal P&C Insurance Co.;TypTap Insurance Co.;Homeowners Choice P&C Ins Co.;Vault E&S Insurance Co.;Edison Insurance Co.;Safe Harbor Insurance Co.;GeoVera Specialty Insurance Co;Florida Farm Bureau Cas Ins Co;Universal North America Ins Co;QBE Specialty Insurance Co.;American Platinum P&C Ins Co.,5101073463.736195,12,35.80938809441937,3187791546.039028,34893437.286926694,1,0.9811320754716981,11544998664.823372,304390140.0,9482401847.878416,539937478.65,359958319.1,539937478.65,359958319.1,9598758878.87704,13039758878.87704,3441000000.0,1395853723.0,1395853723.0,0.0,True,26029023262.714752,17000000000.0,9029023262.714752,0.6531170927320824,12377363332.047546,4622636667.952452,2189536352.678155,0.0,14,9464500000.0,9464500000.0,46
great_miami,baseline,,1926255N15314,"{""1926255N15314"": 0.8526538910529431}",170354720952.15982,145253615679.09744,25101105273.062386,12666852249.783224,56577556974.324936,0.0,55710485757.24064,20298720697.748627,12666852249.783224,56577556974.324936,7438781194.558135,17662324078.50425,32.70263685435852,11.915561003706527,7.435574534703042,33.21161671252623,4.366642235084958,10.367968659620711,55710485757.24064,20298720697.748627,7438781194.558135,33,20,13,Universal P&C Insurance Co.;Florida Family Insurance Co.;First Protective Insurance Co.;Cypress P&C Insurance Co.;Florida Peninsula Insurance Co;Tower Hill Insurance Exchange;Kin Interinsurance Network;Heritage P&C Insurance Co.;Florida Family Home Ins Co.;US Coastal P&C Insurance Co.;TypTap Insurance Co.;Homeowners Choice P&C Ins Co.;Vault E&S Insurance Co.;Edison Insurance Co.;Safe Harbor Insurance Co.;Spinnaker Specialty Ins Co.;GeoVera Specialty Insurance Co;Florida Farm Bureau Cas Ins Co;Universal North America Ins Co;Auto Club Insurance Co. of FL;American Platinum P&C Ins Co.;FL Farm Bureau General Ins Co.;Castle Key Insurance Co.;Homesite Insurance Co.;PURE Specialty Exchange;State Farm FL Ins Co;AIG Property Casualty Co.;Foremost P&C Insurance Co.;ASI Preferred Insurance Corp.;Nationwide P&C Insurance Co.;ACE Ins Co. of the Midwest;Castle Key Indemnity Co.;First Liberty Insurance Corp.,Universal P&C Insurance Co.;Florida Family Insurance Co.;First Protective Insurance Co.;Cypress P&C Insurance Co.;Florida Peninsula Insurance Co;Tower Hill Insurance Exchange;Kin Interinsurance Network;Heritage P&C Insurance Co.;Florida Family Home Ins Co.;US Coastal P&C Insurance Co.;TypTap Insurance Co.;Homeowners Choice P&C Ins Co.;Vault E&S Insurance Co.;Edison Insurance Co.;Safe Harbor Insurance Co.;Spinnaker Specialty Ins Co.;GeoVera Specialty Insurance Co;Florida Farm Bureau Cas Ins Co;Universal North America Ins Co;American Platinum P&C Ins Co.,5869500241.081086,13,35.50755988575808,3482060093.8217325,51607130.06817415,1,0.9811320754716981,13478640019.218382,307723320.0,14858666937.850449,539937478.65,359958319.1,539937478.65,359958319.1,3997781194.558135,7438781194.558135,3441000000.0,1395853723.0,1395853723.0,0.0,True,26204841462.061317,17000000000.000002,9204841462.061316,0.6487350829659533,12756407450.831938,4243592549.168063,2297989905.482181,0.0,14,9464500000.0,9464500000.0,47
great_miami,baseline,,1926255N15314,"{""1926255N15314"": 0.7743198055292706}",170354720952.1598,131909034398.66956,38445686553.49025,31545970559.661,54170321935.730034,0.0,36243624342.835846,9949117560.44269,31545970559.661,54170321935.730034,11338190629.448738,27107495924.041515,21.275385936039914,5.8402358941591475,18.51781411359886,31.798544609129166,6.655636290016764,15.912383157056171,36243624342.835846,9949117560.44269,11338190629.448738,28,18,10,Universal P&C Insurance Co.;Florida Family Insurance Co.;First Protective Insurance Co.;Cypress P&C Insurance Co.;Florida Peninsula Insurance Co;Tower Hill Insurance Exchange;Kin Interinsurance Network;Heritage P&C Insurance Co.;Florida Family Home Ins Co.;US Coastal P&C Insurance Co.;TypTap Insurance Co.;Homeowners Choice P&C Ins Co.;Edison Insurance Co.;Safe Harbor Insurance Co.;GeoVera Specialty Insurance Co;Florida Farm Bureau Cas Ins Co;Universal North America Ins Co;Auto Club Insurance Co. of FL;American Platinum P&C Ins Co.;FL Farm Bureau General Ins Co.;Homesite Insurance Co.;State Farm FL Ins Co;AIG Property Casualty Co.;Foremost P&C Insurance Co.;ASI Preferred Insurance Corp.;ACE Ins Co. of the Midwest;Castle Key Indemnity Co.;First Liberty Insurance Corp.,Universal P&C Insurance Co.;Florida Family Insurance Co.;First Protective Insurance Co.;Cypress P&C Insurance Co.;Florida Peninsula Insurance Co;Tower Hill Insurance Exchange;Kin Interinsurance Network;Heritage P&C Insurance Co.;Florida Family Home Ins Co.;US Coastal P&C Insurance Co.;TypTap Insurance Co.;Homeowners Choice P&C Ins Co.;Edison Insurance Co.;Safe Harbor Insurance Co.;GeoVera Specialty Insurance Co;Florida Farm Bureau Cas Ins Co;Universal North America Ins Co;American Platinum P&C Ins Co.,2838757451.6864915,10,35.166819401784345,2022437793.793179,19883240.81881334,1,0.9811320754716981,6535956207.205606,311486220.0,4453480734.862402,539937478.65,359958319.1,539937478.65,359958319.1,7897190629.448738,11338190629.448738,3441000000.0,1395853723.0,1395853723.0,0.0,False,15549829835.718826,15549829835.718826,0.0,1.0,11151537384.435175,4398292451.283652,2125000000.0,0.0,13,9464500000.0,9464500000.0,48
great_miami,baseline,,1926255N15314,"{""1926255N15314"": 0.7870858885463299}",170354720952.15982,134083796908.69281,36270924043.467,15395498364.109112,73265786400.84529,0.0,37152337879.48221,8270174264.256192,15395498364.109112,73265786400.84529,10702705013.825201,25568219029.641808,21.80881027060916,4.8546786481947155,9.037318295647692,43.00778164018143,6.282599598065033,15.008811547301967,37152337879.48221,8270174264.256192,10702705013.825201,28,19,9,Universal P&C Insurance Co.;Florida Family Insurance Co.;First Protective Insurance Co.;Cypress P&C Insurance Co.;Florida Peninsula Insurance Co;Tower Hill Insurance Exchange;Kin Interinsurance Network;Heritage P&C Insurance Co.;Florida Family Home Ins Co.;US Coastal P&C Insurance Co.;TypTap Insurance Co.;Homeowners Choice P&C Ins Co.;Vault E&S Insurance Co.;Edison Insurance Co.;Safe Harbor Insurance Co.;GeoVera Specialty Insurance Co;Florida Farm Bureau Cas Ins Co;Universal North America Ins Co;Auto Club Insurance Co. of FL;American Platinum P&C Ins Co.;FL Farm Bureau General Ins Co.;Homesite Insurance Co.;State Farm FL Ins Co;AIG Property Casualty Co.;ASI Preferred Insurance Corp.;ACE Ins Co. of the Midwest;Castle Key Indemnity Co.;First Liberty Insurance Corp.,Universal P&C Insurance Co.;Florida Family Insurance Co.;First Protective Insurance Co.;Cypress P&C Insurance Co.;Florida Peninsula Insurance Co;Tower Hill Insurance Exchange;Kin Interinsurance Network;Heritage P&C Insurance Co.;Florida Family Home Ins Co.;US Coastal P&C Insurance Co.;TypTap Insurance Co.;Homeowners Choice P&C Ins Co.;Vault E&S Insurance Co.;Edison Insurance Co.;Safe Harbor Insurance Co.;GeoVera Specialty Insurance Co;Florida Farm Bureau Cas Ins Co;Universal North America Ins Co;American Platinum P&C Ins Co.,3207904939.472777,9,35.41856476294073,1613848814.7946467,14836592.468588457,1,0.9811320754716981,5880945828.342209,308706120.0,4784220569.051606,539937478.65,359958319.1,539937478.65,359958319.1,7261705013.825201,10702705013.825201,3441000000.0,1395853723.0,1395853723.0,0.0,False,14404227502.94278,14404227502.94278,0.0,1.0,12025187378.61403,2379040124.3287487,2125000000.0,0.0,13,9464500000.0,9464500000.0,49
great_miami,baseline,,1926255N15314,"{""1926255N15314"": 0.8645687546973587}",170354720952.15982,147283368950.42487,23071352001.73495,13378499142.911333,56615170465.76257,0.0,57669432341.98413,19620266999.766838,13378499142.911333,56615170465.76257,6845668612.725183,16225683389.009762,33.85255895442971,11.517301598748611,7.853318691806829,33.23369622475072,4.018478956416846,9.524645573847272,57669432341.98413,19620266999.766838,6845668612.725183,35,23,12,Universal P&C Insurance Co.;Florida Family Insurance Co.;First Protective Insurance Co.;Cypress P&C Insurance Co.;Florida Peninsula Insurance Co;Tower Hill Insurance Exchange;Kin Interinsurance Network;Unique Insurance Co.;Heritage P&C Insurance Co.;Florida Family Home Ins Co.;US Coastal P&C Insurance Co.;TypTap Insurance Co.;Homeowners Choice P&C Ins Co.;Vault E&S Insurance Co.;Edison Insurance Co.;Safe Harbor Insurance Co.;Spinnaker Specialty Ins Co.;GeoVera Specialty Insurance Co;Florida Farm Bureau Cas Ins Co;Universal North America Ins Co;QBE Specialty Insurance Co.;Auto Club Insurance Co. of FL;American Platinum P&C Ins Co.;FL Farm Bureau General Ins Co.;Castle Key Insurance Co.;Homesite Insurance Co.;PURE Specialty Exchange;State Farm FL Ins Co;AIG Property Casualty Co.;Foremost P&C Insurance Co.;ASI Preferred Insurance Corp.;Nationwide P&C Insurance Co.;ACE Ins Co. of the Midwest;Castle Key Indemnity Co.;First Liberty Insurance Corp.,Universal P&C Insurance Co.;Florida Family Insurance Co.;First Protective Insurance Co.;Cypress P&C Insurance Co.;Florida Peninsula Insurance Co;Tower Hill Insurance Exchange;Kin Interinsurance Network;Unique Insurance Co.;Heritage P&C Insurance Co.;Florida Family Home Ins Co.;US Coastal P&C Insurance Co.;TypTap Insurance Co.;Homeowners Choice P&C Ins Co.;Vault E&S Insurance Co.;Edison Insurance Co.;Safe Harbor Insurance Co.;Spinnaker Specialty Ins Co.;GeoVera Specialty Insurance Co;Florida Farm Bureau Cas Ins Co;Universal North America Ins Co;QBE Specialty Insurance Co.;American Platinum P&C Ins Co.;Castle Key Indemnity Co.,6115201698.046285,13,37.63650469101551,3424354311.0046563,45679408.02361007,1,0.9811320754716981,14376900733.69559,284212740.0,13907332602.98552,539937478.65,359958319.1,539937478.65,359958319.1,3404668612.7251825,6845668612.725183,3441000000.0,1395853723.0,1395853723.0,0.0,True,25706307235.548218,17000000000.0,8706307235.548218,0.6613163004794164,12459595876.080257,4540404123.919741,2243688445.54354,0.0,14,9464500000.0,9464500000.0,50
great_miami,baseline,,1926255N15314,"{""1926255N15314"": 0.853128141664015}",170354720952.15982,145334406509.60797,25020314442.55186,18599324423.6374,58308348205.669075,0.0,51599146535.7262,16827587344.57528,18599324423.6374,58308348205.669075,7415173370.518917,17605141072.03294,30.289237801761082,9.877969480693709,10.917997646135436,34.22760923781127,4.3527841958669855,10.334401637731505,51599146535.7262,16827587344.57528,7415173370.518917,32,19,13,Universal P&C Insurance Co.;Florida Family Insurance Co.;First Protective Insurance Co.;Cypress P&C Insurance Co.;Florida Peninsula Insurance Co;Tower Hill Insurance Exchange;Kin Interinsurance Network;Heritage P&C Insurance Co.;Florida Family Home Ins Co.;US Coastal P&C Insurance Co.;TypTap Insurance Co.;Homeowners Choice P&C Ins Co.;Vault E&S Insurance Co.;Edison Insurance Co.;Safe Harbor Insurance Co.;GeoVera Specialty Insurance Co;Florida Farm Bureau Cas Ins Co;Universal North America Ins Co;Auto Club Insurance Co. of FL;American Platinum P&C Ins Co.;FL Farm Bureau General Ins Co.;Castle Key Insurance Co.;Homesite Insurance Co.;PURE Specialty Exchange;State Farm FL Ins Co;AIG Property Casualty Co.;Foremost P&C Insurance Co.;ASI Preferred Insurance Corp.;Nationwide P&C Insurance Co.;ACE Ins Co. of the Midwest;Castle Key Indemnity Co.;First Liberty Insurance Corp.,Universal P&C Insurance Co.;Florida Family Insurance Co.;First Protective Insurance Co.;Cypress P&C Insurance Co.;Florida Peninsula Insurance Co;Tower Hill Insurance Exchange;Kin Interinsurance Network;Heritage P&C Insurance Co.;Florida Family Home Ins Co.;US Coastal P&C Insurance Co.;TypTap Insurance Co.;Homeowners Choice P&C Ins Co.;Vault E&S Insurance Co.;Edison Insurance Co.;Safe Harbor Insurance Co.;GeoVera Specialty Insurance Co;Florida Farm Bureau Cas Ins Co;Universal North America Ins Co;American Platinum P&C Ins Co.,5213150395.074815,13,35.41856476294073,2972926339.3313932,42716678.05013052,1,0.9811320754716981,11943709118.99762,308706120.0,11013565193.717722,539937478.65,359958319.1,539937478.65,359958319.1,3974173370.518917,7415173370.518917,3441000000.0,1395853723.0,1395853723.0,0.0,True,23723934014.047867,17000000000.0,6723934014.047867,0.7165759266542234,12343849710.885378,4656150289.114623,2156648128.3740544,0.0,14,9464500000.0,9464500000.0,51
great_miami,baseline,,1926255N15314,"{""1926255N15314"": 0.9117046371887202}",170354720952.15982,155313189059.07455,15041531893.085253,32576288126.84266,70775482510.21289,0.0,38483922764.496124,13477495657.522896,32576288126.84266,70775482510.21289,4499281293.846419,10542250599.238832,22.59046450218626,7.9114306795804845,19.12262128385098,41.54594725325431,2.641125099849706,6.188411181278258,38483922764.496124,13477495657.522896,4499281293.846419,28,18,10,Universal P&C Insurance Co.;Florida Family Insurance Co.;First Protective Insurance Co.;Cypress P&C Insurance Co.;Florida Peninsula Insurance Co;Tower Hill Insurance Exchange;Kin Interinsurance Network;Heritage P&C Insurance Co.;Florida Family Home Ins Co.;US Coastal P&C Insurance Co.;TypTap Insurance Co.;Homeowners Choice P&C Ins Co.;Edison Insurance Co.;Safe Harbor Insurance Co.;GeoVera Specialty Insurance Co;Florida Farm Bureau Cas Ins Co;Universal North America Ins Co;Auto Club Insurance Co. of FL;American Platinum P&C Ins Co.;FL Farm Bureau General Ins Co.;Homesite Insurance Co.;State Farm FL Ins Co;AIG Property Casualty Co.;Foremost P&C Insurance Co.;ASI Preferred Insurance Corp.;ACE Ins Co. of the Midwest;Castle Key Indemnity Co.;First Liberty Insurance Corp.,Universal P&C Insurance Co.;Florida Family Insurance Co.;First Protective Insurance Co.;Cypress P&C Insurance Co.;Florida Peninsula Insurance Co;Tower Hill Insurance Exchange;Kin Interinsurance Network;Heritage P&C Insurance Co.;Florida Family Home Ins Co.;US Coastal P&C Insurance Co.;TypTap Insurance Co.;Homeowners Choice P&C Ins Co.;Edison Insurance Co.;Safe Harbor Insurance Co.;GeoVera Specialty Insurance Co;Florida Farm Bureau Cas Ins Co;Universal North America Ins Co;American Platinum P&C Ins Co.,3254106513.6256022,10,35.166819401784345,1696473961.1077898,12179705.036716253,1,0.9811320754716981,6594603753.059101,311486220.0,7641141674.378873,539937478.65,359958319.1,539937478.65,359958319.1,1058281293.8464193,4499281293.846419,3441000000.0,1395853723.0,1395853723.0,0.0,True,17477030421.425766,17000000000.0,477030421.425766,0.9727052931806449,12338396877.615929,4661603122.384071,2125000000.0,0.0,13,9464500000.0,9464500000.0,52
great_miami,baseline,,1926255N15314,"{""1926255N15314"": 0.5251767312710264}",170354720952.1598,89466335506.24312,80888385445.91667,18252453910.337757,39968320802.05251,0.0,25154350819.92683,6091209973.9260235,18252453910.337757,39968320802.05251,23740337765.086853,57148047680.82984,14.76586658669169,3.57560385757469,10.714381032894028,23.461821649942237,13.935826158732509,33.546500714164864,25154350819.92683,6091209973.9260235,23740337765.086853,25,16,9,Universal P&C Insurance Co.;Florida Family Insurance Co.;First Protective Insurance Co.;Cypress P&C Insurance Co.;Florida Peninsula Insurance Co;Tower Hill Insurance Exchange;Kin Interinsurance Network;Heritage P&C Insurance Co.;Florida Family Home Ins Co.;US Coastal P&C Insurance Co.;TypTap Insurance Co.;Homeowners Choice P&C Ins Co.;Edison Insurance Co.;Safe Harbor Insurance Co.;GeoVera Specialty Insurance Co;Universal North America Ins Co;Auto Club Insurance Co. of FL;FL Farm Bureau General Ins Co.;Homesite Insurance Co.;State Farm FL Ins Co;AIG Property Casualty Co.;ASI Preferred Insurance Corp.;ACE Ins Co. of the Midwest;Castle Key Indemnity Co.;First Liberty Insurance Corp.,Universal P&C Insurance Co.;Florida Family Insurance Co.;First Protective Insurance Co.;Cypress P&C Insurance Co.;Florida Peninsula Insurance Co;Tower Hill Insurance Exchange;Kin Interinsurance Network;Heritage P&C Insurance Co.;Florida Family Home Ins Co.;US Coastal P&C Insurance Co.;TypTap Insurance Co.;Homeowners Choice P&C Ins Co.;Edison Insurance Co.;Safe Harbor Insurance Co.;GeoVera Specialty Insurance Co;Universal North America Ins Co,1489957006.9937134,9,34.296269979690315,1035523624.6759872,0.0,0,1.0,3300411791.889091,321099960.0,2742197499.1506605,539937478.65,359958319.1,539937478.65,359958319.1,20299337765.086853,23740337765.086853,3441000000.0,1395853723.0,1395853723.0,0.0,False,9870449156.492035,9870449156.492035,0.0,1.0,7617036686.798222,2253412469.6938124,2078061688.551661,0.0,13,9464500000.0,9464500000.0,53
great_miami,baseline,,1926255N15314,"{""1926255N15314"": 0.6798110169280438}",170354720952.15982,115809016088.98091,54545704863.17892,24806751802.176342,47926033160.39177,0.0,34434218349.696884,8642012776.715918,24806751802.176342,47926033160.39177,16042764117.32504,38502940745.85387,20.213245724705768,5.072951737652652,14.56182233373077,28.1330818967152,9.417270051371386,22.601628255824227,34434218349.696884,8642012776.715918,16042764117.32504,27,17,10,Universal P&C Insurance Co.;Florida Family Insurance Co.;First Protective Insurance Co.;Cypress P&C Insurance Co.;Florida Peninsula Insurance Co;Tower Hill Insurance Exchange;Kin Interinsurance Network;Heritage P&C Insurance Co.;Florida Family Home Ins Co.;US Coastal P&C Insurance Co.;TypTap Insurance Co.;Homeowners Choice P&C Ins Co.;Edison Insurance Co.;Safe Harbor Insurance Co.;GeoVera Specialty Insurance Co;Universal North America Ins Co;Auto Club Insurance Co. of FL;American Platinum P&C Ins Co.;FL Farm Bureau General Ins Co.;Castle Key Insurance Co.;Homesite Insurance Co.;State Farm FL Ins Co;AIG Property Casualty Co.;ASI Preferred Insurance Corp.;ACE Ins Co. of the Midwest;Castle Key Indemnity Co.;First Liberty Insurance Corp.,Universal P&C Insurance Co.;Florida Family Insurance Co.;First Protective Insurance Co.;Cypress P&C Insurance Co.;Florida Peninsula Insurance Co;Tower Hill Insurance Exchange;Kin Interinsurance Network;Heritage P&C Insurance Co.;Florida Family Home Ins Co.;US Coastal P&C Insurance Co.;TypTap Insurance Co.;Homeowners Choice P&C Ins Co.;Edison Insurance Co.;Safe Harbor Insurance Co.;GeoVera Specialty Insurance Co;Universal North America Ins Co;American Platinum P&C Ins Co.,2211392317.1560187,10,34.45361965929429,1491389672.2023127,7177355.403264448,1,0.9811320754716981,5684812824.5018835,319362300.0,4321320583.841422,539937478.65,359958319.1,539937478.65,359958319.1,12601764117.32504,16042764117.32504,3441000000.0,1395853723.0,1395853723.0,0.0,False,13598006580.424774,13598006580.424774,0.0,1.0,10377685063.421492,3220321517.0032816,2125000000.0,0.0,13,9464500000.0,9464500000.0,54
great_miami,baseline,,1926255N15314,"{""1926255N15314"": 0.5210623650271519}",170354720952.15985,88765433792.87291,81589287159.28693,21259533033.461433,41635912581.70269,0.0,19470188746.722527,6399799430.986267,21259533033.461433,41635912581.70269,23945147694.79632,57644139464.490585,11.429204097132287,3.7567490910824253,12.479567877330314,24.440715437170166,14.056051726045654,33.83771177123914,19470188746.722527,6399799430.986267,23945147694.79632,22,15,7,Universal P&C Insurance Co.;Florida Family Insurance Co.;First Protective Insurance Co.;Cypress P&C Insurance Co.;Florida Peninsula Insurance Co;Tower Hill Insurance Exchange;Kin Interinsurance Network;Heritage P&C Insurance Co.;Florida Family Home Ins Co.;US Coastal P&C Insurance Co.;TypTap Insurance Co.;Homeowners Choice P&C Ins Co.;Edison Insurance Co.;Safe Harbor Insurance Co.;GeoVera Specialty Insurance Co;FL Farm Bureau General Ins Co.;State Farm FL Ins Co;AIG Property Casualty Co.;ASI Preferred Insurance Corp.;ACE Ins Co. of the Midwest;Castle Key Indemnity Co.;First Liberty Insurance Corp.,Universal P&C Insurance Co.;Florida Family Insurance Co.;First Protective Insurance Co.;Cypress P&C Insurance Co.;Florida Peninsula Insurance Co;Tower Hill Insurance Exchange;Kin Interinsurance Network;Heritage P&C Insurance Co.;Florida Family Home Ins Co.;US Coastal P&C Insurance Co.;TypTap Insurance Co.;Homeowners Choice P&C Ins Co.;Edison Insurance Co.;Safe Harbor Insurance Co.;GeoVera Specialty Insurance Co,1007140679.9199598,7,33.98254315570729,1141483654.1572294,0.0,0,1.0,3342090265.450299,324564540.0,3327222678.181274,539937478.65,359958319.1,539937478.65,359958319.1,20504147694.79632,23945147694.79632,3441000000.0,1395853723.0,1395853723.0,0.0,False,4844907531.111767,4844907531.111767,0.0,1.0,2903354767.6325436,1941552763.4792237,2082495002.5232868,0.0,13,9464500000.0,9464500000.0,55
great_miami,baseline,,1926255N15314,"{""1926255N15314"": 0.7687083969441488}",170354720952.15982,130953104455.00261,39401616497.15722,18224098707.826054,57733439537.806206,0.0,42346857299.46144,12648708909.908916,18224098707.826054,57733439537.806206,11617522154.589693,27784094342.567516,24.858047410000207,7.42492420474864,10.697736232941775,33.89013184672429,6.819606811983922,16.309553493601175,42346857299.46144,12648708909.908916,11617522154.589693,30,18,12,Universal P&C Insurance Co.;Florida Family Insurance Co.;First Protective Insurance Co.;Cypress P&C Insurance Co.;Florida Peninsula Insurance Co;Tower Hill Insurance Exchange;Kin Interinsurance Network;Heritage P&C Insurance Co.;Florida Family Home Ins Co.;US Coastal P&C Insurance Co.;TypTap Insurance Co.;Homeowners Choice P&C Ins Co.;Edison Insurance Co.;Safe Harbor Insurance Co.;GeoVera Specialty Insurance Co;Florida Farm Bureau Cas Ins Co;Universal North America Ins Co;Auto Club Insurance Co. of FL;American Platinum P&C Ins Co.;FL Farm Bureau General Ins Co.;Castle Key Insurance Co.;Homesite Insurance Co.;State Farm FL Ins Co;AIG Property Casualty Co.;Foremost P&C Insurance Co.;ASI Preferred Insurance Corp.;Nationwide P&C Insurance Co.;ACE Ins Co. of the Midwest;Castle Key Indemnity Co.;First Liberty Insurance Corp.,Universal P&C Insurance Co.;Florida Family Insurance Co.;First Protective Insurance Co.;Cypress P&C Insurance Co.;Florida Peninsula Insurance Co;Tower Hill Insurance Exchange;Kin Interinsurance Network;Heritage P&C Insurance Co.;Florida Family Home Ins Co.;US Coastal P&C Insurance Co.;TypTap Insurance Co.;Homeowners Choice P&C Ins Co.;Edison Insurance Co.;Safe Harbor Insurance Co.;GeoVera Specialty Insurance Co;Florida Farm Bureau Cas Ins Co;Universal North America Ins Co;American Platinum P&C Ins Co.,3527291776.0686026,12,35.166819401784345,1786241146.9432259,21008014.411633022,1,0.9811320754716981,7943923190.653738,311486220.0,6817957200.99993,539937478.65,359958319.1,539937478.65,359958319.1,8176522154.589693,11617522154.589693,3441000000.0,1395853723.0,1395853723.0,0.0,True,21635951712.9787,17000000000.0,4635951712.978699,0.7857292448014781,12297089643.744911,4702910356.255089,2131305068.8014355,0.0,14,9464500000.0,9464500000.0,56
great_miami,baseline,,1926255N15314,"{""1926255N15314"": 0.9148733938393337}",170354720952.1598,155853001714.0551,14501719238.104689,36062115038.58369,46711128270.195496,0.0,57378254750.73421,15701503654.541712,36062115038.58369,46711128270.195496,4341543069.194004,10160176168.910686,33.68163466796295,9.216946596361787,21.168838079169465,27.419920040439173,2.548531114915933,5.964129501150683,57378254750.73421,15701503654.541712,4341543069.194004,35,23,12,Universal P&C Insurance Co.;Florida Family Insurance Co.;First Protective Insurance Co.;Cypress P&C Insurance Co.;Florida Peninsula Insurance Co;Tower Hill Insurance Exchange;Kin Interinsurance Network;Unique Insurance Co.;Heritage P&C Insurance Co.;Florida Family Home Ins Co.;US Coastal P&C Insurance Co.;TypTap Insurance Co.;Homeowners Choice P&C Ins Co.;Vault E&S Insurance Co.;Edison Insurance Co.;Safe Harbor Insurance Co.;Spinnaker Specialty Ins Co.;GeoVera Specialty Insurance Co;Florida Farm Bureau Cas Ins Co;Universal North America Ins Co;QBE Specialty Insurance Co.;Auto Club Insurance Co. of FL;American Platinum P&C Ins Co.;FL Farm Bureau General Ins Co.;Castle Key Insurance Co.;Homesite Insurance Co.;PURE Specialty Exchange;State Farm FL Ins Co;AIG Property Casualty Co.;Foremost P&C Insurance Co.;ASI Preferred Insurance Corp.;Nationwide P&C Insurance Co.;ACE Ins Co. of the Midwest;Castle Key Indemnity Co.;First Liberty Insurance Corp.,Universal P&C Insurance Co.;Florida Family Insurance Co.;First Protective Insurance Co.;Cypress P&C Insurance Co.;Florida Peninsula Insurance Co;Tower Hill Insurance Exchange;Kin Interinsurance Network;Unique Insurance Co.;Heritage P&C Insurance Co.;Florida Family Home Ins Co.;US Coastal P&C Insurance Co.;TypTap Insurance Co.;Homeowners Choice P&C Ins Co.;Vault E&S Insurance Co.;Edison Insurance Co.;Safe Harbor Insurance Co.;Spinnaker Specialty Ins Co.;GeoVera Specialty Insurance Co;Florida Farm Bureau Cas Ins Co;Universal North America Ins Co;QBE Specialty Insurance Co.;American Platinum P&C Ins Co.;Castle Key Indemnity Co.,6605590834.58057,13,37.63650469101551,3316001039.4890575,65057000.5483821,1,0.9811320754716981,13910422645.347872,284212740.0,9107113106.420626,539937478.65,359958319.1,539937478.65,359958319.1,900543069.194004,4341543069.194004,3441000000.0,1395853723.0,1395853723.0,0.0,True,27494753919.639107,17000000000.0,10494753919.639107,0.6182997691009391,11503862907.888773,5496137092.111228,2226948654.3751373,0.0,14,9464500000.0,9464500000.0,57
great_miami,baseline,,1926255N15314,"{""1926255N15314"": 0.8422054003938141}",170354720952.15982,143473665968.49026,26881054983.669567,25157004335.343925,60380524426.996765,0.0,45052149323.20827,12883987882.94128,25157004335.343925,60380524426.996765,7958898877.482535,18922156106.18703,26.446082075917417,7.563035418642404,14.767424227948862,35.44399831687273,4.671956745899403,11.107503214719175,45052149323.20827,12883987882.94128,7958898877.482535,32,20,12,Universal P&C Insurance Co.;Florida Family Insurance Co.;First Protective Insurance Co.;Cypress P&C Insurance Co.;Florida Peninsula Insurance Co;Tower Hill Insurance Exchange;Kin Interinsurance Network;Heritage P&C Insurance Co.;Florida Family Home Ins Co.;US Coastal P&C Insurance Co.;TypTap Insurance Co.;Homeowners Choice P&C Ins Co.;Vault E&S Insurance Co.;Edison Insurance Co.;Safe Harbor Insurance Co.;Spinnaker Specialty Ins Co.;GeoVera Specialty Insurance Co;Florida Farm Bureau Cas Ins Co;Universal North America Ins Co;Auto Club Insurance Co. of FL;American Platinum P&C Ins Co.;FL Farm Bureau General Ins Co.;Castle Key Insurance Co.;Homesite Insurance Co.;State Farm FL Ins Co;AIG Property Casualty Co.;Foremost P&C Insurance Co.;ASI Preferred Insurance Corp.;Nationwide P&C Insurance Co.;ACE Ins Co. of the Midwest;Castle Key Indemnity Co.;First Liberty Insurance Corp.,Universal P&C Insurance Co.;Florida Family Insurance Co.;First Protective Insurance Co.;Cypress P&C Insurance Co.;Florida Peninsula Insurance Co;Tower Hill Insurance Exchange;Kin Interinsurance Network;Heritage P&C Insurance Co.;Florida Family Home Ins Co.;US Coastal P&C Insurance Co.;TypTap Insurance Co.;Homeowners Choice P&C Ins Co.;Vault E&S Insurance Co.;Edison Insurance Co.;Safe Harbor Insurance Co.;Spinnaker Specialty Ins Co.;GeoVera Specialty Insurance Co;Florida Farm Bureau Cas Ins Co;Universal North America Ins Co;American Platinum P&C Ins Co.,4071520876.650117,12,35.50755988575808,2021719445.3657598,19345313.238345414,1,0.9811320754716981,8908465791.404207,307723320.0,7714503790.758743,539937478.65,359958319.1,539937478.65,359958319.1,4517898877.482535,7958898877.482535,3441000000.0,1395853723.0,1395853723.0,0.0,True,19251671328.019295,17000000000.0,2251671328.0192947,0.8830402155919749,12966060534.032207,4033939465.9677916,2125000000.0,0.0,13,9464500000.0,9464500000.0,58
great_miami,baseline,,1926255N15314,"{""1926255N15314"": 0.7619152562703884}",170354720952.15985,129795860871.13539,40558860081.024445,12942684425.51631,88318312529.4045,0.0,22889046577.66542,5645817338.549134,12942684425.51631,88318312529.4045,11955679377.702942,28603180703.321503,13.436109342747994,3.314153729930754,7.597490902028457,51.843771652331625,7.018108632903937,16.790365740057204,22889046577.66542,5645817338.549134,11955679377.702942,26,17,9,Universal P&C Insurance Co.;Florida Family Insurance Co.;First Protective Insurance Co.;Cypress P&C Insurance Co.;Florida Peninsula Insurance Co;Tower Hill Insurance Exchange;Kin Interinsurance Network;Heritage P&C Insurance Co.;Florida Family Home Ins Co.;US Coastal P&C Insurance Co.;TypTap Insurance Co.;Homeowners Choice P&C Ins Co.;Edison Insurance Co.;Safe Harbor Insurance Co.;GeoVera Specialty Insurance Co;Universal North America Ins Co;Auto Club Insurance Co. of FL;American Platinum P&C Ins Co.;FL Farm Bureau General Ins Co.;Homesite Insurance Co.;State Farm FL Ins Co;AIG Property Casualty Co.;ASI Preferred Insurance Corp.;ACE Ins Co. of the Midwest;Castle Key Indemnity Co.;First Liberty Insurance Corp.,Universal P&C Insurance Co.;Florida Family Insurance Co.;First Protective Insurance Co.;Cypress P&C Insurance Co.;Florida Peninsula Insurance Co;Tower Hill Insurance Exchange;Kin Interinsurance Network;Heritage P&C Insurance Co.;Florida Family Home Ins Co.;US Coastal P&C Insurance Co.;TypTap Insurance Co.;Homeowners Choice P&C Ins Co.;Edison Insurance Co.;Safe Harbor Insurance Co.;GeoVera Specialty Insurance Co;Universal North America Ins Co;American Platinum P&C Ins Co.,1545260021.060272,9,34.45361965929429,1245469296.9868684,2106834.949769549,1,0.9811320754716981,3898308387.8178563,319362300.0,4463233575.403052,539937478.65,359958319.1,539937478.65,359958319.1,8514679377.702942,11955679377.702942,3441000000.0,1395853723.0,1395853723.0,0.0,False,4458385451.790688,4458385451.790688,0.0,1.0,4430012692.866287,28372758.924400367,2110533181.2821593,0.0,13,9464500000.0,9464500000.0,59
great_miami,baseline,,1926255N15314,"{""1926255N15314"": 0.7635492424236645}",170354720952.15982,130074218126.31642,40280502825.8434,29978944054.893105,35281157318.791115,0.0,52163276273.49873,12650840479.133461,29978944054.893105,35281157318.791115,11874340826.54771,28406161999.29569,30.620387848334175,7.426175458140756,17.597953192804088,20.710407743087444,6.970362054059157,16.67471370357438,52163276273.49873,12650840479.133461,11874340826.54771,35,22,13,Universal P&C Insurance Co.;Florida Family Insurance Co.;First Protective Insurance Co.;Cypress P&C Insurance Co.;Florida Peninsula Insurance Co;Tower Hill Insurance Exchange;Kin Interinsurance Network;Unique Insurance Co.;Heritage P&C Insurance Co.;Florida Family Home Ins Co.;US Coastal P&C Insurance Co.;TypTap Insurance Co.;Homeowners Choice P&C Ins Co.;Vault E&S Insurance Co.;Edison Insurance Co.;Safe Harbor Insurance Co.;Spinnaker Specialty Ins Co.;GeoVera Specialty Insurance Co;Florida Farm Bureau Cas Ins Co;Universal North America Ins Co;QBE Specialty Insurance Co.;Auto Club Insurance Co. of FL;American Platinum P&C Ins Co.;FL Farm Bureau General Ins Co.;Castle Key Insurance Co.;Homesite Insurance Co.;PURE Specialty Exchange;State Farm FL Ins Co;AIG Property Casualty Co.;Foremost P&C Insurance Co.;ASI Preferred Insurance Corp.;Nationwide P&C Insurance Co.;ACE Ins Co. of the Midwest;Castle Key Indemnity Co.;First Liberty Insurance Corp.,Universal P&C Insurance Co.;Florida Family Insurance Co.;First Protective Insurance Co.;Cypress P&C Insurance Co.;Florida Peninsula Insurance Co;Tower Hill Insurance Exchange;Kin Interinsurance Network;Unique Insurance Co.;Heritage P&C Insurance Co.;Florida Family Home Ins Co.;US Coastal P&C Insurance Co.;TypTap Insurance Co.;Homeowners Choice P&C Ins Co.;Vault E&S Insurance Co.;Edison Insurance Co.;Safe Harbor Insurance Co.;Spinnaker Specialty Ins Co.;GeoVera Specialty Insurance Co;Florida Farm Bureau Cas Ins Co;Universal North America Ins Co;QBE Specialty Insurance Co.;American Platinum P&C Ins Co.,4960046065.670685,13,35.89838321723671,2702548399.8586726,41881325.4240322,1,0.9811320754716981,11896219213.18769,303407340.0,6950958021.248846,539937478.65,359958319.1,539937478.65,359958319.1,8433340826.54771,11874340826.54771,3441000000.0,1395853723.0,1395853723.0,0.0,True,23628423186.540665,17000000000.0,6628423186.540665,0.719472470329024,12383161385.402845,4616838614.597155,2220282596.148155,0.0,14,9464500000.0,9464500000.0,60
great_miami,baseline,,1926255N15314,"{""1926255N15314"": 0.7459043129998743}",170354720952.15982,127068321098.10608,43286399854.05375,34540699715.12092,37749449406.82035,0.0,43063555606.0005,11714616370.164291,34540699715.12092,37749449406.82035,12752691595.73252,30533708258.321224,25.27875679952181,6.876602130359552,20.27575139806127,22.159320972044803,7.485963127088105,17.923605572924455,43063555606.0005,11714616370.164291,12752691595.73252,29,18,11,Universal P&C Insurance Co.;Florida Family Insurance Co.;First Protective Insurance Co.;Cypress P&C Insurance Co.;Florida Peninsula Insurance Co;Tower Hill Insurance Exchange;Kin Interinsurance Network;Heritage P&C Insurance Co.;Florida Family Home Ins Co.;US Coastal P&C Insurance Co.;TypTap Insurance Co.;Homeowners Choice P&C Ins Co.;Edison Insurance Co.;Safe Harbor Insurance Co.;GeoVera Specialty Insurance Co;Florida Farm Bureau Cas Ins Co;Universal North America Ins Co;Auto Club Insurance Co. of FL;American Platinum P&C Ins Co.;FL Farm Bureau General Ins Co.;Castle Key Insurance Co.;Homesite Insurance Co.;State Farm FL Ins Co;AIG Property Casualty Co.;Foremost P&C Insurance Co.;ASI Preferred Insurance Corp.;ACE Ins Co. of the Midwest;Castle Key Indemnity Co.;First Liberty Insurance Corp.,Universal P&C Insurance Co.;Florida Family Insurance Co.;First Protective Insurance Co.;Cypress P&C Insurance Co.;Florida Peninsula Insurance Co;Tower Hill Insurance Exchange;Kin Interinsurance Network;Heritage P&C Insurance Co.;Florida Family Home Ins Co.;US Coastal P&C Insurance Co.;TypTap Insurance Co.;Homeowners Choice P&C Ins Co.;Edison Insurance Co.;Safe Harbor Insurance Co.;GeoVera Specialty Insurance Co;Florida Farm Bureau Cas Ins Co;Universal North America Ins Co;American Platinum P&C Ins Co.,3508288061.142723,11,35.166819401784345,1960583181.2517405,16922037.028068163,1,0.9811320754716981,8169406912.030731,311486220.0,6100465116.306594,539937478.65,359958319.1,539937478.65,359958319.1,9311691595.73252,12752691595.73252,3441000000.0,1395853723.0,1395853723.0,0.0,True,22387796097.675373,16999999999.999998,5387796097.675375,0.7593422740599816,12493724200.149883,4506275799.850117,2125000000.0,0.0,13,9464500000.0,9464500000.0,61
great_miami,baseline,,1926255N15314,"{""1926255N15314"": 0.6644351650512846}",170354720952.15985,113189667133.11388,57165053819.04597,31886098639.297474,49942850731.12272,0.0,24620703902.764683,6740013859.928982,31886098639.297474,49942850731.12272,16808161983.105907,40356891835.94005,14.452610274110825,3.9564585133051624,18.71747284787719,29.316974869835278,9.866566590676456,23.689916904195066,24620703902.764683,6740013859.928982,16808161983.105907,25,16,9,Universal P&C Insurance Co.;Florida Family Insurance Co.;First Protective Insurance Co.;Cypress P&C Insurance Co.;Florida Peninsula Insurance Co;Tower Hill Insurance Exchange;Kin Interinsurance Network;Heritage P&C Insurance Co.;Florida Family Home Ins Co.;US Coastal P&C Insurance Co.;TypTap Insurance Co.;Homeowners Choice P&C Ins Co.;Edison Insurance Co.;Safe Harbor Insurance Co.;GeoVera Specialty Insurance Co;Auto Club Insurance Co. of FL;American Platinum P&C Ins Co.;FL Farm Bureau General Ins Co.;Homesite Insurance Co.;State Farm FL Ins Co;AIG Property Casualty Co.;ASI Preferred Insurance Corp.;ACE Ins Co. of the Midwest;Castle Key Indemnity Co.;First Liberty Insurance Corp.,Universal P&C Insurance Co.;Florida Family Insurance Co.;First Protective Insurance Co.;Cypress P&C Insurance Co.;Florida Peninsula Insurance Co;Tower Hill Insurance Exchange;Kin Interinsurance Network;Heritage P&C Insurance Co.;Florida Family Home Ins Co.;US Coastal P&C Insurance Co.;TypTap Insurance Co.;Homeowners Choice P&C Ins Co.;Edison Insurance Co.;Safe Harbor Insurance Co.;GeoVera Specialty Insurance Co;American Platinum P&C Ins Co.,1502118762.9029357,9,34.139892835311265,1367512571.3634372,3746570.334473174,1,0.9811320754716981,4447720149.545233,322826880.0,4394815356.971571,539937478.65,359958319.1,539937478.65,359958319.1,13367161983.105907,16808161983.105907,3441000000.0,1395853723.0,1395853723.0,0.0,False,6643949773.104935,6643949773.104935,0.0,1.0,5442913874.139902,1201035898.965032,2118020161.278203,0.0,13,9464500000.0,9464500000.0,62
great_miami,baseline,,1926255N15314,"{""1926255N15314"": 0.878573785765994}",170354720952.15985,149669192110.04858,20685528842.11126,33382657703.136627,35464742923.88761,0.0,62465741835.08469,18356049647.939632,33382657703.136627,35464742923.88761,6148509133.299478,14537019708.81178,36.66804270873522,10.77519281258692,19.59596864504352,20.818174410233723,3.609239062430294,8.533382360970297,62465741835.08469,18356049647.939632,6148509133.299478,35,22,13,Universal P&C Insurance Co.;Florida Family Insurance Co.;First Protective Insurance Co.;Cypress P&C Insurance Co.;Florida Peninsula Insurance Co;Tower Hill Insurance Exchange;Kin Interinsurance Network;Unique Insurance Co.;Heritage P&C Insurance Co.;Florida Family Home Ins Co.;US Coastal P&C Insurance Co.;TypTap Insurance Co.;Homeowners Choice P&C Ins Co.;Vault E&S Insurance Co.;Edison Insurance Co.;Safe Harbor Insurance Co.;Spinnaker Specialty Ins Co.;GeoVera Specialty Insurance Co;Florida Farm Bureau Cas Ins Co;Universal North America Ins Co;QBE Specialty Insurance Co.;Auto Club Insurance Co. of FL;American Platinum P&C Ins Co.;FL Farm Bureau General Ins Co.;Castle Key Insurance Co.;Homesite Insurance Co.;PURE Specialty Exchange;State Farm FL Ins Co;AIG Property Casualty Co.;Foremost P&C Insurance Co.;ASI Preferred Insurance Corp.;Nationwide P&C Insurance Co.;ACE Ins Co. of the Midwest;Castle Key Indemnity Co.;First Liberty Insurance Corp.,Universal P&C Insurance Co.;Florida Family Insurance Co.;First Protective Insurance Co.;Cypress P&C Insurance Co.;Florida Peninsula Insurance Co;Tower Hill Insurance Exchange;Kin Interinsurance Network;Unique Insurance Co.;Heritage P&C Insurance Co.;Florida Family Home Ins Co.;US Coastal P&C Insurance Co.;TypTap Insurance Co.;Homeowners Choice P&C Ins Co.;Vault E&S Insurance Co.;Edison Insurance Co.;Safe Harbor Insurance Co.;Spinnaker Specialty Ins Co.;GeoVera Specialty Insurance Co;Florida Farm Bureau Cas Ins Co;Universal North America Ins Co;QBE Specialty Insurance Co.;American Platinum P&C Ins Co.,6951771766.045553,13,35.89838321723671,4337859772.707428,53127668.88780154,1,0.9811320754716981,16859090926.56916,303407340.0,12545060278.552011,539937478.65,359958319.1,539937478.65,359958319.1,2707509133.2994776,6148509133.299478,3441000000.0,1395853723.0,1395853723.0,0.0,True,27501418096.38355,17000000000.0,10501418096.383549,0.6181499419564662,12322520067.901665,4677479932.098335,2252393612.012044,0.0,14,9464500000.0,9464500000.0,63
great_miami,baseline,,1926255N15314,"{""1926255N15314"": 0.5730883176653959}",170354720952.1598,97628300436.83124,72726420515.32857,21764518801.595425,27729337580.61874,0.0,38247800343.20475,9886643711.412323,21764518801.595425,27729337580.61874,21355336513.36072,51371084001.96786,22.451858175357387,5.803563092442128,12.775999796159152,16.277410702580934,12.535805520387003,30.155362713073412,38247800343.20475,9886643711.412323,21355336513.36072,28,18,10,Universal P&C Insurance Co.;Florida Family Insurance Co.;First Protective Insurance Co.;Cypress P&C Insurance Co.;Florida Peninsula Insurance Co;Tower Hill Insurance Exchange;Kin Interinsurance Network;Heritage P&C Insurance Co.;Florida Family Home Ins Co.;US Coastal P&C Insurance Co.;TypTap Insurance Co.;Homeowners Choice P&C Ins Co.;Edison Insurance Co.;Safe Harbor Insurance Co.;GeoVera Specialty Insurance Co;Florida Farm Bureau Cas Ins Co;Universal North America Ins Co;Auto Club Insurance Co. of FL;American Platinum P&C Ins Co.;FL Farm Bureau General Ins Co.;Homesite Insurance Co.;State Farm FL Ins Co;AIG Property Casualty Co.;Foremost P&C Insurance Co.;ASI Preferred Insurance Corp.;ACE Ins Co. of the Midwest;Castle Key Indemnity Co.;First Liberty Insurance Corp.,Universal P&C Insurance Co.;Florida Family Insurance Co.;First Protective Insurance Co.;Cypress P&C Insurance Co.;Florida Peninsula Insurance Co;Tower Hill Insurance Exchange;Kin Interinsurance Network;Heritage P&C Insurance Co.;Florida Family Home Ins Co.;US Coastal P&C Insurance Co.;TypTap Insurance Co.;Homeowners Choice P&C Ins Co.;Edison Insurance Co.;Safe Harbor Insurance Co.;GeoVera Specialty Insurance Co;Florida Farm Bureau Cas Ins Co;Universal North America Ins Co;American Platinum P&C Ins Co.,2766750262.2772703,10,35.166819401784345,1644024015.787813,7977116.615238719,1,0.9811320754716981,6203556875.133023,311486220.0,5138168474.460716,539937478.65,359958319.1,539937478.65,359958319.1,17914336513.36072,21355336513.36072,3441000000.0,1395853723.0,1395853723.0,0.0,True,20094211274.724422,17000000000.0,3094211274.7244225,0.8460147933939319,13370479034.46312,3629520965.5368786,2124999999.9999998,0.0,13,9464500000.0,9464500000.0,64
great_miami,baseline,,1926255N15314,"{""1926255N15314"": 0.471188899660416}",170354720952.1598,80269253517.4054,90085467434.75441,5867705481.097299,51415182947.766716,0.0,17948993559.752266,5037371528.789122,5867705481.097299,51415182947.766716,26427809745.443085,63657657689.311325,10.536246638443808,2.9569896863637557,3.4444043865066174,30.181249254727426,15.513400273107036,37.36770976085137,17948993559.752266,5037371528.789122,26427809745.443085,21,14,7,Universal P&C Insurance Co.;First Protective Insurance Co.;Cypress P&C Insurance Co.;Florida Peninsula Insurance Co;Tower Hill Insurance Exchange;Kin Interinsurance Network;Heritage P&C Insurance Co.;Florida Family Home Ins Co.;US Coastal P&C Insurance Co.;TypTap Insurance Co.;Homeowners Choice P&C Ins Co.;Edison Insurance Co.;Safe Harbor Insurance Co.;GeoVera Specialty Insurance Co;FL Farm Bureau General Ins Co.;State Farm FL Ins Co;AIG Property Casualty Co.;ASI Preferred Insurance Corp.;ACE Ins Co. of the Midwest;Castle Key Indemnity Co.;First Liberty Insurance Corp.,Universal P&C Insurance Co.;First Protective Insurance Co.;Cypress P&C Insurance Co.;Florida Peninsula Insurance Co;Tower Hill Insurance Exchange;Kin Interinsurance Network;Heritage P&C Insurance Co.;Florida Family Home Ins Co.;US Coastal P&C Insurance Co.;TypTap Insurance Co.;Homeowners Choice P&C Ins Co.;Edison Insurance Co.;Safe Harbor Insurance Co.;GeoVera Specialty Insurance Co,936906033.2464367,7,33.538670472629846,1160259403.7470195,0.0,0,1.0,3000226908.0285573,329466360.0,3156024446.211256,539937478.65,359958319.1,539937478.65,359958319.1,22986809745.443085,26427809745.443085,3441000000.0,1395853723.0,1395853723.0,0.0,False,3024543026.697729,3024543026.697729,0.0,1.0,2277353863.006345,747189163.6913841,2058404290.5008218,0.0,13,9464500000.0,9464500000.0,65
great_miami,baseline,,1926255N15314,"{""1926255N15314"": 0.7687386682043469}",170354720952.1598,130958261307.08649,39396459645.07331,19646281556.4062,41949198592.59818,0.0,55564219963.6192,13798561194.462896,19646281556.4062,41949198592.59818,11616015274.962097,27780444370.111214,32.61677730623217,8.099899502249723,11.532572415133366,24.624617596819434,6.8187222579080675,16.307410921657237,55564219963.6192,13798561194.462896,11616015274.962097,34,21,13,Universal P&C Insurance Co.;Florida Family Insurance Co.;First Protective Insurance Co.;Cypress P&C Insurance Co.;Florida Peninsula Insurance Co;Tower Hill Insurance Exchange;Kin Interinsurance Network;Unique Insurance Co.;Heritage P&C Insurance Co.;Florida Family Home Ins Co.;US Coastal P&C Insurance Co.;TypTap Insurance Co.;Homeowners Choice P&C Ins Co.;Vault E&S Insurance Co.;Edison Insurance Co.;Safe Harbor Insurance Co.;GeoVera Specialty Insurance Co;Florida Farm Bureau Cas Ins Co;Universal North America Ins Co;QBE Specialty Insurance Co.;Auto Club Insurance Co. of FL;American Platinum P&C Ins Co.;FL Farm Bureau General Ins Co.;Castle Key Insurance Co.;Homesite Insurance Co.;PURE Specialty Exchange;State Farm FL Ins Co;AIG Property Casualty Co.;Foremost P&C Insurance Co.;ASI Preferred Insurance Corp.;Nationwide P&C Insurance Co.;ACE Ins Co. of the Midwest;Castle Key Indemnity Co.;First Liberty Insurance Corp.,Universal P&C Insurance Co.;Florida Family Insurance Co.;First Protective Insurance Co.;Cypress P&C Insurance Co.;Florida Peninsula Insurance Co;Tower Hill Insurance Exchange;Kin Interinsurance Network;Unique Insurance Co.;Heritage P&C Insurance Co.;Florida Family Home Ins Co.;US Coastal P&C Insurance Co.;TypTap Insurance Co.;Homeowners Choice P&C Ins Co.;Vault E&S Insurance Co.;Edison Insurance Co.;Safe Harbor Insurance Co.;GeoVera Specialty Insurance Co;Florida Farm Bureau Cas Ins Co;Universal North America Ins Co;QBE Specialty Insurance Co.;American Platinum P&C Ins Co.,6363219754.44508,13,35.80938809441937,3261400662.8440647,55057051.95777291,1,0.9811320754716981,12758793096.936586,304390140.0,8295404843.983221,539937478.65,359958319.1,539937478.65,359958319.1,8175015274.962097,11616015274.962097,3441000000.0,1395853723.0,1395853723.0,0.0,True,26322902413.397217,16999999999.999998,9322902413.397219,0.6458254387383868,12592220899.087563,4407779100.912439,2251341394.4251504,0.0,14,9464500000.0,9464500000.0,66
great_miami,baseline,,1926255N15314,"{""1926255N15314"": 0.5072839896256506}",170354720952.15982,86418222496.17606,83936498455.98376,6562714272.931192,45851722796.65399,0.0,26206788172.181072,7796997254.409792,6562714272.931192,45851722796.65399,24631024432.603424,59305474023.38034,15.383658301750641,4.57691880261974,3.852381804419837,26.915440053774848,14.458668532890542,34.81293250454439,26206788172.181072,7796997254.409792,24631024432.603424,24,15,9,Universal P&C Insurance Co.;Florida Family Insurance Co.;First Protective Insurance Co.;Cypress P&C Insurance Co.;Florida Peninsula Insurance Co;Tower Hill Insurance Exchange;Kin Interinsurance Network;Heritage P&C Insurance Co.;Florida Family Home Ins Co.;US Coastal P&C Insurance Co.;TypTap Insurance Co.;Homeowners Choice P&C Ins Co.;Edison Insurance Co.;Safe Harbor Insurance Co.;GeoVera Specialty Insurance Co;Auto Club Insurance Co. of FL;FL Farm Bureau General Ins Co.;Homesite Insurance Co.;State Farm FL Ins Co;AIG Property Casualty Co.;ASI Preferred Insurance Corp.;ACE Ins Co. of the Midwest;Castle Key Indemnity Co.;First Liberty Insurance Corp.,Universal P&C Insurance Co.;Florida Family Insurance Co.;First Protective Insurance Co.;Cypress P&C Insurance Co.;Florida Peninsula Insurance Co;Tower Hill Insurance Exchange;Kin Interinsurance Network;Heritage P&C Insurance Co.;Florida Family Home Ins Co.;US Coastal P&C Insurance Co.;TypTap Insurance Co.;Homeowners Choice P&C Ins Co.;Edison Insurance Co.;Safe Harbor Insurance Co.;GeoVera Specialty Insurance Co,1632779291.6219475,9,33.98254315570729,1205411898.6197975,0.0,0,1.0,3858932086.333151,324564540.0,3418028173.234028,539937478.65,359958319.1,539937478.65,359958319.1,21190024432.603424,24631024432.603424,3441000000.0,1395853723.0,1395853723.0,0.0,False,10758132187.960846,10758132187.960846,0.0,1.0,7491489433.108549,3266642754.8522973,2123437894.6694117,0.0,13,9464500000.0,9464500000.0,67
great_miami,baseline,,1926255N15314,"{""1926255N15314"": 0.7721947603086203}",170354720952.1598,131547022913.09496,38807698039.064835,19306843428.179688,67051676475.16996,0.0,35417476170.35681,9771026839.388508,19306843428.179688,67051676475.16996,11443973716.435415,27363724322.629417,20.790428332363618,5.735694781321897,11.333318689536975,39.36003422763956,6.717732066638289,16.06279190249966,35417476170.35681,9771026839.388508,11443973716.435415,28,18,10,Universal P&C Insurance Co.;Florida Family Insurance Co.;First Protective Insurance Co.;Cypress P&C Insurance Co.;Florida Peninsula Insurance Co;Tower Hill Insurance Exchange;Kin Interinsurance Network;Heritage P&C Insurance Co.;Florida Family Home Ins Co.;US Coastal P&C Insurance Co.;TypTap Insurance Co.;Homeowners Choice P&C Ins Co.;Edison Insurance Co.;Safe Harbor Insurance Co.;GeoVera Specialty Insurance Co;Florida Farm Bureau Cas Ins Co;Universal North America Ins Co;Auto Club Insurance Co. of FL;American Platinum P&C Ins Co.;FL Farm Bureau General Ins Co.;Homesite Insurance Co.;State Farm FL Ins Co;AIG Property Casualty Co.;Foremost P&C Insurance Co.;ASI Preferred Insurance Corp.;ACE Ins Co. of the Midwest;Castle Key Indemnity Co.;First Liberty Insurance Corp.,Universal P&C Insurance Co.;Florida Family Insurance Co.;First Protective Insurance Co.;Cypress P&C Insurance Co.;Florida Peninsula Insurance Co;Tower Hill Insurance Exchange;Kin Interinsurance Network;Heritage P&C Insurance Co.;Florida Family Home Ins Co.;US Coastal P&C Insurance Co.;TypTap Insurance Co.;Homeowners Choice P&C Ins Co.;Edison Insurance Co.;Safe Harbor Insurance Co.;GeoVera Specialty Insurance Co;Florida Farm Bureau Cas Ins Co;Universal North America Ins Co;American Platinum P&C Ins Co.,2415464620.0952744,10,35.166819401784345,1610667307.798112,7192416.781976007,1,0.9811320754716981,5886829846.2139435,311486220.0,4366801344.19095,539937478.65,359958319.1,539937478.65,359958319.1,8002973716.435415,11443973716.435415,3441000000.0,1395853723.0,1395853723.0,0.0,False,15733878458.472952,15733878458.472952,0.0,1.0,11431938180.08288,4301940278.390072,2125000000.0,0.0,13,9464500000.0,9464500000.0,68
great_miami,baseline,,1926255N15314,"{""1926255N15314"": 0.8972834435895669}",170354720952.15982,152856470647.69373,17498250304.466087,30710366125.342773,81375889570.94328,0.0,32898439607.080807,7871775344.32687,30710366125.342773,81375889570.94328,5217157018.149454,12281093286.31663,19.311727566575378,4.620814322215042,18.027305585483052,47.76849688468324,3.0625256458930608,7.2091299951502315,32898439607.080807,7871775344.32687,5217157018.149454,27,17,10,Universal P&C Insurance Co.;Florida Family Insurance Co.;First Protective Insurance Co.;Cypress P&C Insurance Co.;Florida Peninsula Insurance Co;Tower Hill Insurance Exchange;Kin Interinsurance Network;Heritage P&C Insurance Co.;Florida Family Home Ins Co.;US Coastal P&C Insurance Co.;TypTap Insurance Co.;Homeowners Choice P&C Ins Co.;Edison Insurance Co.;Safe Harbor Insurance Co.;GeoVera Specialty Insurance Co;Universal North America Ins Co;Auto Club Insurance Co. of FL;American Platinum P&C Ins Co.;FL Farm Bureau General Ins Co.;Homesite Insurance Co.;State Farm FL Ins Co;AIG Property Casualty Co.;Foremost P&C Insurance Co.;ASI Preferred Insurance Corp.;ACE Ins Co. of the Midwest;Castle Key Indemnity Co.;First Liberty Insurance Corp.,Universal P&C Insurance Co.;Florida Family Insurance Co.;First Protective Insurance Co.;Cypress P&C Insurance Co.;Florida Peninsula Insurance Co;Tower Hill Insurance Exchange;Kin Interinsurance Network;Heritage P&C Insurance Co.;Florida Family Home Ins Co.;US Coastal P&C Insurance Co.;TypTap Insurance Co.;Homeowners Choice P&C Ins Co.;Edison Insurance Co.;Safe Harbor Insurance Co.;GeoVera Specialty Insurance Co;Universal North America Ins Co;American Platinum P&C Ins Co.,2730631773.6647177,10,34.45361965929429,1917513365.1019764,12607755.150930054,1,0.9811320754716981,6891245032.284078,319362300.0,4025360656.9588103,539937478.65,359958319.1,539937478.65,359958319.1,1776157018.149454,5217157018.149454,3441000000.0,1395853723.0,1395853723.0,0.0,False,10188399540.734095,10188399540.734095,0.0,1.0,7423915207.513319,2764484333.220775,2125000000.0,0.0,13,9464500000.0,9464500000.0,69
great_miami,baseline,,1926255N15314,"{""1926255N15314"": 0.7511180018828909}",170354720952.15985,127956497612.90378,42398223339.25608,38142140111.29995,60903362573.65914,0.0,23671054446.576096,5239940481.368545,38142140111.29995,60903362573.65914,12493158245.912848,29905065093.343216,13.895156127327729,3.07589977670185,22.389834515951737,35.75090976830776,7.3336143407620975,17.554585470948794,23671054446.576096,5239940481.368545,12493158245.912848,25,16,9,Universal P&C Insurance Co.;Florida Family Insurance Co.;First Protective Insurance Co.;Cypress P&C Insurance Co.;Florida Peninsula Insurance Co;Tower Hill Insurance Exchange;Kin Interinsurance Network;Heritage P&C Insurance Co.;Florida Family Home Ins Co.;US Coastal P&C Insurance Co.;TypTap Insurance Co.;Homeowners Choice P&C Ins Co.;Edison Insurance Co.;Safe Harbor Insurance Co.;GeoVera Specialty Insurance Co;Auto Club Insurance Co. of FL;American Platinum P&C Ins Co.;FL Farm Bureau General Ins Co.;Homesite Insurance Co.;State Farm FL Ins Co;AIG Property Casualty Co.;ASI Preferred Insurance Corp.;ACE Ins Co. of the Midwest;Castle Key Indemnity Co.;First Liberty Insurance Corp.,Universal P&C Insurance Co.;Florida Family Insurance Co.;First Protective Insurance Co.;Cypress P&C Insurance Co.;Florida Peninsula Insurance Co;Tower Hill Insurance Exchange;Kin Interinsurance Network;Heritage P&C Insurance Co.;Florida Family Home Ins Co.;US Coastal P&C Insurance Co.;TypTap Insurance Co.;Homeowners Choice P&C Ins Co.;Edison Insurance Co.;Safe Harbor Insurance Co.;GeoVera Specialty Insurance Co;American Platinum P&C Ins Co.,1675832369.2032673,9,34.139892835311265,1629322097.6098807,6480383.240295149,1,0.9811320754716981,5177724177.847488,322826880.0,3827202261.2717686,539937478.65,359958319.1,539937478.65,359958319.1,9052158245.912848,12493158245.912848,3441000000.0,1395853723.0,1395853723.0,0.0,False,3160704996.1967196,3160704996.1967196,0.0,1.0,2856803218.8542953,303901777.3424245,2115270879.504222,0.0,13,9464500000.0,9464500000.0,70
great_miami,baseline,,1926255N15314,"{""1926255N15314"": 0.6195681555601533}",170354720952.1598,105546360251.29428,64808360700.865524,28025652937.048237,49976770315.24914,0.0,23145825323.736362,4398111675.260537,28025652937.048237,49976770315.24914,19041606580.7603,45766754120.10524,13.586841147910622,2.581737477352122,16.451350910855357,29.33688601989725,11.17762189056545,26.865562553419213,23145825323.736362,4398111675.260537,19041606580.7603,24,16,8,Universal P&C Insurance Co.;Florida Family Insurance Co.;First Protective Insurance Co.;Cypress P&C Insurance Co.;Florida Peninsula Insurance Co;Tower Hill Insurance Exchange;Kin Interinsurance Network;Heritage P&C Insurance Co.;Florida Family Home Ins Co.;US Coastal P&C Insurance Co.;TypTap Insurance Co.;Homeowners Choice P&C Ins Co.;Edison Insurance Co.;Safe Harbor Insurance Co.;GeoVera Specialty Insurance Co;Auto Club Insurance Co. of FL;American Platinum P&C Ins Co.;FL Farm Bureau General Ins Co.;State Farm FL Ins Co;AIG Property Casualty Co.;ASI Preferred Insurance Corp.;ACE Ins Co. of the Midwest;Castle Key Indemnity Co.;First Liberty Insurance Corp.,Universal P&C Insurance Co.;Florida Family Insurance Co.;First Protective Insurance Co.;Cypress P&C Insurance Co.;Florida Peninsula Insurance Co;Tower Hill Insurance Exchange;Kin Interinsurance Network;Heritage P&C Insurance Co.;Florida Family Home Ins Co.;US Coastal P&C Insurance Co.;TypTap Insurance Co.;Homeowners Choice P&C Ins Co.;Edison Insurance Co.;Safe Harbor Insurance Co.;GeoVera Specialty Insurance Co;American Platinum P&C Ins Co.,1379043832.3322883,8,34.139892835311265,1307232928.8408117,2876467.2972729765,1,0.9811320754716981,4128551901.605565,322826880.0,3289371933.093719,539937478.65,359958319.1,539937478.65,359958319.1,15600606580.7603,19041606580.7603,3441000000.0,1395853723.0,1395853723.0,0.0,False,4589277052.208724,4589277052.208724,0.0,1.0,4589277052.208724,0.0,2108685890.1336293,0.0,13,9464500000.0,9464500000.0,71
great_miami,baseline,,1926255N15314,"{""1926255N15314"": 0.7805732753494328}",170354720952.1598,132974342504.86601,37380378447.29378,29705884383.322956,52695059449.21564,0.0,39925195019.39222,10648203652.935219,29705884383.322956,52695059449.21564,11026897798.817877,26353480648.475903,23.436506365212086,6.250606730133133,17.43766431437211,30.932550125225962,6.472904147995129,15.469768317061593,39925195019.39222,10648203652.935219,11026897798.817877,30,19,11,Universal P&C Insurance Co.;Florida Family Insurance Co.;First Protective Insurance Co.;Cypress P&C Insurance Co.;Florida Peninsula Insurance Co;Tower Hill Insurance Exchange;Kin Interinsurance Network;Heritage P&C Insurance Co.;Florida Family Home Ins Co.;US Coastal P&C Insurance Co.;TypTap Insurance Co.;Homeowners Choice P&C Ins Co.;Vault E&S Insurance Co.;Edison Insurance Co.;Safe Harbor Insurance Co.;GeoVera Specialty Insurance Co;Florida Farm Bureau Cas Ins Co;Universal North America Ins Co;Auto Club Insurance Co. of FL;American Platinum P&C Ins Co.;FL Farm Bureau General Ins Co.;Castle Key Insurance Co.;Homesite Insurance Co.;State Farm FL Ins Co;AIG Property Casualty Co.;Foremost P&C Insurance Co.;ASI Preferred Insurance Corp.;ACE Ins Co. of the Midwest;Castle Key Indemnity Co.;First Liberty Insurance Corp.,Universal P&C Insurance Co.;Florida Family Insurance Co.;First Protective Insurance Co.;Cypress P&C Insurance Co.;Florida Peninsula Insurance Co;Tower Hill Insurance Exchange;Kin Interinsurance Network;Heritage P&C Insurance Co.;Florida Family Home Ins Co.;US Coastal P&C Insurance Co.;TypTap Insurance Co.;Homeowners Choice P&C Ins Co.;Vault E&S Insurance Co.;Edison Insurance Co.;Safe Harbor Insurance Co.;GeoVera Specialty Insurance Co;Florida Farm Bureau Cas Ins Co;Universal North America Ins Co;American Platinum P&C Ins Co.,3389230298.232112,11,35.41856476294073,1712619197.9588792,16953379.837801076,1,0.9811320754716981,7116990150.436295,308706120.0,5191537096.113447,539937478.65,359958319.1,539937478.65,359958319.1,7585897798.817877,11026897798.817877,3441000000.0,1395853723.0,1395853723.0,0.0,True,19041728498.616867,17000000000.0,2041728498.616867,0.8927760944199382,12647630939.201488,4352369060.7985115,2125000000.0000002,0.0,13,9464500000.0,9464500000.0,72
great_miami,baseline,,1926255N15314,"{""1926255N15314"": 0.8113186630835375}",170354720952.15982,138211964452.87543,32142756499.284397,14510750512.691513,65521294357.69581,0.0,46645168154.27743,11534751428.210651,14510750512.691513,65521294357.69581,9496416473.756544,22646340025.52785,27.38120076365635,6.771019531328351,8.517962068551373,38.46168394481768,5.574495629283671,13.293638062362565,46645168154.27743,11534751428.210651,9496416473.756544,32,20,12,Universal P&C Insurance Co.;Florida Family Insurance Co.;First Protective Insurance Co.;Cypress P&C Insurance Co.;Florida Peninsula Insurance Co;Tower Hill Insurance Exchange;Kin Interinsurance Network;Heritage P&C Insurance Co.;Florida Family Home Ins Co.;US Coastal P&C Insurance Co.;TypTap Insurance Co.;Homeowners Choice P&C Ins Co.;Vault E&S Insurance Co.;Edison Insurance Co.;Safe Harbor Insurance Co.;Spinnaker Specialty Ins Co.;GeoVera Specialty Insurance Co;Florida Farm Bureau Cas Ins Co;Universal North America Ins Co;Auto Club Insurance Co. of FL;American Platinum P&C Ins Co.;FL Farm Bureau General Ins Co.;Castle Key Insurance Co.;Homesite Insurance Co.;State Farm FL Ins Co;AIG Property Casualty Co.;Foremost P&C Insurance Co.;ASI Preferred Insurance Corp.;Nationwide P&C Insurance Co.;ACE Ins Co. of the Midwest;Castle Key Indemnity Co.;First Liberty Insurance Corp.,Universal P&C Insurance Co.;Florida Family Insurance Co.;First Protective Insurance Co.;Cypress P&C Insurance Co.;Florida Peninsula Insurance Co;Tower Hill Insurance Exchange;Kin Interinsurance Network;Heritage P&C Insurance Co.;Florida Family Home Ins Co.;US Coastal P&C Insurance Co.;TypTap Insurance Co.;Homeowners Choice P&C Ins Co.;Vault E&S Insurance Co.;Edison Insurance Co.;Safe Harbor Insurance Co.;Spinnaker Specialty Ins Co.;GeoVera Specialty Insurance Co;Florida Farm Bureau Cas Ins Co;Universal North America Ins Co;American Platinum P&C Ins Co.,4652166426.49172,12,35.50755988575808,2294886688.4663763,16857643.271975137,1,0.9811320754716981,9150435630.024645,307723320.0,6332478764.8373575,539937478.65,359958319.1,539937478.65,359958319.1,6055416473.756544,9496416473.756544,3441000000.0,1395853723.0,1395853723.0,0.0,True,22695516044.069546,17000000000.0,5695516044.069546,0.7490466384192302,12894263296.175976,4105736703.824023,2147534017.770401,0.0,14,9464500000.0,9464500000.0,73
great_miami,baseline,,1926255N15314,"{""1926255N15314"": 0.6261246435800641}",170354720952.1598,106663288938.35233,63691432013.80747,18355831800.907375,37158708492.742516,0.0,39489588415.06709,11659160229.635368,18355831800.907375,37158708492.742516,18715229741.43585,44976202272.37161,23.18080073997881,6.844048796810025,10.775064934104286,21.812549887113306,10.986035277937258,26.40150036405633,39489588415.06709,11659160229.635368,18715229741.43585,27,18,9,Universal P&C Insurance Co.;Florida Family Insurance Co.;First Protective Insurance Co.;Cypress P&C Insurance Co.;Florida Peninsula Insurance Co;Tower Hill Insurance Exchange;Kin Interinsurance Network;Heritage P&C Insurance Co.;Florida Family Home Ins Co.;US Coastal P&C Insurance Co.;TypTap Insurance Co.;Homeowners Choice P&C Ins Co.;Edison Insurance Co.;Safe Harbor Insurance Co.;GeoVera Specialty Insurance Co;Florida Farm Bureau Cas Ins Co;Universal North America Ins Co;Auto Club Insurance Co. of FL;American Platinum P&C Ins Co.;FL Farm Bureau General Ins Co.;Homesite Insurance Co.;State Farm FL Ins Co;AIG Property Casualty Co.;ASI Preferred Insurance Corp.;ACE Ins Co. of the Midwest;Castle Key Indemnity Co.;First Liberty Insurance Corp.,Universal P&C Insurance Co.;Florida Family Insurance Co.;First Protective Insurance Co.;Cypress P&C Insurance Co.;Florida Peninsula Insurance Co;Tower Hill Insurance Exchange;Kin Interinsurance Network;Heritage P&C Insurance Co.;Florida Family Home Ins Co.;US Coastal P&C Insurance Co.;TypTap Insurance Co.;Homeowners Choice P&C Ins Co.;Edison Insurance Co.;Safe Harbor Insurance Co.;GeoVera Specialty Insurance Co;Florida Farm Bureau Cas Ins Co;Universal North America Ins Co;American Platinum P&C Ins Co.,3236792920.320052,9,35.166819401784345,1670663119.7013729,12531065.994915724,1,0.9811320754716981,6648569239.511891,311486220.0,6138862103.816033,539937478.65,359958319.1,539937478.65,359958319.1,15274229741.435848,18715229741.43585,3441000000.0,1395853723.0,1395853723.0,0.0,True,17696982084.53076,17000000000.0,696982084.5307617,0.9606157659423746,12611676816.70302,4388323183.296977,2124999999.9999998,0.0,13,9464500000.0,9464500000.0,74
great_miami,baseline,,1926255N15314,"{""1926255N15314"": 0.7734745087727868}",170354720952.1598,131765034105.59697,38589686846.56281,43339291442.685196,46616162122.9544,0.0,32397628926.2945,9411951613.662918,43339291442.685196,46616162122.9544,11380268840.0448,27209418006.518013,19.017746467614845,5.524913874447923,25.440616614819874,27.364173920396063,6.680336639006727,15.972212483714584,32397628926.2945,9411951613.662918,11380268840.0448,27,18,9,Universal P&C Insurance Co.;Florida Family Insurance Co.;First Protective Insurance Co.;Cypress P&C Insurance Co.;Florida Peninsula Insurance Co;Tower Hill Insurance Exchange;Kin Interinsurance Network;Heritage P&C Insurance Co.;Florida Family Home Ins Co.;US Coastal P&C Insurance Co.;TypTap Insurance Co.;Homeowners Choice P&C Ins Co.;Edison Insurance Co.;Safe Harbor Insurance Co.;GeoVera Specialty Insurance Co;Florida Farm Bureau Cas Ins Co;Universal North America Ins Co;Auto Club Insurance Co. of FL;American Platinum P&C Ins Co.;FL Farm Bureau General Ins Co.;Homesite Insurance Co.;State Farm FL Ins Co;AIG Property Casualty Co.;ASI Preferred Insurance Corp.;ACE Ins Co. of the Midwest;Castle Key Indemnity Co.;First Liberty Insurance Corp.,Universal P&C Insurance Co.;Florida Family Insurance Co.;First Protective Insurance Co.;Cypress P&C Insurance Co.;Florida Peninsula Insurance Co;Tower Hill Insurance Exchange;Kin Interinsurance Network;Heritage P&C Insurance Co.;Florida Family Home Ins Co.;US Coastal P&C Insurance Co.;TypTap Insurance Co.;Homeowners Choice P&C Ins Co.;Edison Insurance Co.;Safe Harbor Insurance Co.;GeoVera Specialty Insurance Co;Florida Farm Bureau Cas Ins Co;Universal North America Ins Co;American Platinum P&C Ins Co.,2440540867.2518687,9,35.166819401784345,1711060600.9630184,8253228.918439738,1,0.9811320754716981,6121311978.325153,311486220.0,4510571627.207263,539937478.65,359958319.1,539937478.65,359958319.1,7939268840.0448,11380268840.0448,3441000000.0,1395853723.0,1395853723.0,0.0,False,12492086405.308647,12492086405.308647,0.0,1.0,8699526518.033081,3792559887.275567,2125000000.0,0.0,13,9464500000.0,9464500000.0,75
great_miami,baseline,,1926255N15314,"{""1926255N15314"": 0.8713299469341184}",170354720952.15985,148435169967.22202,21919550984.937828,33018192528.134052,68772332015.24513,0.0,36723844857.62265,9920800566.220144,33018192528.134052,68772332015.24513,6509101757.7873955,15410449227.150434,21.557280392561402,5.823613522871591,19.382023781663463,40.370076996315376,3.82091069822205,9.046094608366092,36723844857.62265,9920800566.220144,6509101757.7873955,28,18,10,Universal P&C Insurance Co.;Florida Family Insurance Co.;First Protective Insurance Co.;Cypress P&C Insurance Co.;Florida Peninsula Insurance Co;Tower Hill Insurance Exchange;Kin Interinsurance Network;Heritage P&C Insurance Co.;Florida Family Home Ins Co.;US Coastal P&C Insurance Co.;TypTap Insurance Co.;Homeowners Choice P&C Ins Co.;Edison Insurance Co.;Safe Harbor Insurance Co.;GeoVera Specialty Insurance Co;Florida Farm Bureau Cas Ins Co;Universal North America Ins Co;Auto Club Insurance Co. of FL;American Platinum P&C Ins Co.;FL Farm Bureau General Ins Co.;Homesite Insurance Co.;State Farm FL Ins Co;AIG Property Casualty Co.;Foremost P&C Insurance Co.;ASI Preferred Insurance Corp.;ACE Ins Co. of the Midwest;Castle Key Indemnity Co.;First Liberty Insurance Corp.,Universal P&C Insurance Co.;Florida Family Insurance Co.;First Protective Insurance Co.;Cypress P&C Insurance Co.;Florida Peninsula Insurance Co;Tower Hill Insurance Exchange;Kin Interinsurance Network;Heritage P&C Insurance Co.;Florida Family Home Ins Co.;US Coastal P&C Insurance Co.;TypTap Insurance Co.;Homeowners Choice P&C Ins Co.;Edison Insurance Co.;Safe Harbor Insurance Co.;GeoVera Specialty Insurance Co;Florida Farm Bureau Cas Ins Co;Universal North America Ins Co;American Platinum P&C Ins Co.,2563417299.9670815,10,35.166819401784345,1752275355.3129108,11491019.413316242,1,0.9811320754716981,6766565290.13255,311486220.0,4462368955.020301,539937478.65,359958319.1,539937478.65,359958319.1,3068101757.7873955,6509101757.7873955,3441000000.0,1395853723.0,1395853723.0,0.0,False,15398791927.150879,15398791927.150879,0.0,1.0,11034078138.375643,4364713788.775237,2125000000.0,0.0,13,9464500000.0,9464500000.0,76
great_miami,baseline,,1926255N15314,"{""1926255N15314"": 0.7975365075718626}",170354720952.15982,135864109196.56476,34490611755.595055,15483726393.748175,49352302855.96261,0.0,54121951384.04828,16906128562.805708,15483726393.748175,49352302855.96261,10182481382.487926,24308130373.10712,31.770150590218847,9.924073995902587,9.089109070300683,28.970317100764152,5.977222894425944,14.269126348387784,54121951384.04828,16906128562.805708,10182481382.487926,35,22,13,Universal P&C Insurance Co.;Florida Family Insurance Co.;First Protective Insurance Co.;Cypress P&C Insurance Co.;Florida Peninsula Insurance Co;Tower Hill Insurance Exchange;Kin Interinsurance Network;Unique Insurance Co.;Heritage P&C Insurance Co.;Florida Family Home Ins Co.;US Coastal P&C Insurance Co.;TypTap Insurance Co.;Homeowners Choice P&C Ins Co.;Vault E&S Insurance Co.;Edison Insurance Co.;Safe Harbor Insurance Co.;Spinnaker Specialty Ins Co.;GeoVera Specialty Insurance Co;Florida Farm Bureau Cas Ins Co;Universal North America Ins Co;QBE Specialty Insurance Co.;Auto Club Insurance Co. of FL;American Platinum P&C Ins Co.;FL Farm Bureau General Ins Co.;Castle Key Insurance Co.;Homesite Insurance Co.;PURE Specialty Exchange;State Farm FL Ins Co;AIG Property Casualty Co.;Foremost P&C Insurance Co.;ASI Preferred Insurance Corp.;Nationwide P&C Insurance Co.;ACE Ins Co. of the Midwest;Castle Key Indemnity Co.;First Liberty Insurance Corp.,Universal P&C Insurance Co.;Florida Family Insurance Co.;First Protective Insurance Co.;Cypress P&C Insurance Co.;Florida Peninsula Insurance Co;Tower Hill Insurance Exchange;Kin Interinsurance Network;Unique Insurance Co.;Heritage P&C Insurance Co.;Florida Family Home Ins Co.;US Coastal P&C Insurance Co.;TypTap Insurance Co.;Homeowners Choice P&C Ins Co.;Vault E&S Insurance Co.;Edison Insurance Co.;Safe Harbor Insurance Co.;Spinnaker Specialty Ins Co.;GeoVera Specialty Insurance Co;Florida Farm Bureau Cas Ins Co;Universal North America Ins Co;QBE Specialty Insurance Co.;American Platinum P&C Ins Co.,5620454104.154486,13,35.89838321723671,3438978532.1822424,46867305.232884526,1,0.9811320754716981,13304889458.372358,303407340.0,11115174954.391766,539937478.65,359958319.1,539937478.65,359958319.1,6741481382.4879265,10182481382.487926,3441000000.0,1395853723.0,1395853723.0,0.0,True,20365032625.14813,17000000000.000002,3365032625.1481266,0.8347641917846595,12356333615.94206,4643666384.057941,2223392149.439863,0.0,14,9464500000.0,9464500000.0,77
great_miami,baseline,,1926255N15314,"{""1926255N15314"": 0.9617659694888262}",170354720952.15982,163841373353.55246,6513347598.607365,28984448036.94009,70526470114.45323,0.0,45696154208.69304,18634300993.466103,28984448036.94009,70526470114.45323,2007267374.3728318,4506080224.234531,26.82411966823376,10.938529257841417,17.014173645988773,41.399774376818684,1.1782869081371254,2.645116142980246,45696154208.69304,18634300993.466103,2007267374.3728318,32,20,12,Universal P&C Insurance Co.;Florida Family Insurance Co.;First Protective Insurance Co.;Cypress P&C Insurance Co.;Florida Peninsula Insurance Co;Tower Hill Insurance Exchange;Kin Interinsurance Network;Heritage P&C Insurance Co.;Florida Family Home Ins Co.;US Coastal P&C Insurance Co.;TypTap Insurance Co.;Homeowners Choice P&C Ins Co.;Vault E&S Insurance Co.;Edison Insurance Co.;Safe Harbor Insurance Co.;GeoVera Specialty Insurance Co;Florida Farm Bureau Cas Ins Co;Universal North America Ins Co;QBE Specialty Insurance Co.;Auto Club Insurance Co. of FL;American Platinum P&C Ins Co.;FL Farm Bureau General Ins Co.;Castle Key Insurance Co.;Homesite Insurance Co.;State Farm FL Ins Co;AIG Property Casualty Co.;Foremost P&C Insurance Co.;ASI Preferred Insurance Corp.;Nationwide P&C Insurance Co.;ACE Ins Co. of the Midwest;Castle Key Indemnity Co.;First Liberty Insurance Corp.,Universal P&C Insurance Co.;Florida Family Insurance Co.;First Protective Insurance Co.;Cypress P&C Insurance Co.;Florida Peninsula Insurance Co;Tower Hill Insurance Exchange;Kin Interinsurance Network;Heritage P&C Insurance Co.;Florida Family Home Ins Co.;US Coastal P&C Insurance Co.;TypTap Insurance Co.;Homeowners Choice P&C Ins Co.;Vault E&S Insurance Co.;Edison Insurance Co.;Safe Harbor Insurance Co.;GeoVera Specialty Insurance Co;Florida Farm Bureau Cas Ins Co;Universal North America Ins Co;QBE Specialty Insurance Co.;American Platinum P&C Ins Co.,4521776322.114695,12,35.71378625186174,2276035002.075036,27660416.593621165,1,0.9811320754716981,9567943688.79736,305445900.0,12203839120.151558,539937478.65,359958319.1,539937478.65,359958319.1,0.0,2007267374.3728318,2007267374.3728318,1395853723.0,1395853723.0,0.0,True,23708000929.656303,17000000000.0,6708000929.656303,0.7170575052042758,11778320828.728855,5221679171.271141,2222390395.9479766,0.0,14,9464500000.0,9464500000.0,78
great_miami,baseline,,1926255N15314,"{""1926255N15314"": 0.5221685319048178}",170354720952.1598,88953874542.64421,81400846409.5156,14747028811.010424,50704626551.80086,0.0,19922860132.81574,3579359047.017199,14747028811.010424,50704626551.80086,23890083573.852055,57510762835.66354,11.694926927449586,2.10112113536459,8.656659896823045,29.76414523084458,14.023728512085695,33.75941829743252,19922860132.81574,3579359047.017199,23890083573.852055,23,15,8,Universal P&C Insurance Co.;First Protective Insurance Co.;Cypress P&C Insurance Co.;Florida Peninsula Insurance Co;Tower Hill Insurance Exchange;Kin Interinsurance Network;Heritage P&C Insurance Co.;Florida Family Home Ins Co.;US Coastal P&C Insurance Co.;TypTap Insurance Co.;Homeowners Choice P&C Ins Co.;Edison Insurance Co.;Safe Harbor Insurance Co.;GeoVera Specialty Insurance Co;Auto Club Insurance Co. of FL;American Platinum P&C Ins Co.;FL Farm Bureau General Ins Co.;State Farm FL Ins Co;AIG Property Casualty Co.;ASI Preferred Insurance Corp.;ACE Ins Co. of the Midwest;Castle Key Indemnity Co.;First Liberty Insurance Corp.,Universal P&C Insurance Co.;First Protective Insurance Co.;Cypress P&C Insurance Co.;Florida Peninsula Insurance Co;Tower Hill Insurance Exchange;Kin Interinsurance Network;Heritage P&C Insurance Co.;Florida Family Home Ins Co.;US Coastal P&C Insurance Co.;TypTap Insurance Co.;Homeowners Choice P&C Ins Co.;Edison Insurance Co.;Safe Harbor Insurance Co.;GeoVera Specialty Insurance Co;American Platinum P&C Ins Co.,1326937009.6940536,8,33.69602015223382,1365580693.702477,7128016.819209062,1,0.9811320754716981,4290587141.2346525,327728700.0,2505531590.6359015,539937478.65,359958319.1,539937478.65,359958319.1,20449083573.852055,23890083573.852055,3441000000.0,1395853723.0,1395853723.0,0.0,False,1070987327.3316766,1070987327.3316766,0.0,1.0,1070987327.3316766,0.0,2116715270.1830664,0.0,13,9464500000.0,9464500000.0,79
great_miami,baseline,,1926255N15314,"{""1926255N15314"": 0.5858415221998873}",170354720952.15985,99800869036.55037,70553851915.60947,23142689848.22657,41922420248.64972,0.0,25929226290.753147,8806532648.920929,23142689848.22657,41922420248.64972,20720491978.51443,49833359937.095024,15.2207265791212,5.1695266205120545,13.585000591046523,24.608898429308958,12.163145149545516,29.252702630465734,25929226290.753147,8806532648.920929,20720491978.51443,25,16,9,Universal P&C Insurance Co.;Florida Family Insurance Co.;First Protective Insurance Co.;Cypress P&C Insurance Co.;Florida Peninsula Insurance Co;Tower Hill Insurance Exchange;Kin Interinsurance Network;Heritage P&C Insurance Co.;Florida Family Home Ins Co.;US Coastal P&C Insurance Co.;TypTap Insurance Co.;Homeowners Choice P&C Ins Co.;Edison Insurance Co.;Safe Harbor Insurance Co.;GeoVera Specialty Insurance Co;Auto Club Insurance Co. of FL;American Platinum P&C Ins Co.;FL Farm Bureau General Ins Co.;Homesite Insurance Co.;State Farm FL Ins Co;AIG Property Casualty Co.;ASI Preferred Insurance Corp.;ACE Ins Co. of the Midwest;Castle Key Indemnity Co.;First Liberty Insurance Corp.,Universal P&C Insurance Co.;Florida Family Insurance Co.;First Protective Insurance Co.;Cypress P&C Insurance Co.;Florida Peninsula Insurance Co;Tower Hill Insurance Exchange;Kin Interinsurance Network;Heritage P&C Insurance Co.;Florida Family Home Ins Co.;US Coastal P&C Insurance Co.;TypTap Insurance Co.;Homeowners Choice P&C Ins Co.;Edison Insurance Co.;Safe Harbor Insurance Co.;GeoVera Specialty Insurance Co;American Platinum P&C Ins Co.,1573208072.7158875,9,34.139892835311265,1391773591.1254797,3399018.9786016345,1,0.9811320754716981,4386941325.263901,322826880.0,3905782928.6769915,539937478.65,359958319.1,539937478.65,359958319.1,17279491978.51443,20720491978.51443,3441000000.0,1395853723.0,1395853723.0,0.0,False,10239192835.305578,10239192835.305578,0.0,1.0,6462130381.771618,3777062453.53396,2121474873.1710334,0.0,13,9464500000.0,9464500000.0,80
great_miami,baseline,,1926255N15314,"{""1926255N15314"": 0.6827510592638072}",170354720952.1598,116309866180.67741,54044854771.48238,27095044386.22562,42876934106.71288,0.0,36689947862.27026,9647939825.468658,27095044386.22562,42876934106.71288,15896411112.162436,38148443659.31995,21.537382502345675,5.663441418907352,15.905073974342422,25.169208030785295,9.331359309159726,22.39353476445954,36689947862.27026,9647939825.468658,15896411112.162436,28,18,10,Universal P&C Insurance Co.;Florida Family Insurance Co.;First Protective Insurance Co.;Cypress P&C Insurance Co.;Florida Peninsula Insurance Co;Tower Hill Insurance Exchange;Kin Interinsurance Network;Heritage P&C Insurance Co.;Florida Family Home Ins Co.;US Coastal P&C Insurance Co.;TypTap Insurance Co.;Homeowners Choice P&C Ins Co.;Edison Insurance Co.;Safe Harbor Insurance Co.;GeoVera Specialty Insurance Co;Florida Farm Bureau Cas Ins Co;Universal North America Ins Co;Auto Club Insurance Co. of FL;American Platinum P&C Ins Co.;FL Farm Bureau General Ins Co.;Homesite Insurance Co.;State Farm FL Ins Co;AIG Property Casualty Co.;Foremost P&C Insurance Co.;ASI Preferred Insurance Corp.;ACE Ins Co. of the Midwest;Castle Key Indemnity Co.;First Liberty Insurance Corp.,Universal P&C Insurance Co.;Florida Family Insurance Co.;First Protective Insurance Co.;Cypress P&C Insurance Co.;Florida Peninsula Insurance Co;Tower Hill Insurance Exchange;Kin Interinsurance Network;Heritage P&C Insurance Co.;Florida Family Home Ins Co.;US Coastal P&C Insurance Co.;TypTap Insurance Co.;Homeowners Choice P&C Ins Co.;Edison Insurance Co.;Safe Harbor Insurance Co.;GeoVera Specialty Insurance Co;Florida Farm Bureau Cas Ins Co;Universal North America Ins Co;American Platinum P&C Ins Co.,2549135849.9898596,10,35.166819401784345,1523578904.1192188,5118938.66674513,1,0.9811320754716981,5635120845.713096,311486220.0,4681435410.5992155,539937478.65,359958319.1,539937478.65,359958319.1,12455411112.162436,15896411112.162436,3441000000.0,1395853723.0,1395853723.0,0.0,True,17377313138.327225,17000000000.0,377313138.32722473,0.9782870265774847,13148757964.776918,3851242035.223083,2125000000.0,0.0,13,9464500000.0,9464500000.0,81
great_miami,baseline,,1926255N15314,"{""1926255N15314"": 0.8302383801025753}",170354720952.15982,141435027566.14743,28919693386.01239,27391301854.554874,52048244594.18276,0.0,44907069872.783165,17088411244.626646,27391301854.554874,52048244594.18276,8554607776.35111,20365085609.661278,26.360918923634806,10.031075833481323,16.078980201697544,30.55286305144388,5.021644089777514,11.954517899964944,44907069872.783165,17088411244.626646,8554607776.35111,29,18,11,Universal P&C Insurance Co.;Florida Family Insurance Co.;First Protective Insurance Co.;Cypress P&C Insurance Co.;Florida Peninsula Insurance Co;Tower Hill Insurance Exchange;Kin Interinsurance Network;Heritage P&C Insurance Co.;Florida Family Home Ins Co.;US Coastal P&C Insurance Co.;TypTap Insurance Co.;Homeowners Choice P&C Ins Co.;Edison Insurance Co.;Safe Harbor Insurance Co.;GeoVera Specialty Insurance Co;Florida Farm Bureau Cas Ins Co;Universal North America Ins Co;Auto Club Insurance Co. of FL;American Platinum P&C Ins Co.;FL Farm Bureau General Ins Co.;Castle Key Insurance Co.;Homesite Insurance Co.;State Farm FL Ins Co;AIG Property Casualty Co.;ASI Preferred Insurance Corp.;Nationwide P&C Insurance Co.;ACE Ins Co. of the Midwest;Castle Key Indemnity Co.;First Liberty Insurance Corp.,Universal P&C Insurance Co.;Florida Family Insurance Co.;First Protective Insurance Co.;Cypress P&C Insurance Co.;Florida Peninsula Insurance Co;Tower Hill Insurance Exchange;Kin Interinsurance Network;Heritage P&C Insurance Co.;Florida Family Home Ins Co.;US Coastal P&C Insurance Co.;TypTap Insurance Co.;Homeowners Choice P&C Ins Co.;Edison Insurance Co.;Safe Harbor Insurance Co.;GeoVera Specialty Insurance Co;Florida Farm Bureau Cas Ins Co;Universal North America Ins Co;American Platinum P&C Ins Co.,3996084820.704369,11,35.166819401784345,2571190876.8684926,31390754.509085804,1,0.9811320754716981,9822932659.970695,311486220.0,11326070394.732061,539937478.65,359958319.1,539937478.65,359958319.1,5113607776.35111,8554607776.35111,3441000000.0,1395853723.0,1395853723.0,0.0,False,15609540721.52846,15609540721.52846,0.0,1.0,11041300912.35566,4568239809.1728,2169122951.53877,0.0,14,9464500000.0,9464500000.0,82
great_miami,baseline,,1926255N15314,"{""1926255N15314"": 0.5743109216172588}",170354720952.1598,97836576791.88585,72518144160.27394,18453932775.712387,34616877774.35678,0.0,35014501696.87543,9751264544.941282,18453932775.712387,34616877774.35678,21294476246.043396,51223667914.230545,20.55387810867211,5.724094108128474,10.832651230660494,20.320468714264827,12.500079907984151,30.06882793028996,35014501696.87543,9751264544.941282,21294476246.043396,28,18,10,Universal P&C Insurance Co.;Florida Family Insurance Co.;First Protective Insurance Co.;Cypress P&C Insurance Co.;Florida Peninsula Insurance Co;Tower Hill Insurance Exchange;Kin Interinsurance Network;Heritage P&C Insurance Co.;Florida Family Home Ins Co.;US Coastal P&C Insurance Co.;TypTap Insurance Co.;Homeowners Choice P&C Ins Co.;Edison Insurance Co.;Safe Harbor Insurance Co.;GeoVera Specialty Insurance Co;Florida Farm Bureau Cas Ins Co;Universal North America Ins Co;Auto Club Insurance Co. of FL;American Platinum P&C Ins Co.;FL Farm Bureau General Ins Co.;Homesite Insurance Co.;State Farm FL Ins Co;AIG Property Casualty Co.;Foremost P&C Insurance Co.;ASI Preferred Insurance Corp.;ACE Ins Co. of the Midwest;Castle Key Indemnity Co.;First Liberty Insurance Corp.,Universal P&C Insurance Co.;Florida Family Insurance Co.;First Protective Insurance Co.;Cypress P&C Insurance Co.;Florida Peninsula Insurance Co;Tower Hill Insurance Exchange;Kin Interinsurance Network;Heritage P&C Insurance Co.;Florida Family Home Ins Co.;US Coastal P&C Insurance Co.;TypTap Insurance Co.;Homeowners Choice P&C Ins Co.;Edison Insurance Co.;Safe Harbor Insurance Co.;GeoVera Specialty Insurance Co;Florida Farm Bureau Cas Ins Co;Universal North America Ins Co;American Platinum P&C Ins Co.,2678151043.5874324,10,35.166819401784345,1714230092.4301379,7481310.578235775,1,0.9811320754716981,5935522134.689782,311486220.0,4241980661.0445924,539937478.65,359958319.1,539937478.65,359958319.1,17853476246.043396,21294476246.043396,3441000000.0,1395853723.0,1395853723.0,0.0,False,15225303445.579926,15225303445.579926,0.0,1.0,10812911991.09532,4412391454.484606,2125000000.0,0.0,13,9464500000.0,9464500000.0,83
great_miami,baseline,,1926255N15314,"{""1926255N15314"": 0.8800082849129307}",170354720952.15982,149913565811.9311,20441155140.228725,20796803682.365685,70127510964.48813,0.0,45199489837.1559,13789761327.92138,20796803682.365685,70127510964.48813,6077100889.103947,14364054251.124783,26.532572496097206,8.094733888703862,12.207940916533792,41.165581189958225,3.5673216774606207,8.431849831246293,45199489837.1559,13789761327.92138,6077100889.103947,31,20,11,Universal P&C Insurance Co.;Florida Family Insurance Co.;First Protective Insurance Co.;Cypress P&C Insurance Co.;Florida Peninsula Insurance Co;Tower Hill Insurance Exchange;Kin Interinsurance Network;Heritage P&C Insurance Co.;Florida Family Home Ins Co.;US Coastal P&C Insurance Co.;TypTap Insurance Co.;Homeowners Choice P&C Ins Co.;Vault E&S Insurance Co.;Edison Insurance Co.;Safe Harbor Insurance Co.;Spinnaker Specialty Ins Co.;GeoVera Specialty Insurance Co;Florida Farm Bureau Cas Ins Co;Universal North America Ins Co;Auto Club Insurance Co. of FL;American Platinum P&C Ins Co.;FL Farm Bureau General Ins Co.;Castle Key Insurance Co.;Homesite Insurance Co.;State Farm FL Ins Co;AIG Property Casualty Co.;Foremost P&C Insurance Co.;ASI Preferred Insurance Corp.;ACE Ins Co. of the Midwest;Castle Key Indemnity Co.;First Liberty Insurance Corp.,Universal P&C Insurance Co.;Florida Family Insurance Co.;First Protective Insurance Co.;Cypress P&C Insurance Co.;Florida Peninsula Insurance Co;Tower Hill Insurance Exchange;Kin Interinsurance Network;Heritage P&C Insurance Co.;Florida Family Home Ins Co.;US Coastal P&C Insurance Co.;TypTap Insurance Co.;Homeowners Choice P&C Ins Co.;Vault E&S Insurance Co.;Edison Insurance Co.;Safe Harbor Insurance Co.;Spinnaker Specialty Ins Co.;GeoVera Specialty Insurance Co;Florida Farm Bureau Cas Ins Co;Universal North America Ins Co;American Platinum P&C Ins Co.,3948118679.173793,11,35.50755988575808,1810968757.8633528,28403097.08734309,1,0.9811320754716981,8567248701.775084,307723320.0,8846735718.385725,539937478.65,359958319.1,539937478.65,359958319.1,2636100889.1039467,6077100889.103947,3441000000.0,1395853723.0,1395853723.0,0.0,True,20526673243.902245,17000000000.0,3526673243.9022446,0.8281907057223754,13216626248.532131,3783373751.4678707,2125000000.0000005,0.0,13,9464500000.0,9464500000.0,84
great_miami,baseline,,1926255N15314,"{""1926255N15314"": 0.6240177399067002}",170354720952.15982,106304367951.00336,64050353001.156456,26565915796.670994,39033218765.45918,0.0,29233262356.48494,11471971032.388256,26565915796.670994,39033218765.45918,18820109756.405045,45230243244.75141,17.160230249618046,6.734166783443526,15.594469967246411,22.912906990362046,11.04760094185487,26.550625067475103,29233262356.48494,11471971032.388256,18820109756.405045,27,18,9,Universal P&C Insurance Co.;Florida Family Insurance Co.;First Protective Insurance Co.;Cypress P&C Insurance Co.;Florida Peninsula Insurance Co;Tower Hill Insurance Exchange;Kin Interinsurance Network;Heritage P&C Insurance Co.;Florida Family Home Ins Co.;US Coastal P&C Insurance Co.;TypTap Insurance Co.;Homeowners Choice P&C Ins Co.;Edison Insurance Co.;Safe Harbor Insurance Co.;GeoVera Specialty Insurance Co;Florida Farm Bureau Cas Ins Co;Universal North America Ins Co;Auto Club Insurance Co. of FL;American Platinum P&C Ins Co.;FL Farm Bureau General Ins Co.;Homesite Insurance Co.;State Farm FL Ins Co;AIG Property Casualty Co.;ASI Preferred Insurance Corp.;ACE Ins Co. of the Midwest;Castle Key Indemnity Co.;First Liberty Insurance Corp.,Universal P&C Insurance Co.;Florida Family Insurance Co.;First Protective Insurance Co.;Cypress P&C Insurance Co.;Florida Peninsula Insurance Co;Tower Hill Insurance Exchange;Kin Interinsurance Network;Heritage P&C Insurance Co.;Florida Family Home Ins Co.;US Coastal P&C Insurance Co.;TypTap Insurance Co.;Homeowners Choice P&C Ins Co.;Edison Insurance Co.;Safe Harbor Insurance Co.;GeoVera Specialty Insurance Co;Florida Farm Bureau Cas Ins Co;Universal North America Ins Co;American Platinum P&C Ins Co.,1980675451.430297,9,35.166819401784345,1186459391.6170938,9062472.192355417,1,0.9811320754716981,4438382518.391957,311486220.0,5729689138.086095,539937478.65,359958319.1,539937478.65,359958319.1,15379109756.405045,18820109756.405045,3441000000.0,1395853723.0,1395853723.0,0.0,False,13256140040.796152,13256140040.796152,0.0,1.0,8687900231.623352,4568239809.1728,2125000000.0,0.0,13,9464500000.0,9464500000.0,85
great_miami,baseline,,1926255N15314,"{""1926255N15314"": 0.7776307324082208}",170354720952.15985,132473066423.22615,37881654528.93369,20410558404.311493,52671215570.05371,0.0,46041445903.39031,13349846545.470633,20410558404.311493,52671215570.05371,11173375282.161509,26708279246.772167,27.026809498469945,7.836499317925933,11.981210905240086,30.91855351918612,6.5588879601988195,15.67803879897908,46041445903.39031,13349846545.470633,11173375282.161509,31,19,12,Universal P&C Insurance Co.;Florida Family Insurance Co.;First Protective Insurance Co.;Cypress P&C Insurance Co.;Florida Peninsula Insurance Co;Tower Hill Insurance Exchange;Kin Interinsurance Network;Heritage P&C Insurance Co.;Florida Family Home Ins Co.;US Coastal P&C Insurance Co.;TypTap Insurance Co.;Homeowners Choice P&C Ins Co.;Vault E&S Insurance Co.;Edison Insurance Co.;Safe Harbor Insurance Co.;GeoVera Specialty Insurance Co;Florida Farm Bureau Cas Ins Co;Universal North America Ins Co;Auto Club Insurance Co. of FL;American Platinum P&C Ins Co.;FL Farm Bureau General Ins Co.;Castle Key Insurance Co.;Homesite Insurance Co.;State Farm FL Ins Co;AIG Property Casualty Co.;Foremost P&C Insurance Co.;ASI Preferred Insurance Corp.;Nationwide P&C Insurance Co.;ACE Ins Co. of the Midwest;Castle Key Indemnity Co.;First Liberty Insurance Corp.,Universal P&C Insurance Co.;Florida Family Insurance Co.;First Protective Insurance Co.;Cypress P&C Insurance Co.;Florida Peninsula Insurance Co;Tower Hill Insurance Exchange;Kin Interinsurance Network;Heritage P&C Insurance Co.;Florida Family Home Ins Co.;US Coastal P&C Insurance Co.;TypTap Insurance Co.;Homeowners Choice P&C Ins Co.;Vault E&S Insurance Co.;Edison Insurance Co.;Safe Harbor Insurance Co.;GeoVera Specialty Insurance Co;Florida Farm Bureau Cas Ins Co;Universal North America Ins Co;American Platinum P&C Ins Co.,4254895354.0825405,12,35.41856476294073,2298846673.116983,33513536.941277437,1,0.9811320754716981,9427965668.082474,308706120.0,7895275152.207617,539937478.65,359958319.1,539937478.65,359958319.1,7732375282.161509,11173375282.161509,3441000000.0,1395853723.0,1395853723.0,0.0,True,18842528111.475,17000000000.0,1842528111.4749985,0.9022143896734903,12677441507.05282,4322558492.947179,2124999999.9999995,0.0,13,9464500000.0,9464500000.0,86
great_miami,baseline,,1926255N15314,"{""1926255N15314"": 0.8046520648887822}",170354720952.15982,137076277977.70769,33278442974.45212,38213656558.139694,59931399516.07895,0.0,30780905919.463825,8150315984.025221,38213656558.139694,59931399516.07895,9828274511.358809,23450168463.09331,18.06871318119087,4.784320586169167,22.431815417003392,35.18035730451479,5.769299762534231,13.765493748587543,30780905919.463825,8150315984.025221,9828274511.358809,26,17,9,Universal P&C Insurance Co.;Florida Family Insurance Co.;First Protective Insurance Co.;Cypress P&C Insurance Co.;Florida Peninsula Insurance Co;Tower Hill Insurance Exchange;Kin Interinsurance Network;Heritage P&C Insurance Co.;Florida Family Home Ins Co.;US Coastal P&C Insurance Co.;TypTap Insurance Co.;Homeowners Choice P&C Ins Co.;Edison Insurance Co.;Safe Harbor Insurance Co.;GeoVera Specialty Insurance Co;Universal North America Ins Co;Auto Club Insurance Co. of FL;American Platinum P&C Ins Co.;FL Farm Bureau General Ins Co.;Homesite Insurance Co.;State Farm FL Ins Co;AIG Property Casualty Co.;ASI Preferred Insurance Corp.;ACE Ins Co. of the Midwest;Castle Key Indemnity Co.;First Liberty Insurance Corp.,Universal P&C Insurance Co.;Florida Family Insurance Co.;First Protective Insurance Co.;Cypress P&C Insurance Co.;Florida Peninsula Insurance Co;Tower Hill Insurance Exchange;Kin Interinsurance Network;Heritage P&C Insurance Co.;Florida Family Home Ins Co.;US Coastal P&C Insurance Co.;TypTap Insurance Co.;Homeowners Choice P&C Ins Co.;Edison Insurance Co.;Safe Harbor Insurance Co.;GeoVera Specialty Insurance Co;Universal North America Ins Co;American Platinum P&C Ins Co.,2094567130.7424269,9,34.45361965929429,1459027327.4446623,2584512.687549766,1,0.9811320754716981,4981467994.776994,319362300.0,4570616356.049729,539937478.65,359958319.1,539937478.65,359958319.1,6387274511.3588085,9828274511.358809,3441000000.0,1395853723.0,1395853723.0,0.0,False,12188267343.545582,12188267343.545582,0.0,1.0,9740906845.869106,2447360497.6764765,2121878432.16465,0.0,13,9464500000.0,9464500000.0,87
great_miami,baseline,,1926255N15314,"{""1926255N15314"": 0.7146620707116763}",170354720952.15982,121746057631.18033,48608663320.979485,12916428133.795015,62464288084.10602,0.0,35867008200.99929,10498333212.280005,12916428133.795015,62464288084.10602,14307905951.415798,34300757369.563686,21.054308328250972,6.162631216559134,7.582078184626474,36.667189341731046,8.398890193030718,20.134902735801646,35867008200.99929,10498333212.280005,14307905951.415798,27,18,9,Universal P&C Insurance Co.;Florida Family Insurance Co.;First Protective Insurance Co.;Cypress P&C Insurance Co.;Florida Peninsula Insurance Co;Tower Hill Insurance Exchange;Kin Interinsurance Network;Heritage P&C Insurance Co.;Florida Family Home Ins Co.;US Coastal P&C Insurance Co.;TypTap Insurance Co.;Homeowners Choice P&C Ins Co.;Edison Insurance Co.;Safe Harbor Insurance Co.;GeoVera Specialty Insurance Co;Florida Farm Bureau Cas Ins Co;Universal North America Ins Co;Auto Club Insurance Co. of FL;American Platinum P&C Ins Co.;FL Farm Bureau General Ins Co.;Homesite Insurance Co.;State Farm FL Ins Co;AIG Property Casualty Co.;ASI Preferred Insurance Corp.;ACE Ins Co. of the Midwest;Castle Key Indemnity Co.;First Liberty Insurance Corp.,Universal P&C Insurance Co.;Florida Family Insurance Co.;First Protective Insurance Co.;Cypress P&C Insurance Co.;Florida Peninsula Insurance Co;Tower Hill Insurance Exchange;Kin Interinsurance Network;Heritage P&C Insurance Co.;Florida Family Home Ins Co.;US Coastal P&C Insurance Co.;TypTap Insurance Co.;Homeowners Choice P&C Ins Co.;Edison Insurance Co.;Safe Harbor Insurance Co.;GeoVera Specialty Insurance Co;Florida Farm Bureau Cas Ins Co;Universal North America Ins Co;American Platinum P&C Ins Co.,2964980489.437712,9,35.166819401784345,1780674374.9637303,16797497.901471257,1,0.9811320754716981,5888000931.90869,311486220.0,4819299604.260584,539937478.65,359958319.1,539937478.65,359958319.1,10866905951.415798,14307905951.415798,3441000000.0,1395853723.0,1395853723.0,0.0,False,15716393695.536165,15716393695.536165,0.0,1.0,11148153886.363365,4568239809.1728,2124999999.9999998,0.0,13,9464500000.0,9464500000.0,88
great_miami,baseline,,1926255N15314,"{""1926255N15314"": 0.7464243603651702}",170354720952.15982,127156913621.90297,43197807330.25685,18286659894.26812,50586690022.05177,0.0,41851399036.23332,16432164669.349745,18286659894.26812,50586690022.05177,12726804045.130907,30471003285.125935,24.567208236034926,9.645852241432356,10.734460302631417,29.694915256418327,7.470766864573678,17.886797098909287,41851399036.23332,16432164669.349745,12726804045.130907,29,19,10,Universal P&C Insurance Co.;Florida Family Insurance Co.;First Protective Insurance Co.;Cypress P&C Insurance Co.;Florida Peninsula Insurance Co;Tower Hill Insurance Exchange;Kin Interinsurance Network;Heritage P&C Insurance Co.;Florida Family Home Ins Co.;US Coastal P&C Insurance Co.;TypTap Insurance Co.;Homeowners Choice P&C Ins Co.;Vault E&S Insurance Co.;Edison Insurance Co.;Safe Harbor Insurance Co.;GeoVera Specialty Insurance Co;Florida Farm Bureau Cas Ins Co;Universal North America Ins Co;Auto Club Insurance Co. of FL;American Platinum P&C Ins Co.;FL Farm Bureau General Ins Co.;Homesite Insurance Co.;State Farm FL Ins Co;AIG Property Casualty Co.;Foremost P&C Insurance Co.;ASI Preferred Insurance Corp.;ACE Ins Co. of the Midwest;Castle Key Indemnity Co.;First Liberty Insurance Corp.,Universal P&C Insurance Co.;Florida Family Insurance Co.;First Protective Insurance Co.;Cypress P&C Insurance Co.;Florida Peninsula Insurance Co;Tower Hill Insurance Exchange;Kin Interinsurance Network;Heritage P&C Insurance Co.;Florida Family Home Ins Co.;US Coastal P&C Insurance Co.;TypTap Insurance Co.;Homeowners Choice P&C Ins Co.;Vault E&S Insurance Co.;Edison Insurance Co.;Safe Harbor Insurance Co.;GeoVera Specialty Insurance Co;Florida Farm Bureau Cas Ins Co;Universal North America Ins Co;American Platinum P&C Ins Co.,3606527399.9709053,10,35.41856476294073,2159564933.9580965,12424849.413069628,1,0.9811320754716981,8155419568.355843,308706120.0,10387445382.88697,539937478.65,359958319.1,539937478.65,359958319.1,9285804045.130907,12726804045.130907,3441000000.0,1395853723.0,1395853723.0,0.0,True,21128706591.368828,17000000000.0,4128706591.368828,0.8045925540442015,12161275317.977146,4838724682.022855,2125000000.0,0.0,13,9464500000.0,9464500000.0,89
great_miami,baseline,,1926255N15314,"{""1926255N15314"": 0.8337345046067588}",170354720952.15982,142030608880.47162,28324112071.68819,27750906985.959152,50381712705.99101,0.0,52746895373.90077,11151093814.620676,27750906985.959152,50381712705.99101,8380573436.305798,19943538635.382397,30.962978354273794,6.545808506094882,16.29007216873805,29.574591431569157,4.919484114948178,11.707065424375926,52746895373.90077,11151093814.620676,8380573436.305798,35,22,13,Universal P&C Insurance Co.;Florida Family Insurance Co.;First Protective Insurance Co.;Cypress P&C Insurance Co.;Florida Peninsula Insurance Co;Tower Hill Insurance Exchange;Kin Interinsurance Network;Unique Insurance Co.;Heritage P&C Insurance Co.;Florida Family Home Ins Co.;US Coastal P&C Insurance Co.;TypTap Insurance Co.;Homeowners Choice P&C Ins Co.;Vault E&S Insurance Co.;Edison Insurance Co.;Safe Harbor Insurance Co.;Spinnaker Specialty Ins Co.;GeoVera Specialty Insurance Co;Florida Farm Bureau Cas Ins Co;Universal North America Ins Co;QBE Specialty Insurance Co.;Auto Club Insurance Co. of FL;American Platinum P&C Ins Co.;FL Farm Bureau General Ins Co.;Castle Key Insurance Co.;Homesite Insurance Co.;PURE Specialty Exchange;State Farm FL Ins Co;AIG Property Casualty Co.;Foremost P&C Insurance Co.;ASI Preferred Insurance Corp.;Nationwide P&C Insurance Co.;ACE Ins Co. of the Midwest;Castle Key Indemnity Co.;First Liberty Insurance Corp.,Universal P&C Insurance Co.;Florida Family Insurance Co.;First Protective Insurance Co.;Cypress P&C Insurance Co.;Florida Peninsula Insurance Co;Tower Hill Insurance Exchange;Kin Interinsurance Network;Unique Insurance Co.;Heritage P&C Insurance Co.;Florida Family Home Ins Co.;US Coastal P&C Insurance Co.;TypTap Insurance Co.;Homeowners Choice P&C Ins Co.;Vault E&S Insurance Co.;Edison Insurance Co.;Safe Harbor Insurance Co.;Spinnaker Specialty Ins Co.;GeoVera Specialty Insurance Co;Florida Farm Bureau Cas Ins Co;Universal North America Ins Co;QBE Specialty Insurance Co.;American Platinum P&C Ins Co.,5778984945.175307,13,35.89838321723671,2923060497.053498,26708109.36872767,1,0.9811320754716981,11176931121.409437,303407340.0,5931899756.1834955,539937478.65,359958319.1,539937478.65,359958319.1,4939573436.305798,8380573436.305798,3441000000.0,1395853723.0,1395853723.0,0.0,True,18682947283.50022,17000000000.0,1682947283.5002213,0.9099206748291524,12843264150.056087,4156735849.9439125,2355580266.233314,0.0,14,9464500000.0,9464500000.0,90
great_miami,baseline,,1926255N15314,"{""1926255N15314"": 0.7086664081349001}",170354720952.15982,120724668205.99034,49630052746.16948,28059115404.216747,44514901048.61674,0.0,38857512635.99555,9293139117.161293,28059115404.216747,44514901048.61674,14606365339.356644,35023687406.81284,22.809765657687752,5.455169698391309,16.47099372848992,26.130711728921042,8.574088970189738,20.559270216320236,38857512635.99555,9293139117.161293,14606365339.356644,29,18,11,Universal P&C Insurance Co.;Florida Family Insurance Co.;First Protective Insurance Co.;Cypress P&C Insurance Co.;Florida Peninsula Insurance Co;Tower Hill Insurance Exchange;Kin Interinsurance Network;Heritage P&C Insurance Co.;Florida Family Home Ins Co.;US Coastal P&C Insurance Co.;TypTap Insurance Co.;Homeowners Choice P&C Ins Co.;Edison Insurance Co.;Safe Harbor Insurance Co.;GeoVera Specialty Insurance Co;Florida Farm Bureau Cas Ins Co;Universal North America Ins Co;Auto Club Insurance Co. of FL;American Platinum P&C Ins Co.;FL Farm Bureau General Ins Co.;Castle Key Insurance Co.;Homesite Insurance Co.;State Farm FL Ins Co;AIG Property Casualty Co.;Foremost P&C Insurance Co.;ASI Preferred Insurance Corp.;ACE Ins Co. of the Midwest;Castle Key Indemnity Co.;First Liberty Insurance Corp.,Universal P&C Insurance Co.;Florida Family Insurance Co.;First Protective Insurance Co.;Cypress P&C Insurance Co.;Florida Peninsula Insurance Co;Tower Hill Insurance Exchange;Kin Interinsurance Network;Heritage P&C Insurance Co.;Florida Family Home Ins Co.;US Coastal P&C Insurance Co.;TypTap Insurance Co.;Homeowners Choice P&C Ins Co.;Edison Insurance Co.;Safe Harbor Insurance Co.;GeoVera Specialty Insurance Co;Florida Farm Bureau Cas Ins Co;Universal North America Ins Co;American Platinum P&C Ins Co.,2592415918.6898346,11,35.166819401784345,1695599970.3767366,13482861.638981484,1,0.9811320754716981,6421787777.886532,311486220.0,4738724555.156867,539937478.65,359958319.1,539937478.65,359958319.1,11165365339.356644,14606365339.356644,3441000000.0,1395853723.0,1395853723.0,0.0,True,17569644038.18528,17000000000.0,569644038.1852798,0.9675779408537114,13549937753.692595,3450062246.307404,2125000000.0,0.0,13,9464500000.0,9464500000.0,91
great_miami,baseline,,1926255N15314,"{""1926255N15314"": 0.7760698282447329}",170354720952.15982,132207159030.02208,38147561922.13773,27354455133.766033,86170010789.25502,0.0,15481201284.146244,3201491822.854792,27354455133.766033,86170010789.25502,11251075869.09471,26896486053.04302,9.08762680459779,1.8793091291868906,16.057350791850318,50.5826960988383,6.604499016058566,15.788518159468135,15481201284.146244,3201491822.854792,11251075869.09471,21,14,7,Universal P&C Insurance Co.;First Protective Insurance Co.;Cypress P&C Insurance Co.;Florida Peninsula Insurance Co;Tower Hill Insurance Exchange;Kin Interinsurance Network;Heritage P&C Insurance Co.;Florida Family Home Ins Co.;US Coastal P&C Insurance Co.;TypTap Insurance Co.;Homeowners Choice P&C Ins Co.;Edison Insurance Co.;Safe Harbor Insurance Co.;GeoVera Specialty Insurance Co;FL Farm Bureau General Ins Co.;State Farm FL Ins Co;AIG Property Casualty Co.;ASI Preferred Insurance Corp.;ACE Ins Co. of the Midwest;Castle Key Indemnity Co.;First Liberty Insurance Corp.,Universal P&C Insurance Co.;First Protective Insurance Co.;Cypress P&C Insurance Co.;Florida Peninsula Insurance Co;Tower Hill Insurance Exchange;Kin Interinsurance Network;Heritage P&C Insurance Co.;Florida Family Home Ins Co.;US Coastal P&C Insurance Co.;TypTap Insurance Co.;Homeowners Choice P&C Ins Co.;Edison Insurance Co.;Safe Harbor Insurance Co.;GeoVera Specialty Insurance Co,806041513.2740258,7,33.538670472629846,883118621.3970761,0.0,0,1.0,2614158877.588715,329466360.0,2113902065.6435065,539937478.65,359958319.1,539937478.65,359958319.1,7810075869.094709,11251075869.09471,3441000000.0,1395853723.0,1395853723.0,0.0,False,90586589.9476186,90586589.9476186,0.0,1.0,90586589.9476186,0.0,2057765130.5864007,0.0,13,9464500000.0,9464500000.0,92
great_miami,baseline,,1926255N15314,"{""1926255N15314"": 0.5847354968409164}",170354720952.15982,99612452395.15686,70742268557.00296,16516497835.720665,41349135800.78603,0.0,31531793254.580956,10215025504.069197,16516497835.720665,41349135800.78603,20775549054.76888,49966719502.23408,18.509491887481023,5.996326633611669,9.695356690677766,24.272374472321186,12.195464228199,29.33098608770935,31531793254.580956,10215025504.069197,20775549054.76888,26,17,9,Universal P&C Insurance Co.;Florida Family Insurance Co.;First Protective Insurance Co.;Cypress P&C Insurance Co.;Florida Peninsula Insurance Co;Tower Hill Insurance Exchange;Kin Interinsurance Network;Heritage P&C Insurance Co.;Florida Family Home Ins Co.;US Coastal P&C Insurance Co.;TypTap Insurance Co.;Homeowners Choice P&C Ins Co.;Edison Insurance Co.;Safe Harbor Insurance Co.;GeoVera Specialty Insurance Co;Universal North America Ins Co;Auto Club Insurance Co. of FL;American Platinum P&C Ins Co.;FL Farm Bureau General Ins Co.;Homesite Insurance Co.;State Farm FL Ins Co;AIG Property Casualty Co.;ASI Preferred Insurance Corp.;ACE Ins Co. of the Midwest;Castle Key Indemnity Co.;First Liberty Insurance Corp.,Universal P&C Insurance Co.;Florida Family Insurance Co.;First Protective Insurance Co.;Cypress P&C Insurance Co.;Florida Peninsula Insurance Co;Tower Hill Insurance Exchange;Kin Interinsurance Network;Heritage P&C Insurance Co.;Florida Family Home Ins Co.;US Coastal P&C Insurance Co.;TypTap Insurance Co.;Homeowners Choice P&C Ins Co.;Edison Insurance Co.;Safe Harbor Insurance Co.;GeoVera Specialty Insurance Co;Universal North America Ins Co;American Platinum P&C Ins Co.,2096307222.7423983,9,34.45361965929429,1447903739.8421035,5886206.08888571,1,0.9811320754716981,4843968690.557128,319362300.0,4520968788.545817,539937478.65,359958319.1,539937478.65,359958319.1,17334549054.76888,20775549054.76888,3441000000.0,1395853723.0,1395853723.0,0.0,False,14502811124.46806,14502811124.46806,0.0,1.0,9934571315.29526,4568239809.1728,2125000000.0,0.0,13,9464500000.0,9464500000.0,93
great_miami,baseline,,1926255N15314,"{""1926255N15314"": 0.6739693187008606}",170354720952.1598,114813855217.60239,55540865734.55742,25890826243.851807,42026547911.23306,0.0,37025585618.6402,9870895443.87733,25890826243.851807,42026547911.23306,16333559280.510773,39207306454.046646,21.73440536997973,5.794318694959645,15.198185350626503,24.670022454520208,9.587969848571252,23.01509828134268,37025585618.6402,9870895443.87733,16333559280.510773,29,18,11,Universal P&C Insurance Co.;Florida Family Insurance Co.;First Protective Insurance Co.;Cypress P&C Insurance Co.;Florida Peninsula Insurance Co;Tower Hill Insurance Exchange;Kin Interinsurance Network;Heritage P&C Insurance Co.;Florida Family Home Ins Co.;US Coastal P&C Insurance Co.;TypTap Insurance Co.;Homeowners Choice P&C Ins Co.;Edison Insurance Co.;Safe Harbor Insurance Co.;GeoVera Specialty Insurance Co;Florida Farm Bureau Cas Ins Co;Universal North America Ins Co;Auto Club Insurance Co. of FL;American Platinum P&C Ins Co.;FL Farm Bureau General Ins Co.;Castle Key Insurance Co.;Homesite Insurance Co.;State Farm FL Ins Co;AIG Property Casualty Co.;Foremost P&C Insurance Co.;ASI Preferred Insurance Corp.;ACE Ins Co. of the Midwest;Castle Key Indemnity Co.;First Liberty Insurance Corp.,Universal P&C Insurance Co.;Florida Family Insurance Co.;First Protective Insurance Co.;Cypress P&C Insurance Co.;Florida Peninsula Insurance Co;Tower Hill Insurance Exchange;Kin Interinsurance Network;Heritage P&C Insurance Co.;Florida Family Home Ins Co.;US Coastal P&C Insurance Co.;TypTap Insurance Co.;Homeowners Choice P&C Ins Co.;Edison Insurance Co.;Safe Harbor Insurance Co.;GeoVera Specialty Insurance Co;Florida Farm Bureau Cas Ins Co;Universal North America Ins Co;American Platinum P&C Ins Co.,2665762053.5860376,11,35.166819401784345,1581569080.4673998,5299520.083968319,1,0.9811320754716981,5674691160.671683,311486220.0,4819252750.066093,539937478.65,359958319.1,539937478.65,359958319.1,12892559280.510773,16333559280.510773,3441000000.0,1395853723.0,1395853723.0,0.0,True,18077521959.515385,17000000000.0,1077521959.5153847,0.9403943769545131,13064658290.79898,3935341709.201015,2124999999.9999998,0.0,13,9464500000.0,9464500000.0,94
great_miami,baseline,,1926255N15314,"{""1926255N15314"": 0.5502263124215392}",170354720952.15982,93733649913.10724,76621071039.05258,21469665377.5495,42672479353.16028,0.0,23861109880.415127,5730395301.982306,21469665377.5495,42672479353.16028,22493389231.439274,54127681807.61331,14.006720651502208,3.3638018776078145,12.602917757459013,25.049190955584884,13.203854349158906,31.773514408687163,23861109880.415127,5730395301.982306,22493389231.439274,24,16,8,Universal P&C Insurance Co.;Florida Family Insurance Co.;First Protective Insurance Co.;Cypress P&C Insurance Co.;Florida Peninsula Insurance Co;Tower Hill Insurance Exchange;Kin Interinsurance Network;Heritage P&C Insurance Co.;Florida Family Home Ins Co.;US Coastal P&C Insurance Co.;TypTap Insurance Co.;Homeowners Choice P&C Ins Co.;Edison Insurance Co.;Safe Harbor Insurance Co.;GeoVera Specialty Insurance Co;Auto Club Insurance Co. of FL;American Platinum P&C Ins Co.;FL Farm Bureau General Ins Co.;State Farm FL Ins Co;AIG Property Casualty Co.;ASI Preferred Insurance Corp.;ACE Ins Co. of the Midwest;Castle Key Indemnity Co.;First Liberty Insurance Corp.,Universal P&C Insurance Co.;Florida Family Insurance Co.;First Protective Insurance Co.;Cypress P&C Insurance Co.;Florida Peninsula Insurance Co;Tower Hill Insurance Exchange;Kin Interinsurance Network;Heritage P&C Insurance Co.;Florida Family Home Ins Co.;US Coastal P&C Insurance Co.;TypTap Insurance Co.;Homeowners Choice P&C Ins Co.;Edison Insurance Co.;Safe Harbor Insurance Co.;GeoVera Specialty Insurance Co;American Platinum P&C Ins Co.,1501852301.7244458,8,34.139892835311265,1241785626.4118798,3619188.9701906815,1,0.9811320754716981,4176211873.4171724,322826880.0,4133848950.2947326,539937478.65,359958319.1,539937478.65,359958319.1,19052389231.439274,22493389231.439274,3441000000.0,1395853723.0,1395853723.0,0.0,False,5623778080.692174,5623778080.692174,0.0,1.0,5166958247.305497,456819833.3866767,2113487693.2158692,0.0,13,9464500000.0,9464500000.0,95
great_miami,baseline,,1926255N15314,"{""1926255N15314"": 0.6599551998249029}",170354720952.15985,112426483907.09824,57928237045.06161,21005794125.328644,41206674041.306076,0.0,42099337478.04852,8114678262.414963,21005794125.328644,41206674041.306076,17031171143.86844,40897065901.19316,24.712750690291195,4.7634008714638325,12.330620488778607,24.18874793195664,9.997475296649542,24.007004720860156,42099337478.04852,8114678262.414963,17031171143.86844,29,19,10,Universal P&C Insurance Co.;Florida Family Insurance Co.;First Protective Insurance Co.;Cypress P&C Insurance Co.;Florida Peninsula Insurance Co;Tower Hill Insurance Exchange;Kin Interinsurance Network;Heritage P&C Insurance Co.;Florida Family Home Ins Co.;US Coastal P&C Insurance Co.;TypTap Insurance Co.;Homeowners Choice P&C Ins Co.;Vault E&S Insurance Co.;Edison Insurance Co.;Safe Harbor Insurance Co.;GeoVera Specialty Insurance Co;Florida Farm Bureau Cas Ins Co;Universal North America Ins Co;Auto Club Insurance Co. of FL;American Platinum P&C Ins Co.;FL Farm Bureau General Ins Co.;Homesite Insurance Co.;State Farm FL Ins Co;AIG Property Casualty Co.;Foremost P&C Insurance Co.;ASI Preferred Insurance Corp.;ACE Ins Co. of the Midwest;Castle Key Indemnity Co.;First Liberty Insurance Corp.,Universal P&C Insurance Co.;Florida Family Insurance Co.;First Protective Insurance Co.;Cypress P&C Insurance Co.;Florida Peninsula Insurance Co;Tower Hill Insurance Exchange;Kin Interinsurance Network;Heritage P&C Insurance Co.;Florida Family Home Ins Co.;US Coastal P&C Insurance Co.;TypTap Insurance Co.;Homeowners Choice P&C Ins Co.;Vault E&S Insurance Co.;Edison Insurance Co.;Safe Harbor Insurance Co.;GeoVera Specialty Insurance Co;Florida Farm Bureau Cas Ins Co;Universal North America Ins Co;American Platinum P&C Ins Co.,3448037557.438285,10,35.41856476294073,2316126305.4378824,17165099.37686018,1,0.9811320754716981,7220625057.243832,308706120.0,4730901196.750925,539937478.65,359958319.1,539937478.65,359958319.1,13590171143.86844,17031171143.86844,3441000000.0,1395853723.0,1395853723.0,0.0,False,16867590665.11214,16867590665.11214,0.0,1.0,14573983697.889162,2293606967.2229776,2124999999.9999998,0.0,13,9464500000.0,9464500000.0,96
great_miami,baseline,,1926255N15314,"{""1926255N15314"": 0.7924576006971029}",170354720952.15982,134998893433.17308,35355827518.98674,12045243922.497242,67324119400.32605,0.0,44183366394.35355,11446163715.996227,12045243922.497242,67324119400.32605,10435305389.482733,24920522129.504005,25.93609742506721,6.719017619247909,7.070683955908606,39.51996106948658,6.125633226456487,14.628606703833208,44183366394.35355,11446163715.996227,10435305389.482733,30,19,11,Universal P&C Insurance Co.;Florida Family Insurance Co.;First Protective Insurance Co.;Cypress P&C Insurance Co.;Florida Peninsula Insurance Co;Tower Hill Insurance Exchange;Kin Interinsurance Network;Heritage P&C Insurance Co.;Florida Family Home Ins Co.;US Coastal P&C Insurance Co.;TypTap Insurance Co.;Homeowners Choice P&C Ins Co.;Vault E&S Insurance Co.;Edison Insurance Co.;Safe Harbor Insurance Co.;GeoVera Specialty Insurance Co;Florida Farm Bureau Cas Ins Co;Universal North America Ins Co;Auto Club Insurance Co. of FL;American Platinum P&C Ins Co.;FL Farm Bureau General Ins Co.;Castle Key Insurance Co.;Homesite Insurance Co.;State Farm FL Ins Co;AIG Property Casualty Co.;Foremost P&C Insurance Co.;ASI Preferred Insurance Corp.;ACE Ins Co. of the Midwest;Castle Key Indemnity Co.;First Liberty Insurance Corp.,Universal P&C Insurance Co.;Florida Family Insurance Co.;First Protective Insurance Co.;Cypress P&C Insurance Co.;Florida Peninsula Insurance Co;Tower Hill Insurance Exchange;Kin Interinsurance Network;Heritage P&C Insurance Co.;Florida Family Home Ins Co.;US Coastal P&C Insurance Co.;TypTap Insurance Co.;Homeowners Choice P&C Ins Co.;Vault E&S Insurance Co.;Edison Insurance Co.;Safe Harbor Insurance Co.;GeoVera Specialty Insurance Co;Florida Farm Bureau Cas Ins Co;Universal North America Ins Co;American Platinum P&C Ins Co.,3928013968.8476043,11,35.41856476294073,2310868012.973071,25998463.42649261,1,0.9811320754716981,8898297069.450542,308706120.0,6082345282.726523,539937478.65,359958319.1,539937478.65,359958319.1,6994305389.482733,10435305389.482733,3441000000.0,1395853723.0,1395853723.0,0.0,True,18224991600.734787,17000000000.0,1224991600.734787,0.9327850663763599,12738814126.377617,4261185873.6223803,2125000000.0000005,0.0,13,9464500000.0,9464500000.0,97
great_miami,baseline,,1926255N15314,"{""1926255N15314"": 0.46785266078723725}",170354720952.1598,79700909475.13528,90653811477.02452,10080083839.099644,31088530385.52396,0.0,29717713973.30449,8814581277.207197,10080083839.099644,31088530385.52396,26593885103.98149,64059926373.04303,17.44460840721287,5.174251249357844,5.91711446724767,18.249291954905352,15.610888242686139,37.60384567859014,29717713973.30449,8814581277.207197,26593885103.98149,26,17,9,Universal P&C Insurance Co.;Florida Family Insurance Co.;First Protective Insurance Co.;Cypress P&C Insurance Co.;Florida Peninsula Insurance Co;Tower Hill Insurance Exchange;Kin Interinsurance Network;Heritage P&C Insurance Co.;Florida Family Home Ins Co.;US Coastal P&C Insurance Co.;TypTap Insurance Co.;Homeowners Choice P&C Ins Co.;Edison Insurance Co.;Safe Harbor Insurance Co.;GeoVera Specialty Insurance Co;Universal North America Ins Co;Auto Club Insurance Co. of FL;American Platinum P&C Ins Co.;FL Farm Bureau General Ins Co.;Homesite Insurance Co.;State Farm FL Ins Co;AIG Property Casualty Co.;ASI Preferred Insurance Corp.;ACE Ins Co. of the Midwest;Castle Key Indemnity Co.;First Liberty Insurance Corp.,Universal P&C Insurance Co.;Florida Family Insurance Co.;First Protective Insurance Co.;Cypress P&C Insurance Co.;Florida Peninsula Insurance Co;Tower Hill Insurance Exchange;Kin Interinsurance Network;Heritage P&C Insurance Co.;Florida Family Home Ins Co.;US Coastal P&C Insurance Co.;TypTap Insurance Co.;Homeowners Choice P&C Ins Co.;Edison Insurance Co.;Safe Harbor Insurance Co.;GeoVera Specialty Insurance Co;Universal North America Ins Co;American Platinum P&C Ins Co.,1894513325.4792697,9,34.45361965929429,1389647163.9978812,765915.736408975,1,0.9811320754716981,4803274794.232423,319362300.0,4246392067.9541955,539937478.65,359958319.1,539937478.65,359958319.1,23152885103.98149,26593885103.98149,3441000000.0,1395853723.0,1395853723.0,0.0,False,12770207805.461607,12770207805.461607,0.0,1.0,9329274717.081285,3440933088.380322,2118044883.8371572,0.0,13,9464500000.0,9464500000.0,98
great_miami,baseline,,1926255N15314,"{""1926255N15314"": 0.6872392049289271}",170354720952.1598,117074442983.05156,53280277969.10824,16756616516.898106,47098321493.13654,0.0,38685863185.09043,14533641787.926485,16756616516.898106,47098321493.13654,15672994735.565521,37607283233.54272,22.709005637686126,8.531399486139234,9.836308863787705,27.647206505279666,9.200211563239813,22.075867943867465,38685863185.09043,14533641787.926485,15672994735.565521,28,19,9,Universal P&C Insurance Co.;Florida Family Insurance Co.;First Protective Insurance Co.;Cypress P&C Insurance Co.;Florida Peninsula Insurance Co;Tower Hill Insurance Exchange;Kin Interinsurance Network;Heritage P&C Insurance Co.;Florida Family Home Ins Co.;US Coastal P&C Insurance Co.;TypTap Insurance Co.;Homeowners Choice P&C Ins Co.;Vault E&S Insurance Co.;Edison Insurance Co.;Safe Harbor Insurance Co.;GeoVera Specialty Insurance Co;Florida Farm Bureau Cas Ins Co;Universal North America Ins Co;Auto Club Insurance Co. of FL;American Platinum P&C Ins Co.;FL Farm Bureau General Ins Co.;Homesite Insurance Co.;State Farm FL Ins Co;AIG Property Casualty Co.;ASI Preferred Insurance Corp.;ACE Ins Co. of the Midwest;Castle Key Indemnity Co.;First Liberty Insurance Corp.,Universal P&C Insurance Co.;Florida Family Insurance Co.;First Protective Insurance Co.;Cypress P&C Insurance Co.;Florida Peninsula Insurance Co;Tower Hill Insurance Exchange;Kin Interinsurance Network;Heritage P&C Insurance Co.;Florida Family Home Ins Co.;US Coastal P&C Insurance Co.;TypTap Insurance Co.;Homeowners Choice P&C Ins Co.;Vault E&S Insurance Co.;Edison Insurance Co.;Safe Harbor Insurance Co.;GeoVera Specialty Insurance Co;Florida Farm Bureau Cas Ins Co;Universal North America Ins Co;American Platinum P&C Ins Co.,2906695261.1980395,9,35.41856476294073,1801979479.8743849,12937258.175262868,1,0.9811320754716981,7125572189.228159,308706120.0,8571889441.95105,539937478.65,359958319.1,539937478.65,359958319.1,12231994735.565521,15672994735.565521,3441000000.0,1395853723.0,1395853723.0,0.0,True,17936894791.288414,17000000000.0,936894791.288414,0.9477671691677957,12232034467.86501,4767965532.134991,2125000000.0,0.0,13,9464500000.0,9464500000.0,99
great_miami,baseline,,1926255N15314,"{""1926255N15314"": 0.8323014865210252}",170354720952.1598,141786487484.35706,28568233467.80273,31264660125.162716,74231480189.58058,0.0,28480192422.597404,7810154747.016374,31264660125.162716,74231480189.58058,8451907954.43443,20116325513.368305,16.718170335059522,4.584642388167027,18.352681951175676,43.57465397770032,4.961358221946755,11.808493125950712,28480192422.597404,7810154747.016374,8451907954.43443,26,17,9,Universal P&C Insurance Co.;Florida Family Insurance Co.;First Protective Insurance Co.;Cypress P&C Insurance Co.;Florida Peninsula Insurance Co;Tower Hill Insurance Exchange;Kin Interinsurance Network;Heritage P&C Insurance Co.;Florida Family Home Ins Co.;US Coastal P&C Insurance Co.;TypTap Insurance Co.;Homeowners Choice P&C Ins Co.;Edison Insurance Co.;Safe Harbor Insurance Co.;GeoVera Specialty Insurance Co;Universal North America Ins Co;Auto Club Insurance Co. of FL;American Platinum P&C Ins Co.;FL Farm Bureau General Ins Co.;Homesite Insurance Co.;State Farm FL Ins Co;AIG Property Casualty Co.;ASI Preferred Insurance Corp.;ACE Ins Co. of the Midwest;Castle Key Indemnity Co.;First Liberty Insurance Corp.,Universal P&C Insurance Co.;Florida Family Insurance Co.;First Protective Insurance Co.;Cypress P&C Insurance Co.;Florida Peninsula Insurance Co;Tower Hill Insurance Exchange;Kin Interinsurance Network;Heritage P&C Insurance Co.;Florida Family Home Ins Co.;US Coastal P&C Insurance Co.;TypTap Insurance Co.;Homeowners Choice P&C Ins Co.;Edison Insurance Co.;Safe Harbor Insurance Co.;GeoVera Specialty Insurance Co;Universal North America Ins Co;American Platinum P&C Ins Co.,1913783538.7892087,9,34.45361965929429,1562922386.688533,6227643.849634483,1,0.9811320754716981,5388949432.372456,319362300.0,4151486207.300984,539937478.65,359958319.1,539937478.65,359958319.1,5010907954.43443,8451907954.43443,3441000000.0,1395853723.0,1395853723.0,0.0,False,9381199138.21996,9381199138.21996,0.0,1.0,6835679226.239928,2545519911.980032,2125000000.0000002,0.0,13,9464500000.0,9464500000.0,100
